{"type":"FeatureCollection","features":[{"type":"Feature","properties":{"name":"Alcorcón--piece--0-0--gCloud","number_of_ads_buy":0,"average_prize_buy":0,"number_of_ads_rent":0,"average_prize_rent":0,"normalized_prize_buy":0,"normalized_ads_buy":0,"normalized_prize_rent":null,"normalized_ads_rent":0,"date":"2018-12-03T14:49:39.000Z","fill-opacity":0,"fill":"#ff0000"},"bbox":[-3.85623,40.3583,-3.86149,40.3638],"geometry":{"type":"Polygon","coordinates":[[[-3.85623,40.3638],[-3.86149,40.3638],[-3.86149,40.3583],[-3.85623,40.3583],[-3.85623,40.3638]]]}},{"type":"Feature","properties":{"name":"Alcorcón--piece--0-1--gCloud","number_of_ads_buy":0,"average_prize_buy":0,"number_of_ads_rent":0,"average_prize_rent":0,"normalized_prize_buy":0,"normalized_ads_buy":0,"normalized_prize_rent":null,"normalized_ads_rent":0,"date":"2018-12-03T14:49:44.000Z","fill-opacity":0,"fill":"#ff0000"},"bbox":[-3.85623,40.3528,-3.86149,40.3583],"geometry":{"type":"Polygon","coordinates":[[[-3.85623,40.3583],[-3.86149,40.3583],[-3.86149,40.3528],[-3.85623,40.3528],[-3.85623,40.3583]]]}},{"type":"Feature","properties":{"name":"Alcorcón--piece--0-2--gCloud","number_of_ads_buy":0,"average_prize_buy":0,"number_of_ads_rent":0,"average_prize_rent":0,"normalized_prize_buy":0,"normalized_ads_buy":0,"normalized_prize_rent":null,"normalized_ads_rent":0,"date":"2018-12-03T14:49:55.000Z","fill-opacity":0,"fill":"#ff0000"},"bbox":[-3.85623,40.3473,-3.86149,40.3528],"geometry":{"type":"Polygon","coordinates":[[[-3.85623,40.3528],[-3.86149,40.3528],[-3.86149,40.3473],[-3.85623,40.3473],[-3.85623,40.3528]]]}},{"type":"Feature","properties":{"name":"Alcorcón--piece--0-3--gCloud","number_of_ads_buy":0,"average_prize_buy":0,"number_of_ads_rent":0,"average_prize_rent":0,"normalized_prize_buy":0,"normalized_ads_buy":0,"normalized_prize_rent":null,"normalized_ads_rent":0,"date":"2018-12-03T14:50:00.000Z","fill-opacity":0,"fill":"#ff0000"},"bbox":[-3.85623,40.3418,-3.86149,40.3473],"geometry":{"type":"Polygon","coordinates":[[[-3.85623,40.3473],[-3.86149,40.3473],[-3.86149,40.3418],[-3.85623,40.3418],[-3.85623,40.3473]]]}},{"type":"Feature","properties":{"name":"Alcorcón--piece--0-4--gCloud","number_of_ads_buy":5,"average_prize_buy":2198.79,"number_of_ads_rent":0,"average_prize_rent":0,"normalized_prize_buy":0.7207658745898388,"normalized_ads_buy":0.16666666666666666,"normalized_prize_rent":null,"normalized_ads_rent":0,"date":"2018-12-03T14:50:09.000Z","fill-opacity":0.576612699671871,"fill":"#ff0000"},"bbox":[-3.85623,40.3362,-3.86149,40.3418],"geometry":{"type":"Polygon","coordinates":[[[-3.85623,40.3418],[-3.86149,40.3418],[-3.86149,40.3362],[-3.85623,40.3362],[-3.85623,40.3418]]]}},{"type":"Feature","properties":{"name":"Alcorcón--piece--0-5--gCloud","number_of_ads_buy":15,"average_prize_buy":1760.21,"number_of_ads_rent":1,"average_prize_rent":9.04255,"normalized_prize_buy":0.5769988494179891,"normalized_ads_buy":0.5,"normalized_prize_rent":null,"normalized_ads_rent":0.03333333333333333,"date":"2018-12-03T14:50:22.000Z","fill-opacity":0.4615990795343913,"fill":"#ff0000"},"bbox":[-3.85623,40.3307,-3.86149,40.3362],"geometry":{"type":"Polygon","coordinates":[[[-3.85623,40.3362],[-3.86149,40.3362],[-3.86149,40.3307],[-3.85623,40.3307],[-3.85623,40.3362]]]}},{"type":"Feature","properties":{"name":"Alcorcón--piece--0-6--gCloud","number_of_ads_buy":23,"average_prize_buy":1584.39,"number_of_ads_rent":0,"average_prize_rent":0,"normalized_prize_buy":0.5193648525058758,"normalized_ads_buy":0.7666666666666667,"normalized_prize_rent":null,"normalized_ads_rent":0,"date":"2018-12-03T14:50:29.000Z","fill-opacity":0.41549188200470066,"fill":"#ff0000"},"bbox":[-3.85623,40.3252,-3.86149,40.3307],"geometry":{"type":"Polygon","coordinates":[[[-3.85623,40.3307],[-3.86149,40.3307],[-3.86149,40.3252],[-3.85623,40.3252],[-3.85623,40.3307]]]}},{"type":"Feature","properties":{"name":"Alcorcón--piece--1-0--gCloud","number_of_ads_buy":0,"average_prize_buy":0,"number_of_ads_rent":0,"average_prize_rent":0,"normalized_prize_buy":0,"normalized_ads_buy":0,"normalized_prize_rent":null,"normalized_ads_rent":0,"date":"2018-12-03T14:50:34.000Z","fill-opacity":0,"fill":"#ff0000"},"bbox":[-3.85097,40.3583,-3.85623,40.3638],"geometry":{"type":"Polygon","coordinates":[[[-3.85097,40.3638],[-3.85623,40.3638],[-3.85623,40.3583],[-3.85097,40.3583],[-3.85097,40.3638]]]}},{"type":"Feature","properties":{"name":"Alcorcón--piece--1-1--gCloud","number_of_ads_buy":0,"average_prize_buy":0,"number_of_ads_rent":0,"average_prize_rent":0,"normalized_prize_buy":0,"normalized_ads_buy":0,"normalized_prize_rent":null,"normalized_ads_rent":0,"date":"2018-12-03T14:50:43.000Z","fill-opacity":0,"fill":"#ff0000"},"bbox":[-3.85097,40.3528,-3.85623,40.3583],"geometry":{"type":"Polygon","coordinates":[[[-3.85097,40.3583],[-3.85623,40.3583],[-3.85623,40.3528],[-3.85097,40.3528],[-3.85097,40.3583]]]}},{"type":"Feature","properties":{"name":"Alcorcón--piece--1-2--gCloud","number_of_ads_buy":0,"average_prize_buy":0,"number_of_ads_rent":0,"average_prize_rent":0,"normalized_prize_buy":0,"normalized_ads_buy":0,"normalized_prize_rent":null,"normalized_ads_rent":0,"date":"2018-12-03T14:50:48.000Z","fill-opacity":0,"fill":"#ff0000"},"bbox":[-3.85097,40.3473,-3.85623,40.3528],"geometry":{"type":"Polygon","coordinates":[[[-3.85097,40.3528],[-3.85623,40.3528],[-3.85623,40.3473],[-3.85097,40.3473],[-3.85097,40.3528]]]}},{"type":"Feature","properties":{"name":"Alcorcón--piece--1-3--gCloud","number_of_ads_buy":0,"average_prize_buy":0,"number_of_ads_rent":0,"average_prize_rent":0,"normalized_prize_buy":0,"normalized_ads_buy":0,"normalized_prize_rent":null,"normalized_ads_rent":0,"date":"2018-12-03T14:50:54.000Z","fill-opacity":0,"fill":"#ff0000"},"bbox":[-3.85097,40.3418,-3.85623,40.3473],"geometry":{"type":"Polygon","coordinates":[[[-3.85097,40.3473],[-3.85623,40.3473],[-3.85623,40.3418],[-3.85097,40.3418],[-3.85097,40.3473]]]}},{"type":"Feature","properties":{"name":"Alcorcón--piece--1-4--gCloud","number_of_ads_buy":18,"average_prize_buy":2491.83,"number_of_ads_rent":6,"average_prize_rent":9.53152,"normalized_prize_buy":0.816824721450979,"normalized_ads_buy":0.6,"normalized_prize_rent":null,"normalized_ads_rent":0.2,"date":"2018-12-03T14:51:01.000Z","fill-opacity":0.6534597771607832,"fill":"#ff0000"},"bbox":[-3.85097,40.3362,-3.85623,40.3418],"geometry":{"type":"Polygon","coordinates":[[[-3.85097,40.3418],[-3.85623,40.3418],[-3.85623,40.3362],[-3.85097,40.3362],[-3.85097,40.3418]]]}},{"type":"Feature","properties":{"name":"Alcorcón--piece--1-5--gCloud","number_of_ads_buy":12,"average_prize_buy":2208.55,"number_of_ads_rent":1,"average_prize_rent":8.08823,"normalized_prize_buy":0.7239652137427351,"normalized_ads_buy":0.4,"normalized_prize_rent":null,"normalized_ads_rent":0.03333333333333333,"date":"2018-12-03T14:51:13.000Z","fill-opacity":0.5791721709941882,"fill":"#ff0000"},"bbox":[-3.85097,40.3307,-3.85623,40.3362],"geometry":{"type":"Polygon","coordinates":[[[-3.85097,40.3362],[-3.85623,40.3362],[-3.85623,40.3307],[-3.85097,40.3307],[-3.85097,40.3362]]]}},{"type":"Feature","properties":{"name":"Alcorcón--piece--1-6--gCloud","number_of_ads_buy":21,"average_prize_buy":1836.58,"number_of_ads_rent":1,"average_prize_rent":8.77778,"normalized_prize_buy":0.602033022687117,"normalized_ads_buy":0.7,"normalized_prize_rent":null,"normalized_ads_rent":0.03333333333333333,"date":"2018-12-03T14:51:20.000Z","fill-opacity":0.48162641814969365,"fill":"#ff0000"},"bbox":[-3.85097,40.3252,-3.85623,40.3307],"geometry":{"type":"Polygon","coordinates":[[[-3.85097,40.3307],[-3.85623,40.3307],[-3.85623,40.3252],[-3.85097,40.3252],[-3.85097,40.3307]]]}},{"type":"Feature","properties":{"name":"Alcorcón--piece--10-0--gCloud","number_of_ads_buy":0,"average_prize_buy":0,"number_of_ads_rent":0,"average_prize_rent":0,"normalized_prize_buy":0,"normalized_ads_buy":0,"normalized_prize_rent":null,"normalized_ads_rent":0,"date":"2018-12-03T14:51:28.000Z","fill-opacity":0,"fill":"#ff0000"},"bbox":[-3.80365,40.3583,-3.80891,40.3638],"geometry":{"type":"Polygon","coordinates":[[[-3.80365,40.3638],[-3.80891,40.3638],[-3.80891,40.3583],[-3.80365,40.3583],[-3.80365,40.3638]]]}},{"type":"Feature","properties":{"name":"Alcorcón--piece--10-1--gCloud","number_of_ads_buy":7,"average_prize_buy":2116.2,"number_of_ads_rent":2,"average_prize_rent":9.24279,"normalized_prize_buy":0.6936927782130248,"normalized_ads_buy":0.23333333333333334,"normalized_prize_rent":null,"normalized_ads_rent":0.06666666666666667,"date":"2018-12-03T14:51:36.000Z","fill-opacity":0.5549542225704198,"fill":"#ff0000"},"bbox":[-3.80365,40.3528,-3.80891,40.3583],"geometry":{"type":"Polygon","coordinates":[[[-3.80365,40.3583],[-3.80891,40.3583],[-3.80891,40.3528],[-3.80365,40.3528],[-3.80365,40.3583]]]}},{"type":"Feature","properties":{"name":"Alcorcón--piece--10-2--gCloud","number_of_ads_buy":12,"average_prize_buy":2806.29,"number_of_ads_rent":4,"average_prize_rent":9.95166,"normalized_prize_buy":0.9199050687890697,"normalized_ads_buy":0.4,"normalized_prize_rent":null,"normalized_ads_rent":0.13333333333333333,"date":"2018-12-03T14:51:48.000Z","fill-opacity":0.7359240550312558,"fill":"#ff0000"},"bbox":[-3.80365,40.3473,-3.80891,40.3528],"geometry":{"type":"Polygon","coordinates":[[[-3.80365,40.3528],[-3.80891,40.3528],[-3.80891,40.3473],[-3.80365,40.3473],[-3.80365,40.3528]]]}},{"type":"Feature","properties":{"name":"Alcorcón--piece--10-3--gCloud","number_of_ads_buy":5,"average_prize_buy":2729.73,"number_of_ads_rent":2,"average_prize_rent":11.7647,"normalized_prize_buy":0.8948086133028259,"normalized_ads_buy":0.16666666666666666,"normalized_prize_rent":null,"normalized_ads_rent":0.06666666666666667,"date":"2018-12-03T14:51:56.000Z","fill-opacity":0.7158468906422608,"fill":"#ff0000"},"bbox":[-3.80365,40.3418,-3.80891,40.3473],"geometry":{"type":"Polygon","coordinates":[[[-3.80365,40.3473],[-3.80891,40.3473],[-3.80891,40.3418],[-3.80365,40.3418],[-3.80365,40.3473]]]}},{"type":"Feature","properties":{"name":"Alcorcón--piece--10-4--gCloud","number_of_ads_buy":0,"average_prize_buy":0,"number_of_ads_rent":0,"average_prize_rent":0,"normalized_prize_buy":0,"normalized_ads_buy":0,"normalized_prize_rent":null,"normalized_ads_rent":0,"date":"2018-12-03T14:52:07.000Z","fill-opacity":0,"fill":"#ff0000"},"bbox":[-3.80365,40.3362,-3.80891,40.3418],"geometry":{"type":"Polygon","coordinates":[[[-3.80365,40.3418],[-3.80891,40.3418],[-3.80891,40.3362],[-3.80365,40.3362],[-3.80365,40.3418]]]}},{"type":"Feature","properties":{"name":"Alcorcón--piece--10-5--gCloud","number_of_ads_buy":0,"average_prize_buy":0,"number_of_ads_rent":0,"average_prize_rent":0,"normalized_prize_buy":0,"normalized_ads_buy":0,"normalized_prize_rent":null,"normalized_ads_rent":0,"date":"2018-12-03T14:52:16.000Z","fill-opacity":0,"fill":"#ff0000"},"bbox":[-3.80365,40.3307,-3.80891,40.3362],"geometry":{"type":"Polygon","coordinates":[[[-3.80365,40.3362],[-3.80891,40.3362],[-3.80891,40.3307],[-3.80365,40.3307],[-3.80365,40.3362]]]}},{"type":"Feature","properties":{"name":"Alcorcón--piece--10-6--gCloud","number_of_ads_buy":0,"average_prize_buy":0,"number_of_ads_rent":0,"average_prize_rent":0,"normalized_prize_buy":0,"normalized_ads_buy":0,"normalized_prize_rent":null,"normalized_ads_rent":0,"date":"2018-12-03T14:52:23.000Z","fill-opacity":0,"fill":"#ff0000"},"bbox":[-3.80365,40.3252,-3.80891,40.3307],"geometry":{"type":"Polygon","coordinates":[[[-3.80365,40.3307],[-3.80891,40.3307],[-3.80891,40.3252],[-3.80365,40.3252],[-3.80365,40.3307]]]}},{"type":"Feature","properties":{"name":"Alcorcón--piece--11-0--gCloud","number_of_ads_buy":0,"average_prize_buy":0,"number_of_ads_rent":0,"average_prize_rent":0,"normalized_prize_buy":0,"normalized_ads_buy":0,"normalized_prize_rent":null,"normalized_ads_rent":0,"date":"2018-12-03T14:52:31.000Z","fill-opacity":0,"fill":"#ff0000"},"bbox":[-3.79839,40.3583,-3.80365,40.3638],"geometry":{"type":"Polygon","coordinates":[[[-3.79839,40.3638],[-3.80365,40.3638],[-3.80365,40.3583],[-3.79839,40.3583],[-3.79839,40.3638]]]}},{"type":"Feature","properties":{"name":"Alcorcón--piece--11-1--gCloud","number_of_ads_buy":4,"average_prize_buy":2392.25,"number_of_ads_rent":1,"average_prize_rent":12.069,"normalized_prize_buy":0.7841822836594408,"normalized_ads_buy":0.13333333333333333,"normalized_prize_rent":null,"normalized_ads_rent":0.03333333333333333,"date":"2018-12-03T14:52:40.000Z","fill-opacity":0.6273458269275527,"fill":"#ff0000"},"bbox":[-3.79839,40.3528,-3.80365,40.3583],"geometry":{"type":"Polygon","coordinates":[[[-3.79839,40.3583],[-3.80365,40.3583],[-3.80365,40.3528],[-3.79839,40.3528],[-3.79839,40.3583]]]}},{"type":"Feature","properties":{"name":"Alcorcón--piece--11-2--gCloud","number_of_ads_buy":7,"average_prize_buy":3032.22,"number_of_ads_rent":0,"average_prize_rent":0,"normalized_prize_buy":0.9939651809626208,"normalized_ads_buy":0.23333333333333334,"normalized_prize_rent":null,"normalized_ads_rent":0,"date":"2018-12-03T14:52:49.000Z","fill-opacity":0.7951721447700967,"fill":"#ff0000"},"bbox":[-3.79839,40.3473,-3.80365,40.3528],"geometry":{"type":"Polygon","coordinates":[[[-3.79839,40.3528],[-3.80365,40.3528],[-3.80365,40.3473],[-3.79839,40.3473],[-3.79839,40.3528]]]}},{"type":"Feature","properties":{"name":"Alcorcón--piece--11-3--gCloud","number_of_ads_buy":0,"average_prize_buy":0,"number_of_ads_rent":0,"average_prize_rent":0,"normalized_prize_buy":0,"normalized_ads_buy":0,"normalized_prize_rent":null,"normalized_ads_rent":0,"date":"2018-12-03T14:52:57.000Z","fill-opacity":0,"fill":"#ff0000"},"bbox":[-3.79839,40.3418,-3.80365,40.3473],"geometry":{"type":"Polygon","coordinates":[[[-3.79839,40.3473],[-3.80365,40.3473],[-3.80365,40.3418],[-3.79839,40.3418],[-3.79839,40.3473]]]}},{"type":"Feature","properties":{"name":"Alcorcón--piece--11-4--gCloud","number_of_ads_buy":0,"average_prize_buy":0,"number_of_ads_rent":0,"average_prize_rent":0,"normalized_prize_buy":0,"normalized_ads_buy":0,"normalized_prize_rent":null,"normalized_ads_rent":0,"date":"2018-12-03T14:53:06.000Z","fill-opacity":0,"fill":"#ff0000"},"bbox":[-3.79839,40.3362,-3.80365,40.3418],"geometry":{"type":"Polygon","coordinates":[[[-3.79839,40.3418],[-3.80365,40.3418],[-3.80365,40.3362],[-3.79839,40.3362],[-3.79839,40.3418]]]}},{"type":"Feature","properties":{"name":"Alcorcón--piece--11-5--gCloud","number_of_ads_buy":0,"average_prize_buy":0,"number_of_ads_rent":0,"average_prize_rent":0,"normalized_prize_buy":0,"normalized_ads_buy":0,"normalized_prize_rent":null,"normalized_ads_rent":0,"date":"2018-12-03T14:53:14.000Z","fill-opacity":0,"fill":"#ff0000"},"bbox":[-3.79839,40.3307,-3.80365,40.3362],"geometry":{"type":"Polygon","coordinates":[[[-3.79839,40.3362],[-3.80365,40.3362],[-3.80365,40.3307],[-3.79839,40.3307],[-3.79839,40.3362]]]}},{"type":"Feature","properties":{"name":"Alcorcón--piece--11-6--gCloud","number_of_ads_buy":0,"average_prize_buy":0,"number_of_ads_rent":0,"average_prize_rent":0,"normalized_prize_buy":0,"normalized_ads_buy":0,"normalized_prize_rent":null,"normalized_ads_rent":0,"date":"2018-12-03T14:53:22.000Z","fill-opacity":0,"fill":"#ff0000"},"bbox":[-3.79839,40.3252,-3.80365,40.3307],"geometry":{"type":"Polygon","coordinates":[[[-3.79839,40.3307],[-3.80365,40.3307],[-3.80365,40.3252],[-3.79839,40.3252],[-3.79839,40.3307]]]}},{"type":"Feature","properties":{"name":"Alcorcón--piece--12-0--gCloud","number_of_ads_buy":0,"average_prize_buy":0,"number_of_ads_rent":0,"average_prize_rent":0,"normalized_prize_buy":0,"normalized_ads_buy":0,"normalized_prize_rent":null,"normalized_ads_rent":0,"date":"2018-12-03T14:53:27.000Z","fill-opacity":0,"fill":"#ff0000"},"bbox":[-3.79313,40.3583,-3.79839,40.3638],"geometry":{"type":"Polygon","coordinates":[[[-3.79313,40.3638],[-3.79839,40.3638],[-3.79839,40.3583],[-3.79313,40.3583],[-3.79313,40.3638]]]}},{"type":"Feature","properties":{"name":"Alcorcón--piece--12-1--gCloud","number_of_ads_buy":0,"average_prize_buy":0,"number_of_ads_rent":0,"average_prize_rent":0,"normalized_prize_buy":0,"normalized_ads_buy":0,"normalized_prize_rent":null,"normalized_ads_rent":0,"date":"2018-12-03T14:53:35.000Z","fill-opacity":0,"fill":"#ff0000"},"bbox":[-3.79313,40.3528,-3.79839,40.3583],"geometry":{"type":"Polygon","coordinates":[[[-3.79313,40.3583],[-3.79839,40.3583],[-3.79839,40.3528],[-3.79313,40.3528],[-3.79313,40.3583]]]}},{"type":"Feature","properties":{"name":"Alcorcón--piece--12-2--gCloud","number_of_ads_buy":0,"average_prize_buy":0,"number_of_ads_rent":0,"average_prize_rent":0,"normalized_prize_buy":0,"normalized_ads_buy":0,"normalized_prize_rent":null,"normalized_ads_rent":0,"date":"2018-12-03T14:53:40.000Z","fill-opacity":0,"fill":"#ff0000"},"bbox":[-3.79313,40.3473,-3.79839,40.3528],"geometry":{"type":"Polygon","coordinates":[[[-3.79313,40.3528],[-3.79839,40.3528],[-3.79839,40.3473],[-3.79313,40.3473],[-3.79313,40.3528]]]}},{"type":"Feature","properties":{"name":"Alcorcón--piece--12-3--gCloud","number_of_ads_buy":0,"average_prize_buy":0,"number_of_ads_rent":0,"average_prize_rent":0,"normalized_prize_buy":0,"normalized_ads_buy":0,"normalized_prize_rent":null,"normalized_ads_rent":0,"date":"2018-12-03T14:53:53.000Z","fill-opacity":0,"fill":"#ff0000"},"bbox":[-3.79313,40.3418,-3.79839,40.3473],"geometry":{"type":"Polygon","coordinates":[[[-3.79313,40.3473],[-3.79839,40.3473],[-3.79839,40.3418],[-3.79313,40.3418],[-3.79313,40.3473]]]}},{"type":"Feature","properties":{"name":"Alcorcón--piece--12-4--gCloud","number_of_ads_buy":0,"average_prize_buy":0,"number_of_ads_rent":0,"average_prize_rent":0,"normalized_prize_buy":0,"normalized_ads_buy":0,"normalized_prize_rent":null,"normalized_ads_rent":0,"date":"2018-12-03T14:54:01.000Z","fill-opacity":0,"fill":"#ff0000"},"bbox":[-3.79313,40.3362,-3.79839,40.3418],"geometry":{"type":"Polygon","coordinates":[[[-3.79313,40.3418],[-3.79839,40.3418],[-3.79839,40.3362],[-3.79313,40.3362],[-3.79313,40.3418]]]}},{"type":"Feature","properties":{"name":"Alcorcón--piece--12-5--gCloud","number_of_ads_buy":0,"average_prize_buy":0,"number_of_ads_rent":0,"average_prize_rent":0,"normalized_prize_buy":0,"normalized_ads_buy":0,"normalized_prize_rent":null,"normalized_ads_rent":0,"date":"2018-12-03T14:54:10.000Z","fill-opacity":0,"fill":"#ff0000"},"bbox":[-3.79313,40.3307,-3.79839,40.3362],"geometry":{"type":"Polygon","coordinates":[[[-3.79313,40.3362],[-3.79839,40.3362],[-3.79839,40.3307],[-3.79313,40.3307],[-3.79313,40.3362]]]}},{"type":"Feature","properties":{"name":"Alcorcón--piece--12-6--gCloud","number_of_ads_buy":0,"average_prize_buy":0,"number_of_ads_rent":0,"average_prize_rent":0,"normalized_prize_buy":0,"normalized_ads_buy":0,"normalized_prize_rent":null,"normalized_ads_rent":0,"date":"2018-12-03T14:54:22.000Z","fill-opacity":0,"fill":"#ff0000"},"bbox":[-3.79313,40.3252,-3.79839,40.3307],"geometry":{"type":"Polygon","coordinates":[[[-3.79313,40.3307],[-3.79839,40.3307],[-3.79839,40.3252],[-3.79313,40.3252],[-3.79313,40.3307]]]}},{"type":"Feature","properties":{"name":"Alcorcón--piece--2-0--gCloud","number_of_ads_buy":0,"average_prize_buy":0,"number_of_ads_rent":0,"average_prize_rent":0,"normalized_prize_buy":0,"normalized_ads_buy":0,"normalized_prize_rent":null,"normalized_ads_rent":0,"date":"2018-12-03T14:54:30.000Z","fill-opacity":0,"fill":"#ff0000"},"bbox":[-3.84571,40.3583,-3.85097,40.3638],"geometry":{"type":"Polygon","coordinates":[[[-3.84571,40.3638],[-3.85097,40.3638],[-3.85097,40.3583],[-3.84571,40.3583],[-3.84571,40.3638]]]}},{"type":"Feature","properties":{"name":"Alcorcón--piece--2-1--gCloud","number_of_ads_buy":0,"average_prize_buy":0,"number_of_ads_rent":0,"average_prize_rent":0,"normalized_prize_buy":0,"normalized_ads_buy":0,"normalized_prize_rent":null,"normalized_ads_rent":0,"date":"2018-12-03T14:54:36.000Z","fill-opacity":0,"fill":"#ff0000"},"bbox":[-3.84571,40.3528,-3.85097,40.3583],"geometry":{"type":"Polygon","coordinates":[[[-3.84571,40.3583],[-3.85097,40.3583],[-3.85097,40.3528],[-3.84571,40.3528],[-3.84571,40.3583]]]}},{"type":"Feature","properties":{"name":"Alcorcón--piece--2-2--gCloud","number_of_ads_buy":0,"average_prize_buy":0,"number_of_ads_rent":0,"average_prize_rent":0,"normalized_prize_buy":0,"normalized_ads_buy":0,"normalized_prize_rent":null,"normalized_ads_rent":0,"date":"2018-12-03T14:54:44.000Z","fill-opacity":0,"fill":"#ff0000"},"bbox":[-3.84571,40.3473,-3.85097,40.3528],"geometry":{"type":"Polygon","coordinates":[[[-3.84571,40.3528],[-3.85097,40.3528],[-3.85097,40.3473],[-3.84571,40.3473],[-3.84571,40.3528]]]}},{"type":"Feature","properties":{"name":"Alcorcón--piece--2-3--gCloud","number_of_ads_buy":2,"average_prize_buy":2249.36,"number_of_ads_rent":0,"average_prize_rent":0,"normalized_prize_buy":0.7373427783769254,"normalized_ads_buy":0.06666666666666667,"normalized_prize_rent":null,"normalized_ads_rent":0,"date":"2018-12-03T14:54:56.000Z","fill-opacity":0.5898742227015403,"fill":"#ff0000"},"bbox":[-3.84571,40.3418,-3.85097,40.3473],"geometry":{"type":"Polygon","coordinates":[[[-3.84571,40.3473],[-3.85097,40.3473],[-3.85097,40.3418],[-3.84571,40.3418],[-3.84571,40.3473]]]}},{"type":"Feature","properties":{"name":"Alcorcón--piece--2-4--gCloud","number_of_ads_buy":0,"average_prize_buy":0,"number_of_ads_rent":0,"average_prize_rent":0,"normalized_prize_buy":0,"normalized_ads_buy":0,"normalized_prize_rent":null,"normalized_ads_rent":0,"date":"2018-12-03T14:55:01.000Z","fill-opacity":0,"fill":"#ff0000"},"bbox":[-3.84571,40.3362,-3.85097,40.3418],"geometry":{"type":"Polygon","coordinates":[[[-3.84571,40.3418],[-3.85097,40.3418],[-3.85097,40.3362],[-3.84571,40.3362],[-3.84571,40.3418]]]}},{"type":"Feature","properties":{"name":"Alcorcón--piece--2-5--gCloud","number_of_ads_buy":0,"average_prize_buy":0,"number_of_ads_rent":0,"average_prize_rent":0,"normalized_prize_buy":0,"normalized_ads_buy":0,"normalized_prize_rent":null,"normalized_ads_rent":0,"date":"2018-12-03T14:55:09.000Z","fill-opacity":0,"fill":"#ff0000"},"bbox":[-3.84571,40.3307,-3.85097,40.3362],"geometry":{"type":"Polygon","coordinates":[[[-3.84571,40.3362],[-3.85097,40.3362],[-3.85097,40.3307],[-3.84571,40.3307],[-3.84571,40.3362]]]}},{"type":"Feature","properties":{"name":"Alcorcón--piece--2-6--gCloud","number_of_ads_buy":0,"average_prize_buy":0,"number_of_ads_rent":0,"average_prize_rent":0,"normalized_prize_buy":0,"normalized_ads_buy":0,"normalized_prize_rent":null,"normalized_ads_rent":0,"date":"2018-12-03T14:55:21.000Z","fill-opacity":0,"fill":"#ff0000"},"bbox":[-3.84571,40.3252,-3.85097,40.3307],"geometry":{"type":"Polygon","coordinates":[[[-3.84571,40.3307],[-3.85097,40.3307],[-3.85097,40.3252],[-3.84571,40.3252],[-3.84571,40.3307]]]}},{"type":"Feature","properties":{"name":"Alcorcón--piece--3-0--gCloud","number_of_ads_buy":0,"average_prize_buy":0,"number_of_ads_rent":0,"average_prize_rent":0,"normalized_prize_buy":0,"normalized_ads_buy":0,"normalized_prize_rent":null,"normalized_ads_rent":0,"date":"2018-12-03T14:55:30.000Z","fill-opacity":0,"fill":"#ff0000"},"bbox":[-3.84046,40.3583,-3.84571,40.3638],"geometry":{"type":"Polygon","coordinates":[[[-3.84046,40.3638],[-3.84571,40.3638],[-3.84571,40.3583],[-3.84046,40.3583],[-3.84046,40.3638]]]}},{"type":"Feature","properties":{"name":"Alcorcón--piece--3-1--gCloud","number_of_ads_buy":0,"average_prize_buy":0,"number_of_ads_rent":0,"average_prize_rent":0,"normalized_prize_buy":0,"normalized_ads_buy":0,"normalized_prize_rent":null,"normalized_ads_rent":0,"date":"2018-12-03T14:55:38.000Z","fill-opacity":0,"fill":"#ff0000"},"bbox":[-3.84046,40.3528,-3.84571,40.3583],"geometry":{"type":"Polygon","coordinates":[[[-3.84046,40.3583],[-3.84571,40.3583],[-3.84571,40.3528],[-3.84046,40.3528],[-3.84046,40.3583]]]}},{"type":"Feature","properties":{"name":"Alcorcón--piece--3-2--gCloud","number_of_ads_buy":1,"average_prize_buy":2644.86,"number_of_ads_rent":0,"average_prize_rent":0,"normalized_prize_buy":0.8669881303206223,"normalized_ads_buy":0.03333333333333333,"normalized_prize_rent":null,"normalized_ads_rent":0,"date":"2018-12-03T14:55:46.000Z","fill-opacity":0.6935905042564978,"fill":"#ff0000"},"bbox":[-3.84046,40.3473,-3.84571,40.3528],"geometry":{"type":"Polygon","coordinates":[[[-3.84046,40.3528],[-3.84571,40.3528],[-3.84571,40.3473],[-3.84046,40.3473],[-3.84046,40.3528]]]}},{"type":"Feature","properties":{"name":"Alcorcón--piece--3-3--gCloud","number_of_ads_buy":7,"average_prize_buy":2488.23,"number_of_ads_rent":1,"average_prize_rent":7.5,"normalized_prize_buy":0.8156446373372057,"normalized_ads_buy":0.23333333333333334,"normalized_prize_rent":null,"normalized_ads_rent":0.03333333333333333,"date":"2018-12-03T14:55:55.000Z","fill-opacity":0.6525157098697646,"fill":"#ff0000"},"bbox":[-3.84046,40.3418,-3.84571,40.3473],"geometry":{"type":"Polygon","coordinates":[[[-3.84046,40.3473],[-3.84571,40.3473],[-3.84571,40.3418],[-3.84046,40.3418],[-3.84046,40.3473]]]}},{"type":"Feature","properties":{"name":"Alcorcón--piece--3-4--gCloud","number_of_ads_buy":3,"average_prize_buy":3050.63,"number_of_ads_rent":1,"average_prize_rent":14.1837,"normalized_prize_buy":1,"normalized_ads_buy":0.1,"normalized_prize_rent":null,"normalized_ads_rent":0.03333333333333333,"date":"2018-12-03T14:56:00.000Z","fill-opacity":0.8,"fill":"#ff0000"},"bbox":[-3.84046,40.3362,-3.84571,40.3418],"geometry":{"type":"Polygon","coordinates":[[[-3.84046,40.3418],[-3.84571,40.3418],[-3.84571,40.3362],[-3.84046,40.3362],[-3.84046,40.3418]]]}},{"type":"Feature","properties":{"name":"Alcorcón--piece--3-5--gCloud","number_of_ads_buy":0,"average_prize_buy":0,"number_of_ads_rent":0,"average_prize_rent":0,"normalized_prize_buy":0,"normalized_ads_buy":0,"normalized_prize_rent":null,"normalized_ads_rent":0,"date":"2018-12-03T14:56:09.000Z","fill-opacity":0,"fill":"#ff0000"},"bbox":[-3.84046,40.3307,-3.84571,40.3362],"geometry":{"type":"Polygon","coordinates":[[[-3.84046,40.3362],[-3.84571,40.3362],[-3.84571,40.3307],[-3.84046,40.3307],[-3.84046,40.3362]]]}},{"type":"Feature","properties":{"name":"Alcorcón--piece--3-6--gCloud","number_of_ads_buy":1,"average_prize_buy":1456.73,"number_of_ads_rent":1,"average_prize_rent":9.88889,"normalized_prize_buy":0.47751775862690654,"normalized_ads_buy":0.03333333333333333,"normalized_prize_rent":null,"normalized_ads_rent":0.03333333333333333,"date":"2018-12-03T14:56:20.000Z","fill-opacity":0.38201420690152527,"fill":"#ff0000"},"bbox":[-3.84046,40.3252,-3.84571,40.3307],"geometry":{"type":"Polygon","coordinates":[[[-3.84046,40.3307],[-3.84571,40.3307],[-3.84571,40.3252],[-3.84046,40.3252],[-3.84046,40.3307]]]}},{"type":"Feature","properties":{"name":"Alcorcón--piece--4-0--gCloud","number_of_ads_buy":0,"average_prize_buy":0,"number_of_ads_rent":0,"average_prize_rent":0,"normalized_prize_buy":0,"normalized_ads_buy":0,"normalized_prize_rent":null,"normalized_ads_rent":0,"date":"2018-12-03T14:56:28.000Z","fill-opacity":0,"fill":"#ff0000"},"bbox":[-3.8352,40.3583,-3.84046,40.3638],"geometry":{"type":"Polygon","coordinates":[[[-3.8352,40.3638],[-3.84046,40.3638],[-3.84046,40.3583],[-3.8352,40.3583],[-3.8352,40.3638]]]}},{"type":"Feature","properties":{"name":"Alcorcón--piece--4-1--gCloud","number_of_ads_buy":0,"average_prize_buy":0,"number_of_ads_rent":0,"average_prize_rent":0,"normalized_prize_buy":0,"normalized_ads_buy":0,"normalized_prize_rent":null,"normalized_ads_rent":0,"date":"2018-12-03T14:56:37.000Z","fill-opacity":0,"fill":"#ff0000"},"bbox":[-3.8352,40.3528,-3.84046,40.3583],"geometry":{"type":"Polygon","coordinates":[[[-3.8352,40.3583],[-3.84046,40.3583],[-3.84046,40.3528],[-3.8352,40.3528],[-3.8352,40.3583]]]}},{"type":"Feature","properties":{"name":"Alcorcón--piece--4-2--gCloud","number_of_ads_buy":2,"average_prize_buy":1457.58,"number_of_ads_rent":0,"average_prize_rent":0,"normalized_prize_buy":0.4777963895982141,"normalized_ads_buy":0.06666666666666667,"normalized_prize_rent":null,"normalized_ads_rent":0,"date":"2018-12-03T14:56:45.000Z","fill-opacity":0.3822371116785713,"fill":"#ff0000"},"bbox":[-3.8352,40.3473,-3.84046,40.3528],"geometry":{"type":"Polygon","coordinates":[[[-3.8352,40.3528],[-3.84046,40.3528],[-3.84046,40.3473],[-3.8352,40.3473],[-3.8352,40.3528]]]}},{"type":"Feature","properties":{"name":"Alcorcón--piece--4-3--gCloud","number_of_ads_buy":1,"average_prize_buy":2066.67,"number_of_ads_rent":0,"average_prize_rent":0,"normalized_prize_buy":0.6774567876143617,"normalized_ads_buy":0.03333333333333333,"normalized_prize_rent":null,"normalized_ads_rent":0,"date":"2018-12-03T14:56:53.000Z","fill-opacity":0.5419654300914893,"fill":"#ff0000"},"bbox":[-3.8352,40.3418,-3.84046,40.3473],"geometry":{"type":"Polygon","coordinates":[[[-3.8352,40.3473],[-3.84046,40.3473],[-3.84046,40.3418],[-3.8352,40.3418],[-3.8352,40.3473]]]}},{"type":"Feature","properties":{"name":"Alcorcón--piece--4-4--gCloud","number_of_ads_buy":5,"average_prize_buy":2543.38,"number_of_ads_rent":3,"average_prize_rent":10.4274,"normalized_prize_buy":0.833722870357926,"normalized_ads_buy":0.16666666666666666,"normalized_prize_rent":null,"normalized_ads_rent":0.1,"date":"2018-12-03T14:57:02.000Z","fill-opacity":0.6669782962863409,"fill":"#ff0000"},"bbox":[-3.8352,40.3362,-3.84046,40.3418],"geometry":{"type":"Polygon","coordinates":[[[-3.8352,40.3418],[-3.84046,40.3418],[-3.84046,40.3362],[-3.8352,40.3362],[-3.8352,40.3418]]]}},{"type":"Feature","properties":{"name":"Alcorcón--piece--4-5--gCloud","number_of_ads_buy":13,"average_prize_buy":2106.48,"number_of_ads_rent":0,"average_prize_rent":0,"normalized_prize_buy":0.6905065511058371,"normalized_ads_buy":0.43333333333333335,"normalized_prize_rent":null,"normalized_ads_rent":0,"date":"2018-12-03T14:57:12.000Z","fill-opacity":0.5524052408846697,"fill":"#ff0000"},"bbox":[-3.8352,40.3307,-3.84046,40.3362],"geometry":{"type":"Polygon","coordinates":[[[-3.8352,40.3362],[-3.84046,40.3362],[-3.84046,40.3307],[-3.8352,40.3307],[-3.8352,40.3362]]]}},{"type":"Feature","properties":{"name":"Alcorcón--piece--4-6--gCloud","number_of_ads_buy":5,"average_prize_buy":2343.39,"number_of_ads_rent":1,"average_prize_rent":10.3846,"normalized_prize_buy":0.7681659198263965,"normalized_ads_buy":0.16666666666666666,"normalized_prize_rent":null,"normalized_ads_rent":0.03333333333333333,"date":"2018-12-03T14:57:24.000Z","fill-opacity":0.6145327358611172,"fill":"#ff0000"},"bbox":[-3.8352,40.3252,-3.84046,40.3307],"geometry":{"type":"Polygon","coordinates":[[[-3.8352,40.3307],[-3.84046,40.3307],[-3.84046,40.3252],[-3.8352,40.3252],[-3.8352,40.3307]]]}},{"type":"Feature","properties":{"name":"Alcorcón--piece--5-0--gCloud","number_of_ads_buy":0,"average_prize_buy":0,"number_of_ads_rent":0,"average_prize_rent":0,"normalized_prize_buy":0,"normalized_ads_buy":0,"normalized_prize_rent":null,"normalized_ads_rent":0,"date":"2018-12-03T14:57:36.000Z","fill-opacity":0,"fill":"#ff0000"},"bbox":[-3.82994,40.3583,-3.8352,40.3638],"geometry":{"type":"Polygon","coordinates":[[[-3.82994,40.3638],[-3.8352,40.3638],[-3.8352,40.3583],[-3.82994,40.3583],[-3.82994,40.3638]]]}},{"type":"Feature","properties":{"name":"Alcorcón--piece--5-1--gCloud","number_of_ads_buy":1,"average_prize_buy":2350,"number_of_ads_rent":0,"average_prize_rent":0,"normalized_prize_buy":0.7703326853797412,"normalized_ads_buy":0.03333333333333333,"normalized_prize_rent":null,"normalized_ads_rent":0,"date":"2018-12-03T14:57:41.000Z","fill-opacity":0.616266148303793,"fill":"#ff0000"},"bbox":[-3.82994,40.3528,-3.8352,40.3583],"geometry":{"type":"Polygon","coordinates":[[[-3.82994,40.3583],[-3.8352,40.3583],[-3.8352,40.3528],[-3.82994,40.3528],[-3.82994,40.3583]]]}},{"type":"Feature","properties":{"name":"Alcorcón--piece--5-2--gCloud","number_of_ads_buy":7,"average_prize_buy":1831.92,"number_of_ads_rent":4,"average_prize_rent":11.9226,"normalized_prize_buy":0.6005054693620662,"normalized_ads_buy":0.23333333333333334,"normalized_prize_rent":null,"normalized_ads_rent":0.13333333333333333,"date":"2018-12-03T14:57:47.000Z","fill-opacity":0.480404375489653,"fill":"#ff0000"},"bbox":[-3.82994,40.3473,-3.8352,40.3528],"geometry":{"type":"Polygon","coordinates":[[[-3.82994,40.3528],[-3.8352,40.3528],[-3.8352,40.3473],[-3.82994,40.3473],[-3.82994,40.3528]]]}},{"type":"Feature","properties":{"name":"Alcorcón--piece--5-3--gCloud","number_of_ads_buy":29,"average_prize_buy":1904.64,"number_of_ads_rent":0,"average_prize_rent":0,"normalized_prize_buy":0.6243431684602853,"normalized_ads_buy":0.9666666666666667,"normalized_prize_rent":null,"normalized_ads_rent":0,"date":"2018-12-03T14:57:58.000Z","fill-opacity":0.49947453476822823,"fill":"#ff0000"},"bbox":[-3.82994,40.3418,-3.8352,40.3473],"geometry":{"type":"Polygon","coordinates":[[[-3.82994,40.3473],[-3.8352,40.3473],[-3.8352,40.3418],[-3.82994,40.3418],[-3.82994,40.3473]]]}},{"type":"Feature","properties":{"name":"Alcorcón--piece--5-4--gCloud","number_of_ads_buy":5,"average_prize_buy":2441.13,"number_of_ads_rent":2,"average_prize_rent":9.33521,"normalized_prize_buy":0.8002052035153394,"normalized_ads_buy":0.16666666666666666,"normalized_prize_rent":null,"normalized_ads_rent":0.06666666666666667,"date":"2018-12-03T14:58:04.000Z","fill-opacity":0.6401641628122716,"fill":"#ff0000"},"bbox":[-3.82994,40.3362,-3.8352,40.3418],"geometry":{"type":"Polygon","coordinates":[[[-3.82994,40.3418],[-3.8352,40.3418],[-3.8352,40.3362],[-3.82994,40.3362],[-3.82994,40.3418]]]}},{"type":"Feature","properties":{"name":"Alcorcón--piece--5-5--gCloud","number_of_ads_buy":11,"average_prize_buy":2493.91,"number_of_ads_rent":0,"average_prize_rent":0,"normalized_prize_buy":0.8175065478278256,"normalized_ads_buy":0.36666666666666664,"normalized_prize_rent":null,"normalized_ads_rent":0,"date":"2018-12-03T14:58:16.000Z","fill-opacity":0.6540052382622605,"fill":"#ff0000"},"bbox":[-3.82994,40.3307,-3.8352,40.3362],"geometry":{"type":"Polygon","coordinates":[[[-3.82994,40.3362],[-3.8352,40.3362],[-3.8352,40.3307],[-3.82994,40.3307],[-3.82994,40.3362]]]}},{"type":"Feature","properties":{"name":"Alcorcón--piece--5-6--gCloud","number_of_ads_buy":2,"average_prize_buy":2102.27,"number_of_ads_rent":0,"average_prize_rent":0,"normalized_prize_buy":0.6891265082950079,"normalized_ads_buy":0.06666666666666667,"normalized_prize_rent":null,"normalized_ads_rent":0,"date":"2018-12-03T14:58:28.000Z","fill-opacity":0.5513012066360063,"fill":"#ff0000"},"bbox":[-3.82994,40.3252,-3.8352,40.3307],"geometry":{"type":"Polygon","coordinates":[[[-3.82994,40.3307],[-3.8352,40.3307],[-3.8352,40.3252],[-3.82994,40.3252],[-3.82994,40.3307]]]}},{"type":"Feature","properties":{"name":"Alcorcón--piece--6-0--gCloud","number_of_ads_buy":0,"average_prize_buy":0,"number_of_ads_rent":0,"average_prize_rent":0,"normalized_prize_buy":0,"normalized_ads_buy":0,"normalized_prize_rent":null,"normalized_ads_rent":0,"date":"2018-12-03T14:58:37.000Z","fill-opacity":0,"fill":"#ff0000"},"bbox":[-3.82468,40.3583,-3.82994,40.3638],"geometry":{"type":"Polygon","coordinates":[[[-3.82468,40.3638],[-3.82994,40.3638],[-3.82994,40.3583],[-3.82468,40.3583],[-3.82468,40.3638]]]}},{"type":"Feature","properties":{"name":"Alcorcón--piece--6-1--gCloud","number_of_ads_buy":2,"average_prize_buy":1663.33,"number_of_ads_rent":0,"average_prize_rent":0,"normalized_prize_buy":0.5452414747117807,"normalized_ads_buy":0.06666666666666667,"normalized_prize_rent":null,"normalized_ads_rent":0,"date":"2018-12-03T14:58:45.000Z","fill-opacity":0.4361931797694246,"fill":"#ff0000"},"bbox":[-3.82468,40.3528,-3.82994,40.3583],"geometry":{"type":"Polygon","coordinates":[[[-3.82468,40.3583],[-3.82994,40.3583],[-3.82994,40.3528],[-3.82468,40.3528],[-3.82468,40.3583]]]}},{"type":"Feature","properties":{"name":"Alcorcón--piece--6-2--gCloud","number_of_ads_buy":30,"average_prize_buy":1903.77,"number_of_ads_rent":13,"average_prize_rent":9.60905,"normalized_prize_buy":0.6240579814661233,"normalized_ads_buy":1,"normalized_prize_rent":null,"normalized_ads_rent":0.43333333333333335,"date":"2018-12-03T14:58:54.000Z","fill-opacity":0.4992463851728987,"fill":"#ff0000"},"bbox":[-3.82468,40.3473,-3.82994,40.3528],"geometry":{"type":"Polygon","coordinates":[[[-3.82468,40.3528],[-3.82994,40.3528],[-3.82994,40.3473],[-3.82468,40.3473],[-3.82468,40.3528]]]}},{"type":"Feature","properties":{"name":"Alcorcón--piece--6-3--gCloud","number_of_ads_buy":29,"average_prize_buy":1742.15,"number_of_ads_rent":10,"average_prize_rent":10.1969,"normalized_prize_buy":0.5710787607805601,"normalized_ads_buy":0.9666666666666667,"normalized_prize_rent":null,"normalized_ads_rent":0.3333333333333333,"date":"2018-12-03T14:59:04.000Z","fill-opacity":0.45686300862444806,"fill":"#ff0000"},"bbox":[-3.82468,40.3418,-3.82994,40.3473],"geometry":{"type":"Polygon","coordinates":[[[-3.82468,40.3473],[-3.82994,40.3473],[-3.82994,40.3418],[-3.82468,40.3418],[-3.82468,40.3473]]]}},{"type":"Feature","properties":{"name":"Alcorcón--piece--6-4--gCloud","number_of_ads_buy":16,"average_prize_buy":2120.12,"number_of_ads_rent":3,"average_prize_rent":8.73563,"normalized_prize_buy":0.6949777586924667,"normalized_ads_buy":0.5333333333333333,"normalized_prize_rent":null,"normalized_ads_rent":0.1,"date":"2018-12-03T14:59:17.000Z","fill-opacity":0.5559822069539734,"fill":"#ff0000"},"bbox":[-3.82468,40.3362,-3.82994,40.3418],"geometry":{"type":"Polygon","coordinates":[[[-3.82468,40.3418],[-3.82994,40.3418],[-3.82994,40.3362],[-3.82468,40.3362],[-3.82468,40.3418]]]}},{"type":"Feature","properties":{"name":"Alcorcón--piece--6-5--gCloud","number_of_ads_buy":10,"average_prize_buy":2252.38,"number_of_ads_rent":1,"average_prize_rent":10,"normalized_prize_buy":0.7383327378279241,"normalized_ads_buy":0.3333333333333333,"normalized_prize_rent":null,"normalized_ads_rent":0.03333333333333333,"date":"2018-12-03T14:59:25.000Z","fill-opacity":0.5906661902623392,"fill":"#ff0000"},"bbox":[-3.82468,40.3307,-3.82994,40.3362],"geometry":{"type":"Polygon","coordinates":[[[-3.82468,40.3362],[-3.82994,40.3362],[-3.82994,40.3307],[-3.82468,40.3307],[-3.82468,40.3362]]]}},{"type":"Feature","properties":{"name":"Alcorcón--piece--6-6--gCloud","number_of_ads_buy":3,"average_prize_buy":2387.45,"number_of_ads_rent":0,"average_prize_rent":0,"normalized_prize_buy":0.7826088381744097,"normalized_ads_buy":0.1,"normalized_prize_rent":null,"normalized_ads_rent":0,"date":"2018-12-03T14:59:34.000Z","fill-opacity":0.6260870705395278,"fill":"#ff0000"},"bbox":[-3.82468,40.3252,-3.82994,40.3307],"geometry":{"type":"Polygon","coordinates":[[[-3.82468,40.3307],[-3.82994,40.3307],[-3.82994,40.3252],[-3.82468,40.3252],[-3.82468,40.3307]]]}},{"type":"Feature","properties":{"name":"Alcorcón--piece--7-0--gCloud","number_of_ads_buy":0,"average_prize_buy":0,"number_of_ads_rent":0,"average_prize_rent":0,"normalized_prize_buy":0,"normalized_ads_buy":0,"normalized_prize_rent":null,"normalized_ads_rent":0,"date":"2018-12-03T14:59:42.000Z","fill-opacity":0,"fill":"#ff0000"},"bbox":[-3.81942,40.3583,-3.82468,40.3638],"geometry":{"type":"Polygon","coordinates":[[[-3.81942,40.3638],[-3.82468,40.3638],[-3.82468,40.3583],[-3.81942,40.3583],[-3.81942,40.3638]]]}},{"type":"Feature","properties":{"name":"Alcorcón--piece--7-1--gCloud","number_of_ads_buy":7,"average_prize_buy":2082.22,"number_of_ads_rent":0,"average_prize_rent":0,"normalized_prize_buy":0.6825540953835764,"normalized_ads_buy":0.23333333333333334,"normalized_prize_rent":null,"normalized_ads_rent":0,"date":"2018-12-03T14:59:54.000Z","fill-opacity":0.5460432763068611,"fill":"#ff0000"},"bbox":[-3.81942,40.3528,-3.82468,40.3583],"geometry":{"type":"Polygon","coordinates":[[[-3.81942,40.3583],[-3.82468,40.3583],[-3.82468,40.3528],[-3.81942,40.3528],[-3.81942,40.3583]]]}},{"type":"Feature","properties":{"name":"Alcorcón--piece--7-2--gCloud","number_of_ads_buy":25,"average_prize_buy":2063.05,"number_of_ads_rent":4,"average_prize_rent":9.92147,"normalized_prize_buy":0.6762701474777342,"normalized_ads_buy":0.8333333333333334,"normalized_prize_rent":null,"normalized_ads_rent":0.13333333333333333,"date":"2018-12-03T15:00:12.000Z","fill-opacity":0.5410161179821874,"fill":"#ff0000"},"bbox":[-3.81942,40.3473,-3.82468,40.3528],"geometry":{"type":"Polygon","coordinates":[[[-3.81942,40.3528],[-3.82468,40.3528],[-3.82468,40.3473],[-3.81942,40.3473],[-3.81942,40.3528]]]}},{"type":"Feature","properties":{"name":"Alcorcón--piece--7-3--gCloud","number_of_ads_buy":24,"average_prize_buy":1893.6,"number_of_ads_rent":7,"average_prize_rent":9.15515,"normalized_prize_buy":0.620724243844714,"normalized_ads_buy":0.8,"normalized_prize_rent":null,"normalized_ads_rent":0.23333333333333334,"date":"2018-12-03T15:00:23.000Z","fill-opacity":0.49657939507577126,"fill":"#ff0000"},"bbox":[-3.81942,40.3418,-3.82468,40.3473],"geometry":{"type":"Polygon","coordinates":[[[-3.81942,40.3473],[-3.82468,40.3473],[-3.82468,40.3418],[-3.81942,40.3418],[-3.81942,40.3473]]]}},{"type":"Feature","properties":{"name":"Alcorcón--piece--7-4--gCloud","number_of_ads_buy":5,"average_prize_buy":2291.17,"number_of_ads_rent":1,"average_prize_rent":11.25,"normalized_prize_buy":0.7510481441538305,"normalized_ads_buy":0.16666666666666666,"normalized_prize_rent":null,"normalized_ads_rent":0.03333333333333333,"date":"2018-12-03T15:00:42.000Z","fill-opacity":0.6008385153230644,"fill":"#ff0000"},"bbox":[-3.81942,40.3362,-3.82468,40.3418],"geometry":{"type":"Polygon","coordinates":[[[-3.81942,40.3418],[-3.82468,40.3418],[-3.82468,40.3362],[-3.81942,40.3362],[-3.81942,40.3418]]]}},{"type":"Feature","properties":{"name":"Alcorcón--piece--7-5--gCloud","number_of_ads_buy":5,"average_prize_buy":2605.81,"number_of_ads_rent":0,"average_prize_rent":0,"normalized_prize_buy":0.85418749569761,"normalized_ads_buy":0.16666666666666666,"normalized_prize_rent":null,"normalized_ads_rent":0,"date":"2018-12-03T15:00:53.000Z","fill-opacity":0.683349996558088,"fill":"#ff0000"},"bbox":[-3.81942,40.3307,-3.82468,40.3362],"geometry":{"type":"Polygon","coordinates":[[[-3.81942,40.3362],[-3.82468,40.3362],[-3.82468,40.3307],[-3.81942,40.3307],[-3.81942,40.3362]]]}},{"type":"Feature","properties":{"name":"Alcorcón--piece--7-6--gCloud","number_of_ads_buy":0,"average_prize_buy":0,"number_of_ads_rent":1,"average_prize_rent":10,"normalized_prize_buy":0,"normalized_ads_buy":0,"normalized_prize_rent":null,"normalized_ads_rent":0.03333333333333333,"date":"2018-12-03T15:01:04.000Z","fill-opacity":0,"fill":"#ff0000"},"bbox":[-3.81942,40.3252,-3.82468,40.3307],"geometry":{"type":"Polygon","coordinates":[[[-3.81942,40.3307],[-3.82468,40.3307],[-3.82468,40.3252],[-3.81942,40.3252],[-3.81942,40.3307]]]}},{"type":"Feature","properties":{"name":"Alcorcón--piece--8-0--gCloud","number_of_ads_buy":0,"average_prize_buy":0,"number_of_ads_rent":0,"average_prize_rent":0,"normalized_prize_buy":0,"normalized_ads_buy":0,"normalized_prize_rent":null,"normalized_ads_rent":0,"date":"2018-12-03T15:01:09.000Z","fill-opacity":0,"fill":"#ff0000"},"bbox":[-3.81416,40.3583,-3.81942,40.3638],"geometry":{"type":"Polygon","coordinates":[[[-3.81416,40.3638],[-3.81942,40.3638],[-3.81942,40.3583],[-3.81416,40.3583],[-3.81416,40.3638]]]}},{"type":"Feature","properties":{"name":"Alcorcón--piece--8-1--gCloud","number_of_ads_buy":7,"average_prize_buy":2228.37,"number_of_ads_rent":1,"average_prize_rent":9.61539,"normalized_prize_buy":0.730462232391342,"normalized_ads_buy":0.23333333333333334,"normalized_prize_rent":null,"normalized_ads_rent":0.03333333333333333,"date":"2018-12-03T15:01:15.000Z","fill-opacity":0.5843697859130736,"fill":"#ff0000"},"bbox":[-3.81416,40.3528,-3.81942,40.3583],"geometry":{"type":"Polygon","coordinates":[[[-3.81416,40.3583],[-3.81942,40.3583],[-3.81942,40.3528],[-3.81416,40.3528],[-3.81416,40.3583]]]}},{"type":"Feature","properties":{"name":"Alcorcón--piece--8-2--gCloud","number_of_ads_buy":21,"average_prize_buy":2224.85,"number_of_ads_rent":2,"average_prize_rent":7.12607,"normalized_prize_buy":0.729308372368986,"normalized_ads_buy":0.7,"normalized_prize_rent":null,"normalized_ads_rent":0.06666666666666667,"date":"2018-12-03T15:01:24.000Z","fill-opacity":0.5834466978951889,"fill":"#ff0000"},"bbox":[-3.81416,40.3473,-3.81942,40.3528],"geometry":{"type":"Polygon","coordinates":[[[-3.81416,40.3528],[-3.81942,40.3528],[-3.81942,40.3473],[-3.81416,40.3473],[-3.81416,40.3528]]]}},{"type":"Feature","properties":{"name":"Alcorcón--piece--8-3--gCloud","number_of_ads_buy":20,"average_prize_buy":2220.41,"number_of_ads_rent":3,"average_prize_rent":8.72346,"normalized_prize_buy":0.7278529352953323,"normalized_ads_buy":0.6666666666666666,"normalized_prize_rent":null,"normalized_ads_rent":0.1,"date":"2018-12-03T15:01:34.000Z","fill-opacity":0.5822823482362659,"fill":"#ff0000"},"bbox":[-3.81416,40.3418,-3.81942,40.3473],"geometry":{"type":"Polygon","coordinates":[[[-3.81416,40.3473],[-3.81942,40.3473],[-3.81942,40.3418],[-3.81416,40.3418],[-3.81416,40.3473]]]}},{"type":"Feature","properties":{"name":"Alcorcón--piece--8-4--gCloud","number_of_ads_buy":1,"average_prize_buy":1728.26,"number_of_ads_rent":0,"average_prize_rent":0,"normalized_prize_buy":0.5665256029082517,"normalized_ads_buy":0.03333333333333333,"normalized_prize_rent":null,"normalized_ads_rent":0,"date":"2018-12-03T15:01:42.000Z","fill-opacity":0.4532204823266014,"fill":"#ff0000"},"bbox":[-3.81416,40.3362,-3.81942,40.3418],"geometry":{"type":"Polygon","coordinates":[[[-3.81416,40.3418],[-3.81942,40.3418],[-3.81942,40.3362],[-3.81416,40.3362],[-3.81416,40.3418]]]}},{"type":"Feature","properties":{"name":"Alcorcón--piece--8-5--gCloud","number_of_ads_buy":0,"average_prize_buy":0,"number_of_ads_rent":0,"average_prize_rent":0,"normalized_prize_buy":0,"normalized_ads_buy":0,"normalized_prize_rent":null,"normalized_ads_rent":0,"date":"2018-12-03T15:01:50.000Z","fill-opacity":0,"fill":"#ff0000"},"bbox":[-3.81416,40.3307,-3.81942,40.3362],"geometry":{"type":"Polygon","coordinates":[[[-3.81416,40.3362],[-3.81942,40.3362],[-3.81942,40.3307],[-3.81416,40.3307],[-3.81416,40.3362]]]}},{"type":"Feature","properties":{"name":"Alcorcón--piece--8-6--gCloud","number_of_ads_buy":0,"average_prize_buy":0,"number_of_ads_rent":0,"average_prize_rent":0,"normalized_prize_buy":0,"normalized_ads_buy":0,"normalized_prize_rent":null,"normalized_ads_rent":0,"date":"2018-12-03T15:02:10.000Z","fill-opacity":0,"fill":"#ff0000"},"bbox":[-3.81416,40.3252,-3.81942,40.3307],"geometry":{"type":"Polygon","coordinates":[[[-3.81416,40.3307],[-3.81942,40.3307],[-3.81942,40.3252],[-3.81416,40.3252],[-3.81416,40.3307]]]}},{"type":"Feature","properties":{"name":"Alcorcón--piece--9-0--gCloud","number_of_ads_buy":0,"average_prize_buy":0,"number_of_ads_rent":0,"average_prize_rent":0,"normalized_prize_buy":0,"normalized_ads_buy":0,"normalized_prize_rent":null,"normalized_ads_rent":0,"date":"2018-12-03T15:02:15.000Z","fill-opacity":0,"fill":"#ff0000"},"bbox":[-3.80891,40.3583,-3.81416,40.3638],"geometry":{"type":"Polygon","coordinates":[[[-3.80891,40.3638],[-3.81416,40.3638],[-3.81416,40.3583],[-3.80891,40.3583],[-3.80891,40.3638]]]}},{"type":"Feature","properties":{"name":"Alcorcón--piece--9-1--gCloud","number_of_ads_buy":16,"average_prize_buy":1879.46,"number_of_ads_rent":3,"average_prize_rent":10.0915,"normalized_prize_buy":0.616089135686727,"normalized_ads_buy":0.5333333333333333,"normalized_prize_rent":null,"normalized_ads_rent":0.1,"date":"2018-12-03T15:02:21.000Z","fill-opacity":0.4928713085493816,"fill":"#ff0000"},"bbox":[-3.80891,40.3528,-3.81416,40.3583],"geometry":{"type":"Polygon","coordinates":[[[-3.80891,40.3583],[-3.81416,40.3583],[-3.81416,40.3528],[-3.80891,40.3528],[-3.80891,40.3583]]]}},{"type":"Feature","properties":{"name":"Alcorcón--piece--9-2--gCloud","number_of_ads_buy":8,"average_prize_buy":2367.99,"number_of_ads_rent":5,"average_prize_rent":9.72994,"normalized_prize_buy":0.7762298279371801,"normalized_ads_buy":0.26666666666666666,"normalized_prize_rent":null,"normalized_ads_rent":0.16666666666666666,"date":"2018-12-03T15:02:27.000Z","fill-opacity":0.6209838623497441,"fill":"#ff0000"},"bbox":[-3.80891,40.3473,-3.81416,40.3528],"geometry":{"type":"Polygon","coordinates":[[[-3.80891,40.3528],[-3.81416,40.3528],[-3.81416,40.3473],[-3.80891,40.3473],[-3.80891,40.3528]]]}},{"type":"Feature","properties":{"name":"Alcorcón--piece--9-3--gCloud","number_of_ads_buy":14,"average_prize_buy":2263.93,"number_of_ads_rent":1,"average_prize_rent":10.101,"normalized_prize_buy":0.7421188410262798,"normalized_ads_buy":0.4666666666666667,"normalized_prize_rent":null,"normalized_ads_rent":0.03333333333333333,"date":"2018-12-03T15:02:33.000Z","fill-opacity":0.5936950728210239,"fill":"#ff0000"},"bbox":[-3.80891,40.3418,-3.81416,40.3473],"geometry":{"type":"Polygon","coordinates":[[[-3.80891,40.3473],[-3.81416,40.3473],[-3.81416,40.3418],[-3.80891,40.3418],[-3.80891,40.3473]]]}},{"type":"Feature","properties":{"name":"Alcorcón--piece--9-4--gCloud","number_of_ads_buy":1,"average_prize_buy":979.021,"number_of_ads_rent":0,"average_prize_rent":0,"normalized_prize_buy":0.32092420254177,"normalized_ads_buy":0.03333333333333333,"normalized_prize_rent":null,"normalized_ads_rent":0,"date":"2018-12-03T15:02:44.000Z","fill-opacity":0.256739362033416,"fill":"#ff0000"},"bbox":[-3.80891,40.3362,-3.81416,40.3418],"geometry":{"type":"Polygon","coordinates":[[[-3.80891,40.3418],[-3.81416,40.3418],[-3.81416,40.3362],[-3.80891,40.3362],[-3.80891,40.3418]]]}},{"type":"Feature","properties":{"name":"Alcorcón--piece--9-5--gCloud","number_of_ads_buy":0,"average_prize_buy":0,"number_of_ads_rent":0,"average_prize_rent":0,"normalized_prize_buy":0,"normalized_ads_buy":0,"normalized_prize_rent":null,"normalized_ads_rent":0,"date":"2018-12-03T15:02:50.000Z","fill-opacity":0,"fill":"#ff0000"},"bbox":[-3.80891,40.3307,-3.81416,40.3362],"geometry":{"type":"Polygon","coordinates":[[[-3.80891,40.3362],[-3.81416,40.3362],[-3.81416,40.3307],[-3.80891,40.3307],[-3.80891,40.3362]]]}},{"type":"Feature","properties":{"name":"Alcorcón--piece--9-6--gCloud","number_of_ads_buy":0,"average_prize_buy":0,"number_of_ads_rent":0,"average_prize_rent":0,"normalized_prize_buy":0,"normalized_ads_buy":0,"normalized_prize_rent":null,"normalized_ads_rent":0,"date":"2018-12-03T15:02:55.000Z","fill-opacity":0,"fill":"#ff0000"},"bbox":[-3.80891,40.3252,-3.81416,40.3307],"geometry":{"type":"Polygon","coordinates":[[[-3.80891,40.3307],[-3.81416,40.3307],[-3.81416,40.3252],[-3.80891,40.3252],[-3.80891,40.3307]]]}}]}