{"type":"FeatureCollection","features":[{"type":"Feature","properties":{"name":"Alcorcón--2800701001--raspberryOld","number_of_ads_buy":29,"average_prize_buy":2000.22,"number_of_ads_rent":29,"average_prize_rent":10.4802,"normalized_prize_buy":0.682715543723121,"normalized_ads_buy":0.9666666666666667,"normalized_prize_rent":null,"normalized_ads_rent":0.9666666666666667,"date":"2018-12-07T06:35:56.000Z","fill-opacity":0.5461724349784969,"fill":"#ff0000"},"bbox":[-3.80694,40.3443,-3.87912,40.3908],"geometry":{"type":"Polygon","coordinates":[[[-3.80694,40.3908],[-3.87912,40.3908],[-3.87912,40.3443],[-3.80694,40.3443],[-3.80694,40.3908]]]}},{"type":"Feature","properties":{"name":"Alcorcón--2800701002--raspberryOld","number_of_ads_buy":8,"average_prize_buy":1650.47,"number_of_ads_rent":0,"average_prize_rent":0,"normalized_prize_buy":0.5633387944569594,"normalized_ads_buy":0.26666666666666666,"normalized_prize_rent":null,"normalized_ads_rent":0,"date":"2018-12-07T06:36:15.000Z","fill-opacity":0.4506710355655676,"fill":"#ff0000"},"bbox":[-3.83066,40.3477,-3.837,40.3521],"geometry":{"type":"Polygon","coordinates":[[[-3.83066,40.3521],[-3.837,40.3521],[-3.837,40.3477],[-3.83066,40.3477],[-3.83066,40.3521]]]}},{"type":"Feature","properties":{"name":"Alcorcón--2800701003--raspberryOld","number_of_ads_buy":3,"average_prize_buy":2481.93,"number_of_ads_rent":1,"average_prize_rent":6.9,"normalized_prize_buy":0.8471329100962522,"normalized_ads_buy":0.1,"normalized_prize_rent":null,"normalized_ads_rent":0.03333333333333333,"date":"2018-12-07T06:36:34.000Z","fill-opacity":0.6777063280770018,"fill":"#ff0000"},"bbox":[-3.82456,40.3511,-3.82814,40.3527],"geometry":{"type":"Polygon","coordinates":[[[-3.82456,40.3527],[-3.82814,40.3527],[-3.82814,40.3511],[-3.82456,40.3511],[-3.82456,40.3527]]]}},{"type":"Feature","properties":{"name":"Alcorcón--2800701004--raspberryOld","number_of_ads_buy":5,"average_prize_buy":1786.21,"number_of_ads_rent":1,"average_prize_rent":6.9,"normalized_prize_buy":0.6096696020206157,"normalized_ads_buy":0.16666666666666666,"normalized_prize_rent":null,"normalized_ads_rent":0.03333333333333333,"date":"2018-12-07T06:36:52.000Z","fill-opacity":0.4877356816164926,"fill":"#ff0000"},"bbox":[-3.82582,40.3502,-3.8282,40.352],"geometry":{"type":"Polygon","coordinates":[[[-3.82582,40.352],[-3.8282,40.352],[-3.8282,40.3502],[-3.82582,40.3502],[-3.82582,40.352]]]}},{"type":"Feature","properties":{"name":"Alcorcón--2800701005--raspberryOld","number_of_ads_buy":21,"average_prize_buy":1914.34,"number_of_ads_rent":2,"average_prize_rent":7.7451,"normalized_prize_buy":0.6534029626595671,"normalized_ads_buy":0.7,"normalized_prize_rent":null,"normalized_ads_rent":0.06666666666666667,"date":"2018-12-07T06:37:15.000Z","fill-opacity":0.5227223701276537,"fill":"#ff0000"},"bbox":[-3.82351,40.3492,-3.82823,40.3515],"geometry":{"type":"Polygon","coordinates":[[[-3.82351,40.3515],[-3.82823,40.3515],[-3.82823,40.3492],[-3.82351,40.3492],[-3.82351,40.3515]]]}},{"type":"Feature","properties":{"name":"Alcorcón--2800701006--raspberryOld","number_of_ads_buy":11,"average_prize_buy":1845.78,"number_of_ads_rent":0,"average_prize_rent":0,"normalized_prize_buy":0.6300020479213597,"normalized_ads_buy":0.36666666666666664,"normalized_prize_rent":null,"normalized_ads_rent":0,"date":"2018-12-07T06:37:33.000Z","fill-opacity":0.5040016383370878,"fill":"#ff0000"},"bbox":[-3.82578,40.3484,-3.82819,40.3501],"geometry":{"type":"Polygon","coordinates":[[[-3.82578,40.3501],[-3.82819,40.3501],[-3.82819,40.3484],[-3.82578,40.3484],[-3.82578,40.3501]]]}},{"type":"Feature","properties":{"name":"Alcorcón--2800701007--raspberryOld","number_of_ads_buy":16,"average_prize_buy":2044.68,"number_of_ads_rent":1,"average_prize_rent":10,"normalized_prize_buy":0.6978906409993856,"normalized_ads_buy":0.5333333333333333,"normalized_prize_rent":null,"normalized_ads_rent":0.03333333333333333,"date":"2018-12-07T06:37:51.000Z","fill-opacity":0.5583125127995084,"fill":"#ff0000"},"bbox":[-3.82771,40.3464,-3.82998,40.3491],"geometry":{"type":"Polygon","coordinates":[[[-3.82771,40.3491],[-3.82998,40.3491],[-3.82998,40.3464],[-3.82771,40.3464],[-3.82771,40.3491]]]}},{"type":"Feature","properties":{"name":"Alcorcón--2800701008--raspberryOld","number_of_ads_buy":4,"average_prize_buy":1742.5,"number_of_ads_rent":2,"average_prize_rent":12.2998,"normalized_prize_buy":0.5947504949143286,"normalized_ads_buy":0.13333333333333333,"normalized_prize_rent":null,"normalized_ads_rent":0.06666666666666667,"date":"2018-12-07T06:38:09.000Z","fill-opacity":0.47580039593146295,"fill":"#ff0000"},"bbox":[-3.82558,40.3472,-3.82788,40.3489],"geometry":{"type":"Polygon","coordinates":[[[-3.82558,40.3489],[-3.82788,40.3489],[-3.82788,40.3472],[-3.82558,40.3472],[-3.82558,40.3489]]]}},{"type":"Feature","properties":{"name":"Alcorcón--2800701009--raspberryOld","number_of_ads_buy":5,"average_prize_buy":1578.26,"number_of_ads_rent":0,"average_prize_rent":0,"normalized_prize_buy":0.5386920608915284,"normalized_ads_buy":0.16666666666666666,"normalized_prize_rent":null,"normalized_ads_rent":0,"date":"2018-12-07T06:38:27.000Z","fill-opacity":0.4309536487132228,"fill":"#ff0000"},"bbox":[-3.82556,40.3463,-3.82771,40.3476],"geometry":{"type":"Polygon","coordinates":[[[-3.82556,40.3476],[-3.82771,40.3476],[-3.82771,40.3463],[-3.82556,40.3463],[-3.82556,40.3476]]]}},{"type":"Feature","properties":{"name":"Alcorcón--2800701010--raspberryOld","number_of_ads_buy":21,"average_prize_buy":1906.22,"number_of_ads_rent":2,"average_prize_rent":11.5,"normalized_prize_buy":0.6506314424192777,"normalized_ads_buy":0.7,"normalized_prize_rent":null,"normalized_ads_rent":0.06666666666666667,"date":"2018-12-07T06:38:51.000Z","fill-opacity":0.5205051539354222,"fill":"#ff0000"},"bbox":[-3.82697,40.3455,-3.83,40.3472],"geometry":{"type":"Polygon","coordinates":[[[-3.82697,40.3472],[-3.83,40.3472],[-3.83,40.3455],[-3.82697,40.3455],[-3.82697,40.3472]]]}},{"type":"Feature","properties":{"name":"Alcorcón--2800701011--raspberryOld","number_of_ads_buy":13,"average_prize_buy":1771.38,"number_of_ads_rent":1,"average_prize_rent":2.08333,"normalized_prize_buy":0.6046078230595945,"normalized_ads_buy":0.43333333333333335,"normalized_prize_rent":null,"normalized_ads_rent":0.03333333333333333,"date":"2018-12-07T06:39:11.000Z","fill-opacity":0.4836862584476756,"fill":"#ff0000"},"bbox":[-3.82368,40.3448,-3.82737,40.3463],"geometry":{"type":"Polygon","coordinates":[[[-3.82368,40.3463],[-3.82737,40.3463],[-3.82737,40.3448],[-3.82368,40.3448],[-3.82368,40.3463]]]}},{"type":"Feature","properties":{"name":"Alcorcón--2800701012--raspberryOld","number_of_ads_buy":10,"average_prize_buy":1647.45,"number_of_ads_rent":2,"average_prize_rent":9.75,"normalized_prize_buy":0.5623080073725168,"normalized_ads_buy":0.3333333333333333,"normalized_prize_rent":null,"normalized_ads_rent":0.06666666666666667,"date":"2018-12-07T06:39:30.000Z","fill-opacity":0.4498464058980135,"fill":"#ff0000"},"bbox":[-3.8247,40.3434,-3.82682,40.3455],"geometry":{"type":"Polygon","coordinates":[[[-3.8247,40.3455],[-3.82682,40.3455],[-3.82682,40.3434],[-3.8247,40.3434],[-3.8247,40.3455]]]}},{"type":"Feature","properties":{"name":"Alcorcón--2800701013--raspberryOld","number_of_ads_buy":7,"average_prize_buy":1658.45,"number_of_ads_rent":4,"average_prize_rent":8.28045,"normalized_prize_buy":0.5660625298655199,"normalized_ads_buy":0.23333333333333334,"normalized_prize_rent":null,"normalized_ads_rent":0.13333333333333333,"date":"2018-12-07T06:39:48.000Z","fill-opacity":0.4528500238924159,"fill":"#ff0000"},"bbox":[-3.82294,40.3436,-3.82503,40.345],"geometry":{"type":"Polygon","coordinates":[[[-3.82294,40.345],[-3.82503,40.345],[-3.82503,40.3436],[-3.82294,40.3436],[-3.82294,40.345]]]}},{"type":"Feature","properties":{"name":"Alcorcón--2800701014--raspberryOld","number_of_ads_buy":3,"average_prize_buy":1826.42,"number_of_ads_rent":3,"average_prize_rent":11.0265,"normalized_prize_buy":0.6233940883336746,"normalized_ads_buy":0.1,"normalized_prize_rent":null,"normalized_ads_rent":0.1,"date":"2018-12-07T06:40:05.000Z","fill-opacity":0.4987152706669397,"fill":"#ff0000"},"bbox":[-3.8294,40.3489,-3.83188,40.3505],"geometry":{"type":"Polygon","coordinates":[[[-3.8294,40.3505],[-3.83188,40.3505],[-3.83188,40.3489],[-3.8294,40.3489],[-3.8294,40.3505]]]}},{"type":"Feature","properties":{"name":"Alcorcón--2800701015--raspberryOld","number_of_ads_buy":23,"average_prize_buy":1485,"number_of_ads_rent":6,"average_prize_rent":8.00659,"normalized_prize_buy":0.5068605365553962,"normalized_ads_buy":0.7666666666666667,"normalized_prize_rent":null,"normalized_ads_rent":0.2,"date":"2018-12-07T06:40:25.000Z","fill-opacity":0.405488429244317,"fill":"#ff0000"},"bbox":[-3.83019,40.3891,-3.84785,40.403],"geometry":{"type":"Polygon","coordinates":[[[-3.83019,40.403],[-3.84785,40.403],[-3.84785,40.3891],[-3.83019,40.3891],[-3.83019,40.403]]]}},{"type":"Feature","properties":{"name":"Alcorcón--2800701016--raspberryOld","number_of_ads_buy":29,"average_prize_buy":2018.05,"number_of_ads_rent":2,"average_prize_rent":9.22024,"normalized_prize_buy":0.6888012833640521,"normalized_ads_buy":0.9666666666666667,"normalized_prize_rent":null,"normalized_ads_rent":0.06666666666666667,"date":"2018-12-07T06:40:52.000Z","fill-opacity":0.5510410266912417,"fill":"#ff0000"},"bbox":[-3.83,40.3445,-3.84582,40.3549],"geometry":{"type":"Polygon","coordinates":[[[-3.83,40.3549],[-3.84582,40.3549],[-3.84582,40.3445],[-3.83,40.3445],[-3.83,40.3549]]]}},{"type":"Feature","properties":{"name":"Alcorcón--2800701017--raspberryOld","number_of_ads_buy":10,"average_prize_buy":2454.87,"number_of_ads_rent":0,"average_prize_rent":0,"normalized_prize_buy":0.837896784763465,"normalized_ads_buy":0.3333333333333333,"normalized_prize_rent":null,"normalized_ads_rent":0,"date":"2018-12-07T06:41:09.000Z","fill-opacity":0.670317427810772,"fill":"#ff0000"},"bbox":[-3.83843,40.3419,-3.84956,40.3509],"geometry":{"type":"Polygon","coordinates":[[[-3.83843,40.3509],[-3.84956,40.3509],[-3.84956,40.3419],[-3.83843,40.3419],[-3.83843,40.3509]]]}},{"type":"Feature","properties":{"name":"Alcorcón--2800701018--raspberryOld","number_of_ads_buy":30,"average_prize_buy":2426.72,"number_of_ads_rent":10,"average_prize_rent":9.69154,"normalized_prize_buy":0.8282886203836438,"normalized_ads_buy":1,"normalized_prize_rent":null,"normalized_ads_rent":0.3333333333333333,"date":"2018-12-07T06:41:32.000Z","fill-opacity":0.6626308963069151,"fill":"#ff0000"},"bbox":[-3.84179,40.332,-3.86151,40.352],"geometry":{"type":"Polygon","coordinates":[[[-3.84179,40.352],[-3.86151,40.352],[-3.86151,40.332],[-3.84179,40.332],[-3.84179,40.352]]]}},{"type":"Feature","properties":{"name":"Alcorcón--2800702001--raspberryOld","number_of_ads_buy":7,"average_prize_buy":1974.37,"number_of_ads_rent":0,"average_prize_rent":0,"normalized_prize_buy":0.673892415864564,"normalized_ads_buy":0.23333333333333334,"normalized_prize_rent":null,"normalized_ads_rent":0,"date":"2018-12-07T06:42:00.000Z","fill-opacity":0.5391139326916513,"fill":"#ff0000"},"bbox":[-3.82021,40.3496,-3.82385,40.3519],"geometry":{"type":"Polygon","coordinates":[[[-3.82021,40.3519],[-3.82385,40.3519],[-3.82385,40.3496],[-3.82021,40.3496],[-3.82021,40.3519]]]}},{"type":"Feature","properties":{"name":"Alcorcón--2800702002--raspberryOld","number_of_ads_buy":2,"average_prize_buy":2156.55,"number_of_ads_rent":0,"average_prize_rent":0,"normalized_prize_buy":0.7360741347532255,"normalized_ads_buy":0.06666666666666667,"normalized_prize_rent":null,"normalized_ads_rent":0,"date":"2018-12-07T06:42:24.000Z","fill-opacity":0.5888593078025804,"fill":"#ff0000"},"bbox":[-3.81904,40.3492,-3.82122,40.351],"geometry":{"type":"Polygon","coordinates":[[[-3.81904,40.351],[-3.82122,40.351],[-3.82122,40.3492],[-3.81904,40.3492],[-3.81904,40.351]]]}},{"type":"Feature","properties":{"name":"Alcorcón--2800702003--raspberryOld","number_of_ads_buy":9,"average_prize_buy":2302.3,"number_of_ads_rent":0,"average_prize_rent":0,"normalized_prize_buy":0.7858215577855144,"normalized_ads_buy":0.3,"normalized_prize_rent":null,"normalized_ads_rent":0,"date":"2018-12-07T06:42:43.000Z","fill-opacity":0.6286572462284116,"fill":"#ff0000"},"bbox":[-3.81687,40.3477,-3.81973,40.3499],"geometry":{"type":"Polygon","coordinates":[[[-3.81687,40.3499],[-3.81973,40.3499],[-3.81973,40.3477],[-3.81687,40.3477],[-3.81687,40.3499]]]}},{"type":"Feature","properties":{"name":"Alcorcón--2800702004--raspberryOld","number_of_ads_buy":8,"average_prize_buy":2048.75,"number_of_ads_rent":1,"average_prize_rent":7.30769,"normalized_prize_buy":0.6992798143217966,"normalized_ads_buy":0.26666666666666666,"normalized_prize_rent":null,"normalized_ads_rent":0.03333333333333333,"date":"2018-12-07T06:43:05.000Z","fill-opacity":0.5594238514574373,"fill":"#ff0000"},"bbox":[-3.81569,40.349,-3.81843,40.3511],"geometry":{"type":"Polygon","coordinates":[[[-3.81569,40.3511],[-3.81843,40.3511],[-3.81843,40.349],[-3.81569,40.349],[-3.81569,40.3511]]]}},{"type":"Feature","properties":{"name":"Alcorcón--2800702005--raspberryOld","number_of_ads_buy":5,"average_prize_buy":2142.49,"number_of_ads_rent":1,"average_prize_rent":7.30769,"normalized_prize_buy":0.7312751723667144,"normalized_ads_buy":0.16666666666666666,"normalized_prize_rent":null,"normalized_ads_rent":0.03333333333333333,"date":"2018-12-07T06:43:27.000Z","fill-opacity":0.5850201378933715,"fill":"#ff0000"},"bbox":[-3.81726,40.3501,-3.82083,40.353],"geometry":{"type":"Polygon","coordinates":[[[-3.81726,40.353],[-3.82083,40.353],[-3.82083,40.3501],[-3.81726,40.3501],[-3.81726,40.353]]]}},{"type":"Feature","properties":{"name":"Alcorcón--2800702006--raspberryOld","number_of_ads_buy":4,"average_prize_buy":2057.24,"number_of_ads_rent":0,"average_prize_rent":0,"normalized_prize_buy":0.7021776230459416,"normalized_ads_buy":0.13333333333333333,"normalized_prize_rent":null,"normalized_ads_rent":0,"date":"2018-12-07T06:43:45.000Z","fill-opacity":0.5617420984367533,"fill":"#ff0000"},"bbox":[-3.81911,40.3506,-3.8225,40.3528],"geometry":{"type":"Polygon","coordinates":[[[-3.81911,40.3528],[-3.8225,40.3528],[-3.8225,40.3506],[-3.81911,40.3506],[-3.81911,40.3528]]]}},{"type":"Feature","properties":{"name":"Alcorcón--2800702007--raspberryOld","number_of_ads_buy":6,"average_prize_buy":2028.1,"number_of_ads_rent":0,"average_prize_rent":0,"normalized_prize_buy":0.6922315516417502,"normalized_ads_buy":0.2,"normalized_prize_rent":null,"normalized_ads_rent":0,"date":"2018-12-07T06:44:04.000Z","fill-opacity":0.5537852413134002,"fill":"#ff0000"},"bbox":[-3.8166,40.3518,-3.82007,40.3542],"geometry":{"type":"Polygon","coordinates":[[[-3.8166,40.3542],[-3.82007,40.3542],[-3.82007,40.3518],[-3.8166,40.3518],[-3.8166,40.3542]]]}},{"type":"Feature","properties":{"name":"Alcorcón--2800702008--raspberryOld","number_of_ads_buy":6,"average_prize_buy":2152.8,"number_of_ads_rent":1,"average_prize_rent":6.94444,"normalized_prize_buy":0.7347941839033382,"normalized_ads_buy":0.2,"normalized_prize_rent":null,"normalized_ads_rent":0.03333333333333333,"date":"2018-12-07T06:44:25.000Z","fill-opacity":0.5878353471226706,"fill":"#ff0000"},"bbox":[-3.81444,40.3505,-3.81756,40.3527],"geometry":{"type":"Polygon","coordinates":[[[-3.81444,40.3527],[-3.81756,40.3527],[-3.81756,40.3505],[-3.81444,40.3505],[-3.81444,40.3527]]]}},{"type":"Feature","properties":{"name":"Alcorcón--2800702009--raspberryOld","number_of_ads_buy":5,"average_prize_buy":2159.71,"number_of_ads_rent":2,"average_prize_rent":7.38527,"normalized_prize_buy":0.7371527066693971,"normalized_ads_buy":0.16666666666666666,"normalized_prize_rent":null,"normalized_ads_rent":0.06666666666666667,"date":"2018-12-07T06:44:46.000Z","fill-opacity":0.5897221653355177,"fill":"#ff0000"},"bbox":[-3.81281,40.3514,-3.8166,40.3543],"geometry":{"type":"Polygon","coordinates":[[[-3.81281,40.3543],[-3.8166,40.3543],[-3.8166,40.3514],[-3.81281,40.3514],[-3.81281,40.3543]]]}},{"type":"Feature","properties":{"name":"Alcorcón--2800702010--raspberryOld","number_of_ads_buy":4,"average_prize_buy":2177.78,"number_of_ads_rent":0,"average_prize_rent":0,"normalized_prize_buy":0.7433203631647212,"normalized_ads_buy":0.13333333333333333,"normalized_prize_rent":null,"normalized_ads_rent":0,"date":"2018-12-07T06:45:04.000Z","fill-opacity":0.5946562905317769,"fill":"#ff0000"},"bbox":[-3.815,40.353,-3.81846,40.3552],"geometry":{"type":"Polygon","coordinates":[[[-3.815,40.3552],[-3.81846,40.3552],[-3.81846,40.353],[-3.815,40.353],[-3.815,40.3552]]]}},{"type":"Feature","properties":{"name":"Alcorcón--2800702011--raspberryOld","number_of_ads_buy":1,"average_prize_buy":2366.2,"number_of_ads_rent":0,"average_prize_rent":0,"normalized_prize_buy":0.8076319202675949,"normalized_ads_buy":0.03333333333333333,"normalized_prize_rent":null,"normalized_ads_rent":0,"date":"2018-12-07T06:45:28.000Z","fill-opacity":0.646105536214076,"fill":"#ff0000"},"bbox":[-3.81346,40.3543,-3.81654,40.3564],"geometry":{"type":"Polygon","coordinates":[[[-3.81346,40.3564],[-3.81654,40.3564],[-3.81654,40.3543],[-3.81346,40.3543],[-3.81346,40.3564]]]}},{"type":"Feature","properties":{"name":"Alcorcón--2800702012--raspberryOld","number_of_ads_buy":11,"average_prize_buy":1918.08,"number_of_ads_rent":2,"average_prize_rent":9.49438,"normalized_prize_buy":0.6546795003071881,"normalized_ads_buy":0.36666666666666664,"normalized_prize_rent":null,"normalized_ads_rent":0.06666666666666667,"date":"2018-12-07T06:45:48.000Z","fill-opacity":0.5237436002457505,"fill":"#ff0000"},"bbox":[-3.81123,40.353,-3.815,40.3558],"geometry":{"type":"Polygon","coordinates":[[[-3.81123,40.3558],[-3.815,40.3558],[-3.815,40.353],[-3.81123,40.353],[-3.81123,40.3558]]]}},{"type":"Feature","properties":{"name":"Alcorcón--2800702013--raspberryOld","number_of_ads_buy":5,"average_prize_buy":1965.37,"number_of_ads_rent":0,"average_prize_rent":0,"normalized_prize_buy":0.6708205338248344,"normalized_ads_buy":0.16666666666666666,"normalized_prize_rent":null,"normalized_ads_rent":0,"date":"2018-12-07T06:46:05.000Z","fill-opacity":0.5366564270598676,"fill":"#ff0000"},"bbox":[-3.80935,40.3546,-3.81317,40.3573],"geometry":{"type":"Polygon","coordinates":[[[-3.80935,40.3573],[-3.81317,40.3573],[-3.81317,40.3546],[-3.80935,40.3546],[-3.80935,40.3573]]]}},{"type":"Feature","properties":{"name":"Alcorcón--2800702014--raspberryOld","number_of_ads_buy":1,"average_prize_buy":2312.86,"number_of_ads_rent":0,"average_prize_rent":0,"normalized_prize_buy":0.7894258993787971,"normalized_ads_buy":0.03333333333333333,"normalized_prize_rent":null,"normalized_ads_rent":0,"date":"2018-12-07T06:46:27.000Z","fill-opacity":0.6315407195030378,"fill":"#ff0000"},"bbox":[-3.8106,40.3557,-3.81448,40.3581],"geometry":{"type":"Polygon","coordinates":[[[-3.8106,40.3581],[-3.81448,40.3581],[-3.81448,40.3557],[-3.8106,40.3557],[-3.8106,40.3581]]]}},{"type":"Feature","properties":{"name":"Alcorcón--2800702015--raspberryOld","number_of_ads_buy":29,"average_prize_buy":2308.52,"number_of_ads_rent":10,"average_prize_rent":10.0448,"normalized_prize_buy":0.7879445695951942,"normalized_ads_buy":0.9666666666666667,"normalized_prize_rent":null,"normalized_ads_rent":0.3333333333333333,"date":"2018-12-07T06:46:52.000Z","fill-opacity":0.6303556556761554,"fill":"#ff0000"},"bbox":[-3.78777,40.3511,-3.82456,40.3664],"geometry":{"type":"Polygon","coordinates":[[[-3.78777,40.3664],[-3.82456,40.3664],[-3.82456,40.3511],[-3.78777,40.3511],[-3.78777,40.3664]]]}},{"type":"Feature","properties":{"name":"Alcorcón--2800702016--raspberryOld","number_of_ads_buy":17,"average_prize_buy":2225.71,"number_of_ads_rent":4,"average_prize_rent":11.8344,"normalized_prize_buy":0.7596798416274148,"normalized_ads_buy":0.5666666666666667,"normalized_prize_rent":null,"normalized_ads_rent":0.13333333333333333,"date":"2018-12-07T06:47:13.000Z","fill-opacity":0.6077438733019318,"fill":"#ff0000"},"bbox":[-3.80351,40.3496,-3.81121,40.3567],"geometry":{"type":"Polygon","coordinates":[[[-3.80351,40.3567],[-3.81121,40.3567],[-3.81121,40.3496],[-3.80351,40.3496],[-3.80351,40.3567]]]}},{"type":"Feature","properties":{"name":"Alcorcón--2800702017--raspberryOld","number_of_ads_buy":4,"average_prize_buy":1861.85,"number_of_ads_rent":0,"average_prize_rent":0,"normalized_prize_buy":0.6354870639634104,"normalized_ads_buy":0.13333333333333333,"normalized_prize_rent":null,"normalized_ads_rent":0,"date":"2018-12-07T06:47:31.000Z","fill-opacity":0.5083896511707283,"fill":"#ff0000"},"bbox":[-3.80903,40.3528,-3.81152,40.3563],"geometry":{"type":"Polygon","coordinates":[[[-3.80903,40.3563],[-3.81152,40.3563],[-3.81152,40.3528],[-3.80903,40.3528],[-3.80903,40.3563]]]}},{"type":"Feature","properties":{"name":"Alcorcón--2800702019--raspberryOld","number_of_ads_buy":12,"average_prize_buy":2833.5,"number_of_ads_rent":1,"average_prize_rent":8.03571,"normalized_prize_buy":0.9671308621748924,"normalized_ads_buy":0.4,"normalized_prize_rent":null,"normalized_ads_rent":0.03333333333333333,"date":"2018-12-07T06:47:50.000Z","fill-opacity":0.773704689739914,"fill":"#ff0000"},"bbox":[-3.80763,40.3465,-3.81194,40.3501],"geometry":{"type":"Polygon","coordinates":[[[-3.80763,40.3501],[-3.81194,40.3501],[-3.81194,40.3465],[-3.80763,40.3465],[-3.80763,40.3501]]]}},{"type":"Feature","properties":{"name":"Alcorcón--2800702020--raspberryOld","number_of_ads_buy":21,"average_prize_buy":2213.75,"number_of_ads_rent":2,"average_prize_rent":10.2832,"normalized_prize_buy":0.7555976517168407,"normalized_ads_buy":0.7,"normalized_prize_rent":null,"normalized_ads_rent":0.06666666666666667,"date":"2018-12-07T06:48:14.000Z","fill-opacity":0.6044781213734726,"fill":"#ff0000"},"bbox":[-3.81285,40.3461,-3.8182,40.3505],"geometry":{"type":"Polygon","coordinates":[[[-3.81285,40.3505],[-3.8182,40.3505],[-3.8182,40.3461],[-3.81285,40.3461],[-3.81285,40.3505]]]}},{"type":"Feature","properties":{"name":"Alcorcón--2800702021--raspberryOld","number_of_ads_buy":3,"average_prize_buy":2592.29,"number_of_ads_rent":2,"average_prize_rent":11.2158,"normalized_prize_buy":0.8848010103078707,"normalized_ads_buy":0.1,"normalized_prize_rent":null,"normalized_ads_rent":0.06666666666666667,"date":"2018-12-07T06:48:33.000Z","fill-opacity":0.7078408082462966,"fill":"#ff0000"},"bbox":[-3.80295,40.3475,-3.80784,40.3512],"geometry":{"type":"Polygon","coordinates":[[[-3.80295,40.3512],[-3.80784,40.3512],[-3.80784,40.3475],[-3.80295,40.3475],[-3.80295,40.3512]]]}},{"type":"Feature","properties":{"name":"Alcorcón--2800702022--raspberryOld","number_of_ads_buy":8,"average_prize_buy":1927.33,"number_of_ads_rent":3,"average_prize_rent":9.70466,"normalized_prize_buy":0.657836712403577,"normalized_ads_buy":0.26666666666666666,"normalized_prize_rent":null,"normalized_ads_rent":0.1,"date":"2018-12-07T06:48:51.000Z","fill-opacity":0.5262693699228617,"fill":"#ff0000"},"bbox":[-3.80886,40.3514,-3.81315,40.3543],"geometry":{"type":"Polygon","coordinates":[[[-3.80886,40.3543],[-3.81315,40.3543],[-3.81315,40.3514],[-3.80886,40.3514],[-3.80886,40.3543]]]}},{"type":"Feature","properties":{"name":"Alcorcón--2800702023--raspberryOld","number_of_ads_buy":1,"average_prize_buy":2238.1,"number_of_ads_rent":0,"average_prize_rent":0,"normalized_prize_buy":0.7639087992354426,"normalized_ads_buy":0.03333333333333333,"normalized_prize_rent":null,"normalized_ads_rent":0,"date":"2018-12-07T06:49:14.000Z","fill-opacity":0.6111270393883541,"fill":"#ff0000"},"bbox":[-3.81826,40.3487,-3.82073,40.3506],"geometry":{"type":"Polygon","coordinates":[[[-3.81826,40.3506],[-3.82073,40.3506],[-3.82073,40.3487],[-3.81826,40.3487],[-3.81826,40.3506]]]}},{"type":"Feature","properties":{"name":"Alcorcón--2800702024--raspberryOld","number_of_ads_buy":3,"average_prize_buy":2120.74,"number_of_ads_rent":0,"average_prize_rent":0,"normalized_prize_buy":0.7238514574373677,"normalized_ads_buy":0.1,"normalized_prize_rent":null,"normalized_ads_rent":0,"date":"2018-12-07T06:49:33.000Z","fill-opacity":0.5790811659498941,"fill":"#ff0000"},"bbox":[-3.81756,40.3515,-3.82049,40.3533],"geometry":{"type":"Polygon","coordinates":[[[-3.81756,40.3533],[-3.82049,40.3533],[-3.82049,40.3515],[-3.81756,40.3515],[-3.81756,40.3533]]]}},{"type":"Feature","properties":{"name":"Alcorcón--2800702025--raspberryOld","number_of_ads_buy":3,"average_prize_buy":2154.04,"number_of_ads_rent":0,"average_prize_rent":0,"normalized_prize_buy":0.7352174209843675,"normalized_ads_buy":0.1,"normalized_prize_rent":null,"normalized_ads_rent":0,"date":"2018-12-07T06:49:50.000Z","fill-opacity":0.588173936787494,"fill":"#ff0000"},"bbox":[-3.81534,40.3501,-3.81791,40.3518],"geometry":{"type":"Polygon","coordinates":[[[-3.81534,40.3518],[-3.81791,40.3518],[-3.81791,40.3501],[-3.81534,40.3501],[-3.81534,40.3518]]]}},{"type":"Feature","properties":{"name":"Alcorcón--2800702026--raspberryOld","number_of_ads_buy":1,"average_prize_buy":2320.39,"number_of_ads_rent":0,"average_prize_rent":0,"normalized_prize_buy":0.7919960406853709,"normalized_ads_buy":0.03333333333333333,"normalized_prize_rent":null,"normalized_ads_rent":0,"date":"2018-12-07T06:50:13.000Z","fill-opacity":0.6335968325482968,"fill":"#ff0000"},"bbox":[-3.81635,40.3527,-3.81807,40.354],"geometry":{"type":"Polygon","coordinates":[[[-3.81635,40.354],[-3.81807,40.354],[-3.81807,40.3527],[-3.81635,40.3527],[-3.81635,40.354]]]}},{"type":"Feature","properties":{"name":"Alcorcón--2800702027--raspberryOld","number_of_ads_buy":10,"average_prize_buy":2445.18,"number_of_ads_rent":3,"average_prize_rent":7.97907,"normalized_prize_buy":0.834589391767356,"normalized_ads_buy":0.3333333333333333,"normalized_prize_rent":null,"normalized_ads_rent":0.1,"date":"2018-12-07T06:50:31.000Z","fill-opacity":0.6676715134138849,"fill":"#ff0000"},"bbox":[-3.80987,40.3477,-3.81534,40.3526],"geometry":{"type":"Polygon","coordinates":[[[-3.80987,40.3526],[-3.81534,40.3526],[-3.81534,40.3477],[-3.80987,40.3477],[-3.80987,40.3526]]]}},{"type":"Feature","properties":{"name":"Alcorcón--2800702028--raspberryOld","number_of_ads_buy":10,"average_prize_buy":2048.38,"number_of_ads_rent":2,"average_prize_rent":10.4307,"normalized_prize_buy":0.6991535258379411,"normalized_ads_buy":0.3333333333333333,"normalized_prize_rent":null,"normalized_ads_rent":0.06666666666666667,"date":"2018-12-07T06:50:52.000Z","fill-opacity":0.5593228206703529,"fill":"#ff0000"},"bbox":[-3.81081,40.3453,-3.81438,40.3477],"geometry":{"type":"Polygon","coordinates":[[[-3.81081,40.3477],[-3.81438,40.3477],[-3.81438,40.3453],[-3.81081,40.3453],[-3.81081,40.3477]]]}},{"type":"Feature","properties":{"name":"Alcorcón--2800702029--raspberryOld","number_of_ads_buy":6,"average_prize_buy":2786.46,"number_of_ads_rent":0,"average_prize_rent":0,"normalized_prize_buy":0.9510751587139054,"normalized_ads_buy":0.2,"normalized_prize_rent":null,"normalized_ads_rent":0,"date":"2018-12-07T06:51:12.000Z","fill-opacity":0.7608601269711244,"fill":"#ff0000"},"bbox":[-3.80037,40.3493,-3.80402,40.3524],"geometry":{"type":"Polygon","coordinates":[[[-3.80037,40.3524],[-3.80402,40.3524],[-3.80402,40.3493],[-3.80037,40.3493],[-3.80037,40.3524]]]}},{"type":"Feature","properties":{"name":"Alcorcón--2800702030--raspberryOld","number_of_ads_buy":7,"average_prize_buy":1824.21,"number_of_ads_rent":1,"average_prize_rent":11.5625,"normalized_prize_buy":0.6226397706328076,"normalized_ads_buy":0.23333333333333334,"normalized_prize_rent":null,"normalized_ads_rent":0.03333333333333333,"date":"2018-12-07T06:51:34.000Z","fill-opacity":0.49811181650624614,"fill":"#ff0000"},"bbox":[-3.80453,40.3552,-3.81154,40.359],"geometry":{"type":"Polygon","coordinates":[[[-3.80453,40.359],[-3.81154,40.359],[-3.81154,40.3552],[-3.80453,40.3552],[-3.80453,40.359]]]}},{"type":"Feature","properties":{"name":"Alcorcón--2800702031--raspberryOld","number_of_ads_buy":8,"average_prize_buy":2578.73,"number_of_ads_rent":2,"average_prize_rent":9.09139,"normalized_prize_buy":0.8801727080346781,"normalized_ads_buy":0.26666666666666666,"normalized_prize_rent":null,"normalized_ads_rent":0.06666666666666667,"date":"2018-12-07T06:51:56.000Z","fill-opacity":0.7041381664277425,"fill":"#ff0000"},"bbox":[-3.80896,40.3471,-3.81286,40.3506],"geometry":{"type":"Polygon","coordinates":[[[-3.80896,40.3506],[-3.81286,40.3506],[-3.81286,40.3471],[-3.80896,40.3471],[-3.80896,40.3506]]]}},{"type":"Feature","properties":{"name":"Alcorcón--2800702032--raspberryOld","number_of_ads_buy":10,"average_prize_buy":2864.4,"number_of_ads_rent":1,"average_prize_rent":8.03571,"normalized_prize_buy":0.9776776571779643,"normalized_ads_buy":0.3333333333333333,"normalized_prize_rent":null,"normalized_ads_rent":0.03333333333333333,"date":"2018-12-07T06:52:18.000Z","fill-opacity":0.7821421257423715,"fill":"#ff0000"},"bbox":[-3.80672,40.3461,-3.81001,40.3494],"geometry":{"type":"Polygon","coordinates":[[[-3.80672,40.3494],[-3.81001,40.3494],[-3.81001,40.3461],[-3.80672,40.3461],[-3.80672,40.3494]]]}},{"type":"Feature","properties":{"name":"Alcorcón--2800702033--raspberryOld","number_of_ads_buy":12,"average_prize_buy":2603.01,"number_of_ads_rent":5,"average_prize_rent":10.3418,"normalized_prize_buy":0.8884599631374155,"normalized_ads_buy":0.4,"normalized_prize_rent":null,"normalized_ads_rent":0.16666666666666666,"date":"2018-12-07T06:52:37.000Z","fill-opacity":0.7107679705099325,"fill":"#ff0000"},"bbox":[-3.80217,40.3417,-3.81203,40.3476],"geometry":{"type":"Polygon","coordinates":[[[-3.80217,40.3476],[-3.81203,40.3476],[-3.81203,40.3417],[-3.80217,40.3417],[-3.80217,40.3476]]]}},{"type":"Feature","properties":{"name":"Alcorcón--2800702034--raspberryOld","number_of_ads_buy":10,"average_prize_buy":2910.68,"number_of_ads_rent":1,"average_prize_rent":12.069,"normalized_prize_buy":0.9934739572667075,"normalized_ads_buy":0.3333333333333333,"normalized_prize_rent":null,"normalized_ads_rent":0.03333333333333333,"date":"2018-12-07T06:52:59.000Z","fill-opacity":0.794779165813366,"fill":"#ff0000"},"bbox":[-3.79816,40.3517,-3.8035,40.3554],"geometry":{"type":"Polygon","coordinates":[[[-3.79816,40.3554],[-3.8035,40.3554],[-3.8035,40.3517],[-3.79816,40.3517],[-3.79816,40.3554]]]}},{"type":"Feature","properties":{"name":"Alcorcón--2800702035--raspberryOld","number_of_ads_buy":5,"average_prize_buy":2929.8,"number_of_ads_rent":3,"average_prize_rent":9.98897,"normalized_prize_buy":1,"normalized_ads_buy":0.16666666666666666,"normalized_prize_rent":null,"normalized_ads_rent":0.1,"date":"2018-12-07T06:53:16.000Z","fill-opacity":0.8,"fill":"#ff0000"},"bbox":[-3.80486,40.3454,-3.80794,40.3488],"geometry":{"type":"Polygon","coordinates":[[[-3.80486,40.3488],[-3.80794,40.3488],[-3.80794,40.3454],[-3.80486,40.3454],[-3.80486,40.3488]]]}},{"type":"Feature","properties":{"name":"Alcorcón--2800702036--raspberryOld","number_of_ads_buy":4,"average_prize_buy":2137.9,"number_of_ads_rent":1,"average_prize_rent":6.9,"normalized_prize_buy":0.7297085125264523,"normalized_ads_buy":0.13333333333333333,"normalized_prize_rent":null,"normalized_ads_rent":0.03333333333333333,"date":"2018-12-07T06:53:37.000Z","fill-opacity":0.5837668100211618,"fill":"#ff0000"},"bbox":[-3.82207,40.3515,-3.82632,40.354],"geometry":{"type":"Polygon","coordinates":[[[-3.82207,40.354],[-3.82632,40.354],[-3.82632,40.3515],[-3.82207,40.3515],[-3.82207,40.354]]]}},{"type":"Feature","properties":{"name":"Alcorcón--2800702037--raspberryOld","number_of_ads_buy":9,"average_prize_buy":2182.68,"number_of_ads_rent":1,"average_prize_rent":12.069,"normalized_prize_buy":0.7449928322752405,"normalized_ads_buy":0.3,"normalized_prize_rent":null,"normalized_ads_rent":0.03333333333333333,"date":"2018-12-07T06:54:00.000Z","fill-opacity":0.5959942658201924,"fill":"#ff0000"},"bbox":[-3.80095,40.3536,-3.8061,40.3567],"geometry":{"type":"Polygon","coordinates":[[[-3.80095,40.3567],[-3.8061,40.3567],[-3.8061,40.3536],[-3.80095,40.3536],[-3.80095,40.3567]]]}},{"type":"Feature","properties":{"name":"Alcorcón--2800702038--raspberryOld","number_of_ads_buy":11,"average_prize_buy":2925.86,"number_of_ads_rent":1,"average_prize_rent":12.1538,"normalized_prize_buy":0.9986551983070516,"normalized_ads_buy":0.36666666666666664,"normalized_prize_rent":null,"normalized_ads_rent":0.03333333333333333,"date":"2018-12-07T06:54:22.000Z","fill-opacity":0.7989241586456414,"fill":"#ff0000"},"bbox":[-3.80152,40.3499,-3.80606,40.3536],"geometry":{"type":"Polygon","coordinates":[[[-3.80152,40.3536],[-3.80606,40.3536],[-3.80606,40.3499],[-3.80152,40.3499],[-3.80152,40.3536]]]}},{"type":"Feature","properties":{"name":"Alcorcón--2800703001--raspberryOld","number_of_ads_buy":10,"average_prize_buy":1944.96,"number_of_ads_rent":3,"average_prize_rent":8.25864,"normalized_prize_buy":0.6638541879991808,"normalized_ads_buy":0.3333333333333333,"normalized_prize_rent":null,"normalized_ads_rent":0.1,"date":"2018-12-07T06:54:41.000Z","fill-opacity":0.5310833503993447,"fill":"#ff0000"},"bbox":[-3.82122,40.3489,-3.82597,40.3509],"geometry":{"type":"Polygon","coordinates":[[[-3.82122,40.3509],[-3.82597,40.3509],[-3.82597,40.3489],[-3.82122,40.3489],[-3.82122,40.3509]]]}},{"type":"Feature","properties":{"name":"Alcorcón--2800703002--raspberryOld","number_of_ads_buy":6,"average_prize_buy":1840.34,"number_of_ads_rent":3,"average_prize_rent":8.62148,"normalized_prize_buy":0.6281452658884564,"normalized_ads_buy":0.2,"normalized_prize_rent":null,"normalized_ads_rent":0.1,"date":"2018-12-07T06:54:59.000Z","fill-opacity":0.5025162127107652,"fill":"#ff0000"},"bbox":[-3.82374,40.3476,-3.82643,40.3493],"geometry":{"type":"Polygon","coordinates":[[[-3.82374,40.3493],[-3.82643,40.3493],[-3.82643,40.3476],[-3.82374,40.3476],[-3.82374,40.3493]]]}},{"type":"Feature","properties":{"name":"Alcorcón--2800703003--raspberryOld","number_of_ads_buy":3,"average_prize_buy":2480.46,"number_of_ads_rent":0,"average_prize_rent":0,"normalized_prize_buy":0.8466311693630965,"normalized_ads_buy":0.1,"normalized_prize_rent":null,"normalized_ads_rent":0,"date":"2018-12-07T06:55:17.000Z","fill-opacity":0.6773049354904772,"fill":"#ff0000"},"bbox":[-3.8245,40.3463,-3.82582,40.3477],"geometry":{"type":"Polygon","coordinates":[[[-3.8245,40.3477],[-3.82582,40.3477],[-3.82582,40.3463],[-3.8245,40.3463],[-3.8245,40.3477]]]}},{"type":"Feature","properties":{"name":"Alcorcón--2800703004--raspberryOld","number_of_ads_buy":13,"average_prize_buy":2145.63,"number_of_ads_rent":1,"average_prize_rent":7.8125,"normalized_prize_buy":0.7323469178783535,"normalized_ads_buy":0.43333333333333335,"normalized_prize_rent":null,"normalized_ads_rent":0.03333333333333333,"date":"2018-12-07T06:55:39.000Z","fill-opacity":0.5858775343026829,"fill":"#ff0000"},"bbox":[-3.82215,40.3464,-3.82511,40.348],"geometry":{"type":"Polygon","coordinates":[[[-3.82215,40.348],[-3.82511,40.348],[-3.82511,40.3464],[-3.82215,40.3464],[-3.82215,40.348]]]}},{"type":"Feature","properties":{"name":"Alcorcón--2800703005--raspberryOld","number_of_ads_buy":8,"average_prize_buy":1975.98,"number_of_ads_rent":1,"average_prize_rent":8.5,"normalized_prize_buy":0.674441941429449,"normalized_ads_buy":0.26666666666666666,"normalized_prize_rent":null,"normalized_ads_rent":0.03333333333333333,"date":"2018-12-07T06:55:59.000Z","fill-opacity":0.5395535531435592,"fill":"#ff0000"},"bbox":[-3.82183,40.3474,-3.82426,40.3495],"geometry":{"type":"Polygon","coordinates":[[[-3.82183,40.3495],[-3.82426,40.3495],[-3.82426,40.3474],[-3.82183,40.3474],[-3.82183,40.3495]]]}},{"type":"Feature","properties":{"name":"Alcorcón--2800703006--raspberryOld","number_of_ads_buy":6,"average_prize_buy":1859.54,"number_of_ads_rent":2,"average_prize_rent":10.3846,"normalized_prize_buy":0.6346986142398798,"normalized_ads_buy":0.2,"normalized_prize_rent":null,"normalized_ads_rent":0.06666666666666667,"date":"2018-12-07T06:56:20.000Z","fill-opacity":0.5077588913919039,"fill":"#ff0000"},"bbox":[-3.82075,40.3466,-3.82328,40.348],"geometry":{"type":"Polygon","coordinates":[[[-3.82075,40.348],[-3.82328,40.348],[-3.82328,40.3466],[-3.82075,40.3466],[-3.82075,40.348]]]}},{"type":"Feature","properties":{"name":"Alcorcón--2800703007--raspberryOld","number_of_ads_buy":1,"average_prize_buy":1884.06,"number_of_ads_rent":1,"average_prize_rent":10.4167,"normalized_prize_buy":0.64306778619701,"normalized_ads_buy":0.03333333333333333,"normalized_prize_rent":null,"normalized_ads_rent":0.03333333333333333,"date":"2018-12-07T06:56:43.000Z","fill-opacity":0.5144542289576081,"fill":"#ff0000"},"bbox":[-3.81973,40.348,-3.82225,40.3496],"geometry":{"type":"Polygon","coordinates":[[[-3.81973,40.3496],[-3.82225,40.3496],[-3.82225,40.348],[-3.81973,40.348],[-3.81973,40.3496]]]}},{"type":"Feature","properties":{"name":"Alcorcón--2800703008--raspberryOld","number_of_ads_buy":3,"average_prize_buy":1899.55,"number_of_ads_rent":1,"average_prize_rent":10,"normalized_prize_buy":0.6483548365076114,"normalized_ads_buy":0.1,"normalized_prize_rent":null,"normalized_ads_rent":0.03333333333333333,"date":"2018-12-07T06:57:03.000Z","fill-opacity":0.5186838692060891,"fill":"#ff0000"},"bbox":[-3.8198,40.3464,-3.82149,40.3483],"geometry":{"type":"Polygon","coordinates":[[[-3.8198,40.3483],[-3.82149,40.3483],[-3.82149,40.3464],[-3.8198,40.3464],[-3.8198,40.3483]]]}},{"type":"Feature","properties":{"name":"Alcorcón--2800703009--raspberryOld","number_of_ads_buy":2,"average_prize_buy":2413.59,"number_of_ads_rent":0,"average_prize_rent":0,"normalized_prize_buy":0.823807085807905,"normalized_ads_buy":0.06666666666666667,"normalized_prize_rent":null,"normalized_ads_rent":0,"date":"2018-12-07T06:57:24.000Z","fill-opacity":0.659045668646324,"fill":"#ff0000"},"bbox":[-3.81836,40.3462,-3.82071,40.3487],"geometry":{"type":"Polygon","coordinates":[[[-3.81836,40.3487],[-3.82071,40.3487],[-3.82071,40.3462],[-3.81836,40.3462],[-3.81836,40.3487]]]}},{"type":"Feature","properties":{"name":"Alcorcón--2800703010--raspberryOld","number_of_ads_buy":7,"average_prize_buy":1981.48,"number_of_ads_rent":2,"average_prize_rent":9.5625,"normalized_prize_buy":0.6763192026759506,"normalized_ads_buy":0.23333333333333334,"normalized_prize_rent":null,"normalized_ads_rent":0.06666666666666667,"date":"2018-12-07T06:57:46.000Z","fill-opacity":0.5410553621407604,"fill":"#ff0000"},"bbox":[-3.81934,40.3452,-3.82286,40.3469],"geometry":{"type":"Polygon","coordinates":[[[-3.81934,40.3469],[-3.82286,40.3469],[-3.82286,40.3452],[-3.81934,40.3452],[-3.81934,40.3469]]]}},{"type":"Feature","properties":{"name":"Alcorcón--2800703011--raspberryOld","number_of_ads_buy":6,"average_prize_buy":1999.37,"number_of_ads_rent":1,"average_prize_rent":11.5385,"normalized_prize_buy":0.6824254215304798,"normalized_ads_buy":0.2,"normalized_prize_rent":null,"normalized_ads_rent":0.03333333333333333,"date":"2018-12-07T06:58:08.000Z","fill-opacity":0.5459403372243838,"fill":"#ff0000"},"bbox":[-3.82095,40.344,-3.82376,40.3459],"geometry":{"type":"Polygon","coordinates":[[[-3.82095,40.3459],[-3.82376,40.3459],[-3.82376,40.344],[-3.82095,40.344],[-3.82095,40.3459]]]}},{"type":"Feature","properties":{"name":"Alcorcón--2800703012--raspberryOld","number_of_ads_buy":4,"average_prize_buy":1746.88,"number_of_ads_rent":1,"average_prize_rent":10,"normalized_prize_buy":0.5962454775069971,"normalized_ads_buy":0.13333333333333333,"normalized_prize_rent":null,"normalized_ads_rent":0.03333333333333333,"date":"2018-12-07T06:58:27.000Z","fill-opacity":0.4769963820055977,"fill":"#ff0000"},"bbox":[-3.8221,40.3411,-3.82539,40.3441],"geometry":{"type":"Polygon","coordinates":[[[-3.8221,40.3441],[-3.82539,40.3441],[-3.82539,40.3411],[-3.8221,40.3411],[-3.8221,40.3441]]]}},{"type":"Feature","properties":{"name":"Alcorcón--2800703013--raspberryOld","number_of_ads_buy":1,"average_prize_buy":2481.25,"number_of_ads_rent":1,"average_prize_rent":10,"normalized_prize_buy":0.8469008123421393,"normalized_ads_buy":0.03333333333333333,"normalized_prize_rent":null,"normalized_ads_rent":0.03333333333333333,"date":"2018-12-07T06:58:51.000Z","fill-opacity":0.6775206498737115,"fill":"#ff0000"},"bbox":[-3.82036,40.3403,-3.824,40.3434],"geometry":{"type":"Polygon","coordinates":[[[-3.82036,40.3434],[-3.824,40.3434],[-3.824,40.3403],[-3.82036,40.3403],[-3.82036,40.3434]]]}},{"type":"Feature","properties":{"name":"Alcorcón--2800703014--raspberryOld","number_of_ads_buy":3,"average_prize_buy":2250.94,"number_of_ads_rent":0,"average_prize_rent":0,"normalized_prize_buy":0.768291350945457,"normalized_ads_buy":0.1,"normalized_prize_rent":null,"normalized_ads_rent":0,"date":"2018-12-07T06:59:12.000Z","fill-opacity":0.6146330807563656,"fill":"#ff0000"},"bbox":[-3.81866,40.34,-3.82139,40.3425],"geometry":{"type":"Polygon","coordinates":[[[-3.81866,40.3425],[-3.82139,40.3425],[-3.82139,40.34],[-3.81866,40.34],[-3.81866,40.3425]]]}},{"type":"Feature","properties":{"name":"Alcorcón--2800703015--raspberryOld","number_of_ads_buy":2,"average_prize_buy":1968.3,"number_of_ads_rent":0,"average_prize_rent":0,"normalized_prize_buy":0.6718206020888797,"normalized_ads_buy":0.06666666666666667,"normalized_prize_rent":null,"normalized_ads_rent":0,"date":"2018-12-07T06:59:37.000Z","fill-opacity":0.5374564816711038,"fill":"#ff0000"},"bbox":[-3.81665,40.3397,-3.81967,40.3417],"geometry":{"type":"Polygon","coordinates":[[[-3.81665,40.3417],[-3.81967,40.3417],[-3.81967,40.3397],[-3.81665,40.3397],[-3.81665,40.3417]]]}},{"type":"Feature","properties":{"name":"Alcorcón--2800703016--raspberryOld","number_of_ads_buy":2,"average_prize_buy":2243.86,"number_of_ads_rent":1,"average_prize_rent":7.8,"normalized_prize_buy":0.7658748037408697,"normalized_ads_buy":0.06666666666666667,"normalized_prize_rent":null,"normalized_ads_rent":0.03333333333333333,"date":"2018-12-07T07:00:00.000Z","fill-opacity":0.6126998429926958,"fill":"#ff0000"},"bbox":[-3.81779,40.342,-3.8221,40.3452],"geometry":{"type":"Polygon","coordinates":[[[-3.81779,40.3452],[-3.8221,40.3452],[-3.8221,40.342],[-3.81779,40.342],[-3.81779,40.3452]]]}},{"type":"Feature","properties":{"name":"Alcorcón--2800703017--raspberryOld","number_of_ads_buy":5,"average_prize_buy":2103.16,"number_of_ads_rent":1,"average_prize_rent":13.5294,"normalized_prize_buy":0.7178510478530957,"normalized_ads_buy":0.16666666666666666,"normalized_prize_rent":null,"normalized_ads_rent":0.03333333333333333,"date":"2018-12-07T07:00:30.000Z","fill-opacity":0.5742808382824766,"fill":"#ff0000"},"bbox":[-3.81639,40.3449,-3.8196,40.3472],"geometry":{"type":"Polygon","coordinates":[[[-3.81639,40.3472],[-3.8196,40.3472],[-3.8196,40.3449],[-3.81639,40.3449],[-3.81639,40.3472]]]}},{"type":"Feature","properties":{"name":"Alcorcón--2800703018--raspberryOld","number_of_ads_buy":5,"average_prize_buy":2233.1,"number_of_ads_rent":2,"average_prize_rent":10.2832,"normalized_prize_buy":0.7622021981022594,"normalized_ads_buy":0.16666666666666666,"normalized_prize_rent":null,"normalized_ads_rent":0.06666666666666667,"date":"2018-12-07T07:00:51.000Z","fill-opacity":0.6097617584818076,"fill":"#ff0000"},"bbox":[-3.81499,40.3453,-3.81855,40.3479],"geometry":{"type":"Polygon","coordinates":[[[-3.81499,40.3479],[-3.81855,40.3479],[-3.81855,40.3453],[-3.81499,40.3453],[-3.81499,40.3479]]]}},{"type":"Feature","properties":{"name":"Alcorcón--2800703019--raspberryOld","number_of_ads_buy":8,"average_prize_buy":2139.63,"number_of_ads_rent":0,"average_prize_rent":0,"normalized_prize_buy":0.7302989965185337,"normalized_ads_buy":0.26666666666666666,"normalized_prize_rent":null,"normalized_ads_rent":0,"date":"2018-12-07T07:01:10.000Z","fill-opacity":0.584239197214827,"fill":"#ff0000"},"bbox":[-3.81203,40.3443,-3.81566,40.3463],"geometry":{"type":"Polygon","coordinates":[[[-3.81203,40.3463],[-3.81566,40.3463],[-3.81566,40.3443],[-3.81203,40.3443],[-3.81203,40.3463]]]}},{"type":"Feature","properties":{"name":"Alcorcón--2800703020--raspberryOld","number_of_ads_buy":3,"average_prize_buy":2320.11,"number_of_ads_rent":0,"average_prize_rent":0,"normalized_prize_buy":0.7919004710219127,"normalized_ads_buy":0.1,"normalized_prize_rent":null,"normalized_ads_rent":0,"date":"2018-12-07T07:01:30.000Z","fill-opacity":0.6335203768175303,"fill":"#ff0000"},"bbox":[-3.81513,40.3442,-3.81731,40.3457],"geometry":{"type":"Polygon","coordinates":[[[-3.81513,40.3457],[-3.81731,40.3457],[-3.81731,40.3442],[-3.81513,40.3442],[-3.81513,40.3457]]]}},{"type":"Feature","properties":{"name":"Alcorcón--2800703021--raspberryOld","number_of_ads_buy":6,"average_prize_buy":2000.51,"number_of_ads_rent":0,"average_prize_rent":0,"normalized_prize_buy":0.6828145265888456,"normalized_ads_buy":0.2,"normalized_prize_rent":null,"normalized_ads_rent":0,"date":"2018-12-07T07:01:51.000Z","fill-opacity":0.5462516212710765,"fill":"#ff0000"},"bbox":[-3.80084,40.3369,-3.81616,40.3453],"geometry":{"type":"Polygon","coordinates":[[[-3.80084,40.3453],[-3.81616,40.3453],[-3.81616,40.3369],[-3.80084,40.3369],[-3.80084,40.3453]]]}},{"type":"Feature","properties":{"name":"Alcorcón--2800703022--raspberryOld","number_of_ads_buy":7,"average_prize_buy":1907.45,"number_of_ads_rent":0,"average_prize_rent":0,"normalized_prize_buy":0.6510512662980408,"normalized_ads_buy":0.23333333333333334,"normalized_prize_rent":null,"normalized_ads_rent":0,"date":"2018-12-07T07:02:13.000Z","fill-opacity":0.5208410130384327,"fill":"#ff0000"},"bbox":[-3.80903,40.3358,-3.81937,40.3434],"geometry":{"type":"Polygon","coordinates":[[[-3.80903,40.3434],[-3.81937,40.3434],[-3.81937,40.3358],[-3.80903,40.3358],[-3.80903,40.3434]]]}},{"type":"Feature","properties":{"name":"Alcorcón--2800703023--raspberryOld","number_of_ads_buy":3,"average_prize_buy":2068.42,"number_of_ads_rent":2,"average_prize_rent":6.8109,"normalized_prize_buy":0.7059935831797393,"normalized_ads_buy":0.1,"normalized_prize_rent":null,"normalized_ads_rent":0.06666666666666667,"date":"2018-12-07T07:02:32.000Z","fill-opacity":0.5647948665437914,"fill":"#ff0000"},"bbox":[-3.82144,40.3434,-3.82404,40.3457],"geometry":{"type":"Polygon","coordinates":[[[-3.82144,40.3457],[-3.82404,40.3457],[-3.82404,40.3434],[-3.82144,40.3434],[-3.82144,40.3457]]]}},{"type":"Feature","properties":{"name":"Alcorcón--2800703024--raspberryOld","number_of_ads_buy":2,"average_prize_buy":2200.96,"number_of_ads_rent":0,"average_prize_rent":0,"normalized_prize_buy":0.7512321660181582,"normalized_ads_buy":0.06666666666666667,"normalized_prize_rent":null,"normalized_ads_rent":0,"date":"2018-12-07T07:02:54.000Z","fill-opacity":0.6009857328145266,"fill":"#ff0000"},"bbox":[-3.81454,40.3424,-3.81835,40.3442],"geometry":{"type":"Polygon","coordinates":[[[-3.81454,40.3442],[-3.81835,40.3442],[-3.81835,40.3424],[-3.81454,40.3424],[-3.81454,40.3442]]]}},{"type":"Feature","properties":{"name":"Alcorcón--2800703025--raspberryOld","number_of_ads_buy":4,"average_prize_buy":2043.06,"number_of_ads_rent":0,"average_prize_rent":0,"normalized_prize_buy":0.6973377022322342,"normalized_ads_buy":0.13333333333333333,"normalized_prize_rent":null,"normalized_ads_rent":0,"date":"2018-12-07T07:03:14.000Z","fill-opacity":0.5578701617857874,"fill":"#ff0000"},"bbox":[-3.82404,40.3455,-3.82637,40.3465],"geometry":{"type":"Polygon","coordinates":[[[-3.82404,40.3465],[-3.82637,40.3465],[-3.82637,40.3455],[-3.82404,40.3455],[-3.82404,40.3465]]]}},{"type":"Feature","properties":{"name":"Alcorcón--2800703026--raspberryOld","number_of_ads_buy":5,"average_prize_buy":2057.68,"number_of_ads_rent":0,"average_prize_rent":0,"normalized_prize_buy":0.7023278039456617,"normalized_ads_buy":0.16666666666666666,"normalized_prize_rent":null,"normalized_ads_rent":0,"date":"2018-12-07T07:03:32.000Z","fill-opacity":0.5618622431565294,"fill":"#ff0000"},"bbox":[-3.82283,40.3456,-3.82482,40.3472],"geometry":{"type":"Polygon","coordinates":[[[-3.82283,40.3472],[-3.82482,40.3472],[-3.82482,40.3456],[-3.82283,40.3456],[-3.82283,40.3472]]]}},{"type":"Feature","properties":{"name":"Alcorcón--2800703027--raspberryOld","number_of_ads_buy":2,"average_prize_buy":2234.48,"number_of_ads_rent":1,"average_prize_rent":9.125,"normalized_prize_buy":0.762673220015018,"normalized_ads_buy":0.06666666666666667,"normalized_prize_rent":null,"normalized_ads_rent":0.03333333333333333,"date":"2018-12-07T07:03:58.000Z","fill-opacity":0.6101385760120145,"fill":"#ff0000"},"bbox":[-3.81731,40.3442,-3.82024,40.3459],"geometry":{"type":"Polygon","coordinates":[[[-3.81731,40.3459],[-3.82024,40.3459],[-3.82024,40.3442],[-3.81731,40.3442],[-3.81731,40.3459]]]}},{"type":"Feature","properties":{"name":"Alcorcón--2800703028--raspberryOld","number_of_ads_buy":2,"average_prize_buy":2433.1,"number_of_ads_rent":0,"average_prize_rent":0,"normalized_prize_buy":0.8304662434295855,"normalized_ads_buy":0.06666666666666667,"normalized_prize_rent":null,"normalized_ads_rent":0,"date":"2018-12-07T07:04:15.000Z","fill-opacity":0.6643729947436685,"fill":"#ff0000"},"bbox":[-3.8157,40.3435,-3.81791,40.3449],"geometry":{"type":"Polygon","coordinates":[[[-3.8157,40.3449],[-3.81791,40.3449],[-3.81791,40.3435],[-3.8157,40.3435],[-3.8157,40.3449]]]}},{"type":"Feature","properties":{"name":"Alcorcón--2800703029--raspberryOld","number_of_ads_buy":7,"average_prize_buy":1954.81,"number_of_ads_rent":1,"average_prize_rent":11.5385,"normalized_prize_buy":0.6672161922315516,"normalized_ads_buy":0.23333333333333334,"normalized_prize_rent":null,"normalized_ads_rent":0.03333333333333333,"date":"2018-12-07T07:04:34.000Z","fill-opacity":0.5337729537852413,"fill":"#ff0000"},"bbox":[-3.82024,40.3445,-3.82318,40.3464],"geometry":{"type":"Polygon","coordinates":[[[-3.82024,40.3464],[-3.82318,40.3464],[-3.82318,40.3445],[-3.82024,40.3445],[-3.82024,40.3464]]]}},{"type":"Feature","properties":{"name":"Alcorcón--2800704001--raspberryOld","number_of_ads_buy":3,"average_prize_buy":1888.71,"number_of_ads_rent":0,"average_prize_rent":0,"normalized_prize_buy":0.6446549252508703,"normalized_ads_buy":0.1,"normalized_prize_rent":null,"normalized_ads_rent":0,"date":"2018-12-07T07:05:00.000Z","fill-opacity":0.5157239402006962,"fill":"#ff0000"},"bbox":[-3.82948,40.3476,-3.83097,40.349],"geometry":{"type":"Polygon","coordinates":[[[-3.82948,40.349],[-3.83097,40.349],[-3.83097,40.3476],[-3.82948,40.3476],[-3.82948,40.349]]]}},{"type":"Feature","properties":{"name":"Alcorcón--2800704002--raspberryOld","number_of_ads_buy":2,"average_prize_buy":1741.07,"number_of_ads_rent":1,"average_prize_rent":9.75,"normalized_prize_buy":0.5942624069902381,"normalized_ads_buy":0.06666666666666667,"normalized_prize_rent":null,"normalized_ads_rent":0.03333333333333333,"date":"2018-12-07T07:05:24.000Z","fill-opacity":0.47540992559219053,"fill":"#ff0000"},"bbox":[-3.83067,40.3476,-3.83257,40.349],"geometry":{"type":"Polygon","coordinates":[[[-3.83067,40.349],[-3.83257,40.349],[-3.83257,40.3476],[-3.83067,40.3476],[-3.83067,40.349]]]}},{"type":"Feature","properties":{"name":"Alcorcón--2800704003--raspberryOld","number_of_ads_buy":8,"average_prize_buy":1871.93,"number_of_ads_rent":2,"average_prize_rent":11.375,"normalized_prize_buy":0.6389275718479077,"normalized_ads_buy":0.26666666666666666,"normalized_prize_rent":null,"normalized_ads_rent":0.06666666666666667,"date":"2018-12-07T07:05:43.000Z","fill-opacity":0.5111420574783262,"fill":"#ff0000"},"bbox":[-3.82914,40.3469,-3.83304,40.3477],"geometry":{"type":"Polygon","coordinates":[[[-3.82914,40.3477],[-3.83304,40.3477],[-3.83304,40.3469],[-3.82914,40.3469],[-3.82914,40.3477]]]}},{"type":"Feature","properties":{"name":"Alcorcón--2800704004--raspberryOld","number_of_ads_buy":8,"average_prize_buy":1715.17,"number_of_ads_rent":0,"average_prize_rent":0,"normalized_prize_buy":0.5854222131203495,"normalized_ads_buy":0.26666666666666666,"normalized_prize_rent":null,"normalized_ads_rent":0,"date":"2018-12-07T07:06:01.000Z","fill-opacity":0.4683377704962796,"fill":"#ff0000"},"bbox":[-3.82976,40.3452,-3.83229,40.3471],"geometry":{"type":"Polygon","coordinates":[[[-3.82976,40.3471],[-3.83229,40.3471],[-3.83229,40.3452],[-3.82976,40.3452],[-3.82976,40.3471]]]}},{"type":"Feature","properties":{"name":"Alcorcón--2800704005--raspberryOld","number_of_ads_buy":9,"average_prize_buy":2145.58,"number_of_ads_rent":0,"average_prize_rent":0,"normalized_prize_buy":0.7323298518670216,"normalized_ads_buy":0.3,"normalized_prize_rent":null,"normalized_ads_rent":0,"date":"2018-12-07T07:06:20.000Z","fill-opacity":0.5858638814936173,"fill":"#ff0000"},"bbox":[-3.83197,40.3448,-3.83332,40.3472],"geometry":{"type":"Polygon","coordinates":[[[-3.83197,40.3472],[-3.83332,40.3472],[-3.83332,40.3448],[-3.83197,40.3448],[-3.83197,40.3472]]]}},{"type":"Feature","properties":{"name":"Alcorcón--2800704006--raspberryOld","number_of_ads_buy":4,"average_prize_buy":2159.34,"number_of_ads_rent":0,"average_prize_rent":0,"normalized_prize_buy":0.7370264181855417,"normalized_ads_buy":0.13333333333333333,"normalized_prize_rent":null,"normalized_ads_rent":0,"date":"2018-12-07T07:06:38.000Z","fill-opacity":0.5896211345484333,"fill":"#ff0000"},"bbox":[-3.83257,40.346,-3.83546,40.3482],"geometry":{"type":"Polygon","coordinates":[[[-3.83257,40.3482],[-3.83546,40.3482],[-3.83546,40.346],[-3.83257,40.346],[-3.83257,40.3482]]]}},{"type":"Feature","properties":{"name":"Alcorcón--2800704007--raspberryOld","number_of_ads_buy":5,"average_prize_buy":2495.15,"number_of_ads_rent":0,"average_prize_rent":0,"normalized_prize_buy":0.8516451634923885,"normalized_ads_buy":0.16666666666666666,"normalized_prize_rent":null,"normalized_ads_rent":0,"date":"2018-12-07T07:07:00.000Z","fill-opacity":0.6813161307939108,"fill":"#ff0000"},"bbox":[-3.83279,40.3426,-3.83587,40.3448],"geometry":{"type":"Polygon","coordinates":[[[-3.83279,40.3448],[-3.83587,40.3448],[-3.83587,40.3426],[-3.83279,40.3426],[-3.83279,40.3448]]]}},{"type":"Feature","properties":{"name":"Alcorcón--2800704008--raspberryOld","number_of_ads_buy":9,"average_prize_buy":2017.43,"number_of_ads_rent":0,"average_prize_rent":0,"normalized_prize_buy":0.6885896648235375,"normalized_ads_buy":0.3,"normalized_prize_rent":null,"normalized_ads_rent":0,"date":"2018-12-07T07:07:19.000Z","fill-opacity":0.55087173185883,"fill":"#ff0000"},"bbox":[-3.83115,40.3431,-3.83333,40.3455],"geometry":{"type":"Polygon","coordinates":[[[-3.83115,40.3455],[-3.83333,40.3455],[-3.83333,40.3431],[-3.83115,40.3431],[-3.83115,40.3455]]]}},{"type":"Feature","properties":{"name":"Alcorcón--2800704009--raspberryOld","number_of_ads_buy":6,"average_prize_buy":1676.14,"number_of_ads_rent":1,"average_prize_rent":11,"normalized_prize_buy":0.5721004846747219,"normalized_ads_buy":0.2,"normalized_prize_rent":null,"normalized_ads_rent":0.03333333333333333,"date":"2018-12-07T07:07:37.000Z","fill-opacity":0.4576803877397775,"fill":"#ff0000"},"bbox":[-3.82918,40.3449,-3.83177,40.3466],"geometry":{"type":"Polygon","coordinates":[[[-3.82918,40.3466],[-3.83177,40.3466],[-3.83177,40.3449],[-3.82918,40.3449],[-3.82918,40.3466]]]}},{"type":"Feature","properties":{"name":"Alcorcón--2800704010--raspberryOld","number_of_ads_buy":12,"average_prize_buy":1938.69,"number_of_ads_rent":0,"average_prize_rent":0,"normalized_prize_buy":0.6617141101781692,"normalized_ads_buy":0.4,"normalized_prize_rent":null,"normalized_ads_rent":0,"date":"2018-12-07T07:07:58.000Z","fill-opacity":0.5293712881425353,"fill":"#ff0000"},"bbox":[-3.82931,40.3431,-3.83123,40.344],"geometry":{"type":"Polygon","coordinates":[[[-3.82931,40.344],[-3.83123,40.344],[-3.83123,40.3431],[-3.82931,40.3431],[-3.82931,40.344]]]}},{"type":"Feature","properties":{"name":"Alcorcón--2800704011--raspberryOld","number_of_ads_buy":11,"average_prize_buy":1966.11,"number_of_ads_rent":1,"average_prize_rent":11,"normalized_prize_buy":0.6710731107925455,"normalized_ads_buy":0.36666666666666664,"normalized_prize_rent":null,"normalized_ads_rent":0.03333333333333333,"date":"2018-12-07T07:08:20.000Z","fill-opacity":0.5368584886340364,"fill":"#ff0000"},"bbox":[-3.82758,40.3441,-3.8294,40.3455],"geometry":{"type":"Polygon","coordinates":[[[-3.82758,40.3455],[-3.8294,40.3455],[-3.8294,40.3441],[-3.82758,40.3441],[-3.82758,40.3455]]]}},{"type":"Feature","properties":{"name":"Alcorcón--2800704012--raspberryOld","number_of_ads_buy":13,"average_prize_buy":1827.49,"number_of_ads_rent":0,"average_prize_rent":0,"normalized_prize_buy":0.6237593009761758,"normalized_ads_buy":0.43333333333333335,"normalized_prize_rent":null,"normalized_ads_rent":0,"date":"2018-12-07T07:08:40.000Z","fill-opacity":0.49900744078094067,"fill":"#ff0000"},"bbox":[-3.82589,40.3435,-3.82766,40.3457],"geometry":{"type":"Polygon","coordinates":[[[-3.82589,40.3457],[-3.82766,40.3457],[-3.82766,40.3435],[-3.82589,40.3435],[-3.82589,40.3457]]]}},{"type":"Feature","properties":{"name":"Alcorcón--2800704013--raspberryOld","number_of_ads_buy":9,"average_prize_buy":1870.18,"number_of_ads_rent":0,"average_prize_rent":0,"normalized_prize_buy":0.6383302614512936,"normalized_ads_buy":0.3,"normalized_prize_rent":null,"normalized_ads_rent":0,"date":"2018-12-07T07:08:59.000Z","fill-opacity":0.5106642091610348,"fill":"#ff0000"},"bbox":[-3.82754,40.3425,-3.8295,40.3442],"geometry":{"type":"Polygon","coordinates":[[[-3.82754,40.3442],[-3.8295,40.3442],[-3.8295,40.3425],[-3.82754,40.3425],[-3.82754,40.3442]]]}},{"type":"Feature","properties":{"name":"Alcorcón--2800704014--raspberryOld","number_of_ads_buy":2,"average_prize_buy":2750,"number_of_ads_rent":0,"average_prize_rent":0,"normalized_prize_buy":0.9386306232507338,"normalized_ads_buy":0.06666666666666667,"normalized_prize_rent":null,"normalized_ads_rent":0,"date":"2018-12-07T07:09:20.000Z","fill-opacity":0.7509044986005871,"fill":"#ff0000"},"bbox":[-3.82838,40.3419,-3.83118,40.3433],"geometry":{"type":"Polygon","coordinates":[[[-3.82838,40.3433],[-3.83118,40.3433],[-3.83118,40.3419],[-3.82838,40.3419],[-3.82838,40.3433]]]}},{"type":"Feature","properties":{"name":"Alcorcón--2800704015--raspberryOld","number_of_ads_buy":4,"average_prize_buy":2112.31,"number_of_ads_rent":0,"average_prize_rent":0,"normalized_prize_buy":0.7209741279268209,"normalized_ads_buy":0.13333333333333333,"normalized_prize_rent":null,"normalized_ads_rent":0,"date":"2018-12-07T07:09:39.000Z","fill-opacity":0.5767793023414568,"fill":"#ff0000"},"bbox":[-3.83096,40.3417,-3.83333,40.3436],"geometry":{"type":"Polygon","coordinates":[[[-3.83096,40.3436],[-3.83333,40.3436],[-3.83333,40.3417],[-3.83096,40.3417],[-3.83096,40.3436]]]}},{"type":"Feature","properties":{"name":"Alcorcón--2800704016--raspberryOld","number_of_ads_buy":5,"average_prize_buy":1966.7,"number_of_ads_rent":1,"average_prize_rent":10.4286,"normalized_prize_buy":0.6712744897262611,"normalized_ads_buy":0.16666666666666666,"normalized_prize_rent":null,"normalized_ads_rent":0.03333333333333333,"date":"2018-12-07T07:10:01.000Z","fill-opacity":0.5370195917810089,"fill":"#ff0000"},"bbox":[-3.82754,40.341,-3.83142,40.3426],"geometry":{"type":"Polygon","coordinates":[[[-3.82754,40.3426],[-3.83142,40.3426],[-3.83142,40.341],[-3.82754,40.341],[-3.82754,40.3426]]]}},{"type":"Feature","properties":{"name":"Alcorcón--2800704017--raspberryOld","number_of_ads_buy":11,"average_prize_buy":1636.27,"number_of_ads_rent":2,"average_prize_rent":10.7692,"normalized_prize_buy":0.5584920472387194,"normalized_ads_buy":0.36666666666666664,"normalized_prize_rent":null,"normalized_ads_rent":0.06666666666666667,"date":"2018-12-07T07:10:23.000Z","fill-opacity":0.44679363779097553,"fill":"#ff0000"},"bbox":[-3.82499,40.3419,-3.82762,40.3438],"geometry":{"type":"Polygon","coordinates":[[[-3.82499,40.3438],[-3.82762,40.3438],[-3.82762,40.3419],[-3.82499,40.3419],[-3.82499,40.3438]]]}},{"type":"Feature","properties":{"name":"Alcorcón--2800704018--raspberryOld","number_of_ads_buy":8,"average_prize_buy":2178.46,"number_of_ads_rent":0,"average_prize_rent":0,"normalized_prize_buy":0.743552460918834,"normalized_ads_buy":0.26666666666666666,"normalized_prize_rent":null,"normalized_ads_rent":0,"date":"2018-12-07T07:10:41.000Z","fill-opacity":0.5948419687350672,"fill":"#ff0000"},"bbox":[-3.824,40.3392,-3.82762,40.3425],"geometry":{"type":"Polygon","coordinates":[[[-3.824,40.3425],[-3.82762,40.3425],[-3.82762,40.3392],[-3.824,40.3392],[-3.824,40.3425]]]}},{"type":"Feature","properties":{"name":"Alcorcón--2800704019--raspberryOld","number_of_ads_buy":6,"average_prize_buy":1765.52,"number_of_ads_rent":0,"average_prize_rent":0,"normalized_prize_buy":0.6026076865315038,"normalized_ads_buy":0.2,"normalized_prize_rent":null,"normalized_ads_rent":0,"date":"2018-12-07T07:10:58.000Z","fill-opacity":0.48208614922520304,"fill":"#ff0000"},"bbox":[-3.82751,40.3401,-3.83035,40.3418],"geometry":{"type":"Polygon","coordinates":[[[-3.82751,40.3418],[-3.83035,40.3418],[-3.83035,40.3401],[-3.82751,40.3401],[-3.82751,40.3418]]]}},{"type":"Feature","properties":{"name":"Alcorcón--2800704020--raspberryOld","number_of_ads_buy":8,"average_prize_buy":2086.39,"number_of_ads_rent":0,"average_prize_rent":0,"normalized_prize_buy":0.7121271076523994,"normalized_ads_buy":0.26666666666666666,"normalized_prize_rent":null,"normalized_ads_rent":0,"date":"2018-12-07T07:11:17.000Z","fill-opacity":0.5697016861219195,"fill":"#ff0000"},"bbox":[-3.82603,40.339,-3.82889,40.3415],"geometry":{"type":"Polygon","coordinates":[[[-3.82603,40.3415],[-3.82889,40.3415],[-3.82889,40.339],[-3.82603,40.339],[-3.82603,40.3415]]]}},{"type":"Feature","properties":{"name":"Alcorcón--2800704021--raspberryOld","number_of_ads_buy":6,"average_prize_buy":1616.82,"number_of_ads_rent":1,"average_prize_rent":11,"normalized_prize_buy":0.5518533688306368,"normalized_ads_buy":0.2,"normalized_prize_rent":null,"normalized_ads_rent":0.03333333333333333,"date":"2018-12-07T07:11:38.000Z","fill-opacity":0.4414826950645095,"fill":"#ff0000"},"bbox":[-3.82922,40.3437,-3.83144,40.3451],"geometry":{"type":"Polygon","coordinates":[[[-3.82922,40.3451],[-3.83144,40.3451],[-3.83144,40.3437],[-3.82922,40.3437],[-3.82922,40.3451]]]}},{"type":"Feature","properties":{"name":"Alcorcón--2800704022--raspberryOld","number_of_ads_buy":9,"average_prize_buy":2124.5,"number_of_ads_rent":0,"average_prize_rent":0,"normalized_prize_buy":0.7251348214895215,"normalized_ads_buy":0.3,"normalized_prize_rent":null,"normalized_ads_rent":0,"date":"2018-12-07T07:11:58.000Z","fill-opacity":0.5801078571916172,"fill":"#ff0000"},"bbox":[-3.83317,40.3446,-3.83711,40.3469],"geometry":{"type":"Polygon","coordinates":[[[-3.83317,40.3469],[-3.83711,40.3469],[-3.83711,40.3446],[-3.83317,40.3446],[-3.83317,40.3469]]]}},{"type":"Feature","properties":{"name":"Alcorcón--2800704023--raspberryOld","number_of_ads_buy":30,"average_prize_buy":2386.86,"number_of_ads_rent":7,"average_prize_rent":8.95086,"normalized_prize_buy":0.8146835961499078,"normalized_ads_buy":1,"normalized_prize_rent":null,"normalized_ads_rent":0.23333333333333334,"date":"2018-12-07T07:12:25.000Z","fill-opacity":0.6517468769199263,"fill":"#ff0000"},"bbox":[-3.83035,40.3381,-3.84498,40.3456],"geometry":{"type":"Polygon","coordinates":[[[-3.83035,40.3456],[-3.84498,40.3456],[-3.84498,40.3381],[-3.83035,40.3381],[-3.83035,40.3456]]]}},{"type":"Feature","properties":{"name":"Alcorcón--2800704024--raspberryOld","number_of_ads_buy":15,"average_prize_buy":2222.08,"number_of_ads_rent":2,"average_prize_rent":9.69967,"normalized_prize_buy":0.7584408492047238,"normalized_ads_buy":0.5,"normalized_prize_rent":null,"normalized_ads_rent":0.06666666666666667,"date":"2018-12-07T07:12:46.000Z","fill-opacity":0.6067526793637791,"fill":"#ff0000"},"bbox":[-3.83567,40.3312,-3.85347,40.3409],"geometry":{"type":"Polygon","coordinates":[[[-3.83567,40.3409],[-3.85347,40.3409],[-3.85347,40.3312],[-3.83567,40.3312],[-3.83567,40.3409]]]}},{"type":"Feature","properties":{"name":"Alcorcón--2800704025--raspberryOld","number_of_ads_buy":9,"average_prize_buy":2417.59,"number_of_ads_rent":4,"average_prize_rent":10.0832,"normalized_prize_buy":0.8251723667144515,"normalized_ads_buy":0.3,"normalized_prize_rent":null,"normalized_ads_rent":0.13333333333333333,"date":"2018-12-07T07:13:03.000Z","fill-opacity":0.6601378933715613,"fill":"#ff0000"},"bbox":[-3.83303,40.3341,-3.83736,40.3396],"geometry":{"type":"Polygon","coordinates":[[[-3.83303,40.3396],[-3.83736,40.3396],[-3.83736,40.3341],[-3.83303,40.3341],[-3.83303,40.3396]]]}},{"type":"Feature","properties":{"name":"Alcorcón--2800704026--raspberryOld","number_of_ads_buy":10,"average_prize_buy":2326.7,"number_of_ads_rent":6,"average_prize_rent":8.74399,"normalized_prize_buy":0.7941497713154481,"normalized_ads_buy":0.3333333333333333,"normalized_prize_rent":null,"normalized_ads_rent":0.2,"date":"2018-12-07T07:13:22.000Z","fill-opacity":0.6353198170523585,"fill":"#ff0000"},"bbox":[-3.82604,40.3373,-3.83345,40.341],"geometry":{"type":"Polygon","coordinates":[[[-3.82604,40.341],[-3.83345,40.341],[-3.83345,40.3373],[-3.82604,40.3373],[-3.82604,40.341]]]}},{"type":"Feature","properties":{"name":"Alcorcón--2800704027--raspberryOld","number_of_ads_buy":29,"average_prize_buy":2297.86,"number_of_ads_rent":8,"average_prize_rent":9.09272,"normalized_prize_buy":0.7843060959792477,"normalized_ads_buy":0.9666666666666667,"normalized_prize_rent":null,"normalized_ads_rent":0.26666666666666666,"date":"2018-12-07T07:13:44.000Z","fill-opacity":0.6274448767833982,"fill":"#ff0000"},"bbox":[-3.81082,40.3322,-3.83384,40.3411],"geometry":{"type":"Polygon","coordinates":[[[-3.81082,40.3411],[-3.83384,40.3411],[-3.83384,40.3322],[-3.81082,40.3322],[-3.81082,40.3411]]]}},{"type":"Feature","properties":{"name":"Alcorcón--2800704028--raspberryOld","number_of_ads_buy":26,"average_prize_buy":2349.5,"number_of_ads_rent":3,"average_prize_rent":10.2645,"normalized_prize_buy":0.8019318724827633,"normalized_ads_buy":0.8666666666666667,"normalized_prize_rent":null,"normalized_ads_rent":0.1,"date":"2018-12-07T07:14:07.000Z","fill-opacity":0.6415454979862107,"fill":"#ff0000"},"bbox":[-3.82446,40.3337,-3.83537,40.3376],"geometry":{"type":"Polygon","coordinates":[[[-3.82446,40.3376],[-3.83537,40.3376],[-3.83537,40.3337],[-3.82446,40.3337],[-3.82446,40.3376]]]}},{"type":"Feature","properties":{"name":"Alcorcón--2800704029--raspberryOld","number_of_ads_buy":7,"average_prize_buy":2068.78,"number_of_ads_rent":0,"average_prize_rent":0,"normalized_prize_buy":0.7061164584613284,"normalized_ads_buy":0.23333333333333334,"normalized_prize_rent":null,"normalized_ads_rent":0,"date":"2018-12-07T07:14:28.000Z","fill-opacity":0.5648931667690628,"fill":"#ff0000"},"bbox":[-3.83671,40.3337,-3.84194,40.337],"geometry":{"type":"Polygon","coordinates":[[[-3.83671,40.337],[-3.84194,40.337],[-3.84194,40.3337],[-3.83671,40.3337],[-3.83671,40.337]]]}},{"type":"Feature","properties":{"name":"Alcorcón--2800704030--raspberryOld","number_of_ads_buy":19,"average_prize_buy":1992.1,"number_of_ads_rent":3,"average_prize_rent":9.33359,"normalized_prize_buy":0.6799440234828316,"normalized_ads_buy":0.6333333333333333,"normalized_prize_rent":null,"normalized_ads_rent":0.1,"date":"2018-12-07T07:14:48.000Z","fill-opacity":0.5439552187862653,"fill":"#ff0000"},"bbox":[-3.8348,40.3239,-3.85234,40.3346],"geometry":{"type":"Polygon","coordinates":[[[-3.8348,40.3346],[-3.85234,40.3346],[-3.85234,40.3239],[-3.8348,40.3239],[-3.8348,40.3346]]]}},{"type":"Feature","properties":{"name":"Alcorcón--2800704031--raspberryOld","number_of_ads_buy":19,"average_prize_buy":2367.2,"number_of_ads_rent":1,"average_prize_rent":10,"normalized_prize_buy":0.8079732404942316,"normalized_ads_buy":0.6333333333333333,"normalized_prize_rent":null,"normalized_ads_rent":0.03333333333333333,"date":"2018-12-07T07:15:12.000Z","fill-opacity":0.6463785923953853,"fill":"#ff0000"},"bbox":[-3.81498,40.3252,-3.83524,40.3342],"geometry":{"type":"Polygon","coordinates":[[[-3.81498,40.3342],[-3.83524,40.3342],[-3.83524,40.3252],[-3.81498,40.3252],[-3.81498,40.3342]]]}}]}