{"type":"FeatureCollection","features":[{"type":"Feature","properties":{"name":"Alcobendas--piece--0-0--gCloud","number_of_ads_buy":0,"average_prize_buy":0,"number_of_ads_rent":0,"average_prize_rent":0,"normalized_prize_buy":0,"normalized_ads_buy":0,"normalized_prize_rent":null,"normalized_ads_rent":0,"date":"2018-12-07T07:00:46.000Z","fill-opacity":0,"fill":"#ff0000"},"bbox":[-3.66052,40.5528,-3.66555,40.5578],"geometry":{"type":"Polygon","coordinates":[[[-3.66052,40.5578],[-3.66555,40.5578],[-3.66555,40.5528],[-3.66052,40.5528],[-3.66052,40.5578]]]}},{"type":"Feature","properties":{"name":"Alcobendas--piece--0-1--gCloud","number_of_ads_buy":4,"average_prize_buy":3486.37,"number_of_ads_rent":1,"average_prize_rent":15.8333,"normalized_prize_buy":0.8715925,"normalized_ads_buy":0.13333333333333333,"normalized_prize_rent":null,"normalized_ads_rent":0.03333333333333333,"date":"2018-12-07T07:30:08.000Z","fill-opacity":0.6972740000000001,"fill":"#ff0000"},"bbox":[-3.66052,40.5478,-3.66555,40.5528],"geometry":{"type":"Polygon","coordinates":[[[-3.66052,40.5528],[-3.66555,40.5528],[-3.66555,40.5478],[-3.66052,40.5478],[-3.66052,40.5528]]]}},{"type":"Feature","properties":{"name":"Alcobendas--piece--0-2--gCloud","number_of_ads_buy":0,"average_prize_buy":0,"number_of_ads_rent":1,"average_prize_rent":13.587,"normalized_prize_buy":0,"normalized_ads_buy":0,"normalized_prize_rent":null,"normalized_ads_rent":0.03333333333333333,"date":"2018-12-07T07:30:17.000Z","fill-opacity":0,"fill":"#ff0000"},"bbox":[-3.66052,40.5428,-3.66555,40.5478],"geometry":{"type":"Polygon","coordinates":[[[-3.66052,40.5478],[-3.66555,40.5478],[-3.66555,40.5428],[-3.66052,40.5428],[-3.66052,40.5478]]]}},{"type":"Feature","properties":{"name":"Alcobendas--piece--0-3--gCloud","number_of_ads_buy":2,"average_prize_buy":3351.59,"number_of_ads_rent":0,"average_prize_rent":0,"normalized_prize_buy":0.8378975000000001,"normalized_ads_buy":0.06666666666666667,"normalized_prize_rent":null,"normalized_ads_rent":0,"date":"2018-12-07T07:30:23.000Z","fill-opacity":0.6703180000000001,"fill":"#ff0000"},"bbox":[-3.66052,40.5377,-3.66555,40.5428],"geometry":{"type":"Polygon","coordinates":[[[-3.66052,40.5428],[-3.66555,40.5428],[-3.66555,40.5377],[-3.66052,40.5377],[-3.66052,40.5428]]]}},{"type":"Feature","properties":{"name":"Alcobendas--piece--0-4--gCloud","number_of_ads_buy":0,"average_prize_buy":0,"number_of_ads_rent":0,"average_prize_rent":0,"normalized_prize_buy":0,"normalized_ads_buy":0,"normalized_prize_rent":null,"normalized_ads_rent":0,"date":"2018-12-07T07:30:35.000Z","fill-opacity":0,"fill":"#ff0000"},"bbox":[-3.66052,40.5327,-3.66555,40.5377],"geometry":{"type":"Polygon","coordinates":[[[-3.66052,40.5377],[-3.66555,40.5377],[-3.66555,40.5327],[-3.66052,40.5327],[-3.66052,40.5377]]]}},{"type":"Feature","properties":{"name":"Alcobendas--piece--0-5--gCloud","number_of_ads_buy":0,"average_prize_buy":0,"number_of_ads_rent":0,"average_prize_rent":0,"normalized_prize_buy":0,"normalized_ads_buy":0,"normalized_prize_rent":null,"normalized_ads_rent":0,"date":"2018-12-07T07:30:45.000Z","fill-opacity":0,"fill":"#ff0000"},"bbox":[-3.66052,40.5277,-3.66555,40.5327],"geometry":{"type":"Polygon","coordinates":[[[-3.66052,40.5327],[-3.66555,40.5327],[-3.66555,40.5277],[-3.66052,40.5277],[-3.66052,40.5327]]]}},{"type":"Feature","properties":{"name":"Alcobendas--piece--0-6--gCloud","number_of_ads_buy":0,"average_prize_buy":0,"number_of_ads_rent":0,"average_prize_rent":0,"normalized_prize_buy":0,"normalized_ads_buy":0,"normalized_prize_rent":null,"normalized_ads_rent":0,"date":"2018-12-07T07:30:58.000Z","fill-opacity":0,"fill":"#ff0000"},"bbox":[-3.66052,40.5227,-3.66555,40.5277],"geometry":{"type":"Polygon","coordinates":[[[-3.66052,40.5277],[-3.66555,40.5277],[-3.66555,40.5227],[-3.66052,40.5227],[-3.66052,40.5277]]]}},{"type":"Feature","properties":{"name":"Alcobendas--piece--0-7--gCloud","number_of_ads_buy":0,"average_prize_buy":0,"number_of_ads_rent":0,"average_prize_rent":0,"normalized_prize_buy":0,"normalized_ads_buy":0,"normalized_prize_rent":null,"normalized_ads_rent":0,"date":"2018-12-07T07:31:06.000Z","fill-opacity":0,"fill":"#ff0000"},"bbox":[-3.66052,40.5176,-3.66555,40.5227],"geometry":{"type":"Polygon","coordinates":[[[-3.66052,40.5227],[-3.66555,40.5227],[-3.66555,40.5176],[-3.66052,40.5176],[-3.66052,40.5227]]]}},{"type":"Feature","properties":{"name":"Alcobendas--piece--0-8--gCloud","number_of_ads_buy":0,"average_prize_buy":0,"number_of_ads_rent":0,"average_prize_rent":0,"normalized_prize_buy":0,"normalized_ads_buy":0,"normalized_prize_rent":null,"normalized_ads_rent":0,"date":"2018-12-07T07:31:15.000Z","fill-opacity":0,"fill":"#ff0000"},"bbox":[-3.66052,40.5126,-3.66555,40.5176],"geometry":{"type":"Polygon","coordinates":[[[-3.66052,40.5176],[-3.66555,40.5176],[-3.66555,40.5126],[-3.66052,40.5126],[-3.66052,40.5176]]]}},{"type":"Feature","properties":{"name":"Alcobendas--piece--0-9--gCloud","number_of_ads_buy":0,"average_prize_buy":0,"number_of_ads_rent":0,"average_prize_rent":0,"normalized_prize_buy":0,"normalized_ads_buy":0,"normalized_prize_rent":null,"normalized_ads_rent":0,"date":"2018-12-07T07:31:23.000Z","fill-opacity":0,"fill":"#ff0000"},"bbox":[-3.66052,40.5076,-3.66555,40.5126],"geometry":{"type":"Polygon","coordinates":[[[-3.66052,40.5126],[-3.66555,40.5126],[-3.66555,40.5076],[-3.66052,40.5076],[-3.66052,40.5126]]]}},{"type":"Feature","properties":{"name":"Alcobendas--piece--1-0--gCloud","number_of_ads_buy":5,"average_prize_buy":3589,"number_of_ads_rent":0,"average_prize_rent":0,"normalized_prize_buy":0.89725,"normalized_ads_buy":0.16666666666666666,"normalized_prize_rent":null,"normalized_ads_rent":0,"date":"2018-12-07T07:31:35.000Z","fill-opacity":0.7178,"fill":"#ff0000"},"bbox":[-3.65549,40.5528,-3.66052,40.5578],"geometry":{"type":"Polygon","coordinates":[[[-3.65549,40.5578],[-3.66052,40.5578],[-3.66052,40.5528],[-3.65549,40.5528],[-3.65549,40.5578]]]}},{"type":"Feature","properties":{"name":"Alcobendas--piece--1-1--gCloud","number_of_ads_buy":15,"average_prize_buy":3635.54,"number_of_ads_rent":0,"average_prize_rent":0,"normalized_prize_buy":0.9088849999999999,"normalized_ads_buy":0.5,"normalized_prize_rent":null,"normalized_ads_rent":0,"date":"2018-12-07T07:31:40.000Z","fill-opacity":0.727108,"fill":"#ff0000"},"bbox":[-3.65549,40.5478,-3.66052,40.5528],"geometry":{"type":"Polygon","coordinates":[[[-3.65549,40.5528],[-3.66052,40.5528],[-3.66052,40.5478],[-3.65549,40.5478],[-3.65549,40.5528]]]}},{"type":"Feature","properties":{"name":"Alcobendas--piece--1-2--gCloud","number_of_ads_buy":6,"average_prize_buy":3073.62,"number_of_ads_rent":1,"average_prize_rent":10.7407,"normalized_prize_buy":0.768405,"normalized_ads_buy":0.2,"normalized_prize_rent":null,"normalized_ads_rent":0.03333333333333333,"date":"2018-12-07T07:31:46.000Z","fill-opacity":0.614724,"fill":"#ff0000"},"bbox":[-3.65549,40.5428,-3.66052,40.5478],"geometry":{"type":"Polygon","coordinates":[[[-3.65549,40.5478],[-3.66052,40.5478],[-3.66052,40.5428],[-3.65549,40.5428],[-3.65549,40.5478]]]}},{"type":"Feature","properties":{"name":"Alcobendas--piece--1-3--gCloud","number_of_ads_buy":13,"average_prize_buy":3418.46,"number_of_ads_rent":0,"average_prize_rent":0,"normalized_prize_buy":0.854615,"normalized_ads_buy":0.43333333333333335,"normalized_prize_rent":null,"normalized_ads_rent":0,"date":"2018-12-07T07:31:55.000Z","fill-opacity":0.6836920000000001,"fill":"#ff0000"},"bbox":[-3.65549,40.5377,-3.66052,40.5428],"geometry":{"type":"Polygon","coordinates":[[[-3.65549,40.5428],[-3.66052,40.5428],[-3.66052,40.5377],[-3.65549,40.5377],[-3.65549,40.5428]]]}},{"type":"Feature","properties":{"name":"Alcobendas--piece--1-4--gCloud","number_of_ads_buy":0,"average_prize_buy":0,"number_of_ads_rent":0,"average_prize_rent":0,"normalized_prize_buy":0,"normalized_ads_buy":0,"normalized_prize_rent":null,"normalized_ads_rent":0,"date":"2018-12-07T07:32:03.000Z","fill-opacity":0,"fill":"#ff0000"},"bbox":[-3.65549,40.5327,-3.66052,40.5377],"geometry":{"type":"Polygon","coordinates":[[[-3.65549,40.5377],[-3.66052,40.5377],[-3.66052,40.5327],[-3.65549,40.5327],[-3.65549,40.5377]]]}},{"type":"Feature","properties":{"name":"Alcobendas--piece--1-5--gCloud","number_of_ads_buy":0,"average_prize_buy":0,"number_of_ads_rent":0,"average_prize_rent":0,"normalized_prize_buy":0,"normalized_ads_buy":0,"normalized_prize_rent":null,"normalized_ads_rent":0,"date":"2018-12-07T07:32:09.000Z","fill-opacity":0,"fill":"#ff0000"},"bbox":[-3.65549,40.5277,-3.66052,40.5327],"geometry":{"type":"Polygon","coordinates":[[[-3.65549,40.5327],[-3.66052,40.5327],[-3.66052,40.5277],[-3.65549,40.5277],[-3.65549,40.5327]]]}},{"type":"Feature","properties":{"name":"Alcobendas--piece--1-6--gCloud","number_of_ads_buy":0,"average_prize_buy":0,"number_of_ads_rent":0,"average_prize_rent":0,"normalized_prize_buy":0,"normalized_ads_buy":0,"normalized_prize_rent":null,"normalized_ads_rent":0,"date":"2018-12-07T07:32:20.000Z","fill-opacity":0,"fill":"#ff0000"},"bbox":[-3.65549,40.5227,-3.66052,40.5277],"geometry":{"type":"Polygon","coordinates":[[[-3.65549,40.5277],[-3.66052,40.5277],[-3.66052,40.5227],[-3.65549,40.5227],[-3.65549,40.5277]]]}},{"type":"Feature","properties":{"name":"Alcobendas--piece--1-7--gCloud","number_of_ads_buy":1,"average_prize_buy":3943.66,"number_of_ads_rent":1,"average_prize_rent":20,"normalized_prize_buy":0.985915,"normalized_ads_buy":0.03333333333333333,"normalized_prize_rent":null,"normalized_ads_rent":0.03333333333333333,"date":"2018-12-07T07:32:30.000Z","fill-opacity":0.788732,"fill":"#ff0000"},"bbox":[-3.65549,40.5176,-3.66052,40.5227],"geometry":{"type":"Polygon","coordinates":[[[-3.65549,40.5227],[-3.66052,40.5227],[-3.66052,40.5176],[-3.65549,40.5176],[-3.65549,40.5227]]]}},{"type":"Feature","properties":{"name":"Alcobendas--piece--1-8--gCloud","number_of_ads_buy":0,"average_prize_buy":0,"number_of_ads_rent":0,"average_prize_rent":0,"normalized_prize_buy":0,"normalized_ads_buy":0,"normalized_prize_rent":null,"normalized_ads_rent":0,"date":"2018-12-07T07:32:41.000Z","fill-opacity":0,"fill":"#ff0000"},"bbox":[-3.65549,40.5126,-3.66052,40.5176],"geometry":{"type":"Polygon","coordinates":[[[-3.65549,40.5176],[-3.66052,40.5176],[-3.66052,40.5126],[-3.65549,40.5126],[-3.65549,40.5176]]]}},{"type":"Feature","properties":{"name":"Alcobendas--piece--1-9--gCloud","number_of_ads_buy":0,"average_prize_buy":0,"number_of_ads_rent":0,"average_prize_rent":0,"normalized_prize_buy":0,"normalized_ads_buy":0,"normalized_prize_rent":null,"normalized_ads_rent":0,"date":"2018-12-07T07:32:53.000Z","fill-opacity":0,"fill":"#ff0000"},"bbox":[-3.65549,40.5076,-3.66052,40.5126],"geometry":{"type":"Polygon","coordinates":[[[-3.65549,40.5126],[-3.66052,40.5126],[-3.66052,40.5076],[-3.65549,40.5076],[-3.65549,40.5126]]]}},{"type":"Feature","properties":{"name":"Alcobendas--piece--10-0--gCloud","number_of_ads_buy":0,"average_prize_buy":0,"number_of_ads_rent":0,"average_prize_rent":0,"normalized_prize_buy":0,"normalized_ads_buy":0,"normalized_prize_rent":null,"normalized_ads_rent":0,"date":"2018-12-07T07:33:04.000Z","fill-opacity":0,"fill":"#ff0000"},"bbox":[-3.61019,40.5528,-3.61523,40.5578],"geometry":{"type":"Polygon","coordinates":[[[-3.61019,40.5578],[-3.61523,40.5578],[-3.61523,40.5528],[-3.61019,40.5528],[-3.61019,40.5578]]]}},{"type":"Feature","properties":{"name":"Alcobendas--piece--10-1--gCloud","number_of_ads_buy":0,"average_prize_buy":0,"number_of_ads_rent":4,"average_prize_rent":10.1514,"normalized_prize_buy":0,"normalized_ads_buy":0,"normalized_prize_rent":null,"normalized_ads_rent":0.13333333333333333,"date":"2018-12-07T07:33:15.000Z","fill-opacity":0,"fill":"#ff0000"},"bbox":[-3.61019,40.5478,-3.61523,40.5528],"geometry":{"type":"Polygon","coordinates":[[[-3.61019,40.5528],[-3.61523,40.5528],[-3.61523,40.5478],[-3.61019,40.5478],[-3.61019,40.5528]]]}},{"type":"Feature","properties":{"name":"Alcobendas--piece--10-2--gCloud","number_of_ads_buy":1,"average_prize_buy":2.14286,"number_of_ads_rent":0,"average_prize_rent":0,"normalized_prize_buy":0.0005357150000000001,"normalized_ads_buy":0.03333333333333333,"normalized_prize_rent":null,"normalized_ads_rent":0,"date":"2018-12-07T07:33:24.000Z","fill-opacity":0.0004285720000000001,"fill":"#ff0000"},"bbox":[-3.61019,40.5428,-3.61523,40.5478],"geometry":{"type":"Polygon","coordinates":[[[-3.61019,40.5478],[-3.61523,40.5478],[-3.61523,40.5428],[-3.61019,40.5428],[-3.61019,40.5478]]]}},{"type":"Feature","properties":{"name":"Alcobendas--piece--10-3--gCloud","number_of_ads_buy":4,"average_prize_buy":2691.12,"number_of_ads_rent":2,"average_prize_rent":13.427,"normalized_prize_buy":0.6727799999999999,"normalized_ads_buy":0.13333333333333333,"normalized_prize_rent":null,"normalized_ads_rent":0.06666666666666667,"date":"2018-12-07T07:33:35.000Z","fill-opacity":0.5382239999999999,"fill":"#ff0000"},"bbox":[-3.61019,40.5377,-3.61523,40.5428],"geometry":{"type":"Polygon","coordinates":[[[-3.61019,40.5428],[-3.61523,40.5428],[-3.61523,40.5377],[-3.61019,40.5377],[-3.61019,40.5428]]]}},{"type":"Feature","properties":{"name":"Alcobendas--piece--10-4--gCloud","number_of_ads_buy":0,"average_prize_buy":0,"number_of_ads_rent":0,"average_prize_rent":0,"normalized_prize_buy":0,"normalized_ads_buy":0,"normalized_prize_rent":null,"normalized_ads_rent":0,"date":"2018-12-07T07:33:47.000Z","fill-opacity":0,"fill":"#ff0000"},"bbox":[-3.61019,40.5327,-3.61523,40.5377],"geometry":{"type":"Polygon","coordinates":[[[-3.61019,40.5377],[-3.61523,40.5377],[-3.61523,40.5327],[-3.61019,40.5327],[-3.61019,40.5377]]]}},{"type":"Feature","properties":{"name":"Alcobendas--piece--10-5--gCloud","number_of_ads_buy":1,"average_prize_buy":3.71525,"number_of_ads_rent":0,"average_prize_rent":0,"normalized_prize_buy":0.0009288125000000001,"normalized_ads_buy":0.03333333333333333,"normalized_prize_rent":null,"normalized_ads_rent":0,"date":"2018-12-07T07:33:55.000Z","fill-opacity":0.0007430500000000001,"fill":"#ff0000"},"bbox":[-3.61019,40.5277,-3.61523,40.5327],"geometry":{"type":"Polygon","coordinates":[[[-3.61019,40.5327],[-3.61523,40.5327],[-3.61523,40.5277],[-3.61019,40.5277],[-3.61019,40.5327]]]}},{"type":"Feature","properties":{"name":"Alcobendas--piece--10-6--gCloud","number_of_ads_buy":10,"average_prize_buy":157.195,"number_of_ads_rent":2,"average_prize_rent":10.3526,"normalized_prize_buy":0.03929875,"normalized_ads_buy":0.3333333333333333,"normalized_prize_rent":null,"normalized_ads_rent":0.06666666666666667,"date":"2018-12-07T07:34:04.000Z","fill-opacity":0.031439,"fill":"#ff0000"},"bbox":[-3.61019,40.5227,-3.61523,40.5277],"geometry":{"type":"Polygon","coordinates":[[[-3.61019,40.5277],[-3.61523,40.5277],[-3.61523,40.5227],[-3.61019,40.5227],[-3.61019,40.5277]]]}},{"type":"Feature","properties":{"name":"Alcobendas--piece--10-7--gCloud","number_of_ads_buy":15,"average_prize_buy":5.41135,"number_of_ads_rent":3,"average_prize_rent":18.0769,"normalized_prize_buy":0.0013528375,"normalized_ads_buy":0.5,"normalized_prize_rent":null,"normalized_ads_rent":0.1,"date":"2018-12-07T07:34:17.000Z","fill-opacity":0.00108227,"fill":"#ff0000"},"bbox":[-3.61019,40.5176,-3.61523,40.5227],"geometry":{"type":"Polygon","coordinates":[[[-3.61019,40.5227],[-3.61523,40.5227],[-3.61523,40.5176],[-3.61019,40.5176],[-3.61019,40.5227]]]}},{"type":"Feature","properties":{"name":"Alcobendas--piece--10-8--gCloud","number_of_ads_buy":12,"average_prize_buy":3.96157,"number_of_ads_rent":0,"average_prize_rent":0,"normalized_prize_buy":0.0009903925,"normalized_ads_buy":0.4,"normalized_prize_rent":null,"normalized_ads_rent":0,"date":"2018-12-07T07:34:23.000Z","fill-opacity":0.0007923140000000001,"fill":"#ff0000"},"bbox":[-3.61019,40.5126,-3.61523,40.5176],"geometry":{"type":"Polygon","coordinates":[[[-3.61019,40.5176],[-3.61523,40.5176],[-3.61523,40.5126],[-3.61019,40.5126],[-3.61019,40.5176]]]}},{"type":"Feature","properties":{"name":"Alcobendas--piece--10-9--gCloud","number_of_ads_buy":15,"average_prize_buy":4.54954,"number_of_ads_rent":0,"average_prize_rent":0,"normalized_prize_buy":0.001137385,"normalized_ads_buy":0.5,"normalized_prize_rent":null,"normalized_ads_rent":0,"date":"2018-12-07T07:34:33.000Z","fill-opacity":0.0009099080000000001,"fill":"#ff0000"},"bbox":[-3.61019,40.5076,-3.61523,40.5126],"geometry":{"type":"Polygon","coordinates":[[[-3.61019,40.5126],[-3.61523,40.5126],[-3.61523,40.5076],[-3.61019,40.5076],[-3.61019,40.5126]]]}},{"type":"Feature","properties":{"name":"Alcobendas--piece--11-0--gCloud","number_of_ads_buy":0,"average_prize_buy":0,"number_of_ads_rent":0,"average_prize_rent":0,"normalized_prize_buy":0,"normalized_ads_buy":0,"normalized_prize_rent":null,"normalized_ads_rent":0,"date":"2018-12-07T07:34:43.000Z","fill-opacity":0,"fill":"#ff0000"},"bbox":[-3.60516,40.5528,-3.61019,40.5578],"geometry":{"type":"Polygon","coordinates":[[[-3.60516,40.5578],[-3.61019,40.5578],[-3.61019,40.5528],[-3.60516,40.5528],[-3.60516,40.5578]]]}},{"type":"Feature","properties":{"name":"Alcobendas--piece--11-1--gCloud","number_of_ads_buy":2,"average_prize_buy":3081.65,"number_of_ads_rent":1,"average_prize_rent":12.8571,"normalized_prize_buy":0.7704125000000001,"normalized_ads_buy":0.06666666666666667,"normalized_prize_rent":null,"normalized_ads_rent":0.03333333333333333,"date":"2018-12-07T07:34:49.000Z","fill-opacity":0.61633,"fill":"#ff0000"},"bbox":[-3.60516,40.5478,-3.61019,40.5528],"geometry":{"type":"Polygon","coordinates":[[[-3.60516,40.5528],[-3.61019,40.5528],[-3.61019,40.5478],[-3.60516,40.5478],[-3.60516,40.5528]]]}},{"type":"Feature","properties":{"name":"Alcobendas--piece--11-2--gCloud","number_of_ads_buy":0,"average_prize_buy":0,"number_of_ads_rent":0,"average_prize_rent":0,"normalized_prize_buy":0,"normalized_ads_buy":0,"normalized_prize_rent":null,"normalized_ads_rent":0,"date":"2018-12-07T07:34:57.000Z","fill-opacity":0,"fill":"#ff0000"},"bbox":[-3.60516,40.5428,-3.61019,40.5478],"geometry":{"type":"Polygon","coordinates":[[[-3.60516,40.5478],[-3.61019,40.5478],[-3.61019,40.5428],[-3.60516,40.5428],[-3.60516,40.5478]]]}},{"type":"Feature","properties":{"name":"Alcobendas--piece--11-3--gCloud","number_of_ads_buy":0,"average_prize_buy":0,"number_of_ads_rent":0,"average_prize_rent":0,"normalized_prize_buy":0,"normalized_ads_buy":0,"normalized_prize_rent":null,"normalized_ads_rent":0,"date":"2018-12-07T07:35:03.000Z","fill-opacity":0,"fill":"#ff0000"},"bbox":[-3.60516,40.5377,-3.61019,40.5428],"geometry":{"type":"Polygon","coordinates":[[[-3.60516,40.5428],[-3.61019,40.5428],[-3.61019,40.5377],[-3.60516,40.5377],[-3.60516,40.5428]]]}},{"type":"Feature","properties":{"name":"Alcobendas--piece--11-4--gCloud","number_of_ads_buy":0,"average_prize_buy":0,"number_of_ads_rent":0,"average_prize_rent":0,"normalized_prize_buy":0,"normalized_ads_buy":0,"normalized_prize_rent":null,"normalized_ads_rent":0,"date":"2018-12-07T07:35:15.000Z","fill-opacity":0,"fill":"#ff0000"},"bbox":[-3.60516,40.5327,-3.61019,40.5377],"geometry":{"type":"Polygon","coordinates":[[[-3.60516,40.5377],[-3.61019,40.5377],[-3.61019,40.5327],[-3.60516,40.5327],[-3.60516,40.5377]]]}},{"type":"Feature","properties":{"name":"Alcobendas--piece--11-5--gCloud","number_of_ads_buy":0,"average_prize_buy":0,"number_of_ads_rent":0,"average_prize_rent":0,"normalized_prize_buy":0,"normalized_ads_buy":0,"normalized_prize_rent":null,"normalized_ads_rent":0,"date":"2018-12-07T07:35:20.000Z","fill-opacity":0,"fill":"#ff0000"},"bbox":[-3.60516,40.5277,-3.61019,40.5327],"geometry":{"type":"Polygon","coordinates":[[[-3.60516,40.5327],[-3.61019,40.5327],[-3.61019,40.5277],[-3.60516,40.5277],[-3.60516,40.5327]]]}},{"type":"Feature","properties":{"name":"Alcobendas--piece--11-6--gCloud","number_of_ads_buy":9,"average_prize_buy":4.32195,"number_of_ads_rent":3,"average_prize_rent":21.545,"normalized_prize_buy":0.0010804875,"normalized_ads_buy":0.3,"normalized_prize_rent":null,"normalized_ads_rent":0.1,"date":"2018-12-07T07:35:29.000Z","fill-opacity":0.00086439,"fill":"#ff0000"},"bbox":[-3.60516,40.5227,-3.61019,40.5277],"geometry":{"type":"Polygon","coordinates":[[[-3.60516,40.5277],[-3.61019,40.5277],[-3.61019,40.5227],[-3.60516,40.5227],[-3.60516,40.5277]]]}},{"type":"Feature","properties":{"name":"Alcobendas--piece--11-7--gCloud","number_of_ads_buy":19,"average_prize_buy":5.2143,"number_of_ads_rent":2,"average_prize_rent":17.7647,"normalized_prize_buy":0.001303575,"normalized_ads_buy":0.6333333333333333,"normalized_prize_rent":null,"normalized_ads_rent":0.06666666666666667,"date":"2018-12-07T07:35:39.000Z","fill-opacity":0.00104286,"fill":"#ff0000"},"bbox":[-3.60516,40.5176,-3.61019,40.5227],"geometry":{"type":"Polygon","coordinates":[[[-3.60516,40.5227],[-3.61019,40.5227],[-3.61019,40.5176],[-3.60516,40.5176],[-3.60516,40.5227]]]}},{"type":"Feature","properties":{"name":"Alcobendas--piece--11-8--gCloud","number_of_ads_buy":8,"average_prize_buy":3.93562,"number_of_ads_rent":0,"average_prize_rent":0,"normalized_prize_buy":0.000983905,"normalized_ads_buy":0.26666666666666666,"normalized_prize_rent":null,"normalized_ads_rent":0,"date":"2018-12-07T07:35:45.000Z","fill-opacity":0.000787124,"fill":"#ff0000"},"bbox":[-3.60516,40.5126,-3.61019,40.5176],"geometry":{"type":"Polygon","coordinates":[[[-3.60516,40.5176],[-3.61019,40.5176],[-3.61019,40.5126],[-3.60516,40.5126],[-3.60516,40.5176]]]}},{"type":"Feature","properties":{"name":"Alcobendas--piece--11-9--gCloud","number_of_ads_buy":7,"average_prize_buy":377.794,"number_of_ads_rent":0,"average_prize_rent":0,"normalized_prize_buy":0.09444849999999999,"normalized_ads_buy":0.23333333333333334,"normalized_prize_rent":null,"normalized_ads_rent":0,"date":"2018-12-07T07:35:56.000Z","fill-opacity":0.0755588,"fill":"#ff0000"},"bbox":[-3.60516,40.5076,-3.61019,40.5126],"geometry":{"type":"Polygon","coordinates":[[[-3.60516,40.5126],[-3.61019,40.5126],[-3.61019,40.5076],[-3.60516,40.5076],[-3.60516,40.5126]]]}},{"type":"Feature","properties":{"name":"Alcobendas--piece--12-0--gCloud","number_of_ads_buy":0,"average_prize_buy":0,"number_of_ads_rent":0,"average_prize_rent":0,"normalized_prize_buy":0,"normalized_ads_buy":0,"normalized_prize_rent":null,"normalized_ads_rent":0,"date":"2018-12-07T07:36:02.000Z","fill-opacity":0,"fill":"#ff0000"},"bbox":[-3.60013,40.5528,-3.60516,40.5578],"geometry":{"type":"Polygon","coordinates":[[[-3.60013,40.5578],[-3.60516,40.5578],[-3.60516,40.5528],[-3.60013,40.5528],[-3.60013,40.5578]]]}},{"type":"Feature","properties":{"name":"Alcobendas--piece--12-1--gCloud","number_of_ads_buy":0,"average_prize_buy":0,"number_of_ads_rent":0,"average_prize_rent":0,"normalized_prize_buy":0,"normalized_ads_buy":0,"normalized_prize_rent":null,"normalized_ads_rent":0,"date":"2018-12-07T07:36:14.000Z","fill-opacity":0,"fill":"#ff0000"},"bbox":[-3.60013,40.5478,-3.60516,40.5528],"geometry":{"type":"Polygon","coordinates":[[[-3.60013,40.5528],[-3.60516,40.5528],[-3.60516,40.5478],[-3.60013,40.5478],[-3.60013,40.5528]]]}},{"type":"Feature","properties":{"name":"Alcobendas--piece--12-2--gCloud","number_of_ads_buy":0,"average_prize_buy":0,"number_of_ads_rent":0,"average_prize_rent":0,"normalized_prize_buy":0,"normalized_ads_buy":0,"normalized_prize_rent":null,"normalized_ads_rent":0,"date":"2018-12-07T07:36:22.000Z","fill-opacity":0,"fill":"#ff0000"},"bbox":[-3.60013,40.5428,-3.60516,40.5478],"geometry":{"type":"Polygon","coordinates":[[[-3.60013,40.5478],[-3.60516,40.5478],[-3.60516,40.5428],[-3.60013,40.5428],[-3.60013,40.5478]]]}},{"type":"Feature","properties":{"name":"Alcobendas--piece--12-3--gCloud","number_of_ads_buy":0,"average_prize_buy":0,"number_of_ads_rent":0,"average_prize_rent":0,"normalized_prize_buy":0,"normalized_ads_buy":0,"normalized_prize_rent":null,"normalized_ads_rent":0,"date":"2018-12-07T07:36:27.000Z","fill-opacity":0,"fill":"#ff0000"},"bbox":[-3.60013,40.5377,-3.60516,40.5428],"geometry":{"type":"Polygon","coordinates":[[[-3.60013,40.5428],[-3.60516,40.5428],[-3.60516,40.5377],[-3.60013,40.5377],[-3.60013,40.5428]]]}},{"type":"Feature","properties":{"name":"Alcobendas--piece--12-4--gCloud","number_of_ads_buy":0,"average_prize_buy":0,"number_of_ads_rent":0,"average_prize_rent":0,"normalized_prize_buy":0,"normalized_ads_buy":0,"normalized_prize_rent":null,"normalized_ads_rent":0,"date":"2018-12-07T07:36:33.000Z","fill-opacity":0,"fill":"#ff0000"},"bbox":[-3.60013,40.5327,-3.60516,40.5377],"geometry":{"type":"Polygon","coordinates":[[[-3.60013,40.5377],[-3.60516,40.5377],[-3.60516,40.5327],[-3.60013,40.5327],[-3.60013,40.5377]]]}},{"type":"Feature","properties":{"name":"Alcobendas--piece--12-5--gCloud","number_of_ads_buy":0,"average_prize_buy":0,"number_of_ads_rent":0,"average_prize_rent":0,"normalized_prize_buy":0,"normalized_ads_buy":0,"normalized_prize_rent":null,"normalized_ads_rent":0,"date":"2018-12-07T07:36:40.000Z","fill-opacity":0,"fill":"#ff0000"},"bbox":[-3.60013,40.5277,-3.60516,40.5327],"geometry":{"type":"Polygon","coordinates":[[[-3.60013,40.5327],[-3.60516,40.5327],[-3.60516,40.5277],[-3.60013,40.5277],[-3.60013,40.5327]]]}},{"type":"Feature","properties":{"name":"Alcobendas--piece--12-6--gCloud","number_of_ads_buy":3,"average_prize_buy":4.15982,"number_of_ads_rent":0,"average_prize_rent":0,"normalized_prize_buy":0.001039955,"normalized_ads_buy":0.1,"normalized_prize_rent":null,"normalized_ads_rent":0,"date":"2018-12-07T07:36:52.000Z","fill-opacity":0.000831964,"fill":"#ff0000"},"bbox":[-3.60013,40.5227,-3.60516,40.5277],"geometry":{"type":"Polygon","coordinates":[[[-3.60013,40.5277],[-3.60516,40.5277],[-3.60516,40.5227],[-3.60013,40.5227],[-3.60013,40.5277]]]}},{"type":"Feature","properties":{"name":"Alcobendas--piece--12-7--gCloud","number_of_ads_buy":1,"average_prize_buy":3.33333,"number_of_ads_rent":0,"average_prize_rent":0,"normalized_prize_buy":0.0008333325000000001,"normalized_ads_buy":0.03333333333333333,"normalized_prize_rent":null,"normalized_ads_rent":0,"date":"2018-12-07T07:37:03.000Z","fill-opacity":0.0006666660000000001,"fill":"#ff0000"},"bbox":[-3.60013,40.5176,-3.60516,40.5227],"geometry":{"type":"Polygon","coordinates":[[[-3.60013,40.5227],[-3.60516,40.5227],[-3.60516,40.5176],[-3.60013,40.5176],[-3.60013,40.5227]]]}},{"type":"Feature","properties":{"name":"Alcobendas--piece--12-8--gCloud","number_of_ads_buy":0,"average_prize_buy":0,"number_of_ads_rent":0,"average_prize_rent":0,"normalized_prize_buy":0,"normalized_ads_buy":0,"normalized_prize_rent":null,"normalized_ads_rent":0,"date":"2018-12-07T07:37:11.000Z","fill-opacity":0,"fill":"#ff0000"},"bbox":[-3.60013,40.5126,-3.60516,40.5176],"geometry":{"type":"Polygon","coordinates":[[[-3.60013,40.5176],[-3.60516,40.5176],[-3.60516,40.5126],[-3.60013,40.5126],[-3.60013,40.5176]]]}},{"type":"Feature","properties":{"name":"Alcobendas--piece--12-9--gCloud","number_of_ads_buy":0,"average_prize_buy":0,"number_of_ads_rent":1,"average_prize_rent":16.25,"normalized_prize_buy":0,"normalized_ads_buy":0,"normalized_prize_rent":null,"normalized_ads_rent":0.03333333333333333,"date":"2018-12-07T07:37:17.000Z","fill-opacity":0,"fill":"#ff0000"},"bbox":[-3.60013,40.5076,-3.60516,40.5126],"geometry":{"type":"Polygon","coordinates":[[[-3.60013,40.5126],[-3.60516,40.5126],[-3.60516,40.5076],[-3.60013,40.5076],[-3.60013,40.5126]]]}},{"type":"Feature","properties":{"name":"Alcobendas--piece--2-0--gCloud","number_of_ads_buy":0,"average_prize_buy":0,"number_of_ads_rent":1,"average_prize_rent":9.43878,"normalized_prize_buy":0,"normalized_ads_buy":0,"normalized_prize_rent":null,"normalized_ads_rent":0.03333333333333333,"date":"2018-12-07T07:37:26.000Z","fill-opacity":0,"fill":"#ff0000"},"bbox":[-3.65046,40.5528,-3.65549,40.5578],"geometry":{"type":"Polygon","coordinates":[[[-3.65046,40.5578],[-3.65549,40.5578],[-3.65549,40.5528],[-3.65046,40.5528],[-3.65046,40.5578]]]}},{"type":"Feature","properties":{"name":"Alcobendas--piece--2-1--gCloud","number_of_ads_buy":4,"average_prize_buy":3753.4,"number_of_ads_rent":5,"average_prize_rent":12.7936,"normalized_prize_buy":0.93835,"normalized_ads_buy":0.13333333333333333,"normalized_prize_rent":null,"normalized_ads_rent":0.16666666666666666,"date":"2018-12-07T07:37:32.000Z","fill-opacity":0.75068,"fill":"#ff0000"},"bbox":[-3.65046,40.5478,-3.65549,40.5528],"geometry":{"type":"Polygon","coordinates":[[[-3.65046,40.5528],[-3.65549,40.5528],[-3.65549,40.5478],[-3.65046,40.5478],[-3.65046,40.5528]]]}},{"type":"Feature","properties":{"name":"Alcobendas--piece--2-2--gCloud","number_of_ads_buy":9,"average_prize_buy":3540.19,"number_of_ads_rent":1,"average_prize_rent":10,"normalized_prize_buy":0.8850475,"normalized_ads_buy":0.3,"normalized_prize_rent":null,"normalized_ads_rent":0.03333333333333333,"date":"2018-12-07T07:37:41.000Z","fill-opacity":0.7080380000000001,"fill":"#ff0000"},"bbox":[-3.65046,40.5428,-3.65549,40.5478],"geometry":{"type":"Polygon","coordinates":[[[-3.65046,40.5478],[-3.65549,40.5478],[-3.65549,40.5428],[-3.65046,40.5428],[-3.65046,40.5478]]]}},{"type":"Feature","properties":{"name":"Alcobendas--piece--2-3--gCloud","number_of_ads_buy":2,"average_prize_buy":1418.31,"number_of_ads_rent":2,"average_prize_rent":8.02962,"normalized_prize_buy":0.3545775,"normalized_ads_buy":0.06666666666666667,"normalized_prize_rent":null,"normalized_ads_rent":0.06666666666666667,"date":"2018-12-07T07:37:46.000Z","fill-opacity":0.283662,"fill":"#ff0000"},"bbox":[-3.65046,40.5377,-3.65549,40.5428],"geometry":{"type":"Polygon","coordinates":[[[-3.65046,40.5428],[-3.65549,40.5428],[-3.65549,40.5377],[-3.65046,40.5377],[-3.65046,40.5428]]]}},{"type":"Feature","properties":{"name":"Alcobendas--piece--2-4--gCloud","number_of_ads_buy":0,"average_prize_buy":0,"number_of_ads_rent":0,"average_prize_rent":0,"normalized_prize_buy":0,"normalized_ads_buy":0,"normalized_prize_rent":null,"normalized_ads_rent":0,"date":"2018-12-07T07:37:55.000Z","fill-opacity":0,"fill":"#ff0000"},"bbox":[-3.65046,40.5327,-3.65549,40.5377],"geometry":{"type":"Polygon","coordinates":[[[-3.65046,40.5377],[-3.65549,40.5377],[-3.65549,40.5327],[-3.65046,40.5327],[-3.65046,40.5377]]]}},{"type":"Feature","properties":{"name":"Alcobendas--piece--2-5--gCloud","number_of_ads_buy":2,"average_prize_buy":2628.91,"number_of_ads_rent":0,"average_prize_rent":0,"normalized_prize_buy":0.6572275,"normalized_ads_buy":0.06666666666666667,"normalized_prize_rent":null,"normalized_ads_rent":0,"date":"2018-12-07T07:38:00.000Z","fill-opacity":0.525782,"fill":"#ff0000"},"bbox":[-3.65046,40.5277,-3.65549,40.5327],"geometry":{"type":"Polygon","coordinates":[[[-3.65046,40.5327],[-3.65549,40.5327],[-3.65549,40.5277],[-3.65046,40.5277],[-3.65046,40.5327]]]}},{"type":"Feature","properties":{"name":"Alcobendas--piece--2-6--gCloud","number_of_ads_buy":0,"average_prize_buy":0,"number_of_ads_rent":0,"average_prize_rent":0,"normalized_prize_buy":0,"normalized_ads_buy":0,"normalized_prize_rent":null,"normalized_ads_rent":0,"date":"2018-12-07T07:38:06.000Z","fill-opacity":0,"fill":"#ff0000"},"bbox":[-3.65046,40.5227,-3.65549,40.5277],"geometry":{"type":"Polygon","coordinates":[[[-3.65046,40.5277],[-3.65549,40.5277],[-3.65549,40.5227],[-3.65046,40.5227],[-3.65046,40.5277]]]}},{"type":"Feature","properties":{"name":"Alcobendas--piece--2-7--gCloud","number_of_ads_buy":11,"average_prize_buy":3043.59,"number_of_ads_rent":3,"average_prize_rent":12.2545,"normalized_prize_buy":0.7608975,"normalized_ads_buy":0.36666666666666664,"normalized_prize_rent":null,"normalized_ads_rent":0.1,"date":"2018-12-07T07:38:15.000Z","fill-opacity":0.6087180000000001,"fill":"#ff0000"},"bbox":[-3.65046,40.5176,-3.65549,40.5227],"geometry":{"type":"Polygon","coordinates":[[[-3.65046,40.5227],[-3.65549,40.5227],[-3.65549,40.5176],[-3.65046,40.5176],[-3.65046,40.5227]]]}},{"type":"Feature","properties":{"name":"Alcobendas--piece--2-8--gCloud","number_of_ads_buy":8,"average_prize_buy":1891.09,"number_of_ads_rent":6,"average_prize_rent":11.8044,"normalized_prize_buy":0.4727725,"normalized_ads_buy":0.26666666666666666,"normalized_prize_rent":null,"normalized_ads_rent":0.2,"date":"2018-12-07T07:38:27.000Z","fill-opacity":0.378218,"fill":"#ff0000"},"bbox":[-3.65046,40.5126,-3.65549,40.5176],"geometry":{"type":"Polygon","coordinates":[[[-3.65046,40.5176],[-3.65549,40.5176],[-3.65549,40.5126],[-3.65046,40.5126],[-3.65046,40.5176]]]}},{"type":"Feature","properties":{"name":"Alcobendas--piece--2-9--gCloud","number_of_ads_buy":10,"average_prize_buy":1473.37,"number_of_ads_rent":5,"average_prize_rent":15.4196,"normalized_prize_buy":0.36834249999999996,"normalized_ads_buy":0.3333333333333333,"normalized_prize_rent":null,"normalized_ads_rent":0.16666666666666666,"date":"2018-12-07T07:38:36.000Z","fill-opacity":0.294674,"fill":"#ff0000"},"bbox":[-3.65046,40.5076,-3.65549,40.5126],"geometry":{"type":"Polygon","coordinates":[[[-3.65046,40.5126],[-3.65549,40.5126],[-3.65549,40.5076],[-3.65046,40.5076],[-3.65046,40.5126]]]}},{"type":"Feature","properties":{"name":"Alcobendas--piece--3-0--gCloud","number_of_ads_buy":0,"average_prize_buy":0,"number_of_ads_rent":1,"average_prize_rent":9.43878,"normalized_prize_buy":0,"normalized_ads_buy":0,"normalized_prize_rent":null,"normalized_ads_rent":0.03333333333333333,"date":"2018-12-07T07:38:45.000Z","fill-opacity":0,"fill":"#ff0000"},"bbox":[-3.64542,40.5528,-3.65046,40.5578],"geometry":{"type":"Polygon","coordinates":[[[-3.64542,40.5578],[-3.65046,40.5578],[-3.65046,40.5528],[-3.64542,40.5528],[-3.64542,40.5578]]]}},{"type":"Feature","properties":{"name":"Alcobendas--piece--3-1--gCloud","number_of_ads_buy":3,"average_prize_buy":3276.01,"number_of_ads_rent":1,"average_prize_rent":11,"normalized_prize_buy":0.8190025000000001,"normalized_ads_buy":0.1,"normalized_prize_rent":null,"normalized_ads_rent":0.03333333333333333,"date":"2018-12-07T07:38:57.000Z","fill-opacity":0.6552020000000001,"fill":"#ff0000"},"bbox":[-3.64542,40.5478,-3.65046,40.5528],"geometry":{"type":"Polygon","coordinates":[[[-3.64542,40.5528],[-3.65046,40.5528],[-3.65046,40.5478],[-3.64542,40.5478],[-3.64542,40.5528]]]}},{"type":"Feature","properties":{"name":"Alcobendas--piece--3-2--gCloud","number_of_ads_buy":1,"average_prize_buy":3233.33,"number_of_ads_rent":1,"average_prize_rent":10.625,"normalized_prize_buy":0.8083325,"normalized_ads_buy":0.03333333333333333,"normalized_prize_rent":null,"normalized_ads_rent":0.03333333333333333,"date":"2018-12-07T07:39:05.000Z","fill-opacity":0.6466660000000001,"fill":"#ff0000"},"bbox":[-3.64542,40.5428,-3.65046,40.5478],"geometry":{"type":"Polygon","coordinates":[[[-3.64542,40.5478],[-3.65046,40.5478],[-3.65046,40.5428],[-3.64542,40.5428],[-3.64542,40.5478]]]}},{"type":"Feature","properties":{"name":"Alcobendas--piece--3-3--gCloud","number_of_ads_buy":2,"average_prize_buy":2479.1,"number_of_ads_rent":0,"average_prize_rent":0,"normalized_prize_buy":0.619775,"normalized_ads_buy":0.06666666666666667,"normalized_prize_rent":null,"normalized_ads_rent":0,"date":"2018-12-07T07:39:14.000Z","fill-opacity":0.49582,"fill":"#ff0000"},"bbox":[-3.64542,40.5377,-3.65046,40.5428],"geometry":{"type":"Polygon","coordinates":[[[-3.64542,40.5428],[-3.65046,40.5428],[-3.65046,40.5377],[-3.64542,40.5377],[-3.64542,40.5428]]]}},{"type":"Feature","properties":{"name":"Alcobendas--piece--3-4--gCloud","number_of_ads_buy":0,"average_prize_buy":0,"number_of_ads_rent":0,"average_prize_rent":0,"normalized_prize_buy":0,"normalized_ads_buy":0,"normalized_prize_rent":null,"normalized_ads_rent":0,"date":"2018-12-07T07:39:27.000Z","fill-opacity":0,"fill":"#ff0000"},"bbox":[-3.64542,40.5327,-3.65046,40.5377],"geometry":{"type":"Polygon","coordinates":[[[-3.64542,40.5377],[-3.65046,40.5377],[-3.65046,40.5327],[-3.64542,40.5327],[-3.64542,40.5377]]]}},{"type":"Feature","properties":{"name":"Alcobendas--piece--3-5--gCloud","number_of_ads_buy":1,"average_prize_buy":2080,"number_of_ads_rent":5,"average_prize_rent":8.10935,"normalized_prize_buy":0.52,"normalized_ads_buy":0.03333333333333333,"normalized_prize_rent":null,"normalized_ads_rent":0.16666666666666666,"date":"2018-12-07T07:39:32.000Z","fill-opacity":0.41600000000000004,"fill":"#ff0000"},"bbox":[-3.64542,40.5277,-3.65046,40.5327],"geometry":{"type":"Polygon","coordinates":[[[-3.64542,40.5327],[-3.65046,40.5327],[-3.65046,40.5277],[-3.64542,40.5277],[-3.64542,40.5327]]]}},{"type":"Feature","properties":{"name":"Alcobendas--piece--3-6--gCloud","number_of_ads_buy":3,"average_prize_buy":3.70311,"number_of_ads_rent":0,"average_prize_rent":0,"normalized_prize_buy":0.0009257775,"normalized_ads_buy":0.1,"normalized_prize_rent":null,"normalized_ads_rent":0,"date":"2018-12-07T07:39:37.000Z","fill-opacity":0.000740622,"fill":"#ff0000"},"bbox":[-3.64542,40.5227,-3.65046,40.5277],"geometry":{"type":"Polygon","coordinates":[[[-3.64542,40.5277],[-3.65046,40.5277],[-3.65046,40.5227],[-3.64542,40.5227],[-3.64542,40.5277]]]}},{"type":"Feature","properties":{"name":"Alcobendas--piece--3-7--gCloud","number_of_ads_buy":19,"average_prize_buy":1536.36,"number_of_ads_rent":6,"average_prize_rent":13.282,"normalized_prize_buy":0.38409,"normalized_ads_buy":0.6333333333333333,"normalized_prize_rent":null,"normalized_ads_rent":0.2,"date":"2018-12-07T07:39:50.000Z","fill-opacity":0.307272,"fill":"#ff0000"},"bbox":[-3.64542,40.5176,-3.65046,40.5227],"geometry":{"type":"Polygon","coordinates":[[[-3.64542,40.5227],[-3.65046,40.5227],[-3.65046,40.5176],[-3.64542,40.5176],[-3.64542,40.5227]]]}},{"type":"Feature","properties":{"name":"Alcobendas--piece--3-8--gCloud","number_of_ads_buy":1,"average_prize_buy":5.78947,"number_of_ads_rent":0,"average_prize_rent":0,"normalized_prize_buy":0.0014473675,"normalized_ads_buy":0.03333333333333333,"normalized_prize_rent":null,"normalized_ads_rent":0,"date":"2018-12-07T07:39:58.000Z","fill-opacity":0.001157894,"fill":"#ff0000"},"bbox":[-3.64542,40.5126,-3.65046,40.5176],"geometry":{"type":"Polygon","coordinates":[[[-3.64542,40.5176],[-3.65046,40.5176],[-3.65046,40.5126],[-3.64542,40.5126],[-3.64542,40.5176]]]}},{"type":"Feature","properties":{"name":"Alcobendas--piece--3-9--gCloud","number_of_ads_buy":30,"average_prize_buy":1262.67,"number_of_ads_rent":6,"average_prize_rent":14.8492,"normalized_prize_buy":0.31566750000000005,"normalized_ads_buy":1,"normalized_prize_rent":null,"normalized_ads_rent":0.2,"date":"2018-12-07T07:40:07.000Z","fill-opacity":0.25253400000000004,"fill":"#ff0000"},"bbox":[-3.64542,40.5076,-3.65046,40.5126],"geometry":{"type":"Polygon","coordinates":[[[-3.64542,40.5126],[-3.65046,40.5126],[-3.65046,40.5076],[-3.64542,40.5076],[-3.64542,40.5126]]]}},{"type":"Feature","properties":{"name":"Alcobendas--piece--4-0--gCloud","number_of_ads_buy":9,"average_prize_buy":2634.44,"number_of_ads_rent":2,"average_prize_rent":9.8125,"normalized_prize_buy":0.65861,"normalized_ads_buy":0.3,"normalized_prize_rent":null,"normalized_ads_rent":0.06666666666666667,"date":"2018-12-07T07:40:18.000Z","fill-opacity":0.526888,"fill":"#ff0000"},"bbox":[-3.64039,40.5528,-3.64542,40.5578],"geometry":{"type":"Polygon","coordinates":[[[-3.64039,40.5578],[-3.64542,40.5578],[-3.64542,40.5528],[-3.64039,40.5528],[-3.64039,40.5578]]]}},{"type":"Feature","properties":{"name":"Alcobendas--piece--4-1--gCloud","number_of_ads_buy":11,"average_prize_buy":2491.4,"number_of_ads_rent":1,"average_prize_rent":9.9,"normalized_prize_buy":0.62285,"normalized_ads_buy":0.36666666666666664,"normalized_prize_rent":null,"normalized_ads_rent":0.03333333333333333,"date":"2018-12-07T07:40:30.000Z","fill-opacity":0.49828000000000006,"fill":"#ff0000"},"bbox":[-3.64039,40.5478,-3.64542,40.5528],"geometry":{"type":"Polygon","coordinates":[[[-3.64039,40.5528],[-3.64542,40.5528],[-3.64542,40.5478],[-3.64039,40.5478],[-3.64039,40.5528]]]}},{"type":"Feature","properties":{"name":"Alcobendas--piece--4-2--gCloud","number_of_ads_buy":14,"average_prize_buy":2204.13,"number_of_ads_rent":3,"average_prize_rent":12.1569,"normalized_prize_buy":0.5510325,"normalized_ads_buy":0.4666666666666667,"normalized_prize_rent":null,"normalized_ads_rent":0.1,"date":"2018-12-07T07:40:36.000Z","fill-opacity":0.44082600000000005,"fill":"#ff0000"},"bbox":[-3.64039,40.5428,-3.64542,40.5478],"geometry":{"type":"Polygon","coordinates":[[[-3.64039,40.5478],[-3.64542,40.5478],[-3.64542,40.5428],[-3.64039,40.5428],[-3.64039,40.5478]]]}},{"type":"Feature","properties":{"name":"Alcobendas--piece--4-3--gCloud","number_of_ads_buy":7,"average_prize_buy":2297.74,"number_of_ads_rent":3,"average_prize_rent":10.3089,"normalized_prize_buy":0.5744349999999999,"normalized_ads_buy":0.23333333333333334,"normalized_prize_rent":null,"normalized_ads_rent":0.1,"date":"2018-12-07T07:40:47.000Z","fill-opacity":0.45954799999999996,"fill":"#ff0000"},"bbox":[-3.64039,40.5377,-3.64542,40.5428],"geometry":{"type":"Polygon","coordinates":[[[-3.64039,40.5428],[-3.64542,40.5428],[-3.64542,40.5377],[-3.64039,40.5377],[-3.64039,40.5428]]]}},{"type":"Feature","properties":{"name":"Alcobendas--piece--4-4--gCloud","number_of_ads_buy":1,"average_prize_buy":2792,"number_of_ads_rent":1,"average_prize_rent":8.46774,"normalized_prize_buy":0.698,"normalized_ads_buy":0.03333333333333333,"normalized_prize_rent":null,"normalized_ads_rent":0.03333333333333333,"date":"2018-12-07T07:40:56.000Z","fill-opacity":0.5584,"fill":"#ff0000"},"bbox":[-3.64039,40.5327,-3.64542,40.5377],"geometry":{"type":"Polygon","coordinates":[[[-3.64039,40.5377],[-3.64542,40.5377],[-3.64542,40.5327],[-3.64039,40.5327],[-3.64039,40.5377]]]}},{"type":"Feature","properties":{"name":"Alcobendas--piece--4-5--gCloud","number_of_ads_buy":0,"average_prize_buy":0,"number_of_ads_rent":0,"average_prize_rent":0,"normalized_prize_buy":0,"normalized_ads_buy":0,"normalized_prize_rent":null,"normalized_ads_rent":0,"date":"2018-12-07T07:41:05.000Z","fill-opacity":0,"fill":"#ff0000"},"bbox":[-3.64039,40.5277,-3.64542,40.5327],"geometry":{"type":"Polygon","coordinates":[[[-3.64039,40.5327],[-3.64542,40.5327],[-3.64542,40.5277],[-3.64039,40.5277],[-3.64039,40.5327]]]}},{"type":"Feature","properties":{"name":"Alcobendas--piece--4-6--gCloud","number_of_ads_buy":5,"average_prize_buy":3109.92,"number_of_ads_rent":3,"average_prize_rent":12.2965,"normalized_prize_buy":0.7774800000000001,"normalized_ads_buy":0.16666666666666666,"normalized_prize_rent":null,"normalized_ads_rent":0.1,"date":"2018-12-07T07:41:15.000Z","fill-opacity":0.6219840000000001,"fill":"#ff0000"},"bbox":[-3.64039,40.5227,-3.64542,40.5277],"geometry":{"type":"Polygon","coordinates":[[[-3.64039,40.5277],[-3.64542,40.5277],[-3.64542,40.5227],[-3.64039,40.5227],[-3.64039,40.5277]]]}},{"type":"Feature","properties":{"name":"Alcobendas--piece--4-7--gCloud","number_of_ads_buy":29,"average_prize_buy":1721.41,"number_of_ads_rent":10,"average_prize_rent":13.1603,"normalized_prize_buy":0.4303525,"normalized_ads_buy":0.9666666666666667,"normalized_prize_rent":null,"normalized_ads_rent":0.3333333333333333,"date":"2018-12-07T07:41:21.000Z","fill-opacity":0.34428200000000003,"fill":"#ff0000"},"bbox":[-3.64039,40.5176,-3.64542,40.5227],"geometry":{"type":"Polygon","coordinates":[[[-3.64039,40.5227],[-3.64542,40.5227],[-3.64542,40.5176],[-3.64039,40.5176],[-3.64039,40.5227]]]}},{"type":"Feature","properties":{"name":"Alcobendas--piece--4-8--gCloud","number_of_ads_buy":8,"average_prize_buy":4.08828,"number_of_ads_rent":0,"average_prize_rent":0,"normalized_prize_buy":0.0010220700000000001,"normalized_ads_buy":0.26666666666666666,"normalized_prize_rent":null,"normalized_ads_rent":0,"date":"2018-12-07T07:41:30.000Z","fill-opacity":0.0008176560000000002,"fill":"#ff0000"},"bbox":[-3.64039,40.5126,-3.64542,40.5176],"geometry":{"type":"Polygon","coordinates":[[[-3.64039,40.5176],[-3.64542,40.5176],[-3.64542,40.5126],[-3.64039,40.5126],[-3.64039,40.5176]]]}},{"type":"Feature","properties":{"name":"Alcobendas--piece--4-9--gCloud","number_of_ads_buy":16,"average_prize_buy":3300.72,"number_of_ads_rent":5,"average_prize_rent":15.6265,"normalized_prize_buy":0.8251799999999999,"normalized_ads_buy":0.5333333333333333,"normalized_prize_rent":null,"normalized_ads_rent":0.16666666666666666,"date":"2018-12-07T07:41:37.000Z","fill-opacity":0.660144,"fill":"#ff0000"},"bbox":[-3.64039,40.5076,-3.64542,40.5126],"geometry":{"type":"Polygon","coordinates":[[[-3.64039,40.5126],[-3.64542,40.5126],[-3.64542,40.5076],[-3.64039,40.5076],[-3.64039,40.5126]]]}},{"type":"Feature","properties":{"name":"Alcobendas--piece--5-0--gCloud","number_of_ads_buy":8,"average_prize_buy":2596.64,"number_of_ads_rent":0,"average_prize_rent":0,"normalized_prize_buy":0.64916,"normalized_ads_buy":0.26666666666666666,"normalized_prize_rent":null,"normalized_ads_rent":0,"date":"2018-12-07T07:41:49.000Z","fill-opacity":0.519328,"fill":"#ff0000"},"bbox":[-3.63536,40.5528,-3.64039,40.5578],"geometry":{"type":"Polygon","coordinates":[[[-3.63536,40.5578],[-3.64039,40.5578],[-3.64039,40.5528],[-3.63536,40.5528],[-3.63536,40.5578]]]}},{"type":"Feature","properties":{"name":"Alcobendas--piece--5-1--gCloud","number_of_ads_buy":25,"average_prize_buy":2476.89,"number_of_ads_rent":2,"average_prize_rent":12.5636,"normalized_prize_buy":0.6192225,"normalized_ads_buy":0.8333333333333334,"normalized_prize_rent":null,"normalized_ads_rent":0.06666666666666667,"date":"2018-12-07T07:41:56.000Z","fill-opacity":0.49537800000000004,"fill":"#ff0000"},"bbox":[-3.63536,40.5478,-3.64039,40.5528],"geometry":{"type":"Polygon","coordinates":[[[-3.63536,40.5528],[-3.64039,40.5528],[-3.64039,40.5478],[-3.63536,40.5478],[-3.63536,40.5528]]]}},{"type":"Feature","properties":{"name":"Alcobendas--piece--5-2--gCloud","number_of_ads_buy":8,"average_prize_buy":2177.96,"number_of_ads_rent":1,"average_prize_rent":13.8462,"normalized_prize_buy":0.54449,"normalized_ads_buy":0.26666666666666666,"normalized_prize_rent":null,"normalized_ads_rent":0.03333333333333333,"date":"2018-12-07T07:42:06.000Z","fill-opacity":0.43559200000000003,"fill":"#ff0000"},"bbox":[-3.63536,40.5428,-3.64039,40.5478],"geometry":{"type":"Polygon","coordinates":[[[-3.63536,40.5478],[-3.64039,40.5478],[-3.64039,40.5428],[-3.63536,40.5428],[-3.63536,40.5478]]]}},{"type":"Feature","properties":{"name":"Alcobendas--piece--5-3--gCloud","number_of_ads_buy":22,"average_prize_buy":2165.17,"number_of_ads_rent":6,"average_prize_rent":12.2907,"normalized_prize_buy":0.5412925000000001,"normalized_ads_buy":0.7333333333333333,"normalized_prize_rent":null,"normalized_ads_rent":0.2,"date":"2018-12-07T07:42:12.000Z","fill-opacity":0.4330340000000001,"fill":"#ff0000"},"bbox":[-3.63536,40.5377,-3.64039,40.5428],"geometry":{"type":"Polygon","coordinates":[[[-3.63536,40.5428],[-3.64039,40.5428],[-3.64039,40.5377],[-3.63536,40.5377],[-3.63536,40.5428]]]}},{"type":"Feature","properties":{"name":"Alcobendas--piece--5-4--gCloud","number_of_ads_buy":11,"average_prize_buy":2897.81,"number_of_ads_rent":2,"average_prize_rent":11.5752,"normalized_prize_buy":0.7244524999999999,"normalized_ads_buy":0.36666666666666664,"normalized_prize_rent":null,"normalized_ads_rent":0.06666666666666667,"date":"2018-12-07T07:42:21.000Z","fill-opacity":0.579562,"fill":"#ff0000"},"bbox":[-3.63536,40.5327,-3.64039,40.5377],"geometry":{"type":"Polygon","coordinates":[[[-3.63536,40.5377],[-3.64039,40.5377],[-3.64039,40.5327],[-3.63536,40.5327],[-3.63536,40.5377]]]}},{"type":"Feature","properties":{"name":"Alcobendas--piece--5-5--gCloud","number_of_ads_buy":10,"average_prize_buy":3932,"number_of_ads_rent":2,"average_prize_rent":13.6184,"normalized_prize_buy":0.983,"normalized_ads_buy":0.3333333333333333,"normalized_prize_rent":null,"normalized_ads_rent":0.06666666666666667,"date":"2018-12-07T07:42:27.000Z","fill-opacity":0.7864,"fill":"#ff0000"},"bbox":[-3.63536,40.5277,-3.64039,40.5327],"geometry":{"type":"Polygon","coordinates":[[[-3.63536,40.5327],[-3.64039,40.5327],[-3.64039,40.5277],[-3.63536,40.5277],[-3.63536,40.5327]]]}},{"type":"Feature","properties":{"name":"Alcobendas--piece--5-6--gCloud","number_of_ads_buy":12,"average_prize_buy":4.78793,"number_of_ads_rent":2,"average_prize_rent":16.6024,"normalized_prize_buy":0.0011969825,"normalized_ads_buy":0.4,"normalized_prize_rent":null,"normalized_ads_rent":0.06666666666666667,"date":"2018-12-07T07:42:35.000Z","fill-opacity":0.0009575860000000001,"fill":"#ff0000"},"bbox":[-3.63536,40.5227,-3.64039,40.5277],"geometry":{"type":"Polygon","coordinates":[[[-3.63536,40.5277],[-3.64039,40.5277],[-3.64039,40.5227],[-3.63536,40.5227],[-3.63536,40.5277]]]}},{"type":"Feature","properties":{"name":"Alcobendas--piece--5-7--gCloud","number_of_ads_buy":13,"average_prize_buy":1453.98,"number_of_ads_rent":3,"average_prize_rent":13.6009,"normalized_prize_buy":0.363495,"normalized_ads_buy":0.43333333333333335,"normalized_prize_rent":null,"normalized_ads_rent":0.1,"date":"2018-12-07T07:42:44.000Z","fill-opacity":0.290796,"fill":"#ff0000"},"bbox":[-3.63536,40.5176,-3.64039,40.5227],"geometry":{"type":"Polygon","coordinates":[[[-3.63536,40.5227],[-3.64039,40.5227],[-3.64039,40.5176],[-3.63536,40.5176],[-3.63536,40.5227]]]}},{"type":"Feature","properties":{"name":"Alcobendas--piece--5-8--gCloud","number_of_ads_buy":3,"average_prize_buy":4.50618,"number_of_ads_rent":0,"average_prize_rent":0,"normalized_prize_buy":0.0011265449999999998,"normalized_ads_buy":0.1,"normalized_prize_rent":null,"normalized_ads_rent":0,"date":"2018-12-07T07:42:50.000Z","fill-opacity":0.0009012359999999999,"fill":"#ff0000"},"bbox":[-3.63536,40.5126,-3.64039,40.5176],"geometry":{"type":"Polygon","coordinates":[[[-3.63536,40.5176],[-3.64039,40.5176],[-3.64039,40.5126],[-3.63536,40.5126],[-3.63536,40.5176]]]}},{"type":"Feature","properties":{"name":"Alcobendas--piece--5-9--gCloud","number_of_ads_buy":5,"average_prize_buy":3150.72,"number_of_ads_rent":6,"average_prize_rent":15.3229,"normalized_prize_buy":0.7876799999999999,"normalized_ads_buy":0.16666666666666666,"normalized_prize_rent":null,"normalized_ads_rent":0.2,"date":"2018-12-07T07:43:00.000Z","fill-opacity":0.630144,"fill":"#ff0000"},"bbox":[-3.63536,40.5076,-3.64039,40.5126],"geometry":{"type":"Polygon","coordinates":[[[-3.63536,40.5126],[-3.64039,40.5126],[-3.64039,40.5076],[-3.63536,40.5076],[-3.63536,40.5126]]]}},{"type":"Feature","properties":{"name":"Alcobendas--piece--6-0--gCloud","number_of_ads_buy":2,"average_prize_buy":2560.76,"number_of_ads_rent":0,"average_prize_rent":0,"normalized_prize_buy":0.64019,"normalized_ads_buy":0.06666666666666667,"normalized_prize_rent":null,"normalized_ads_rent":0,"date":"2018-12-07T07:43:05.000Z","fill-opacity":0.512152,"fill":"#ff0000"},"bbox":[-3.63032,40.5528,-3.63536,40.5578],"geometry":{"type":"Polygon","coordinates":[[[-3.63032,40.5578],[-3.63536,40.5578],[-3.63536,40.5528],[-3.63032,40.5528],[-3.63032,40.5578]]]}},{"type":"Feature","properties":{"name":"Alcobendas--piece--6-1--gCloud","number_of_ads_buy":29,"average_prize_buy":2651.26,"number_of_ads_rent":2,"average_prize_rent":13.6471,"normalized_prize_buy":0.662815,"normalized_ads_buy":0.9666666666666667,"normalized_prize_rent":null,"normalized_ads_rent":0.06666666666666667,"date":"2018-12-07T07:43:13.000Z","fill-opacity":0.5302520000000001,"fill":"#ff0000"},"bbox":[-3.63032,40.5478,-3.63536,40.5528],"geometry":{"type":"Polygon","coordinates":[[[-3.63032,40.5528],[-3.63536,40.5528],[-3.63536,40.5478],[-3.63032,40.5478],[-3.63032,40.5528]]]}},{"type":"Feature","properties":{"name":"Alcobendas--piece--6-2--gCloud","number_of_ads_buy":23,"average_prize_buy":2296.24,"number_of_ads_rent":2,"average_prize_rent":9.88506,"normalized_prize_buy":0.5740599999999999,"normalized_ads_buy":0.7666666666666667,"normalized_prize_rent":null,"normalized_ads_rent":0.06666666666666667,"date":"2018-12-07T07:43:23.000Z","fill-opacity":0.45924799999999993,"fill":"#ff0000"},"bbox":[-3.63032,40.5428,-3.63536,40.5478],"geometry":{"type":"Polygon","coordinates":[[[-3.63032,40.5478],[-3.63536,40.5478],[-3.63536,40.5428],[-3.63032,40.5428],[-3.63032,40.5478]]]}},{"type":"Feature","properties":{"name":"Alcobendas--piece--6-3--gCloud","number_of_ads_buy":26,"average_prize_buy":2325.34,"number_of_ads_rent":4,"average_prize_rent":11.7114,"normalized_prize_buy":0.581335,"normalized_ads_buy":0.8666666666666667,"normalized_prize_rent":null,"normalized_ads_rent":0.13333333333333333,"date":"2018-12-07T07:43:31.000Z","fill-opacity":0.46506800000000004,"fill":"#ff0000"},"bbox":[-3.63032,40.5377,-3.63536,40.5428],"geometry":{"type":"Polygon","coordinates":[[[-3.63032,40.5428],[-3.63536,40.5428],[-3.63536,40.5377],[-3.63032,40.5377],[-3.63032,40.5428]]]}},{"type":"Feature","properties":{"name":"Alcobendas--piece--6-4--gCloud","number_of_ads_buy":1,"average_prize_buy":2.86458,"number_of_ads_rent":1,"average_prize_rent":20.8333,"normalized_prize_buy":0.0007161450000000001,"normalized_ads_buy":0.03333333333333333,"normalized_prize_rent":null,"normalized_ads_rent":0.03333333333333333,"date":"2018-12-07T07:43:37.000Z","fill-opacity":0.000572916,"fill":"#ff0000"},"bbox":[-3.63032,40.5327,-3.63536,40.5377],"geometry":{"type":"Polygon","coordinates":[[[-3.63032,40.5377],[-3.63536,40.5377],[-3.63536,40.5327],[-3.63032,40.5327],[-3.63032,40.5377]]]}},{"type":"Feature","properties":{"name":"Alcobendas--piece--6-5--gCloud","number_of_ads_buy":2,"average_prize_buy":3513.89,"number_of_ads_rent":3,"average_prize_rent":11.8882,"normalized_prize_buy":0.8784725,"normalized_ads_buy":0.06666666666666667,"normalized_prize_rent":null,"normalized_ads_rent":0.1,"date":"2018-12-07T07:43:45.000Z","fill-opacity":0.702778,"fill":"#ff0000"},"bbox":[-3.63032,40.5277,-3.63536,40.5327],"geometry":{"type":"Polygon","coordinates":[[[-3.63032,40.5327],[-3.63536,40.5327],[-3.63536,40.5277],[-3.63032,40.5277],[-3.63032,40.5327]]]}},{"type":"Feature","properties":{"name":"Alcobendas--piece--6-6--gCloud","number_of_ads_buy":12,"average_prize_buy":3291.63,"number_of_ads_rent":1,"average_prize_rent":11.9048,"normalized_prize_buy":0.8229075,"normalized_ads_buy":0.4,"normalized_prize_rent":null,"normalized_ads_rent":0.03333333333333333,"date":"2018-12-07T07:43:54.000Z","fill-opacity":0.6583260000000001,"fill":"#ff0000"},"bbox":[-3.63032,40.5227,-3.63536,40.5277],"geometry":{"type":"Polygon","coordinates":[[[-3.63032,40.5277],[-3.63536,40.5277],[-3.63536,40.5227],[-3.63032,40.5227],[-3.63032,40.5277]]]}},{"type":"Feature","properties":{"name":"Alcobendas--piece--6-7--gCloud","number_of_ads_buy":8,"average_prize_buy":1709.67,"number_of_ads_rent":1,"average_prize_rent":13.4783,"normalized_prize_buy":0.4274175,"normalized_ads_buy":0.26666666666666666,"normalized_prize_rent":null,"normalized_ads_rent":0.03333333333333333,"date":"2018-12-07T07:44:02.000Z","fill-opacity":0.341934,"fill":"#ff0000"},"bbox":[-3.63032,40.5176,-3.63536,40.5227],"geometry":{"type":"Polygon","coordinates":[[[-3.63032,40.5227],[-3.63536,40.5227],[-3.63536,40.5176],[-3.63032,40.5176],[-3.63032,40.5227]]]}},{"type":"Feature","properties":{"name":"Alcobendas--piece--6-8--gCloud","number_of_ads_buy":4,"average_prize_buy":3.27759,"number_of_ads_rent":0,"average_prize_rent":0,"normalized_prize_buy":0.0008193975,"normalized_ads_buy":0.13333333333333333,"normalized_prize_rent":null,"normalized_ads_rent":0,"date":"2018-12-07T07:44:14.000Z","fill-opacity":0.000655518,"fill":"#ff0000"},"bbox":[-3.63032,40.5126,-3.63536,40.5176],"geometry":{"type":"Polygon","coordinates":[[[-3.63032,40.5176],[-3.63536,40.5176],[-3.63536,40.5126],[-3.63032,40.5126],[-3.63032,40.5176]]]}},{"type":"Feature","properties":{"name":"Alcobendas--piece--6-9--gCloud","number_of_ads_buy":17,"average_prize_buy":5.06649,"number_of_ads_rent":0,"average_prize_rent":0,"normalized_prize_buy":0.0012666225,"normalized_ads_buy":0.5666666666666667,"normalized_prize_rent":null,"normalized_ads_rent":0,"date":"2018-12-07T07:44:24.000Z","fill-opacity":0.001013298,"fill":"#ff0000"},"bbox":[-3.63032,40.5076,-3.63536,40.5126],"geometry":{"type":"Polygon","coordinates":[[[-3.63032,40.5126],[-3.63536,40.5126],[-3.63536,40.5076],[-3.63032,40.5076],[-3.63032,40.5126]]]}},{"type":"Feature","properties":{"name":"Alcobendas--piece--7-0--gCloud","number_of_ads_buy":20,"average_prize_buy":2437.88,"number_of_ads_rent":1,"average_prize_rent":13.0952,"normalized_prize_buy":0.6094700000000001,"normalized_ads_buy":0.6666666666666666,"normalized_prize_rent":null,"normalized_ads_rent":0.03333333333333333,"date":"2018-12-07T07:44:31.000Z","fill-opacity":0.48757600000000006,"fill":"#ff0000"},"bbox":[-3.62529,40.5528,-3.63032,40.5578],"geometry":{"type":"Polygon","coordinates":[[[-3.62529,40.5578],[-3.63032,40.5578],[-3.63032,40.5528],[-3.62529,40.5528],[-3.62529,40.5578]]]}},{"type":"Feature","properties":{"name":"Alcobendas--piece--7-1--gCloud","number_of_ads_buy":23,"average_prize_buy":2218.38,"number_of_ads_rent":4,"average_prize_rent":9.64873,"normalized_prize_buy":0.5545950000000001,"normalized_ads_buy":0.7666666666666667,"normalized_prize_rent":null,"normalized_ads_rent":0.13333333333333333,"date":"2018-12-07T07:44:41.000Z","fill-opacity":0.44367600000000007,"fill":"#ff0000"},"bbox":[-3.62529,40.5478,-3.63032,40.5528],"geometry":{"type":"Polygon","coordinates":[[[-3.62529,40.5528],[-3.63032,40.5528],[-3.63032,40.5478],[-3.62529,40.5478],[-3.62529,40.5528]]]}},{"type":"Feature","properties":{"name":"Alcobendas--piece--7-2--gCloud","number_of_ads_buy":29,"average_prize_buy":2561.3,"number_of_ads_rent":2,"average_prize_rent":10.5256,"normalized_prize_buy":0.640325,"normalized_ads_buy":0.9666666666666667,"normalized_prize_rent":null,"normalized_ads_rent":0.06666666666666667,"date":"2018-12-07T07:44:49.000Z","fill-opacity":0.51226,"fill":"#ff0000"},"bbox":[-3.62529,40.5428,-3.63032,40.5478],"geometry":{"type":"Polygon","coordinates":[[[-3.62529,40.5478],[-3.63032,40.5478],[-3.63032,40.5428],[-3.62529,40.5428],[-3.62529,40.5478]]]}},{"type":"Feature","properties":{"name":"Alcobendas--piece--7-3--gCloud","number_of_ads_buy":8,"average_prize_buy":2120.7,"number_of_ads_rent":2,"average_prize_rent":8.7996,"normalized_prize_buy":0.530175,"normalized_ads_buy":0.26666666666666666,"normalized_prize_rent":null,"normalized_ads_rent":0.06666666666666667,"date":"2018-12-07T07:44:58.000Z","fill-opacity":0.42413999999999996,"fill":"#ff0000"},"bbox":[-3.62529,40.5377,-3.63032,40.5428],"geometry":{"type":"Polygon","coordinates":[[[-3.62529,40.5428],[-3.63032,40.5428],[-3.63032,40.5377],[-3.62529,40.5377],[-3.62529,40.5428]]]}},{"type":"Feature","properties":{"name":"Alcobendas--piece--7-4--gCloud","number_of_ads_buy":6,"average_prize_buy":3356.85,"number_of_ads_rent":3,"average_prize_rent":11.981,"normalized_prize_buy":0.8392125,"normalized_ads_buy":0.2,"normalized_prize_rent":null,"normalized_ads_rent":0.1,"date":"2018-12-07T07:45:04.000Z","fill-opacity":0.67137,"fill":"#ff0000"},"bbox":[-3.62529,40.5327,-3.63032,40.5377],"geometry":{"type":"Polygon","coordinates":[[[-3.62529,40.5377],[-3.63032,40.5377],[-3.63032,40.5327],[-3.62529,40.5327],[-3.62529,40.5377]]]}},{"type":"Feature","properties":{"name":"Alcobendas--piece--7-5--gCloud","number_of_ads_buy":1,"average_prize_buy":3.3,"number_of_ads_rent":0,"average_prize_rent":0,"normalized_prize_buy":0.000825,"normalized_ads_buy":0.03333333333333333,"normalized_prize_rent":null,"normalized_ads_rent":0,"date":"2018-12-07T07:45:19.000Z","fill-opacity":0.00066,"fill":"#ff0000"},"bbox":[-3.62529,40.5277,-3.63032,40.5327],"geometry":{"type":"Polygon","coordinates":[[[-3.62529,40.5327],[-3.63032,40.5327],[-3.63032,40.5277],[-3.62529,40.5277],[-3.62529,40.5327]]]}},{"type":"Feature","properties":{"name":"Alcobendas--piece--7-6--gCloud","number_of_ads_buy":3,"average_prize_buy":4.09949,"number_of_ads_rent":0,"average_prize_rent":0,"normalized_prize_buy":0.0010248725,"normalized_ads_buy":0.1,"normalized_prize_rent":null,"normalized_ads_rent":0,"date":"2018-12-07T07:45:29.000Z","fill-opacity":0.000819898,"fill":"#ff0000"},"bbox":[-3.62529,40.5227,-3.63032,40.5277],"geometry":{"type":"Polygon","coordinates":[[[-3.62529,40.5277],[-3.63032,40.5277],[-3.63032,40.5227],[-3.62529,40.5227],[-3.62529,40.5277]]]}},{"type":"Feature","properties":{"name":"Alcobendas--piece--7-7--gCloud","number_of_ads_buy":1,"average_prize_buy":4.375,"number_of_ads_rent":0,"average_prize_rent":0,"normalized_prize_buy":0.00109375,"normalized_ads_buy":0.03333333333333333,"normalized_prize_rent":null,"normalized_ads_rent":0,"date":"2018-12-07T07:45:38.000Z","fill-opacity":0.0008750000000000001,"fill":"#ff0000"},"bbox":[-3.62529,40.5176,-3.63032,40.5227],"geometry":{"type":"Polygon","coordinates":[[[-3.62529,40.5227],[-3.63032,40.5227],[-3.63032,40.5176],[-3.62529,40.5176],[-3.62529,40.5227]]]}},{"type":"Feature","properties":{"name":"Alcobendas--piece--7-8--gCloud","number_of_ads_buy":2,"average_prize_buy":8.42518,"number_of_ads_rent":0,"average_prize_rent":0,"normalized_prize_buy":0.0021062949999999998,"normalized_ads_buy":0.06666666666666667,"normalized_prize_rent":null,"normalized_ads_rent":0,"date":"2018-12-07T07:45:51.000Z","fill-opacity":0.001685036,"fill":"#ff0000"},"bbox":[-3.62529,40.5126,-3.63032,40.5176],"geometry":{"type":"Polygon","coordinates":[[[-3.62529,40.5176],[-3.63032,40.5176],[-3.63032,40.5126],[-3.62529,40.5126],[-3.62529,40.5176]]]}},{"type":"Feature","properties":{"name":"Alcobendas--piece--7-9--gCloud","number_of_ads_buy":22,"average_prize_buy":4.34019,"number_of_ads_rent":4,"average_prize_rent":18.5258,"normalized_prize_buy":0.0010850475,"normalized_ads_buy":0.7333333333333333,"normalized_prize_rent":null,"normalized_ads_rent":0.13333333333333333,"date":"2018-12-07T07:45:57.000Z","fill-opacity":0.000868038,"fill":"#ff0000"},"bbox":[-3.62529,40.5076,-3.63032,40.5126],"geometry":{"type":"Polygon","coordinates":[[[-3.62529,40.5126],[-3.63032,40.5126],[-3.63032,40.5076],[-3.62529,40.5076],[-3.62529,40.5126]]]}},{"type":"Feature","properties":{"name":"Alcobendas--piece--8-0--gCloud","number_of_ads_buy":4,"average_prize_buy":2585.16,"number_of_ads_rent":0,"average_prize_rent":0,"normalized_prize_buy":0.6462899999999999,"normalized_ads_buy":0.13333333333333333,"normalized_prize_rent":null,"normalized_ads_rent":0,"date":"2018-12-07T07:46:06.000Z","fill-opacity":0.5170319999999999,"fill":"#ff0000"},"bbox":[-3.62026,40.5528,-3.62529,40.5578],"geometry":{"type":"Polygon","coordinates":[[[-3.62026,40.5578],[-3.62529,40.5578],[-3.62529,40.5528],[-3.62026,40.5528],[-3.62026,40.5578]]]}},{"type":"Feature","properties":{"name":"Alcobendas--piece--8-1--gCloud","number_of_ads_buy":6,"average_prize_buy":2708.8,"number_of_ads_rent":1,"average_prize_rent":10.8642,"normalized_prize_buy":0.6772,"normalized_ads_buy":0.2,"normalized_prize_rent":null,"normalized_ads_rent":0.03333333333333333,"date":"2018-12-07T07:46:18.000Z","fill-opacity":0.54176,"fill":"#ff0000"},"bbox":[-3.62026,40.5478,-3.62529,40.5528],"geometry":{"type":"Polygon","coordinates":[[[-3.62026,40.5528],[-3.62529,40.5528],[-3.62529,40.5478],[-3.62026,40.5478],[-3.62026,40.5528]]]}},{"type":"Feature","properties":{"name":"Alcobendas--piece--8-2--gCloud","number_of_ads_buy":10,"average_prize_buy":2826.29,"number_of_ads_rent":6,"average_prize_rent":10.9404,"normalized_prize_buy":0.7065724999999999,"normalized_ads_buy":0.3333333333333333,"normalized_prize_rent":null,"normalized_ads_rent":0.2,"date":"2018-12-07T07:46:24.000Z","fill-opacity":0.5652579999999999,"fill":"#ff0000"},"bbox":[-3.62026,40.5428,-3.62529,40.5478],"geometry":{"type":"Polygon","coordinates":[[[-3.62026,40.5478],[-3.62529,40.5478],[-3.62529,40.5428],[-3.62026,40.5428],[-3.62026,40.5478]]]}},{"type":"Feature","properties":{"name":"Alcobendas--piece--8-3--gCloud","number_of_ads_buy":24,"average_prize_buy":3112.42,"number_of_ads_rent":8,"average_prize_rent":10.6112,"normalized_prize_buy":0.778105,"normalized_ads_buy":0.8,"normalized_prize_rent":null,"normalized_ads_rent":0.26666666666666666,"date":"2018-12-07T07:46:32.000Z","fill-opacity":0.622484,"fill":"#ff0000"},"bbox":[-3.62026,40.5377,-3.62529,40.5428],"geometry":{"type":"Polygon","coordinates":[[[-3.62026,40.5428],[-3.62529,40.5428],[-3.62529,40.5377],[-3.62026,40.5377],[-3.62026,40.5428]]]}},{"type":"Feature","properties":{"name":"Alcobendas--piece--8-4--gCloud","number_of_ads_buy":4,"average_prize_buy":1974.97,"number_of_ads_rent":1,"average_prize_rent":9.14286,"normalized_prize_buy":0.49374250000000003,"normalized_ads_buy":0.13333333333333333,"normalized_prize_rent":null,"normalized_ads_rent":0.03333333333333333,"date":"2018-12-07T07:46:41.000Z","fill-opacity":0.39499400000000007,"fill":"#ff0000"},"bbox":[-3.62026,40.5327,-3.62529,40.5377],"geometry":{"type":"Polygon","coordinates":[[[-3.62026,40.5377],[-3.62529,40.5377],[-3.62529,40.5327],[-3.62026,40.5327],[-3.62026,40.5377]]]}},{"type":"Feature","properties":{"name":"Alcobendas--piece--8-5--gCloud","number_of_ads_buy":5,"average_prize_buy":4.25567,"number_of_ads_rent":0,"average_prize_rent":0,"normalized_prize_buy":0.0010639175000000001,"normalized_ads_buy":0.16666666666666666,"normalized_prize_rent":null,"normalized_ads_rent":0,"date":"2018-12-07T07:46:53.000Z","fill-opacity":0.0008511340000000001,"fill":"#ff0000"},"bbox":[-3.62026,40.5277,-3.62529,40.5327],"geometry":{"type":"Polygon","coordinates":[[[-3.62026,40.5327],[-3.62529,40.5327],[-3.62529,40.5277],[-3.62026,40.5277],[-3.62026,40.5327]]]}},{"type":"Feature","properties":{"name":"Alcobendas--piece--8-6--gCloud","number_of_ads_buy":3,"average_prize_buy":5.53391,"number_of_ads_rent":0,"average_prize_rent":0,"normalized_prize_buy":0.0013834774999999999,"normalized_ads_buy":0.1,"normalized_prize_rent":null,"normalized_ads_rent":0,"date":"2018-12-07T07:47:04.000Z","fill-opacity":0.001106782,"fill":"#ff0000"},"bbox":[-3.62026,40.5227,-3.62529,40.5277],"geometry":{"type":"Polygon","coordinates":[[[-3.62026,40.5277],[-3.62529,40.5277],[-3.62529,40.5227],[-3.62026,40.5227],[-3.62026,40.5277]]]}},{"type":"Feature","properties":{"name":"Alcobendas--piece--8-7--gCloud","number_of_ads_buy":1,"average_prize_buy":8.75,"number_of_ads_rent":0,"average_prize_rent":0,"normalized_prize_buy":0.0021875,"normalized_ads_buy":0.03333333333333333,"normalized_prize_rent":null,"normalized_ads_rent":0,"date":"2018-12-07T07:47:09.000Z","fill-opacity":0.0017500000000000003,"fill":"#ff0000"},"bbox":[-3.62026,40.5176,-3.62529,40.5227],"geometry":{"type":"Polygon","coordinates":[[[-3.62026,40.5227],[-3.62529,40.5227],[-3.62529,40.5176],[-3.62026,40.5176],[-3.62026,40.5227]]]}},{"type":"Feature","properties":{"name":"Alcobendas--piece--8-8--gCloud","number_of_ads_buy":9,"average_prize_buy":5.49206,"number_of_ads_rent":0,"average_prize_rent":0,"normalized_prize_buy":0.001373015,"normalized_ads_buy":0.3,"normalized_prize_rent":null,"normalized_ads_rent":0,"date":"2018-12-07T07:47:15.000Z","fill-opacity":0.001098412,"fill":"#ff0000"},"bbox":[-3.62026,40.5126,-3.62529,40.5176],"geometry":{"type":"Polygon","coordinates":[[[-3.62026,40.5176],[-3.62529,40.5176],[-3.62529,40.5126],[-3.62026,40.5126],[-3.62026,40.5176]]]}},{"type":"Feature","properties":{"name":"Alcobendas--piece--8-9--gCloud","number_of_ads_buy":14,"average_prize_buy":4.56393,"number_of_ads_rent":0,"average_prize_rent":0,"normalized_prize_buy":0.0011409825,"normalized_ads_buy":0.4666666666666667,"normalized_prize_rent":null,"normalized_ads_rent":0,"date":"2018-12-07T07:47:24.000Z","fill-opacity":0.0009127860000000001,"fill":"#ff0000"},"bbox":[-3.62026,40.5076,-3.62529,40.5126],"geometry":{"type":"Polygon","coordinates":[[[-3.62026,40.5126],[-3.62529,40.5126],[-3.62529,40.5076],[-3.62026,40.5076],[-3.62026,40.5126]]]}},{"type":"Feature","properties":{"name":"Alcobendas--piece--9-0--gCloud","number_of_ads_buy":7,"average_prize_buy":2410.71,"number_of_ads_rent":3,"average_prize_rent":12.037,"normalized_prize_buy":0.6026775,"normalized_ads_buy":0.23333333333333334,"normalized_prize_rent":null,"normalized_ads_rent":0.1,"date":"2018-12-07T07:47:34.000Z","fill-opacity":0.482142,"fill":"#ff0000"},"bbox":[-3.61523,40.5528,-3.62026,40.5578],"geometry":{"type":"Polygon","coordinates":[[[-3.61523,40.5578],[-3.62026,40.5578],[-3.62026,40.5528],[-3.61523,40.5528],[-3.61523,40.5578]]]}},{"type":"Feature","properties":{"name":"Alcobendas--piece--9-1--gCloud","number_of_ads_buy":2,"average_prize_buy":2.15105,"number_of_ads_rent":0,"average_prize_rent":0,"normalized_prize_buy":0.0005377625000000001,"normalized_ads_buy":0.06666666666666667,"normalized_prize_rent":null,"normalized_ads_rent":0,"date":"2018-12-07T07:47:39.000Z","fill-opacity":0.0004302100000000001,"fill":"#ff0000"},"bbox":[-3.61523,40.5478,-3.62026,40.5528],"geometry":{"type":"Polygon","coordinates":[[[-3.61523,40.5528],[-3.62026,40.5528],[-3.62026,40.5478],[-3.61523,40.5478],[-3.61523,40.5528]]]}},{"type":"Feature","properties":{"name":"Alcobendas--piece--9-2--gCloud","number_of_ads_buy":18,"average_prize_buy":2374.78,"number_of_ads_rent":12,"average_prize_rent":10.4536,"normalized_prize_buy":0.5936950000000001,"normalized_ads_buy":0.6,"normalized_prize_rent":null,"normalized_ads_rent":0.4,"date":"2018-12-07T07:47:45.000Z","fill-opacity":0.4749560000000001,"fill":"#ff0000"},"bbox":[-3.61523,40.5428,-3.62026,40.5478],"geometry":{"type":"Polygon","coordinates":[[[-3.61523,40.5478],[-3.62026,40.5478],[-3.62026,40.5428],[-3.61523,40.5428],[-3.61523,40.5478]]]}},{"type":"Feature","properties":{"name":"Alcobendas--piece--9-3--gCloud","number_of_ads_buy":2,"average_prize_buy":4000,"number_of_ads_rent":2,"average_prize_rent":8.49537,"normalized_prize_buy":1,"normalized_ads_buy":0.06666666666666667,"normalized_prize_rent":null,"normalized_ads_rent":0.06666666666666667,"date":"2018-12-07T07:47:51.000Z","fill-opacity":0.8,"fill":"#ff0000"},"bbox":[-3.61523,40.5377,-3.62026,40.5428],"geometry":{"type":"Polygon","coordinates":[[[-3.61523,40.5428],[-3.62026,40.5428],[-3.62026,40.5377],[-3.61523,40.5377],[-3.61523,40.5428]]]}},{"type":"Feature","properties":{"name":"Alcobendas--piece--9-4--gCloud","number_of_ads_buy":1,"average_prize_buy":4.19847,"number_of_ads_rent":0,"average_prize_rent":0,"normalized_prize_buy":0.0010496175,"normalized_ads_buy":0.03333333333333333,"normalized_prize_rent":null,"normalized_ads_rent":0,"date":"2018-12-07T07:47:57.000Z","fill-opacity":0.0008396940000000001,"fill":"#ff0000"},"bbox":[-3.61523,40.5327,-3.62026,40.5377],"geometry":{"type":"Polygon","coordinates":[[[-3.61523,40.5377],[-3.62026,40.5377],[-3.62026,40.5327],[-3.61523,40.5327],[-3.61523,40.5377]]]}},{"type":"Feature","properties":{"name":"Alcobendas--piece--9-5--gCloud","number_of_ads_buy":6,"average_prize_buy":4.74929,"number_of_ads_rent":0,"average_prize_rent":0,"normalized_prize_buy":0.0011873225000000002,"normalized_ads_buy":0.2,"normalized_prize_rent":null,"normalized_ads_rent":0,"date":"2018-12-07T07:48:06.000Z","fill-opacity":0.0009498580000000001,"fill":"#ff0000"},"bbox":[-3.61523,40.5277,-3.62026,40.5327],"geometry":{"type":"Polygon","coordinates":[[[-3.61523,40.5327],[-3.62026,40.5327],[-3.62026,40.5277],[-3.61523,40.5277],[-3.61523,40.5327]]]}},{"type":"Feature","properties":{"name":"Alcobendas--piece--9-6--gCloud","number_of_ads_buy":4,"average_prize_buy":5.21628,"number_of_ads_rent":1,"average_prize_rent":9.90566,"normalized_prize_buy":0.00130407,"normalized_ads_buy":0.13333333333333333,"normalized_prize_rent":null,"normalized_ads_rent":0.03333333333333333,"date":"2018-12-07T07:48:13.000Z","fill-opacity":0.001043256,"fill":"#ff0000"},"bbox":[-3.61523,40.5227,-3.62026,40.5277],"geometry":{"type":"Polygon","coordinates":[[[-3.61523,40.5277],[-3.62026,40.5277],[-3.62026,40.5227],[-3.61523,40.5227],[-3.61523,40.5277]]]}},{"type":"Feature","properties":{"name":"Alcobendas--piece--9-7--gCloud","number_of_ads_buy":7,"average_prize_buy":4.44071,"number_of_ads_rent":1,"average_prize_rent":10,"normalized_prize_buy":0.0011101775000000001,"normalized_ads_buy":0.23333333333333334,"normalized_prize_rent":null,"normalized_ads_rent":0.03333333333333333,"date":"2018-12-07T07:48:24.000Z","fill-opacity":0.0008881420000000002,"fill":"#ff0000"},"bbox":[-3.61523,40.5176,-3.62026,40.5227],"geometry":{"type":"Polygon","coordinates":[[[-3.61523,40.5227],[-3.62026,40.5227],[-3.62026,40.5176],[-3.61523,40.5176],[-3.61523,40.5227]]]}},{"type":"Feature","properties":{"name":"Alcobendas--piece--9-8--gCloud","number_of_ads_buy":5,"average_prize_buy":3.72825,"number_of_ads_rent":1,"average_prize_rent":15,"normalized_prize_buy":0.0009320625000000001,"normalized_ads_buy":0.16666666666666666,"normalized_prize_rent":null,"normalized_ads_rent":0.03333333333333333,"date":"2018-12-07T07:48:33.000Z","fill-opacity":0.00074565,"fill":"#ff0000"},"bbox":[-3.61523,40.5126,-3.62026,40.5176],"geometry":{"type":"Polygon","coordinates":[[[-3.61523,40.5176],[-3.62026,40.5176],[-3.62026,40.5126],[-3.61523,40.5126],[-3.61523,40.5176]]]}},{"type":"Feature","properties":{"name":"Alcobendas--piece--9-9--gCloud","number_of_ads_buy":15,"average_prize_buy":4.91333,"number_of_ads_rent":1,"average_prize_rent":20.8333,"normalized_prize_buy":0.0012283325000000001,"normalized_ads_buy":0.5,"normalized_prize_rent":null,"normalized_ads_rent":0.03333333333333333,"date":"2018-12-07T07:48:39.000Z","fill-opacity":0.000982666,"fill":"#ff0000"},"bbox":[-3.61523,40.5076,-3.62026,40.5126],"geometry":{"type":"Polygon","coordinates":[[[-3.61523,40.5126],[-3.62026,40.5126],[-3.62026,40.5076],[-3.61523,40.5076],[-3.61523,40.5126]]]}}]}