{"type":"FeatureCollection","features":[{"type":"Feature","properties":{"name":"Alcorcón--piece--0-0--gCloud","number_of_ads_buy":0,"average_prize_buy":0,"number_of_ads_rent":0,"average_prize_rent":0,"normalized_prize_buy":0,"normalized_ads_buy":0,"normalized_prize_rent":null,"normalized_ads_rent":0,"date":"2018-12-07T07:48:47.000Z","fill-opacity":0,"fill":"#ff0000"},"bbox":[-3.85623,40.3583,-3.86149,40.3638],"geometry":{"type":"Polygon","coordinates":[[[-3.85623,40.3638],[-3.86149,40.3638],[-3.86149,40.3583],[-3.85623,40.3583],[-3.85623,40.3638]]]}},{"type":"Feature","properties":{"name":"Alcorcón--piece--0-1--gCloud","number_of_ads_buy":0,"average_prize_buy":0,"number_of_ads_rent":0,"average_prize_rent":0,"normalized_prize_buy":0,"normalized_ads_buy":0,"normalized_prize_rent":null,"normalized_ads_rent":0,"date":"2018-12-07T07:48:57.000Z","fill-opacity":0,"fill":"#ff0000"},"bbox":[-3.85623,40.3528,-3.86149,40.3583],"geometry":{"type":"Polygon","coordinates":[[[-3.85623,40.3583],[-3.86149,40.3583],[-3.86149,40.3528],[-3.85623,40.3528],[-3.85623,40.3583]]]}},{"type":"Feature","properties":{"name":"Alcorcón--piece--0-2--gCloud","number_of_ads_buy":0,"average_prize_buy":0,"number_of_ads_rent":0,"average_prize_rent":0,"normalized_prize_buy":0,"normalized_ads_buy":0,"normalized_prize_rent":null,"normalized_ads_rent":0,"date":"2018-12-07T07:49:05.000Z","fill-opacity":0,"fill":"#ff0000"},"bbox":[-3.85623,40.3473,-3.86149,40.3528],"geometry":{"type":"Polygon","coordinates":[[[-3.85623,40.3528],[-3.86149,40.3528],[-3.86149,40.3473],[-3.85623,40.3473],[-3.85623,40.3528]]]}},{"type":"Feature","properties":{"name":"Alcorcón--piece--0-3--gCloud","number_of_ads_buy":0,"average_prize_buy":0,"number_of_ads_rent":0,"average_prize_rent":0,"normalized_prize_buy":0,"normalized_ads_buy":0,"normalized_prize_rent":null,"normalized_ads_rent":0,"date":"2018-12-07T07:49:16.000Z","fill-opacity":0,"fill":"#ff0000"},"bbox":[-3.85623,40.3418,-3.86149,40.3473],"geometry":{"type":"Polygon","coordinates":[[[-3.85623,40.3473],[-3.86149,40.3473],[-3.86149,40.3418],[-3.85623,40.3418],[-3.85623,40.3473]]]}},{"type":"Feature","properties":{"name":"Alcorcón--piece--0-4--gCloud","number_of_ads_buy":2,"average_prize_buy":1932.51,"number_of_ads_rent":0,"average_prize_rent":0,"normalized_prize_buy":0.6583149948561423,"normalized_ads_buy":0.06666666666666667,"normalized_prize_rent":null,"normalized_ads_rent":0,"date":"2018-12-07T07:49:27.000Z","fill-opacity":0.5266519958849138,"fill":"#ff0000"},"bbox":[-3.85623,40.3362,-3.86149,40.3418],"geometry":{"type":"Polygon","coordinates":[[[-3.85623,40.3418],[-3.86149,40.3418],[-3.86149,40.3362],[-3.85623,40.3362],[-3.85623,40.3418]]]}},{"type":"Feature","properties":{"name":"Alcorcón--piece--0-5--gCloud","number_of_ads_buy":14,"average_prize_buy":1816.91,"number_of_ads_rent":1,"average_prize_rent":9.04255,"normalized_prize_buy":0.6189355280459473,"normalized_ads_buy":0.4666666666666667,"normalized_prize_rent":null,"normalized_ads_rent":0.03333333333333333,"date":"2018-12-07T07:49:39.000Z","fill-opacity":0.4951484224367579,"fill":"#ff0000"},"bbox":[-3.85623,40.3307,-3.86149,40.3362],"geometry":{"type":"Polygon","coordinates":[[[-3.85623,40.3362],[-3.86149,40.3362],[-3.86149,40.3307],[-3.85623,40.3307],[-3.85623,40.3362]]]}},{"type":"Feature","properties":{"name":"Alcorcón--piece--0-6--gCloud","number_of_ads_buy":26,"average_prize_buy":1609.14,"number_of_ads_rent":1,"average_prize_rent":9.375,"normalized_prize_buy":0.5481580901639903,"normalized_ads_buy":0.8666666666666667,"normalized_prize_rent":null,"normalized_ads_rent":0.03333333333333333,"date":"2018-12-07T07:49:52.000Z","fill-opacity":0.4385264721311923,"fill":"#ff0000"},"bbox":[-3.85623,40.3252,-3.86149,40.3307],"geometry":{"type":"Polygon","coordinates":[[[-3.85623,40.3307],[-3.86149,40.3307],[-3.86149,40.3252],[-3.85623,40.3252],[-3.85623,40.3307]]]}},{"type":"Feature","properties":{"name":"Alcorcón--piece--1-0--gCloud","number_of_ads_buy":0,"average_prize_buy":0,"number_of_ads_rent":0,"average_prize_rent":0,"normalized_prize_buy":0,"normalized_ads_buy":0,"normalized_prize_rent":null,"normalized_ads_rent":0,"date":"2018-12-07T07:49:57.000Z","fill-opacity":0,"fill":"#ff0000"},"bbox":[-3.85097,40.3583,-3.85623,40.3638],"geometry":{"type":"Polygon","coordinates":[[[-3.85097,40.3638],[-3.85623,40.3638],[-3.85623,40.3583],[-3.85097,40.3583],[-3.85097,40.3638]]]}},{"type":"Feature","properties":{"name":"Alcorcón--piece--1-1--gCloud","number_of_ads_buy":0,"average_prize_buy":0,"number_of_ads_rent":0,"average_prize_rent":0,"normalized_prize_buy":0,"normalized_ads_buy":0,"normalized_prize_rent":null,"normalized_ads_rent":0,"date":"2018-12-07T07:50:03.000Z","fill-opacity":0,"fill":"#ff0000"},"bbox":[-3.85097,40.3528,-3.85623,40.3583],"geometry":{"type":"Polygon","coordinates":[[[-3.85097,40.3583],[-3.85623,40.3583],[-3.85623,40.3528],[-3.85097,40.3528],[-3.85097,40.3583]]]}},{"type":"Feature","properties":{"name":"Alcorcón--piece--1-2--gCloud","number_of_ads_buy":0,"average_prize_buy":0,"number_of_ads_rent":0,"average_prize_rent":0,"normalized_prize_buy":0,"normalized_ads_buy":0,"normalized_prize_rent":null,"normalized_ads_rent":0,"date":"2018-12-07T07:50:13.000Z","fill-opacity":0,"fill":"#ff0000"},"bbox":[-3.85097,40.3473,-3.85623,40.3528],"geometry":{"type":"Polygon","coordinates":[[[-3.85097,40.3528],[-3.85623,40.3528],[-3.85623,40.3473],[-3.85097,40.3473],[-3.85097,40.3528]]]}},{"type":"Feature","properties":{"name":"Alcorcón--piece--1-3--gCloud","number_of_ads_buy":0,"average_prize_buy":0,"number_of_ads_rent":0,"average_prize_rent":0,"normalized_prize_buy":0,"normalized_ads_buy":0,"normalized_prize_rent":null,"normalized_ads_rent":0,"date":"2018-12-07T07:50:21.000Z","fill-opacity":0,"fill":"#ff0000"},"bbox":[-3.85097,40.3418,-3.85623,40.3473],"geometry":{"type":"Polygon","coordinates":[[[-3.85097,40.3473],[-3.85623,40.3473],[-3.85623,40.3418],[-3.85097,40.3418],[-3.85097,40.3473]]]}},{"type":"Feature","properties":{"name":"Alcorcón--piece--1-4--gCloud","number_of_ads_buy":14,"average_prize_buy":2572,"number_of_ads_rent":6,"average_prize_rent":9.53152,"normalized_prize_buy":0.8761590712441323,"normalized_ads_buy":0.4666666666666667,"normalized_prize_rent":null,"normalized_ads_rent":0.2,"date":"2018-12-07T07:50:27.000Z","fill-opacity":0.7009272569953059,"fill":"#ff0000"},"bbox":[-3.85097,40.3362,-3.85623,40.3418],"geometry":{"type":"Polygon","coordinates":[[[-3.85097,40.3418],[-3.85623,40.3418],[-3.85623,40.3362],[-3.85097,40.3362],[-3.85097,40.3418]]]}},{"type":"Feature","properties":{"name":"Alcorcón--piece--1-5--gCloud","number_of_ads_buy":17,"average_prize_buy":2288.57,"number_of_ads_rent":1,"average_prize_rent":9,"normalized_prize_buy":0.779607840465468,"normalized_ads_buy":0.5666666666666667,"normalized_prize_rent":null,"normalized_ads_rent":0.03333333333333333,"date":"2018-12-07T07:50:36.000Z","fill-opacity":0.6236862723723745,"fill":"#ff0000"},"bbox":[-3.85097,40.3307,-3.85623,40.3362],"geometry":{"type":"Polygon","coordinates":[[[-3.85097,40.3362],[-3.85623,40.3362],[-3.85623,40.3307],[-3.85097,40.3307],[-3.85097,40.3362]]]}},{"type":"Feature","properties":{"name":"Alcorcón--piece--1-6--gCloud","number_of_ads_buy":21,"average_prize_buy":1854.6,"number_of_ads_rent":1,"average_prize_rent":8.77778,"normalized_prize_buy":0.63177473309851,"normalized_ads_buy":0.7,"normalized_prize_rent":null,"normalized_ads_rent":0.03333333333333333,"date":"2018-12-07T07:50:46.000Z","fill-opacity":0.505419786478808,"fill":"#ff0000"},"bbox":[-3.85097,40.3252,-3.85623,40.3307],"geometry":{"type":"Polygon","coordinates":[[[-3.85097,40.3307],[-3.85623,40.3307],[-3.85623,40.3252],[-3.85097,40.3252],[-3.85097,40.3307]]]}},{"type":"Feature","properties":{"name":"Alcorcón--piece--10-0--gCloud","number_of_ads_buy":0,"average_prize_buy":0,"number_of_ads_rent":0,"average_prize_rent":0,"normalized_prize_buy":0,"normalized_ads_buy":0,"normalized_prize_rent":null,"normalized_ads_rent":0,"date":"2018-12-07T07:50:51.000Z","fill-opacity":0,"fill":"#ff0000"},"bbox":[-3.80365,40.3583,-3.80891,40.3638],"geometry":{"type":"Polygon","coordinates":[[[-3.80365,40.3638],[-3.80891,40.3638],[-3.80891,40.3583],[-3.80365,40.3583],[-3.80365,40.3638]]]}},{"type":"Feature","properties":{"name":"Alcorcón--piece--10-1--gCloud","number_of_ads_buy":8,"average_prize_buy":2101.23,"number_of_ads_rent":1,"average_prize_rent":11.5625,"normalized_prize_buy":0.7157899398407107,"normalized_ads_buy":0.26666666666666666,"normalized_prize_rent":null,"normalized_ads_rent":0.03333333333333333,"date":"2018-12-07T07:51:03.000Z","fill-opacity":0.5726319518725685,"fill":"#ff0000"},"bbox":[-3.80365,40.3528,-3.80891,40.3583],"geometry":{"type":"Polygon","coordinates":[[[-3.80365,40.3583],[-3.80891,40.3583],[-3.80891,40.3528],[-3.80365,40.3528],[-3.80365,40.3583]]]}},{"type":"Feature","properties":{"name":"Alcorcón--piece--10-2--gCloud","number_of_ads_buy":12,"average_prize_buy":2806.29,"number_of_ads_rent":3,"average_prize_rent":9.62304,"normalized_prize_buy":0.9559706221001928,"normalized_ads_buy":0.4,"normalized_prize_rent":null,"normalized_ads_rent":0.1,"date":"2018-12-07T07:51:12.000Z","fill-opacity":0.7647764976801543,"fill":"#ff0000"},"bbox":[-3.80365,40.3473,-3.80891,40.3528],"geometry":{"type":"Polygon","coordinates":[[[-3.80365,40.3528],[-3.80891,40.3528],[-3.80891,40.3473],[-3.80365,40.3473],[-3.80365,40.3528]]]}},{"type":"Feature","properties":{"name":"Alcorcón--piece--10-3--gCloud","number_of_ads_buy":5,"average_prize_buy":2729.73,"number_of_ads_rent":3,"average_prize_rent":11.5191,"normalized_prize_buy":0.9298902416591156,"normalized_ads_buy":0.16666666666666666,"normalized_prize_rent":null,"normalized_ads_rent":0.1,"date":"2018-12-07T07:51:21.000Z","fill-opacity":0.7439121933272925,"fill":"#ff0000"},"bbox":[-3.80365,40.3418,-3.80891,40.3473],"geometry":{"type":"Polygon","coordinates":[[[-3.80365,40.3473],[-3.80891,40.3473],[-3.80891,40.3418],[-3.80365,40.3418],[-3.80365,40.3473]]]}},{"type":"Feature","properties":{"name":"Alcorcón--piece--10-4--gCloud","number_of_ads_buy":0,"average_prize_buy":0,"number_of_ads_rent":0,"average_prize_rent":0,"normalized_prize_buy":0,"normalized_ads_buy":0,"normalized_prize_rent":null,"normalized_ads_rent":0,"date":"2018-12-07T07:51:27.000Z","fill-opacity":0,"fill":"#ff0000"},"bbox":[-3.80365,40.3362,-3.80891,40.3418],"geometry":{"type":"Polygon","coordinates":[[[-3.80365,40.3418],[-3.80891,40.3418],[-3.80891,40.3362],[-3.80365,40.3362],[-3.80365,40.3418]]]}},{"type":"Feature","properties":{"name":"Alcorcón--piece--10-5--gCloud","number_of_ads_buy":0,"average_prize_buy":0,"number_of_ads_rent":0,"average_prize_rent":0,"normalized_prize_buy":0,"normalized_ads_buy":0,"normalized_prize_rent":null,"normalized_ads_rent":0,"date":"2018-12-07T07:51:32.000Z","fill-opacity":0,"fill":"#ff0000"},"bbox":[-3.80365,40.3307,-3.80891,40.3362],"geometry":{"type":"Polygon","coordinates":[[[-3.80365,40.3362],[-3.80891,40.3362],[-3.80891,40.3307],[-3.80365,40.3307],[-3.80365,40.3362]]]}},{"type":"Feature","properties":{"name":"Alcorcón--piece--10-6--gCloud","number_of_ads_buy":0,"average_prize_buy":0,"number_of_ads_rent":0,"average_prize_rent":0,"normalized_prize_buy":0,"normalized_ads_buy":0,"normalized_prize_rent":null,"normalized_ads_rent":0,"date":"2018-12-07T07:51:40.000Z","fill-opacity":0,"fill":"#ff0000"},"bbox":[-3.80365,40.3252,-3.80891,40.3307],"geometry":{"type":"Polygon","coordinates":[[[-3.80365,40.3307],[-3.80891,40.3307],[-3.80891,40.3252],[-3.80365,40.3252],[-3.80365,40.3307]]]}},{"type":"Feature","properties":{"name":"Alcorcón--piece--11-0--gCloud","number_of_ads_buy":0,"average_prize_buy":0,"number_of_ads_rent":0,"average_prize_rent":0,"normalized_prize_buy":0,"normalized_ads_buy":0,"normalized_prize_rent":null,"normalized_ads_rent":0,"date":"2018-12-07T07:51:49.000Z","fill-opacity":0,"fill":"#ff0000"},"bbox":[-3.79839,40.3583,-3.80365,40.3638],"geometry":{"type":"Polygon","coordinates":[[[-3.79839,40.3638],[-3.80365,40.3638],[-3.80365,40.3583],[-3.79839,40.3583],[-3.79839,40.3638]]]}},{"type":"Feature","properties":{"name":"Alcorcón--piece--11-1--gCloud","number_of_ads_buy":3,"average_prize_buy":2524.19,"number_of_ads_rent":1,"average_prize_rent":12.069,"normalized_prize_buy":0.8598724595815421,"normalized_ads_buy":0.1,"normalized_prize_rent":null,"normalized_ads_rent":0.03333333333333333,"date":"2018-12-07T07:52:00.000Z","fill-opacity":0.6878979676652337,"fill":"#ff0000"},"bbox":[-3.79839,40.3528,-3.80365,40.3583],"geometry":{"type":"Polygon","coordinates":[[[-3.79839,40.3583],[-3.80365,40.3583],[-3.80365,40.3528],[-3.79839,40.3528],[-3.79839,40.3583]]]}},{"type":"Feature","properties":{"name":"Alcorcón--piece--11-2--gCloud","number_of_ads_buy":10,"average_prize_buy":2935.54,"number_of_ads_rent":0,"average_prize_rent":0,"normalized_prize_buy":1,"normalized_ads_buy":0.3333333333333333,"normalized_prize_rent":null,"normalized_ads_rent":0,"date":"2018-12-07T07:52:06.000Z","fill-opacity":0.8,"fill":"#ff0000"},"bbox":[-3.79839,40.3473,-3.80365,40.3528],"geometry":{"type":"Polygon","coordinates":[[[-3.79839,40.3528],[-3.80365,40.3528],[-3.80365,40.3473],[-3.79839,40.3473],[-3.79839,40.3528]]]}},{"type":"Feature","properties":{"name":"Alcorcón--piece--11-3--gCloud","number_of_ads_buy":0,"average_prize_buy":0,"number_of_ads_rent":0,"average_prize_rent":0,"normalized_prize_buy":0,"normalized_ads_buy":0,"normalized_prize_rent":null,"normalized_ads_rent":0,"date":"2018-12-07T07:52:11.000Z","fill-opacity":0,"fill":"#ff0000"},"bbox":[-3.79839,40.3418,-3.80365,40.3473],"geometry":{"type":"Polygon","coordinates":[[[-3.79839,40.3473],[-3.80365,40.3473],[-3.80365,40.3418],[-3.79839,40.3418],[-3.79839,40.3473]]]}},{"type":"Feature","properties":{"name":"Alcorcón--piece--11-4--gCloud","number_of_ads_buy":0,"average_prize_buy":0,"number_of_ads_rent":0,"average_prize_rent":0,"normalized_prize_buy":0,"normalized_ads_buy":0,"normalized_prize_rent":null,"normalized_ads_rent":0,"date":"2018-12-07T07:52:19.000Z","fill-opacity":0,"fill":"#ff0000"},"bbox":[-3.79839,40.3362,-3.80365,40.3418],"geometry":{"type":"Polygon","coordinates":[[[-3.79839,40.3418],[-3.80365,40.3418],[-3.80365,40.3362],[-3.79839,40.3362],[-3.79839,40.3418]]]}},{"type":"Feature","properties":{"name":"Alcorcón--piece--11-5--gCloud","number_of_ads_buy":0,"average_prize_buy":0,"number_of_ads_rent":0,"average_prize_rent":0,"normalized_prize_buy":0,"normalized_ads_buy":0,"normalized_prize_rent":null,"normalized_ads_rent":0,"date":"2018-12-07T07:52:30.000Z","fill-opacity":0,"fill":"#ff0000"},"bbox":[-3.79839,40.3307,-3.80365,40.3362],"geometry":{"type":"Polygon","coordinates":[[[-3.79839,40.3362],[-3.80365,40.3362],[-3.80365,40.3307],[-3.79839,40.3307],[-3.79839,40.3362]]]}},{"type":"Feature","properties":{"name":"Alcorcón--piece--11-6--gCloud","number_of_ads_buy":0,"average_prize_buy":0,"number_of_ads_rent":0,"average_prize_rent":0,"normalized_prize_buy":0,"normalized_ads_buy":0,"normalized_prize_rent":null,"normalized_ads_rent":0,"date":"2018-12-07T07:52:35.000Z","fill-opacity":0,"fill":"#ff0000"},"bbox":[-3.79839,40.3252,-3.80365,40.3307],"geometry":{"type":"Polygon","coordinates":[[[-3.79839,40.3307],[-3.80365,40.3307],[-3.80365,40.3252],[-3.79839,40.3252],[-3.79839,40.3307]]]}},{"type":"Feature","properties":{"name":"Alcorcón--piece--12-0--gCloud","number_of_ads_buy":0,"average_prize_buy":0,"number_of_ads_rent":0,"average_prize_rent":0,"normalized_prize_buy":0,"normalized_ads_buy":0,"normalized_prize_rent":null,"normalized_ads_rent":0,"date":"2018-12-07T07:52:41.000Z","fill-opacity":0,"fill":"#ff0000"},"bbox":[-3.79313,40.3583,-3.79839,40.3638],"geometry":{"type":"Polygon","coordinates":[[[-3.79313,40.3638],[-3.79839,40.3638],[-3.79839,40.3583],[-3.79313,40.3583],[-3.79313,40.3638]]]}},{"type":"Feature","properties":{"name":"Alcorcón--piece--12-1--gCloud","number_of_ads_buy":0,"average_prize_buy":0,"number_of_ads_rent":0,"average_prize_rent":0,"normalized_prize_buy":0,"normalized_ads_buy":0,"normalized_prize_rent":null,"normalized_ads_rent":0,"date":"2018-12-07T07:52:49.000Z","fill-opacity":0,"fill":"#ff0000"},"bbox":[-3.79313,40.3528,-3.79839,40.3583],"geometry":{"type":"Polygon","coordinates":[[[-3.79313,40.3583],[-3.79839,40.3583],[-3.79839,40.3528],[-3.79313,40.3528],[-3.79313,40.3583]]]}},{"type":"Feature","properties":{"name":"Alcorcón--piece--12-2--gCloud","number_of_ads_buy":0,"average_prize_buy":0,"number_of_ads_rent":0,"average_prize_rent":0,"normalized_prize_buy":0,"normalized_ads_buy":0,"normalized_prize_rent":null,"normalized_ads_rent":0,"date":"2018-12-07T07:52:54.000Z","fill-opacity":0,"fill":"#ff0000"},"bbox":[-3.79313,40.3473,-3.79839,40.3528],"geometry":{"type":"Polygon","coordinates":[[[-3.79313,40.3528],[-3.79839,40.3528],[-3.79839,40.3473],[-3.79313,40.3473],[-3.79313,40.3528]]]}},{"type":"Feature","properties":{"name":"Alcorcón--piece--12-3--gCloud","number_of_ads_buy":0,"average_prize_buy":0,"number_of_ads_rent":0,"average_prize_rent":0,"normalized_prize_buy":0,"normalized_ads_buy":0,"normalized_prize_rent":null,"normalized_ads_rent":0,"date":"2018-12-07T07:53:01.000Z","fill-opacity":0,"fill":"#ff0000"},"bbox":[-3.79313,40.3418,-3.79839,40.3473],"geometry":{"type":"Polygon","coordinates":[[[-3.79313,40.3473],[-3.79839,40.3473],[-3.79839,40.3418],[-3.79313,40.3418],[-3.79313,40.3473]]]}},{"type":"Feature","properties":{"name":"Alcorcón--piece--12-4--gCloud","number_of_ads_buy":0,"average_prize_buy":0,"number_of_ads_rent":0,"average_prize_rent":0,"normalized_prize_buy":0,"normalized_ads_buy":0,"normalized_prize_rent":null,"normalized_ads_rent":0,"date":"2018-12-07T07:53:06.000Z","fill-opacity":0,"fill":"#ff0000"},"bbox":[-3.79313,40.3362,-3.79839,40.3418],"geometry":{"type":"Polygon","coordinates":[[[-3.79313,40.3418],[-3.79839,40.3418],[-3.79839,40.3362],[-3.79313,40.3362],[-3.79313,40.3418]]]}},{"type":"Feature","properties":{"name":"Alcorcón--piece--12-5--gCloud","number_of_ads_buy":0,"average_prize_buy":0,"number_of_ads_rent":0,"average_prize_rent":0,"normalized_prize_buy":0,"normalized_ads_buy":0,"normalized_prize_rent":null,"normalized_ads_rent":0,"date":"2018-12-07T07:53:14.000Z","fill-opacity":0,"fill":"#ff0000"},"bbox":[-3.79313,40.3307,-3.79839,40.3362],"geometry":{"type":"Polygon","coordinates":[[[-3.79313,40.3362],[-3.79839,40.3362],[-3.79839,40.3307],[-3.79313,40.3307],[-3.79313,40.3362]]]}},{"type":"Feature","properties":{"name":"Alcorcón--piece--12-6--gCloud","number_of_ads_buy":0,"average_prize_buy":0,"number_of_ads_rent":0,"average_prize_rent":0,"normalized_prize_buy":0,"normalized_ads_buy":0,"normalized_prize_rent":null,"normalized_ads_rent":0,"date":"2018-12-07T07:53:23.000Z","fill-opacity":0,"fill":"#ff0000"},"bbox":[-3.79313,40.3252,-3.79839,40.3307],"geometry":{"type":"Polygon","coordinates":[[[-3.79313,40.3307],[-3.79839,40.3307],[-3.79839,40.3252],[-3.79313,40.3252],[-3.79313,40.3307]]]}},{"type":"Feature","properties":{"name":"Alcorcón--piece--2-0--gCloud","number_of_ads_buy":0,"average_prize_buy":0,"number_of_ads_rent":0,"average_prize_rent":0,"normalized_prize_buy":0,"normalized_ads_buy":0,"normalized_prize_rent":null,"normalized_ads_rent":0,"date":"2018-12-07T07:53:28.000Z","fill-opacity":0,"fill":"#ff0000"},"bbox":[-3.84571,40.3583,-3.85097,40.3638],"geometry":{"type":"Polygon","coordinates":[[[-3.84571,40.3638],[-3.85097,40.3638],[-3.85097,40.3583],[-3.84571,40.3583],[-3.84571,40.3638]]]}},{"type":"Feature","properties":{"name":"Alcorcón--piece--2-1--gCloud","number_of_ads_buy":0,"average_prize_buy":0,"number_of_ads_rent":0,"average_prize_rent":0,"normalized_prize_buy":0,"normalized_ads_buy":0,"normalized_prize_rent":null,"normalized_ads_rent":0,"date":"2018-12-07T07:53:37.000Z","fill-opacity":0,"fill":"#ff0000"},"bbox":[-3.84571,40.3528,-3.85097,40.3583],"geometry":{"type":"Polygon","coordinates":[[[-3.84571,40.3583],[-3.85097,40.3583],[-3.85097,40.3528],[-3.84571,40.3528],[-3.84571,40.3583]]]}},{"type":"Feature","properties":{"name":"Alcorcón--piece--2-2--gCloud","number_of_ads_buy":0,"average_prize_buy":0,"number_of_ads_rent":0,"average_prize_rent":0,"normalized_prize_buy":0,"normalized_ads_buy":0,"normalized_prize_rent":null,"normalized_ads_rent":0,"date":"2018-12-07T07:53:45.000Z","fill-opacity":0,"fill":"#ff0000"},"bbox":[-3.84571,40.3473,-3.85097,40.3528],"geometry":{"type":"Polygon","coordinates":[[[-3.84571,40.3528],[-3.85097,40.3528],[-3.85097,40.3473],[-3.84571,40.3473],[-3.84571,40.3528]]]}},{"type":"Feature","properties":{"name":"Alcorcón--piece--2-3--gCloud","number_of_ads_buy":2,"average_prize_buy":2249.36,"number_of_ads_rent":0,"average_prize_rent":0,"normalized_prize_buy":0.7662508431157471,"normalized_ads_buy":0.06666666666666667,"normalized_prize_rent":null,"normalized_ads_rent":0,"date":"2018-12-07T07:53:50.000Z","fill-opacity":0.6130006744925978,"fill":"#ff0000"},"bbox":[-3.84571,40.3418,-3.85097,40.3473],"geometry":{"type":"Polygon","coordinates":[[[-3.84571,40.3473],[-3.85097,40.3473],[-3.85097,40.3418],[-3.84571,40.3418],[-3.84571,40.3473]]]}},{"type":"Feature","properties":{"name":"Alcorcón--piece--2-4--gCloud","number_of_ads_buy":0,"average_prize_buy":0,"number_of_ads_rent":0,"average_prize_rent":0,"normalized_prize_buy":0,"normalized_ads_buy":0,"normalized_prize_rent":null,"normalized_ads_rent":0,"date":"2018-12-07T07:53:59.000Z","fill-opacity":0,"fill":"#ff0000"},"bbox":[-3.84571,40.3362,-3.85097,40.3418],"geometry":{"type":"Polygon","coordinates":[[[-3.84571,40.3418],[-3.85097,40.3418],[-3.85097,40.3362],[-3.84571,40.3362],[-3.84571,40.3418]]]}},{"type":"Feature","properties":{"name":"Alcorcón--piece--2-5--gCloud","number_of_ads_buy":0,"average_prize_buy":0,"number_of_ads_rent":0,"average_prize_rent":0,"normalized_prize_buy":0,"normalized_ads_buy":0,"normalized_prize_rent":null,"normalized_ads_rent":0,"date":"2018-12-07T07:54:04.000Z","fill-opacity":0,"fill":"#ff0000"},"bbox":[-3.84571,40.3307,-3.85097,40.3362],"geometry":{"type":"Polygon","coordinates":[[[-3.84571,40.3362],[-3.85097,40.3362],[-3.85097,40.3307],[-3.84571,40.3307],[-3.84571,40.3362]]]}},{"type":"Feature","properties":{"name":"Alcorcón--piece--2-6--gCloud","number_of_ads_buy":0,"average_prize_buy":0,"number_of_ads_rent":0,"average_prize_rent":0,"normalized_prize_buy":0,"normalized_ads_buy":0,"normalized_prize_rent":null,"normalized_ads_rent":0,"date":"2018-12-07T07:54:12.000Z","fill-opacity":0,"fill":"#ff0000"},"bbox":[-3.84571,40.3252,-3.85097,40.3307],"geometry":{"type":"Polygon","coordinates":[[[-3.84571,40.3307],[-3.85097,40.3307],[-3.85097,40.3252],[-3.84571,40.3252],[-3.84571,40.3307]]]}},{"type":"Feature","properties":{"name":"Alcorcón--piece--3-0--gCloud","number_of_ads_buy":0,"average_prize_buy":0,"number_of_ads_rent":0,"average_prize_rent":0,"normalized_prize_buy":0,"normalized_ads_buy":0,"normalized_prize_rent":null,"normalized_ads_rent":0,"date":"2018-12-07T07:54:21.000Z","fill-opacity":0,"fill":"#ff0000"},"bbox":[-3.84046,40.3583,-3.84571,40.3638],"geometry":{"type":"Polygon","coordinates":[[[-3.84046,40.3638],[-3.84571,40.3638],[-3.84571,40.3583],[-3.84046,40.3583],[-3.84046,40.3638]]]}},{"type":"Feature","properties":{"name":"Alcorcón--piece--3-1--gCloud","number_of_ads_buy":0,"average_prize_buy":0,"number_of_ads_rent":0,"average_prize_rent":0,"normalized_prize_buy":0,"normalized_ads_buy":0,"normalized_prize_rent":null,"normalized_ads_rent":0,"date":"2018-12-07T07:54:29.000Z","fill-opacity":0,"fill":"#ff0000"},"bbox":[-3.84046,40.3528,-3.84571,40.3583],"geometry":{"type":"Polygon","coordinates":[[[-3.84046,40.3583],[-3.84571,40.3583],[-3.84571,40.3528],[-3.84046,40.3528],[-3.84046,40.3583]]]}},{"type":"Feature","properties":{"name":"Alcorcón--piece--3-2--gCloud","number_of_ads_buy":1,"average_prize_buy":2644.86,"number_of_ads_rent":0,"average_prize_rent":0,"normalized_prize_buy":0.9009790362250217,"normalized_ads_buy":0.03333333333333333,"normalized_prize_rent":null,"normalized_ads_rent":0,"date":"2018-12-07T07:54:34.000Z","fill-opacity":0.7207832289800175,"fill":"#ff0000"},"bbox":[-3.84046,40.3473,-3.84571,40.3528],"geometry":{"type":"Polygon","coordinates":[[[-3.84046,40.3528],[-3.84571,40.3528],[-3.84571,40.3473],[-3.84046,40.3473],[-3.84046,40.3528]]]}},{"type":"Feature","properties":{"name":"Alcorcón--piece--3-3--gCloud","number_of_ads_buy":6,"average_prize_buy":2556.4,"number_of_ads_rent":1,"average_prize_rent":7.5,"normalized_prize_buy":0.8708448871417185,"normalized_ads_buy":0.2,"normalized_prize_rent":null,"normalized_ads_rent":0.03333333333333333,"date":"2018-12-07T07:54:40.000Z","fill-opacity":0.6966759097133748,"fill":"#ff0000"},"bbox":[-3.84046,40.3418,-3.84571,40.3473],"geometry":{"type":"Polygon","coordinates":[[[-3.84046,40.3473],[-3.84571,40.3473],[-3.84571,40.3418],[-3.84046,40.3418],[-3.84046,40.3473]]]}},{"type":"Feature","properties":{"name":"Alcorcón--piece--3-4--gCloud","number_of_ads_buy":3,"average_prize_buy":2761.24,"number_of_ads_rent":1,"average_prize_rent":14.1837,"normalized_prize_buy":0.9406242122403373,"normalized_ads_buy":0.1,"normalized_prize_rent":null,"normalized_ads_rent":0.03333333333333333,"date":"2018-12-07T07:54:45.000Z","fill-opacity":0.75249936979227,"fill":"#ff0000"},"bbox":[-3.84046,40.3362,-3.84571,40.3418],"geometry":{"type":"Polygon","coordinates":[[[-3.84046,40.3418],[-3.84571,40.3418],[-3.84571,40.3362],[-3.84046,40.3362],[-3.84046,40.3418]]]}},{"type":"Feature","properties":{"name":"Alcorcón--piece--3-5--gCloud","number_of_ads_buy":0,"average_prize_buy":0,"number_of_ads_rent":0,"average_prize_rent":0,"normalized_prize_buy":0,"normalized_ads_buy":0,"normalized_prize_rent":null,"normalized_ads_rent":0,"date":"2018-12-07T07:54:54.000Z","fill-opacity":0,"fill":"#ff0000"},"bbox":[-3.84046,40.3307,-3.84571,40.3362],"geometry":{"type":"Polygon","coordinates":[[[-3.84046,40.3362],[-3.84571,40.3362],[-3.84571,40.3307],[-3.84046,40.3307],[-3.84046,40.3362]]]}},{"type":"Feature","properties":{"name":"Alcorcón--piece--3-6--gCloud","number_of_ads_buy":1,"average_prize_buy":1456.73,"number_of_ads_rent":1,"average_prize_rent":9.88889,"normalized_prize_buy":0.496239192789061,"normalized_ads_buy":0.03333333333333333,"normalized_prize_rent":null,"normalized_ads_rent":0.03333333333333333,"date":"2018-12-07T07:54:59.000Z","fill-opacity":0.3969913542312488,"fill":"#ff0000"},"bbox":[-3.84046,40.3252,-3.84571,40.3307],"geometry":{"type":"Polygon","coordinates":[[[-3.84046,40.3307],[-3.84571,40.3307],[-3.84571,40.3252],[-3.84046,40.3252],[-3.84046,40.3307]]]}},{"type":"Feature","properties":{"name":"Alcorcón--piece--4-0--gCloud","number_of_ads_buy":0,"average_prize_buy":0,"number_of_ads_rent":0,"average_prize_rent":0,"normalized_prize_buy":0,"normalized_ads_buy":0,"normalized_prize_rent":null,"normalized_ads_rent":0,"date":"2018-12-07T07:55:08.000Z","fill-opacity":0,"fill":"#ff0000"},"bbox":[-3.8352,40.3583,-3.84046,40.3638],"geometry":{"type":"Polygon","coordinates":[[[-3.8352,40.3638],[-3.84046,40.3638],[-3.84046,40.3583],[-3.8352,40.3583],[-3.8352,40.3638]]]}},{"type":"Feature","properties":{"name":"Alcorcón--piece--4-1--gCloud","number_of_ads_buy":0,"average_prize_buy":0,"number_of_ads_rent":0,"average_prize_rent":0,"normalized_prize_buy":0,"normalized_ads_buy":0,"normalized_prize_rent":null,"normalized_ads_rent":0,"date":"2018-12-07T07:55:16.000Z","fill-opacity":0,"fill":"#ff0000"},"bbox":[-3.8352,40.3528,-3.84046,40.3583],"geometry":{"type":"Polygon","coordinates":[[[-3.8352,40.3583],[-3.84046,40.3583],[-3.84046,40.3528],[-3.8352,40.3528],[-3.8352,40.3583]]]}},{"type":"Feature","properties":{"name":"Alcorcón--piece--4-2--gCloud","number_of_ads_buy":2,"average_prize_buy":1457.58,"number_of_ads_rent":0,"average_prize_rent":0,"normalized_prize_buy":0.49652874769207705,"normalized_ads_buy":0.06666666666666667,"normalized_prize_rent":null,"normalized_ads_rent":0,"date":"2018-12-07T07:55:24.000Z","fill-opacity":0.3972229981536617,"fill":"#ff0000"},"bbox":[-3.8352,40.3473,-3.84046,40.3528],"geometry":{"type":"Polygon","coordinates":[[[-3.8352,40.3528],[-3.84046,40.3528],[-3.84046,40.3473],[-3.8352,40.3473],[-3.8352,40.3528]]]}},{"type":"Feature","properties":{"name":"Alcorcón--piece--4-3--gCloud","number_of_ads_buy":1,"average_prize_buy":2066.67,"number_of_ads_rent":0,"average_prize_rent":0,"normalized_prize_buy":0.7040169781369016,"normalized_ads_buy":0.03333333333333333,"normalized_prize_rent":null,"normalized_ads_rent":0,"date":"2018-12-07T07:55:33.000Z","fill-opacity":0.5632135825095212,"fill":"#ff0000"},"bbox":[-3.8352,40.3418,-3.84046,40.3473],"geometry":{"type":"Polygon","coordinates":[[[-3.8352,40.3473],[-3.84046,40.3473],[-3.84046,40.3418],[-3.8352,40.3418],[-3.8352,40.3473]]]}},{"type":"Feature","properties":{"name":"Alcorcón--piece--4-4--gCloud","number_of_ads_buy":5,"average_prize_buy":2543.38,"number_of_ads_rent":2,"average_prize_rent":9.69967,"normalized_prize_buy":0.8664095873331653,"normalized_ads_buy":0.16666666666666666,"normalized_prize_rent":null,"normalized_ads_rent":0.06666666666666667,"date":"2018-12-07T07:55:41.000Z","fill-opacity":0.6931276698665323,"fill":"#ff0000"},"bbox":[-3.8352,40.3362,-3.84046,40.3418],"geometry":{"type":"Polygon","coordinates":[[[-3.8352,40.3418],[-3.84046,40.3418],[-3.84046,40.3362],[-3.8352,40.3362],[-3.8352,40.3418]]]}},{"type":"Feature","properties":{"name":"Alcorcón--piece--4-5--gCloud","number_of_ads_buy":13,"average_prize_buy":2106.48,"number_of_ads_rent":0,"average_prize_rent":0,"normalized_prize_buy":0.7175783671828693,"normalized_ads_buy":0.43333333333333335,"normalized_prize_rent":null,"normalized_ads_rent":0,"date":"2018-12-07T07:55:53.000Z","fill-opacity":0.5740626937462955,"fill":"#ff0000"},"bbox":[-3.8352,40.3307,-3.84046,40.3362],"geometry":{"type":"Polygon","coordinates":[[[-3.8352,40.3362],[-3.84046,40.3362],[-3.84046,40.3307],[-3.8352,40.3307],[-3.8352,40.3362]]]}},{"type":"Feature","properties":{"name":"Alcorcón--piece--4-6--gCloud","number_of_ads_buy":5,"average_prize_buy":2343.39,"number_of_ads_rent":1,"average_prize_rent":10.3846,"normalized_prize_buy":0.7982824284458736,"normalized_ads_buy":0.16666666666666666,"normalized_prize_rent":null,"normalized_ads_rent":0.03333333333333333,"date":"2018-12-07T07:56:02.000Z","fill-opacity":0.6386259427566989,"fill":"#ff0000"},"bbox":[-3.8352,40.3252,-3.84046,40.3307],"geometry":{"type":"Polygon","coordinates":[[[-3.8352,40.3307],[-3.84046,40.3307],[-3.84046,40.3252],[-3.8352,40.3252],[-3.8352,40.3307]]]}},{"type":"Feature","properties":{"name":"Alcorcón--piece--5-0--gCloud","number_of_ads_buy":0,"average_prize_buy":0,"number_of_ads_rent":0,"average_prize_rent":0,"normalized_prize_buy":0,"normalized_ads_buy":0,"normalized_prize_rent":null,"normalized_ads_rent":0,"date":"2018-12-07T07:56:07.000Z","fill-opacity":0,"fill":"#ff0000"},"bbox":[-3.82994,40.3583,-3.8352,40.3638],"geometry":{"type":"Polygon","coordinates":[[[-3.82994,40.3638],[-3.8352,40.3638],[-3.8352,40.3583],[-3.82994,40.3583],[-3.82994,40.3638]]]}},{"type":"Feature","properties":{"name":"Alcorcón--piece--5-1--gCloud","number_of_ads_buy":0,"average_prize_buy":0,"number_of_ads_rent":0,"average_prize_rent":0,"normalized_prize_buy":0,"normalized_ads_buy":0,"normalized_prize_rent":null,"normalized_ads_rent":0,"date":"2018-12-07T07:56:18.000Z","fill-opacity":0,"fill":"#ff0000"},"bbox":[-3.82994,40.3528,-3.8352,40.3583],"geometry":{"type":"Polygon","coordinates":[[[-3.82994,40.3583],[-3.8352,40.3583],[-3.8352,40.3528],[-3.82994,40.3528],[-3.82994,40.3583]]]}},{"type":"Feature","properties":{"name":"Alcorcón--piece--5-2--gCloud","number_of_ads_buy":9,"average_prize_buy":1850.13,"number_of_ads_rent":5,"average_prize_rent":11.4881,"normalized_prize_buy":0.6302520149614722,"normalized_ads_buy":0.3,"normalized_prize_rent":null,"normalized_ads_rent":0.16666666666666666,"date":"2018-12-07T07:56:28.000Z","fill-opacity":0.5042016119691778,"fill":"#ff0000"},"bbox":[-3.82994,40.3473,-3.8352,40.3528],"geometry":{"type":"Polygon","coordinates":[[[-3.82994,40.3528],[-3.8352,40.3528],[-3.8352,40.3473],[-3.82994,40.3473],[-3.82994,40.3528]]]}},{"type":"Feature","properties":{"name":"Alcorcón--piece--5-3--gCloud","number_of_ads_buy":30,"average_prize_buy":1894.73,"number_of_ads_rent":1,"average_prize_rent":10.4286,"normalized_prize_buy":0.6454451310491426,"normalized_ads_buy":1,"normalized_prize_rent":null,"normalized_ads_rent":0.03333333333333333,"date":"2018-12-07T07:56:38.000Z","fill-opacity":0.516356104839314,"fill":"#ff0000"},"bbox":[-3.82994,40.3418,-3.8352,40.3473],"geometry":{"type":"Polygon","coordinates":[[[-3.82994,40.3473],[-3.8352,40.3473],[-3.8352,40.3418],[-3.82994,40.3418],[-3.82994,40.3473]]]}},{"type":"Feature","properties":{"name":"Alcorcón--piece--5-4--gCloud","number_of_ads_buy":6,"average_prize_buy":2362.64,"number_of_ads_rent":5,"average_prize_rent":8.70784,"normalized_prize_buy":0.8048399953671215,"normalized_ads_buy":0.2,"normalized_prize_rent":null,"normalized_ads_rent":0.16666666666666666,"date":"2018-12-07T07:56:44.000Z","fill-opacity":0.6438719962936972,"fill":"#ff0000"},"bbox":[-3.82994,40.3362,-3.8352,40.3418],"geometry":{"type":"Polygon","coordinates":[[[-3.82994,40.3418],[-3.8352,40.3418],[-3.8352,40.3362],[-3.82994,40.3362],[-3.82994,40.3418]]]}},{"type":"Feature","properties":{"name":"Alcorcón--piece--5-5--gCloud","number_of_ads_buy":12,"average_prize_buy":2509.34,"number_of_ads_rent":2,"average_prize_rent":10.2282,"normalized_prize_buy":0.8548137650994366,"normalized_ads_buy":0.4,"normalized_prize_rent":null,"normalized_ads_rent":0.06666666666666667,"date":"2018-12-07T07:56:53.000Z","fill-opacity":0.6838510120795493,"fill":"#ff0000"},"bbox":[-3.82994,40.3307,-3.8352,40.3362],"geometry":{"type":"Polygon","coordinates":[[[-3.82994,40.3362],[-3.8352,40.3362],[-3.8352,40.3307],[-3.82994,40.3307],[-3.82994,40.3362]]]}},{"type":"Feature","properties":{"name":"Alcorcón--piece--5-6--gCloud","number_of_ads_buy":2,"average_prize_buy":2102.27,"number_of_ads_rent":0,"average_prize_rent":0,"normalized_prize_buy":0.7161442187808716,"normalized_ads_buy":0.06666666666666667,"normalized_prize_rent":null,"normalized_ads_rent":0,"date":"2018-12-07T07:57:03.000Z","fill-opacity":0.5729153750246974,"fill":"#ff0000"},"bbox":[-3.82994,40.3252,-3.8352,40.3307],"geometry":{"type":"Polygon","coordinates":[[[-3.82994,40.3307],[-3.8352,40.3307],[-3.8352,40.3252],[-3.82994,40.3252],[-3.82994,40.3307]]]}},{"type":"Feature","properties":{"name":"Alcorcón--piece--6-0--gCloud","number_of_ads_buy":0,"average_prize_buy":0,"number_of_ads_rent":0,"average_prize_rent":0,"normalized_prize_buy":0,"normalized_ads_buy":0,"normalized_prize_rent":null,"normalized_ads_rent":0,"date":"2018-12-07T07:57:11.000Z","fill-opacity":0,"fill":"#ff0000"},"bbox":[-3.82468,40.3583,-3.82994,40.3638],"geometry":{"type":"Polygon","coordinates":[[[-3.82468,40.3638],[-3.82994,40.3638],[-3.82994,40.3583],[-3.82468,40.3583],[-3.82468,40.3638]]]}},{"type":"Feature","properties":{"name":"Alcorcón--piece--6-1--gCloud","number_of_ads_buy":2,"average_prize_buy":1663.33,"number_of_ads_rent":0,"average_prize_rent":0,"normalized_prize_buy":0.5666180668633369,"normalized_ads_buy":0.06666666666666667,"normalized_prize_rent":null,"normalized_ads_rent":0,"date":"2018-12-07T07:57:20.000Z","fill-opacity":0.45329445349066955,"fill":"#ff0000"},"bbox":[-3.82468,40.3528,-3.82994,40.3583],"geometry":{"type":"Polygon","coordinates":[[[-3.82468,40.3583],[-3.82994,40.3583],[-3.82994,40.3528],[-3.82468,40.3528],[-3.82468,40.3583]]]}},{"type":"Feature","properties":{"name":"Alcorcón--piece--6-2--gCloud","number_of_ads_buy":30,"average_prize_buy":1904.95,"number_of_ads_rent":12,"average_prize_rent":9.5973,"normalized_prize_buy":0.6489266029418779,"normalized_ads_buy":1,"normalized_prize_rent":null,"normalized_ads_rent":0.4,"date":"2018-12-07T07:57:30.000Z","fill-opacity":0.5191412823535023,"fill":"#ff0000"},"bbox":[-3.82468,40.3473,-3.82994,40.3528],"geometry":{"type":"Polygon","coordinates":[[[-3.82468,40.3528],[-3.82994,40.3528],[-3.82994,40.3473],[-3.82468,40.3473],[-3.82468,40.3528]]]}},{"type":"Feature","properties":{"name":"Alcorcón--piece--6-3--gCloud","number_of_ads_buy":29,"average_prize_buy":1786.36,"number_of_ads_rent":7,"average_prize_rent":10.7198,"normalized_prize_buy":0.60852858417872,"normalized_ads_buy":0.9666666666666667,"normalized_prize_rent":null,"normalized_ads_rent":0.23333333333333334,"date":"2018-12-07T07:57:41.000Z","fill-opacity":0.48682286734297603,"fill":"#ff0000"},"bbox":[-3.82468,40.3418,-3.82994,40.3473],"geometry":{"type":"Polygon","coordinates":[[[-3.82468,40.3473],[-3.82994,40.3473],[-3.82994,40.3418],[-3.82468,40.3418],[-3.82468,40.3473]]]}},{"type":"Feature","properties":{"name":"Alcorcón--piece--6-4--gCloud","number_of_ads_buy":17,"average_prize_buy":2157,"number_of_ads_rent":2,"average_prize_rent":8.7931,"normalized_prize_buy":0.7347881480068403,"normalized_ads_buy":0.5666666666666667,"normalized_prize_rent":null,"normalized_ads_rent":0.06666666666666667,"date":"2018-12-07T07:57:47.000Z","fill-opacity":0.5878305184054723,"fill":"#ff0000"},"bbox":[-3.82468,40.3362,-3.82994,40.3418],"geometry":{"type":"Polygon","coordinates":[[[-3.82468,40.3418],[-3.82994,40.3418],[-3.82994,40.3362],[-3.82468,40.3362],[-3.82468,40.3418]]]}},{"type":"Feature","properties":{"name":"Alcorcón--piece--6-5--gCloud","number_of_ads_buy":12,"average_prize_buy":2180.65,"number_of_ads_rent":0,"average_prize_rent":0,"normalized_prize_buy":0.7428445873672306,"normalized_ads_buy":0.4,"normalized_prize_rent":null,"normalized_ads_rent":0,"date":"2018-12-07T07:57:59.000Z","fill-opacity":0.5942756698937844,"fill":"#ff0000"},"bbox":[-3.82468,40.3307,-3.82994,40.3362],"geometry":{"type":"Polygon","coordinates":[[[-3.82468,40.3362],[-3.82994,40.3362],[-3.82994,40.3307],[-3.82468,40.3307],[-3.82468,40.3362]]]}},{"type":"Feature","properties":{"name":"Alcorcón--piece--6-6--gCloud","number_of_ads_buy":3,"average_prize_buy":2387.45,"number_of_ads_rent":0,"average_prize_rent":0,"normalized_prize_buy":0.813291592006922,"normalized_ads_buy":0.1,"normalized_prize_rent":null,"normalized_ads_rent":0,"date":"2018-12-07T07:58:07.000Z","fill-opacity":0.6506332736055377,"fill":"#ff0000"},"bbox":[-3.82468,40.3252,-3.82994,40.3307],"geometry":{"type":"Polygon","coordinates":[[[-3.82468,40.3307],[-3.82994,40.3307],[-3.82994,40.3252],[-3.82468,40.3252],[-3.82468,40.3307]]]}},{"type":"Feature","properties":{"name":"Alcorcón--piece--7-0--gCloud","number_of_ads_buy":0,"average_prize_buy":0,"number_of_ads_rent":0,"average_prize_rent":0,"normalized_prize_buy":0,"normalized_ads_buy":0,"normalized_prize_rent":null,"normalized_ads_rent":0,"date":"2018-12-07T07:58:20.000Z","fill-opacity":0,"fill":"#ff0000"},"bbox":[-3.81942,40.3583,-3.82468,40.3638],"geometry":{"type":"Polygon","coordinates":[[[-3.81942,40.3638],[-3.82468,40.3638],[-3.82468,40.3583],[-3.81942,40.3583],[-3.81942,40.3638]]]}},{"type":"Feature","properties":{"name":"Alcorcón--piece--7-1--gCloud","number_of_ads_buy":7,"average_prize_buy":2082.22,"number_of_ads_rent":0,"average_prize_rent":0,"normalized_prize_buy":0.7093141295979615,"normalized_ads_buy":0.23333333333333334,"normalized_prize_rent":null,"normalized_ads_rent":0,"date":"2018-12-07T07:58:29.000Z","fill-opacity":0.5674513036783692,"fill":"#ff0000"},"bbox":[-3.81942,40.3528,-3.82468,40.3583],"geometry":{"type":"Polygon","coordinates":[[[-3.81942,40.3583],[-3.82468,40.3583],[-3.82468,40.3528],[-3.81942,40.3528],[-3.81942,40.3583]]]}},{"type":"Feature","properties":{"name":"Alcorcón--piece--7-2--gCloud","number_of_ads_buy":24,"average_prize_buy":2066.87,"number_of_ads_rent":3,"average_prize_rent":9.8953,"normalized_prize_buy":0.7040851087023171,"normalized_ads_buy":0.8,"normalized_prize_rent":null,"normalized_ads_rent":0.1,"date":"2018-12-07T07:58:36.000Z","fill-opacity":0.5632680869618537,"fill":"#ff0000"},"bbox":[-3.81942,40.3473,-3.82468,40.3528],"geometry":{"type":"Polygon","coordinates":[[[-3.81942,40.3528],[-3.82468,40.3528],[-3.82468,40.3473],[-3.81942,40.3473],[-3.81942,40.3528]]]}},{"type":"Feature","properties":{"name":"Alcorcón--piece--7-3--gCloud","number_of_ads_buy":25,"average_prize_buy":1924.15,"number_of_ads_rent":5,"average_prize_rent":8.54936,"normalized_prize_buy":0.6554671372217719,"normalized_ads_buy":0.8333333333333334,"normalized_prize_rent":null,"normalized_ads_rent":0.16666666666666666,"date":"2018-12-07T07:58:46.000Z","fill-opacity":0.5243737097774175,"fill":"#ff0000"},"bbox":[-3.81942,40.3418,-3.82468,40.3473],"geometry":{"type":"Polygon","coordinates":[[[-3.81942,40.3473],[-3.82468,40.3473],[-3.82468,40.3418],[-3.81942,40.3418],[-3.81942,40.3473]]]}},{"type":"Feature","properties":{"name":"Alcorcón--piece--7-4--gCloud","number_of_ads_buy":4,"average_prize_buy":2280.63,"number_of_ads_rent":1,"average_prize_rent":11.25,"normalized_prize_buy":0.7769030570184703,"normalized_ads_buy":0.13333333333333333,"normalized_prize_rent":null,"normalized_ads_rent":0.03333333333333333,"date":"2018-12-07T07:58:52.000Z","fill-opacity":0.6215224456147763,"fill":"#ff0000"},"bbox":[-3.81942,40.3362,-3.82468,40.3418],"geometry":{"type":"Polygon","coordinates":[[[-3.81942,40.3418],[-3.82468,40.3418],[-3.82468,40.3362],[-3.81942,40.3362],[-3.81942,40.3418]]]}},{"type":"Feature","properties":{"name":"Alcorcón--piece--7-5--gCloud","number_of_ads_buy":5,"average_prize_buy":2605.81,"number_of_ads_rent":0,"average_prize_rent":0,"normalized_prize_buy":0.887676543327633,"normalized_ads_buy":0.16666666666666666,"normalized_prize_rent":null,"normalized_ads_rent":0,"date":"2018-12-07T07:59:01.000Z","fill-opacity":0.7101412346621064,"fill":"#ff0000"},"bbox":[-3.81942,40.3307,-3.82468,40.3362],"geometry":{"type":"Polygon","coordinates":[[[-3.81942,40.3362],[-3.82468,40.3362],[-3.82468,40.3307],[-3.81942,40.3307],[-3.81942,40.3362]]]}},{"type":"Feature","properties":{"name":"Alcorcón--piece--7-6--gCloud","number_of_ads_buy":0,"average_prize_buy":0,"number_of_ads_rent":1,"average_prize_rent":10,"normalized_prize_buy":0,"normalized_ads_buy":0,"normalized_prize_rent":null,"normalized_ads_rent":0.03333333333333333,"date":"2018-12-07T07:59:09.000Z","fill-opacity":0,"fill":"#ff0000"},"bbox":[-3.81942,40.3252,-3.82468,40.3307],"geometry":{"type":"Polygon","coordinates":[[[-3.81942,40.3307],[-3.82468,40.3307],[-3.82468,40.3252],[-3.81942,40.3252],[-3.81942,40.3307]]]}},{"type":"Feature","properties":{"name":"Alcorcón--piece--8-0--gCloud","number_of_ads_buy":0,"average_prize_buy":0,"number_of_ads_rent":0,"average_prize_rent":0,"normalized_prize_buy":0,"normalized_ads_buy":0,"normalized_prize_rent":null,"normalized_ads_rent":0,"date":"2018-12-07T07:59:18.000Z","fill-opacity":0,"fill":"#ff0000"},"bbox":[-3.81416,40.3583,-3.81942,40.3638],"geometry":{"type":"Polygon","coordinates":[[[-3.81416,40.3638],[-3.81942,40.3638],[-3.81942,40.3583],[-3.81416,40.3583],[-3.81416,40.3638]]]}},{"type":"Feature","properties":{"name":"Alcorcón--piece--8-1--gCloud","number_of_ads_buy":7,"average_prize_buy":2228.37,"number_of_ads_rent":1,"average_prize_rent":9.61539,"normalized_prize_buy":0.7591005402753838,"normalized_ads_buy":0.23333333333333334,"normalized_prize_rent":null,"normalized_ads_rent":0.03333333333333333,"date":"2018-12-07T07:59:29.000Z","fill-opacity":0.607280432220307,"fill":"#ff0000"},"bbox":[-3.81416,40.3528,-3.81942,40.3583],"geometry":{"type":"Polygon","coordinates":[[[-3.81416,40.3583],[-3.81942,40.3583],[-3.81942,40.3528],[-3.81416,40.3528],[-3.81416,40.3583]]]}},{"type":"Feature","properties":{"name":"Alcorcón--piece--8-2--gCloud","number_of_ads_buy":22,"average_prize_buy":2256.02,"number_of_ads_rent":2,"average_prize_rent":7.12607,"normalized_prize_buy":0.7685195909440853,"normalized_ads_buy":0.7333333333333333,"normalized_prize_rent":null,"normalized_ads_rent":0.06666666666666667,"date":"2018-12-07T07:59:38.000Z","fill-opacity":0.6148156727552683,"fill":"#ff0000"},"bbox":[-3.81416,40.3473,-3.81942,40.3528],"geometry":{"type":"Polygon","coordinates":[[[-3.81416,40.3528],[-3.81942,40.3528],[-3.81942,40.3473],[-3.81416,40.3473],[-3.81416,40.3528]]]}},{"type":"Feature","properties":{"name":"Alcorcón--piece--8-3--gCloud","number_of_ads_buy":16,"average_prize_buy":2163.79,"number_of_ads_rent":3,"average_prize_rent":9.45548,"normalized_prize_buy":0.7371011807026987,"normalized_ads_buy":0.5333333333333333,"normalized_prize_rent":null,"normalized_ads_rent":0.1,"date":"2018-12-07T07:59:48.000Z","fill-opacity":0.589680944562159,"fill":"#ff0000"},"bbox":[-3.81416,40.3418,-3.81942,40.3473],"geometry":{"type":"Polygon","coordinates":[[[-3.81416,40.3473],[-3.81942,40.3473],[-3.81942,40.3418],[-3.81416,40.3418],[-3.81416,40.3473]]]}},{"type":"Feature","properties":{"name":"Alcorcón--piece--8-4--gCloud","number_of_ads_buy":2,"average_prize_buy":1968.3,"number_of_ads_rent":0,"average_prize_rent":0,"normalized_prize_buy":0.6705069595372571,"normalized_ads_buy":0.06666666666666667,"normalized_prize_rent":null,"normalized_ads_rent":0,"date":"2018-12-07T07:59:56.000Z","fill-opacity":0.5364055676298057,"fill":"#ff0000"},"bbox":[-3.81416,40.3362,-3.81942,40.3418],"geometry":{"type":"Polygon","coordinates":[[[-3.81416,40.3418],[-3.81942,40.3418],[-3.81942,40.3362],[-3.81416,40.3362],[-3.81416,40.3418]]]}},{"type":"Feature","properties":{"name":"Alcorcón--piece--8-5--gCloud","number_of_ads_buy":0,"average_prize_buy":0,"number_of_ads_rent":0,"average_prize_rent":0,"normalized_prize_buy":0,"normalized_ads_buy":0,"normalized_prize_rent":null,"normalized_ads_rent":0,"date":"2018-12-07T08:00:09.000Z","fill-opacity":0,"fill":"#ff0000"},"bbox":[-3.81416,40.3307,-3.81942,40.3362],"geometry":{"type":"Polygon","coordinates":[[[-3.81416,40.3362],[-3.81942,40.3362],[-3.81942,40.3307],[-3.81416,40.3307],[-3.81416,40.3362]]]}},{"type":"Feature","properties":{"name":"Alcorcón--piece--8-6--gCloud","number_of_ads_buy":0,"average_prize_buy":0,"number_of_ads_rent":0,"average_prize_rent":0,"normalized_prize_buy":0,"normalized_ads_buy":0,"normalized_prize_rent":null,"normalized_ads_rent":0,"date":"2018-12-07T08:00:14.000Z","fill-opacity":0,"fill":"#ff0000"},"bbox":[-3.81416,40.3252,-3.81942,40.3307],"geometry":{"type":"Polygon","coordinates":[[[-3.81416,40.3307],[-3.81942,40.3307],[-3.81942,40.3252],[-3.81416,40.3252],[-3.81416,40.3307]]]}},{"type":"Feature","properties":{"name":"Alcorcón--piece--9-0--gCloud","number_of_ads_buy":0,"average_prize_buy":0,"number_of_ads_rent":0,"average_prize_rent":0,"normalized_prize_buy":0,"normalized_ads_buy":0,"normalized_prize_rent":null,"normalized_ads_rent":0,"date":"2018-12-07T08:00:22.000Z","fill-opacity":0,"fill":"#ff0000"},"bbox":[-3.80891,40.3583,-3.81416,40.3638],"geometry":{"type":"Polygon","coordinates":[[[-3.80891,40.3638],[-3.81416,40.3638],[-3.81416,40.3583],[-3.80891,40.3583],[-3.80891,40.3638]]]}},{"type":"Feature","properties":{"name":"Alcorcón--piece--9-1--gCloud","number_of_ads_buy":16,"average_prize_buy":1879.46,"number_of_ads_rent":2,"average_prize_rent":9.49438,"normalized_prize_buy":0.6402433623796644,"normalized_ads_buy":0.5333333333333333,"normalized_prize_rent":null,"normalized_ads_rent":0.06666666666666667,"date":"2018-12-07T08:00:32.000Z","fill-opacity":0.5121946899037315,"fill":"#ff0000"},"bbox":[-3.80891,40.3528,-3.81416,40.3583],"geometry":{"type":"Polygon","coordinates":[[[-3.80891,40.3583],[-3.81416,40.3583],[-3.81416,40.3528],[-3.80891,40.3528],[-3.80891,40.3583]]]}},{"type":"Feature","properties":{"name":"Alcorcón--piece--9-2--gCloud","number_of_ads_buy":8,"average_prize_buy":2306.75,"number_of_ads_rent":5,"average_prize_rent":9.72994,"normalized_prize_buy":0.7858009088617427,"normalized_ads_buy":0.26666666666666666,"normalized_prize_rent":null,"normalized_ads_rent":0.16666666666666666,"date":"2018-12-07T08:00:41.000Z","fill-opacity":0.6286407270893942,"fill":"#ff0000"},"bbox":[-3.80891,40.3473,-3.81416,40.3528],"geometry":{"type":"Polygon","coordinates":[[[-3.80891,40.3528],[-3.81416,40.3528],[-3.81416,40.3473],[-3.80891,40.3473],[-3.80891,40.3528]]]}},{"type":"Feature","properties":{"name":"Alcorcón--piece--9-3--gCloud","number_of_ads_buy":13,"average_prize_buy":2284.23,"number_of_ads_rent":2,"average_prize_rent":10.4307,"normalized_prize_buy":0.7781294071959504,"normalized_ads_buy":0.43333333333333335,"normalized_prize_rent":null,"normalized_ads_rent":0.06666666666666667,"date":"2018-12-07T08:00:48.000Z","fill-opacity":0.6225035257567604,"fill":"#ff0000"},"bbox":[-3.80891,40.3418,-3.81416,40.3473],"geometry":{"type":"Polygon","coordinates":[[[-3.80891,40.3473],[-3.81416,40.3473],[-3.81416,40.3418],[-3.80891,40.3418],[-3.80891,40.3473]]]}},{"type":"Feature","properties":{"name":"Alcorcón--piece--9-4--gCloud","number_of_ads_buy":1,"average_prize_buy":979.021,"number_of_ads_rent":0,"average_prize_rent":0,"normalized_prize_buy":0.3335062714185465,"normalized_ads_buy":0.03333333333333333,"normalized_prize_rent":null,"normalized_ads_rent":0,"date":"2018-12-07T08:00:56.000Z","fill-opacity":0.26680501713483723,"fill":"#ff0000"},"bbox":[-3.80891,40.3362,-3.81416,40.3418],"geometry":{"type":"Polygon","coordinates":[[[-3.80891,40.3418],[-3.81416,40.3418],[-3.81416,40.3362],[-3.80891,40.3362],[-3.80891,40.3418]]]}},{"type":"Feature","properties":{"name":"Alcorcón--piece--9-5--gCloud","number_of_ads_buy":0,"average_prize_buy":0,"number_of_ads_rent":0,"average_prize_rent":0,"normalized_prize_buy":0,"normalized_ads_buy":0,"normalized_prize_rent":null,"normalized_ads_rent":0,"date":"2018-12-07T08:01:01.000Z","fill-opacity":0,"fill":"#ff0000"},"bbox":[-3.80891,40.3307,-3.81416,40.3362],"geometry":{"type":"Polygon","coordinates":[[[-3.80891,40.3362],[-3.81416,40.3362],[-3.81416,40.3307],[-3.80891,40.3307],[-3.80891,40.3362]]]}},{"type":"Feature","properties":{"name":"Alcorcón--piece--9-6--gCloud","number_of_ads_buy":0,"average_prize_buy":0,"number_of_ads_rent":0,"average_prize_rent":0,"normalized_prize_buy":0,"normalized_ads_buy":0,"normalized_prize_rent":null,"normalized_ads_rent":0,"date":"2018-12-07T08:01:10.000Z","fill-opacity":0,"fill":"#ff0000"},"bbox":[-3.80891,40.3252,-3.81416,40.3307],"geometry":{"type":"Polygon","coordinates":[[[-3.80891,40.3307],[-3.81416,40.3307],[-3.81416,40.3252],[-3.80891,40.3252],[-3.80891,40.3307]]]}}]}