{"type":"FeatureCollection","features":[{"type":"Feature","properties":{"name":"Alcobendas--2800601001--raspberryOld","number_of_ads_buy":6,"average_prize_buy":2130.58,"number_of_ads_rent":2,"average_prize_rent":12.9545,"normalized_prize_buy":0.5886197998684944,"normalized_ads_buy":0.2,"normalized_prize_rent":null,"normalized_ads_rent":0.06666666666666667,"date":"2018-12-07T06:12:19.000Z","fill-opacity":0.47089583989479555,"fill":"#ff0000"},"bbox":[-3.63614,40.5371,-3.63857,40.5399],"geometry":{"type":"Polygon","coordinates":[[[-3.63614,40.5399],[-3.63857,40.5399],[-3.63857,40.5371],[-3.63614,40.5371],[-3.63614,40.5399]]]}},{"type":"Feature","properties":{"name":"Alcobendas--2800601002--raspberryOld","number_of_ads_buy":11,"average_prize_buy":2050.08,"number_of_ads_rent":3,"average_prize_rent":12.1682,"normalized_prize_buy":0.5663798962322012,"normalized_ads_buy":0.36666666666666664,"normalized_prize_rent":null,"normalized_ads_rent":0.1,"date":"2018-12-07T06:12:37.000Z","fill-opacity":0.45310391698576097,"fill":"#ff0000"},"bbox":[-3.63321,40.537,-3.63735,40.5403],"geometry":{"type":"Polygon","coordinates":[[[-3.63321,40.5403],[-3.63735,40.5403],[-3.63735,40.537],[-3.63321,40.537],[-3.63321,40.5403]]]}},{"type":"Feature","properties":{"name":"Alcobendas--2800601003--raspberryOld","number_of_ads_buy":17,"average_prize_buy":2335.42,"number_of_ads_rent":0,"average_prize_rent":0,"normalized_prize_buy":0.645211375779778,"normalized_ads_buy":0.5666666666666667,"normalized_prize_rent":null,"normalized_ads_rent":0,"date":"2018-12-07T06:12:56.000Z","fill-opacity":0.5161691006238225,"fill":"#ff0000"},"bbox":[-3.63072,40.5378,-3.63478,40.541],"geometry":{"type":"Polygon","coordinates":[[[-3.63072,40.541],[-3.63478,40.541],[-3.63478,40.5378],[-3.63072,40.5378],[-3.63072,40.541]]]}},{"type":"Feature","properties":{"name":"Alcobendas--2800601004--raspberryOld","number_of_ads_buy":10,"average_prize_buy":2241,"number_of_ads_rent":0,"average_prize_rent":0,"normalized_prize_buy":0.6191257645830226,"normalized_ads_buy":0.3333333333333333,"normalized_prize_rent":null,"normalized_ads_rent":0,"date":"2018-12-07T06:13:19.000Z","fill-opacity":0.4953006116664181,"fill":"#ff0000"},"bbox":[-3.62973,40.5385,-3.63374,40.5413],"geometry":{"type":"Polygon","coordinates":[[[-3.62973,40.5413],[-3.63374,40.5413],[-3.63374,40.5385],[-3.62973,40.5385],[-3.62973,40.5413]]]}},{"type":"Feature","properties":{"name":"Alcobendas--2800601005--raspberryOld","number_of_ads_buy":7,"average_prize_buy":2105.18,"number_of_ads_rent":1,"average_prize_rent":8.57143,"normalized_prize_buy":0.5816024886590305,"normalized_ads_buy":0.23333333333333334,"normalized_prize_rent":null,"normalized_ads_rent":0.03333333333333333,"date":"2018-12-07T06:13:38.000Z","fill-opacity":0.46528199092722444,"fill":"#ff0000"},"bbox":[-3.62764,40.5391,-3.63088,40.5422],"geometry":{"type":"Polygon","coordinates":[[[-3.62764,40.5422],[-3.63088,40.5422],[-3.63088,40.5391],[-3.62764,40.5391],[-3.62764,40.5422]]]}},{"type":"Feature","properties":{"name":"Alcobendas--2800601006--raspberryOld","number_of_ads_buy":7,"average_prize_buy":2063.87,"number_of_ads_rent":2,"average_prize_rent":9.28571,"normalized_prize_buy":0.5701896884203314,"normalized_ads_buy":0.23333333333333334,"normalized_prize_rent":null,"normalized_ads_rent":0.06666666666666667,"date":"2018-12-07T06:13:59.000Z","fill-opacity":0.4561517507362651,"fill":"#ff0000"},"bbox":[-3.62825,40.5409,-3.6318,40.5439],"geometry":{"type":"Polygon","coordinates":[[[-3.62825,40.5439],[-3.6318,40.5439],[-3.6318,40.5409],[-3.62825,40.5409],[-3.62825,40.5439]]]}},{"type":"Feature","properties":{"name":"Alcobendas--2800601007--raspberryOld","number_of_ads_buy":2,"average_prize_buy":2378.01,"number_of_ads_rent":1,"average_prize_rent":10,"normalized_prize_buy":0.6569778042998989,"normalized_ads_buy":0.06666666666666667,"normalized_prize_rent":null,"normalized_ads_rent":0.03333333333333333,"date":"2018-12-07T06:14:24.000Z","fill-opacity":0.5255822434399192,"fill":"#ff0000"},"bbox":[-3.62877,40.5425,-3.63227,40.5446],"geometry":{"type":"Polygon","coordinates":[[[-3.62877,40.5446],[-3.63227,40.5446],[-3.63227,40.5425],[-3.62877,40.5425],[-3.62877,40.5446]]]}},{"type":"Feature","properties":{"name":"Alcobendas--2800601008--raspberryOld","number_of_ads_buy":3,"average_prize_buy":1993.27,"number_of_ads_rent":0,"average_prize_rent":0,"normalized_prize_buy":0.55068487852316,"normalized_ads_buy":0.1,"normalized_prize_rent":null,"normalized_ads_rent":0,"date":"2018-12-07T06:14:44.000Z","fill-opacity":0.44054790281852796,"fill":"#ff0000"},"bbox":[-3.63059,40.5412,-3.63307,40.5435],"geometry":{"type":"Polygon","coordinates":[[[-3.63059,40.5435],[-3.63307,40.5435],[-3.63307,40.5412],[-3.63059,40.5412],[-3.63059,40.5435]]]}},{"type":"Feature","properties":{"name":"Alcobendas--2800601009--raspberryOld","number_of_ads_buy":12,"average_prize_buy":2320.08,"number_of_ads_rent":2,"average_prize_rent":10.625,"normalized_prize_buy":0.6409733618446135,"normalized_ads_buy":0.4,"normalized_prize_rent":null,"normalized_ads_rent":0.06666666666666667,"date":"2018-12-07T06:15:06.000Z","fill-opacity":0.5127786894756908,"fill":"#ff0000"},"bbox":[-3.63227,40.541,-3.63666,40.5439],"geometry":{"type":"Polygon","coordinates":[[[-3.63227,40.5439],[-3.63666,40.5439],[-3.63666,40.541],[-3.63227,40.541],[-3.63227,40.5439]]]}},{"type":"Feature","properties":{"name":"Alcobendas--2800601011--raspberryOld","number_of_ads_buy":1,"average_prize_buy":2800,"number_of_ads_rent":0,"average_prize_rent":0,"normalized_prize_buy":0.7735618656102022,"normalized_ads_buy":0.03333333333333333,"normalized_prize_rent":null,"normalized_ads_rent":0,"date":"2018-12-07T06:15:30.000Z","fill-opacity":0.6188494924881618,"fill":"#ff0000"},"bbox":[-3.63524,40.5428,-3.6366,40.5437],"geometry":{"type":"Polygon","coordinates":[[[-3.63524,40.5437],[-3.6366,40.5437],[-3.6366,40.5428],[-3.63524,40.5428],[-3.63524,40.5437]]]}},{"type":"Feature","properties":{"name":"Alcobendas--2800601012--raspberryOld","number_of_ads_buy":2,"average_prize_buy":1715.18,"number_of_ads_rent":0,"average_prize_rent":0,"normalized_prize_buy":0.4738563716633238,"normalized_ads_buy":0.06666666666666667,"normalized_prize_rent":null,"normalized_ads_rent":0,"date":"2018-12-07T06:15:52.000Z","fill-opacity":0.37908509733065904,"fill":"#ff0000"},"bbox":[-3.63602,40.5425,-3.63773,40.5436],"geometry":{"type":"Polygon","coordinates":[[[-3.63602,40.5436],[-3.63773,40.5436],[-3.63773,40.5425],[-3.63602,40.5425],[-3.63602,40.5436]]]}},{"type":"Feature","properties":{"name":"Alcobendas--2800601013--raspberryOld","number_of_ads_buy":1,"average_prize_buy":2800,"number_of_ads_rent":0,"average_prize_rent":0,"normalized_prize_buy":0.7735618656102022,"normalized_ads_buy":0.03333333333333333,"normalized_prize_rent":null,"normalized_ads_rent":0,"date":"2018-12-07T06:16:17.000Z","fill-opacity":0.6188494924881618,"fill":"#ff0000"},"bbox":[-3.63532,40.5436,-3.63837,40.5454],"geometry":{"type":"Polygon","coordinates":[[[-3.63532,40.5454],[-3.63837,40.5454],[-3.63837,40.5436],[-3.63532,40.5436],[-3.63532,40.5454]]]}},{"type":"Feature","properties":{"name":"Alcobendas--2800601014--raspberryOld","number_of_ads_buy":4,"average_prize_buy":2069.68,"number_of_ads_rent":1,"average_prize_rent":13.8462,"normalized_prize_buy":0.5717948292914725,"normalized_ads_buy":0.13333333333333333,"normalized_prize_rent":null,"normalized_ads_rent":0.03333333333333333,"date":"2018-12-07T06:16:38.000Z","fill-opacity":0.45743586343317805,"fill":"#ff0000"},"bbox":[-3.63768,40.5431,-3.64079,40.5461],"geometry":{"type":"Polygon","coordinates":[[[-3.63768,40.5461],[-3.64079,40.5461],[-3.64079,40.5431],[-3.63768,40.5431],[-3.63768,40.5461]]]}},{"type":"Feature","properties":{"name":"Alcobendas--2800601015--raspberryOld","number_of_ads_buy":3,"average_prize_buy":2875.89,"number_of_ads_rent":0,"average_prize_rent":0,"normalized_prize_buy":0.7945281548891873,"normalized_ads_buy":0.1,"normalized_prize_rent":null,"normalized_ads_rent":0,"date":"2018-12-07T06:16:58.000Z","fill-opacity":0.6356225239113499,"fill":"#ff0000"},"bbox":[-3.63535,40.5443,-3.6392,40.548],"geometry":{"type":"Polygon","coordinates":[[[-3.63535,40.548],[-3.6392,40.548],[-3.6392,40.5443],[-3.63535,40.5443],[-3.63535,40.548]]]}},{"type":"Feature","properties":{"name":"Alcobendas--2800601016--raspberryOld","number_of_ads_buy":11,"average_prize_buy":2377.77,"number_of_ads_rent":1,"average_prize_rent":11.25,"normalized_prize_buy":0.6569114989971323,"normalized_ads_buy":0.36666666666666664,"normalized_prize_rent":null,"normalized_ads_rent":0.03333333333333333,"date":"2018-12-07T06:17:20.000Z","fill-opacity":0.5255291991977059,"fill":"#ff0000"},"bbox":[-3.63374,40.5391,-3.63879,40.5421],"geometry":{"type":"Polygon","coordinates":[[[-3.63374,40.5421],[-3.63879,40.5421],[-3.63879,40.5391],[-3.63374,40.5391],[-3.63374,40.5421]]]}},{"type":"Feature","properties":{"name":"Alcobendas--2800601017--raspberryOld","number_of_ads_buy":11,"average_prize_buy":2235.02,"number_of_ads_rent":2,"average_prize_rent":12.9945,"normalized_prize_buy":0.617473657455755,"normalized_ads_buy":0.36666666666666664,"normalized_prize_rent":null,"normalized_ads_rent":0.06666666666666667,"date":"2018-12-07T06:17:42.000Z","fill-opacity":0.493978925964604,"fill":"#ff0000"},"bbox":[-3.63542,40.5414,-3.63948,40.5438],"geometry":{"type":"Polygon","coordinates":[[[-3.63542,40.5438],[-3.63948,40.5438],[-3.63948,40.5414],[-3.63542,40.5414],[-3.63542,40.5438]]]}},{"type":"Feature","properties":{"name":"Alcobendas--2800601018--raspberryOld","number_of_ads_buy":11,"average_prize_buy":2167.7,"number_of_ads_rent":3,"average_prize_rent":11.2015,"normalized_prize_buy":0.5988750200297268,"normalized_ads_buy":0.36666666666666664,"normalized_prize_rent":null,"normalized_ads_rent":0.1,"date":"2018-12-07T06:18:00.000Z","fill-opacity":0.4791000160237815,"fill":"#ff0000"},"bbox":[-3.63689,40.5395,-3.64104,40.543],"geometry":{"type":"Polygon","coordinates":[[[-3.63689,40.543],[-3.64104,40.543],[-3.64104,40.5395],[-3.63689,40.5395],[-3.63689,40.543]]]}},{"type":"Feature","properties":{"name":"Alcobendas--2800601019--raspberryOld","number_of_ads_buy":5,"average_prize_buy":1886.36,"number_of_ads_rent":2,"average_prize_rent":10.7308,"normalized_prize_buy":0.5211486288615932,"normalized_ads_buy":0.16666666666666666,"normalized_prize_rent":null,"normalized_ads_rent":0.06666666666666667,"date":"2018-12-07T06:18:17.000Z","fill-opacity":0.4169189030892746,"fill":"#ff0000"},"bbox":[-3.6395,40.5412,-3.6416,40.5433],"geometry":{"type":"Polygon","coordinates":[[[-3.6395,40.5433],[-3.6416,40.5433],[-3.6416,40.5412],[-3.6395,40.5412],[-3.6395,40.5433]]]}},{"type":"Feature","properties":{"name":"Alcobendas--2800601020--raspberryOld","number_of_ads_buy":3,"average_prize_buy":2121.91,"number_of_ads_rent":2,"average_prize_rent":10.7308,"normalized_prize_buy":0.5862245208060515,"normalized_ads_buy":0.1,"normalized_prize_rent":null,"normalized_ads_rent":0.06666666666666667,"date":"2018-12-07T06:18:37.000Z","fill-opacity":0.4689796166448412,"fill":"#ff0000"},"bbox":[-3.64011,40.5416,-3.64244,40.5438],"geometry":{"type":"Polygon","coordinates":[[[-3.64011,40.5438],[-3.64244,40.5438],[-3.64244,40.5416],[-3.64011,40.5416],[-3.64011,40.5438]]]}},{"type":"Feature","properties":{"name":"Alcobendas--2800601021--raspberryOld","number_of_ads_buy":4,"average_prize_buy":2779.19,"number_of_ads_rent":1,"average_prize_rent":13.5714,"normalized_prize_buy":0.7678126433161493,"normalized_ads_buy":0.13333333333333333,"normalized_prize_rent":null,"normalized_ads_rent":0.03333333333333333,"date":"2018-12-07T06:18:56.000Z","fill-opacity":0.6142501146529195,"fill":"#ff0000"},"bbox":[-3.64104,40.5423,-3.64435,40.5449],"geometry":{"type":"Polygon","coordinates":[[[-3.64104,40.5449],[-3.64435,40.5449],[-3.64435,40.5423],[-3.64104,40.5423],[-3.64104,40.5449]]]}},{"type":"Feature","properties":{"name":"Alcobendas--2800601022--raspberryOld","number_of_ads_buy":5,"average_prize_buy":2319.63,"number_of_ads_rent":1,"average_prize_rent":11.0938,"normalized_prize_buy":0.6408490394019262,"normalized_ads_buy":0.16666666666666666,"normalized_prize_rent":null,"normalized_ads_rent":0.03333333333333333,"date":"2018-12-07T06:19:14.000Z","fill-opacity":0.5126792315215409,"fill":"#ff0000"},"bbox":[-3.63914,40.543,-3.64335,40.5456],"geometry":{"type":"Polygon","coordinates":[[[-3.63914,40.5456],[-3.64335,40.5456],[-3.64335,40.543],[-3.63914,40.543],[-3.63914,40.5456]]]}},{"type":"Feature","properties":{"name":"Alcobendas--2800601023--raspberryOld","number_of_ads_buy":3,"average_prize_buy":2114.54,"number_of_ads_rent":0,"average_prize_rent":0,"normalized_prize_buy":0.5841883954669275,"normalized_ads_buy":0.1,"normalized_prize_rent":null,"normalized_ads_rent":0,"date":"2018-12-07T06:19:32.000Z","fill-opacity":0.467350716373542,"fill":"#ff0000"},"bbox":[-3.63863,40.5445,-3.64286,40.5464],"geometry":{"type":"Polygon","coordinates":[[[-3.63863,40.5464],[-3.64286,40.5464],[-3.64286,40.5445],[-3.63863,40.5445],[-3.63863,40.5464]]]}},{"type":"Feature","properties":{"name":"Alcobendas--2800601024--raspberryOld","number_of_ads_buy":6,"average_prize_buy":1721.28,"number_of_ads_rent":0,"average_prize_rent":0,"normalized_prize_buy":0.4755416314419746,"normalized_ads_buy":0.2,"normalized_prize_rent":null,"normalized_ads_rent":0,"date":"2018-12-07T06:19:53.000Z","fill-opacity":0.3804333051535797,"fill":"#ff0000"},"bbox":[-3.63875,40.5459,-3.64218,40.5479],"geometry":{"type":"Polygon","coordinates":[[[-3.63875,40.5479],[-3.64218,40.5479],[-3.64218,40.5459],[-3.63875,40.5459],[-3.63875,40.5479]]]}},{"type":"Feature","properties":{"name":"Alcobendas--2800601025--raspberryOld","number_of_ads_buy":15,"average_prize_buy":2118.32,"number_of_ads_rent":1,"average_prize_rent":11.8056,"normalized_prize_buy":0.5852327039855013,"normalized_ads_buy":0.5,"normalized_prize_rent":null,"normalized_ads_rent":0.03333333333333333,"date":"2018-12-07T06:20:13.000Z","fill-opacity":0.46818616318840106,"fill":"#ff0000"},"bbox":[-3.6392,40.5456,-3.6456,40.5485],"geometry":{"type":"Polygon","coordinates":[[[-3.6392,40.5485],[-3.6456,40.5485],[-3.6456,40.5456],[-3.6392,40.5456],[-3.6392,40.5485]]]}},{"type":"Feature","properties":{"name":"Alcobendas--2800601026--raspberryOld","number_of_ads_buy":2,"average_prize_buy":2687.5,"number_of_ads_rent":2,"average_prize_rent":11.4497,"normalized_prize_buy":0.7424812549383637,"normalized_ads_buy":0.06666666666666667,"normalized_prize_rent":null,"normalized_ads_rent":0.06666666666666667,"date":"2018-12-07T06:20:38.000Z","fill-opacity":0.593985003950691,"fill":"#ff0000"},"bbox":[-3.64286,40.5449,-3.64661,40.5475],"geometry":{"type":"Polygon","coordinates":[[[-3.64286,40.5475],[-3.64661,40.5475],[-3.64661,40.5449],[-3.64286,40.5449],[-3.64286,40.5475]]]}},{"type":"Feature","properties":{"name":"Alcobendas--2800601027--raspberryOld","number_of_ads_buy":3,"average_prize_buy":2413.33,"number_of_ads_rent":0,"average_prize_rent":0,"normalized_prize_buy":0.6667357346903818,"normalized_ads_buy":0.1,"normalized_prize_rent":null,"normalized_ads_rent":0,"date":"2018-12-07T06:21:00.000Z","fill-opacity":0.5333885877523055,"fill":"#ff0000"},"bbox":[-3.64376,40.5475,-3.64739,40.5515],"geometry":{"type":"Polygon","coordinates":[[[-3.64376,40.5515],[-3.64739,40.5515],[-3.64739,40.5475],[-3.64376,40.5475],[-3.64376,40.5515]]]}},{"type":"Feature","properties":{"name":"Alcobendas--2800601028--raspberryOld","number_of_ads_buy":1,"average_prize_buy":2368.42,"number_of_ads_rent":1,"average_prize_rent":10.625,"normalized_prize_buy":0.6543283549101839,"normalized_ads_buy":0.03333333333333333,"normalized_prize_rent":null,"normalized_ads_rent":0.03333333333333333,"date":"2018-12-07T06:21:19.000Z","fill-opacity":0.5234626839281472,"fill":"#ff0000"},"bbox":[-3.6456,40.5463,-3.64907,40.5499],"geometry":{"type":"Polygon","coordinates":[[[-3.6456,40.5499],[-3.64907,40.5499],[-3.64907,40.5463],[-3.6456,40.5463],[-3.6456,40.5499]]]}},{"type":"Feature","properties":{"name":"Alcobendas--2800601029--raspberryOld","number_of_ads_buy":0,"average_prize_buy":0,"number_of_ads_rent":0,"average_prize_rent":0,"normalized_prize_buy":0,"normalized_ads_buy":0,"normalized_prize_rent":null,"normalized_ads_rent":0,"date":"2018-12-07T06:21:40.000Z","fill-opacity":0,"fill":"#ff0000"},"bbox":[-3.64435,40.5425,-3.64829,40.5447],"geometry":{"type":"Polygon","coordinates":[[[-3.64435,40.5447],[-3.64829,40.5447],[-3.64829,40.5425],[-3.64435,40.5425],[-3.64435,40.5447]]]}},{"type":"Feature","properties":{"name":"Alcobendas--2800601030--raspberryOld","number_of_ads_buy":17,"average_prize_buy":2417.24,"number_of_ads_rent":7,"average_prize_rent":11.43,"normalized_prize_buy":0.6678159585812875,"normalized_ads_buy":0.5666666666666667,"normalized_prize_rent":null,"normalized_ads_rent":0.23333333333333334,"date":"2018-12-07T06:22:00.000Z","fill-opacity":0.53425276686503,"fill":"#ff0000"},"bbox":[-3.63871,40.5383,-3.64676,40.5436],"geometry":{"type":"Polygon","coordinates":[[[-3.63871,40.5436],[-3.64676,40.5436],[-3.64676,40.5383],[-3.63871,40.5383],[-3.63871,40.5436]]]}},{"type":"Feature","properties":{"name":"Alcobendas--2800601031--raspberryOld","number_of_ads_buy":10,"average_prize_buy":2721.34,"number_of_ads_rent":4,"average_prize_rent":12.5036,"normalized_prize_buy":0.7518303026284527,"normalized_ads_buy":0.3333333333333333,"normalized_prize_rent":null,"normalized_ads_rent":0.13333333333333333,"date":"2018-12-07T06:22:18.000Z","fill-opacity":0.6014642421027623,"fill":"#ff0000"},"bbox":[-3.63735,40.5363,-3.64094,40.5393],"geometry":{"type":"Polygon","coordinates":[[[-3.63735,40.5393],[-3.64094,40.5393],[-3.64094,40.5363],[-3.63735,40.5363],[-3.63735,40.5393]]]}},{"type":"Feature","properties":{"name":"Alcobendas--2800601032--raspberryOld","number_of_ads_buy":13,"average_prize_buy":2265.72,"number_of_ads_rent":0,"average_prize_rent":0,"normalized_prize_buy":0.6259552107679811,"normalized_ads_buy":0.43333333333333335,"normalized_prize_rent":null,"normalized_ads_rent":0,"date":"2018-12-07T06:22:38.000Z","fill-opacity":0.5007641686143849,"fill":"#ff0000"},"bbox":[-3.63675,40.5479,-3.6442,40.5499],"geometry":{"type":"Polygon","coordinates":[[[-3.63675,40.5499],[-3.6442,40.5499],[-3.6442,40.5479],[-3.63675,40.5479],[-3.63675,40.5499]]]}},{"type":"Feature","properties":{"name":"Alcobendas--2800601033--raspberryOld","number_of_ads_buy":30,"average_prize_buy":1542.75,"number_of_ads_rent":26,"average_prize_rent":13.4445,"normalized_prize_buy":0.42621877434647837,"normalized_ads_buy":1,"normalized_prize_rent":null,"normalized_ads_rent":0.8666666666666667,"date":"2018-12-07T06:23:06.000Z","fill-opacity":0.34097501947718273,"fill":"#ff0000"},"bbox":[-3.63655,40.5179,-3.65253,40.5309],"geometry":{"type":"Polygon","coordinates":[[[-3.63655,40.5309],[-3.65253,40.5309],[-3.65253,40.5179],[-3.63655,40.5179],[-3.63655,40.5309]]]}},{"type":"Feature","properties":{"name":"Alcobendas--2800601034--raspberryOld","number_of_ads_buy":30,"average_prize_buy":1744.21,"number_of_ads_rent":19,"average_prize_rent":13.0694,"normalized_prize_buy":0.4818765505771324,"normalized_ads_buy":1,"normalized_prize_rent":null,"normalized_ads_rent":0.6333333333333333,"date":"2018-12-07T06:23:34.000Z","fill-opacity":0.385501240461706,"fill":"#ff0000"},"bbox":[-3.63849,40.5179,-3.6501,40.5254],"geometry":{"type":"Polygon","coordinates":[[[-3.63849,40.5254],[-3.6501,40.5254],[-3.6501,40.5179],[-3.63849,40.5179],[-3.63849,40.5254]]]}},{"type":"Feature","properties":{"name":"Alcobendas--2800601035--raspberryOld","number_of_ads_buy":30,"average_prize_buy":929.973,"number_of_ads_rent":30,"average_prize_rent":13.4994,"normalized_prize_buy":0.2569255888739702,"normalized_ads_buy":1,"normalized_prize_rent":null,"normalized_ads_rent":1,"date":"2018-12-07T06:24:09.000Z","fill-opacity":0.20554047109917617,"fill":"#ff0000"},"bbox":[-3.60733,40.5142,-3.65519,40.525],"geometry":{"type":"Polygon","coordinates":[[[-3.60733,40.525],[-3.65519,40.525],[-3.65519,40.5142],[-3.60733,40.5142],[-3.60733,40.525]]]}},{"type":"Feature","properties":{"name":"Alcobendas--2800601036--raspberryOld","number_of_ads_buy":30,"average_prize_buy":146.381,"number_of_ads_rent":30,"average_prize_rent":14.4255,"normalized_prize_buy":0.04044098551781679,"normalized_ads_buy":1,"normalized_prize_rent":null,"normalized_ads_rent":1,"date":"2018-12-07T06:24:40.000Z","fill-opacity":0.03235278841425343,"fill":"#ff0000"},"bbox":[-3.60272,40.5076,-3.65596,40.5251],"geometry":{"type":"Polygon","coordinates":[[[-3.60272,40.5251],[-3.65596,40.5251],[-3.65596,40.5076],[-3.60272,40.5076],[-3.60272,40.5251]]]}},{"type":"Feature","properties":{"name":"Alcobendas--2800601037--raspberryOld","number_of_ads_buy":30,"average_prize_buy":1242.38,"number_of_ads_rent":29,"average_prize_rent":13.3558,"normalized_prize_buy":0.34323492521314397,"normalized_ads_buy":1,"normalized_prize_rent":null,"normalized_ads_rent":0.9666666666666667,"date":"2018-12-07T06:25:13.000Z","fill-opacity":0.2745879401705152,"fill":"#ff0000"},"bbox":[-3.55025,40.5012,-3.64434,40.5409],"geometry":{"type":"Polygon","coordinates":[[[-3.55025,40.5409],[-3.64434,40.5409],[-3.64434,40.5012],[-3.55025,40.5012],[-3.55025,40.5409]]]}},{"type":"Feature","properties":{"name":"Alcobendas--2800601038--raspberryOld","number_of_ads_buy":6,"average_prize_buy":3065.96,"number_of_ads_rent":1,"average_prize_rent":9.9,"normalized_prize_buy":0.8470391919593769,"normalized_ads_buy":0.2,"normalized_prize_rent":null,"normalized_ads_rent":0.03333333333333333,"date":"2018-12-07T06:25:49.000Z","fill-opacity":0.6776313535675016,"fill":"#ff0000"},"bbox":[-3.63902,40.5506,-3.64519,40.5536],"geometry":{"type":"Polygon","coordinates":[[[-3.63902,40.5536],[-3.64519,40.5536],[-3.64519,40.5506],[-3.63902,40.5506],[-3.63902,40.5536]]]}},{"type":"Feature","properties":{"name":"Alcobendas--2800601039--raspberryOld","number_of_ads_buy":23,"average_prize_buy":2643.98,"number_of_ads_rent":7,"average_prize_rent":13.8011,"normalized_prize_buy":0.7304578933700223,"normalized_ads_buy":0.7666666666666667,"normalized_prize_rent":null,"normalized_ads_rent":0.23333333333333334,"date":"2018-12-07T06:26:11.000Z","fill-opacity":0.5843663146960179,"fill":"#ff0000"},"bbox":[-3.63203,40.5239,-3.63904,40.5309],"geometry":{"type":"Polygon","coordinates":[[[-3.63203,40.5309],[-3.63904,40.5309],[-3.63904,40.5239],[-3.63203,40.5239],[-3.63203,40.5309]]]}},{"type":"Feature","properties":{"name":"Alcobendas--2800601040--raspberryOld","number_of_ads_buy":30,"average_prize_buy":389.482,"number_of_ads_rent":8,"average_prize_rent":14.6438,"normalized_prize_buy":0.10760300805056885,"normalized_ads_buy":1,"normalized_prize_rent":null,"normalized_ads_rent":0.26666666666666666,"date":"2018-12-07T06:26:39.000Z","fill-opacity":0.08608240644045509,"fill":"#ff0000"},"bbox":[-3.60014,40.5227,-3.63227,40.5323],"geometry":{"type":"Polygon","coordinates":[[[-3.60014,40.5323],[-3.63227,40.5323],[-3.63227,40.5227],[-3.60014,40.5227],[-3.60014,40.5323]]]}},{"type":"Feature","properties":{"name":"Alcobendas--2800601041--raspberryOld","number_of_ads_buy":29,"average_prize_buy":1805.42,"number_of_ads_rent":12,"average_prize_rent":13.6661,"normalized_prize_buy":0.49878716550356117,"normalized_ads_buy":0.9666666666666667,"normalized_prize_rent":null,"normalized_ads_rent":0.4,"date":"2018-12-07T06:27:01.000Z","fill-opacity":0.39902973240284895,"fill":"#ff0000"},"bbox":[-3.63772,40.5196,-3.64835,40.5278],"geometry":{"type":"Polygon","coordinates":[[[-3.63772,40.5278],[-3.64835,40.5278],[-3.64835,40.5196],[-3.63772,40.5196],[-3.63772,40.5278]]]}},{"type":"Feature","properties":{"name":"Alcobendas--2800601042--raspberryOld","number_of_ads_buy":7,"average_prize_buy":2172.37,"number_of_ads_rent":1,"average_prize_rent":8.57143,"normalized_prize_buy":0.6001652107127268,"normalized_ads_buy":0.23333333333333334,"normalized_prize_rent":null,"normalized_ads_rent":0.03333333333333333,"date":"2018-12-07T06:27:26.000Z","fill-opacity":0.48013216857018143,"fill":"#ff0000"},"bbox":[-3.62732,40.5405,-3.62942,40.5435],"geometry":{"type":"Polygon","coordinates":[[[-3.62732,40.5435],[-3.62942,40.5435],[-3.62942,40.5405],[-3.62732,40.5405],[-3.62732,40.5435]]]}},{"type":"Feature","properties":{"name":"Alcobendas--2800601043--raspberryOld","number_of_ads_buy":8,"average_prize_buy":2212.54,"number_of_ads_rent":2,"average_prize_rent":12.9945,"normalized_prize_buy":0.6112630607632845,"normalized_ads_buy":0.26666666666666666,"normalized_prize_rent":null,"normalized_ads_rent":0.06666666666666667,"date":"2018-12-07T06:27:48.000Z","fill-opacity":0.48901044861062765,"fill":"#ff0000"},"bbox":[-3.63601,40.5409,-3.63958,40.5436],"geometry":{"type":"Polygon","coordinates":[[[-3.63601,40.5436],[-3.63958,40.5436],[-3.63958,40.5409],[-3.63601,40.5409],[-3.63601,40.5436]]]}},{"type":"Feature","properties":{"name":"Alcobendas--2800601044--raspberryOld","number_of_ads_buy":8,"average_prize_buy":3246.39,"number_of_ads_rent":0,"average_prize_rent":0,"normalized_prize_buy":0.8968869660351086,"normalized_ads_buy":0.26666666666666666,"normalized_prize_rent":null,"normalized_ads_rent":0,"date":"2018-12-07T06:28:07.000Z","fill-opacity":0.7175095728280869,"fill":"#ff0000"},"bbox":[-3.64752,40.5448,-3.65284,40.5489],"geometry":{"type":"Polygon","coordinates":[[[-3.64752,40.5489],[-3.65284,40.5489],[-3.65284,40.5448],[-3.64752,40.5448],[-3.64752,40.5489]]]}},{"type":"Feature","properties":{"name":"Alcobendas--2800601045--raspberryOld","number_of_ads_buy":6,"average_prize_buy":2395.43,"number_of_ads_rent":0,"average_prize_rent":0,"normalized_prize_buy":0.6617904641923738,"normalized_ads_buy":0.2,"normalized_prize_rent":null,"normalized_ads_rent":0,"date":"2018-12-07T06:28:25.000Z","fill-opacity":0.529432371353899,"fill":"#ff0000"},"bbox":[-3.63793,40.5494,-3.64476,40.5512],"geometry":{"type":"Polygon","coordinates":[[[-3.63793,40.5512],[-3.64476,40.5512],[-3.64476,40.5494],[-3.63793,40.5494],[-3.63793,40.5512]]]}},{"type":"Feature","properties":{"name":"Alcobendas--2800601046--raspberryOld","number_of_ads_buy":19,"average_prize_buy":2325.71,"number_of_ads_rent":1,"average_prize_rent":10,"normalized_prize_buy":0.6425287737386798,"normalized_ads_buy":0.6333333333333333,"normalized_prize_rent":null,"normalized_ads_rent":0.03333333333333333,"date":"2018-12-07T06:28:48.000Z","fill-opacity":0.5140230189909438,"fill":"#ff0000"},"bbox":[-3.6311,40.5435,-3.63675,40.5479],"geometry":{"type":"Polygon","coordinates":[[[-3.6311,40.5479],[-3.63675,40.5479],[-3.63675,40.5435],[-3.6311,40.5435],[-3.6311,40.5479]]]}},{"type":"Feature","properties":{"name":"Alcobendas--2800601047--raspberryOld","number_of_ads_buy":4,"average_prize_buy":2798.43,"number_of_ads_rent":2,"average_prize_rent":12.6885,"normalized_prize_buy":0.7731281184212707,"normalized_ads_buy":0.13333333333333333,"normalized_prize_rent":null,"normalized_ads_rent":0.06666666666666667,"date":"2018-12-07T06:29:05.000Z","fill-opacity":0.6185024947370166,"fill":"#ff0000"},"bbox":[-3.64335,40.5419,-3.65076,40.5464],"geometry":{"type":"Polygon","coordinates":[[[-3.64335,40.5464],[-3.65076,40.5464],[-3.65076,40.5419],[-3.64335,40.5419],[-3.64335,40.5464]]]}},{"type":"Feature","properties":{"name":"Alcobendas--2800601048--raspberryOld","number_of_ads_buy":30,"average_prize_buy":1883.52,"number_of_ads_rent":19,"average_prize_rent":13.7068,"normalized_prize_buy":0.5203640161121886,"normalized_ads_buy":1,"normalized_prize_rent":null,"normalized_ads_rent":0.6333333333333333,"date":"2018-12-07T06:29:34.000Z","fill-opacity":0.4162912128897509,"fill":"#ff0000"},"bbox":[-3.63316,40.518,-3.64717,40.5249],"geometry":{"type":"Polygon","coordinates":[[[-3.63316,40.5249],[-3.64717,40.5249],[-3.64717,40.518],[-3.63316,40.518],[-3.63316,40.5249]]]}},{"type":"Feature","properties":{"name":"Alcobendas--2800601049--raspberryOld","number_of_ads_buy":3,"average_prize_buy":2917.23,"number_of_ads_rent":0,"average_prize_rent":0,"normalized_prize_buy":0.8059492432907323,"normalized_ads_buy":0.1,"normalized_prize_rent":null,"normalized_ads_rent":0,"date":"2018-12-07T06:29:55.000Z","fill-opacity":0.6447593946325858,"fill":"#ff0000"},"bbox":[-3.64023,40.5526,-3.64356,40.5547],"geometry":{"type":"Polygon","coordinates":[[[-3.64023,40.5547],[-3.64356,40.5547],[-3.64356,40.5526],[-3.64023,40.5526],[-3.64023,40.5547]]]}},{"type":"Feature","properties":{"name":"Alcobendas--2800601050--raspberryOld","number_of_ads_buy":0,"average_prize_buy":0,"number_of_ads_rent":0,"average_prize_rent":0,"normalized_prize_buy":0,"normalized_ads_buy":0,"normalized_prize_rent":null,"normalized_ads_rent":0,"date":"2018-12-07T06:30:32.000Z","fill-opacity":0,"fill":"#ff0000"},"bbox":[-3.65702,40.5451,-3.66114,40.5476],"geometry":{"type":"Polygon","coordinates":[[[-3.65702,40.5476],[-3.66114,40.5476],[-3.66114,40.5451],[-3.65702,40.5451],[-3.65702,40.5476]]]}},{"type":"Feature","properties":{"name":"Alcobendas--2800601051--raspberryOld","number_of_ads_buy":7,"average_prize_buy":3415.64,"number_of_ads_rent":2,"average_prize_rent":12.1638,"normalized_prize_buy":0.9436460180902968,"normalized_ads_buy":0.23333333333333334,"normalized_prize_rent":null,"normalized_ads_rent":0.06666666666666667,"date":"2018-12-07T06:30:55.000Z","fill-opacity":0.7549168144722375,"fill":"#ff0000"},"bbox":[-3.65716,40.5407,-3.66178,40.5452],"geometry":{"type":"Polygon","coordinates":[[[-3.65716,40.5452],[-3.66178,40.5452],[-3.66178,40.5407],[-3.65716,40.5407],[-3.65716,40.5452]]]}},{"type":"Feature","properties":{"name":"Alcobendas--2800601052--raspberryOld","number_of_ads_buy":14,"average_prize_buy":3127,"number_of_ads_rent":3,"average_prize_rent":8.93333,"normalized_prize_buy":0.8639028406296794,"normalized_ads_buy":0.4666666666666667,"normalized_prize_rent":null,"normalized_ads_rent":0.1,"date":"2018-12-07T06:31:14.000Z","fill-opacity":0.6911222725037436,"fill":"#ff0000"},"bbox":[-3.64676,40.5393,-3.6602,40.5451],"geometry":{"type":"Polygon","coordinates":[[[-3.64676,40.5451],[-3.6602,40.5451],[-3.6602,40.5393],[-3.64676,40.5393],[-3.64676,40.5451]]]}},{"type":"Feature","properties":{"name":"Alcobendas--2800601053--raspberryOld","number_of_ads_buy":3,"average_prize_buy":3604.11,"number_of_ads_rent":1,"average_prize_rent":10,"normalized_prize_buy":0.9957150198087092,"normalized_ads_buy":0.1,"normalized_prize_rent":null,"normalized_ads_rent":0.03333333333333333,"date":"2018-12-07T06:31:32.000Z","fill-opacity":0.7965720158469675,"fill":"#ff0000"},"bbox":[-3.65259,40.5449,-3.65716,40.5473],"geometry":{"type":"Polygon","coordinates":[[[-3.65259,40.5473],[-3.65716,40.5473],[-3.65716,40.5449],[-3.65259,40.5449],[-3.65259,40.5473]]]}},{"type":"Feature","properties":{"name":"Alcobendas--2800601054--raspberryOld","number_of_ads_buy":7,"average_prize_buy":3453.55,"number_of_ads_rent":4,"average_prize_rent":11.0031,"normalized_prize_buy":0.9541194932064693,"normalized_ads_buy":0.23333333333333334,"normalized_prize_rent":null,"normalized_ads_rent":0.13333333333333333,"date":"2018-12-07T06:31:50.000Z","fill-opacity":0.7632955945651755,"fill":"#ff0000"},"bbox":[-3.64274,40.5499,-3.65364,40.5553],"geometry":{"type":"Polygon","coordinates":[[[-3.64274,40.5553],[-3.65364,40.5553],[-3.65364,40.5499],[-3.64274,40.5499],[-3.64274,40.5553]]]}},{"type":"Feature","properties":{"name":"Alcobendas--2800601055--raspberryOld","number_of_ads_buy":2,"average_prize_buy":3581.56,"number_of_ads_rent":1,"average_prize_rent":13.3333,"normalized_prize_buy":0.9894850840695985,"normalized_ads_buy":0.06666666666666667,"normalized_prize_rent":null,"normalized_ads_rent":0.03333333333333333,"date":"2018-12-07T06:32:10.000Z","fill-opacity":0.7915880672556788,"fill":"#ff0000"},"bbox":[-3.65339,40.5502,-3.65672,40.5526],"geometry":{"type":"Polygon","coordinates":[[[-3.65339,40.5526],[-3.65672,40.5526],[-3.65672,40.5502],[-3.65339,40.5502],[-3.65339,40.5526]]]}},{"type":"Feature","properties":{"name":"Alcobendas--2800601056--raspberryOld","number_of_ads_buy":2,"average_prize_buy":3534.98,"number_of_ads_rent":3,"average_prize_rent":11.3708,"normalized_prize_buy":0.976616329890983,"normalized_ads_buy":0.06666666666666667,"normalized_prize_rent":null,"normalized_ads_rent":0.1,"date":"2018-12-07T06:32:30.000Z","fill-opacity":0.7812930639127864,"fill":"#ff0000"},"bbox":[-3.6502,40.55,-3.65355,40.5524],"geometry":{"type":"Polygon","coordinates":[[[-3.6502,40.5524],[-3.65355,40.5524],[-3.65355,40.55],[-3.6502,40.55],[-3.6502,40.5524]]]}},{"type":"Feature","properties":{"name":"Alcobendas--2800601057--raspberryOld","number_of_ads_buy":8,"average_prize_buy":3306.51,"number_of_ads_rent":4,"average_prize_rent":12.0368,"normalized_prize_buy":0.9134964443781393,"normalized_ads_buy":0.26666666666666666,"normalized_prize_rent":null,"normalized_ads_rent":0.13333333333333333,"date":"2018-12-07T06:32:48.000Z","fill-opacity":0.7307971555025115,"fill":"#ff0000"},"bbox":[-3.64739,40.5462,-3.6571,40.5503],"geometry":{"type":"Polygon","coordinates":[[[-3.64739,40.5503],[-3.6571,40.5503],[-3.6571,40.5462],[-3.64739,40.5462],[-3.64739,40.5503]]]}},{"type":"Feature","properties":{"name":"Alcobendas--2800601058--raspberryOld","number_of_ads_buy":0,"average_prize_buy":0,"number_of_ads_rent":0,"average_prize_rent":0,"normalized_prize_buy":0,"normalized_ads_buy":0,"normalized_prize_rent":null,"normalized_ads_rent":0,"date":"2018-12-07T06:33:12.000Z","fill-opacity":0,"fill":"#ff0000"},"bbox":[-3.6593,40.5452,-3.66278,40.5488],"geometry":{"type":"Polygon","coordinates":[[[-3.6593,40.5488],[-3.66278,40.5488],[-3.66278,40.5452],[-3.6593,40.5452],[-3.6593,40.5488]]]}},{"type":"Feature","properties":{"name":"Alcobendas--2800601059--raspberryOld","number_of_ads_buy":30,"average_prize_buy":1129.12,"number_of_ads_rent":26,"average_prize_rent":14.952,"normalized_prize_buy":0.3119443477492112,"normalized_ads_buy":1,"normalized_prize_rent":null,"normalized_ads_rent":0.8666666666666667,"date":"2018-12-07T06:33:38.000Z","fill-opacity":0.24955547819936896,"fill":"#ff0000"},"bbox":[-3.63429,40.5078,-3.65765,40.5147],"geometry":{"type":"Polygon","coordinates":[[[-3.63429,40.5147],[-3.65765,40.5147],[-3.65765,40.5078],[-3.63429,40.5078],[-3.63429,40.5147]]]}},{"type":"Feature","properties":{"name":"Alcobendas--2800601060--raspberryOld","number_of_ads_buy":30,"average_prize_buy":2008.62,"number_of_ads_rent":28,"average_prize_rent":12.0575,"normalized_prize_buy":0.554925655179273,"normalized_ads_buy":1,"normalized_prize_rent":null,"normalized_ads_rent":0.9333333333333333,"date":"2018-12-07T06:34:12.000Z","fill-opacity":0.4439405241434184,"fill":"#ff0000"},"bbox":[-3.63892,40.5114,-3.7016,40.5889],"geometry":{"type":"Polygon","coordinates":[[[-3.63892,40.5889],[-3.7016,40.5889],[-3.7016,40.5114],[-3.63892,40.5114],[-3.63892,40.5889]]]}},{"type":"Feature","properties":{"name":"Alcobendas--2800601061--raspberryOld","number_of_ads_buy":1,"average_prize_buy":3333.33,"number_of_ads_rent":1,"average_prize_rent":9.43878,"normalized_prize_buy":0.9209060619623054,"normalized_ads_buy":0.03333333333333333,"normalized_prize_rent":null,"normalized_ads_rent":0.03333333333333333,"date":"2018-12-07T06:34:34.000Z","fill-opacity":0.7367248495698444,"fill":"#ff0000"},"bbox":[-3.65007,40.5523,-3.65664,40.5583],"geometry":{"type":"Polygon","coordinates":[[[-3.65007,40.5583],[-3.65664,40.5583],[-3.65664,40.5523],[-3.65007,40.5523],[-3.65007,40.5583]]]}},{"type":"Feature","properties":{"name":"Alcobendas--2800601062--raspberryOld","number_of_ads_buy":2,"average_prize_buy":3619.62,"number_of_ads_rent":0,"average_prize_rent":0,"normalized_prize_buy":1,"normalized_ads_buy":0.06666666666666667,"normalized_prize_rent":null,"normalized_ads_rent":0,"date":"2018-12-07T06:34:56.000Z","fill-opacity":0.8,"fill":"#ff0000"},"bbox":[-3.6563,40.5538,-3.66381,40.5597],"geometry":{"type":"Polygon","coordinates":[[[-3.6563,40.5597],[-3.66381,40.5597],[-3.66381,40.5538],[-3.6563,40.5538],[-3.6563,40.5597]]]}},{"type":"Feature","properties":{"name":"Alcobendas--2800601063--raspberryOld","number_of_ads_buy":19,"average_prize_buy":3615.15,"number_of_ads_rent":1,"average_prize_rent":15.8333,"normalized_prize_buy":0.9987650637359723,"normalized_ads_buy":0.6333333333333333,"normalized_prize_rent":null,"normalized_ads_rent":0.03333333333333333,"date":"2018-12-07T06:35:19.000Z","fill-opacity":0.7990120509887779,"fill":"#ff0000"},"bbox":[-3.65654,40.5473,-3.66315,40.554],"geometry":{"type":"Polygon","coordinates":[[[-3.65654,40.554],[-3.66315,40.554],[-3.66315,40.5473],[-3.65654,40.5473],[-3.65654,40.554]]]}}]}