{"type":"FeatureCollection","features":[{"type":"Feature","properties":{"name":"Alcobendas--piece--0-0--gCloud","number_of_ads_buy":0,"average_prize_buy":0,"number_of_ads_rent":0,"average_prize_rent":0,"normalized_prize_buy":0,"normalized_ads_buy":0,"normalized_prize_rent":null,"normalized_ads_rent":0,"date":"2018-12-03T14:31:22.000Z","fill-opacity":0,"fill":"#ff0000"},"bbox":[-3.66052,40.5528,-3.66555,40.5578],"geometry":{"type":"Polygon","coordinates":[[[-3.66052,40.5578],[-3.66555,40.5578],[-3.66555,40.5528],[-3.66052,40.5528],[-3.66052,40.5578]]]}},{"type":"Feature","properties":{"name":"Alcobendas--piece--0-1--gCloud","number_of_ads_buy":4,"average_prize_buy":3486.37,"number_of_ads_rent":1,"average_prize_rent":15.8333,"normalized_prize_buy":0.8180318637227528,"normalized_ads_buy":0.13333333333333333,"normalized_prize_rent":null,"normalized_ads_rent":0.03333333333333333,"date":"2018-12-03T14:31:38.000Z","fill-opacity":0.6544254909782024,"fill":"#ff0000"},"bbox":[-3.66052,40.5478,-3.66555,40.5528],"geometry":{"type":"Polygon","coordinates":[[[-3.66052,40.5528],[-3.66555,40.5528],[-3.66555,40.5478],[-3.66052,40.5478],[-3.66052,40.5528]]]}},{"type":"Feature","properties":{"name":"Alcobendas--piece--0-2--gCloud","number_of_ads_buy":0,"average_prize_buy":0,"number_of_ads_rent":0,"average_prize_rent":0,"normalized_prize_buy":0,"normalized_ads_buy":0,"normalized_prize_rent":null,"normalized_ads_rent":0,"date":"2018-12-03T14:31:53.000Z","fill-opacity":0,"fill":"#ff0000"},"bbox":[-3.66052,40.5428,-3.66555,40.5478],"geometry":{"type":"Polygon","coordinates":[[[-3.66052,40.5478],[-3.66555,40.5478],[-3.66555,40.5428],[-3.66052,40.5428],[-3.66052,40.5478]]]}},{"type":"Feature","properties":{"name":"Alcobendas--piece--0-3--gCloud","number_of_ads_buy":6,"average_prize_buy":3340.27,"number_of_ads_rent":0,"average_prize_rent":0,"normalized_prize_buy":0.7837513784931603,"normalized_ads_buy":0.2,"normalized_prize_rent":null,"normalized_ads_rent":0,"date":"2018-12-03T14:32:05.000Z","fill-opacity":0.6270011027945284,"fill":"#ff0000"},"bbox":[-3.66052,40.5377,-3.66555,40.5428],"geometry":{"type":"Polygon","coordinates":[[[-3.66052,40.5428],[-3.66555,40.5428],[-3.66555,40.5377],[-3.66052,40.5377],[-3.66052,40.5428]]]}},{"type":"Feature","properties":{"name":"Alcobendas--piece--0-4--gCloud","number_of_ads_buy":0,"average_prize_buy":0,"number_of_ads_rent":0,"average_prize_rent":0,"normalized_prize_buy":0,"normalized_ads_buy":0,"normalized_prize_rent":null,"normalized_ads_rent":0,"date":"2018-12-03T14:32:14.000Z","fill-opacity":0,"fill":"#ff0000"},"bbox":[-3.66052,40.5327,-3.66555,40.5377],"geometry":{"type":"Polygon","coordinates":[[[-3.66052,40.5377],[-3.66555,40.5377],[-3.66555,40.5327],[-3.66052,40.5327],[-3.66052,40.5377]]]}},{"type":"Feature","properties":{"name":"Alcobendas--piece--0-5--gCloud","number_of_ads_buy":0,"average_prize_buy":0,"number_of_ads_rent":0,"average_prize_rent":0,"normalized_prize_buy":0,"normalized_ads_buy":0,"normalized_prize_rent":null,"normalized_ads_rent":0,"date":"2018-12-03T14:32:19.000Z","fill-opacity":0,"fill":"#ff0000"},"bbox":[-3.66052,40.5277,-3.66555,40.5327],"geometry":{"type":"Polygon","coordinates":[[[-3.66052,40.5327],[-3.66555,40.5327],[-3.66555,40.5277],[-3.66052,40.5277],[-3.66052,40.5327]]]}},{"type":"Feature","properties":{"name":"Alcobendas--piece--0-6--gCloud","number_of_ads_buy":0,"average_prize_buy":0,"number_of_ads_rent":0,"average_prize_rent":0,"normalized_prize_buy":0,"normalized_ads_buy":0,"normalized_prize_rent":null,"normalized_ads_rent":0,"date":"2018-12-03T14:32:24.000Z","fill-opacity":0,"fill":"#ff0000"},"bbox":[-3.66052,40.5227,-3.66555,40.5277],"geometry":{"type":"Polygon","coordinates":[[[-3.66052,40.5277],[-3.66555,40.5277],[-3.66555,40.5227],[-3.66052,40.5227],[-3.66052,40.5277]]]}},{"type":"Feature","properties":{"name":"Alcobendas--piece--0-7--gCloud","number_of_ads_buy":0,"average_prize_buy":0,"number_of_ads_rent":0,"average_prize_rent":0,"normalized_prize_buy":0,"normalized_ads_buy":0,"normalized_prize_rent":null,"normalized_ads_rent":0,"date":"2018-12-03T14:32:29.000Z","fill-opacity":0,"fill":"#ff0000"},"bbox":[-3.66052,40.5176,-3.66555,40.5227],"geometry":{"type":"Polygon","coordinates":[[[-3.66052,40.5227],[-3.66555,40.5227],[-3.66555,40.5176],[-3.66052,40.5176],[-3.66052,40.5227]]]}},{"type":"Feature","properties":{"name":"Alcobendas--piece--0-8--gCloud","number_of_ads_buy":0,"average_prize_buy":0,"number_of_ads_rent":0,"average_prize_rent":0,"normalized_prize_buy":0,"normalized_ads_buy":0,"normalized_prize_rent":null,"normalized_ads_rent":0,"date":"2018-12-03T14:32:39.000Z","fill-opacity":0,"fill":"#ff0000"},"bbox":[-3.66052,40.5126,-3.66555,40.5176],"geometry":{"type":"Polygon","coordinates":[[[-3.66052,40.5176],[-3.66555,40.5176],[-3.66555,40.5126],[-3.66052,40.5126],[-3.66052,40.5176]]]}},{"type":"Feature","properties":{"name":"Alcobendas--piece--0-9--gCloud","number_of_ads_buy":1,"average_prize_buy":3108.11,"number_of_ads_rent":0,"average_prize_rent":0,"normalized_prize_buy":0.729278021539689,"normalized_ads_buy":0.03333333333333333,"normalized_prize_rent":null,"normalized_ads_rent":0,"date":"2018-12-03T14:32:47.000Z","fill-opacity":0.5834224172317513,"fill":"#ff0000"},"bbox":[-3.66052,40.5076,-3.66555,40.5126],"geometry":{"type":"Polygon","coordinates":[[[-3.66052,40.5126],[-3.66555,40.5126],[-3.66555,40.5076],[-3.66052,40.5076],[-3.66052,40.5126]]]}},{"type":"Feature","properties":{"name":"Alcobendas--piece--1-0--gCloud","number_of_ads_buy":10,"average_prize_buy":3536.31,"number_of_ads_rent":0,"average_prize_rent":0,"normalized_prize_buy":0.8297496421783712,"normalized_ads_buy":0.3333333333333333,"normalized_prize_rent":null,"normalized_ads_rent":0,"date":"2018-12-03T14:32:56.000Z","fill-opacity":0.663799713742697,"fill":"#ff0000"},"bbox":[-3.65549,40.5528,-3.66052,40.5578],"geometry":{"type":"Polygon","coordinates":[[[-3.65549,40.5578],[-3.66052,40.5578],[-3.66052,40.5528],[-3.65549,40.5528],[-3.65549,40.5578]]]}},{"type":"Feature","properties":{"name":"Alcobendas--piece--1-1--gCloud","number_of_ads_buy":12,"average_prize_buy":3638.71,"number_of_ads_rent":0,"average_prize_rent":0,"normalized_prize_buy":0.8537764846664634,"normalized_ads_buy":0.4,"normalized_prize_rent":null,"normalized_ads_rent":0,"date":"2018-12-03T14:33:05.000Z","fill-opacity":0.6830211877331708,"fill":"#ff0000"},"bbox":[-3.65549,40.5478,-3.66052,40.5528],"geometry":{"type":"Polygon","coordinates":[[[-3.65549,40.5528],[-3.66052,40.5528],[-3.66052,40.5478],[-3.65549,40.5478],[-3.65549,40.5528]]]}},{"type":"Feature","properties":{"name":"Alcobendas--piece--1-2--gCloud","number_of_ads_buy":7,"average_prize_buy":3290.11,"number_of_ads_rent":1,"average_prize_rent":10.7407,"normalized_prize_buy":0.771981979868134,"normalized_ads_buy":0.23333333333333334,"normalized_prize_rent":null,"normalized_ads_rent":0.03333333333333333,"date":"2018-12-03T14:33:10.000Z","fill-opacity":0.6175855838945072,"fill":"#ff0000"},"bbox":[-3.65549,40.5428,-3.66052,40.5478],"geometry":{"type":"Polygon","coordinates":[[[-3.65549,40.5478],[-3.66052,40.5478],[-3.66052,40.5428],[-3.65549,40.5428],[-3.65549,40.5478]]]}},{"type":"Feature","properties":{"name":"Alcobendas--piece--1-3--gCloud","number_of_ads_buy":7,"average_prize_buy":3416.5,"number_of_ads_rent":0,"average_prize_rent":0,"normalized_prize_buy":0.801637767193036,"normalized_ads_buy":0.23333333333333334,"normalized_prize_rent":null,"normalized_ads_rent":0,"date":"2018-12-03T14:33:19.000Z","fill-opacity":0.6413102137544289,"fill":"#ff0000"},"bbox":[-3.65549,40.5377,-3.66052,40.5428],"geometry":{"type":"Polygon","coordinates":[[[-3.65549,40.5428],[-3.66052,40.5428],[-3.66052,40.5377],[-3.65549,40.5377],[-3.65549,40.5428]]]}},{"type":"Feature","properties":{"name":"Alcobendas--piece--1-4--gCloud","number_of_ads_buy":0,"average_prize_buy":0,"number_of_ads_rent":0,"average_prize_rent":0,"normalized_prize_buy":0,"normalized_ads_buy":0,"normalized_prize_rent":null,"normalized_ads_rent":0,"date":"2018-12-03T14:33:24.000Z","fill-opacity":0,"fill":"#ff0000"},"bbox":[-3.65549,40.5327,-3.66052,40.5377],"geometry":{"type":"Polygon","coordinates":[[[-3.65549,40.5377],[-3.66052,40.5377],[-3.66052,40.5327],[-3.65549,40.5327],[-3.65549,40.5377]]]}},{"type":"Feature","properties":{"name":"Alcobendas--piece--1-5--gCloud","number_of_ads_buy":0,"average_prize_buy":0,"number_of_ads_rent":0,"average_prize_rent":0,"normalized_prize_buy":0,"normalized_ads_buy":0,"normalized_prize_rent":null,"normalized_ads_rent":0,"date":"2018-12-03T14:33:30.000Z","fill-opacity":0,"fill":"#ff0000"},"bbox":[-3.65549,40.5277,-3.66052,40.5327],"geometry":{"type":"Polygon","coordinates":[[[-3.65549,40.5327],[-3.66052,40.5327],[-3.66052,40.5277],[-3.65549,40.5277],[-3.65549,40.5327]]]}},{"type":"Feature","properties":{"name":"Alcobendas--piece--1-6--gCloud","number_of_ads_buy":0,"average_prize_buy":0,"number_of_ads_rent":0,"average_prize_rent":0,"normalized_prize_buy":0,"normalized_ads_buy":0,"normalized_prize_rent":null,"normalized_ads_rent":0,"date":"2018-12-03T14:33:38.000Z","fill-opacity":0,"fill":"#ff0000"},"bbox":[-3.65549,40.5227,-3.66052,40.5277],"geometry":{"type":"Polygon","coordinates":[[[-3.65549,40.5277],[-3.66052,40.5277],[-3.66052,40.5227],[-3.65549,40.5227],[-3.65549,40.5277]]]}},{"type":"Feature","properties":{"name":"Alcobendas--piece--1-7--gCloud","number_of_ads_buy":1,"average_prize_buy":3943.66,"number_of_ads_rent":0,"average_prize_rent":0,"normalized_prize_buy":0.9253290785799761,"normalized_ads_buy":0.03333333333333333,"normalized_prize_rent":null,"normalized_ads_rent":0,"date":"2018-12-03T14:33:43.000Z","fill-opacity":0.7402632628639809,"fill":"#ff0000"},"bbox":[-3.65549,40.5176,-3.66052,40.5227],"geometry":{"type":"Polygon","coordinates":[[[-3.65549,40.5227],[-3.66052,40.5227],[-3.66052,40.5176],[-3.65549,40.5176],[-3.65549,40.5227]]]}},{"type":"Feature","properties":{"name":"Alcobendas--piece--1-8--gCloud","number_of_ads_buy":0,"average_prize_buy":0,"number_of_ads_rent":0,"average_prize_rent":0,"normalized_prize_buy":0,"normalized_ads_buy":0,"normalized_prize_rent":null,"normalized_ads_rent":0,"date":"2018-12-03T14:33:57.000Z","fill-opacity":0,"fill":"#ff0000"},"bbox":[-3.65549,40.5126,-3.66052,40.5176],"geometry":{"type":"Polygon","coordinates":[[[-3.65549,40.5176],[-3.66052,40.5176],[-3.66052,40.5126],[-3.65549,40.5126],[-3.65549,40.5176]]]}},{"type":"Feature","properties":{"name":"Alcobendas--piece--1-9--gCloud","number_of_ads_buy":0,"average_prize_buy":0,"number_of_ads_rent":0,"average_prize_rent":0,"normalized_prize_buy":0,"normalized_ads_buy":0,"normalized_prize_rent":null,"normalized_ads_rent":0,"date":"2018-12-03T14:34:06.000Z","fill-opacity":0,"fill":"#ff0000"},"bbox":[-3.65549,40.5076,-3.66052,40.5126],"geometry":{"type":"Polygon","coordinates":[[[-3.65549,40.5126],[-3.66052,40.5126],[-3.66052,40.5076],[-3.65549,40.5076],[-3.65549,40.5126]]]}},{"type":"Feature","properties":{"name":"Alcobendas--piece--10-0--gCloud","number_of_ads_buy":0,"average_prize_buy":0,"number_of_ads_rent":0,"average_prize_rent":0,"normalized_prize_buy":0,"normalized_ads_buy":0,"normalized_prize_rent":null,"normalized_ads_rent":0,"date":"2018-12-03T14:34:14.000Z","fill-opacity":0,"fill":"#ff0000"},"bbox":[-3.61019,40.5528,-3.61523,40.5578],"geometry":{"type":"Polygon","coordinates":[[[-3.61019,40.5578],[-3.61523,40.5578],[-3.61523,40.5528],[-3.61019,40.5528],[-3.61019,40.5578]]]}},{"type":"Feature","properties":{"name":"Alcobendas--piece--10-1--gCloud","number_of_ads_buy":0,"average_prize_buy":0,"number_of_ads_rent":5,"average_prize_rent":9.6666,"normalized_prize_buy":0,"normalized_ads_buy":0,"normalized_prize_rent":null,"normalized_ads_rent":0.16666666666666666,"date":"2018-12-03T14:34:19.000Z","fill-opacity":0,"fill":"#ff0000"},"bbox":[-3.61019,40.5478,-3.61523,40.5528],"geometry":{"type":"Polygon","coordinates":[[[-3.61019,40.5528],[-3.61523,40.5528],[-3.61523,40.5478],[-3.61019,40.5478],[-3.61019,40.5528]]]}},{"type":"Feature","properties":{"name":"Alcobendas--piece--10-2--gCloud","number_of_ads_buy":1,"average_prize_buy":2.14286,"number_of_ads_rent":0,"average_prize_rent":0,"normalized_prize_buy":0.0005027945282620428,"normalized_ads_buy":0.03333333333333333,"normalized_prize_rent":null,"normalized_ads_rent":0,"date":"2018-12-03T14:34:30.000Z","fill-opacity":0.0004022356226096343,"fill":"#ff0000"},"bbox":[-3.61019,40.5428,-3.61523,40.5478],"geometry":{"type":"Polygon","coordinates":[[[-3.61019,40.5478],[-3.61523,40.5478],[-3.61523,40.5428],[-3.61019,40.5428],[-3.61019,40.5478]]]}},{"type":"Feature","properties":{"name":"Alcobendas--piece--10-3--gCloud","number_of_ads_buy":4,"average_prize_buy":2691.12,"number_of_ads_rent":2,"average_prize_rent":13.427,"normalized_prize_buy":0.6314366831694784,"normalized_ads_buy":0.13333333333333333,"normalized_prize_rent":null,"normalized_ads_rent":0.06666666666666667,"date":"2018-12-03T14:34:39.000Z","fill-opacity":0.5051493465355827,"fill":"#ff0000"},"bbox":[-3.61019,40.5377,-3.61523,40.5428],"geometry":{"type":"Polygon","coordinates":[[[-3.61019,40.5428],[-3.61523,40.5428],[-3.61523,40.5377],[-3.61019,40.5377],[-3.61019,40.5428]]]}},{"type":"Feature","properties":{"name":"Alcobendas--piece--10-4--gCloud","number_of_ads_buy":0,"average_prize_buy":0,"number_of_ads_rent":0,"average_prize_rent":0,"normalized_prize_buy":0,"normalized_ads_buy":0,"normalized_prize_rent":null,"normalized_ads_rent":0,"date":"2018-12-03T14:34:52.000Z","fill-opacity":0,"fill":"#ff0000"},"bbox":[-3.61019,40.5327,-3.61523,40.5377],"geometry":{"type":"Polygon","coordinates":[[[-3.61019,40.5377],[-3.61523,40.5377],[-3.61523,40.5327],[-3.61019,40.5327],[-3.61019,40.5377]]]}},{"type":"Feature","properties":{"name":"Alcobendas--piece--10-5--gCloud","number_of_ads_buy":1,"average_prize_buy":3.71525,"number_of_ads_rent":0,"average_prize_rent":0,"normalized_prize_buy":0.0008717356108777776,"normalized_ads_buy":0.03333333333333333,"normalized_prize_rent":null,"normalized_ads_rent":0,"date":"2018-12-03T14:35:01.000Z","fill-opacity":0.0006973884887022221,"fill":"#ff0000"},"bbox":[-3.61019,40.5277,-3.61523,40.5327],"geometry":{"type":"Polygon","coordinates":[[[-3.61019,40.5327],[-3.61523,40.5327],[-3.61523,40.5277],[-3.61019,40.5277],[-3.61019,40.5327]]]}},{"type":"Feature","properties":{"name":"Alcobendas--piece--10-6--gCloud","number_of_ads_buy":9,"average_prize_buy":173.66,"number_of_ads_rent":3,"average_prize_rent":10.235,"normalized_prize_buy":0.040747084633614115,"normalized_ads_buy":0.3,"normalized_prize_rent":null,"normalized_ads_rent":0.1,"date":"2018-12-03T14:35:15.000Z","fill-opacity":0.03259766770689129,"fill":"#ff0000"},"bbox":[-3.61019,40.5227,-3.61523,40.5277],"geometry":{"type":"Polygon","coordinates":[[[-3.61019,40.5277],[-3.61523,40.5277],[-3.61523,40.5227],[-3.61019,40.5227],[-3.61019,40.5277]]]}},{"type":"Feature","properties":{"name":"Alcobendas--piece--10-7--gCloud","number_of_ads_buy":16,"average_prize_buy":5.63645,"number_of_ads_rent":3,"average_prize_rent":18.0769,"normalized_prize_buy":0.0013225204720899132,"normalized_ads_buy":0.5333333333333333,"normalized_prize_rent":null,"normalized_ads_rent":0.1,"date":"2018-12-03T14:35:28.000Z","fill-opacity":0.0010580163776719306,"fill":"#ff0000"},"bbox":[-3.61019,40.5176,-3.61523,40.5227],"geometry":{"type":"Polygon","coordinates":[[[-3.61019,40.5227],[-3.61523,40.5227],[-3.61523,40.5176],[-3.61019,40.5176],[-3.61019,40.5227]]]}},{"type":"Feature","properties":{"name":"Alcobendas--piece--10-8--gCloud","number_of_ads_buy":12,"average_prize_buy":3.96157,"number_of_ads_rent":0,"average_prize_rent":0,"normalized_prize_buy":0.0009295314296440555,"normalized_ads_buy":0.4,"normalized_prize_rent":null,"normalized_ads_rent":0,"date":"2018-12-03T14:35:36.000Z","fill-opacity":0.0007436251437152445,"fill":"#ff0000"},"bbox":[-3.61019,40.5126,-3.61523,40.5176],"geometry":{"type":"Polygon","coordinates":[[[-3.61019,40.5176],[-3.61523,40.5176],[-3.61523,40.5126],[-3.61019,40.5126],[-3.61019,40.5176]]]}},{"type":"Feature","properties":{"name":"Alcobendas--piece--10-9--gCloud","number_of_ads_buy":13,"average_prize_buy":4.65484,"number_of_ads_rent":0,"average_prize_rent":0,"normalized_prize_buy":0.0010921983153053803,"normalized_ads_buy":0.43333333333333335,"normalized_prize_rent":null,"normalized_ads_rent":0,"date":"2018-12-03T14:35:42.000Z","fill-opacity":0.0008737586522443042,"fill":"#ff0000"},"bbox":[-3.61019,40.5076,-3.61523,40.5126],"geometry":{"type":"Polygon","coordinates":[[[-3.61019,40.5126],[-3.61523,40.5126],[-3.61523,40.5076],[-3.61019,40.5076],[-3.61019,40.5126]]]}},{"type":"Feature","properties":{"name":"Alcobendas--piece--11-0--gCloud","number_of_ads_buy":0,"average_prize_buy":0,"number_of_ads_rent":0,"average_prize_rent":0,"normalized_prize_buy":0,"normalized_ads_buy":0,"normalized_prize_rent":null,"normalized_ads_rent":0,"date":"2018-12-03T14:35:48.000Z","fill-opacity":0,"fill":"#ff0000"},"bbox":[-3.60516,40.5528,-3.61019,40.5578],"geometry":{"type":"Polygon","coordinates":[[[-3.60516,40.5578],[-3.61019,40.5578],[-3.61019,40.5528],[-3.60516,40.5528],[-3.60516,40.5578]]]}},{"type":"Feature","properties":{"name":"Alcobendas--piece--11-1--gCloud","number_of_ads_buy":2,"average_prize_buy":3081.65,"number_of_ads_rent":0,"average_prize_rent":0,"normalized_prize_buy":0.7230695229827073,"normalized_ads_buy":0.06666666666666667,"normalized_prize_rent":null,"normalized_ads_rent":0,"date":"2018-12-03T14:35:56.000Z","fill-opacity":0.5784556183861659,"fill":"#ff0000"},"bbox":[-3.60516,40.5478,-3.61019,40.5528],"geometry":{"type":"Polygon","coordinates":[[[-3.60516,40.5528],[-3.61019,40.5528],[-3.61019,40.5478],[-3.60516,40.5478],[-3.60516,40.5528]]]}},{"type":"Feature","properties":{"name":"Alcobendas--piece--11-2--gCloud","number_of_ads_buy":0,"average_prize_buy":0,"number_of_ads_rent":0,"average_prize_rent":0,"normalized_prize_buy":0,"normalized_ads_buy":0,"normalized_prize_rent":null,"normalized_ads_rent":0,"date":"2018-12-03T14:36:04.000Z","fill-opacity":0,"fill":"#ff0000"},"bbox":[-3.60516,40.5428,-3.61019,40.5478],"geometry":{"type":"Polygon","coordinates":[[[-3.60516,40.5478],[-3.61019,40.5478],[-3.61019,40.5428],[-3.60516,40.5428],[-3.60516,40.5478]]]}},{"type":"Feature","properties":{"name":"Alcobendas--piece--11-3--gCloud","number_of_ads_buy":0,"average_prize_buy":0,"number_of_ads_rent":0,"average_prize_rent":0,"normalized_prize_buy":0,"normalized_ads_buy":0,"normalized_prize_rent":null,"normalized_ads_rent":0,"date":"2018-12-03T14:36:10.000Z","fill-opacity":0,"fill":"#ff0000"},"bbox":[-3.60516,40.5377,-3.61019,40.5428],"geometry":{"type":"Polygon","coordinates":[[[-3.60516,40.5428],[-3.61019,40.5428],[-3.61019,40.5377],[-3.60516,40.5377],[-3.60516,40.5428]]]}},{"type":"Feature","properties":{"name":"Alcobendas--piece--11-4--gCloud","number_of_ads_buy":0,"average_prize_buy":0,"number_of_ads_rent":0,"average_prize_rent":0,"normalized_prize_buy":0,"normalized_ads_buy":0,"normalized_prize_rent":null,"normalized_ads_rent":0,"date":"2018-12-03T14:36:16.000Z","fill-opacity":0,"fill":"#ff0000"},"bbox":[-3.60516,40.5327,-3.61019,40.5377],"geometry":{"type":"Polygon","coordinates":[[[-3.60516,40.5377],[-3.61019,40.5377],[-3.61019,40.5327],[-3.60516,40.5327],[-3.60516,40.5377]]]}},{"type":"Feature","properties":{"name":"Alcobendas--piece--11-5--gCloud","number_of_ads_buy":0,"average_prize_buy":0,"number_of_ads_rent":0,"average_prize_rent":0,"normalized_prize_buy":0,"normalized_ads_buy":0,"normalized_prize_rent":null,"normalized_ads_rent":0,"date":"2018-12-03T14:36:28.000Z","fill-opacity":0,"fill":"#ff0000"},"bbox":[-3.60516,40.5277,-3.61019,40.5327],"geometry":{"type":"Polygon","coordinates":[[[-3.60516,40.5327],[-3.61019,40.5327],[-3.61019,40.5277],[-3.60516,40.5277],[-3.60516,40.5327]]]}},{"type":"Feature","properties":{"name":"Alcobendas--piece--11-6--gCloud","number_of_ads_buy":13,"average_prize_buy":3.96439,"number_of_ads_rent":4,"average_prize_rent":19.1587,"normalized_prize_buy":0.0009301931063610127,"normalized_ads_buy":0.43333333333333335,"normalized_prize_rent":null,"normalized_ads_rent":0.13333333333333333,"date":"2018-12-03T14:36:37.000Z","fill-opacity":0.0007441544850888102,"fill":"#ff0000"},"bbox":[-3.60516,40.5227,-3.61019,40.5277],"geometry":{"type":"Polygon","coordinates":[[[-3.60516,40.5277],[-3.61019,40.5277],[-3.61019,40.5227],[-3.60516,40.5227],[-3.60516,40.5277]]]}},{"type":"Feature","properties":{"name":"Alcobendas--piece--11-7--gCloud","number_of_ads_buy":17,"average_prize_buy":5.38069,"number_of_ads_rent":1,"average_prize_rent":23.5294,"normalized_prize_buy":0.0012625096787817643,"normalized_ads_buy":0.5666666666666667,"normalized_prize_rent":null,"normalized_ads_rent":0.03333333333333333,"date":"2018-12-03T14:36:46.000Z","fill-opacity":0.0010100077430254114,"fill":"#ff0000"},"bbox":[-3.60516,40.5176,-3.61019,40.5227],"geometry":{"type":"Polygon","coordinates":[[[-3.60516,40.5227],[-3.61019,40.5227],[-3.61019,40.5176],[-3.60516,40.5176],[-3.60516,40.5227]]]}},{"type":"Feature","properties":{"name":"Alcobendas--piece--11-8--gCloud","number_of_ads_buy":8,"average_prize_buy":3.93562,"number_of_ads_rent":0,"average_prize_rent":0,"normalized_prize_buy":0.0009234425960252471,"normalized_ads_buy":0.26666666666666666,"normalized_prize_rent":null,"normalized_ads_rent":0,"date":"2018-12-03T14:36:52.000Z","fill-opacity":0.0007387540768201977,"fill":"#ff0000"},"bbox":[-3.60516,40.5126,-3.61019,40.5176],"geometry":{"type":"Polygon","coordinates":[[[-3.60516,40.5176],[-3.61019,40.5176],[-3.61019,40.5126],[-3.60516,40.5126],[-3.60516,40.5176]]]}},{"type":"Feature","properties":{"name":"Alcobendas--piece--11-9--gCloud","number_of_ads_buy":7,"average_prize_buy":377.794,"number_of_ads_rent":0,"average_prize_rent":0,"normalized_prize_buy":0.08864450127877238,"normalized_ads_buy":0.23333333333333334,"normalized_prize_rent":null,"normalized_ads_rent":0,"date":"2018-12-03T14:36:58.000Z","fill-opacity":0.0709156010230179,"fill":"#ff0000"},"bbox":[-3.60516,40.5076,-3.61019,40.5126],"geometry":{"type":"Polygon","coordinates":[[[-3.60516,40.5126],[-3.61019,40.5126],[-3.61019,40.5076],[-3.60516,40.5076],[-3.60516,40.5126]]]}},{"type":"Feature","properties":{"name":"Alcobendas--piece--12-0--gCloud","number_of_ads_buy":0,"average_prize_buy":0,"number_of_ads_rent":0,"average_prize_rent":0,"normalized_prize_buy":0,"normalized_ads_buy":0,"normalized_prize_rent":null,"normalized_ads_rent":0,"date":"2018-12-03T14:37:07.000Z","fill-opacity":0,"fill":"#ff0000"},"bbox":[-3.60013,40.5528,-3.60516,40.5578],"geometry":{"type":"Polygon","coordinates":[[[-3.60013,40.5578],[-3.60516,40.5578],[-3.60516,40.5528],[-3.60013,40.5528],[-3.60013,40.5578]]]}},{"type":"Feature","properties":{"name":"Alcobendas--piece--12-1--gCloud","number_of_ads_buy":0,"average_prize_buy":0,"number_of_ads_rent":0,"average_prize_rent":0,"normalized_prize_buy":0,"normalized_ads_buy":0,"normalized_prize_rent":null,"normalized_ads_rent":0,"date":"2018-12-03T14:37:12.000Z","fill-opacity":0,"fill":"#ff0000"},"bbox":[-3.60013,40.5478,-3.60516,40.5528],"geometry":{"type":"Polygon","coordinates":[[[-3.60013,40.5528],[-3.60516,40.5528],[-3.60516,40.5478],[-3.60013,40.5478],[-3.60013,40.5528]]]}},{"type":"Feature","properties":{"name":"Alcobendas--piece--12-2--gCloud","number_of_ads_buy":0,"average_prize_buy":0,"number_of_ads_rent":0,"average_prize_rent":0,"normalized_prize_buy":0,"normalized_ads_buy":0,"normalized_prize_rent":null,"normalized_ads_rent":0,"date":"2018-12-03T14:37:17.000Z","fill-opacity":0,"fill":"#ff0000"},"bbox":[-3.60013,40.5428,-3.60516,40.5478],"geometry":{"type":"Polygon","coordinates":[[[-3.60013,40.5478],[-3.60516,40.5478],[-3.60516,40.5428],[-3.60013,40.5428],[-3.60013,40.5478]]]}},{"type":"Feature","properties":{"name":"Alcobendas--piece--12-3--gCloud","number_of_ads_buy":0,"average_prize_buy":0,"number_of_ads_rent":0,"average_prize_rent":0,"normalized_prize_buy":0,"normalized_ads_buy":0,"normalized_prize_rent":null,"normalized_ads_rent":0,"date":"2018-12-03T14:37:22.000Z","fill-opacity":0,"fill":"#ff0000"},"bbox":[-3.60013,40.5377,-3.60516,40.5428],"geometry":{"type":"Polygon","coordinates":[[[-3.60013,40.5428],[-3.60516,40.5428],[-3.60516,40.5377],[-3.60013,40.5377],[-3.60013,40.5428]]]}},{"type":"Feature","properties":{"name":"Alcobendas--piece--12-4--gCloud","number_of_ads_buy":0,"average_prize_buy":0,"number_of_ads_rent":0,"average_prize_rent":0,"normalized_prize_buy":0,"normalized_ads_buy":0,"normalized_prize_rent":null,"normalized_ads_rent":0,"date":"2018-12-03T14:37:33.000Z","fill-opacity":0,"fill":"#ff0000"},"bbox":[-3.60013,40.5327,-3.60516,40.5377],"geometry":{"type":"Polygon","coordinates":[[[-3.60013,40.5377],[-3.60516,40.5377],[-3.60516,40.5327],[-3.60013,40.5327],[-3.60013,40.5377]]]}},{"type":"Feature","properties":{"name":"Alcobendas--piece--12-5--gCloud","number_of_ads_buy":0,"average_prize_buy":0,"number_of_ads_rent":0,"average_prize_rent":0,"normalized_prize_buy":0,"normalized_ads_buy":0,"normalized_prize_rent":null,"normalized_ads_rent":0,"date":"2018-12-03T14:37:39.000Z","fill-opacity":0,"fill":"#ff0000"},"bbox":[-3.60013,40.5277,-3.60516,40.5327],"geometry":{"type":"Polygon","coordinates":[[[-3.60013,40.5327],[-3.60516,40.5327],[-3.60516,40.5277],[-3.60013,40.5277],[-3.60013,40.5327]]]}},{"type":"Feature","properties":{"name":"Alcobendas--piece--12-6--gCloud","number_of_ads_buy":3,"average_prize_buy":4.15982,"number_of_ads_rent":0,"average_prize_rent":0,"normalized_prize_buy":0.0009760482413946832,"normalized_ads_buy":0.1,"normalized_prize_rent":null,"normalized_ads_rent":0,"date":"2018-12-03T14:37:50.000Z","fill-opacity":0.0007808385931157466,"fill":"#ff0000"},"bbox":[-3.60013,40.5227,-3.60516,40.5277],"geometry":{"type":"Polygon","coordinates":[[[-3.60013,40.5277],[-3.60516,40.5277],[-3.60516,40.5227],[-3.60013,40.5227],[-3.60013,40.5277]]]}},{"type":"Feature","properties":{"name":"Alcobendas--piece--12-7--gCloud","number_of_ads_buy":1,"average_prize_buy":3.33333,"number_of_ads_rent":0,"average_prize_rent":0,"normalized_prize_buy":0.0007821229967854713,"normalized_ads_buy":0.03333333333333333,"normalized_prize_rent":null,"normalized_ads_rent":0,"date":"2018-12-03T14:37:59.000Z","fill-opacity":0.0006256983974283772,"fill":"#ff0000"},"bbox":[-3.60013,40.5176,-3.60516,40.5227],"geometry":{"type":"Polygon","coordinates":[[[-3.60013,40.5227],[-3.60516,40.5227],[-3.60516,40.5176],[-3.60013,40.5176],[-3.60013,40.5227]]]}},{"type":"Feature","properties":{"name":"Alcobendas--piece--12-8--gCloud","number_of_ads_buy":0,"average_prize_buy":0,"number_of_ads_rent":0,"average_prize_rent":0,"normalized_prize_buy":0,"normalized_ads_buy":0,"normalized_prize_rent":null,"normalized_ads_rent":0,"date":"2018-12-03T14:38:04.000Z","fill-opacity":0,"fill":"#ff0000"},"bbox":[-3.60013,40.5126,-3.60516,40.5176],"geometry":{"type":"Polygon","coordinates":[[[-3.60013,40.5176],[-3.60516,40.5176],[-3.60516,40.5126],[-3.60013,40.5126],[-3.60013,40.5176]]]}},{"type":"Feature","properties":{"name":"Alcobendas--piece--12-9--gCloud","number_of_ads_buy":0,"average_prize_buy":0,"number_of_ads_rent":1,"average_prize_rent":16.25,"normalized_prize_buy":0,"normalized_ads_buy":0,"normalized_prize_rent":null,"normalized_ads_rent":0.03333333333333333,"date":"2018-12-03T14:38:13.000Z","fill-opacity":0,"fill":"#ff0000"},"bbox":[-3.60013,40.5076,-3.60516,40.5126],"geometry":{"type":"Polygon","coordinates":[[[-3.60013,40.5126],[-3.60516,40.5126],[-3.60516,40.5076],[-3.60013,40.5076],[-3.60013,40.5126]]]}},{"type":"Feature","properties":{"name":"Alcobendas--piece--2-0--gCloud","number_of_ads_buy":2,"average_prize_buy":3912.76,"number_of_ads_rent":0,"average_prize_rent":0,"normalized_prize_buy":0.9180787911494874,"normalized_ads_buy":0.06666666666666667,"normalized_prize_rent":null,"normalized_ads_rent":0,"date":"2018-12-03T14:38:21.000Z","fill-opacity":0.73446303291959,"fill":"#ff0000"},"bbox":[-3.65046,40.5528,-3.65549,40.5578],"geometry":{"type":"Polygon","coordinates":[[[-3.65046,40.5578],[-3.65549,40.5578],[-3.65549,40.5528],[-3.65046,40.5528],[-3.65046,40.5578]]]}},{"type":"Feature","properties":{"name":"Alcobendas--piece--2-1--gCloud","number_of_ads_buy":6,"average_prize_buy":3412.75,"number_of_ads_rent":4,"average_prize_rent":12.6587,"normalized_prize_buy":0.8007578779417631,"normalized_ads_buy":0.2,"normalized_prize_rent":null,"normalized_ads_rent":0.13333333333333333,"date":"2018-12-03T14:38:29.000Z","fill-opacity":0.6406063023534105,"fill":"#ff0000"},"bbox":[-3.65046,40.5478,-3.65549,40.5528],"geometry":{"type":"Polygon","coordinates":[[[-3.65046,40.5528],[-3.65549,40.5528],[-3.65549,40.5478],[-3.65046,40.5478],[-3.65046,40.5528]]]}},{"type":"Feature","properties":{"name":"Alcobendas--piece--2-2--gCloud","number_of_ads_buy":9,"average_prize_buy":3598.42,"number_of_ads_rent":2,"average_prize_rent":10.5556,"normalized_prize_buy":0.8443229545507873,"normalized_ads_buy":0.3,"normalized_prize_rent":null,"normalized_ads_rent":0.06666666666666667,"date":"2018-12-03T14:38:41.000Z","fill-opacity":0.6754583636406299,"fill":"#ff0000"},"bbox":[-3.65046,40.5428,-3.65549,40.5478],"geometry":{"type":"Polygon","coordinates":[[[-3.65046,40.5478],[-3.65549,40.5478],[-3.65549,40.5428],[-3.65046,40.5428],[-3.65046,40.5478]]]}},{"type":"Feature","properties":{"name":"Alcobendas--piece--2-3--gCloud","number_of_ads_buy":2,"average_prize_buy":1418.31,"number_of_ads_rent":2,"average_prize_rent":8.02962,"normalized_prize_buy":0.3327881930594336,"normalized_ads_buy":0.06666666666666667,"normalized_prize_rent":null,"normalized_ads_rent":0.06666666666666667,"date":"2018-12-03T14:38:51.000Z","fill-opacity":0.2662305544475469,"fill":"#ff0000"},"bbox":[-3.65046,40.5377,-3.65549,40.5428],"geometry":{"type":"Polygon","coordinates":[[[-3.65046,40.5428],[-3.65549,40.5428],[-3.65549,40.5377],[-3.65046,40.5377],[-3.65046,40.5428]]]}},{"type":"Feature","properties":{"name":"Alcobendas--piece--2-4--gCloud","number_of_ads_buy":0,"average_prize_buy":0,"number_of_ads_rent":0,"average_prize_rent":0,"normalized_prize_buy":0,"normalized_ads_buy":0,"normalized_prize_rent":null,"normalized_ads_rent":0,"date":"2018-12-03T14:38:56.000Z","fill-opacity":0,"fill":"#ff0000"},"bbox":[-3.65046,40.5327,-3.65549,40.5377],"geometry":{"type":"Polygon","coordinates":[[[-3.65046,40.5377],[-3.65549,40.5377],[-3.65549,40.5327],[-3.65046,40.5327],[-3.65046,40.5377]]]}},{"type":"Feature","properties":{"name":"Alcobendas--piece--2-5--gCloud","number_of_ads_buy":2,"average_prize_buy":2662.37,"number_of_ads_rent":0,"average_prize_rent":0,"normalized_prize_buy":0.6246908655763862,"normalized_ads_buy":0.06666666666666667,"normalized_prize_rent":null,"normalized_ads_rent":0,"date":"2018-12-03T14:39:05.000Z","fill-opacity":0.499752692461109,"fill":"#ff0000"},"bbox":[-3.65046,40.5277,-3.65549,40.5327],"geometry":{"type":"Polygon","coordinates":[[[-3.65046,40.5327],[-3.65549,40.5327],[-3.65549,40.5277],[-3.65046,40.5277],[-3.65046,40.5327]]]}},{"type":"Feature","properties":{"name":"Alcobendas--piece--2-6--gCloud","number_of_ads_buy":0,"average_prize_buy":0,"number_of_ads_rent":0,"average_prize_rent":0,"normalized_prize_buy":0,"normalized_ads_buy":0,"normalized_prize_rent":null,"normalized_ads_rent":0,"date":"2018-12-03T14:39:13.000Z","fill-opacity":0,"fill":"#ff0000"},"bbox":[-3.65046,40.5227,-3.65549,40.5277],"geometry":{"type":"Polygon","coordinates":[[[-3.65046,40.5277],[-3.65549,40.5277],[-3.65549,40.5227],[-3.65046,40.5227],[-3.65046,40.5277]]]}},{"type":"Feature","properties":{"name":"Alcobendas--piece--2-7--gCloud","number_of_ads_buy":10,"average_prize_buy":3347.46,"number_of_ads_rent":2,"average_prize_rent":10.6017,"normalized_prize_buy":0.7854384194842676,"normalized_ads_buy":0.3333333333333333,"normalized_prize_rent":null,"normalized_ads_rent":0.06666666666666667,"date":"2018-12-03T14:39:19.000Z","fill-opacity":0.6283507355874142,"fill":"#ff0000"},"bbox":[-3.65046,40.5176,-3.65549,40.5227],"geometry":{"type":"Polygon","coordinates":[[[-3.65046,40.5227],[-3.65549,40.5227],[-3.65549,40.5176],[-3.65046,40.5176],[-3.65046,40.5227]]]}},{"type":"Feature","properties":{"name":"Alcobendas--piece--2-8--gCloud","number_of_ads_buy":10,"average_prize_buy":1960.81,"number_of_ads_rent":5,"average_prize_rent":12.2309,"normalized_prize_buy":0.4600788380769141,"normalized_ads_buy":0.3333333333333333,"normalized_prize_rent":null,"normalized_ads_rent":0.16666666666666666,"date":"2018-12-03T14:39:28.000Z","fill-opacity":0.3680630704615313,"fill":"#ff0000"},"bbox":[-3.65046,40.5126,-3.65549,40.5176],"geometry":{"type":"Polygon","coordinates":[[[-3.65046,40.5176],[-3.65549,40.5176],[-3.65549,40.5126],[-3.65046,40.5126],[-3.65046,40.5176]]]}},{"type":"Feature","properties":{"name":"Alcobendas--piece--2-9--gCloud","number_of_ads_buy":9,"average_prize_buy":1636.58,"number_of_ads_rent":4,"average_prize_rent":15.8817,"normalized_prize_buy":0.38400244022619023,"normalized_ads_buy":0.3,"normalized_prize_rent":null,"normalized_ads_rent":0.13333333333333333,"date":"2018-12-03T14:39:37.000Z","fill-opacity":0.3072019521809522,"fill":"#ff0000"},"bbox":[-3.65046,40.5076,-3.65549,40.5126],"geometry":{"type":"Polygon","coordinates":[[[-3.65046,40.5126],[-3.65549,40.5126],[-3.65549,40.5076],[-3.65046,40.5076],[-3.65046,40.5126]]]}},{"type":"Feature","properties":{"name":"Alcobendas--piece--3-0--gCloud","number_of_ads_buy":0,"average_prize_buy":0,"number_of_ads_rent":2,"average_prize_rent":9.43878,"normalized_prize_buy":0,"normalized_ads_buy":0,"normalized_prize_rent":null,"normalized_ads_rent":0.06666666666666667,"date":"2018-12-03T14:39:45.000Z","fill-opacity":0,"fill":"#ff0000"},"bbox":[-3.64542,40.5528,-3.65046,40.5578],"geometry":{"type":"Polygon","coordinates":[[[-3.64542,40.5578],[-3.65046,40.5578],[-3.65046,40.5528],[-3.64542,40.5528],[-3.64542,40.5578]]]}},{"type":"Feature","properties":{"name":"Alcobendas--piece--3-1--gCloud","number_of_ads_buy":3,"average_prize_buy":3276.01,"number_of_ads_rent":1,"average_prize_rent":11,"normalized_prize_buy":0.768673596283348,"normalized_ads_buy":0.1,"normalized_prize_rent":null,"normalized_ads_rent":0.03333333333333333,"date":"2018-12-03T14:39:51.000Z","fill-opacity":0.6149388770266784,"fill":"#ff0000"},"bbox":[-3.64542,40.5478,-3.65046,40.5528],"geometry":{"type":"Polygon","coordinates":[[[-3.64542,40.5528],[-3.65046,40.5528],[-3.65046,40.5478],[-3.64542,40.5478],[-3.64542,40.5528]]]}},{"type":"Feature","properties":{"name":"Alcobendas--piece--3-2--gCloud","number_of_ads_buy":1,"average_prize_buy":3233.33,"number_of_ads_rent":0,"average_prize_rent":0,"normalized_prize_buy":0.7586592834181938,"normalized_ads_buy":0.03333333333333333,"normalized_prize_rent":null,"normalized_ads_rent":0,"date":"2018-12-03T14:40:00.000Z","fill-opacity":0.606927426734555,"fill":"#ff0000"},"bbox":[-3.64542,40.5428,-3.65046,40.5478],"geometry":{"type":"Polygon","coordinates":[[[-3.64542,40.5478],[-3.65046,40.5478],[-3.65046,40.5428],[-3.64542,40.5428],[-3.64542,40.5478]]]}},{"type":"Feature","properties":{"name":"Alcobendas--piece--3-3--gCloud","number_of_ads_buy":2,"average_prize_buy":2479.1,"number_of_ads_rent":0,"average_prize_rent":0,"normalized_prize_buy":0.5816889180881767,"normalized_ads_buy":0.06666666666666667,"normalized_prize_rent":null,"normalized_ads_rent":0,"date":"2018-12-03T14:40:06.000Z","fill-opacity":0.4653511344705414,"fill":"#ff0000"},"bbox":[-3.64542,40.5377,-3.65046,40.5428],"geometry":{"type":"Polygon","coordinates":[[[-3.64542,40.5428],[-3.65046,40.5428],[-3.65046,40.5377],[-3.64542,40.5377],[-3.64542,40.5428]]]}},{"type":"Feature","properties":{"name":"Alcobendas--piece--3-4--gCloud","number_of_ads_buy":0,"average_prize_buy":0,"number_of_ads_rent":0,"average_prize_rent":0,"normalized_prize_buy":0,"normalized_ads_buy":0,"normalized_prize_rent":null,"normalized_ads_rent":0,"date":"2018-12-03T14:40:14.000Z","fill-opacity":0,"fill":"#ff0000"},"bbox":[-3.64542,40.5327,-3.65046,40.5377],"geometry":{"type":"Polygon","coordinates":[[[-3.64542,40.5377],[-3.65046,40.5377],[-3.65046,40.5327],[-3.64542,40.5327],[-3.64542,40.5377]]]}},{"type":"Feature","properties":{"name":"Alcobendas--piece--3-5--gCloud","number_of_ads_buy":1,"average_prize_buy":2080,"number_of_ads_rent":5,"average_prize_rent":8.10935,"normalized_prize_buy":0.48804523803937216,"normalized_ads_buy":0.03333333333333333,"normalized_prize_rent":null,"normalized_ads_rent":0.16666666666666666,"date":"2018-12-03T14:40:23.000Z","fill-opacity":0.39043619043149774,"fill":"#ff0000"},"bbox":[-3.64542,40.5277,-3.65046,40.5327],"geometry":{"type":"Polygon","coordinates":[[[-3.64542,40.5327],[-3.65046,40.5327],[-3.65046,40.5277],[-3.64542,40.5277],[-3.64542,40.5327]]]}},{"type":"Feature","properties":{"name":"Alcobendas--piece--3-6--gCloud","number_of_ads_buy":5,"average_prize_buy":3.7759,"number_of_ads_rent":0,"average_prize_rent":0,"normalized_prize_buy":0.0008859663530350314,"normalized_ads_buy":0.16666666666666666,"normalized_prize_rent":null,"normalized_ads_rent":0,"date":"2018-12-03T14:40:28.000Z","fill-opacity":0.0007087730824280251,"fill":"#ff0000"},"bbox":[-3.64542,40.5227,-3.65046,40.5277],"geometry":{"type":"Polygon","coordinates":[[[-3.64542,40.5277],[-3.65046,40.5277],[-3.65046,40.5227],[-3.64542,40.5227],[-3.64542,40.5277]]]}},{"type":"Feature","properties":{"name":"Alcobendas--piece--3-7--gCloud","number_of_ads_buy":19,"average_prize_buy":1536.4,"number_of_ads_rent":7,"average_prize_rent":14.8667,"normalized_prize_buy":0.36049649217485163,"normalized_ads_buy":0.6333333333333333,"normalized_prize_rent":null,"normalized_ads_rent":0.23333333333333334,"date":"2018-12-03T14:40:34.000Z","fill-opacity":0.2883971937398813,"fill":"#ff0000"},"bbox":[-3.64542,40.5176,-3.65046,40.5227],"geometry":{"type":"Polygon","coordinates":[[[-3.64542,40.5227],[-3.65046,40.5227],[-3.65046,40.5176],[-3.64542,40.5176],[-3.64542,40.5227]]]}},{"type":"Feature","properties":{"name":"Alcobendas--piece--3-8--gCloud","number_of_ads_buy":1,"average_prize_buy":5.78947,"number_of_ads_rent":0,"average_prize_rent":0,"normalized_prize_buy":0.0013584246462845211,"normalized_ads_buy":0.03333333333333333,"normalized_prize_rent":null,"normalized_ads_rent":0,"date":"2018-12-03T14:40:44.000Z","fill-opacity":0.001086739717027617,"fill":"#ff0000"},"bbox":[-3.64542,40.5126,-3.65046,40.5176],"geometry":{"type":"Polygon","coordinates":[[[-3.64542,40.5176],[-3.65046,40.5176],[-3.65046,40.5126],[-3.64542,40.5126],[-3.64542,40.5176]]]}},{"type":"Feature","properties":{"name":"Alcobendas--piece--3-9--gCloud","number_of_ads_buy":30,"average_prize_buy":1113.79,"number_of_ads_rent":7,"average_prize_rent":14.3606,"normalized_prize_buy":0.2613364931134001,"normalized_ads_buy":1,"normalized_prize_rent":null,"normalized_ads_rent":0.23333333333333334,"date":"2018-12-03T14:40:52.000Z","fill-opacity":0.20906919449072012,"fill":"#ff0000"},"bbox":[-3.64542,40.5076,-3.65046,40.5126],"geometry":{"type":"Polygon","coordinates":[[[-3.64542,40.5126],[-3.65046,40.5126],[-3.65046,40.5076],[-3.64542,40.5076],[-3.64542,40.5126]]]}},{"type":"Feature","properties":{"name":"Alcobendas--piece--4-0--gCloud","number_of_ads_buy":7,"average_prize_buy":2532.04,"number_of_ads_rent":3,"average_prize_rent":10.2917,"normalized_prize_buy":0.5941106079448134,"normalized_ads_buy":0.23333333333333334,"normalized_prize_rent":null,"normalized_ads_rent":0.1,"date":"2018-12-03T14:41:00.000Z","fill-opacity":0.47528848635585075,"fill":"#ff0000"},"bbox":[-3.64039,40.5528,-3.64542,40.5578],"geometry":{"type":"Polygon","coordinates":[[[-3.64039,40.5578],[-3.64542,40.5578],[-3.64542,40.5528],[-3.64039,40.5528],[-3.64039,40.5578]]]}},{"type":"Feature","properties":{"name":"Alcobendas--piece--4-1--gCloud","number_of_ads_buy":11,"average_prize_buy":2509.58,"number_of_ads_rent":1,"average_prize_rent":9.9,"normalized_prize_buy":0.5888406579225228,"normalized_ads_buy":0.36666666666666664,"normalized_prize_rent":null,"normalized_ads_rent":0.03333333333333333,"date":"2018-12-03T14:41:06.000Z","fill-opacity":0.47107252633801827,"fill":"#ff0000"},"bbox":[-3.64039,40.5478,-3.64542,40.5528],"geometry":{"type":"Polygon","coordinates":[[[-3.64039,40.5528],[-3.64542,40.5528],[-3.64542,40.5478],[-3.64039,40.5478],[-3.64039,40.5528]]]}},{"type":"Feature","properties":{"name":"Alcobendas--piece--4-2--gCloud","number_of_ads_buy":13,"average_prize_buy":2227.15,"number_of_ads_rent":3,"average_prize_rent":12.1569,"normalized_prize_buy":0.522572092259321,"normalized_ads_buy":0.43333333333333335,"normalized_prize_rent":null,"normalized_ads_rent":0.1,"date":"2018-12-03T14:41:21.000Z","fill-opacity":0.41805767380745684,"fill":"#ff0000"},"bbox":[-3.64039,40.5428,-3.64542,40.5478],"geometry":{"type":"Polygon","coordinates":[[[-3.64039,40.5478],[-3.64542,40.5478],[-3.64542,40.5428],[-3.64039,40.5428],[-3.64039,40.5478]]]}},{"type":"Feature","properties":{"name":"Alcobendas--piece--4-3--gCloud","number_of_ads_buy":7,"average_prize_buy":1786.25,"number_of_ads_rent":3,"average_prize_rent":9.9835,"normalized_prize_buy":0.41912058002299446,"normalized_ads_buy":0.23333333333333334,"normalized_prize_rent":null,"normalized_ads_rent":0.1,"date":"2018-12-03T14:41:30.000Z","fill-opacity":0.3352964640183956,"fill":"#ff0000"},"bbox":[-3.64039,40.5377,-3.64542,40.5428],"geometry":{"type":"Polygon","coordinates":[[[-3.64039,40.5428],[-3.64542,40.5428],[-3.64542,40.5377],[-3.64039,40.5377],[-3.64039,40.5428]]]}},{"type":"Feature","properties":{"name":"Alcobendas--piece--4-4--gCloud","number_of_ads_buy":1,"average_prize_buy":2792,"number_of_ads_rent":0,"average_prize_rent":0,"normalized_prize_buy":0.655106877214388,"normalized_ads_buy":0.03333333333333333,"normalized_prize_rent":null,"normalized_ads_rent":0,"date":"2018-12-03T14:41:40.000Z","fill-opacity":0.5240855017715104,"fill":"#ff0000"},"bbox":[-3.64039,40.5327,-3.64542,40.5377],"geometry":{"type":"Polygon","coordinates":[[[-3.64039,40.5377],[-3.64542,40.5377],[-3.64542,40.5327],[-3.64039,40.5327],[-3.64039,40.5377]]]}},{"type":"Feature","properties":{"name":"Alcobendas--piece--4-5--gCloud","number_of_ads_buy":0,"average_prize_buy":0,"number_of_ads_rent":0,"average_prize_rent":0,"normalized_prize_buy":0,"normalized_ads_buy":0,"normalized_prize_rent":null,"normalized_ads_rent":0,"date":"2018-12-03T14:41:45.000Z","fill-opacity":0,"fill":"#ff0000"},"bbox":[-3.64039,40.5277,-3.64542,40.5327],"geometry":{"type":"Polygon","coordinates":[[[-3.64039,40.5327],[-3.64542,40.5327],[-3.64542,40.5277],[-3.64039,40.5277],[-3.64039,40.5327]]]}},{"type":"Feature","properties":{"name":"Alcobendas--piece--4-6--gCloud","number_of_ads_buy":7,"average_prize_buy":3029.01,"number_of_ads_rent":3,"average_prize_rent":12.2965,"normalized_prize_buy":0.7107182242661725,"normalized_ads_buy":0.23333333333333334,"normalized_prize_rent":null,"normalized_ads_rent":0.1,"date":"2018-12-03T14:41:55.000Z","fill-opacity":0.568574579412938,"fill":"#ff0000"},"bbox":[-3.64039,40.5227,-3.64542,40.5277],"geometry":{"type":"Polygon","coordinates":[[[-3.64039,40.5277],[-3.64542,40.5277],[-3.64542,40.5227],[-3.64039,40.5227],[-3.64039,40.5277]]]}},{"type":"Feature","properties":{"name":"Alcobendas--piece--4-7--gCloud","number_of_ads_buy":28,"average_prize_buy":1591.86,"number_of_ads_rent":10,"average_prize_rent":13.1603,"normalized_prize_buy":0.3735094676083437,"normalized_ads_buy":0.9333333333333333,"normalized_prize_rent":null,"normalized_ads_rent":0.3333333333333333,"date":"2018-12-03T14:42:01.000Z","fill-opacity":0.29880757408667497,"fill":"#ff0000"},"bbox":[-3.64039,40.5176,-3.64542,40.5227],"geometry":{"type":"Polygon","coordinates":[[[-3.64039,40.5227],[-3.64542,40.5227],[-3.64542,40.5176],[-3.64039,40.5176],[-3.64039,40.5227]]]}},{"type":"Feature","properties":{"name":"Alcobendas--piece--4-8--gCloud","number_of_ads_buy":8,"average_prize_buy":4.08828,"number_of_ads_rent":0,"average_prize_rent":0,"normalized_prize_buy":0.000959262300851733,"normalized_ads_buy":0.26666666666666666,"normalized_prize_rent":null,"normalized_ads_rent":0,"date":"2018-12-03T14:42:12.000Z","fill-opacity":0.0007674098406813864,"fill":"#ff0000"},"bbox":[-3.64039,40.5126,-3.64542,40.5176],"geometry":{"type":"Polygon","coordinates":[[[-3.64039,40.5176],[-3.64542,40.5176],[-3.64542,40.5126],[-3.64039,40.5126],[-3.64039,40.5176]]]}},{"type":"Feature","properties":{"name":"Alcobendas--piece--4-9--gCloud","number_of_ads_buy":17,"average_prize_buy":3383.45,"number_of_ads_rent":5,"average_prize_rent":15.6265,"normalized_prize_buy":0.7938830099251508,"normalized_ads_buy":0.5666666666666667,"normalized_prize_rent":null,"normalized_ads_rent":0.16666666666666666,"date":"2018-12-03T14:42:21.000Z","fill-opacity":0.6351064079401207,"fill":"#ff0000"},"bbox":[-3.64039,40.5076,-3.64542,40.5126],"geometry":{"type":"Polygon","coordinates":[[[-3.64039,40.5126],[-3.64542,40.5126],[-3.64542,40.5076],[-3.64039,40.5076],[-3.64039,40.5126]]]}},{"type":"Feature","properties":{"name":"Alcobendas--piece--5-0--gCloud","number_of_ads_buy":9,"average_prize_buy":2613.92,"number_of_ads_rent":0,"average_prize_rent":0,"normalized_prize_buy":0.6133226964499402,"normalized_ads_buy":0.3,"normalized_prize_rent":null,"normalized_ads_rent":0,"date":"2018-12-03T14:42:32.000Z","fill-opacity":0.4906581571599522,"fill":"#ff0000"},"bbox":[-3.63536,40.5528,-3.64039,40.5578],"geometry":{"type":"Polygon","coordinates":[[[-3.63536,40.5578],[-3.64039,40.5578],[-3.64039,40.5528],[-3.63536,40.5528],[-3.63536,40.5578]]]}},{"type":"Feature","properties":{"name":"Alcobendas--piece--5-1--gCloud","number_of_ads_buy":21,"average_prize_buy":2456.31,"number_of_ads_rent":1,"average_prize_rent":12.5,"normalized_prize_buy":0.5763415378117741,"normalized_ads_buy":0.7,"normalized_prize_rent":null,"normalized_ads_rent":0.03333333333333333,"date":"2018-12-03T14:42:38.000Z","fill-opacity":0.4610732302494193,"fill":"#ff0000"},"bbox":[-3.63536,40.5478,-3.64039,40.5528],"geometry":{"type":"Polygon","coordinates":[[[-3.63536,40.5528],[-3.64039,40.5528],[-3.64039,40.5478],[-3.63536,40.5478],[-3.63536,40.5528]]]}},{"type":"Feature","properties":{"name":"Alcobendas--piece--5-2--gCloud","number_of_ads_buy":7,"average_prize_buy":2228.78,"number_of_ads_rent":1,"average_prize_rent":13.8462,"normalized_prize_buy":0.5229545507872077,"normalized_ads_buy":0.23333333333333334,"normalized_prize_rent":null,"normalized_ads_rent":0.03333333333333333,"date":"2018-12-03T14:42:47.000Z","fill-opacity":0.41836364062976616,"fill":"#ff0000"},"bbox":[-3.63536,40.5428,-3.64039,40.5478],"geometry":{"type":"Polygon","coordinates":[[[-3.63536,40.5478],[-3.64039,40.5478],[-3.64039,40.5428],[-3.63536,40.5428],[-3.63536,40.5478]]]}},{"type":"Feature","properties":{"name":"Alcobendas--piece--5-3--gCloud","number_of_ads_buy":22,"average_prize_buy":2165.21,"number_of_ads_rent":5,"average_prize_rent":11.3722,"normalized_prize_buy":0.5080386681996293,"normalized_ads_buy":0.7333333333333333,"normalized_prize_rent":null,"normalized_ads_rent":0.16666666666666666,"date":"2018-12-03T14:42:55.000Z","fill-opacity":0.40643093455970347,"fill":"#ff0000"},"bbox":[-3.63536,40.5377,-3.64039,40.5428],"geometry":{"type":"Polygon","coordinates":[[[-3.63536,40.5428],[-3.64039,40.5428],[-3.64039,40.5377],[-3.63536,40.5377],[-3.63536,40.5428]]]}},{"type":"Feature","properties":{"name":"Alcobendas--piece--5-4--gCloud","number_of_ads_buy":11,"average_prize_buy":2897.81,"number_of_ads_rent":2,"average_prize_rent":11.5752,"normalized_prize_buy":0.6799338323283043,"normalized_ads_buy":0.36666666666666664,"normalized_prize_rent":null,"normalized_ads_rent":0.06666666666666667,"date":"2018-12-03T14:43:01.000Z","fill-opacity":0.5439470658626434,"fill":"#ff0000"},"bbox":[-3.63536,40.5327,-3.64039,40.5377],"geometry":{"type":"Polygon","coordinates":[[[-3.63536,40.5377],[-3.64039,40.5377],[-3.64039,40.5327],[-3.63536,40.5327],[-3.63536,40.5377]]]}},{"type":"Feature","properties":{"name":"Alcobendas--piece--5-5--gCloud","number_of_ads_buy":9,"average_prize_buy":3886.54,"number_of_ads_rent":2,"average_prize_rent":13.6184,"normalized_prize_buy":0.9119266055045873,"normalized_ads_buy":0.3,"normalized_prize_rent":null,"normalized_ads_rent":0.06666666666666667,"date":"2018-12-03T14:43:12.000Z","fill-opacity":0.7295412844036698,"fill":"#ff0000"},"bbox":[-3.63536,40.5277,-3.64039,40.5327],"geometry":{"type":"Polygon","coordinates":[[[-3.63536,40.5327],[-3.64039,40.5327],[-3.64039,40.5277],[-3.63536,40.5277],[-3.63536,40.5327]]]}},{"type":"Feature","properties":{"name":"Alcobendas--piece--5-6--gCloud","number_of_ads_buy":13,"average_prize_buy":4.9004,"number_of_ads_rent":2,"average_prize_rent":16.6024,"normalized_prize_buy":0.001149815809850067,"normalized_ads_buy":0.43333333333333335,"normalized_prize_rent":null,"normalized_ads_rent":0.06666666666666667,"date":"2018-12-03T14:43:21.000Z","fill-opacity":0.0009198526478800536,"fill":"#ff0000"},"bbox":[-3.63536,40.5227,-3.64039,40.5277],"geometry":{"type":"Polygon","coordinates":[[[-3.63536,40.5277],[-3.64039,40.5277],[-3.64039,40.5227],[-3.63536,40.5227],[-3.63536,40.5277]]]}},{"type":"Feature","properties":{"name":"Alcobendas--piece--5-7--gCloud","number_of_ads_buy":11,"average_prize_buy":2154.66,"number_of_ads_rent":3,"average_prize_rent":13.6009,"normalized_prize_buy":0.5055632464393816,"normalized_ads_buy":0.36666666666666664,"normalized_prize_rent":null,"normalized_ads_rent":0.1,"date":"2018-12-03T14:43:33.000Z","fill-opacity":0.4044505971515053,"fill":"#ff0000"},"bbox":[-3.63536,40.5176,-3.64039,40.5227],"geometry":{"type":"Polygon","coordinates":[[[-3.63536,40.5227],[-3.64039,40.5227],[-3.64039,40.5176],[-3.63536,40.5176],[-3.63536,40.5227]]]}},{"type":"Feature","properties":{"name":"Alcobendas--piece--5-8--gCloud","number_of_ads_buy":4,"average_prize_buy":4.31742,"number_of_ads_rent":0,"average_prize_rent":0,"normalized_prize_buy":0.0010130270536615126,"normalized_ads_buy":0.13333333333333333,"normalized_prize_rent":null,"normalized_ads_rent":0,"date":"2018-12-03T14:43:38.000Z","fill-opacity":0.0008104216429292102,"fill":"#ff0000"},"bbox":[-3.63536,40.5126,-3.64039,40.5176],"geometry":{"type":"Polygon","coordinates":[[[-3.63536,40.5176],[-3.64039,40.5176],[-3.64039,40.5126],[-3.63536,40.5126],[-3.63536,40.5176]]]}},{"type":"Feature","properties":{"name":"Alcobendas--piece--5-9--gCloud","number_of_ads_buy":5,"average_prize_buy":3150.72,"number_of_ads_rent":6,"average_prize_rent":15.3229,"normalized_prize_buy":0.7392759098054859,"normalized_ads_buy":0.16666666666666666,"normalized_prize_rent":null,"normalized_ads_rent":0.2,"date":"2018-12-03T14:43:47.000Z","fill-opacity":0.5914207278443887,"fill":"#ff0000"},"bbox":[-3.63536,40.5076,-3.64039,40.5126],"geometry":{"type":"Polygon","coordinates":[[[-3.63536,40.5126],[-3.64039,40.5126],[-3.64039,40.5076],[-3.63536,40.5076],[-3.63536,40.5126]]]}},{"type":"Feature","properties":{"name":"Alcobendas--piece--6-0--gCloud","number_of_ads_buy":3,"average_prize_buy":2449.6,"number_of_ads_rent":0,"average_prize_rent":0,"normalized_prize_buy":0.5747671226448298,"normalized_ads_buy":0.1,"normalized_prize_rent":null,"normalized_ads_rent":0,"date":"2018-12-03T14:43:52.000Z","fill-opacity":0.4598136981158638,"fill":"#ff0000"},"bbox":[-3.63032,40.5528,-3.63536,40.5578],"geometry":{"type":"Polygon","coordinates":[[[-3.63032,40.5578],[-3.63536,40.5578],[-3.63536,40.5528],[-3.63032,40.5528],[-3.63032,40.5578]]]}},{"type":"Feature","properties":{"name":"Alcobendas--piece--6-1--gCloud","number_of_ads_buy":29,"average_prize_buy":2579.7,"number_of_ads_rent":1,"average_prize_rent":12.6271,"normalized_prize_buy":0.6052934137356578,"normalized_ads_buy":0.9666666666666667,"normalized_prize_rent":null,"normalized_ads_rent":0.03333333333333333,"date":"2018-12-03T14:44:03.000Z","fill-opacity":0.48423473098852626,"fill":"#ff0000"},"bbox":[-3.63032,40.5478,-3.63536,40.5528],"geometry":{"type":"Polygon","coordinates":[[[-3.63032,40.5528],[-3.63536,40.5528],[-3.63536,40.5478],[-3.63032,40.5478],[-3.63032,40.5528]]]}},{"type":"Feature","properties":{"name":"Alcobendas--piece--6-2--gCloud","number_of_ads_buy":28,"average_prize_buy":2321.75,"number_of_ads_rent":2,"average_prize_rent":9.88506,"normalized_prize_buy":0.5447687651047656,"normalized_ads_buy":0.9333333333333333,"normalized_prize_rent":null,"normalized_ads_rent":0.06666666666666667,"date":"2018-12-03T14:44:09.000Z","fill-opacity":0.43581501208381246,"fill":"#ff0000"},"bbox":[-3.63032,40.5428,-3.63536,40.5478],"geometry":{"type":"Polygon","coordinates":[[[-3.63032,40.5478],[-3.63536,40.5478],[-3.63536,40.5428],[-3.63032,40.5428],[-3.63032,40.5478]]]}},{"type":"Feature","properties":{"name":"Alcobendas--piece--6-3--gCloud","number_of_ads_buy":24,"average_prize_buy":2346.62,"number_of_ads_rent":3,"average_prize_rent":11.3141,"normalized_prize_buy":0.5506041906192074,"normalized_ads_buy":0.8,"normalized_prize_rent":null,"normalized_ads_rent":0.1,"date":"2018-12-03T14:44:15.000Z","fill-opacity":0.44048335249536597,"fill":"#ff0000"},"bbox":[-3.63032,40.5377,-3.63536,40.5428],"geometry":{"type":"Polygon","coordinates":[[[-3.63032,40.5428],[-3.63536,40.5428],[-3.63536,40.5377],[-3.63032,40.5377],[-3.63032,40.5428]]]}},{"type":"Feature","properties":{"name":"Alcobendas--piece--6-4--gCloud","number_of_ads_buy":1,"average_prize_buy":2.86458,"number_of_ads_rent":1,"average_prize_rent":20.8333,"normalized_prize_buy":0.0006721368403763581,"normalized_ads_buy":0.03333333333333333,"normalized_prize_rent":null,"normalized_ads_rent":0.03333333333333333,"date":"2018-12-03T14:44:21.000Z","fill-opacity":0.0005377094723010865,"fill":"#ff0000"},"bbox":[-3.63032,40.5327,-3.63536,40.5377],"geometry":{"type":"Polygon","coordinates":[[[-3.63032,40.5377],[-3.63536,40.5377],[-3.63536,40.5327],[-3.63032,40.5327],[-3.63032,40.5377]]]}},{"type":"Feature","properties":{"name":"Alcobendas--piece--6-5--gCloud","number_of_ads_buy":3,"average_prize_buy":3759.26,"number_of_ads_rent":1,"average_prize_rent":10,"normalized_prize_buy":0.8820619911307165,"normalized_ads_buy":0.1,"normalized_prize_rent":null,"normalized_ads_rent":0.03333333333333333,"date":"2018-12-03T14:44:29.000Z","fill-opacity":0.7056495929045732,"fill":"#ff0000"},"bbox":[-3.63032,40.5277,-3.63536,40.5327],"geometry":{"type":"Polygon","coordinates":[[[-3.63032,40.5327],[-3.63536,40.5327],[-3.63536,40.5277],[-3.63032,40.5277],[-3.63032,40.5327]]]}},{"type":"Feature","properties":{"name":"Alcobendas--piece--6-6--gCloud","number_of_ads_buy":10,"average_prize_buy":3056.54,"number_of_ads_rent":1,"average_prize_rent":11.9048,"normalized_prize_buy":0.7171777845561839,"normalized_ads_buy":0.3333333333333333,"normalized_prize_rent":null,"normalized_ads_rent":0.03333333333333333,"date":"2018-12-03T14:44:38.000Z","fill-opacity":0.5737422276449471,"fill":"#ff0000"},"bbox":[-3.63032,40.5227,-3.63536,40.5277],"geometry":{"type":"Polygon","coordinates":[[[-3.63032,40.5277],[-3.63536,40.5277],[-3.63536,40.5227],[-3.63032,40.5227],[-3.63032,40.5277]]]}},{"type":"Feature","properties":{"name":"Alcobendas--piece--6-7--gCloud","number_of_ads_buy":9,"average_prize_buy":1505.82,"number_of_ads_rent":1,"average_prize_rent":13.4783,"normalized_prize_buy":0.35332128862713813,"normalized_ads_buy":0.3,"normalized_prize_rent":null,"normalized_ads_rent":0.03333333333333333,"date":"2018-12-03T14:44:50.000Z","fill-opacity":0.2826570309017105,"fill":"#ff0000"},"bbox":[-3.63032,40.5176,-3.63536,40.5227],"geometry":{"type":"Polygon","coordinates":[[[-3.63032,40.5227],[-3.63536,40.5227],[-3.63536,40.5176],[-3.63032,40.5176],[-3.63032,40.5227]]]}},{"type":"Feature","properties":{"name":"Alcobendas--piece--6-8--gCloud","number_of_ads_buy":2,"average_prize_buy":4.85094,"number_of_ads_rent":0,"average_prize_rent":0,"normalized_prize_buy":0.0011382106572186115,"normalized_ads_buy":0.06666666666666667,"normalized_prize_rent":null,"normalized_ads_rent":0,"date":"2018-12-03T14:44:58.000Z","fill-opacity":0.0009105685257748893,"fill":"#ff0000"},"bbox":[-3.63032,40.5126,-3.63536,40.5176],"geometry":{"type":"Polygon","coordinates":[[[-3.63032,40.5176],[-3.63536,40.5176],[-3.63536,40.5126],[-3.63032,40.5126],[-3.63032,40.5176]]]}},{"type":"Feature","properties":{"name":"Alcobendas--piece--6-9--gCloud","number_of_ads_buy":16,"average_prize_buy":5.04992,"number_of_ads_rent":1,"average_prize_rent":25,"normalized_prize_buy":0.0011848987540768203,"normalized_ads_buy":0.5333333333333333,"normalized_prize_rent":null,"normalized_ads_rent":0.03333333333333333,"date":"2018-12-03T14:45:04.000Z","fill-opacity":0.0009479190032614563,"fill":"#ff0000"},"bbox":[-3.63032,40.5076,-3.63536,40.5126],"geometry":{"type":"Polygon","coordinates":[[[-3.63032,40.5126],[-3.63536,40.5126],[-3.63536,40.5076],[-3.63032,40.5076],[-3.63032,40.5126]]]}},{"type":"Feature","properties":{"name":"Alcobendas--piece--7-0--gCloud","number_of_ads_buy":19,"average_prize_buy":2452.15,"number_of_ads_rent":1,"average_prize_rent":13.0952,"normalized_prize_buy":0.5753654473356954,"normalized_ads_buy":0.6333333333333333,"normalized_prize_rent":null,"normalized_ads_rent":0.03333333333333333,"date":"2018-12-03T14:45:13.000Z","fill-opacity":0.4602923578685563,"fill":"#ff0000"},"bbox":[-3.62529,40.5528,-3.63032,40.5578],"geometry":{"type":"Polygon","coordinates":[[[-3.62529,40.5578],[-3.63032,40.5578],[-3.63032,40.5528],[-3.62529,40.5528],[-3.62529,40.5578]]]}},{"type":"Feature","properties":{"name":"Alcobendas--piece--7-1--gCloud","number_of_ads_buy":22,"average_prize_buy":2285.18,"number_of_ads_rent":6,"average_prize_rent":11.0679,"normalized_prize_buy":0.5361880851263521,"normalized_ads_buy":0.7333333333333333,"normalized_prize_rent":null,"normalized_ads_rent":0.2,"date":"2018-12-03T14:45:26.000Z","fill-opacity":0.42895046810108167,"fill":"#ff0000"},"bbox":[-3.62529,40.5478,-3.63032,40.5528],"geometry":{"type":"Polygon","coordinates":[[[-3.62529,40.5528],[-3.63032,40.5528],[-3.63032,40.5478],[-3.62529,40.5478],[-3.62529,40.5528]]]}},{"type":"Feature","properties":{"name":"Alcobendas--piece--7-2--gCloud","number_of_ads_buy":29,"average_prize_buy":2609.7,"number_of_ads_rent":1,"average_prize_rent":8.08823,"normalized_prize_buy":0.612332527745841,"normalized_ads_buy":0.9666666666666667,"normalized_prize_rent":null,"normalized_ads_rent":0.03333333333333333,"date":"2018-12-03T14:45:33.000Z","fill-opacity":0.48986602219667286,"fill":"#ff0000"},"bbox":[-3.62529,40.5428,-3.63032,40.5478],"geometry":{"type":"Polygon","coordinates":[[[-3.62529,40.5478],[-3.63032,40.5478],[-3.63032,40.5428],[-3.62529,40.5428],[-3.62529,40.5478]]]}},{"type":"Feature","properties":{"name":"Alcobendas--piece--7-3--gCloud","number_of_ads_buy":10,"average_prize_buy":2186.74,"number_of_ads_rent":1,"average_prize_rent":10.625,"normalized_prize_buy":0.5130904056876041,"normalized_ads_buy":0.3333333333333333,"normalized_prize_rent":null,"normalized_ads_rent":0.03333333333333333,"date":"2018-12-03T14:45:42.000Z","fill-opacity":0.4104723245500833,"fill":"#ff0000"},"bbox":[-3.62529,40.5377,-3.63032,40.5428],"geometry":{"type":"Polygon","coordinates":[[[-3.62529,40.5428],[-3.63032,40.5428],[-3.63032,40.5377],[-3.62529,40.5377],[-3.62529,40.5428]]]}},{"type":"Feature","properties":{"name":"Alcobendas--piece--7-4--gCloud","number_of_ads_buy":6,"average_prize_buy":3458.89,"number_of_ads_rent":2,"average_prize_rent":11.1857,"normalized_prize_buy":0.8115840352894249,"normalized_ads_buy":0.2,"normalized_prize_rent":null,"normalized_ads_rent":0.06666666666666667,"date":"2018-12-03T14:45:47.000Z","fill-opacity":0.6492672282315399,"fill":"#ff0000"},"bbox":[-3.62529,40.5327,-3.63032,40.5377],"geometry":{"type":"Polygon","coordinates":[[[-3.62529,40.5377],[-3.63032,40.5377],[-3.63032,40.5327],[-3.62529,40.5327],[-3.62529,40.5377]]]}},{"type":"Feature","properties":{"name":"Alcobendas--piece--7-5--gCloud","number_of_ads_buy":1,"average_prize_buy":3.3,"number_of_ads_rent":0,"average_prize_rent":0,"normalized_prize_buy":0.0007743025411201577,"normalized_ads_buy":0.03333333333333333,"normalized_prize_rent":null,"normalized_ads_rent":0,"date":"2018-12-03T14:45:59.000Z","fill-opacity":0.0006194420328961262,"fill":"#ff0000"},"bbox":[-3.62529,40.5277,-3.63032,40.5327],"geometry":{"type":"Polygon","coordinates":[[[-3.62529,40.5327],[-3.63032,40.5327],[-3.63032,40.5277],[-3.62529,40.5277],[-3.62529,40.5327]]]}},{"type":"Feature","properties":{"name":"Alcobendas--piece--7-6--gCloud","number_of_ads_buy":3,"average_prize_buy":4.09949,"number_of_ads_rent":0,"average_prize_rent":0,"normalized_prize_buy":0.0009618925831202048,"normalized_ads_buy":0.1,"normalized_prize_rent":null,"normalized_ads_rent":0,"date":"2018-12-03T14:46:07.000Z","fill-opacity":0.0007695140664961638,"fill":"#ff0000"},"bbox":[-3.62529,40.5227,-3.63032,40.5277],"geometry":{"type":"Polygon","coordinates":[[[-3.62529,40.5277],[-3.63032,40.5277],[-3.63032,40.5227],[-3.62529,40.5227],[-3.62529,40.5277]]]}},{"type":"Feature","properties":{"name":"Alcobendas--piece--7-7--gCloud","number_of_ads_buy":1,"average_prize_buy":4.375,"number_of_ads_rent":0,"average_prize_rent":0,"normalized_prize_buy":0.001026537459818391,"normalized_ads_buy":0.03333333333333333,"normalized_prize_rent":null,"normalized_ads_rent":0,"date":"2018-12-03T14:46:13.000Z","fill-opacity":0.0008212299678547128,"fill":"#ff0000"},"bbox":[-3.62529,40.5176,-3.63032,40.5227],"geometry":{"type":"Polygon","coordinates":[[[-3.62529,40.5227],[-3.63032,40.5227],[-3.63032,40.5176],[-3.62529,40.5176],[-3.62529,40.5227]]]}},{"type":"Feature","properties":{"name":"Alcobendas--piece--7-8--gCloud","number_of_ads_buy":4,"average_prize_buy":6.97091,"number_of_ads_rent":0,"average_prize_rent":0,"normalized_prize_buy":0.0016356343414908846,"normalized_ads_buy":0.13333333333333333,"normalized_prize_rent":null,"normalized_ads_rent":0,"date":"2018-12-03T14:46:18.000Z","fill-opacity":0.0013085074731927077,"fill":"#ff0000"},"bbox":[-3.62529,40.5126,-3.63032,40.5176],"geometry":{"type":"Polygon","coordinates":[[[-3.62529,40.5176],[-3.63032,40.5176],[-3.63032,40.5126],[-3.62529,40.5126],[-3.62529,40.5176]]]}},{"type":"Feature","properties":{"name":"Alcobendas--piece--7-9--gCloud","number_of_ads_buy":20,"average_prize_buy":4.22254,"number_of_ads_rent":3,"average_prize_rent":16.3678,"normalized_prize_buy":0.0009907646824186397,"normalized_ads_buy":0.6666666666666666,"normalized_prize_rent":null,"normalized_ads_rent":0.1,"date":"2018-12-03T14:46:28.000Z","fill-opacity":0.0007926117459349119,"fill":"#ff0000"},"bbox":[-3.62529,40.5076,-3.63032,40.5126],"geometry":{"type":"Polygon","coordinates":[[[-3.62529,40.5126],[-3.63032,40.5126],[-3.63032,40.5076],[-3.62529,40.5076],[-3.62529,40.5126]]]}},{"type":"Feature","properties":{"name":"Alcobendas--piece--8-0--gCloud","number_of_ads_buy":4,"average_prize_buy":2585.16,"number_of_ads_rent":0,"average_prize_rent":0,"normalized_prize_buy":0.6065745324855112,"normalized_ads_buy":0.13333333333333333,"normalized_prize_rent":null,"normalized_ads_rent":0,"date":"2018-12-03T14:46:37.000Z","fill-opacity":0.485259625988409,"fill":"#ff0000"},"bbox":[-3.62026,40.5528,-3.62529,40.5578],"geometry":{"type":"Polygon","coordinates":[[[-3.62026,40.5578],[-3.62529,40.5578],[-3.62529,40.5528],[-3.62026,40.5528],[-3.62026,40.5578]]]}},{"type":"Feature","properties":{"name":"Alcobendas--piece--8-1--gCloud","number_of_ads_buy":4,"average_prize_buy":2100.41,"number_of_ads_rent":0,"average_prize_rent":0,"normalized_prize_buy":0.49283418193763345,"normalized_ads_buy":0.13333333333333333,"normalized_prize_rent":null,"normalized_ads_rent":0,"date":"2018-12-03T14:46:51.000Z","fill-opacity":0.3942673455501068,"fill":"#ff0000"},"bbox":[-3.62026,40.5478,-3.62529,40.5528],"geometry":{"type":"Polygon","coordinates":[[[-3.62026,40.5528],[-3.62529,40.5528],[-3.62529,40.5478],[-3.62026,40.5478],[-3.62026,40.5528]]]}},{"type":"Feature","properties":{"name":"Alcobendas--piece--8-2--gCloud","number_of_ads_buy":11,"average_prize_buy":2791.72,"number_of_ads_rent":6,"average_prize_rent":10.3926,"normalized_prize_buy":0.6550411788169596,"normalized_ads_buy":0.36666666666666664,"normalized_prize_rent":null,"normalized_ads_rent":0.2,"date":"2018-12-03T14:47:00.000Z","fill-opacity":0.5240329430535676,"fill":"#ff0000"},"bbox":[-3.62026,40.5428,-3.62529,40.5478],"geometry":{"type":"Polygon","coordinates":[[[-3.62026,40.5478],[-3.62529,40.5478],[-3.62529,40.5428],[-3.62026,40.5428],[-3.62026,40.5478]]]}},{"type":"Feature","properties":{"name":"Alcobendas--piece--8-3--gCloud","number_of_ads_buy":22,"average_prize_buy":3030.26,"number_of_ads_rent":8,"average_prize_rent":11.2618,"normalized_prize_buy":0.7110115206832635,"normalized_ads_buy":0.7333333333333333,"normalized_prize_rent":null,"normalized_ads_rent":0.26666666666666666,"date":"2018-12-03T14:47:09.000Z","fill-opacity":0.5688092165466108,"fill":"#ff0000"},"bbox":[-3.62026,40.5377,-3.62529,40.5428],"geometry":{"type":"Polygon","coordinates":[[[-3.62026,40.5428],[-3.62529,40.5428],[-3.62529,40.5377],[-3.62026,40.5377],[-3.62026,40.5428]]]}},{"type":"Feature","properties":{"name":"Alcobendas--piece--8-4--gCloud","number_of_ads_buy":4,"average_prize_buy":1974.97,"number_of_ads_rent":1,"average_prize_rent":9.14286,"normalized_prize_buy":0.4634012998897206,"normalized_ads_buy":0.13333333333333333,"normalized_prize_rent":null,"normalized_ads_rent":0.03333333333333333,"date":"2018-12-03T14:47:18.000Z","fill-opacity":0.3707210399117765,"fill":"#ff0000"},"bbox":[-3.62026,40.5327,-3.62529,40.5377],"geometry":{"type":"Polygon","coordinates":[[[-3.62026,40.5377],[-3.62529,40.5377],[-3.62529,40.5327],[-3.62026,40.5327],[-3.62026,40.5377]]]}},{"type":"Feature","properties":{"name":"Alcobendas--piece--8-5--gCloud","number_of_ads_buy":5,"average_prize_buy":4.25567,"number_of_ads_rent":0,"average_prize_rent":0,"normalized_prize_buy":0.0009985382106572189,"normalized_ads_buy":0.16666666666666666,"normalized_prize_rent":null,"normalized_ads_rent":0,"date":"2018-12-03T14:47:29.000Z","fill-opacity":0.0007988305685257751,"fill":"#ff0000"},"bbox":[-3.62026,40.5277,-3.62529,40.5327],"geometry":{"type":"Polygon","coordinates":[[[-3.62026,40.5327],[-3.62529,40.5327],[-3.62529,40.5277],[-3.62026,40.5277],[-3.62026,40.5327]]]}},{"type":"Feature","properties":{"name":"Alcobendas--piece--8-6--gCloud","number_of_ads_buy":3,"average_prize_buy":5.53391,"number_of_ads_rent":0,"average_prize_rent":0,"normalized_prize_buy":0.0012984607804031067,"normalized_ads_buy":0.1,"normalized_prize_rent":null,"normalized_ads_rent":0,"date":"2018-12-03T14:47:36.000Z","fill-opacity":0.0010387686243224854,"fill":"#ff0000"},"bbox":[-3.62026,40.5227,-3.62529,40.5277],"geometry":{"type":"Polygon","coordinates":[[[-3.62026,40.5277],[-3.62529,40.5277],[-3.62529,40.5227],[-3.62026,40.5227],[-3.62026,40.5277]]]}},{"type":"Feature","properties":{"name":"Alcobendas--piece--8-7--gCloud","number_of_ads_buy":1,"average_prize_buy":8.75,"number_of_ads_rent":0,"average_prize_rent":0,"normalized_prize_buy":0.002053074919636782,"normalized_ads_buy":0.03333333333333333,"normalized_prize_rent":null,"normalized_ads_rent":0,"date":"2018-12-03T14:47:47.000Z","fill-opacity":0.0016424599357094255,"fill":"#ff0000"},"bbox":[-3.62026,40.5176,-3.62529,40.5227],"geometry":{"type":"Polygon","coordinates":[[[-3.62026,40.5227],[-3.62529,40.5227],[-3.62529,40.5176],[-3.62026,40.5176],[-3.62026,40.5227]]]}},{"type":"Feature","properties":{"name":"Alcobendas--piece--8-8--gCloud","number_of_ads_buy":10,"average_prize_buy":5.60114,"number_of_ads_rent":0,"average_prize_rent":0,"normalized_prize_buy":0.0013142354348999275,"normalized_ads_buy":0.3333333333333333,"normalized_prize_rent":null,"normalized_ads_rent":0,"date":"2018-12-03T14:47:56.000Z","fill-opacity":0.001051388347919942,"fill":"#ff0000"},"bbox":[-3.62026,40.5126,-3.62529,40.5176],"geometry":{"type":"Polygon","coordinates":[[[-3.62026,40.5176],[-3.62529,40.5176],[-3.62529,40.5126],[-3.62026,40.5126],[-3.62026,40.5176]]]}},{"type":"Feature","properties":{"name":"Alcobendas--piece--8-9--gCloud","number_of_ads_buy":14,"average_prize_buy":4.56393,"number_of_ads_rent":0,"average_prize_rent":0,"normalized_prize_buy":0.0010708674534831884,"normalized_ads_buy":0.4666666666666667,"normalized_prize_rent":null,"normalized_ads_rent":0,"date":"2018-12-03T14:48:02.000Z","fill-opacity":0.0008566939627865507,"fill":"#ff0000"},"bbox":[-3.62026,40.5076,-3.62529,40.5126],"geometry":{"type":"Polygon","coordinates":[[[-3.62026,40.5126],[-3.62529,40.5126],[-3.62529,40.5076],[-3.62026,40.5076],[-3.62026,40.5126]]]}},{"type":"Feature","properties":{"name":"Alcobendas--piece--9-0--gCloud","number_of_ads_buy":7,"average_prize_buy":2410.71,"number_of_ads_rent":2,"average_prize_rent":12.9167,"normalized_prize_buy":0.5656420845162956,"normalized_ads_buy":0.23333333333333334,"normalized_prize_rent":null,"normalized_ads_rent":0.06666666666666667,"date":"2018-12-03T14:48:10.000Z","fill-opacity":0.4525136676130365,"fill":"#ff0000"},"bbox":[-3.61523,40.5528,-3.62026,40.5578],"geometry":{"type":"Polygon","coordinates":[[[-3.61523,40.5578],[-3.62026,40.5578],[-3.62026,40.5528],[-3.61523,40.5528],[-3.61523,40.5578]]]}},{"type":"Feature","properties":{"name":"Alcobendas--piece--9-1--gCloud","number_of_ads_buy":4,"average_prize_buy":1502.34,"number_of_ads_rent":0,"average_prize_rent":0,"normalized_prize_buy":0.35250475140195686,"normalized_ads_buy":0.13333333333333333,"normalized_prize_rent":null,"normalized_ads_rent":0,"date":"2018-12-03T14:48:16.000Z","fill-opacity":0.2820038011215655,"fill":"#ff0000"},"bbox":[-3.61523,40.5478,-3.62026,40.5528],"geometry":{"type":"Polygon","coordinates":[[[-3.61523,40.5528],[-3.62026,40.5528],[-3.62026,40.5478],[-3.61523,40.5478],[-3.61523,40.5528]]]}},{"type":"Feature","properties":{"name":"Alcobendas--piece--9-2--gCloud","number_of_ads_buy":18,"average_prize_buy":2427.58,"number_of_ads_rent":10,"average_prize_rent":11.1637,"normalized_prize_buy":0.5696004129613553,"normalized_ads_buy":0.6,"normalized_prize_rent":null,"normalized_ads_rent":0.3333333333333333,"date":"2018-12-03T14:48:22.000Z","fill-opacity":0.4556803303690843,"fill":"#ff0000"},"bbox":[-3.61523,40.5428,-3.62026,40.5478],"geometry":{"type":"Polygon","coordinates":[[[-3.61523,40.5478],[-3.62026,40.5478],[-3.62026,40.5428],[-3.61523,40.5428],[-3.61523,40.5478]]]}},{"type":"Feature","properties":{"name":"Alcobendas--piece--9-3--gCloud","number_of_ads_buy":3,"average_prize_buy":4261.9,"number_of_ads_rent":2,"average_prize_rent":8.49537,"normalized_prize_buy":1,"normalized_ads_buy":0.1,"normalized_prize_rent":null,"normalized_ads_rent":0.06666666666666667,"date":"2018-12-03T14:48:33.000Z","fill-opacity":0.8,"fill":"#ff0000"},"bbox":[-3.61523,40.5377,-3.62026,40.5428],"geometry":{"type":"Polygon","coordinates":[[[-3.61523,40.5428],[-3.62026,40.5428],[-3.62026,40.5377],[-3.61523,40.5377],[-3.61523,40.5428]]]}},{"type":"Feature","properties":{"name":"Alcobendas--piece--9-4--gCloud","number_of_ads_buy":1,"average_prize_buy":4.19847,"number_of_ads_rent":0,"average_prize_rent":0,"normalized_prize_buy":0.000985116966611136,"normalized_ads_buy":0.03333333333333333,"normalized_prize_rent":null,"normalized_ads_rent":0,"date":"2018-12-03T14:48:38.000Z","fill-opacity":0.0007880935732889089,"fill":"#ff0000"},"bbox":[-3.61523,40.5327,-3.62026,40.5377],"geometry":{"type":"Polygon","coordinates":[[[-3.61523,40.5377],[-3.62026,40.5377],[-3.62026,40.5327],[-3.61523,40.5327],[-3.61523,40.5377]]]}},{"type":"Feature","properties":{"name":"Alcobendas--piece--9-5--gCloud","number_of_ads_buy":7,"average_prize_buy":4.99582,"number_of_ads_rent":0,"average_prize_rent":0,"normalized_prize_buy":0.0011722048851451233,"normalized_ads_buy":0.23333333333333334,"normalized_prize_rent":null,"normalized_ads_rent":0,"date":"2018-12-03T14:48:47.000Z","fill-opacity":0.0009377639081160987,"fill":"#ff0000"},"bbox":[-3.61523,40.5277,-3.62026,40.5327],"geometry":{"type":"Polygon","coordinates":[[[-3.61523,40.5327],[-3.62026,40.5327],[-3.62026,40.5277],[-3.61523,40.5277],[-3.61523,40.5327]]]}},{"type":"Feature","properties":{"name":"Alcobendas--piece--9-6--gCloud","number_of_ads_buy":3,"average_prize_buy":4.79671,"number_of_ads_rent":0,"average_prize_rent":0,"normalized_prize_buy":0.0011254862854595368,"normalized_ads_buy":0.1,"normalized_prize_rent":null,"normalized_ads_rent":0,"date":"2018-12-03T14:48:59.000Z","fill-opacity":0.0009003890283676296,"fill":"#ff0000"},"bbox":[-3.61523,40.5227,-3.62026,40.5277],"geometry":{"type":"Polygon","coordinates":[[[-3.61523,40.5277],[-3.62026,40.5277],[-3.62026,40.5227],[-3.61523,40.5227],[-3.61523,40.5277]]]}},{"type":"Feature","properties":{"name":"Alcobendas--piece--9-7--gCloud","number_of_ads_buy":6,"average_prize_buy":4.48638,"number_of_ads_rent":0,"average_prize_rent":0,"normalized_prize_buy":0.0010526713437668646,"normalized_ads_buy":0.2,"normalized_prize_rent":null,"normalized_ads_rent":0,"date":"2018-12-03T14:49:05.000Z","fill-opacity":0.0008421370750134917,"fill":"#ff0000"},"bbox":[-3.61523,40.5176,-3.62026,40.5227],"geometry":{"type":"Polygon","coordinates":[[[-3.61523,40.5227],[-3.62026,40.5227],[-3.62026,40.5176],[-3.61523,40.5176],[-3.61523,40.5227]]]}},{"type":"Feature","properties":{"name":"Alcobendas--piece--9-8--gCloud","number_of_ads_buy":8,"average_prize_buy":3.81726,"number_of_ads_rent":1,"average_prize_rent":15,"normalized_prize_buy":0.0008956709448837374,"normalized_ads_buy":0.26666666666666666,"normalized_prize_rent":null,"normalized_ads_rent":0.03333333333333333,"date":"2018-12-03T14:49:18.000Z","fill-opacity":0.00071653675590699,"fill":"#ff0000"},"bbox":[-3.61523,40.5126,-3.62026,40.5176],"geometry":{"type":"Polygon","coordinates":[[[-3.61523,40.5176],[-3.62026,40.5176],[-3.62026,40.5126],[-3.61523,40.5126],[-3.61523,40.5176]]]}},{"type":"Feature","properties":{"name":"Alcobendas--piece--9-9--gCloud","number_of_ads_buy":15,"average_prize_buy":5.07358,"number_of_ads_rent":1,"average_prize_rent":20.8333,"normalized_prize_buy":0.001190450268659518,"normalized_ads_buy":0.5,"normalized_prize_rent":null,"normalized_ads_rent":0.03333333333333333,"date":"2018-12-03T14:49:27.000Z","fill-opacity":0.0009523602149276145,"fill":"#ff0000"},"bbox":[-3.61523,40.5076,-3.62026,40.5126],"geometry":{"type":"Polygon","coordinates":[[[-3.61523,40.5126],[-3.62026,40.5126],[-3.62026,40.5076],[-3.61523,40.5076],[-3.61523,40.5126]]]}}]}