{"type":"FeatureCollection","features":[{"type":"Feature","properties":{"name":"Alcorcón--piece--0-0--raspberry3bp","number_of_ads_buy":0,"average_prize_buy":0,"number_of_ads_rent":0,"average_prize_rent":0,"normalized_prize_buy":null,"normalized_ads_buy":null,"normalized_prize_rent":null,"normalized_ads_rent":null,"date":"2018-12-07T07:48:00.000Z","fill-opacity":null,"fill":"#ff0000"},"bbox":[-3.85623,40.3583,-3.86149,40.3638],"geometry":{"type":"Polygon","coordinates":[[[-3.85623,40.3638],[-3.86149,40.3638],[-3.86149,40.3583],[-3.85623,40.3583],[-3.85623,40.3638]]]}},{"type":"Feature","properties":{"name":"Alcorcón--piece--0-1--raspberry3bp","number_of_ads_buy":0,"average_prize_buy":0,"number_of_ads_rent":0,"average_prize_rent":0,"normalized_prize_buy":null,"normalized_ads_buy":null,"normalized_prize_rent":null,"normalized_ads_rent":null,"date":"2018-12-07T07:48:11.000Z","fill-opacity":null,"fill":"#ff0000"},"bbox":[-3.85623,40.3528,-3.86149,40.3583],"geometry":{"type":"Polygon","coordinates":[[[-3.85623,40.3583],[-3.86149,40.3583],[-3.86149,40.3528],[-3.85623,40.3528],[-3.85623,40.3583]]]}},{"type":"Feature","properties":{"name":"Alcorcón--piece--0-2--raspberry3bp","number_of_ads_buy":0,"average_prize_buy":0,"number_of_ads_rent":0,"average_prize_rent":0,"normalized_prize_buy":null,"normalized_ads_buy":null,"normalized_prize_rent":null,"normalized_ads_rent":null,"date":"2018-12-07T07:48:29.000Z","fill-opacity":null,"fill":"#ff0000"},"bbox":[-3.85623,40.3473,-3.86149,40.3528],"geometry":{"type":"Polygon","coordinates":[[[-3.85623,40.3528],[-3.86149,40.3528],[-3.86149,40.3473],[-3.85623,40.3473],[-3.85623,40.3528]]]}},{"type":"Feature","properties":{"name":"Alcorcón--piece--0-3--raspberry3bp","number_of_ads_buy":0,"average_prize_buy":0,"number_of_ads_rent":0,"average_prize_rent":0,"normalized_prize_buy":null,"normalized_ads_buy":null,"normalized_prize_rent":null,"normalized_ads_rent":null,"date":"2018-12-07T07:48:44.000Z","fill-opacity":null,"fill":"#ff0000"},"bbox":[-3.85623,40.3418,-3.86149,40.3473],"geometry":{"type":"Polygon","coordinates":[[[-3.85623,40.3473],[-3.86149,40.3473],[-3.86149,40.3418],[-3.85623,40.3418],[-3.85623,40.3473]]]}},{"type":"Feature","properties":{"name":"Alcorcón--piece--0-4--raspberry3bp","number_of_ads_buy":0,"average_prize_buy":0,"number_of_ads_rent":0,"average_prize_rent":0,"normalized_prize_buy":null,"normalized_ads_buy":null,"normalized_prize_rent":null,"normalized_ads_rent":null,"date":"2018-12-07T07:49:01.000Z","fill-opacity":null,"fill":"#ff0000"},"bbox":[-3.85623,40.3362,-3.86149,40.3418],"geometry":{"type":"Polygon","coordinates":[[[-3.85623,40.3418],[-3.86149,40.3418],[-3.86149,40.3362],[-3.85623,40.3362],[-3.85623,40.3418]]]}},{"type":"Feature","properties":{"name":"Alcorcón--piece--0-5--raspberry3bp","number_of_ads_buy":0,"average_prize_buy":0,"number_of_ads_rent":0,"average_prize_rent":0,"normalized_prize_buy":null,"normalized_ads_buy":null,"normalized_prize_rent":null,"normalized_ads_rent":null,"date":"2018-12-07T07:49:15.000Z","fill-opacity":null,"fill":"#ff0000"},"bbox":[-3.85623,40.3307,-3.86149,40.3362],"geometry":{"type":"Polygon","coordinates":[[[-3.85623,40.3362],[-3.86149,40.3362],[-3.86149,40.3307],[-3.85623,40.3307],[-3.85623,40.3362]]]}},{"type":"Feature","properties":{"name":"Alcorcón--piece--0-6--raspberry3bp","number_of_ads_buy":0,"average_prize_buy":0,"number_of_ads_rent":3,"average_prize_rent":0,"normalized_prize_buy":null,"normalized_ads_buy":null,"normalized_prize_rent":null,"normalized_ads_rent":null,"date":"2018-12-07T07:49:31.000Z","fill-opacity":null,"fill":"#ff0000"},"bbox":[-3.85623,40.3252,-3.86149,40.3307],"geometry":{"type":"Polygon","coordinates":[[[-3.85623,40.3307],[-3.86149,40.3307],[-3.86149,40.3252],[-3.85623,40.3252],[-3.85623,40.3307]]]}},{"type":"Feature","properties":{"name":"Alcorcón--piece--1-0--raspberry3bp","number_of_ads_buy":0,"average_prize_buy":0,"number_of_ads_rent":0,"average_prize_rent":0,"normalized_prize_buy":null,"normalized_ads_buy":null,"normalized_prize_rent":null,"normalized_ads_rent":null,"date":"2018-12-07T07:49:45.000Z","fill-opacity":null,"fill":"#ff0000"},"bbox":[-3.85097,40.3583,-3.85623,40.3638],"geometry":{"type":"Polygon","coordinates":[[[-3.85097,40.3638],[-3.85623,40.3638],[-3.85623,40.3583],[-3.85097,40.3583],[-3.85097,40.3638]]]}},{"type":"Feature","properties":{"name":"Alcorcón--piece--1-1--raspberry3bp","number_of_ads_buy":0,"average_prize_buy":0,"number_of_ads_rent":0,"average_prize_rent":0,"normalized_prize_buy":null,"normalized_ads_buy":null,"normalized_prize_rent":null,"normalized_ads_rent":null,"date":"2018-12-07T07:49:59.000Z","fill-opacity":null,"fill":"#ff0000"},"bbox":[-3.85097,40.3528,-3.85623,40.3583],"geometry":{"type":"Polygon","coordinates":[[[-3.85097,40.3583],[-3.85623,40.3583],[-3.85623,40.3528],[-3.85097,40.3528],[-3.85097,40.3583]]]}},{"type":"Feature","properties":{"name":"Alcorcón--piece--1-2--raspberry3bp","number_of_ads_buy":0,"average_prize_buy":0,"number_of_ads_rent":0,"average_prize_rent":0,"normalized_prize_buy":null,"normalized_ads_buy":null,"normalized_prize_rent":null,"normalized_ads_rent":null,"date":"2018-12-07T07:50:13.000Z","fill-opacity":null,"fill":"#ff0000"},"bbox":[-3.85097,40.3473,-3.85623,40.3528],"geometry":{"type":"Polygon","coordinates":[[[-3.85097,40.3528],[-3.85623,40.3528],[-3.85623,40.3473],[-3.85097,40.3473],[-3.85097,40.3528]]]}},{"type":"Feature","properties":{"name":"Alcorcón--piece--1-3--raspberry3bp","number_of_ads_buy":0,"average_prize_buy":0,"number_of_ads_rent":0,"average_prize_rent":0,"normalized_prize_buy":null,"normalized_ads_buy":null,"normalized_prize_rent":null,"normalized_ads_rent":null,"date":"2018-12-07T07:50:30.000Z","fill-opacity":null,"fill":"#ff0000"},"bbox":[-3.85097,40.3418,-3.85623,40.3473],"geometry":{"type":"Polygon","coordinates":[[[-3.85097,40.3473],[-3.85623,40.3473],[-3.85623,40.3418],[-3.85097,40.3418],[-3.85097,40.3473]]]}},{"type":"Feature","properties":{"name":"Alcorcón--piece--1-4--raspberry3bp","number_of_ads_buy":0,"average_prize_buy":0,"number_of_ads_rent":0,"average_prize_rent":0,"normalized_prize_buy":null,"normalized_ads_buy":null,"normalized_prize_rent":null,"normalized_ads_rent":null,"date":"2018-12-07T07:50:47.000Z","fill-opacity":null,"fill":"#ff0000"},"bbox":[-3.85097,40.3362,-3.85623,40.3418],"geometry":{"type":"Polygon","coordinates":[[[-3.85097,40.3418],[-3.85623,40.3418],[-3.85623,40.3362],[-3.85097,40.3362],[-3.85097,40.3418]]]}},{"type":"Feature","properties":{"name":"Alcorcón--piece--1-5--raspberry3bp","number_of_ads_buy":0,"average_prize_buy":0,"number_of_ads_rent":0,"average_prize_rent":0,"normalized_prize_buy":null,"normalized_ads_buy":null,"normalized_prize_rent":null,"normalized_ads_rent":null,"date":"2018-12-07T07:51:04.000Z","fill-opacity":null,"fill":"#ff0000"},"bbox":[-3.85097,40.3307,-3.85623,40.3362],"geometry":{"type":"Polygon","coordinates":[[[-3.85097,40.3362],[-3.85623,40.3362],[-3.85623,40.3307],[-3.85097,40.3307],[-3.85097,40.3362]]]}},{"type":"Feature","properties":{"name":"Alcorcón--piece--1-6--raspberry3bp","number_of_ads_buy":0,"average_prize_buy":0,"number_of_ads_rent":1,"average_prize_rent":1,"normalized_prize_buy":null,"normalized_ads_buy":null,"normalized_prize_rent":null,"normalized_ads_rent":null,"date":"2018-12-07T07:51:19.000Z","fill-opacity":null,"fill":"#ff0000"},"bbox":[-3.85097,40.3252,-3.85623,40.3307],"geometry":{"type":"Polygon","coordinates":[[[-3.85097,40.3307],[-3.85623,40.3307],[-3.85623,40.3252],[-3.85097,40.3252],[-3.85097,40.3307]]]}},{"type":"Feature","properties":{"name":"Alcorcón--piece--10-0--raspberry3bp","number_of_ads_buy":0,"average_prize_buy":0,"number_of_ads_rent":0,"average_prize_rent":0,"normalized_prize_buy":null,"normalized_ads_buy":null,"normalized_prize_rent":null,"normalized_ads_rent":null,"date":"2018-12-07T07:51:39.000Z","fill-opacity":null,"fill":"#ff0000"},"bbox":[-3.80365,40.3583,-3.80891,40.3638],"geometry":{"type":"Polygon","coordinates":[[[-3.80365,40.3638],[-3.80891,40.3638],[-3.80891,40.3583],[-3.80365,40.3583],[-3.80365,40.3638]]]}},{"type":"Feature","properties":{"name":"Alcorcón--piece--10-1--raspberry3bp","number_of_ads_buy":0,"average_prize_buy":0,"number_of_ads_rent":2,"average_prize_rent":0,"normalized_prize_buy":null,"normalized_ads_buy":null,"normalized_prize_rent":null,"normalized_ads_rent":null,"date":"2018-12-07T07:51:55.000Z","fill-opacity":null,"fill":"#ff0000"},"bbox":[-3.80365,40.3528,-3.80891,40.3583],"geometry":{"type":"Polygon","coordinates":[[[-3.80365,40.3583],[-3.80891,40.3583],[-3.80891,40.3528],[-3.80365,40.3528],[-3.80365,40.3583]]]}},{"type":"Feature","properties":{"name":"Alcorcón--piece--10-2--raspberry3bp","number_of_ads_buy":0,"average_prize_buy":0,"number_of_ads_rent":0,"average_prize_rent":0,"normalized_prize_buy":null,"normalized_ads_buy":null,"normalized_prize_rent":null,"normalized_ads_rent":null,"date":"2018-12-07T07:52:12.000Z","fill-opacity":null,"fill":"#ff0000"},"bbox":[-3.80365,40.3473,-3.80891,40.3528],"geometry":{"type":"Polygon","coordinates":[[[-3.80365,40.3528],[-3.80891,40.3528],[-3.80891,40.3473],[-3.80365,40.3473],[-3.80365,40.3528]]]}},{"type":"Feature","properties":{"name":"Alcorcón--piece--10-3--raspberry3bp","number_of_ads_buy":0,"average_prize_buy":0,"number_of_ads_rent":0,"average_prize_rent":0,"normalized_prize_buy":null,"normalized_ads_buy":null,"normalized_prize_rent":null,"normalized_ads_rent":null,"date":"2018-12-07T07:52:27.000Z","fill-opacity":null,"fill":"#ff0000"},"bbox":[-3.80365,40.3418,-3.80891,40.3473],"geometry":{"type":"Polygon","coordinates":[[[-3.80365,40.3473],[-3.80891,40.3473],[-3.80891,40.3418],[-3.80365,40.3418],[-3.80365,40.3473]]]}},{"type":"Feature","properties":{"name":"Alcorcón--piece--10-4--raspberry3bp","number_of_ads_buy":0,"average_prize_buy":0,"number_of_ads_rent":0,"average_prize_rent":0,"normalized_prize_buy":null,"normalized_ads_buy":null,"normalized_prize_rent":null,"normalized_ads_rent":null,"date":"2018-12-07T07:52:47.000Z","fill-opacity":null,"fill":"#ff0000"},"bbox":[-3.80365,40.3362,-3.80891,40.3418],"geometry":{"type":"Polygon","coordinates":[[[-3.80365,40.3418],[-3.80891,40.3418],[-3.80891,40.3362],[-3.80365,40.3362],[-3.80365,40.3418]]]}},{"type":"Feature","properties":{"name":"Alcorcón--piece--10-5--raspberry3bp","number_of_ads_buy":0,"average_prize_buy":0,"number_of_ads_rent":0,"average_prize_rent":0,"normalized_prize_buy":null,"normalized_ads_buy":null,"normalized_prize_rent":null,"normalized_ads_rent":null,"date":"2018-12-07T07:53:01.000Z","fill-opacity":null,"fill":"#ff0000"},"bbox":[-3.80365,40.3307,-3.80891,40.3362],"geometry":{"type":"Polygon","coordinates":[[[-3.80365,40.3362],[-3.80891,40.3362],[-3.80891,40.3307],[-3.80365,40.3307],[-3.80365,40.3362]]]}},{"type":"Feature","properties":{"name":"Alcorcón--piece--10-6--raspberry3bp","number_of_ads_buy":0,"average_prize_buy":0,"number_of_ads_rent":0,"average_prize_rent":0,"normalized_prize_buy":null,"normalized_ads_buy":null,"normalized_prize_rent":null,"normalized_ads_rent":null,"date":"2018-12-07T07:53:13.000Z","fill-opacity":null,"fill":"#ff0000"},"bbox":[-3.80365,40.3252,-3.80891,40.3307],"geometry":{"type":"Polygon","coordinates":[[[-3.80365,40.3307],[-3.80891,40.3307],[-3.80891,40.3252],[-3.80365,40.3252],[-3.80365,40.3307]]]}},{"type":"Feature","properties":{"name":"Alcorcón--piece--11-0--raspberry3bp","number_of_ads_buy":0,"average_prize_buy":0,"number_of_ads_rent":0,"average_prize_rent":0,"normalized_prize_buy":null,"normalized_ads_buy":null,"normalized_prize_rent":null,"normalized_ads_rent":null,"date":"2018-12-07T07:53:32.000Z","fill-opacity":null,"fill":"#ff0000"},"bbox":[-3.79839,40.3583,-3.80365,40.3638],"geometry":{"type":"Polygon","coordinates":[[[-3.79839,40.3638],[-3.80365,40.3638],[-3.80365,40.3583],[-3.79839,40.3583],[-3.79839,40.3638]]]}},{"type":"Feature","properties":{"name":"Alcorcón--piece--11-1--raspberry3bp","number_of_ads_buy":0,"average_prize_buy":0,"number_of_ads_rent":2,"average_prize_rent":2,"normalized_prize_buy":null,"normalized_ads_buy":null,"normalized_prize_rent":null,"normalized_ads_rent":null,"date":"2018-12-07T07:53:47.000Z","fill-opacity":null,"fill":"#ff0000"},"bbox":[-3.79839,40.3528,-3.80365,40.3583],"geometry":{"type":"Polygon","coordinates":[[[-3.79839,40.3583],[-3.80365,40.3583],[-3.80365,40.3528],[-3.79839,40.3528],[-3.79839,40.3583]]]}},{"type":"Feature","properties":{"name":"Alcorcón--piece--11-2--raspberry3bp","number_of_ads_buy":0,"average_prize_buy":0,"number_of_ads_rent":1,"average_prize_rent":0,"normalized_prize_buy":null,"normalized_ads_buy":null,"normalized_prize_rent":null,"normalized_ads_rent":null,"date":"2018-12-07T07:54:01.000Z","fill-opacity":null,"fill":"#ff0000"},"bbox":[-3.79839,40.3473,-3.80365,40.3528],"geometry":{"type":"Polygon","coordinates":[[[-3.79839,40.3528],[-3.80365,40.3528],[-3.80365,40.3473],[-3.79839,40.3473],[-3.79839,40.3528]]]}},{"type":"Feature","properties":{"name":"Alcorcón--piece--11-3--raspberry3bp","number_of_ads_buy":0,"average_prize_buy":0,"number_of_ads_rent":0,"average_prize_rent":0,"normalized_prize_buy":null,"normalized_ads_buy":null,"normalized_prize_rent":null,"normalized_ads_rent":null,"date":"2018-12-07T07:54:18.000Z","fill-opacity":null,"fill":"#ff0000"},"bbox":[-3.79839,40.3418,-3.80365,40.3473],"geometry":{"type":"Polygon","coordinates":[[[-3.79839,40.3473],[-3.80365,40.3473],[-3.80365,40.3418],[-3.79839,40.3418],[-3.79839,40.3473]]]}},{"type":"Feature","properties":{"name":"Alcorcón--piece--11-4--raspberry3bp","number_of_ads_buy":0,"average_prize_buy":0,"number_of_ads_rent":0,"average_prize_rent":0,"normalized_prize_buy":null,"normalized_ads_buy":null,"normalized_prize_rent":null,"normalized_ads_rent":null,"date":"2018-12-07T07:54:35.000Z","fill-opacity":null,"fill":"#ff0000"},"bbox":[-3.79839,40.3362,-3.80365,40.3418],"geometry":{"type":"Polygon","coordinates":[[[-3.79839,40.3418],[-3.80365,40.3418],[-3.80365,40.3362],[-3.79839,40.3362],[-3.79839,40.3418]]]}},{"type":"Feature","properties":{"name":"Alcorcón--piece--11-5--raspberry3bp","number_of_ads_buy":0,"average_prize_buy":0,"number_of_ads_rent":0,"average_prize_rent":0,"normalized_prize_buy":null,"normalized_ads_buy":null,"normalized_prize_rent":null,"normalized_ads_rent":null,"date":"2018-12-07T07:54:49.000Z","fill-opacity":null,"fill":"#ff0000"},"bbox":[-3.79839,40.3307,-3.80365,40.3362],"geometry":{"type":"Polygon","coordinates":[[[-3.79839,40.3362],[-3.80365,40.3362],[-3.80365,40.3307],[-3.79839,40.3307],[-3.79839,40.3362]]]}},{"type":"Feature","properties":{"name":"Alcorcón--piece--11-6--raspberry3bp","number_of_ads_buy":0,"average_prize_buy":0,"number_of_ads_rent":0,"average_prize_rent":0,"normalized_prize_buy":null,"normalized_ads_buy":null,"normalized_prize_rent":null,"normalized_ads_rent":null,"date":"2018-12-07T07:55:02.000Z","fill-opacity":null,"fill":"#ff0000"},"bbox":[-3.79839,40.3252,-3.80365,40.3307],"geometry":{"type":"Polygon","coordinates":[[[-3.79839,40.3307],[-3.80365,40.3307],[-3.80365,40.3252],[-3.79839,40.3252],[-3.79839,40.3307]]]}},{"type":"Feature","properties":{"name":"Alcorcón--piece--12-0--raspberry3bp","number_of_ads_buy":0,"average_prize_buy":0,"number_of_ads_rent":0,"average_prize_rent":0,"normalized_prize_buy":null,"normalized_ads_buy":null,"normalized_prize_rent":null,"normalized_ads_rent":null,"date":"2018-12-07T07:55:22.000Z","fill-opacity":null,"fill":"#ff0000"},"bbox":[-3.79313,40.3583,-3.79839,40.3638],"geometry":{"type":"Polygon","coordinates":[[[-3.79313,40.3638],[-3.79839,40.3638],[-3.79839,40.3583],[-3.79313,40.3583],[-3.79313,40.3638]]]}},{"type":"Feature","properties":{"name":"Alcorcón--piece--12-1--raspberry3bp","number_of_ads_buy":0,"average_prize_buy":0,"number_of_ads_rent":0,"average_prize_rent":0,"normalized_prize_buy":null,"normalized_ads_buy":null,"normalized_prize_rent":null,"normalized_ads_rent":null,"date":"2018-12-07T07:55:39.000Z","fill-opacity":null,"fill":"#ff0000"},"bbox":[-3.79313,40.3528,-3.79839,40.3583],"geometry":{"type":"Polygon","coordinates":[[[-3.79313,40.3583],[-3.79839,40.3583],[-3.79839,40.3528],[-3.79313,40.3528],[-3.79313,40.3583]]]}},{"type":"Feature","properties":{"name":"Alcorcón--piece--12-2--raspberry3bp","number_of_ads_buy":0,"average_prize_buy":0,"number_of_ads_rent":0,"average_prize_rent":0,"normalized_prize_buy":null,"normalized_ads_buy":null,"normalized_prize_rent":null,"normalized_ads_rent":null,"date":"2018-12-07T07:55:55.000Z","fill-opacity":null,"fill":"#ff0000"},"bbox":[-3.79313,40.3473,-3.79839,40.3528],"geometry":{"type":"Polygon","coordinates":[[[-3.79313,40.3528],[-3.79839,40.3528],[-3.79839,40.3473],[-3.79313,40.3473],[-3.79313,40.3528]]]}},{"type":"Feature","properties":{"name":"Alcorcón--piece--12-3--raspberry3bp","number_of_ads_buy":0,"average_prize_buy":0,"number_of_ads_rent":0,"average_prize_rent":0,"normalized_prize_buy":null,"normalized_ads_buy":null,"normalized_prize_rent":null,"normalized_ads_rent":null,"date":"2018-12-07T07:56:22.000Z","fill-opacity":null,"fill":"#ff0000"},"bbox":[-3.79313,40.3418,-3.79839,40.3473],"geometry":{"type":"Polygon","coordinates":[[[-3.79313,40.3473],[-3.79839,40.3473],[-3.79839,40.3418],[-3.79313,40.3418],[-3.79313,40.3473]]]}},{"type":"Feature","properties":{"name":"Alcorcón--piece--12-4--raspberry3bp","number_of_ads_buy":0,"average_prize_buy":0,"number_of_ads_rent":0,"average_prize_rent":0,"normalized_prize_buy":null,"normalized_ads_buy":null,"normalized_prize_rent":null,"normalized_ads_rent":null,"date":"2018-12-07T07:56:45.000Z","fill-opacity":null,"fill":"#ff0000"},"bbox":[-3.79313,40.3362,-3.79839,40.3418],"geometry":{"type":"Polygon","coordinates":[[[-3.79313,40.3418],[-3.79839,40.3418],[-3.79839,40.3362],[-3.79313,40.3362],[-3.79313,40.3418]]]}},{"type":"Feature","properties":{"name":"Alcorcón--piece--12-5--raspberry3bp","number_of_ads_buy":0,"average_prize_buy":0,"number_of_ads_rent":0,"average_prize_rent":0,"normalized_prize_buy":null,"normalized_ads_buy":null,"normalized_prize_rent":null,"normalized_ads_rent":null,"date":"2018-12-07T07:56:57.000Z","fill-opacity":null,"fill":"#ff0000"},"bbox":[-3.79313,40.3307,-3.79839,40.3362],"geometry":{"type":"Polygon","coordinates":[[[-3.79313,40.3362],[-3.79839,40.3362],[-3.79839,40.3307],[-3.79313,40.3307],[-3.79313,40.3362]]]}},{"type":"Feature","properties":{"name":"Alcorcón--piece--12-6--raspberry3bp","number_of_ads_buy":0,"average_prize_buy":0,"number_of_ads_rent":0,"average_prize_rent":0,"normalized_prize_buy":null,"normalized_ads_buy":null,"normalized_prize_rent":null,"normalized_ads_rent":null,"date":"2018-12-07T07:57:20.000Z","fill-opacity":null,"fill":"#ff0000"},"bbox":[-3.79313,40.3252,-3.79839,40.3307],"geometry":{"type":"Polygon","coordinates":[[[-3.79313,40.3307],[-3.79839,40.3307],[-3.79839,40.3252],[-3.79313,40.3252],[-3.79313,40.3307]]]}},{"type":"Feature","properties":{"name":"Alcorcón--piece--2-0--raspberry3bp","number_of_ads_buy":0,"average_prize_buy":0,"number_of_ads_rent":0,"average_prize_rent":0,"normalized_prize_buy":null,"normalized_ads_buy":null,"normalized_prize_rent":null,"normalized_ads_rent":null,"date":"2018-12-07T07:57:35.000Z","fill-opacity":null,"fill":"#ff0000"},"bbox":[-3.84571,40.3583,-3.85097,40.3638],"geometry":{"type":"Polygon","coordinates":[[[-3.84571,40.3638],[-3.85097,40.3638],[-3.85097,40.3583],[-3.84571,40.3583],[-3.84571,40.3638]]]}},{"type":"Feature","properties":{"name":"Alcorcón--piece--2-1--raspberry3bp","number_of_ads_buy":0,"average_prize_buy":0,"number_of_ads_rent":0,"average_prize_rent":0,"normalized_prize_buy":null,"normalized_ads_buy":null,"normalized_prize_rent":null,"normalized_ads_rent":null,"date":"2018-12-07T07:57:50.000Z","fill-opacity":null,"fill":"#ff0000"},"bbox":[-3.84571,40.3528,-3.85097,40.3583],"geometry":{"type":"Polygon","coordinates":[[[-3.84571,40.3583],[-3.85097,40.3583],[-3.85097,40.3528],[-3.84571,40.3528],[-3.84571,40.3583]]]}},{"type":"Feature","properties":{"name":"Alcorcón--piece--2-2--raspberry3bp","number_of_ads_buy":0,"average_prize_buy":0,"number_of_ads_rent":0,"average_prize_rent":0,"normalized_prize_buy":null,"normalized_ads_buy":null,"normalized_prize_rent":null,"normalized_ads_rent":null,"date":"2018-12-07T07:58:06.000Z","fill-opacity":null,"fill":"#ff0000"},"bbox":[-3.84571,40.3473,-3.85097,40.3528],"geometry":{"type":"Polygon","coordinates":[[[-3.84571,40.3528],[-3.85097,40.3528],[-3.85097,40.3473],[-3.84571,40.3473],[-3.84571,40.3528]]]}},{"type":"Feature","properties":{"name":"Alcorcón--piece--2-3--raspberry3bp","number_of_ads_buy":0,"average_prize_buy":0,"number_of_ads_rent":0,"average_prize_rent":0,"normalized_prize_buy":null,"normalized_ads_buy":null,"normalized_prize_rent":null,"normalized_ads_rent":null,"date":"2018-12-07T07:58:32.000Z","fill-opacity":null,"fill":"#ff0000"},"bbox":[-3.84571,40.3418,-3.85097,40.3473],"geometry":{"type":"Polygon","coordinates":[[[-3.84571,40.3473],[-3.85097,40.3473],[-3.85097,40.3418],[-3.84571,40.3418],[-3.84571,40.3473]]]}},{"type":"Feature","properties":{"name":"Alcorcón--piece--2-4--raspberry3bp","number_of_ads_buy":0,"average_prize_buy":0,"number_of_ads_rent":0,"average_prize_rent":0,"normalized_prize_buy":null,"normalized_ads_buy":null,"normalized_prize_rent":null,"normalized_ads_rent":null,"date":"2018-12-07T07:58:50.000Z","fill-opacity":null,"fill":"#ff0000"},"bbox":[-3.84571,40.3362,-3.85097,40.3418],"geometry":{"type":"Polygon","coordinates":[[[-3.84571,40.3418],[-3.85097,40.3418],[-3.85097,40.3362],[-3.84571,40.3362],[-3.84571,40.3418]]]}},{"type":"Feature","properties":{"name":"Alcorcón--piece--2-5--raspberry3bp","number_of_ads_buy":0,"average_prize_buy":0,"number_of_ads_rent":0,"average_prize_rent":0,"normalized_prize_buy":null,"normalized_ads_buy":null,"normalized_prize_rent":null,"normalized_ads_rent":null,"date":"2018-12-07T07:59:09.000Z","fill-opacity":null,"fill":"#ff0000"},"bbox":[-3.84571,40.3307,-3.85097,40.3362],"geometry":{"type":"Polygon","coordinates":[[[-3.84571,40.3362],[-3.85097,40.3362],[-3.85097,40.3307],[-3.84571,40.3307],[-3.84571,40.3362]]]}},{"type":"Feature","properties":{"name":"Alcorcón--piece--2-6--raspberry3bp","number_of_ads_buy":0,"average_prize_buy":0,"number_of_ads_rent":0,"average_prize_rent":0,"normalized_prize_buy":null,"normalized_ads_buy":null,"normalized_prize_rent":null,"normalized_ads_rent":null,"date":"2018-12-07T07:59:28.000Z","fill-opacity":null,"fill":"#ff0000"},"bbox":[-3.84571,40.3252,-3.85097,40.3307],"geometry":{"type":"Polygon","coordinates":[[[-3.84571,40.3307],[-3.85097,40.3307],[-3.85097,40.3252],[-3.84571,40.3252],[-3.84571,40.3307]]]}},{"type":"Feature","properties":{"name":"Alcorcón--piece--3-0--raspberry3bp","number_of_ads_buy":0,"average_prize_buy":0,"number_of_ads_rent":0,"average_prize_rent":0,"normalized_prize_buy":null,"normalized_ads_buy":null,"normalized_prize_rent":null,"normalized_ads_rent":null,"date":"2018-12-07T07:59:44.000Z","fill-opacity":null,"fill":"#ff0000"},"bbox":[-3.84046,40.3583,-3.84571,40.3638],"geometry":{"type":"Polygon","coordinates":[[[-3.84046,40.3638],[-3.84571,40.3638],[-3.84571,40.3583],[-3.84046,40.3583],[-3.84046,40.3638]]]}},{"type":"Feature","properties":{"name":"Alcorcón--piece--3-1--raspberry3bp","number_of_ads_buy":0,"average_prize_buy":0,"number_of_ads_rent":0,"average_prize_rent":0,"normalized_prize_buy":null,"normalized_ads_buy":null,"normalized_prize_rent":null,"normalized_ads_rent":null,"date":"2018-12-07T07:59:56.000Z","fill-opacity":null,"fill":"#ff0000"},"bbox":[-3.84046,40.3528,-3.84571,40.3583],"geometry":{"type":"Polygon","coordinates":[[[-3.84046,40.3583],[-3.84571,40.3583],[-3.84571,40.3528],[-3.84046,40.3528],[-3.84046,40.3583]]]}},{"type":"Feature","properties":{"name":"Alcorcón--piece--3-2--raspberry3bp","number_of_ads_buy":0,"average_prize_buy":0,"number_of_ads_rent":0,"average_prize_rent":0,"normalized_prize_buy":null,"normalized_ads_buy":null,"normalized_prize_rent":null,"normalized_ads_rent":null,"date":"2018-12-07T08:00:11.000Z","fill-opacity":null,"fill":"#ff0000"},"bbox":[-3.84046,40.3473,-3.84571,40.3528],"geometry":{"type":"Polygon","coordinates":[[[-3.84046,40.3528],[-3.84571,40.3528],[-3.84571,40.3473],[-3.84046,40.3473],[-3.84046,40.3528]]]}},{"type":"Feature","properties":{"name":"Alcorcón--piece--3-3--raspberry3bp","number_of_ads_buy":0,"average_prize_buy":0,"number_of_ads_rent":2,"average_prize_rent":1,"normalized_prize_buy":null,"normalized_ads_buy":null,"normalized_prize_rent":null,"normalized_ads_rent":null,"date":"2018-12-07T08:00:28.000Z","fill-opacity":null,"fill":"#ff0000"},"bbox":[-3.84046,40.3418,-3.84571,40.3473],"geometry":{"type":"Polygon","coordinates":[[[-3.84046,40.3473],[-3.84571,40.3473],[-3.84571,40.3418],[-3.84046,40.3418],[-3.84046,40.3473]]]}},{"type":"Feature","properties":{"name":"Alcorcón--piece--3-4--raspberry3bp","number_of_ads_buy":0,"average_prize_buy":0,"number_of_ads_rent":0,"average_prize_rent":0,"normalized_prize_buy":null,"normalized_ads_buy":null,"normalized_prize_rent":null,"normalized_ads_rent":null,"date":"2018-12-07T08:00:40.000Z","fill-opacity":null,"fill":"#ff0000"},"bbox":[-3.84046,40.3362,-3.84571,40.3418],"geometry":{"type":"Polygon","coordinates":[[[-3.84046,40.3418],[-3.84571,40.3418],[-3.84571,40.3362],[-3.84046,40.3362],[-3.84046,40.3418]]]}},{"type":"Feature","properties":{"name":"Alcorcón--piece--3-5--raspberry3bp","number_of_ads_buy":0,"average_prize_buy":0,"number_of_ads_rent":1,"average_prize_rent":1,"normalized_prize_buy":null,"normalized_ads_buy":null,"normalized_prize_rent":null,"normalized_ads_rent":null,"date":"2018-12-07T08:01:00.000Z","fill-opacity":null,"fill":"#ff0000"},"bbox":[-3.84046,40.3307,-3.84571,40.3362],"geometry":{"type":"Polygon","coordinates":[[[-3.84046,40.3362],[-3.84571,40.3362],[-3.84571,40.3307],[-3.84046,40.3307],[-3.84046,40.3362]]]}},{"type":"Feature","properties":{"name":"Alcorcón--piece--3-6--raspberry3bp","number_of_ads_buy":0,"average_prize_buy":0,"number_of_ads_rent":0,"average_prize_rent":0,"normalized_prize_buy":null,"normalized_ads_buy":null,"normalized_prize_rent":null,"normalized_ads_rent":null,"date":"2018-12-07T08:01:19.000Z","fill-opacity":null,"fill":"#ff0000"},"bbox":[-3.84046,40.3252,-3.84571,40.3307],"geometry":{"type":"Polygon","coordinates":[[[-3.84046,40.3307],[-3.84571,40.3307],[-3.84571,40.3252],[-3.84046,40.3252],[-3.84046,40.3307]]]}},{"type":"Feature","properties":{"name":"Alcorcón--piece--4-0--raspberry3bp","number_of_ads_buy":0,"average_prize_buy":0,"number_of_ads_rent":0,"average_prize_rent":0,"normalized_prize_buy":null,"normalized_ads_buy":null,"normalized_prize_rent":null,"normalized_ads_rent":null,"date":"2018-12-07T08:01:33.000Z","fill-opacity":null,"fill":"#ff0000"},"bbox":[-3.8352,40.3583,-3.84046,40.3638],"geometry":{"type":"Polygon","coordinates":[[[-3.8352,40.3638],[-3.84046,40.3638],[-3.84046,40.3583],[-3.8352,40.3583],[-3.8352,40.3638]]]}},{"type":"Feature","properties":{"name":"Alcorcón--piece--4-1--raspberry3bp","number_of_ads_buy":0,"average_prize_buy":0,"number_of_ads_rent":0,"average_prize_rent":0,"normalized_prize_buy":null,"normalized_ads_buy":null,"normalized_prize_rent":null,"normalized_ads_rent":null,"date":"2018-12-07T08:01:50.000Z","fill-opacity":null,"fill":"#ff0000"},"bbox":[-3.8352,40.3528,-3.84046,40.3583],"geometry":{"type":"Polygon","coordinates":[[[-3.8352,40.3583],[-3.84046,40.3583],[-3.84046,40.3528],[-3.8352,40.3528],[-3.8352,40.3583]]]}},{"type":"Feature","properties":{"name":"Alcorcón--piece--4-2--raspberry3bp","number_of_ads_buy":0,"average_prize_buy":0,"number_of_ads_rent":0,"average_prize_rent":0,"normalized_prize_buy":null,"normalized_ads_buy":null,"normalized_prize_rent":null,"normalized_ads_rent":null,"date":"2018-12-07T08:02:06.000Z","fill-opacity":null,"fill":"#ff0000"},"bbox":[-3.8352,40.3473,-3.84046,40.3528],"geometry":{"type":"Polygon","coordinates":[[[-3.8352,40.3528],[-3.84046,40.3528],[-3.84046,40.3473],[-3.8352,40.3473],[-3.8352,40.3528]]]}},{"type":"Feature","properties":{"name":"Alcorcón--piece--4-3--raspberry3bp","number_of_ads_buy":0,"average_prize_buy":0,"number_of_ads_rent":0,"average_prize_rent":0,"normalized_prize_buy":null,"normalized_ads_buy":null,"normalized_prize_rent":null,"normalized_ads_rent":null,"date":"2018-12-07T08:02:23.000Z","fill-opacity":null,"fill":"#ff0000"},"bbox":[-3.8352,40.3418,-3.84046,40.3473],"geometry":{"type":"Polygon","coordinates":[[[-3.8352,40.3473],[-3.84046,40.3473],[-3.84046,40.3418],[-3.8352,40.3418],[-3.8352,40.3473]]]}},{"type":"Feature","properties":{"name":"Alcorcón--piece--4-4--raspberry3bp","number_of_ads_buy":0,"average_prize_buy":0,"number_of_ads_rent":0,"average_prize_rent":0,"normalized_prize_buy":null,"normalized_ads_buy":null,"normalized_prize_rent":null,"normalized_ads_rent":null,"date":"2018-12-07T08:02:43.000Z","fill-opacity":null,"fill":"#ff0000"},"bbox":[-3.8352,40.3362,-3.84046,40.3418],"geometry":{"type":"Polygon","coordinates":[[[-3.8352,40.3418],[-3.84046,40.3418],[-3.84046,40.3362],[-3.8352,40.3362],[-3.8352,40.3418]]]}},{"type":"Feature","properties":{"name":"Alcorcón--piece--4-5--raspberry3bp","number_of_ads_buy":0,"average_prize_buy":0,"number_of_ads_rent":0,"average_prize_rent":0,"normalized_prize_buy":null,"normalized_ads_buy":null,"normalized_prize_rent":null,"normalized_ads_rent":null,"date":"2018-12-07T08:03:00.000Z","fill-opacity":null,"fill":"#ff0000"},"bbox":[-3.8352,40.3307,-3.84046,40.3362],"geometry":{"type":"Polygon","coordinates":[[[-3.8352,40.3362],[-3.84046,40.3362],[-3.84046,40.3307],[-3.8352,40.3307],[-3.8352,40.3362]]]}},{"type":"Feature","properties":{"name":"Alcorcón--piece--4-6--raspberry3bp","number_of_ads_buy":0,"average_prize_buy":0,"number_of_ads_rent":0,"average_prize_rent":0,"normalized_prize_buy":null,"normalized_ads_buy":null,"normalized_prize_rent":null,"normalized_ads_rent":null,"date":"2018-12-07T08:03:12.000Z","fill-opacity":null,"fill":"#ff0000"},"bbox":[-3.8352,40.3252,-3.84046,40.3307],"geometry":{"type":"Polygon","coordinates":[[[-3.8352,40.3307],[-3.84046,40.3307],[-3.84046,40.3252],[-3.8352,40.3252],[-3.8352,40.3307]]]}},{"type":"Feature","properties":{"name":"Alcorcón--piece--5-0--raspberry3bp","number_of_ads_buy":0,"average_prize_buy":0,"number_of_ads_rent":0,"average_prize_rent":0,"normalized_prize_buy":null,"normalized_ads_buy":null,"normalized_prize_rent":null,"normalized_ads_rent":null,"date":"2018-12-07T08:03:34.000Z","fill-opacity":null,"fill":"#ff0000"},"bbox":[-3.82994,40.3583,-3.8352,40.3638],"geometry":{"type":"Polygon","coordinates":[[[-3.82994,40.3638],[-3.8352,40.3638],[-3.8352,40.3583],[-3.82994,40.3583],[-3.82994,40.3638]]]}},{"type":"Feature","properties":{"name":"Alcorcón--piece--5-1--raspberry3bp","number_of_ads_buy":0,"average_prize_buy":0,"number_of_ads_rent":0,"average_prize_rent":0,"normalized_prize_buy":null,"normalized_ads_buy":null,"normalized_prize_rent":null,"normalized_ads_rent":null,"date":"2018-12-07T08:04:04.000Z","fill-opacity":null,"fill":"#ff0000"},"bbox":[-3.82994,40.3528,-3.8352,40.3583],"geometry":{"type":"Polygon","coordinates":[[[-3.82994,40.3583],[-3.8352,40.3583],[-3.8352,40.3528],[-3.82994,40.3528],[-3.82994,40.3583]]]}},{"type":"Feature","properties":{"name":"Alcorcón--piece--5-2--raspberry3bp","number_of_ads_buy":0,"average_prize_buy":0,"number_of_ads_rent":2,"average_prize_rent":0,"normalized_prize_buy":null,"normalized_ads_buy":null,"normalized_prize_rent":null,"normalized_ads_rent":null,"date":"2018-12-07T08:04:22.000Z","fill-opacity":null,"fill":"#ff0000"},"bbox":[-3.82994,40.3473,-3.8352,40.3528],"geometry":{"type":"Polygon","coordinates":[[[-3.82994,40.3528],[-3.8352,40.3528],[-3.8352,40.3473],[-3.82994,40.3473],[-3.82994,40.3528]]]}},{"type":"Feature","properties":{"name":"Alcorcón--piece--5-3--raspberry3bp","number_of_ads_buy":0,"average_prize_buy":0,"number_of_ads_rent":1,"average_prize_rent":2,"normalized_prize_buy":null,"normalized_ads_buy":null,"normalized_prize_rent":null,"normalized_ads_rent":null,"date":"2018-12-07T08:04:36.000Z","fill-opacity":null,"fill":"#ff0000"},"bbox":[-3.82994,40.3418,-3.8352,40.3473],"geometry":{"type":"Polygon","coordinates":[[[-3.82994,40.3473],[-3.8352,40.3473],[-3.8352,40.3418],[-3.82994,40.3418],[-3.82994,40.3473]]]}},{"type":"Feature","properties":{"name":"Alcorcón--piece--5-4--raspberry3bp","number_of_ads_buy":0,"average_prize_buy":0,"number_of_ads_rent":0,"average_prize_rent":0,"normalized_prize_buy":null,"normalized_ads_buy":null,"normalized_prize_rent":null,"normalized_ads_rent":null,"date":"2018-12-07T08:04:53.000Z","fill-opacity":null,"fill":"#ff0000"},"bbox":[-3.82994,40.3362,-3.8352,40.3418],"geometry":{"type":"Polygon","coordinates":[[[-3.82994,40.3418],[-3.8352,40.3418],[-3.8352,40.3362],[-3.82994,40.3362],[-3.82994,40.3418]]]}},{"type":"Feature","properties":{"name":"Alcorcón--piece--5-5--raspberry3bp","number_of_ads_buy":0,"average_prize_buy":0,"number_of_ads_rent":1,"average_prize_rent":0,"normalized_prize_buy":null,"normalized_ads_buy":null,"normalized_prize_rent":null,"normalized_ads_rent":null,"date":"2018-12-07T08:05:08.000Z","fill-opacity":null,"fill":"#ff0000"},"bbox":[-3.82994,40.3307,-3.8352,40.3362],"geometry":{"type":"Polygon","coordinates":[[[-3.82994,40.3362],[-3.8352,40.3362],[-3.8352,40.3307],[-3.82994,40.3307],[-3.82994,40.3362]]]}},{"type":"Feature","properties":{"name":"Alcorcón--piece--5-6--raspberry3bp","number_of_ads_buy":0,"average_prize_buy":0,"number_of_ads_rent":0,"average_prize_rent":0,"normalized_prize_buy":null,"normalized_ads_buy":null,"normalized_prize_rent":null,"normalized_ads_rent":null,"date":"2018-12-07T08:05:29.000Z","fill-opacity":null,"fill":"#ff0000"},"bbox":[-3.82994,40.3252,-3.8352,40.3307],"geometry":{"type":"Polygon","coordinates":[[[-3.82994,40.3307],[-3.8352,40.3307],[-3.8352,40.3252],[-3.82994,40.3252],[-3.82994,40.3307]]]}},{"type":"Feature","properties":{"name":"Alcorcón--piece--6-0--raspberry3bp","number_of_ads_buy":0,"average_prize_buy":0,"number_of_ads_rent":0,"average_prize_rent":0,"normalized_prize_buy":null,"normalized_ads_buy":null,"normalized_prize_rent":null,"normalized_ads_rent":null,"date":"2018-12-07T08:05:46.000Z","fill-opacity":null,"fill":"#ff0000"},"bbox":[-3.82468,40.3583,-3.82994,40.3638],"geometry":{"type":"Polygon","coordinates":[[[-3.82468,40.3638],[-3.82994,40.3638],[-3.82994,40.3583],[-3.82468,40.3583],[-3.82468,40.3638]]]}},{"type":"Feature","properties":{"name":"Alcorcón--piece--6-1--raspberry3bp","number_of_ads_buy":0,"average_prize_buy":0,"number_of_ads_rent":0,"average_prize_rent":0,"normalized_prize_buy":null,"normalized_ads_buy":null,"normalized_prize_rent":null,"normalized_ads_rent":null,"date":"2018-12-07T08:06:05.000Z","fill-opacity":null,"fill":"#ff0000"},"bbox":[-3.82468,40.3528,-3.82994,40.3583],"geometry":{"type":"Polygon","coordinates":[[[-3.82468,40.3583],[-3.82994,40.3583],[-3.82994,40.3528],[-3.82468,40.3528],[-3.82468,40.3583]]]}},{"type":"Feature","properties":{"name":"Alcorcón--piece--6-2--raspberry3bp","number_of_ads_buy":0,"average_prize_buy":0,"number_of_ads_rent":5,"average_prize_rent":1,"normalized_prize_buy":null,"normalized_ads_buy":null,"normalized_prize_rent":null,"normalized_ads_rent":null,"date":"2018-12-07T08:06:23.000Z","fill-opacity":null,"fill":"#ff0000"},"bbox":[-3.82468,40.3473,-3.82994,40.3528],"geometry":{"type":"Polygon","coordinates":[[[-3.82468,40.3528],[-3.82994,40.3528],[-3.82994,40.3473],[-3.82468,40.3473],[-3.82468,40.3528]]]}},{"type":"Feature","properties":{"name":"Alcorcón--piece--6-3--raspberry3bp","number_of_ads_buy":0,"average_prize_buy":0,"number_of_ads_rent":3,"average_prize_rent":0,"normalized_prize_buy":null,"normalized_ads_buy":null,"normalized_prize_rent":null,"normalized_ads_rent":null,"date":"2018-12-07T08:06:45.000Z","fill-opacity":null,"fill":"#ff0000"},"bbox":[-3.82468,40.3418,-3.82994,40.3473],"geometry":{"type":"Polygon","coordinates":[[[-3.82468,40.3473],[-3.82994,40.3473],[-3.82994,40.3418],[-3.82468,40.3418],[-3.82468,40.3473]]]}},{"type":"Feature","properties":{"name":"Alcorcón--piece--6-4--raspberry3bp","number_of_ads_buy":0,"average_prize_buy":0,"number_of_ads_rent":0,"average_prize_rent":0,"normalized_prize_buy":null,"normalized_ads_buy":null,"normalized_prize_rent":null,"normalized_ads_rent":null,"date":"2018-12-07T08:07:00.000Z","fill-opacity":null,"fill":"#ff0000"},"bbox":[-3.82468,40.3362,-3.82994,40.3418],"geometry":{"type":"Polygon","coordinates":[[[-3.82468,40.3418],[-3.82994,40.3418],[-3.82994,40.3362],[-3.82468,40.3362],[-3.82468,40.3418]]]}},{"type":"Feature","properties":{"name":"Alcorcón--piece--6-5--raspberry3bp","number_of_ads_buy":0,"average_prize_buy":0,"number_of_ads_rent":1,"average_prize_rent":1,"normalized_prize_buy":null,"normalized_ads_buy":null,"normalized_prize_rent":null,"normalized_ads_rent":null,"date":"2018-12-07T08:07:21.000Z","fill-opacity":null,"fill":"#ff0000"},"bbox":[-3.82468,40.3307,-3.82994,40.3362],"geometry":{"type":"Polygon","coordinates":[[[-3.82468,40.3362],[-3.82994,40.3362],[-3.82994,40.3307],[-3.82468,40.3307],[-3.82468,40.3362]]]}},{"type":"Feature","properties":{"name":"Alcorcón--piece--6-6--raspberry3bp","number_of_ads_buy":0,"average_prize_buy":0,"number_of_ads_rent":1,"average_prize_rent":0,"normalized_prize_buy":null,"normalized_ads_buy":null,"normalized_prize_rent":null,"normalized_ads_rent":null,"date":"2018-12-07T08:07:34.000Z","fill-opacity":null,"fill":"#ff0000"},"bbox":[-3.82468,40.3252,-3.82994,40.3307],"geometry":{"type":"Polygon","coordinates":[[[-3.82468,40.3307],[-3.82994,40.3307],[-3.82994,40.3252],[-3.82468,40.3252],[-3.82468,40.3307]]]}},{"type":"Feature","properties":{"name":"Alcorcón--piece--7-0--raspberry3bp","number_of_ads_buy":0,"average_prize_buy":0,"number_of_ads_rent":0,"average_prize_rent":0,"normalized_prize_buy":null,"normalized_ads_buy":null,"normalized_prize_rent":null,"normalized_ads_rent":null,"date":"2018-12-07T08:07:57.000Z","fill-opacity":null,"fill":"#ff0000"},"bbox":[-3.81942,40.3583,-3.82468,40.3638],"geometry":{"type":"Polygon","coordinates":[[[-3.81942,40.3638],[-3.82468,40.3638],[-3.82468,40.3583],[-3.81942,40.3583],[-3.81942,40.3638]]]}},{"type":"Feature","properties":{"name":"Alcorcón--piece--7-1--raspberry3bp","number_of_ads_buy":0,"average_prize_buy":0,"number_of_ads_rent":0,"average_prize_rent":0,"normalized_prize_buy":null,"normalized_ads_buy":null,"normalized_prize_rent":null,"normalized_ads_rent":null,"date":"2018-12-07T08:08:14.000Z","fill-opacity":null,"fill":"#ff0000"},"bbox":[-3.81942,40.3528,-3.82468,40.3583],"geometry":{"type":"Polygon","coordinates":[[[-3.81942,40.3583],[-3.82468,40.3583],[-3.82468,40.3528],[-3.81942,40.3528],[-3.81942,40.3583]]]}},{"type":"Feature","properties":{"name":"Alcorcón--piece--7-2--raspberry3bp","number_of_ads_buy":0,"average_prize_buy":0,"number_of_ads_rent":3,"average_prize_rent":0,"normalized_prize_buy":null,"normalized_ads_buy":null,"normalized_prize_rent":null,"normalized_ads_rent":null,"date":"2018-12-07T08:08:28.000Z","fill-opacity":null,"fill":"#ff0000"},"bbox":[-3.81942,40.3473,-3.82468,40.3528],"geometry":{"type":"Polygon","coordinates":[[[-3.81942,40.3528],[-3.82468,40.3528],[-3.82468,40.3473],[-3.81942,40.3473],[-3.81942,40.3528]]]}},{"type":"Feature","properties":{"name":"Alcorcón--piece--7-3--raspberry3bp","number_of_ads_buy":0,"average_prize_buy":0,"number_of_ads_rent":0,"average_prize_rent":0,"normalized_prize_buy":null,"normalized_ads_buy":null,"normalized_prize_rent":null,"normalized_ads_rent":null,"date":"2018-12-07T08:08:41.000Z","fill-opacity":null,"fill":"#ff0000"},"bbox":[-3.81942,40.3418,-3.82468,40.3473],"geometry":{"type":"Polygon","coordinates":[[[-3.81942,40.3473],[-3.82468,40.3473],[-3.82468,40.3418],[-3.81942,40.3418],[-3.81942,40.3473]]]}},{"type":"Feature","properties":{"name":"Alcorcón--piece--7-4--raspberry3bp","number_of_ads_buy":0,"average_prize_buy":0,"number_of_ads_rent":0,"average_prize_rent":0,"normalized_prize_buy":null,"normalized_ads_buy":null,"normalized_prize_rent":null,"normalized_ads_rent":null,"date":"2018-12-07T08:08:59.000Z","fill-opacity":null,"fill":"#ff0000"},"bbox":[-3.81942,40.3362,-3.82468,40.3418],"geometry":{"type":"Polygon","coordinates":[[[-3.81942,40.3418],[-3.82468,40.3418],[-3.82468,40.3362],[-3.81942,40.3362],[-3.81942,40.3418]]]}},{"type":"Feature","properties":{"name":"Alcorcón--piece--7-5--raspberry3bp","number_of_ads_buy":0,"average_prize_buy":0,"number_of_ads_rent":0,"average_prize_rent":0,"normalized_prize_buy":null,"normalized_ads_buy":null,"normalized_prize_rent":null,"normalized_ads_rent":null,"date":"2018-12-07T08:09:13.000Z","fill-opacity":null,"fill":"#ff0000"},"bbox":[-3.81942,40.3307,-3.82468,40.3362],"geometry":{"type":"Polygon","coordinates":[[[-3.81942,40.3362],[-3.82468,40.3362],[-3.82468,40.3307],[-3.81942,40.3307],[-3.81942,40.3362]]]}},{"type":"Feature","properties":{"name":"Alcorcón--piece--7-6--raspberry3bp","number_of_ads_buy":0,"average_prize_buy":0,"number_of_ads_rent":0,"average_prize_rent":0,"normalized_prize_buy":null,"normalized_ads_buy":null,"normalized_prize_rent":null,"normalized_ads_rent":null,"date":"2018-12-07T08:09:25.000Z","fill-opacity":null,"fill":"#ff0000"},"bbox":[-3.81942,40.3252,-3.82468,40.3307],"geometry":{"type":"Polygon","coordinates":[[[-3.81942,40.3307],[-3.82468,40.3307],[-3.82468,40.3252],[-3.81942,40.3252],[-3.81942,40.3307]]]}},{"type":"Feature","properties":{"name":"Alcorcón--piece--8-0--raspberry3bp","number_of_ads_buy":0,"average_prize_buy":0,"number_of_ads_rent":0,"average_prize_rent":0,"normalized_prize_buy":null,"normalized_ads_buy":null,"normalized_prize_rent":null,"normalized_ads_rent":null,"date":"2018-12-07T08:09:40.000Z","fill-opacity":null,"fill":"#ff0000"},"bbox":[-3.81416,40.3583,-3.81942,40.3638],"geometry":{"type":"Polygon","coordinates":[[[-3.81416,40.3638],[-3.81942,40.3638],[-3.81942,40.3583],[-3.81416,40.3583],[-3.81416,40.3638]]]}},{"type":"Feature","properties":{"name":"Alcorcón--piece--8-1--raspberry3bp","number_of_ads_buy":0,"average_prize_buy":0,"number_of_ads_rent":0,"average_prize_rent":0,"normalized_prize_buy":null,"normalized_ads_buy":null,"normalized_prize_rent":null,"normalized_ads_rent":null,"date":"2018-12-07T08:09:57.000Z","fill-opacity":null,"fill":"#ff0000"},"bbox":[-3.81416,40.3528,-3.81942,40.3583],"geometry":{"type":"Polygon","coordinates":[[[-3.81416,40.3583],[-3.81942,40.3583],[-3.81942,40.3528],[-3.81416,40.3528],[-3.81416,40.3583]]]}},{"type":"Feature","properties":{"name":"Alcorcón--piece--8-2--raspberry3bp","number_of_ads_buy":0,"average_prize_buy":0,"number_of_ads_rent":3,"average_prize_rent":0,"normalized_prize_buy":null,"normalized_ads_buy":null,"normalized_prize_rent":null,"normalized_ads_rent":null,"date":"2018-12-07T08:10:15.000Z","fill-opacity":null,"fill":"#ff0000"},"bbox":[-3.81416,40.3473,-3.81942,40.3528],"geometry":{"type":"Polygon","coordinates":[[[-3.81416,40.3528],[-3.81942,40.3528],[-3.81942,40.3473],[-3.81416,40.3473],[-3.81416,40.3528]]]}},{"type":"Feature","properties":{"name":"Alcorcón--piece--8-3--raspberry3bp","number_of_ads_buy":0,"average_prize_buy":0,"number_of_ads_rent":1,"average_prize_rent":5,"normalized_prize_buy":null,"normalized_ads_buy":null,"normalized_prize_rent":null,"normalized_ads_rent":null,"date":"2018-12-07T08:10:30.000Z","fill-opacity":null,"fill":"#ff0000"},"bbox":[-3.81416,40.3418,-3.81942,40.3473],"geometry":{"type":"Polygon","coordinates":[[[-3.81416,40.3473],[-3.81942,40.3473],[-3.81942,40.3418],[-3.81416,40.3418],[-3.81416,40.3473]]]}},{"type":"Feature","properties":{"name":"Alcorcón--piece--8-4--raspberry3bp","number_of_ads_buy":0,"average_prize_buy":0,"number_of_ads_rent":0,"average_prize_rent":0,"normalized_prize_buy":null,"normalized_ads_buy":null,"normalized_prize_rent":null,"normalized_ads_rent":null,"date":"2018-12-07T08:10:46.000Z","fill-opacity":null,"fill":"#ff0000"},"bbox":[-3.81416,40.3362,-3.81942,40.3418],"geometry":{"type":"Polygon","coordinates":[[[-3.81416,40.3418],[-3.81942,40.3418],[-3.81942,40.3362],[-3.81416,40.3362],[-3.81416,40.3418]]]}},{"type":"Feature","properties":{"name":"Alcorcón--piece--8-5--raspberry3bp","number_of_ads_buy":0,"average_prize_buy":0,"number_of_ads_rent":0,"average_prize_rent":0,"normalized_prize_buy":null,"normalized_ads_buy":null,"normalized_prize_rent":null,"normalized_ads_rent":null,"date":"2018-12-07T08:11:03.000Z","fill-opacity":null,"fill":"#ff0000"},"bbox":[-3.81416,40.3307,-3.81942,40.3362],"geometry":{"type":"Polygon","coordinates":[[[-3.81416,40.3362],[-3.81942,40.3362],[-3.81942,40.3307],[-3.81416,40.3307],[-3.81416,40.3362]]]}},{"type":"Feature","properties":{"name":"Alcorcón--piece--8-6--raspberry3bp","number_of_ads_buy":0,"average_prize_buy":0,"number_of_ads_rent":0,"average_prize_rent":0,"normalized_prize_buy":null,"normalized_ads_buy":null,"normalized_prize_rent":null,"normalized_ads_rent":null,"date":"2018-12-07T08:11:18.000Z","fill-opacity":null,"fill":"#ff0000"},"bbox":[-3.81416,40.3252,-3.81942,40.3307],"geometry":{"type":"Polygon","coordinates":[[[-3.81416,40.3307],[-3.81942,40.3307],[-3.81942,40.3252],[-3.81416,40.3252],[-3.81416,40.3307]]]}},{"type":"Feature","properties":{"name":"Alcorcón--piece--9-0--raspberry3bp","number_of_ads_buy":0,"average_prize_buy":0,"number_of_ads_rent":0,"average_prize_rent":0,"normalized_prize_buy":null,"normalized_ads_buy":null,"normalized_prize_rent":null,"normalized_ads_rent":null,"date":"2018-12-07T08:11:35.000Z","fill-opacity":null,"fill":"#ff0000"},"bbox":[-3.80891,40.3583,-3.81416,40.3638],"geometry":{"type":"Polygon","coordinates":[[[-3.80891,40.3638],[-3.81416,40.3638],[-3.81416,40.3583],[-3.80891,40.3583],[-3.80891,40.3638]]]}},{"type":"Feature","properties":{"name":"Alcorcón--piece--9-1--raspberry3bp","number_of_ads_buy":0,"average_prize_buy":0,"number_of_ads_rent":1,"average_prize_rent":0,"normalized_prize_buy":null,"normalized_ads_buy":null,"normalized_prize_rent":null,"normalized_ads_rent":null,"date":"2018-12-07T08:11:48.000Z","fill-opacity":null,"fill":"#ff0000"},"bbox":[-3.80891,40.3528,-3.81416,40.3583],"geometry":{"type":"Polygon","coordinates":[[[-3.80891,40.3583],[-3.81416,40.3583],[-3.81416,40.3528],[-3.80891,40.3528],[-3.80891,40.3583]]]}},{"type":"Feature","properties":{"name":"Alcorcón--piece--9-2--raspberry3bp","number_of_ads_buy":0,"average_prize_buy":0,"number_of_ads_rent":0,"average_prize_rent":0,"normalized_prize_buy":null,"normalized_ads_buy":null,"normalized_prize_rent":null,"normalized_ads_rent":null,"date":"2018-12-07T08:12:09.000Z","fill-opacity":null,"fill":"#ff0000"},"bbox":[-3.80891,40.3473,-3.81416,40.3528],"geometry":{"type":"Polygon","coordinates":[[[-3.80891,40.3528],[-3.81416,40.3528],[-3.81416,40.3473],[-3.80891,40.3473],[-3.80891,40.3528]]]}},{"type":"Feature","properties":{"name":"Alcorcón--piece--9-3--raspberry3bp","number_of_ads_buy":0,"average_prize_buy":0,"number_of_ads_rent":0,"average_prize_rent":0,"normalized_prize_buy":null,"normalized_ads_buy":null,"normalized_prize_rent":null,"normalized_ads_rent":null,"date":"2018-12-07T08:12:31.000Z","fill-opacity":null,"fill":"#ff0000"},"bbox":[-3.80891,40.3418,-3.81416,40.3473],"geometry":{"type":"Polygon","coordinates":[[[-3.80891,40.3473],[-3.81416,40.3473],[-3.81416,40.3418],[-3.80891,40.3418],[-3.80891,40.3473]]]}},{"type":"Feature","properties":{"name":"Alcorcón--piece--9-4--raspberry3bp","number_of_ads_buy":0,"average_prize_buy":0,"number_of_ads_rent":0,"average_prize_rent":0,"normalized_prize_buy":null,"normalized_ads_buy":null,"normalized_prize_rent":null,"normalized_ads_rent":null,"date":"2018-12-07T08:12:44.000Z","fill-opacity":null,"fill":"#ff0000"},"bbox":[-3.80891,40.3362,-3.81416,40.3418],"geometry":{"type":"Polygon","coordinates":[[[-3.80891,40.3418],[-3.81416,40.3418],[-3.81416,40.3362],[-3.80891,40.3362],[-3.80891,40.3418]]]}},{"type":"Feature","properties":{"name":"Alcorcón--piece--9-5--raspberry3bp","number_of_ads_buy":0,"average_prize_buy":0,"number_of_ads_rent":0,"average_prize_rent":0,"normalized_prize_buy":null,"normalized_ads_buy":null,"normalized_prize_rent":null,"normalized_ads_rent":null,"date":"2018-12-07T08:12:57.000Z","fill-opacity":null,"fill":"#ff0000"},"bbox":[-3.80891,40.3307,-3.81416,40.3362],"geometry":{"type":"Polygon","coordinates":[[[-3.80891,40.3362],[-3.81416,40.3362],[-3.81416,40.3307],[-3.80891,40.3307],[-3.80891,40.3362]]]}},{"type":"Feature","properties":{"name":"Alcorcón--piece--9-6--raspberry3bp","number_of_ads_buy":0,"average_prize_buy":0,"number_of_ads_rent":0,"average_prize_rent":0,"normalized_prize_buy":null,"normalized_ads_buy":null,"normalized_prize_rent":null,"normalized_ads_rent":null,"date":"2018-12-07T08:13:10.000Z","fill-opacity":null,"fill":"#ff0000"},"bbox":[-3.80891,40.3252,-3.81416,40.3307],"geometry":{"type":"Polygon","coordinates":[[[-3.80891,40.3307],[-3.81416,40.3307],[-3.81416,40.3252],[-3.80891,40.3252],[-3.80891,40.3307]]]}}]}