{"type":"FeatureCollection","features":[{"type":"Feature","properties":{"name":"Alcobendas--piece--0-0--raspberry3bp","number_of_ads_buy":0,"average_prize_buy":0,"number_of_ads_rent":0,"average_prize_rent":0,"normalized_prize_buy":null,"normalized_ads_buy":null,"normalized_prize_rent":null,"normalized_ads_rent":null,"date":"2018-12-07T07:12:15.000Z","fill-opacity":null,"fill":"#ff0000"},"bbox":[-3.66052,40.5528,-3.66555,40.5578],"geometry":{"type":"Polygon","coordinates":[[[-3.66052,40.5578],[-3.66555,40.5578],[-3.66555,40.5528],[-3.66052,40.5528],[-3.66052,40.5578]]]}},{"type":"Feature","properties":{"name":"Alcobendas--piece--0-1--raspberry3bp","number_of_ads_buy":0,"average_prize_buy":0,"number_of_ads_rent":1,"average_prize_rent":1,"normalized_prize_buy":null,"normalized_ads_buy":null,"normalized_prize_rent":null,"normalized_ads_rent":null,"date":"2018-12-07T07:12:32.000Z","fill-opacity":null,"fill":"#ff0000"},"bbox":[-3.66052,40.5478,-3.66555,40.5528],"geometry":{"type":"Polygon","coordinates":[[[-3.66052,40.5528],[-3.66555,40.5528],[-3.66555,40.5478],[-3.66052,40.5478],[-3.66052,40.5528]]]}},{"type":"Feature","properties":{"name":"Alcobendas--piece--0-2--raspberry3bp","number_of_ads_buy":0,"average_prize_buy":0,"number_of_ads_rent":0,"average_prize_rent":0,"normalized_prize_buy":null,"normalized_ads_buy":null,"normalized_prize_rent":null,"normalized_ads_rent":null,"date":"2018-12-07T07:12:46.000Z","fill-opacity":null,"fill":"#ff0000"},"bbox":[-3.66052,40.5428,-3.66555,40.5478],"geometry":{"type":"Polygon","coordinates":[[[-3.66052,40.5478],[-3.66555,40.5478],[-3.66555,40.5428],[-3.66052,40.5428],[-3.66052,40.5478]]]}},{"type":"Feature","properties":{"name":"Alcobendas--piece--0-3--raspberry3bp","number_of_ads_buy":0,"average_prize_buy":0,"number_of_ads_rent":0,"average_prize_rent":0,"normalized_prize_buy":null,"normalized_ads_buy":null,"normalized_prize_rent":null,"normalized_ads_rent":null,"date":"2018-12-07T07:12:59.000Z","fill-opacity":null,"fill":"#ff0000"},"bbox":[-3.66052,40.5377,-3.66555,40.5428],"geometry":{"type":"Polygon","coordinates":[[[-3.66052,40.5428],[-3.66555,40.5428],[-3.66555,40.5377],[-3.66052,40.5377],[-3.66052,40.5428]]]}},{"type":"Feature","properties":{"name":"Alcobendas--piece--0-4--raspberry3bp","number_of_ads_buy":0,"average_prize_buy":0,"number_of_ads_rent":0,"average_prize_rent":0,"normalized_prize_buy":null,"normalized_ads_buy":null,"normalized_prize_rent":null,"normalized_ads_rent":null,"date":"2018-12-07T07:13:17.000Z","fill-opacity":null,"fill":"#ff0000"},"bbox":[-3.66052,40.5327,-3.66555,40.5377],"geometry":{"type":"Polygon","coordinates":[[[-3.66052,40.5377],[-3.66555,40.5377],[-3.66555,40.5327],[-3.66052,40.5327],[-3.66052,40.5377]]]}},{"type":"Feature","properties":{"name":"Alcobendas--piece--0-5--raspberry3bp","number_of_ads_buy":0,"average_prize_buy":0,"number_of_ads_rent":0,"average_prize_rent":0,"normalized_prize_buy":null,"normalized_ads_buy":null,"normalized_prize_rent":null,"normalized_ads_rent":null,"date":"2018-12-07T07:13:32.000Z","fill-opacity":null,"fill":"#ff0000"},"bbox":[-3.66052,40.5277,-3.66555,40.5327],"geometry":{"type":"Polygon","coordinates":[[[-3.66052,40.5327],[-3.66555,40.5327],[-3.66555,40.5277],[-3.66052,40.5277],[-3.66052,40.5327]]]}},{"type":"Feature","properties":{"name":"Alcobendas--piece--0-6--raspberry3bp","number_of_ads_buy":0,"average_prize_buy":0,"number_of_ads_rent":0,"average_prize_rent":0,"normalized_prize_buy":null,"normalized_ads_buy":null,"normalized_prize_rent":null,"normalized_ads_rent":null,"date":"2018-12-07T07:13:50.000Z","fill-opacity":null,"fill":"#ff0000"},"bbox":[-3.66052,40.5227,-3.66555,40.5277],"geometry":{"type":"Polygon","coordinates":[[[-3.66052,40.5277],[-3.66555,40.5277],[-3.66555,40.5227],[-3.66052,40.5227],[-3.66052,40.5277]]]}},{"type":"Feature","properties":{"name":"Alcobendas--piece--0-7--raspberry3bp","number_of_ads_buy":0,"average_prize_buy":0,"number_of_ads_rent":0,"average_prize_rent":0,"normalized_prize_buy":null,"normalized_ads_buy":null,"normalized_prize_rent":null,"normalized_ads_rent":null,"date":"2018-12-07T07:14:06.000Z","fill-opacity":null,"fill":"#ff0000"},"bbox":[-3.66052,40.5176,-3.66555,40.5227],"geometry":{"type":"Polygon","coordinates":[[[-3.66052,40.5227],[-3.66555,40.5227],[-3.66555,40.5176],[-3.66052,40.5176],[-3.66052,40.5227]]]}},{"type":"Feature","properties":{"name":"Alcobendas--piece--0-8--raspberry3bp","number_of_ads_buy":0,"average_prize_buy":0,"number_of_ads_rent":0,"average_prize_rent":0,"normalized_prize_buy":null,"normalized_ads_buy":null,"normalized_prize_rent":null,"normalized_ads_rent":null,"date":"2018-12-07T07:14:23.000Z","fill-opacity":null,"fill":"#ff0000"},"bbox":[-3.66052,40.5126,-3.66555,40.5176],"geometry":{"type":"Polygon","coordinates":[[[-3.66052,40.5176],[-3.66555,40.5176],[-3.66555,40.5126],[-3.66052,40.5126],[-3.66052,40.5176]]]}},{"type":"Feature","properties":{"name":"Alcobendas--piece--0-9--raspberry3bp","number_of_ads_buy":0,"average_prize_buy":0,"number_of_ads_rent":0,"average_prize_rent":0,"normalized_prize_buy":null,"normalized_ads_buy":null,"normalized_prize_rent":null,"normalized_ads_rent":null,"date":"2018-12-07T07:14:36.000Z","fill-opacity":null,"fill":"#ff0000"},"bbox":[-3.66052,40.5076,-3.66555,40.5126],"geometry":{"type":"Polygon","coordinates":[[[-3.66052,40.5126],[-3.66555,40.5126],[-3.66555,40.5076],[-3.66052,40.5076],[-3.66052,40.5126]]]}},{"type":"Feature","properties":{"name":"Alcobendas--piece--1-0--raspberry3bp","number_of_ads_buy":0,"average_prize_buy":0,"number_of_ads_rent":4,"average_prize_rent":0,"normalized_prize_buy":null,"normalized_ads_buy":null,"normalized_prize_rent":null,"normalized_ads_rent":null,"date":"2018-12-07T07:14:52.000Z","fill-opacity":null,"fill":"#ff0000"},"bbox":[-3.65549,40.5528,-3.66052,40.5578],"geometry":{"type":"Polygon","coordinates":[[[-3.65549,40.5578],[-3.66052,40.5578],[-3.66052,40.5528],[-3.65549,40.5528],[-3.65549,40.5578]]]}},{"type":"Feature","properties":{"name":"Alcobendas--piece--1-1--raspberry3bp","number_of_ads_buy":0,"average_prize_buy":0,"number_of_ads_rent":0,"average_prize_rent":0,"normalized_prize_buy":null,"normalized_ads_buy":null,"normalized_prize_rent":null,"normalized_ads_rent":null,"date":"2018-12-07T07:15:11.000Z","fill-opacity":null,"fill":"#ff0000"},"bbox":[-3.65549,40.5478,-3.66052,40.5528],"geometry":{"type":"Polygon","coordinates":[[[-3.65549,40.5528],[-3.66052,40.5528],[-3.66052,40.5478],[-3.65549,40.5478],[-3.65549,40.5528]]]}},{"type":"Feature","properties":{"name":"Alcobendas--piece--1-2--raspberry3bp","number_of_ads_buy":0,"average_prize_buy":0,"number_of_ads_rent":0,"average_prize_rent":0,"normalized_prize_buy":null,"normalized_ads_buy":null,"normalized_prize_rent":null,"normalized_ads_rent":null,"date":"2018-12-07T07:15:24.000Z","fill-opacity":null,"fill":"#ff0000"},"bbox":[-3.65549,40.5428,-3.66052,40.5478],"geometry":{"type":"Polygon","coordinates":[[[-3.65549,40.5478],[-3.66052,40.5478],[-3.66052,40.5428],[-3.65549,40.5428],[-3.65549,40.5478]]]}},{"type":"Feature","properties":{"name":"Alcobendas--piece--1-3--raspberry3bp","number_of_ads_buy":0,"average_prize_buy":0,"number_of_ads_rent":0,"average_prize_rent":0,"normalized_prize_buy":null,"normalized_ads_buy":null,"normalized_prize_rent":null,"normalized_ads_rent":null,"date":"2018-12-07T07:15:44.000Z","fill-opacity":null,"fill":"#ff0000"},"bbox":[-3.65549,40.5377,-3.66052,40.5428],"geometry":{"type":"Polygon","coordinates":[[[-3.65549,40.5428],[-3.66052,40.5428],[-3.66052,40.5377],[-3.65549,40.5377],[-3.65549,40.5428]]]}},{"type":"Feature","properties":{"name":"Alcobendas--piece--1-4--raspberry3bp","number_of_ads_buy":0,"average_prize_buy":0,"number_of_ads_rent":0,"average_prize_rent":0,"normalized_prize_buy":null,"normalized_ads_buy":null,"normalized_prize_rent":null,"normalized_ads_rent":null,"date":"2018-12-07T07:16:04.000Z","fill-opacity":null,"fill":"#ff0000"},"bbox":[-3.65549,40.5327,-3.66052,40.5377],"geometry":{"type":"Polygon","coordinates":[[[-3.65549,40.5377],[-3.66052,40.5377],[-3.66052,40.5327],[-3.65549,40.5327],[-3.65549,40.5377]]]}},{"type":"Feature","properties":{"name":"Alcobendas--piece--1-5--raspberry3bp","number_of_ads_buy":0,"average_prize_buy":0,"number_of_ads_rent":0,"average_prize_rent":0,"normalized_prize_buy":null,"normalized_ads_buy":null,"normalized_prize_rent":null,"normalized_ads_rent":null,"date":"2018-12-07T07:16:18.000Z","fill-opacity":null,"fill":"#ff0000"},"bbox":[-3.65549,40.5277,-3.66052,40.5327],"geometry":{"type":"Polygon","coordinates":[[[-3.65549,40.5327],[-3.66052,40.5327],[-3.66052,40.5277],[-3.65549,40.5277],[-3.65549,40.5327]]]}},{"type":"Feature","properties":{"name":"Alcobendas--piece--1-6--raspberry3bp","number_of_ads_buy":0,"average_prize_buy":0,"number_of_ads_rent":0,"average_prize_rent":0,"normalized_prize_buy":null,"normalized_ads_buy":null,"normalized_prize_rent":null,"normalized_ads_rent":null,"date":"2018-12-07T07:16:33.000Z","fill-opacity":null,"fill":"#ff0000"},"bbox":[-3.65549,40.5227,-3.66052,40.5277],"geometry":{"type":"Polygon","coordinates":[[[-3.65549,40.5277],[-3.66052,40.5277],[-3.66052,40.5227],[-3.65549,40.5227],[-3.65549,40.5277]]]}},{"type":"Feature","properties":{"name":"Alcobendas--piece--1-7--raspberry3bp","number_of_ads_buy":0,"average_prize_buy":0,"number_of_ads_rent":0,"average_prize_rent":0,"normalized_prize_buy":null,"normalized_ads_buy":null,"normalized_prize_rent":null,"normalized_ads_rent":null,"date":"2018-12-07T07:16:48.000Z","fill-opacity":null,"fill":"#ff0000"},"bbox":[-3.65549,40.5176,-3.66052,40.5227],"geometry":{"type":"Polygon","coordinates":[[[-3.65549,40.5227],[-3.66052,40.5227],[-3.66052,40.5176],[-3.65549,40.5176],[-3.65549,40.5227]]]}},{"type":"Feature","properties":{"name":"Alcobendas--piece--1-8--raspberry3bp","number_of_ads_buy":0,"average_prize_buy":0,"number_of_ads_rent":0,"average_prize_rent":0,"normalized_prize_buy":null,"normalized_ads_buy":null,"normalized_prize_rent":null,"normalized_ads_rent":null,"date":"2018-12-07T07:17:06.000Z","fill-opacity":null,"fill":"#ff0000"},"bbox":[-3.65549,40.5126,-3.66052,40.5176],"geometry":{"type":"Polygon","coordinates":[[[-3.65549,40.5176],[-3.66052,40.5176],[-3.66052,40.5126],[-3.65549,40.5126],[-3.65549,40.5176]]]}},{"type":"Feature","properties":{"name":"Alcobendas--piece--1-9--raspberry3bp","number_of_ads_buy":0,"average_prize_buy":0,"number_of_ads_rent":0,"average_prize_rent":0,"normalized_prize_buy":null,"normalized_ads_buy":null,"normalized_prize_rent":null,"normalized_ads_rent":null,"date":"2018-12-07T07:17:19.000Z","fill-opacity":null,"fill":"#ff0000"},"bbox":[-3.65549,40.5076,-3.66052,40.5126],"geometry":{"type":"Polygon","coordinates":[[[-3.65549,40.5126],[-3.66052,40.5126],[-3.66052,40.5076],[-3.65549,40.5076],[-3.65549,40.5126]]]}},{"type":"Feature","properties":{"name":"Alcobendas--piece--10-0--raspberry3bp","number_of_ads_buy":0,"average_prize_buy":0,"number_of_ads_rent":0,"average_prize_rent":0,"normalized_prize_buy":null,"normalized_ads_buy":null,"normalized_prize_rent":null,"normalized_ads_rent":null,"date":"2018-12-07T07:17:31.000Z","fill-opacity":null,"fill":"#ff0000"},"bbox":[-3.61019,40.5528,-3.61523,40.5578],"geometry":{"type":"Polygon","coordinates":[[[-3.61019,40.5578],[-3.61523,40.5578],[-3.61523,40.5528],[-3.61019,40.5528],[-3.61019,40.5578]]]}},{"type":"Feature","properties":{"name":"Alcobendas--piece--10-1--raspberry3bp","number_of_ads_buy":0,"average_prize_buy":0,"number_of_ads_rent":0,"average_prize_rent":0,"normalized_prize_buy":null,"normalized_ads_buy":null,"normalized_prize_rent":null,"normalized_ads_rent":null,"date":"2018-12-07T07:17:44.000Z","fill-opacity":null,"fill":"#ff0000"},"bbox":[-3.61019,40.5478,-3.61523,40.5528],"geometry":{"type":"Polygon","coordinates":[[[-3.61019,40.5528],[-3.61523,40.5528],[-3.61523,40.5478],[-3.61019,40.5478],[-3.61019,40.5528]]]}},{"type":"Feature","properties":{"name":"Alcobendas--piece--10-2--raspberry3bp","number_of_ads_buy":0,"average_prize_buy":0,"number_of_ads_rent":1,"average_prize_rent":2,"normalized_prize_buy":null,"normalized_ads_buy":null,"normalized_prize_rent":null,"normalized_ads_rent":null,"date":"2018-12-07T07:18:01.000Z","fill-opacity":null,"fill":"#ff0000"},"bbox":[-3.61019,40.5428,-3.61523,40.5478],"geometry":{"type":"Polygon","coordinates":[[[-3.61019,40.5478],[-3.61523,40.5478],[-3.61523,40.5428],[-3.61019,40.5428],[-3.61019,40.5478]]]}},{"type":"Feature","properties":{"name":"Alcobendas--piece--10-3--raspberry3bp","number_of_ads_buy":0,"average_prize_buy":0,"number_of_ads_rent":0,"average_prize_rent":0,"normalized_prize_buy":null,"normalized_ads_buy":null,"normalized_prize_rent":null,"normalized_ads_rent":null,"date":"2018-12-07T07:18:16.000Z","fill-opacity":null,"fill":"#ff0000"},"bbox":[-3.61019,40.5377,-3.61523,40.5428],"geometry":{"type":"Polygon","coordinates":[[[-3.61019,40.5428],[-3.61523,40.5428],[-3.61523,40.5377],[-3.61019,40.5377],[-3.61019,40.5428]]]}},{"type":"Feature","properties":{"name":"Alcobendas--piece--10-4--raspberry3bp","number_of_ads_buy":0,"average_prize_buy":0,"number_of_ads_rent":0,"average_prize_rent":0,"normalized_prize_buy":null,"normalized_ads_buy":null,"normalized_prize_rent":null,"normalized_ads_rent":null,"date":"2018-12-07T07:18:29.000Z","fill-opacity":null,"fill":"#ff0000"},"bbox":[-3.61019,40.5327,-3.61523,40.5377],"geometry":{"type":"Polygon","coordinates":[[[-3.61019,40.5377],[-3.61523,40.5377],[-3.61523,40.5327],[-3.61019,40.5327],[-3.61019,40.5377]]]}},{"type":"Feature","properties":{"name":"Alcobendas--piece--10-5--raspberry3bp","number_of_ads_buy":0,"average_prize_buy":0,"number_of_ads_rent":0,"average_prize_rent":0,"normalized_prize_buy":null,"normalized_ads_buy":null,"normalized_prize_rent":null,"normalized_ads_rent":null,"date":"2018-12-07T07:18:51.000Z","fill-opacity":null,"fill":"#ff0000"},"bbox":[-3.61019,40.5277,-3.61523,40.5327],"geometry":{"type":"Polygon","coordinates":[[[-3.61019,40.5327],[-3.61523,40.5327],[-3.61523,40.5277],[-3.61019,40.5277],[-3.61019,40.5327]]]}},{"type":"Feature","properties":{"name":"Alcobendas--piece--10-6--raspberry3bp","number_of_ads_buy":0,"average_prize_buy":0,"number_of_ads_rent":0,"average_prize_rent":0,"normalized_prize_buy":null,"normalized_ads_buy":null,"normalized_prize_rent":null,"normalized_ads_rent":null,"date":"2018-12-07T07:19:08.000Z","fill-opacity":null,"fill":"#ff0000"},"bbox":[-3.61019,40.5227,-3.61523,40.5277],"geometry":{"type":"Polygon","coordinates":[[[-3.61019,40.5277],[-3.61523,40.5277],[-3.61523,40.5227],[-3.61019,40.5227],[-3.61019,40.5277]]]}},{"type":"Feature","properties":{"name":"Alcobendas--piece--10-7--raspberry3bp","number_of_ads_buy":0,"average_prize_buy":0,"number_of_ads_rent":0,"average_prize_rent":0,"normalized_prize_buy":null,"normalized_ads_buy":null,"normalized_prize_rent":null,"normalized_ads_rent":null,"date":"2018-12-07T07:19:26.000Z","fill-opacity":null,"fill":"#ff0000"},"bbox":[-3.61019,40.5176,-3.61523,40.5227],"geometry":{"type":"Polygon","coordinates":[[[-3.61019,40.5227],[-3.61523,40.5227],[-3.61523,40.5176],[-3.61019,40.5176],[-3.61019,40.5227]]]}},{"type":"Feature","properties":{"name":"Alcobendas--piece--10-8--raspberry3bp","number_of_ads_buy":0,"average_prize_buy":0,"number_of_ads_rent":0,"average_prize_rent":0,"normalized_prize_buy":null,"normalized_ads_buy":null,"normalized_prize_rent":null,"normalized_ads_rent":null,"date":"2018-12-07T07:19:43.000Z","fill-opacity":null,"fill":"#ff0000"},"bbox":[-3.61019,40.5126,-3.61523,40.5176],"geometry":{"type":"Polygon","coordinates":[[[-3.61019,40.5176],[-3.61523,40.5176],[-3.61523,40.5126],[-3.61019,40.5126],[-3.61019,40.5176]]]}},{"type":"Feature","properties":{"name":"Alcobendas--piece--10-9--raspberry3bp","number_of_ads_buy":0,"average_prize_buy":0,"number_of_ads_rent":0,"average_prize_rent":0,"normalized_prize_buy":null,"normalized_ads_buy":null,"normalized_prize_rent":null,"normalized_ads_rent":null,"date":"2018-12-07T07:20:04.000Z","fill-opacity":null,"fill":"#ff0000"},"bbox":[-3.61019,40.5076,-3.61523,40.5126],"geometry":{"type":"Polygon","coordinates":[[[-3.61019,40.5126],[-3.61523,40.5126],[-3.61523,40.5076],[-3.61019,40.5076],[-3.61019,40.5126]]]}},{"type":"Feature","properties":{"name":"Alcobendas--piece--11-0--raspberry3bp","number_of_ads_buy":0,"average_prize_buy":0,"number_of_ads_rent":0,"average_prize_rent":0,"normalized_prize_buy":null,"normalized_ads_buy":null,"normalized_prize_rent":null,"normalized_ads_rent":null,"date":"2018-12-07T07:20:20.000Z","fill-opacity":null,"fill":"#ff0000"},"bbox":[-3.60516,40.5528,-3.61019,40.5578],"geometry":{"type":"Polygon","coordinates":[[[-3.60516,40.5578],[-3.61019,40.5578],[-3.61019,40.5528],[-3.60516,40.5528],[-3.60516,40.5578]]]}},{"type":"Feature","properties":{"name":"Alcobendas--piece--11-1--raspberry3bp","number_of_ads_buy":0,"average_prize_buy":0,"number_of_ads_rent":0,"average_prize_rent":0,"normalized_prize_buy":null,"normalized_ads_buy":null,"normalized_prize_rent":null,"normalized_ads_rent":null,"date":"2018-12-07T07:20:38.000Z","fill-opacity":null,"fill":"#ff0000"},"bbox":[-3.60516,40.5478,-3.61019,40.5528],"geometry":{"type":"Polygon","coordinates":[[[-3.60516,40.5528],[-3.61019,40.5528],[-3.61019,40.5478],[-3.60516,40.5478],[-3.60516,40.5528]]]}},{"type":"Feature","properties":{"name":"Alcobendas--piece--11-2--raspberry3bp","number_of_ads_buy":0,"average_prize_buy":0,"number_of_ads_rent":0,"average_prize_rent":0,"normalized_prize_buy":null,"normalized_ads_buy":null,"normalized_prize_rent":null,"normalized_ads_rent":null,"date":"2018-12-07T07:20:51.000Z","fill-opacity":null,"fill":"#ff0000"},"bbox":[-3.60516,40.5428,-3.61019,40.5478],"geometry":{"type":"Polygon","coordinates":[[[-3.60516,40.5478],[-3.61019,40.5478],[-3.61019,40.5428],[-3.60516,40.5428],[-3.60516,40.5478]]]}},{"type":"Feature","properties":{"name":"Alcobendas--piece--11-3--raspberry3bp","number_of_ads_buy":0,"average_prize_buy":0,"number_of_ads_rent":0,"average_prize_rent":0,"normalized_prize_buy":null,"normalized_ads_buy":null,"normalized_prize_rent":null,"normalized_ads_rent":null,"date":"2018-12-07T07:21:04.000Z","fill-opacity":null,"fill":"#ff0000"},"bbox":[-3.60516,40.5377,-3.61019,40.5428],"geometry":{"type":"Polygon","coordinates":[[[-3.60516,40.5428],[-3.61019,40.5428],[-3.61019,40.5377],[-3.60516,40.5377],[-3.60516,40.5428]]]}},{"type":"Feature","properties":{"name":"Alcobendas--piece--11-4--raspberry3bp","number_of_ads_buy":0,"average_prize_buy":0,"number_of_ads_rent":0,"average_prize_rent":0,"normalized_prize_buy":null,"normalized_ads_buy":null,"normalized_prize_rent":null,"normalized_ads_rent":null,"date":"2018-12-07T07:21:27.000Z","fill-opacity":null,"fill":"#ff0000"},"bbox":[-3.60516,40.5327,-3.61019,40.5377],"geometry":{"type":"Polygon","coordinates":[[[-3.60516,40.5377],[-3.61019,40.5377],[-3.61019,40.5327],[-3.60516,40.5327],[-3.60516,40.5377]]]}},{"type":"Feature","properties":{"name":"Alcobendas--piece--11-5--raspberry3bp","number_of_ads_buy":0,"average_prize_buy":0,"number_of_ads_rent":0,"average_prize_rent":0,"normalized_prize_buy":null,"normalized_ads_buy":null,"normalized_prize_rent":null,"normalized_ads_rent":null,"date":"2018-12-07T07:21:39.000Z","fill-opacity":null,"fill":"#ff0000"},"bbox":[-3.60516,40.5277,-3.61019,40.5327],"geometry":{"type":"Polygon","coordinates":[[[-3.60516,40.5327],[-3.61019,40.5327],[-3.61019,40.5277],[-3.60516,40.5277],[-3.60516,40.5327]]]}},{"type":"Feature","properties":{"name":"Alcobendas--piece--11-6--raspberry3bp","number_of_ads_buy":0,"average_prize_buy":0,"number_of_ads_rent":0,"average_prize_rent":0,"normalized_prize_buy":null,"normalized_ads_buy":null,"normalized_prize_rent":null,"normalized_ads_rent":null,"date":"2018-12-07T07:21:59.000Z","fill-opacity":null,"fill":"#ff0000"},"bbox":[-3.60516,40.5227,-3.61019,40.5277],"geometry":{"type":"Polygon","coordinates":[[[-3.60516,40.5277],[-3.61019,40.5277],[-3.61019,40.5227],[-3.60516,40.5227],[-3.60516,40.5277]]]}},{"type":"Feature","properties":{"name":"Alcobendas--piece--11-7--raspberry3bp","number_of_ads_buy":0,"average_prize_buy":0,"number_of_ads_rent":0,"average_prize_rent":0,"normalized_prize_buy":null,"normalized_ads_buy":null,"normalized_prize_rent":null,"normalized_ads_rent":null,"date":"2018-12-07T07:22:16.000Z","fill-opacity":null,"fill":"#ff0000"},"bbox":[-3.60516,40.5176,-3.61019,40.5227],"geometry":{"type":"Polygon","coordinates":[[[-3.60516,40.5227],[-3.61019,40.5227],[-3.61019,40.5176],[-3.60516,40.5176],[-3.60516,40.5227]]]}},{"type":"Feature","properties":{"name":"Alcobendas--piece--11-8--raspberry3bp","number_of_ads_buy":0,"average_prize_buy":0,"number_of_ads_rent":0,"average_prize_rent":0,"normalized_prize_buy":null,"normalized_ads_buy":null,"normalized_prize_rent":null,"normalized_ads_rent":null,"date":"2018-12-07T07:22:29.000Z","fill-opacity":null,"fill":"#ff0000"},"bbox":[-3.60516,40.5126,-3.61019,40.5176],"geometry":{"type":"Polygon","coordinates":[[[-3.60516,40.5176],[-3.61019,40.5176],[-3.61019,40.5126],[-3.60516,40.5126],[-3.60516,40.5176]]]}},{"type":"Feature","properties":{"name":"Alcobendas--piece--11-9--raspberry3bp","number_of_ads_buy":0,"average_prize_buy":0,"number_of_ads_rent":0,"average_prize_rent":0,"normalized_prize_buy":null,"normalized_ads_buy":null,"normalized_prize_rent":null,"normalized_ads_rent":null,"date":"2018-12-07T07:22:43.000Z","fill-opacity":null,"fill":"#ff0000"},"bbox":[-3.60516,40.5076,-3.61019,40.5126],"geometry":{"type":"Polygon","coordinates":[[[-3.60516,40.5126],[-3.61019,40.5126],[-3.61019,40.5076],[-3.60516,40.5076],[-3.60516,40.5126]]]}},{"type":"Feature","properties":{"name":"Alcobendas--piece--12-0--raspberry3bp","number_of_ads_buy":0,"average_prize_buy":0,"number_of_ads_rent":0,"average_prize_rent":0,"normalized_prize_buy":null,"normalized_ads_buy":null,"normalized_prize_rent":null,"normalized_ads_rent":null,"date":"2018-12-07T07:22:59.000Z","fill-opacity":null,"fill":"#ff0000"},"bbox":[-3.60013,40.5528,-3.60516,40.5578],"geometry":{"type":"Polygon","coordinates":[[[-3.60013,40.5578],[-3.60516,40.5578],[-3.60516,40.5528],[-3.60013,40.5528],[-3.60013,40.5578]]]}},{"type":"Feature","properties":{"name":"Alcobendas--piece--12-1--raspberry3bp","number_of_ads_buy":0,"average_prize_buy":0,"number_of_ads_rent":0,"average_prize_rent":0,"normalized_prize_buy":null,"normalized_ads_buy":null,"normalized_prize_rent":null,"normalized_ads_rent":null,"date":"2018-12-07T07:23:15.000Z","fill-opacity":null,"fill":"#ff0000"},"bbox":[-3.60013,40.5478,-3.60516,40.5528],"geometry":{"type":"Polygon","coordinates":[[[-3.60013,40.5528],[-3.60516,40.5528],[-3.60516,40.5478],[-3.60013,40.5478],[-3.60013,40.5528]]]}},{"type":"Feature","properties":{"name":"Alcobendas--piece--12-2--raspberry3bp","number_of_ads_buy":0,"average_prize_buy":0,"number_of_ads_rent":0,"average_prize_rent":0,"normalized_prize_buy":null,"normalized_ads_buy":null,"normalized_prize_rent":null,"normalized_ads_rent":null,"date":"2018-12-07T07:23:31.000Z","fill-opacity":null,"fill":"#ff0000"},"bbox":[-3.60013,40.5428,-3.60516,40.5478],"geometry":{"type":"Polygon","coordinates":[[[-3.60013,40.5478],[-3.60516,40.5478],[-3.60516,40.5428],[-3.60013,40.5428],[-3.60013,40.5478]]]}},{"type":"Feature","properties":{"name":"Alcobendas--piece--12-3--raspberry3bp","number_of_ads_buy":0,"average_prize_buy":0,"number_of_ads_rent":0,"average_prize_rent":0,"normalized_prize_buy":null,"normalized_ads_buy":null,"normalized_prize_rent":null,"normalized_ads_rent":null,"date":"2018-12-07T07:23:43.000Z","fill-opacity":null,"fill":"#ff0000"},"bbox":[-3.60013,40.5377,-3.60516,40.5428],"geometry":{"type":"Polygon","coordinates":[[[-3.60013,40.5428],[-3.60516,40.5428],[-3.60516,40.5377],[-3.60013,40.5377],[-3.60013,40.5428]]]}},{"type":"Feature","properties":{"name":"Alcobendas--piece--12-4--raspberry3bp","number_of_ads_buy":0,"average_prize_buy":0,"number_of_ads_rent":0,"average_prize_rent":0,"normalized_prize_buy":null,"normalized_ads_buy":null,"normalized_prize_rent":null,"normalized_ads_rent":null,"date":"2018-12-07T07:23:59.000Z","fill-opacity":null,"fill":"#ff0000"},"bbox":[-3.60013,40.5327,-3.60516,40.5377],"geometry":{"type":"Polygon","coordinates":[[[-3.60013,40.5377],[-3.60516,40.5377],[-3.60516,40.5327],[-3.60013,40.5327],[-3.60013,40.5377]]]}},{"type":"Feature","properties":{"name":"Alcobendas--piece--12-5--raspberry3bp","number_of_ads_buy":0,"average_prize_buy":0,"number_of_ads_rent":0,"average_prize_rent":0,"normalized_prize_buy":null,"normalized_ads_buy":null,"normalized_prize_rent":null,"normalized_ads_rent":null,"date":"2018-12-07T07:24:16.000Z","fill-opacity":null,"fill":"#ff0000"},"bbox":[-3.60013,40.5277,-3.60516,40.5327],"geometry":{"type":"Polygon","coordinates":[[[-3.60013,40.5327],[-3.60516,40.5327],[-3.60516,40.5277],[-3.60013,40.5277],[-3.60013,40.5327]]]}},{"type":"Feature","properties":{"name":"Alcobendas--piece--12-6--raspberry3bp","number_of_ads_buy":0,"average_prize_buy":0,"number_of_ads_rent":0,"average_prize_rent":0,"normalized_prize_buy":null,"normalized_ads_buy":null,"normalized_prize_rent":null,"normalized_ads_rent":null,"date":"2018-12-07T07:24:30.000Z","fill-opacity":null,"fill":"#ff0000"},"bbox":[-3.60013,40.5227,-3.60516,40.5277],"geometry":{"type":"Polygon","coordinates":[[[-3.60013,40.5277],[-3.60516,40.5277],[-3.60516,40.5227],[-3.60013,40.5227],[-3.60013,40.5277]]]}},{"type":"Feature","properties":{"name":"Alcobendas--piece--12-7--raspberry3bp","number_of_ads_buy":0,"average_prize_buy":0,"number_of_ads_rent":0,"average_prize_rent":0,"normalized_prize_buy":null,"normalized_ads_buy":null,"normalized_prize_rent":null,"normalized_ads_rent":null,"date":"2018-12-07T07:24:42.000Z","fill-opacity":null,"fill":"#ff0000"},"bbox":[-3.60013,40.5176,-3.60516,40.5227],"geometry":{"type":"Polygon","coordinates":[[[-3.60013,40.5227],[-3.60516,40.5227],[-3.60516,40.5176],[-3.60013,40.5176],[-3.60013,40.5227]]]}},{"type":"Feature","properties":{"name":"Alcobendas--piece--12-8--raspberry3bp","number_of_ads_buy":0,"average_prize_buy":0,"number_of_ads_rent":0,"average_prize_rent":0,"normalized_prize_buy":null,"normalized_ads_buy":null,"normalized_prize_rent":null,"normalized_ads_rent":null,"date":"2018-12-07T07:24:54.000Z","fill-opacity":null,"fill":"#ff0000"},"bbox":[-3.60013,40.5126,-3.60516,40.5176],"geometry":{"type":"Polygon","coordinates":[[[-3.60013,40.5176],[-3.60516,40.5176],[-3.60516,40.5126],[-3.60013,40.5126],[-3.60013,40.5176]]]}},{"type":"Feature","properties":{"name":"Alcobendas--piece--12-9--raspberry3bp","number_of_ads_buy":0,"average_prize_buy":0,"number_of_ads_rent":0,"average_prize_rent":0,"normalized_prize_buy":null,"normalized_ads_buy":null,"normalized_prize_rent":null,"normalized_ads_rent":null,"date":"2018-12-07T07:25:06.000Z","fill-opacity":null,"fill":"#ff0000"},"bbox":[-3.60013,40.5076,-3.60516,40.5126],"geometry":{"type":"Polygon","coordinates":[[[-3.60013,40.5126],[-3.60516,40.5126],[-3.60516,40.5076],[-3.60013,40.5076],[-3.60013,40.5126]]]}},{"type":"Feature","properties":{"name":"Alcobendas--piece--2-0--raspberry3bp","number_of_ads_buy":0,"average_prize_buy":0,"number_of_ads_rent":2,"average_prize_rent":2,"normalized_prize_buy":null,"normalized_ads_buy":null,"normalized_prize_rent":null,"normalized_ads_rent":null,"date":"2018-12-07T07:25:19.000Z","fill-opacity":null,"fill":"#ff0000"},"bbox":[-3.65046,40.5528,-3.65549,40.5578],"geometry":{"type":"Polygon","coordinates":[[[-3.65046,40.5578],[-3.65549,40.5578],[-3.65549,40.5528],[-3.65046,40.5528],[-3.65046,40.5578]]]}},{"type":"Feature","properties":{"name":"Alcobendas--piece--2-1--raspberry3bp","number_of_ads_buy":0,"average_prize_buy":0,"number_of_ads_rent":0,"average_prize_rent":0,"normalized_prize_buy":null,"normalized_ads_buy":null,"normalized_prize_rent":null,"normalized_ads_rent":null,"date":"2018-12-07T07:25:37.000Z","fill-opacity":null,"fill":"#ff0000"},"bbox":[-3.65046,40.5478,-3.65549,40.5528],"geometry":{"type":"Polygon","coordinates":[[[-3.65046,40.5528],[-3.65549,40.5528],[-3.65549,40.5478],[-3.65046,40.5478],[-3.65046,40.5528]]]}},{"type":"Feature","properties":{"name":"Alcobendas--piece--2-2--raspberry3bp","number_of_ads_buy":0,"average_prize_buy":0,"number_of_ads_rent":0,"average_prize_rent":0,"normalized_prize_buy":null,"normalized_ads_buy":null,"normalized_prize_rent":null,"normalized_ads_rent":null,"date":"2018-12-07T07:25:49.000Z","fill-opacity":null,"fill":"#ff0000"},"bbox":[-3.65046,40.5428,-3.65549,40.5478],"geometry":{"type":"Polygon","coordinates":[[[-3.65046,40.5478],[-3.65549,40.5478],[-3.65549,40.5428],[-3.65046,40.5428],[-3.65046,40.5478]]]}},{"type":"Feature","properties":{"name":"Alcobendas--piece--2-3--raspberry3bp","number_of_ads_buy":0,"average_prize_buy":0,"number_of_ads_rent":1,"average_prize_rent":2,"normalized_prize_buy":null,"normalized_ads_buy":null,"normalized_prize_rent":null,"normalized_ads_rent":null,"date":"2018-12-07T07:26:08.000Z","fill-opacity":null,"fill":"#ff0000"},"bbox":[-3.65046,40.5377,-3.65549,40.5428],"geometry":{"type":"Polygon","coordinates":[[[-3.65046,40.5428],[-3.65549,40.5428],[-3.65549,40.5377],[-3.65046,40.5377],[-3.65046,40.5428]]]}},{"type":"Feature","properties":{"name":"Alcobendas--piece--2-4--raspberry3bp","number_of_ads_buy":0,"average_prize_buy":0,"number_of_ads_rent":0,"average_prize_rent":0,"normalized_prize_buy":null,"normalized_ads_buy":null,"normalized_prize_rent":null,"normalized_ads_rent":null,"date":"2018-12-07T07:26:25.000Z","fill-opacity":null,"fill":"#ff0000"},"bbox":[-3.65046,40.5327,-3.65549,40.5377],"geometry":{"type":"Polygon","coordinates":[[[-3.65046,40.5377],[-3.65549,40.5377],[-3.65549,40.5327],[-3.65046,40.5327],[-3.65046,40.5377]]]}},{"type":"Feature","properties":{"name":"Alcobendas--piece--2-5--raspberry3bp","number_of_ads_buy":0,"average_prize_buy":0,"number_of_ads_rent":0,"average_prize_rent":0,"normalized_prize_buy":null,"normalized_ads_buy":null,"normalized_prize_rent":null,"normalized_ads_rent":null,"date":"2018-12-07T07:26:41.000Z","fill-opacity":null,"fill":"#ff0000"},"bbox":[-3.65046,40.5277,-3.65549,40.5327],"geometry":{"type":"Polygon","coordinates":[[[-3.65046,40.5327],[-3.65549,40.5327],[-3.65549,40.5277],[-3.65046,40.5277],[-3.65046,40.5327]]]}},{"type":"Feature","properties":{"name":"Alcobendas--piece--2-6--raspberry3bp","number_of_ads_buy":0,"average_prize_buy":0,"number_of_ads_rent":0,"average_prize_rent":0,"normalized_prize_buy":null,"normalized_ads_buy":null,"normalized_prize_rent":null,"normalized_ads_rent":null,"date":"2018-12-07T07:26:58.000Z","fill-opacity":null,"fill":"#ff0000"},"bbox":[-3.65046,40.5227,-3.65549,40.5277],"geometry":{"type":"Polygon","coordinates":[[[-3.65046,40.5277],[-3.65549,40.5277],[-3.65549,40.5227],[-3.65046,40.5227],[-3.65046,40.5277]]]}},{"type":"Feature","properties":{"name":"Alcobendas--piece--2-7--raspberry3bp","number_of_ads_buy":0,"average_prize_buy":0,"number_of_ads_rent":0,"average_prize_rent":0,"normalized_prize_buy":null,"normalized_ads_buy":null,"normalized_prize_rent":null,"normalized_ads_rent":null,"date":"2018-12-07T07:27:13.000Z","fill-opacity":null,"fill":"#ff0000"},"bbox":[-3.65046,40.5176,-3.65549,40.5227],"geometry":{"type":"Polygon","coordinates":[[[-3.65046,40.5227],[-3.65549,40.5227],[-3.65549,40.5176],[-3.65046,40.5176],[-3.65046,40.5227]]]}},{"type":"Feature","properties":{"name":"Alcobendas--piece--2-8--raspberry3bp","number_of_ads_buy":0,"average_prize_buy":0,"number_of_ads_rent":0,"average_prize_rent":0,"normalized_prize_buy":null,"normalized_ads_buy":null,"normalized_prize_rent":null,"normalized_ads_rent":null,"date":"2018-12-07T07:27:31.000Z","fill-opacity":null,"fill":"#ff0000"},"bbox":[-3.65046,40.5126,-3.65549,40.5176],"geometry":{"type":"Polygon","coordinates":[[[-3.65046,40.5176],[-3.65549,40.5176],[-3.65549,40.5126],[-3.65046,40.5126],[-3.65046,40.5176]]]}},{"type":"Feature","properties":{"name":"Alcobendas--piece--2-9--raspberry3bp","number_of_ads_buy":0,"average_prize_buy":0,"number_of_ads_rent":0,"average_prize_rent":0,"normalized_prize_buy":null,"normalized_ads_buy":null,"normalized_prize_rent":null,"normalized_ads_rent":null,"date":"2018-12-07T07:27:48.000Z","fill-opacity":null,"fill":"#ff0000"},"bbox":[-3.65046,40.5076,-3.65549,40.5126],"geometry":{"type":"Polygon","coordinates":[[[-3.65046,40.5126],[-3.65549,40.5126],[-3.65549,40.5076],[-3.65046,40.5076],[-3.65046,40.5126]]]}},{"type":"Feature","properties":{"name":"Alcobendas--piece--3-0--raspberry3bp","number_of_ads_buy":0,"average_prize_buy":0,"number_of_ads_rent":0,"average_prize_rent":0,"normalized_prize_buy":null,"normalized_ads_buy":null,"normalized_prize_rent":null,"normalized_ads_rent":null,"date":"2018-12-07T07:28:04.000Z","fill-opacity":null,"fill":"#ff0000"},"bbox":[-3.64542,40.5528,-3.65046,40.5578],"geometry":{"type":"Polygon","coordinates":[[[-3.64542,40.5578],[-3.65046,40.5578],[-3.65046,40.5528],[-3.64542,40.5528],[-3.64542,40.5578]]]}},{"type":"Feature","properties":{"name":"Alcobendas--piece--3-1--raspberry3bp","number_of_ads_buy":0,"average_prize_buy":0,"number_of_ads_rent":1,"average_prize_rent":0,"normalized_prize_buy":null,"normalized_ads_buy":null,"normalized_prize_rent":null,"normalized_ads_rent":null,"date":"2018-12-07T07:28:21.000Z","fill-opacity":null,"fill":"#ff0000"},"bbox":[-3.64542,40.5478,-3.65046,40.5528],"geometry":{"type":"Polygon","coordinates":[[[-3.64542,40.5528],[-3.65046,40.5528],[-3.65046,40.5478],[-3.64542,40.5478],[-3.64542,40.5528]]]}},{"type":"Feature","properties":{"name":"Alcobendas--piece--3-2--raspberry3bp","number_of_ads_buy":0,"average_prize_buy":0,"number_of_ads_rent":6,"average_prize_rent":2,"normalized_prize_buy":null,"normalized_ads_buy":null,"normalized_prize_rent":null,"normalized_ads_rent":null,"date":"2018-12-07T07:28:39.000Z","fill-opacity":null,"fill":"#ff0000"},"bbox":[-3.64542,40.5428,-3.65046,40.5478],"geometry":{"type":"Polygon","coordinates":[[[-3.64542,40.5478],[-3.65046,40.5478],[-3.65046,40.5428],[-3.64542,40.5428],[-3.64542,40.5478]]]}},{"type":"Feature","properties":{"name":"Alcobendas--piece--3-3--raspberry3bp","number_of_ads_buy":0,"average_prize_buy":0,"number_of_ads_rent":2,"average_prize_rent":0,"normalized_prize_buy":null,"normalized_ads_buy":null,"normalized_prize_rent":null,"normalized_ads_rent":null,"date":"2018-12-07T07:28:54.000Z","fill-opacity":null,"fill":"#ff0000"},"bbox":[-3.64542,40.5377,-3.65046,40.5428],"geometry":{"type":"Polygon","coordinates":[[[-3.64542,40.5428],[-3.65046,40.5428],[-3.65046,40.5377],[-3.64542,40.5377],[-3.64542,40.5428]]]}},{"type":"Feature","properties":{"name":"Alcobendas--piece--3-4--raspberry3bp","number_of_ads_buy":0,"average_prize_buy":0,"number_of_ads_rent":0,"average_prize_rent":0,"normalized_prize_buy":null,"normalized_ads_buy":null,"normalized_prize_rent":null,"normalized_ads_rent":null,"date":"2018-12-07T07:29:17.000Z","fill-opacity":null,"fill":"#ff0000"},"bbox":[-3.64542,40.5327,-3.65046,40.5377],"geometry":{"type":"Polygon","coordinates":[[[-3.64542,40.5377],[-3.65046,40.5377],[-3.65046,40.5327],[-3.64542,40.5327],[-3.64542,40.5377]]]}},{"type":"Feature","properties":{"name":"Alcobendas--piece--3-5--raspberry3bp","number_of_ads_buy":0,"average_prize_buy":0,"number_of_ads_rent":2,"average_prize_rent":0,"normalized_prize_buy":null,"normalized_ads_buy":null,"normalized_prize_rent":null,"normalized_ads_rent":null,"date":"2018-12-07T07:29:35.000Z","fill-opacity":null,"fill":"#ff0000"},"bbox":[-3.64542,40.5277,-3.65046,40.5327],"geometry":{"type":"Polygon","coordinates":[[[-3.64542,40.5327],[-3.65046,40.5327],[-3.65046,40.5277],[-3.64542,40.5277],[-3.64542,40.5327]]]}},{"type":"Feature","properties":{"name":"Alcobendas--piece--3-6--raspberry3bp","number_of_ads_buy":0,"average_prize_buy":0,"number_of_ads_rent":0,"average_prize_rent":0,"normalized_prize_buy":null,"normalized_ads_buy":null,"normalized_prize_rent":null,"normalized_ads_rent":null,"date":"2018-12-07T07:29:56.000Z","fill-opacity":null,"fill":"#ff0000"},"bbox":[-3.64542,40.5227,-3.65046,40.5277],"geometry":{"type":"Polygon","coordinates":[[[-3.64542,40.5277],[-3.65046,40.5277],[-3.65046,40.5227],[-3.64542,40.5227],[-3.64542,40.5277]]]}},{"type":"Feature","properties":{"name":"Alcobendas--piece--3-7--raspberry3bp","number_of_ads_buy":0,"average_prize_buy":0,"number_of_ads_rent":4,"average_prize_rent":6,"normalized_prize_buy":null,"normalized_ads_buy":null,"normalized_prize_rent":null,"normalized_ads_rent":null,"date":"2018-12-07T07:30:11.000Z","fill-opacity":null,"fill":"#ff0000"},"bbox":[-3.64542,40.5176,-3.65046,40.5227],"geometry":{"type":"Polygon","coordinates":[[[-3.64542,40.5227],[-3.65046,40.5227],[-3.65046,40.5176],[-3.64542,40.5176],[-3.64542,40.5227]]]}},{"type":"Feature","properties":{"name":"Alcobendas--piece--3-8--raspberry3bp","number_of_ads_buy":0,"average_prize_buy":0,"number_of_ads_rent":1,"average_prize_rent":4,"normalized_prize_buy":null,"normalized_ads_buy":null,"normalized_prize_rent":null,"normalized_ads_rent":null,"date":"2018-12-07T07:30:29.000Z","fill-opacity":null,"fill":"#ff0000"},"bbox":[-3.64542,40.5126,-3.65046,40.5176],"geometry":{"type":"Polygon","coordinates":[[[-3.64542,40.5176],[-3.65046,40.5176],[-3.65046,40.5126],[-3.64542,40.5126],[-3.64542,40.5176]]]}},{"type":"Feature","properties":{"name":"Alcobendas--piece--3-9--raspberry3bp","number_of_ads_buy":0,"average_prize_buy":0,"number_of_ads_rent":0,"average_prize_rent":0,"normalized_prize_buy":null,"normalized_ads_buy":null,"normalized_prize_rent":null,"normalized_ads_rent":null,"date":"2018-12-07T07:30:47.000Z","fill-opacity":null,"fill":"#ff0000"},"bbox":[-3.64542,40.5076,-3.65046,40.5126],"geometry":{"type":"Polygon","coordinates":[[[-3.64542,40.5126],[-3.65046,40.5126],[-3.65046,40.5076],[-3.64542,40.5076],[-3.64542,40.5126]]]}},{"type":"Feature","properties":{"name":"Alcobendas--piece--4-0--raspberry3bp","number_of_ads_buy":0,"average_prize_buy":0,"number_of_ads_rent":1,"average_prize_rent":0,"normalized_prize_buy":null,"normalized_ads_buy":null,"normalized_prize_rent":null,"normalized_ads_rent":null,"date":"2018-12-07T07:31:03.000Z","fill-opacity":null,"fill":"#ff0000"},"bbox":[-3.64039,40.5528,-3.64542,40.5578],"geometry":{"type":"Polygon","coordinates":[[[-3.64039,40.5578],[-3.64542,40.5578],[-3.64542,40.5528],[-3.64039,40.5528],[-3.64039,40.5578]]]}},{"type":"Feature","properties":{"name":"Alcobendas--piece--4-1--raspberry3bp","number_of_ads_buy":0,"average_prize_buy":0,"number_of_ads_rent":0,"average_prize_rent":0,"normalized_prize_buy":null,"normalized_ads_buy":null,"normalized_prize_rent":null,"normalized_ads_rent":null,"date":"2018-12-07T07:31:18.000Z","fill-opacity":null,"fill":"#ff0000"},"bbox":[-3.64039,40.5478,-3.64542,40.5528],"geometry":{"type":"Polygon","coordinates":[[[-3.64039,40.5528],[-3.64542,40.5528],[-3.64542,40.5478],[-3.64039,40.5478],[-3.64039,40.5528]]]}},{"type":"Feature","properties":{"name":"Alcobendas--piece--4-2--raspberry3bp","number_of_ads_buy":0,"average_prize_buy":0,"number_of_ads_rent":3,"average_prize_rent":2,"normalized_prize_buy":null,"normalized_ads_buy":null,"normalized_prize_rent":null,"normalized_ads_rent":null,"date":"2018-12-07T07:31:34.000Z","fill-opacity":null,"fill":"#ff0000"},"bbox":[-3.64039,40.5428,-3.64542,40.5478],"geometry":{"type":"Polygon","coordinates":[[[-3.64039,40.5478],[-3.64542,40.5478],[-3.64542,40.5428],[-3.64039,40.5428],[-3.64039,40.5478]]]}},{"type":"Feature","properties":{"name":"Alcobendas--piece--4-3--raspberry3bp","number_of_ads_buy":0,"average_prize_buy":0,"number_of_ads_rent":2,"average_prize_rent":0,"normalized_prize_buy":null,"normalized_ads_buy":null,"normalized_prize_rent":null,"normalized_ads_rent":null,"date":"2018-12-07T07:31:54.000Z","fill-opacity":null,"fill":"#ff0000"},"bbox":[-3.64039,40.5377,-3.64542,40.5428],"geometry":{"type":"Polygon","coordinates":[[[-3.64039,40.5428],[-3.64542,40.5428],[-3.64542,40.5377],[-3.64039,40.5377],[-3.64039,40.5428]]]}},{"type":"Feature","properties":{"name":"Alcobendas--piece--4-4--raspberry3bp","number_of_ads_buy":0,"average_prize_buy":0,"number_of_ads_rent":0,"average_prize_rent":0,"normalized_prize_buy":null,"normalized_ads_buy":null,"normalized_prize_rent":null,"normalized_ads_rent":null,"date":"2018-12-07T07:32:10.000Z","fill-opacity":null,"fill":"#ff0000"},"bbox":[-3.64039,40.5327,-3.64542,40.5377],"geometry":{"type":"Polygon","coordinates":[[[-3.64039,40.5377],[-3.64542,40.5377],[-3.64542,40.5327],[-3.64039,40.5327],[-3.64039,40.5377]]]}},{"type":"Feature","properties":{"name":"Alcobendas--piece--4-5--raspberry3bp","number_of_ads_buy":0,"average_prize_buy":0,"number_of_ads_rent":0,"average_prize_rent":0,"normalized_prize_buy":null,"normalized_ads_buy":null,"normalized_prize_rent":null,"normalized_ads_rent":null,"date":"2018-12-07T07:32:27.000Z","fill-opacity":null,"fill":"#ff0000"},"bbox":[-3.64039,40.5277,-3.64542,40.5327],"geometry":{"type":"Polygon","coordinates":[[[-3.64039,40.5327],[-3.64542,40.5327],[-3.64542,40.5277],[-3.64039,40.5277],[-3.64039,40.5327]]]}},{"type":"Feature","properties":{"name":"Alcobendas--piece--4-6--raspberry3bp","number_of_ads_buy":0,"average_prize_buy":0,"number_of_ads_rent":0,"average_prize_rent":0,"normalized_prize_buy":null,"normalized_ads_buy":null,"normalized_prize_rent":null,"normalized_ads_rent":null,"date":"2018-12-07T07:32:45.000Z","fill-opacity":null,"fill":"#ff0000"},"bbox":[-3.64039,40.5227,-3.64542,40.5277],"geometry":{"type":"Polygon","coordinates":[[[-3.64039,40.5277],[-3.64542,40.5277],[-3.64542,40.5227],[-3.64039,40.5227],[-3.64039,40.5277]]]}},{"type":"Feature","properties":{"name":"Alcobendas--piece--4-7--raspberry3bp","number_of_ads_buy":0,"average_prize_buy":0,"number_of_ads_rent":0,"average_prize_rent":0,"normalized_prize_buy":null,"normalized_ads_buy":null,"normalized_prize_rent":null,"normalized_ads_rent":null,"date":"2018-12-07T07:33:05.000Z","fill-opacity":null,"fill":"#ff0000"},"bbox":[-3.64039,40.5176,-3.64542,40.5227],"geometry":{"type":"Polygon","coordinates":[[[-3.64039,40.5227],[-3.64542,40.5227],[-3.64542,40.5176],[-3.64039,40.5176],[-3.64039,40.5227]]]}},{"type":"Feature","properties":{"name":"Alcobendas--piece--4-8--raspberry3bp","number_of_ads_buy":0,"average_prize_buy":0,"number_of_ads_rent":0,"average_prize_rent":0,"normalized_prize_buy":null,"normalized_ads_buy":null,"normalized_prize_rent":null,"normalized_ads_rent":null,"date":"2018-12-07T07:33:17.000Z","fill-opacity":null,"fill":"#ff0000"},"bbox":[-3.64039,40.5126,-3.64542,40.5176],"geometry":{"type":"Polygon","coordinates":[[[-3.64039,40.5176],[-3.64542,40.5176],[-3.64542,40.5126],[-3.64039,40.5126],[-3.64039,40.5176]]]}},{"type":"Feature","properties":{"name":"Alcobendas--piece--4-9--raspberry3bp","number_of_ads_buy":0,"average_prize_buy":0,"number_of_ads_rent":0,"average_prize_rent":0,"normalized_prize_buy":null,"normalized_ads_buy":null,"normalized_prize_rent":null,"normalized_ads_rent":null,"date":"2018-12-07T07:33:44.000Z","fill-opacity":null,"fill":"#ff0000"},"bbox":[-3.64039,40.5076,-3.64542,40.5126],"geometry":{"type":"Polygon","coordinates":[[[-3.64039,40.5126],[-3.64542,40.5126],[-3.64542,40.5076],[-3.64039,40.5076],[-3.64039,40.5126]]]}},{"type":"Feature","properties":{"name":"Alcobendas--piece--5-0--raspberry3bp","number_of_ads_buy":0,"average_prize_buy":0,"number_of_ads_rent":4,"average_prize_rent":2,"normalized_prize_buy":null,"normalized_ads_buy":null,"normalized_prize_rent":null,"normalized_ads_rent":null,"date":"2018-12-07T07:34:03.000Z","fill-opacity":null,"fill":"#ff0000"},"bbox":[-3.63536,40.5528,-3.64039,40.5578],"geometry":{"type":"Polygon","coordinates":[[[-3.63536,40.5578],[-3.64039,40.5578],[-3.64039,40.5528],[-3.63536,40.5528],[-3.63536,40.5578]]]}},{"type":"Feature","properties":{"name":"Alcobendas--piece--5-1--raspberry3bp","number_of_ads_buy":0,"average_prize_buy":0,"number_of_ads_rent":5,"average_prize_rent":0,"normalized_prize_buy":null,"normalized_ads_buy":null,"normalized_prize_rent":null,"normalized_ads_rent":null,"date":"2018-12-07T07:34:19.000Z","fill-opacity":null,"fill":"#ff0000"},"bbox":[-3.63536,40.5478,-3.64039,40.5528],"geometry":{"type":"Polygon","coordinates":[[[-3.63536,40.5528],[-3.64039,40.5528],[-3.64039,40.5478],[-3.63536,40.5478],[-3.63536,40.5528]]]}},{"type":"Feature","properties":{"name":"Alcobendas--piece--5-2--raspberry3bp","number_of_ads_buy":0,"average_prize_buy":0,"number_of_ads_rent":0,"average_prize_rent":0,"normalized_prize_buy":null,"normalized_ads_buy":null,"normalized_prize_rent":null,"normalized_ads_rent":null,"date":"2018-12-07T07:34:35.000Z","fill-opacity":null,"fill":"#ff0000"},"bbox":[-3.63536,40.5428,-3.64039,40.5478],"geometry":{"type":"Polygon","coordinates":[[[-3.63536,40.5478],[-3.64039,40.5478],[-3.64039,40.5428],[-3.63536,40.5428],[-3.63536,40.5478]]]}},{"type":"Feature","properties":{"name":"Alcobendas--piece--5-3--raspberry3bp","number_of_ads_buy":0,"average_prize_buy":0,"number_of_ads_rent":1,"average_prize_rent":0,"normalized_prize_buy":null,"normalized_ads_buy":null,"normalized_prize_rent":null,"normalized_ads_rent":null,"date":"2018-12-07T07:34:51.000Z","fill-opacity":null,"fill":"#ff0000"},"bbox":[-3.63536,40.5377,-3.64039,40.5428],"geometry":{"type":"Polygon","coordinates":[[[-3.63536,40.5428],[-3.64039,40.5428],[-3.64039,40.5377],[-3.63536,40.5377],[-3.63536,40.5428]]]}},{"type":"Feature","properties":{"name":"Alcobendas--piece--5-4--raspberry3bp","number_of_ads_buy":0,"average_prize_buy":0,"number_of_ads_rent":0,"average_prize_rent":0,"normalized_prize_buy":null,"normalized_ads_buy":null,"normalized_prize_rent":null,"normalized_ads_rent":null,"date":"2018-12-07T07:35:16.000Z","fill-opacity":null,"fill":"#ff0000"},"bbox":[-3.63536,40.5327,-3.64039,40.5377],"geometry":{"type":"Polygon","coordinates":[[[-3.63536,40.5377],[-3.64039,40.5377],[-3.64039,40.5327],[-3.63536,40.5327],[-3.63536,40.5377]]]}},{"type":"Feature","properties":{"name":"Alcobendas--piece--5-5--raspberry3bp","number_of_ads_buy":0,"average_prize_buy":0,"number_of_ads_rent":0,"average_prize_rent":0,"normalized_prize_buy":null,"normalized_ads_buy":null,"normalized_prize_rent":null,"normalized_ads_rent":null,"date":"2018-12-07T07:35:31.000Z","fill-opacity":null,"fill":"#ff0000"},"bbox":[-3.63536,40.5277,-3.64039,40.5327],"geometry":{"type":"Polygon","coordinates":[[[-3.63536,40.5327],[-3.64039,40.5327],[-3.64039,40.5277],[-3.63536,40.5277],[-3.63536,40.5327]]]}},{"type":"Feature","properties":{"name":"Alcobendas--piece--5-6--raspberry3bp","number_of_ads_buy":0,"average_prize_buy":0,"number_of_ads_rent":1,"average_prize_rent":5,"normalized_prize_buy":null,"normalized_ads_buy":null,"normalized_prize_rent":null,"normalized_ads_rent":null,"date":"2018-12-07T07:35:45.000Z","fill-opacity":null,"fill":"#ff0000"},"bbox":[-3.63536,40.5227,-3.64039,40.5277],"geometry":{"type":"Polygon","coordinates":[[[-3.63536,40.5277],[-3.64039,40.5277],[-3.64039,40.5227],[-3.63536,40.5227],[-3.63536,40.5277]]]}},{"type":"Feature","properties":{"name":"Alcobendas--piece--5-7--raspberry3bp","number_of_ads_buy":0,"average_prize_buy":0,"number_of_ads_rent":0,"average_prize_rent":0,"normalized_prize_buy":null,"normalized_ads_buy":null,"normalized_prize_rent":null,"normalized_ads_rent":null,"date":"2018-12-07T07:36:09.000Z","fill-opacity":null,"fill":"#ff0000"},"bbox":[-3.63536,40.5176,-3.64039,40.5227],"geometry":{"type":"Polygon","coordinates":[[[-3.63536,40.5227],[-3.64039,40.5227],[-3.64039,40.5176],[-3.63536,40.5176],[-3.63536,40.5227]]]}},{"type":"Feature","properties":{"name":"Alcobendas--piece--5-8--raspberry3bp","number_of_ads_buy":0,"average_prize_buy":0,"number_of_ads_rent":0,"average_prize_rent":0,"normalized_prize_buy":null,"normalized_ads_buy":null,"normalized_prize_rent":null,"normalized_ads_rent":null,"date":"2018-12-07T07:36:27.000Z","fill-opacity":null,"fill":"#ff0000"},"bbox":[-3.63536,40.5126,-3.64039,40.5176],"geometry":{"type":"Polygon","coordinates":[[[-3.63536,40.5176],[-3.64039,40.5176],[-3.64039,40.5126],[-3.63536,40.5126],[-3.63536,40.5176]]]}},{"type":"Feature","properties":{"name":"Alcobendas--piece--5-9--raspberry3bp","number_of_ads_buy":0,"average_prize_buy":0,"number_of_ads_rent":0,"average_prize_rent":0,"normalized_prize_buy":null,"normalized_ads_buy":null,"normalized_prize_rent":null,"normalized_ads_rent":null,"date":"2018-12-07T07:36:45.000Z","fill-opacity":null,"fill":"#ff0000"},"bbox":[-3.63536,40.5076,-3.64039,40.5126],"geometry":{"type":"Polygon","coordinates":[[[-3.63536,40.5126],[-3.64039,40.5126],[-3.64039,40.5076],[-3.63536,40.5076],[-3.63536,40.5126]]]}},{"type":"Feature","properties":{"name":"Alcobendas--piece--6-0--raspberry3bp","number_of_ads_buy":0,"average_prize_buy":0,"number_of_ads_rent":0,"average_prize_rent":0,"normalized_prize_buy":null,"normalized_ads_buy":null,"normalized_prize_rent":null,"normalized_ads_rent":null,"date":"2018-12-07T07:37:01.000Z","fill-opacity":null,"fill":"#ff0000"},"bbox":[-3.63032,40.5528,-3.63536,40.5578],"geometry":{"type":"Polygon","coordinates":[[[-3.63032,40.5578],[-3.63536,40.5578],[-3.63536,40.5528],[-3.63032,40.5528],[-3.63032,40.5578]]]}},{"type":"Feature","properties":{"name":"Alcobendas--piece--6-1--raspberry3bp","number_of_ads_buy":0,"average_prize_buy":0,"number_of_ads_rent":0,"average_prize_rent":0,"normalized_prize_buy":null,"normalized_ads_buy":null,"normalized_prize_rent":null,"normalized_ads_rent":null,"date":"2018-12-07T07:37:18.000Z","fill-opacity":null,"fill":"#ff0000"},"bbox":[-3.63032,40.5478,-3.63536,40.5528],"geometry":{"type":"Polygon","coordinates":[[[-3.63032,40.5528],[-3.63536,40.5528],[-3.63536,40.5478],[-3.63032,40.5478],[-3.63032,40.5528]]]}},{"type":"Feature","properties":{"name":"Alcobendas--piece--6-2--raspberry3bp","number_of_ads_buy":0,"average_prize_buy":0,"number_of_ads_rent":2,"average_prize_rent":1,"normalized_prize_buy":null,"normalized_ads_buy":null,"normalized_prize_rent":null,"normalized_ads_rent":null,"date":"2018-12-07T07:37:34.000Z","fill-opacity":null,"fill":"#ff0000"},"bbox":[-3.63032,40.5428,-3.63536,40.5478],"geometry":{"type":"Polygon","coordinates":[[[-3.63032,40.5478],[-3.63536,40.5478],[-3.63536,40.5428],[-3.63032,40.5428],[-3.63032,40.5478]]]}},{"type":"Feature","properties":{"name":"Alcobendas--piece--6-3--raspberry3bp","number_of_ads_buy":0,"average_prize_buy":0,"number_of_ads_rent":4,"average_prize_rent":0,"normalized_prize_buy":null,"normalized_ads_buy":null,"normalized_prize_rent":null,"normalized_ads_rent":null,"date":"2018-12-07T07:37:55.000Z","fill-opacity":null,"fill":"#ff0000"},"bbox":[-3.63032,40.5377,-3.63536,40.5428],"geometry":{"type":"Polygon","coordinates":[[[-3.63032,40.5428],[-3.63536,40.5428],[-3.63536,40.5377],[-3.63032,40.5377],[-3.63032,40.5428]]]}},{"type":"Feature","properties":{"name":"Alcobendas--piece--6-4--raspberry3bp","number_of_ads_buy":0,"average_prize_buy":0,"number_of_ads_rent":0,"average_prize_rent":0,"normalized_prize_buy":null,"normalized_ads_buy":null,"normalized_prize_rent":null,"normalized_ads_rent":null,"date":"2018-12-07T07:38:09.000Z","fill-opacity":null,"fill":"#ff0000"},"bbox":[-3.63032,40.5327,-3.63536,40.5377],"geometry":{"type":"Polygon","coordinates":[[[-3.63032,40.5377],[-3.63536,40.5377],[-3.63536,40.5327],[-3.63032,40.5327],[-3.63032,40.5377]]]}},{"type":"Feature","properties":{"name":"Alcobendas--piece--6-5--raspberry3bp","number_of_ads_buy":0,"average_prize_buy":0,"number_of_ads_rent":0,"average_prize_rent":0,"normalized_prize_buy":null,"normalized_ads_buy":null,"normalized_prize_rent":null,"normalized_ads_rent":null,"date":"2018-12-07T07:38:25.000Z","fill-opacity":null,"fill":"#ff0000"},"bbox":[-3.63032,40.5277,-3.63536,40.5327],"geometry":{"type":"Polygon","coordinates":[[[-3.63032,40.5327],[-3.63536,40.5327],[-3.63536,40.5277],[-3.63032,40.5277],[-3.63032,40.5327]]]}},{"type":"Feature","properties":{"name":"Alcobendas--piece--6-6--raspberry3bp","number_of_ads_buy":0,"average_prize_buy":0,"number_of_ads_rent":0,"average_prize_rent":0,"normalized_prize_buy":null,"normalized_ads_buy":null,"normalized_prize_rent":null,"normalized_ads_rent":null,"date":"2018-12-07T07:38:43.000Z","fill-opacity":null,"fill":"#ff0000"},"bbox":[-3.63032,40.5227,-3.63536,40.5277],"geometry":{"type":"Polygon","coordinates":[[[-3.63032,40.5277],[-3.63536,40.5277],[-3.63536,40.5227],[-3.63032,40.5227],[-3.63032,40.5277]]]}},{"type":"Feature","properties":{"name":"Alcobendas--piece--6-7--raspberry3bp","number_of_ads_buy":0,"average_prize_buy":0,"number_of_ads_rent":0,"average_prize_rent":0,"normalized_prize_buy":null,"normalized_ads_buy":null,"normalized_prize_rent":null,"normalized_ads_rent":null,"date":"2018-12-07T07:38:55.000Z","fill-opacity":null,"fill":"#ff0000"},"bbox":[-3.63032,40.5176,-3.63536,40.5227],"geometry":{"type":"Polygon","coordinates":[[[-3.63032,40.5227],[-3.63536,40.5227],[-3.63536,40.5176],[-3.63032,40.5176],[-3.63032,40.5227]]]}},{"type":"Feature","properties":{"name":"Alcobendas--piece--6-8--raspberry3bp","number_of_ads_buy":0,"average_prize_buy":0,"number_of_ads_rent":0,"average_prize_rent":0,"normalized_prize_buy":null,"normalized_ads_buy":null,"normalized_prize_rent":null,"normalized_ads_rent":null,"date":"2018-12-07T07:39:10.000Z","fill-opacity":null,"fill":"#ff0000"},"bbox":[-3.63032,40.5126,-3.63536,40.5176],"geometry":{"type":"Polygon","coordinates":[[[-3.63032,40.5176],[-3.63536,40.5176],[-3.63536,40.5126],[-3.63032,40.5126],[-3.63032,40.5176]]]}},{"type":"Feature","properties":{"name":"Alcobendas--piece--6-9--raspberry3bp","number_of_ads_buy":0,"average_prize_buy":0,"number_of_ads_rent":0,"average_prize_rent":0,"normalized_prize_buy":null,"normalized_ads_buy":null,"normalized_prize_rent":null,"normalized_ads_rent":null,"date":"2018-12-07T07:39:25.000Z","fill-opacity":null,"fill":"#ff0000"},"bbox":[-3.63032,40.5076,-3.63536,40.5126],"geometry":{"type":"Polygon","coordinates":[[[-3.63032,40.5126],[-3.63536,40.5126],[-3.63536,40.5076],[-3.63032,40.5076],[-3.63032,40.5126]]]}},{"type":"Feature","properties":{"name":"Alcobendas--piece--7-0--raspberry3bp","number_of_ads_buy":0,"average_prize_buy":0,"number_of_ads_rent":1,"average_prize_rent":2,"normalized_prize_buy":null,"normalized_ads_buy":null,"normalized_prize_rent":null,"normalized_ads_rent":null,"date":"2018-12-07T07:39:38.000Z","fill-opacity":null,"fill":"#ff0000"},"bbox":[-3.62529,40.5528,-3.63032,40.5578],"geometry":{"type":"Polygon","coordinates":[[[-3.62529,40.5578],[-3.63032,40.5578],[-3.63032,40.5528],[-3.62529,40.5528],[-3.62529,40.5578]]]}},{"type":"Feature","properties":{"name":"Alcobendas--piece--7-1--raspberry3bp","number_of_ads_buy":0,"average_prize_buy":0,"number_of_ads_rent":0,"average_prize_rent":0,"normalized_prize_buy":null,"normalized_ads_buy":null,"normalized_prize_rent":null,"normalized_ads_rent":null,"date":"2018-12-07T07:39:56.000Z","fill-opacity":null,"fill":"#ff0000"},"bbox":[-3.62529,40.5478,-3.63032,40.5528],"geometry":{"type":"Polygon","coordinates":[[[-3.62529,40.5528],[-3.63032,40.5528],[-3.63032,40.5478],[-3.62529,40.5478],[-3.62529,40.5528]]]}},{"type":"Feature","properties":{"name":"Alcobendas--piece--7-2--raspberry3bp","number_of_ads_buy":0,"average_prize_buy":0,"number_of_ads_rent":4,"average_prize_rent":0,"normalized_prize_buy":null,"normalized_ads_buy":null,"normalized_prize_rent":null,"normalized_ads_rent":null,"date":"2018-12-07T07:40:13.000Z","fill-opacity":null,"fill":"#ff0000"},"bbox":[-3.62529,40.5428,-3.63032,40.5478],"geometry":{"type":"Polygon","coordinates":[[[-3.62529,40.5478],[-3.63032,40.5478],[-3.63032,40.5428],[-3.62529,40.5428],[-3.62529,40.5478]]]}},{"type":"Feature","properties":{"name":"Alcobendas--piece--7-3--raspberry3bp","number_of_ads_buy":0,"average_prize_buy":0,"number_of_ads_rent":0,"average_prize_rent":0,"normalized_prize_buy":null,"normalized_ads_buy":null,"normalized_prize_rent":null,"normalized_ads_rent":null,"date":"2018-12-07T07:40:27.000Z","fill-opacity":null,"fill":"#ff0000"},"bbox":[-3.62529,40.5377,-3.63032,40.5428],"geometry":{"type":"Polygon","coordinates":[[[-3.62529,40.5428],[-3.63032,40.5428],[-3.63032,40.5377],[-3.62529,40.5377],[-3.62529,40.5428]]]}},{"type":"Feature","properties":{"name":"Alcobendas--piece--7-4--raspberry3bp","number_of_ads_buy":0,"average_prize_buy":0,"number_of_ads_rent":0,"average_prize_rent":0,"normalized_prize_buy":null,"normalized_ads_buy":null,"normalized_prize_rent":null,"normalized_ads_rent":null,"date":"2018-12-07T07:40:41.000Z","fill-opacity":null,"fill":"#ff0000"},"bbox":[-3.62529,40.5327,-3.63032,40.5377],"geometry":{"type":"Polygon","coordinates":[[[-3.62529,40.5377],[-3.63032,40.5377],[-3.63032,40.5327],[-3.62529,40.5327],[-3.62529,40.5377]]]}},{"type":"Feature","properties":{"name":"Alcobendas--piece--7-5--raspberry3bp","number_of_ads_buy":0,"average_prize_buy":0,"number_of_ads_rent":0,"average_prize_rent":0,"normalized_prize_buy":null,"normalized_ads_buy":null,"normalized_prize_rent":null,"normalized_ads_rent":null,"date":"2018-12-07T07:40:58.000Z","fill-opacity":null,"fill":"#ff0000"},"bbox":[-3.62529,40.5277,-3.63032,40.5327],"geometry":{"type":"Polygon","coordinates":[[[-3.62529,40.5327],[-3.63032,40.5327],[-3.63032,40.5277],[-3.62529,40.5277],[-3.62529,40.5327]]]}},{"type":"Feature","properties":{"name":"Alcobendas--piece--7-6--raspberry3bp","number_of_ads_buy":0,"average_prize_buy":0,"number_of_ads_rent":0,"average_prize_rent":0,"normalized_prize_buy":null,"normalized_ads_buy":null,"normalized_prize_rent":null,"normalized_ads_rent":null,"date":"2018-12-07T07:41:16.000Z","fill-opacity":null,"fill":"#ff0000"},"bbox":[-3.62529,40.5227,-3.63032,40.5277],"geometry":{"type":"Polygon","coordinates":[[[-3.62529,40.5277],[-3.63032,40.5277],[-3.63032,40.5227],[-3.62529,40.5227],[-3.62529,40.5277]]]}},{"type":"Feature","properties":{"name":"Alcobendas--piece--7-7--raspberry3bp","number_of_ads_buy":0,"average_prize_buy":0,"number_of_ads_rent":0,"average_prize_rent":0,"normalized_prize_buy":null,"normalized_ads_buy":null,"normalized_prize_rent":null,"normalized_ads_rent":null,"date":"2018-12-07T07:41:31.000Z","fill-opacity":null,"fill":"#ff0000"},"bbox":[-3.62529,40.5176,-3.63032,40.5227],"geometry":{"type":"Polygon","coordinates":[[[-3.62529,40.5227],[-3.63032,40.5227],[-3.63032,40.5176],[-3.62529,40.5176],[-3.62529,40.5227]]]}},{"type":"Feature","properties":{"name":"Alcobendas--piece--7-8--raspberry3bp","number_of_ads_buy":0,"average_prize_buy":0,"number_of_ads_rent":0,"average_prize_rent":0,"normalized_prize_buy":null,"normalized_ads_buy":null,"normalized_prize_rent":null,"normalized_ads_rent":null,"date":"2018-12-07T07:41:49.000Z","fill-opacity":null,"fill":"#ff0000"},"bbox":[-3.62529,40.5126,-3.63032,40.5176],"geometry":{"type":"Polygon","coordinates":[[[-3.62529,40.5176],[-3.63032,40.5176],[-3.63032,40.5126],[-3.62529,40.5126],[-3.62529,40.5176]]]}},{"type":"Feature","properties":{"name":"Alcobendas--piece--7-9--raspberry3bp","number_of_ads_buy":0,"average_prize_buy":0,"number_of_ads_rent":0,"average_prize_rent":0,"normalized_prize_buy":null,"normalized_ads_buy":null,"normalized_prize_rent":null,"normalized_ads_rent":null,"date":"2018-12-07T07:42:01.000Z","fill-opacity":null,"fill":"#ff0000"},"bbox":[-3.62529,40.5076,-3.63032,40.5126],"geometry":{"type":"Polygon","coordinates":[[[-3.62529,40.5126],[-3.63032,40.5126],[-3.63032,40.5076],[-3.62529,40.5076],[-3.62529,40.5126]]]}},{"type":"Feature","properties":{"name":"Alcobendas--piece--8-0--raspberry3bp","number_of_ads_buy":0,"average_prize_buy":0,"number_of_ads_rent":0,"average_prize_rent":0,"normalized_prize_buy":null,"normalized_ads_buy":null,"normalized_prize_rent":null,"normalized_ads_rent":null,"date":"2018-12-07T07:42:13.000Z","fill-opacity":null,"fill":"#ff0000"},"bbox":[-3.62026,40.5528,-3.62529,40.5578],"geometry":{"type":"Polygon","coordinates":[[[-3.62026,40.5578],[-3.62529,40.5578],[-3.62529,40.5528],[-3.62026,40.5528],[-3.62026,40.5578]]]}},{"type":"Feature","properties":{"name":"Alcobendas--piece--8-1--raspberry3bp","number_of_ads_buy":0,"average_prize_buy":0,"number_of_ads_rent":2,"average_prize_rent":0,"normalized_prize_buy":null,"normalized_ads_buy":null,"normalized_prize_rent":null,"normalized_ads_rent":null,"date":"2018-12-07T07:42:31.000Z","fill-opacity":null,"fill":"#ff0000"},"bbox":[-3.62026,40.5478,-3.62529,40.5528],"geometry":{"type":"Polygon","coordinates":[[[-3.62026,40.5528],[-3.62529,40.5528],[-3.62529,40.5478],[-3.62026,40.5478],[-3.62026,40.5528]]]}},{"type":"Feature","properties":{"name":"Alcobendas--piece--8-2--raspberry3bp","number_of_ads_buy":0,"average_prize_buy":0,"number_of_ads_rent":1,"average_prize_rent":2,"normalized_prize_buy":null,"normalized_ads_buy":null,"normalized_prize_rent":null,"normalized_ads_rent":null,"date":"2018-12-07T07:42:50.000Z","fill-opacity":null,"fill":"#ff0000"},"bbox":[-3.62026,40.5428,-3.62529,40.5478],"geometry":{"type":"Polygon","coordinates":[[[-3.62026,40.5478],[-3.62529,40.5478],[-3.62529,40.5428],[-3.62026,40.5428],[-3.62026,40.5478]]]}},{"type":"Feature","properties":{"name":"Alcobendas--piece--8-3--raspberry3bp","number_of_ads_buy":0,"average_prize_buy":0,"number_of_ads_rent":2,"average_prize_rent":0,"normalized_prize_buy":null,"normalized_ads_buy":null,"normalized_prize_rent":null,"normalized_ads_rent":null,"date":"2018-12-07T07:43:06.000Z","fill-opacity":null,"fill":"#ff0000"},"bbox":[-3.62026,40.5377,-3.62529,40.5428],"geometry":{"type":"Polygon","coordinates":[[[-3.62026,40.5428],[-3.62529,40.5428],[-3.62529,40.5377],[-3.62026,40.5377],[-3.62026,40.5428]]]}},{"type":"Feature","properties":{"name":"Alcobendas--piece--8-4--raspberry3bp","number_of_ads_buy":0,"average_prize_buy":0,"number_of_ads_rent":0,"average_prize_rent":0,"normalized_prize_buy":null,"normalized_ads_buy":null,"normalized_prize_rent":null,"normalized_ads_rent":null,"date":"2018-12-07T07:43:25.000Z","fill-opacity":null,"fill":"#ff0000"},"bbox":[-3.62026,40.5327,-3.62529,40.5377],"geometry":{"type":"Polygon","coordinates":[[[-3.62026,40.5377],[-3.62529,40.5377],[-3.62529,40.5327],[-3.62026,40.5327],[-3.62026,40.5377]]]}},{"type":"Feature","properties":{"name":"Alcobendas--piece--8-5--raspberry3bp","number_of_ads_buy":0,"average_prize_buy":0,"number_of_ads_rent":0,"average_prize_rent":0,"normalized_prize_buy":null,"normalized_ads_buy":null,"normalized_prize_rent":null,"normalized_ads_rent":null,"date":"2018-12-07T07:43:48.000Z","fill-opacity":null,"fill":"#ff0000"},"bbox":[-3.62026,40.5277,-3.62529,40.5327],"geometry":{"type":"Polygon","coordinates":[[[-3.62026,40.5327],[-3.62529,40.5327],[-3.62529,40.5277],[-3.62026,40.5277],[-3.62026,40.5327]]]}},{"type":"Feature","properties":{"name":"Alcobendas--piece--8-6--raspberry3bp","number_of_ads_buy":0,"average_prize_buy":0,"number_of_ads_rent":0,"average_prize_rent":0,"normalized_prize_buy":null,"normalized_ads_buy":null,"normalized_prize_rent":null,"normalized_ads_rent":null,"date":"2018-12-07T07:44:02.000Z","fill-opacity":null,"fill":"#ff0000"},"bbox":[-3.62026,40.5227,-3.62529,40.5277],"geometry":{"type":"Polygon","coordinates":[[[-3.62026,40.5277],[-3.62529,40.5277],[-3.62529,40.5227],[-3.62026,40.5227],[-3.62026,40.5277]]]}},{"type":"Feature","properties":{"name":"Alcobendas--piece--8-7--raspberry3bp","number_of_ads_buy":0,"average_prize_buy":0,"number_of_ads_rent":0,"average_prize_rent":0,"normalized_prize_buy":null,"normalized_ads_buy":null,"normalized_prize_rent":null,"normalized_ads_rent":null,"date":"2018-12-07T07:44:22.000Z","fill-opacity":null,"fill":"#ff0000"},"bbox":[-3.62026,40.5176,-3.62529,40.5227],"geometry":{"type":"Polygon","coordinates":[[[-3.62026,40.5227],[-3.62529,40.5227],[-3.62529,40.5176],[-3.62026,40.5176],[-3.62026,40.5227]]]}},{"type":"Feature","properties":{"name":"Alcobendas--piece--8-8--raspberry3bp","number_of_ads_buy":0,"average_prize_buy":0,"number_of_ads_rent":0,"average_prize_rent":0,"normalized_prize_buy":null,"normalized_ads_buy":null,"normalized_prize_rent":null,"normalized_ads_rent":null,"date":"2018-12-07T07:44:37.000Z","fill-opacity":null,"fill":"#ff0000"},"bbox":[-3.62026,40.5126,-3.62529,40.5176],"geometry":{"type":"Polygon","coordinates":[[[-3.62026,40.5176],[-3.62529,40.5176],[-3.62529,40.5126],[-3.62026,40.5126],[-3.62026,40.5176]]]}},{"type":"Feature","properties":{"name":"Alcobendas--piece--8-9--raspberry3bp","number_of_ads_buy":0,"average_prize_buy":0,"number_of_ads_rent":0,"average_prize_rent":0,"normalized_prize_buy":null,"normalized_ads_buy":null,"normalized_prize_rent":null,"normalized_ads_rent":null,"date":"2018-12-07T07:44:50.000Z","fill-opacity":null,"fill":"#ff0000"},"bbox":[-3.62026,40.5076,-3.62529,40.5126],"geometry":{"type":"Polygon","coordinates":[[[-3.62026,40.5126],[-3.62529,40.5126],[-3.62529,40.5076],[-3.62026,40.5076],[-3.62026,40.5126]]]}},{"type":"Feature","properties":{"name":"Alcobendas--piece--9-0--raspberry3bp","number_of_ads_buy":0,"average_prize_buy":0,"number_of_ads_rent":4,"average_prize_rent":2,"normalized_prize_buy":null,"normalized_ads_buy":null,"normalized_prize_rent":null,"normalized_ads_rent":null,"date":"2018-12-07T07:45:13.000Z","fill-opacity":null,"fill":"#ff0000"},"bbox":[-3.61523,40.5528,-3.62026,40.5578],"geometry":{"type":"Polygon","coordinates":[[[-3.61523,40.5578],[-3.62026,40.5578],[-3.62026,40.5528],[-3.61523,40.5528],[-3.61523,40.5578]]]}},{"type":"Feature","properties":{"name":"Alcobendas--piece--9-1--raspberry3bp","number_of_ads_buy":0,"average_prize_buy":0,"number_of_ads_rent":0,"average_prize_rent":0,"normalized_prize_buy":null,"normalized_ads_buy":null,"normalized_prize_rent":null,"normalized_ads_rent":null,"date":"2018-12-07T07:45:33.000Z","fill-opacity":null,"fill":"#ff0000"},"bbox":[-3.61523,40.5478,-3.62026,40.5528],"geometry":{"type":"Polygon","coordinates":[[[-3.61523,40.5528],[-3.62026,40.5528],[-3.62026,40.5478],[-3.61523,40.5478],[-3.61523,40.5528]]]}},{"type":"Feature","properties":{"name":"Alcobendas--piece--9-2--raspberry3bp","number_of_ads_buy":0,"average_prize_buy":0,"number_of_ads_rent":1,"average_prize_rent":0,"normalized_prize_buy":null,"normalized_ads_buy":null,"normalized_prize_rent":null,"normalized_ads_rent":null,"date":"2018-12-07T07:45:50.000Z","fill-opacity":null,"fill":"#ff0000"},"bbox":[-3.61523,40.5428,-3.62026,40.5478],"geometry":{"type":"Polygon","coordinates":[[[-3.61523,40.5478],[-3.62026,40.5478],[-3.62026,40.5428],[-3.61523,40.5428],[-3.61523,40.5478]]]}},{"type":"Feature","properties":{"name":"Alcobendas--piece--9-3--raspberry3bp","number_of_ads_buy":0,"average_prize_buy":0,"number_of_ads_rent":1,"average_prize_rent":5,"normalized_prize_buy":null,"normalized_ads_buy":null,"normalized_prize_rent":null,"normalized_ads_rent":null,"date":"2018-12-07T07:46:05.000Z","fill-opacity":null,"fill":"#ff0000"},"bbox":[-3.61523,40.5377,-3.62026,40.5428],"geometry":{"type":"Polygon","coordinates":[[[-3.61523,40.5428],[-3.62026,40.5428],[-3.62026,40.5377],[-3.61523,40.5377],[-3.61523,40.5428]]]}},{"type":"Feature","properties":{"name":"Alcobendas--piece--9-4--raspberry3bp","number_of_ads_buy":0,"average_prize_buy":0,"number_of_ads_rent":0,"average_prize_rent":0,"normalized_prize_buy":null,"normalized_ads_buy":null,"normalized_prize_rent":null,"normalized_ads_rent":null,"date":"2018-12-07T07:46:21.000Z","fill-opacity":null,"fill":"#ff0000"},"bbox":[-3.61523,40.5327,-3.62026,40.5377],"geometry":{"type":"Polygon","coordinates":[[[-3.61523,40.5377],[-3.62026,40.5377],[-3.62026,40.5327],[-3.61523,40.5327],[-3.61523,40.5377]]]}},{"type":"Feature","properties":{"name":"Alcobendas--piece--9-5--raspberry3bp","number_of_ads_buy":0,"average_prize_buy":0,"number_of_ads_rent":0,"average_prize_rent":0,"normalized_prize_buy":null,"normalized_ads_buy":null,"normalized_prize_rent":null,"normalized_ads_rent":null,"date":"2018-12-07T07:46:33.000Z","fill-opacity":null,"fill":"#ff0000"},"bbox":[-3.61523,40.5277,-3.62026,40.5327],"geometry":{"type":"Polygon","coordinates":[[[-3.61523,40.5327],[-3.62026,40.5327],[-3.62026,40.5277],[-3.61523,40.5277],[-3.61523,40.5327]]]}},{"type":"Feature","properties":{"name":"Alcobendas--piece--9-6--raspberry3bp","number_of_ads_buy":0,"average_prize_buy":0,"number_of_ads_rent":0,"average_prize_rent":0,"normalized_prize_buy":null,"normalized_ads_buy":null,"normalized_prize_rent":null,"normalized_ads_rent":null,"date":"2018-12-07T07:46:51.000Z","fill-opacity":null,"fill":"#ff0000"},"bbox":[-3.61523,40.5227,-3.62026,40.5277],"geometry":{"type":"Polygon","coordinates":[[[-3.61523,40.5277],[-3.62026,40.5277],[-3.62026,40.5227],[-3.61523,40.5227],[-3.61523,40.5277]]]}},{"type":"Feature","properties":{"name":"Alcobendas--piece--9-7--raspberry3bp","number_of_ads_buy":0,"average_prize_buy":0,"number_of_ads_rent":1,"average_prize_rent":0,"normalized_prize_buy":null,"normalized_ads_buy":null,"normalized_prize_rent":null,"normalized_ads_rent":null,"date":"2018-12-07T07:47:07.000Z","fill-opacity":null,"fill":"#ff0000"},"bbox":[-3.61523,40.5176,-3.62026,40.5227],"geometry":{"type":"Polygon","coordinates":[[[-3.61523,40.5227],[-3.62026,40.5227],[-3.62026,40.5176],[-3.61523,40.5176],[-3.61523,40.5227]]]}},{"type":"Feature","properties":{"name":"Alcobendas--piece--9-8--raspberry3bp","number_of_ads_buy":0,"average_prize_buy":0,"number_of_ads_rent":0,"average_prize_rent":0,"normalized_prize_buy":null,"normalized_ads_buy":null,"normalized_prize_rent":null,"normalized_ads_rent":null,"date":"2018-12-07T07:47:22.000Z","fill-opacity":null,"fill":"#ff0000"},"bbox":[-3.61523,40.5126,-3.62026,40.5176],"geometry":{"type":"Polygon","coordinates":[[[-3.61523,40.5176],[-3.62026,40.5176],[-3.62026,40.5126],[-3.61523,40.5126],[-3.61523,40.5176]]]}},{"type":"Feature","properties":{"name":"Alcobendas--piece--9-9--raspberry3bp","number_of_ads_buy":0,"average_prize_buy":0,"number_of_ads_rent":0,"average_prize_rent":0,"normalized_prize_buy":null,"normalized_ads_buy":null,"normalized_prize_rent":null,"normalized_ads_rent":null,"date":"2018-12-07T07:47:43.000Z","fill-opacity":null,"fill":"#ff0000"},"bbox":[-3.61523,40.5076,-3.62026,40.5126],"geometry":{"type":"Polygon","coordinates":[[[-3.61523,40.5126],[-3.62026,40.5126],[-3.62026,40.5076],[-3.61523,40.5076],[-3.61523,40.5126]]]}}]}