{"type":"FeatureCollection","features":[{"type":"Feature","properties":{"name":"Algete--2800901001--raspberryOld","number_of_ads_buy":29,"average_prize_buy":1345.7,"number_of_ads_rent":29,"average_prize_rent":8.20445,"normalized_prize_buy":0.7756598324985158,"normalized_ads_buy":0.9666666666666667,"normalized_prize_rent":null,"normalized_ads_rent":0.9666666666666667,"date":"2018-12-07T07:15:43.000Z","fill-opacity":0.6205278659988127,"fill":"#ff0000"},"bbox":[-3.54317,40.5914,-3.59368,40.656],"geometry":{"type":"Polygon","coordinates":[[[-3.54317,40.656],[-3.59368,40.656],[-3.59368,40.5914],[-3.54317,40.5914],[-3.54317,40.656]]]}},{"type":"Feature","properties":{"name":"Algete--2800901002--raspberryOld","number_of_ads_buy":11,"average_prize_buy":1518,"number_of_ads_rent":0,"average_prize_rent":0,"normalized_prize_buy":0.8749733415566225,"normalized_ads_buy":0.36666666666666664,"normalized_prize_rent":null,"normalized_ads_rent":0,"date":"2018-12-07T07:16:01.000Z","fill-opacity":0.699978673245298,"fill":"#ff0000"},"bbox":[-3.50119,40.5965,-3.50747,40.6015],"geometry":{"type":"Polygon","coordinates":[[[-3.50119,40.6015],[-3.50747,40.6015],[-3.50747,40.5965],[-3.50119,40.5965],[-3.50119,40.6015]]]}},{"type":"Feature","properties":{"name":"Algete--2800901003--raspberryOld","number_of_ads_buy":30,"average_prize_buy":1649.87,"number_of_ads_rent":1,"average_prize_rent":9.09091,"normalized_prize_buy":0.9509830481120057,"normalized_ads_buy":1,"normalized_prize_rent":null,"normalized_ads_rent":0.03333333333333333,"date":"2018-12-07T07:16:28.000Z","fill-opacity":0.7607864384896046,"fill":"#ff0000"},"bbox":[-3.49478,40.5963,-3.50285,40.6004],"geometry":{"type":"Polygon","coordinates":[[[-3.49478,40.6004],[-3.50285,40.6004],[-3.50285,40.5963],[-3.49478,40.5963],[-3.49478,40.6004]]]}},{"type":"Feature","properties":{"name":"Algete--2800901004--raspberryOld","number_of_ads_buy":25,"average_prize_buy":1734.91,"number_of_ads_rent":2,"average_prize_rent":7.45179,"normalized_prize_buy":1,"normalized_ads_buy":0.8333333333333334,"normalized_prize_rent":null,"normalized_ads_rent":0.06666666666666667,"date":"2018-12-07T07:16:52.000Z","fill-opacity":0.8,"fill":"#ff0000"},"bbox":[-3.49678,40.5827,-3.50762,40.5965],"geometry":{"type":"Polygon","coordinates":[[[-3.49678,40.5965],[-3.50762,40.5965],[-3.50762,40.5827],[-3.49678,40.5827],[-3.49678,40.5965]]]}},{"type":"Feature","properties":{"name":"Algete--2800901005--raspberryOld","number_of_ads_buy":18,"average_prize_buy":1586.53,"number_of_ads_rent":1,"average_prize_rent":9.09091,"normalized_prize_buy":0.9144739496573309,"normalized_ads_buy":0.6,"normalized_prize_rent":null,"normalized_ads_rent":0.03333333333333333,"date":"2018-12-07T07:17:11.000Z","fill-opacity":0.7315791597258647,"fill":"#ff0000"},"bbox":[-3.49919,40.597,-3.50492,40.6022],"geometry":{"type":"Polygon","coordinates":[[[-3.49919,40.6022],[-3.50492,40.6022],[-3.50492,40.597],[-3.49919,40.597],[-3.49919,40.6022]]]}},{"type":"Feature","properties":{"name":"Algete--2800901006--raspberryOld","number_of_ads_buy":22,"average_prize_buy":1675.15,"number_of_ads_rent":1,"average_prize_rent":7.02479,"normalized_prize_buy":0.965554409162435,"normalized_ads_buy":0.7333333333333333,"normalized_prize_rent":null,"normalized_ads_rent":0.03333333333333333,"date":"2018-12-07T07:17:37.000Z","fill-opacity":0.772443527329948,"fill":"#ff0000"},"bbox":[-3.49331,40.5931,-3.49905,40.5967],"geometry":{"type":"Polygon","coordinates":[[[-3.49331,40.5967],[-3.49905,40.5967],[-3.49905,40.5931],[-3.49331,40.5931],[-3.49331,40.5967]]]}},{"type":"Feature","properties":{"name":"Algete--2800901007--raspberryOld","number_of_ads_buy":30,"average_prize_buy":1584.35,"number_of_ads_rent":6,"average_prize_rent":5.75932,"normalized_prize_buy":0.9132174003262417,"normalized_ads_buy":1,"normalized_prize_rent":null,"normalized_ads_rent":0.2,"date":"2018-12-07T07:18:00.000Z","fill-opacity":0.7305739202609933,"fill":"#ff0000"},"bbox":[-3.48274,40.5967,-3.50972,40.6259],"geometry":{"type":"Polygon","coordinates":[[[-3.48274,40.6259],[-3.50972,40.6259],[-3.50972,40.5967],[-3.48274,40.5967],[-3.48274,40.6259]]]}},{"type":"Feature","properties":{"name":"Algete--2800901008--raspberryOld","number_of_ads_buy":30,"average_prize_buy":1492.32,"number_of_ads_rent":2,"average_prize_rent":6.32609,"normalized_prize_buy":0.8601714209959017,"normalized_ads_buy":1,"normalized_prize_rent":null,"normalized_ads_rent":0.06666666666666667,"date":"2018-12-07T07:18:25.000Z","fill-opacity":0.6881371367967214,"fill":"#ff0000"},"bbox":[-3.50491,40.5808,-3.56087,40.6186],"geometry":{"type":"Polygon","coordinates":[[[-3.50491,40.6186],[-3.56087,40.6186],[-3.56087,40.5808],[-3.50491,40.5808],[-3.50491,40.6186]]]}},{"type":"Feature","properties":{"name":"Algete--2800901009--raspberryOld","number_of_ads_buy":30,"average_prize_buy":1660.47,"number_of_ads_rent":1,"average_prize_rent":7.02479,"normalized_prize_buy":0.9570928751347332,"normalized_ads_buy":1,"normalized_prize_rent":null,"normalized_ads_rent":0.03333333333333333,"date":"2018-12-07T07:18:51.000Z","fill-opacity":0.7656743001077866,"fill":"#ff0000"},"bbox":[-3.45386,40.585,-3.49772,40.6157],"geometry":{"type":"Polygon","coordinates":[[[-3.45386,40.6157],[-3.49772,40.6157],[-3.49772,40.585],[-3.45386,40.585],[-3.45386,40.6157]]]}}]}