{"type":"FeatureCollection","features":[{"type":"Feature","properties":{"name":"Algete--piece--0-0--gCloud","number_of_ads_buy":1,"average_prize_buy":1388.89,"number_of_ads_rent":0,"average_prize_rent":0,"normalized_prize_buy":0.7540569740864004,"normalized_ads_buy":0.03571428571428571,"normalized_prize_rent":null,"normalized_ads_rent":0,"date":"2018-12-03T15:03:04.000Z","fill-opacity":0.6032455792691204,"fill":"#ff0000"},"bbox":[-3.50513,40.5991,-3.50944,40.6024],"geometry":{"type":"Polygon","coordinates":[[[-3.50513,40.6024],[-3.50944,40.6024],[-3.50944,40.5991],[-3.50513,40.5991],[-3.50513,40.6024]]]}},{"type":"Feature","properties":{"name":"Algete--piece--0-1--gCloud","number_of_ads_buy":6,"average_prize_buy":1334.79,"number_of_ads_rent":0,"average_prize_rent":0,"normalized_prize_buy":0.7246849703293898,"normalized_ads_buy":0.21428571428571427,"normalized_prize_rent":null,"normalized_ads_rent":0,"date":"2018-12-03T15:03:12.000Z","fill-opacity":0.5797479762635119,"fill":"#ff0000"},"bbox":[-3.50513,40.5958,-3.50944,40.5991],"geometry":{"type":"Polygon","coordinates":[[[-3.50513,40.5991],[-3.50944,40.5991],[-3.50944,40.5958],[-3.50513,40.5958],[-3.50513,40.5991]]]}},{"type":"Feature","properties":{"name":"Algete--piece--0-2--gCloud","number_of_ads_buy":0,"average_prize_buy":0,"number_of_ads_rent":0,"average_prize_rent":0,"normalized_prize_buy":0,"normalized_ads_buy":0,"normalized_prize_rent":null,"normalized_ads_rent":0,"date":"2018-12-03T15:03:20.000Z","fill-opacity":0,"fill":"#ff0000"},"bbox":[-3.50513,40.5924,-3.50944,40.5958],"geometry":{"type":"Polygon","coordinates":[[[-3.50513,40.5958],[-3.50944,40.5958],[-3.50944,40.5924],[-3.50513,40.5924],[-3.50513,40.5958]]]}},{"type":"Feature","properties":{"name":"Algete--piece--0-3--gCloud","number_of_ads_buy":0,"average_prize_buy":0,"number_of_ads_rent":0,"average_prize_rent":0,"normalized_prize_buy":0,"normalized_ads_buy":0,"normalized_prize_rent":null,"normalized_ads_rent":0,"date":"2018-12-03T15:03:32.000Z","fill-opacity":0,"fill":"#ff0000"},"bbox":[-3.50513,40.5891,-3.50944,40.5924],"geometry":{"type":"Polygon","coordinates":[[[-3.50513,40.5924],[-3.50944,40.5924],[-3.50944,40.5891],[-3.50513,40.5891],[-3.50513,40.5924]]]}},{"type":"Feature","properties":{"name":"Algete--piece--1-0--gCloud","number_of_ads_buy":2,"average_prize_buy":1765.62,"number_of_ads_rent":0,"average_prize_rent":0,"normalized_prize_buy":0.9585914468290722,"normalized_ads_buy":0.07142857142857142,"normalized_prize_rent":null,"normalized_ads_rent":0,"date":"2018-12-03T15:03:40.000Z","fill-opacity":0.7668731574632578,"fill":"#ff0000"},"bbox":[-3.50082,40.5991,-3.50513,40.6024],"geometry":{"type":"Polygon","coordinates":[[[-3.50082,40.6024],[-3.50513,40.6024],[-3.50513,40.5991],[-3.50082,40.5991],[-3.50082,40.6024]]]}},{"type":"Feature","properties":{"name":"Algete--piece--1-1--gCloud","number_of_ads_buy":8,"average_prize_buy":1595.12,"number_of_ads_rent":0,"average_prize_rent":0,"normalized_prize_buy":0.8660234867445937,"normalized_ads_buy":0.2857142857142857,"normalized_prize_rent":null,"normalized_ads_rent":0,"date":"2018-12-03T15:03:52.000Z","fill-opacity":0.692818789395675,"fill":"#ff0000"},"bbox":[-3.50082,40.5958,-3.50513,40.5991],"geometry":{"type":"Polygon","coordinates":[[[-3.50082,40.5991],[-3.50513,40.5991],[-3.50513,40.5958],[-3.50082,40.5958],[-3.50082,40.5991]]]}},{"type":"Feature","properties":{"name":"Algete--piece--1-2--gCloud","number_of_ads_buy":0,"average_prize_buy":0,"number_of_ads_rent":0,"average_prize_rent":0,"normalized_prize_buy":0,"normalized_ads_buy":0,"normalized_prize_rent":null,"normalized_ads_rent":0,"date":"2018-12-03T15:04:03.000Z","fill-opacity":0,"fill":"#ff0000"},"bbox":[-3.50082,40.5924,-3.50513,40.5958],"geometry":{"type":"Polygon","coordinates":[[[-3.50082,40.5958],[-3.50513,40.5958],[-3.50513,40.5924],[-3.50082,40.5924],[-3.50082,40.5958]]]}},{"type":"Feature","properties":{"name":"Algete--piece--1-3--gCloud","number_of_ads_buy":1,"average_prize_buy":1362.73,"number_of_ads_rent":0,"average_prize_rent":0,"normalized_prize_buy":0.7398541715303302,"normalized_ads_buy":0.03571428571428571,"normalized_prize_rent":null,"normalized_ads_rent":0,"date":"2018-12-03T15:04:08.000Z","fill-opacity":0.5918833372242641,"fill":"#ff0000"},"bbox":[-3.50082,40.5891,-3.50513,40.5924],"geometry":{"type":"Polygon","coordinates":[[[-3.50082,40.5924],[-3.50513,40.5924],[-3.50513,40.5891],[-3.50082,40.5891],[-3.50082,40.5924]]]}},{"type":"Feature","properties":{"name":"Algete--piece--2-0--gCloud","number_of_ads_buy":8,"average_prize_buy":1647.22,"number_of_ads_rent":0,"average_prize_rent":0,"normalized_prize_buy":0.8943096493275928,"normalized_ads_buy":0.2857142857142857,"normalized_prize_rent":null,"normalized_ads_rent":0,"date":"2018-12-03T15:04:13.000Z","fill-opacity":0.7154477194620743,"fill":"#ff0000"},"bbox":[-3.4965,40.5991,-3.50082,40.6024],"geometry":{"type":"Polygon","coordinates":[[[-3.4965,40.6024],[-3.50082,40.6024],[-3.50082,40.5991],[-3.4965,40.5991],[-3.4965,40.6024]]]}},{"type":"Feature","properties":{"name":"Algete--piece--2-1--gCloud","number_of_ads_buy":28,"average_prize_buy":1666.28,"number_of_ads_rent":1,"average_prize_rent":9.09091,"normalized_prize_buy":0.9046577157159221,"normalized_ads_buy":1,"normalized_prize_rent":null,"normalized_ads_rent":0.03571428571428571,"date":"2018-12-03T15:04:20.000Z","fill-opacity":0.7237261725727377,"fill":"#ff0000"},"bbox":[-3.4965,40.5958,-3.50082,40.5991],"geometry":{"type":"Polygon","coordinates":[[[-3.4965,40.5991],[-3.50082,40.5991],[-3.50082,40.5958],[-3.4965,40.5958],[-3.4965,40.5991]]]}},{"type":"Feature","properties":{"name":"Algete--piece--2-2--gCloud","number_of_ads_buy":11,"average_prize_buy":1841.89,"number_of_ads_rent":2,"average_prize_rent":7.63328,"normalized_prize_buy":1,"normalized_ads_buy":0.39285714285714285,"normalized_prize_rent":null,"normalized_ads_rent":0.07142857142857142,"date":"2018-12-03T15:04:29.000Z","fill-opacity":0.8,"fill":"#ff0000"},"bbox":[-3.4965,40.5924,-3.50082,40.5958],"geometry":{"type":"Polygon","coordinates":[[[-3.4965,40.5958],[-3.50082,40.5958],[-3.50082,40.5924],[-3.4965,40.5924],[-3.4965,40.5958]]]}},{"type":"Feature","properties":{"name":"Algete--piece--2-3--gCloud","number_of_ads_buy":3,"average_prize_buy":1783.72,"number_of_ads_rent":0,"average_prize_rent":0,"normalized_prize_buy":0.9684183094538762,"normalized_ads_buy":0.10714285714285714,"normalized_prize_rent":null,"normalized_ads_rent":0,"date":"2018-12-03T15:04:38.000Z","fill-opacity":0.774734647563101,"fill":"#ff0000"},"bbox":[-3.4965,40.5891,-3.50082,40.5924],"geometry":{"type":"Polygon","coordinates":[[[-3.4965,40.5924],[-3.50082,40.5924],[-3.50082,40.5891],[-3.4965,40.5891],[-3.4965,40.5924]]]}},{"type":"Feature","properties":{"name":"Algete--piece--3-0--gCloud","number_of_ads_buy":1,"average_prize_buy":1651.04,"number_of_ads_rent":0,"average_prize_rent":0,"normalized_prize_buy":0.8963836059699547,"normalized_ads_buy":0.03571428571428571,"normalized_prize_rent":null,"normalized_ads_rent":0,"date":"2018-12-03T15:04:50.000Z","fill-opacity":0.7171068847759638,"fill":"#ff0000"},"bbox":[-3.49219,40.5991,-3.4965,40.6024],"geometry":{"type":"Polygon","coordinates":[[[-3.49219,40.6024],[-3.4965,40.6024],[-3.4965,40.5991],[-3.49219,40.5991],[-3.49219,40.6024]]]}},{"type":"Feature","properties":{"name":"Algete--piece--3-1--gCloud","number_of_ads_buy":3,"average_prize_buy":1450.88,"number_of_ads_rent":0,"average_prize_rent":0,"normalized_prize_buy":0.7877126212748862,"normalized_ads_buy":0.10714285714285714,"normalized_prize_rent":null,"normalized_ads_rent":0,"date":"2018-12-03T15:04:55.000Z","fill-opacity":0.630170097019909,"fill":"#ff0000"},"bbox":[-3.49219,40.5958,-3.4965,40.5991],"geometry":{"type":"Polygon","coordinates":[[[-3.49219,40.5991],[-3.4965,40.5991],[-3.4965,40.5958],[-3.49219,40.5958],[-3.49219,40.5991]]]}},{"type":"Feature","properties":{"name":"Algete--piece--3-2--gCloud","number_of_ads_buy":26,"average_prize_buy":1610,"number_of_ads_rent":1,"average_prize_rent":7.87879,"normalized_prize_buy":0.8741021450792392,"normalized_ads_buy":0.9285714285714286,"normalized_prize_rent":null,"normalized_ads_rent":0.03571428571428571,"date":"2018-12-03T15:05:02.000Z","fill-opacity":0.6992817160633914,"fill":"#ff0000"},"bbox":[-3.49219,40.5924,-3.4965,40.5958],"geometry":{"type":"Polygon","coordinates":[[[-3.49219,40.5958],[-3.4965,40.5958],[-3.4965,40.5924],[-3.49219,40.5924],[-3.49219,40.5958]]]}},{"type":"Feature","properties":{"name":"Algete--piece--3-3--gCloud","number_of_ads_buy":17,"average_prize_buy":1624.26,"number_of_ads_rent":0,"average_prize_rent":0,"normalized_prize_buy":0.8818441926499411,"normalized_ads_buy":0.6071428571428571,"normalized_prize_rent":null,"normalized_ads_rent":0,"date":"2018-12-03T15:05:15.000Z","fill-opacity":0.7054753541199529,"fill":"#ff0000"},"bbox":[-3.49219,40.5891,-3.4965,40.5924],"geometry":{"type":"Polygon","coordinates":[[[-3.49219,40.5924],[-3.4965,40.5924],[-3.4965,40.5891],[-3.49219,40.5891],[-3.49219,40.5924]]]}}]}