{"type":"FeatureCollection","features":[{"type":"Feature","properties":{"name":"Algete--piece--0-0--raspberry3bp","number_of_ads_buy":0,"average_prize_buy":0,"number_of_ads_rent":0,"average_prize_rent":0,"normalized_prize_buy":null,"normalized_ads_buy":null,"normalized_prize_rent":null,"normalized_ads_rent":null,"date":"2018-12-07T08:13:27.000Z","fill-opacity":null,"fill":"#ff0000"},"bbox":[-3.50513,40.5991,-3.50944,40.6024],"geometry":{"type":"Polygon","coordinates":[[[-3.50513,40.6024],[-3.50944,40.6024],[-3.50944,40.5991],[-3.50513,40.5991],[-3.50513,40.6024]]]}},{"type":"Feature","properties":{"name":"Algete--piece--0-1--raspberry3bp","number_of_ads_buy":0,"average_prize_buy":0,"number_of_ads_rent":0,"average_prize_rent":0,"normalized_prize_buy":null,"normalized_ads_buy":null,"normalized_prize_rent":null,"normalized_ads_rent":null,"date":"2018-12-07T08:13:43.000Z","fill-opacity":null,"fill":"#ff0000"},"bbox":[-3.50513,40.5958,-3.50944,40.5991],"geometry":{"type":"Polygon","coordinates":[[[-3.50513,40.5991],[-3.50944,40.5991],[-3.50944,40.5958],[-3.50513,40.5958],[-3.50513,40.5991]]]}},{"type":"Feature","properties":{"name":"Algete--piece--0-2--raspberry3bp","number_of_ads_buy":0,"average_prize_buy":0,"number_of_ads_rent":0,"average_prize_rent":0,"normalized_prize_buy":null,"normalized_ads_buy":null,"normalized_prize_rent":null,"normalized_ads_rent":null,"date":"2018-12-07T08:14:06.000Z","fill-opacity":null,"fill":"#ff0000"},"bbox":[-3.50513,40.5924,-3.50944,40.5958],"geometry":{"type":"Polygon","coordinates":[[[-3.50513,40.5958],[-3.50944,40.5958],[-3.50944,40.5924],[-3.50513,40.5924],[-3.50513,40.5958]]]}},{"type":"Feature","properties":{"name":"Algete--piece--0-3--raspberry3bp","number_of_ads_buy":0,"average_prize_buy":0,"number_of_ads_rent":0,"average_prize_rent":0,"normalized_prize_buy":null,"normalized_ads_buy":null,"normalized_prize_rent":null,"normalized_ads_rent":null,"date":"2018-12-07T08:14:21.000Z","fill-opacity":null,"fill":"#ff0000"},"bbox":[-3.50513,40.5891,-3.50944,40.5924],"geometry":{"type":"Polygon","coordinates":[[[-3.50513,40.5924],[-3.50944,40.5924],[-3.50944,40.5891],[-3.50513,40.5891],[-3.50513,40.5924]]]}},{"type":"Feature","properties":{"name":"Algete--piece--1-0--raspberry3bp","number_of_ads_buy":0,"average_prize_buy":0,"number_of_ads_rent":0,"average_prize_rent":0,"normalized_prize_buy":null,"normalized_ads_buy":null,"normalized_prize_rent":null,"normalized_ads_rent":null,"date":"2018-12-07T08:14:42.000Z","fill-opacity":null,"fill":"#ff0000"},"bbox":[-3.50082,40.5991,-3.50513,40.6024],"geometry":{"type":"Polygon","coordinates":[[[-3.50082,40.6024],[-3.50513,40.6024],[-3.50513,40.5991],[-3.50082,40.5991],[-3.50082,40.6024]]]}},{"type":"Feature","properties":{"name":"Algete--piece--1-1--raspberry3bp","number_of_ads_buy":0,"average_prize_buy":0,"number_of_ads_rent":0,"average_prize_rent":0,"normalized_prize_buy":null,"normalized_ads_buy":null,"normalized_prize_rent":null,"normalized_ads_rent":null,"date":"2018-12-07T08:14:56.000Z","fill-opacity":null,"fill":"#ff0000"},"bbox":[-3.50082,40.5958,-3.50513,40.5991],"geometry":{"type":"Polygon","coordinates":[[[-3.50082,40.5991],[-3.50513,40.5991],[-3.50513,40.5958],[-3.50082,40.5958],[-3.50082,40.5991]]]}},{"type":"Feature","properties":{"name":"Algete--piece--1-2--raspberry3bp","number_of_ads_buy":0,"average_prize_buy":0,"number_of_ads_rent":1,"average_prize_rent":8,"normalized_prize_buy":null,"normalized_ads_buy":null,"normalized_prize_rent":null,"normalized_ads_rent":null,"date":"2018-12-07T08:15:11.000Z","fill-opacity":null,"fill":"#ff0000"},"bbox":[-3.50082,40.5924,-3.50513,40.5958],"geometry":{"type":"Polygon","coordinates":[[[-3.50082,40.5958],[-3.50513,40.5958],[-3.50513,40.5924],[-3.50082,40.5924],[-3.50082,40.5958]]]}},{"type":"Feature","properties":{"name":"Algete--piece--1-3--raspberry3bp","number_of_ads_buy":0,"average_prize_buy":0,"number_of_ads_rent":0,"average_prize_rent":0,"normalized_prize_buy":null,"normalized_ads_buy":null,"normalized_prize_rent":null,"normalized_ads_rent":null,"date":"2018-12-07T08:15:27.000Z","fill-opacity":null,"fill":"#ff0000"},"bbox":[-3.50082,40.5891,-3.50513,40.5924],"geometry":{"type":"Polygon","coordinates":[[[-3.50082,40.5924],[-3.50513,40.5924],[-3.50513,40.5891],[-3.50082,40.5891],[-3.50082,40.5924]]]}},{"type":"Feature","properties":{"name":"Algete--piece--2-0--raspberry3bp","number_of_ads_buy":0,"average_prize_buy":0,"number_of_ads_rent":0,"average_prize_rent":0,"normalized_prize_buy":null,"normalized_ads_buy":null,"normalized_prize_rent":null,"normalized_ads_rent":null,"date":"2018-12-07T08:15:42.000Z","fill-opacity":null,"fill":"#ff0000"},"bbox":[-3.4965,40.5991,-3.50082,40.6024],"geometry":{"type":"Polygon","coordinates":[[[-3.4965,40.6024],[-3.50082,40.6024],[-3.50082,40.5991],[-3.4965,40.5991],[-3.4965,40.6024]]]}},{"type":"Feature","properties":{"name":"Algete--piece--2-1--raspberry3bp","number_of_ads_buy":0,"average_prize_buy":0,"number_of_ads_rent":0,"average_prize_rent":0,"normalized_prize_buy":null,"normalized_ads_buy":null,"normalized_prize_rent":null,"normalized_ads_rent":null,"date":"2018-12-07T08:15:58.000Z","fill-opacity":null,"fill":"#ff0000"},"bbox":[-3.4965,40.5958,-3.50082,40.5991],"geometry":{"type":"Polygon","coordinates":[[[-3.4965,40.5991],[-3.50082,40.5991],[-3.50082,40.5958],[-3.4965,40.5958],[-3.4965,40.5991]]]}},{"type":"Feature","properties":{"name":"Algete--piece--2-2--raspberry3bp","number_of_ads_buy":0,"average_prize_buy":0,"number_of_ads_rent":0,"average_prize_rent":0,"normalized_prize_buy":null,"normalized_ads_buy":null,"normalized_prize_rent":null,"normalized_ads_rent":null,"date":"2018-12-07T08:16:14.000Z","fill-opacity":null,"fill":"#ff0000"},"bbox":[-3.4965,40.5924,-3.50082,40.5958],"geometry":{"type":"Polygon","coordinates":[[[-3.4965,40.5958],[-3.50082,40.5958],[-3.50082,40.5924],[-3.4965,40.5924],[-3.4965,40.5958]]]}},{"type":"Feature","properties":{"name":"Algete--piece--2-3--raspberry3bp","number_of_ads_buy":0,"average_prize_buy":0,"number_of_ads_rent":1,"average_prize_rent":8,"normalized_prize_buy":null,"normalized_ads_buy":null,"normalized_prize_rent":null,"normalized_ads_rent":null,"date":"2018-12-07T08:16:27.000Z","fill-opacity":null,"fill":"#ff0000"},"bbox":[-3.4965,40.5891,-3.50082,40.5924],"geometry":{"type":"Polygon","coordinates":[[[-3.4965,40.5924],[-3.50082,40.5924],[-3.50082,40.5891],[-3.4965,40.5891],[-3.4965,40.5924]]]}},{"type":"Feature","properties":{"name":"Algete--piece--3-0--raspberry3bp","number_of_ads_buy":0,"average_prize_buy":0,"number_of_ads_rent":0,"average_prize_rent":0,"normalized_prize_buy":null,"normalized_ads_buy":null,"normalized_prize_rent":null,"normalized_ads_rent":null,"date":"2018-12-07T08:16:48.000Z","fill-opacity":null,"fill":"#ff0000"},"bbox":[-3.49219,40.5991,-3.4965,40.6024],"geometry":{"type":"Polygon","coordinates":[[[-3.49219,40.6024],[-3.4965,40.6024],[-3.4965,40.5991],[-3.49219,40.5991],[-3.49219,40.6024]]]}},{"type":"Feature","properties":{"name":"Algete--piece--3-1--raspberry3bp","number_of_ads_buy":0,"average_prize_buy":0,"number_of_ads_rent":1,"average_prize_rent":2,"normalized_prize_buy":null,"normalized_ads_buy":null,"normalized_prize_rent":null,"normalized_ads_rent":null,"date":"2018-12-07T08:17:04.000Z","fill-opacity":null,"fill":"#ff0000"},"bbox":[-3.49219,40.5958,-3.4965,40.5991],"geometry":{"type":"Polygon","coordinates":[[[-3.49219,40.5991],[-3.4965,40.5991],[-3.4965,40.5958],[-3.49219,40.5958],[-3.49219,40.5991]]]}},{"type":"Feature","properties":{"name":"Algete--piece--3-2--raspberry3bp","number_of_ads_buy":0,"average_prize_buy":0,"number_of_ads_rent":0,"average_prize_rent":0,"normalized_prize_buy":null,"normalized_ads_buy":null,"normalized_prize_rent":null,"normalized_ads_rent":null,"date":"2018-12-07T08:17:22.000Z","fill-opacity":null,"fill":"#ff0000"},"bbox":[-3.49219,40.5924,-3.4965,40.5958],"geometry":{"type":"Polygon","coordinates":[[[-3.49219,40.5958],[-3.4965,40.5958],[-3.4965,40.5924],[-3.49219,40.5924],[-3.49219,40.5958]]]}},{"type":"Feature","properties":{"name":"Algete--piece--3-3--raspberry3bp","number_of_ads_buy":0,"average_prize_buy":0,"number_of_ads_rent":0,"average_prize_rent":0,"normalized_prize_buy":null,"normalized_ads_buy":null,"normalized_prize_rent":null,"normalized_ads_rent":null,"date":"2018-12-07T08:17:37.000Z","fill-opacity":null,"fill":"#ff0000"},"bbox":[-3.49219,40.5891,-3.4965,40.5924],"geometry":{"type":"Polygon","coordinates":[[[-3.49219,40.5924],[-3.4965,40.5924],[-3.4965,40.5891],[-3.49219,40.5891],[-3.49219,40.5924]]]}}]}