{"type":"FeatureCollection","features":[{"type":"Feature","properties":{"name":"Algete--piece--0-0--gCloud","number_of_ads_buy":1,"average_prize_buy":1382.98,"number_of_ads_rent":0,"average_prize_rent":0,"normalized_prize_buy":0.7652018989232796,"normalized_ads_buy":0.03571428571428571,"normalized_prize_rent":null,"normalized_ads_rent":0,"date":"2018-12-07T08:01:18.000Z","fill-opacity":0.6121615191386237,"fill":"#ff0000"},"bbox":[-3.50513,40.5991,-3.50944,40.6024],"geometry":{"type":"Polygon","coordinates":[[[-3.50513,40.6024],[-3.50944,40.6024],[-3.50944,40.5991],[-3.50513,40.5991],[-3.50513,40.6024]]]}},{"type":"Feature","properties":{"name":"Algete--piece--0-1--gCloud","number_of_ads_buy":6,"average_prize_buy":1334.79,"number_of_ads_rent":0,"average_prize_rent":0,"normalized_prize_buy":0.7385384045060697,"normalized_ads_buy":0.21428571428571427,"normalized_prize_rent":null,"normalized_ads_rent":0,"date":"2018-12-07T08:01:27.000Z","fill-opacity":0.5908307236048558,"fill":"#ff0000"},"bbox":[-3.50513,40.5958,-3.50944,40.5991],"geometry":{"type":"Polygon","coordinates":[[[-3.50513,40.5991],[-3.50944,40.5991],[-3.50944,40.5958],[-3.50513,40.5958],[-3.50513,40.5991]]]}},{"type":"Feature","properties":{"name":"Algete--piece--0-2--gCloud","number_of_ads_buy":0,"average_prize_buy":0,"number_of_ads_rent":0,"average_prize_rent":0,"normalized_prize_buy":0,"normalized_ads_buy":0,"normalized_prize_rent":null,"normalized_ads_rent":0,"date":"2018-12-07T08:01:35.000Z","fill-opacity":0,"fill":"#ff0000"},"bbox":[-3.50513,40.5924,-3.50944,40.5958],"geometry":{"type":"Polygon","coordinates":[[[-3.50513,40.5958],[-3.50944,40.5958],[-3.50944,40.5924],[-3.50513,40.5924],[-3.50513,40.5958]]]}},{"type":"Feature","properties":{"name":"Algete--piece--0-3--gCloud","number_of_ads_buy":0,"average_prize_buy":0,"number_of_ads_rent":0,"average_prize_rent":0,"normalized_prize_buy":0,"normalized_ads_buy":0,"normalized_prize_rent":null,"normalized_ads_rent":0,"date":"2018-12-07T08:01:44.000Z","fill-opacity":0,"fill":"#ff0000"},"bbox":[-3.50513,40.5891,-3.50944,40.5924],"geometry":{"type":"Polygon","coordinates":[[[-3.50513,40.5924],[-3.50944,40.5924],[-3.50944,40.5891],[-3.50513,40.5891],[-3.50513,40.5924]]]}},{"type":"Feature","properties":{"name":"Algete--piece--1-0--gCloud","number_of_ads_buy":1,"average_prize_buy":1750,"number_of_ads_rent":0,"average_prize_rent":0,"normalized_prize_buy":0.968273816769396,"normalized_ads_buy":0.03571428571428571,"normalized_prize_rent":null,"normalized_ads_rent":0,"date":"2018-12-07T08:01:54.000Z","fill-opacity":0.7746190534155168,"fill":"#ff0000"},"bbox":[-3.50082,40.5991,-3.50513,40.6024],"geometry":{"type":"Polygon","coordinates":[[[-3.50082,40.6024],[-3.50513,40.6024],[-3.50513,40.5991],[-3.50082,40.5991],[-3.50082,40.6024]]]}},{"type":"Feature","properties":{"name":"Algete--piece--1-1--gCloud","number_of_ads_buy":7,"average_prize_buy":1672.51,"number_of_ads_rent":0,"average_prize_rent":0,"normalized_prize_buy":0.9253986521628471,"normalized_ads_buy":0.25,"normalized_prize_rent":null,"normalized_ads_rent":0,"date":"2018-12-07T08:02:06.000Z","fill-opacity":0.7403189217302777,"fill":"#ff0000"},"bbox":[-3.50082,40.5958,-3.50513,40.5991],"geometry":{"type":"Polygon","coordinates":[[[-3.50082,40.5991],[-3.50513,40.5991],[-3.50513,40.5958],[-3.50082,40.5958],[-3.50082,40.5991]]]}},{"type":"Feature","properties":{"name":"Algete--piece--1-2--gCloud","number_of_ads_buy":1,"average_prize_buy":1053.33,"number_of_ads_rent":0,"average_prize_rent":0,"normalized_prize_buy":0.5828067768101187,"normalized_ads_buy":0.03571428571428571,"normalized_prize_rent":null,"normalized_ads_rent":0,"date":"2018-12-07T08:02:11.000Z","fill-opacity":0.466245421448095,"fill":"#ff0000"},"bbox":[-3.50082,40.5924,-3.50513,40.5958],"geometry":{"type":"Polygon","coordinates":[[[-3.50082,40.5958],[-3.50513,40.5958],[-3.50513,40.5924],[-3.50082,40.5924],[-3.50082,40.5958]]]}},{"type":"Feature","properties":{"name":"Algete--piece--1-3--gCloud","number_of_ads_buy":1,"average_prize_buy":1362.73,"number_of_ads_rent":0,"average_prize_rent":0,"normalized_prize_buy":0.753997587614948,"normalized_ads_buy":0.03571428571428571,"normalized_prize_rent":null,"normalized_ads_rent":0,"date":"2018-12-07T08:02:19.000Z","fill-opacity":0.6031980700919584,"fill":"#ff0000"},"bbox":[-3.50082,40.5891,-3.50513,40.5924],"geometry":{"type":"Polygon","coordinates":[[[-3.50082,40.5924],[-3.50513,40.5924],[-3.50513,40.5891],[-3.50082,40.5891],[-3.50082,40.5924]]]}},{"type":"Feature","properties":{"name":"Algete--piece--2-0--gCloud","number_of_ads_buy":8,"average_prize_buy":1647.22,"number_of_ads_rent":0,"average_prize_rent":0,"normalized_prize_buy":0.9114057122622197,"normalized_ads_buy":0.2857142857142857,"normalized_prize_rent":null,"normalized_ads_rent":0,"date":"2018-12-07T08:02:28.000Z","fill-opacity":0.7291245698097758,"fill":"#ff0000"},"bbox":[-3.4965,40.5991,-3.50082,40.6024],"geometry":{"type":"Polygon","coordinates":[[[-3.4965,40.6024],[-3.50082,40.6024],[-3.50082,40.5991],[-3.4965,40.5991],[-3.4965,40.6024]]]}},{"type":"Feature","properties":{"name":"Algete--piece--2-1--gCloud","number_of_ads_buy":28,"average_prize_buy":1675.34,"number_of_ads_rent":1,"average_prize_rent":9.09091,"normalized_prize_buy":0.9269644892493941,"normalized_ads_buy":1,"normalized_prize_rent":null,"normalized_ads_rent":0.03571428571428571,"date":"2018-12-07T08:02:38.000Z","fill-opacity":0.7415715913995153,"fill":"#ff0000"},"bbox":[-3.4965,40.5958,-3.50082,40.5991],"geometry":{"type":"Polygon","coordinates":[[[-3.4965,40.5991],[-3.50082,40.5991],[-3.50082,40.5958],[-3.4965,40.5958],[-3.4965,40.5991]]]}},{"type":"Feature","properties":{"name":"Algete--piece--2-2--gCloud","number_of_ads_buy":12,"average_prize_buy":1807.34,"number_of_ads_rent":2,"average_prize_rent":7.45179,"normalized_prize_buy":1,"normalized_ads_buy":0.42857142857142855,"normalized_prize_rent":null,"normalized_ads_rent":0.07142857142857142,"date":"2018-12-07T08:02:47.000Z","fill-opacity":0.8,"fill":"#ff0000"},"bbox":[-3.4965,40.5924,-3.50082,40.5958],"geometry":{"type":"Polygon","coordinates":[[[-3.4965,40.5958],[-3.50082,40.5958],[-3.50082,40.5924],[-3.4965,40.5924],[-3.4965,40.5958]]]}},{"type":"Feature","properties":{"name":"Algete--piece--2-3--gCloud","number_of_ads_buy":4,"average_prize_buy":1763.24,"number_of_ads_rent":0,"average_prize_rent":0,"normalized_prize_buy":0.9755994998174112,"normalized_ads_buy":0.14285714285714285,"normalized_prize_rent":null,"normalized_ads_rent":0,"date":"2018-12-07T08:02:56.000Z","fill-opacity":0.780479599853929,"fill":"#ff0000"},"bbox":[-3.4965,40.5891,-3.50082,40.5924],"geometry":{"type":"Polygon","coordinates":[[[-3.4965,40.5924],[-3.50082,40.5924],[-3.50082,40.5891],[-3.4965,40.5891],[-3.4965,40.5924]]]}},{"type":"Feature","properties":{"name":"Algete--piece--3-0--gCloud","number_of_ads_buy":1,"average_prize_buy":1651.04,"number_of_ads_rent":0,"average_prize_rent":0,"normalized_prize_buy":0.9135193156793963,"normalized_ads_buy":0.03571428571428571,"normalized_prize_rent":null,"normalized_ads_rent":0,"date":"2018-12-07T08:03:05.000Z","fill-opacity":0.7308154525435171,"fill":"#ff0000"},"bbox":[-3.49219,40.5991,-3.4965,40.6024],"geometry":{"type":"Polygon","coordinates":[[[-3.49219,40.6024],[-3.4965,40.6024],[-3.4965,40.5991],[-3.49219,40.5991],[-3.49219,40.6024]]]}},{"type":"Feature","properties":{"name":"Algete--piece--3-1--gCloud","number_of_ads_buy":3,"average_prize_buy":1450.88,"number_of_ads_rent":0,"average_prize_rent":0,"normalized_prize_buy":0.8027709230139322,"normalized_ads_buy":0.10714285714285714,"normalized_prize_rent":null,"normalized_ads_rent":0,"date":"2018-12-07T08:03:14.000Z","fill-opacity":0.6422167384111458,"fill":"#ff0000"},"bbox":[-3.49219,40.5958,-3.4965,40.5991],"geometry":{"type":"Polygon","coordinates":[[[-3.49219,40.5991],[-3.4965,40.5991],[-3.4965,40.5958],[-3.49219,40.5958],[-3.49219,40.5991]]]}},{"type":"Feature","properties":{"name":"Algete--piece--3-2--gCloud","number_of_ads_buy":24,"average_prize_buy":1585.01,"number_of_ads_rent":0,"average_prize_rent":0,"normalized_prize_buy":0.8769849613243773,"normalized_ads_buy":0.8571428571428571,"normalized_prize_rent":null,"normalized_ads_rent":0,"date":"2018-12-07T08:03:23.000Z","fill-opacity":0.7015879690595019,"fill":"#ff0000"},"bbox":[-3.49219,40.5924,-3.4965,40.5958],"geometry":{"type":"Polygon","coordinates":[[[-3.49219,40.5958],[-3.4965,40.5958],[-3.4965,40.5924],[-3.49219,40.5924],[-3.49219,40.5958]]]}},{"type":"Feature","properties":{"name":"Algete--piece--3-3--gCloud","number_of_ads_buy":18,"average_prize_buy":1612.55,"number_of_ads_rent":0,"average_prize_rent":0,"normalized_prize_buy":0.8922228247037082,"normalized_ads_buy":0.6428571428571429,"normalized_prize_rent":null,"normalized_ads_rent":0,"date":"2018-12-07T08:03:29.000Z","fill-opacity":0.7137782597629666,"fill":"#ff0000"},"bbox":[-3.49219,40.5891,-3.4965,40.5924],"geometry":{"type":"Polygon","coordinates":[[[-3.49219,40.5924],[-3.4965,40.5924],[-3.4965,40.5891],[-3.49219,40.5891],[-3.49219,40.5924]]]}}]}