{"type":"FeatureCollection","features":[{"type":"Feature","properties":{"name":"Aranjuez--piece--0-0--raspberry3bp","number_of_ads_buy":0,"average_prize_buy":0,"number_of_ads_rent":0,"average_prize_rent":0,"normalized_prize_buy":null,"normalized_ads_buy":null,"normalized_prize_rent":null,"normalized_ads_rent":null,"date":"2018-12-07T08:17:55.000Z","fill-opacity":null,"fill":"#ff0000"},"bbox":[-3.62466,40.0343,-3.63008,40.0392],"geometry":{"type":"Polygon","coordinates":[[[-3.62466,40.0392],[-3.63008,40.0392],[-3.63008,40.0343],[-3.62466,40.0343],[-3.62466,40.0392]]]}},{"type":"Feature","properties":{"name":"Aranjuez--piece--0-1--raspberry3bp","number_of_ads_buy":0,"average_prize_buy":0,"number_of_ads_rent":0,"average_prize_rent":0,"normalized_prize_buy":null,"normalized_ads_buy":null,"normalized_prize_rent":null,"normalized_ads_rent":null,"date":"2018-12-07T08:18:12.000Z","fill-opacity":null,"fill":"#ff0000"},"bbox":[-3.62466,40.0295,-3.63008,40.0343],"geometry":{"type":"Polygon","coordinates":[[[-3.62466,40.0343],[-3.63008,40.0343],[-3.63008,40.0295],[-3.62466,40.0295],[-3.62466,40.0343]]]}},{"type":"Feature","properties":{"name":"Aranjuez--piece--0-2--raspberry3bp","number_of_ads_buy":0,"average_prize_buy":0,"number_of_ads_rent":0,"average_prize_rent":0,"normalized_prize_buy":null,"normalized_ads_buy":null,"normalized_prize_rent":null,"normalized_ads_rent":null,"date":"2018-12-07T08:18:27.000Z","fill-opacity":null,"fill":"#ff0000"},"bbox":[-3.62466,40.0247,-3.63008,40.0295],"geometry":{"type":"Polygon","coordinates":[[[-3.62466,40.0295],[-3.63008,40.0295],[-3.63008,40.0247],[-3.62466,40.0247],[-3.62466,40.0295]]]}},{"type":"Feature","properties":{"name":"Aranjuez--piece--0-3--raspberry3bp","number_of_ads_buy":0,"average_prize_buy":0,"number_of_ads_rent":0,"average_prize_rent":0,"normalized_prize_buy":null,"normalized_ads_buy":null,"normalized_prize_rent":null,"normalized_ads_rent":null,"date":"2018-12-07T08:18:41.000Z","fill-opacity":null,"fill":"#ff0000"},"bbox":[-3.62466,40.0198,-3.63008,40.0247],"geometry":{"type":"Polygon","coordinates":[[[-3.62466,40.0247],[-3.63008,40.0247],[-3.63008,40.0198],[-3.62466,40.0198],[-3.62466,40.0247]]]}},{"type":"Feature","properties":{"name":"Aranjuez--piece--1-0--raspberry3bp","number_of_ads_buy":0,"average_prize_buy":0,"number_of_ads_rent":0,"average_prize_rent":0,"normalized_prize_buy":null,"normalized_ads_buy":null,"normalized_prize_rent":null,"normalized_ads_rent":null,"date":"2018-12-07T08:18:54.000Z","fill-opacity":null,"fill":"#ff0000"},"bbox":[-3.61923,40.0343,-3.62466,40.0392],"geometry":{"type":"Polygon","coordinates":[[[-3.61923,40.0392],[-3.62466,40.0392],[-3.62466,40.0343],[-3.61923,40.0343],[-3.61923,40.0392]]]}},{"type":"Feature","properties":{"name":"Aranjuez--piece--1-1--raspberry3bp","number_of_ads_buy":0,"average_prize_buy":0,"number_of_ads_rent":0,"average_prize_rent":0,"normalized_prize_buy":null,"normalized_ads_buy":null,"normalized_prize_rent":null,"normalized_ads_rent":null,"date":"2018-12-07T08:19:09.000Z","fill-opacity":null,"fill":"#ff0000"},"bbox":[-3.61923,40.0295,-3.62466,40.0343],"geometry":{"type":"Polygon","coordinates":[[[-3.61923,40.0343],[-3.62466,40.0343],[-3.62466,40.0295],[-3.61923,40.0295],[-3.61923,40.0343]]]}},{"type":"Feature","properties":{"name":"Aranjuez--piece--1-2--raspberry3bp","number_of_ads_buy":0,"average_prize_buy":0,"number_of_ads_rent":0,"average_prize_rent":0,"normalized_prize_buy":null,"normalized_ads_buy":null,"normalized_prize_rent":null,"normalized_ads_rent":null,"date":"2018-12-07T08:19:31.000Z","fill-opacity":null,"fill":"#ff0000"},"bbox":[-3.61923,40.0247,-3.62466,40.0295],"geometry":{"type":"Polygon","coordinates":[[[-3.61923,40.0295],[-3.62466,40.0295],[-3.62466,40.0247],[-3.61923,40.0247],[-3.61923,40.0295]]]}},{"type":"Feature","properties":{"name":"Aranjuez--piece--1-3--raspberry3bp","number_of_ads_buy":0,"average_prize_buy":0,"number_of_ads_rent":0,"average_prize_rent":0,"normalized_prize_buy":null,"normalized_ads_buy":null,"normalized_prize_rent":null,"normalized_ads_rent":null,"date":"2018-12-07T08:19:52.000Z","fill-opacity":null,"fill":"#ff0000"},"bbox":[-3.61923,40.0198,-3.62466,40.0247],"geometry":{"type":"Polygon","coordinates":[[[-3.61923,40.0247],[-3.62466,40.0247],[-3.62466,40.0198],[-3.61923,40.0198],[-3.61923,40.0247]]]}},{"type":"Feature","properties":{"name":"Aranjuez--piece--2-0--raspberry3bp","number_of_ads_buy":0,"average_prize_buy":0,"number_of_ads_rent":0,"average_prize_rent":0,"normalized_prize_buy":null,"normalized_ads_buy":null,"normalized_prize_rent":null,"normalized_ads_rent":null,"date":"2018-12-07T08:20:09.000Z","fill-opacity":null,"fill":"#ff0000"},"bbox":[-3.61381,40.0343,-3.61923,40.0392],"geometry":{"type":"Polygon","coordinates":[[[-3.61381,40.0392],[-3.61923,40.0392],[-3.61923,40.0343],[-3.61381,40.0343],[-3.61381,40.0392]]]}},{"type":"Feature","properties":{"name":"Aranjuez--piece--2-1--raspberry3bp","number_of_ads_buy":0,"average_prize_buy":0,"number_of_ads_rent":0,"average_prize_rent":0,"normalized_prize_buy":null,"normalized_ads_buy":null,"normalized_prize_rent":null,"normalized_ads_rent":null,"date":"2018-12-07T08:20:22.000Z","fill-opacity":null,"fill":"#ff0000"},"bbox":[-3.61381,40.0295,-3.61923,40.0343],"geometry":{"type":"Polygon","coordinates":[[[-3.61381,40.0343],[-3.61923,40.0343],[-3.61923,40.0295],[-3.61381,40.0295],[-3.61381,40.0343]]]}},{"type":"Feature","properties":{"name":"Aranjuez--piece--2-2--raspberry3bp","number_of_ads_buy":0,"average_prize_buy":0,"number_of_ads_rent":0,"average_prize_rent":0,"normalized_prize_buy":null,"normalized_ads_buy":null,"normalized_prize_rent":null,"normalized_ads_rent":null,"date":"2018-12-07T08:20:40.000Z","fill-opacity":null,"fill":"#ff0000"},"bbox":[-3.61381,40.0247,-3.61923,40.0295],"geometry":{"type":"Polygon","coordinates":[[[-3.61381,40.0295],[-3.61923,40.0295],[-3.61923,40.0247],[-3.61381,40.0247],[-3.61381,40.0295]]]}},{"type":"Feature","properties":{"name":"Aranjuez--piece--2-3--raspberry3bp","number_of_ads_buy":0,"average_prize_buy":0,"number_of_ads_rent":0,"average_prize_rent":0,"normalized_prize_buy":null,"normalized_ads_buy":null,"normalized_prize_rent":null,"normalized_ads_rent":null,"date":"2018-12-07T08:20:55.000Z","fill-opacity":null,"fill":"#ff0000"},"bbox":[-3.61381,40.0198,-3.61923,40.0247],"geometry":{"type":"Polygon","coordinates":[[[-3.61381,40.0247],[-3.61923,40.0247],[-3.61923,40.0198],[-3.61381,40.0198],[-3.61381,40.0247]]]}},{"type":"Feature","properties":{"name":"Aranjuez--piece--3-0--raspberry3bp","number_of_ads_buy":0,"average_prize_buy":0,"number_of_ads_rent":0,"average_prize_rent":0,"normalized_prize_buy":null,"normalized_ads_buy":null,"normalized_prize_rent":null,"normalized_ads_rent":null,"date":"2018-12-07T08:21:14.000Z","fill-opacity":null,"fill":"#ff0000"},"bbox":[-3.60838,40.0343,-3.61381,40.0392],"geometry":{"type":"Polygon","coordinates":[[[-3.60838,40.0392],[-3.61381,40.0392],[-3.61381,40.0343],[-3.60838,40.0343],[-3.60838,40.0392]]]}},{"type":"Feature","properties":{"name":"Aranjuez--piece--3-1--raspberry3bp","number_of_ads_buy":0,"average_prize_buy":0,"number_of_ads_rent":1,"average_prize_rent":0,"normalized_prize_buy":null,"normalized_ads_buy":null,"normalized_prize_rent":null,"normalized_ads_rent":null,"date":"2018-12-07T08:21:30.000Z","fill-opacity":null,"fill":"#ff0000"},"bbox":[-3.60838,40.0295,-3.61381,40.0343],"geometry":{"type":"Polygon","coordinates":[[[-3.60838,40.0343],[-3.61381,40.0343],[-3.61381,40.0295],[-3.60838,40.0295],[-3.60838,40.0343]]]}},{"type":"Feature","properties":{"name":"Aranjuez--piece--3-2--raspberry3bp","number_of_ads_buy":0,"average_prize_buy":0,"number_of_ads_rent":2,"average_prize_rent":0,"normalized_prize_buy":null,"normalized_ads_buy":null,"normalized_prize_rent":null,"normalized_ads_rent":null,"date":"2018-12-07T08:21:47.000Z","fill-opacity":null,"fill":"#ff0000"},"bbox":[-3.60838,40.0247,-3.61381,40.0295],"geometry":{"type":"Polygon","coordinates":[[[-3.60838,40.0295],[-3.61381,40.0295],[-3.61381,40.0247],[-3.60838,40.0247],[-3.60838,40.0295]]]}},{"type":"Feature","properties":{"name":"Aranjuez--piece--3-3--raspberry3bp","number_of_ads_buy":0,"average_prize_buy":0,"number_of_ads_rent":0,"average_prize_rent":0,"normalized_prize_buy":null,"normalized_ads_buy":null,"normalized_prize_rent":null,"normalized_ads_rent":null,"date":"2018-12-07T08:22:06.000Z","fill-opacity":null,"fill":"#ff0000"},"bbox":[-3.60838,40.0198,-3.61381,40.0247],"geometry":{"type":"Polygon","coordinates":[[[-3.60838,40.0247],[-3.61381,40.0247],[-3.61381,40.0198],[-3.60838,40.0198],[-3.60838,40.0247]]]}},{"type":"Feature","properties":{"name":"Aranjuez--piece--4-0--raspberry3bp","number_of_ads_buy":0,"average_prize_buy":0,"number_of_ads_rent":0,"average_prize_rent":0,"normalized_prize_buy":null,"normalized_ads_buy":null,"normalized_prize_rent":null,"normalized_ads_rent":null,"date":"2018-12-07T08:22:25.000Z","fill-opacity":null,"fill":"#ff0000"},"bbox":[-3.60296,40.0343,-3.60838,40.0392],"geometry":{"type":"Polygon","coordinates":[[[-3.60296,40.0392],[-3.60838,40.0392],[-3.60838,40.0343],[-3.60296,40.0343],[-3.60296,40.0392]]]}},{"type":"Feature","properties":{"name":"Aranjuez--piece--4-1--raspberry3bp","number_of_ads_buy":0,"average_prize_buy":0,"number_of_ads_rent":2,"average_prize_rent":4,"normalized_prize_buy":null,"normalized_ads_buy":null,"normalized_prize_rent":null,"normalized_ads_rent":null,"date":"2018-12-07T08:22:41.000Z","fill-opacity":null,"fill":"#ff0000"},"bbox":[-3.60296,40.0295,-3.60838,40.0343],"geometry":{"type":"Polygon","coordinates":[[[-3.60296,40.0343],[-3.60838,40.0343],[-3.60838,40.0295],[-3.60296,40.0295],[-3.60296,40.0343]]]}},{"type":"Feature","properties":{"name":"Aranjuez--piece--4-2--raspberry3bp","number_of_ads_buy":0,"average_prize_buy":0,"number_of_ads_rent":4,"average_prize_rent":1,"normalized_prize_buy":null,"normalized_ads_buy":null,"normalized_prize_rent":null,"normalized_ads_rent":null,"date":"2018-12-07T08:22:57.000Z","fill-opacity":null,"fill":"#ff0000"},"bbox":[-3.60296,40.0247,-3.60838,40.0295],"geometry":{"type":"Polygon","coordinates":[[[-3.60296,40.0295],[-3.60838,40.0295],[-3.60838,40.0247],[-3.60296,40.0247],[-3.60296,40.0295]]]}},{"type":"Feature","properties":{"name":"Aranjuez--piece--4-3--raspberry3bp","number_of_ads_buy":0,"average_prize_buy":0,"number_of_ads_rent":0,"average_prize_rent":0,"normalized_prize_buy":null,"normalized_ads_buy":null,"normalized_prize_rent":null,"normalized_ads_rent":null,"date":"2018-12-07T08:23:19.000Z","fill-opacity":null,"fill":"#ff0000"},"bbox":[-3.60296,40.0198,-3.60838,40.0247],"geometry":{"type":"Polygon","coordinates":[[[-3.60296,40.0247],[-3.60838,40.0247],[-3.60838,40.0198],[-3.60296,40.0198],[-3.60296,40.0247]]]}},{"type":"Feature","properties":{"name":"Aranjuez--piece--5-0--raspberry3bp","number_of_ads_buy":0,"average_prize_buy":0,"number_of_ads_rent":2,"average_prize_rent":0,"normalized_prize_buy":null,"normalized_ads_buy":null,"normalized_prize_rent":null,"normalized_ads_rent":null,"date":"2018-12-07T08:23:35.000Z","fill-opacity":null,"fill":"#ff0000"},"bbox":[-3.59753,40.0343,-3.60296,40.0392],"geometry":{"type":"Polygon","coordinates":[[[-3.59753,40.0392],[-3.60296,40.0392],[-3.60296,40.0343],[-3.59753,40.0343],[-3.59753,40.0392]]]}},{"type":"Feature","properties":{"name":"Aranjuez--piece--5-1--raspberry3bp","number_of_ads_buy":0,"average_prize_buy":0,"number_of_ads_rent":0,"average_prize_rent":0,"normalized_prize_buy":null,"normalized_ads_buy":null,"normalized_prize_rent":null,"normalized_ads_rent":null,"date":"2018-12-07T08:23:58.000Z","fill-opacity":null,"fill":"#ff0000"},"bbox":[-3.59753,40.0295,-3.60296,40.0343],"geometry":{"type":"Polygon","coordinates":[[[-3.59753,40.0343],[-3.60296,40.0343],[-3.60296,40.0295],[-3.59753,40.0295],[-3.59753,40.0343]]]}},{"type":"Feature","properties":{"name":"Aranjuez--piece--5-2--raspberry3bp","number_of_ads_buy":0,"average_prize_buy":0,"number_of_ads_rent":2,"average_prize_rent":0,"normalized_prize_buy":null,"normalized_ads_buy":null,"normalized_prize_rent":null,"normalized_ads_rent":null,"date":"2018-12-07T08:24:13.000Z","fill-opacity":null,"fill":"#ff0000"},"bbox":[-3.59753,40.0247,-3.60296,40.0295],"geometry":{"type":"Polygon","coordinates":[[[-3.59753,40.0295],[-3.60296,40.0295],[-3.60296,40.0247],[-3.59753,40.0247],[-3.59753,40.0295]]]}},{"type":"Feature","properties":{"name":"Aranjuez--piece--5-3--raspberry3bp","number_of_ads_buy":0,"average_prize_buy":0,"number_of_ads_rent":0,"average_prize_rent":0,"normalized_prize_buy":null,"normalized_ads_buy":null,"normalized_prize_rent":null,"normalized_ads_rent":null,"date":"2018-12-07T08:24:30.000Z","fill-opacity":null,"fill":"#ff0000"},"bbox":[-3.59753,40.0198,-3.60296,40.0247],"geometry":{"type":"Polygon","coordinates":[[[-3.59753,40.0247],[-3.60296,40.0247],[-3.60296,40.0198],[-3.59753,40.0198],[-3.59753,40.0247]]]}},{"type":"Feature","properties":{"name":"Aranjuez--piece--6-0--raspberry3bp","number_of_ads_buy":0,"average_prize_buy":0,"number_of_ads_rent":3,"average_prize_rent":0,"normalized_prize_buy":null,"normalized_ads_buy":null,"normalized_prize_rent":null,"normalized_ads_rent":null,"date":"2018-12-07T08:24:48.000Z","fill-opacity":null,"fill":"#ff0000"},"bbox":[-3.5921,40.0343,-3.59753,40.0392],"geometry":{"type":"Polygon","coordinates":[[[-3.5921,40.0392],[-3.59753,40.0392],[-3.59753,40.0343],[-3.5921,40.0343],[-3.5921,40.0392]]]}},{"type":"Feature","properties":{"name":"Aranjuez--piece--6-1--raspberry3bp","number_of_ads_buy":0,"average_prize_buy":0,"number_of_ads_rent":0,"average_prize_rent":0,"normalized_prize_buy":null,"normalized_ads_buy":null,"normalized_prize_rent":null,"normalized_ads_rent":null,"date":"2018-12-07T08:25:08.000Z","fill-opacity":null,"fill":"#ff0000"},"bbox":[-3.5921,40.0295,-3.59753,40.0343],"geometry":{"type":"Polygon","coordinates":[[[-3.5921,40.0343],[-3.59753,40.0343],[-3.59753,40.0295],[-3.5921,40.0295],[-3.5921,40.0343]]]}},{"type":"Feature","properties":{"name":"Aranjuez--piece--6-2--raspberry3bp","number_of_ads_buy":0,"average_prize_buy":0,"number_of_ads_rent":0,"average_prize_rent":0,"normalized_prize_buy":null,"normalized_ads_buy":null,"normalized_prize_rent":null,"normalized_ads_rent":null,"date":"2018-12-07T08:25:21.000Z","fill-opacity":null,"fill":"#ff0000"},"bbox":[-3.5921,40.0247,-3.59753,40.0295],"geometry":{"type":"Polygon","coordinates":[[[-3.5921,40.0295],[-3.59753,40.0295],[-3.59753,40.0247],[-3.5921,40.0247],[-3.5921,40.0295]]]}},{"type":"Feature","properties":{"name":"Aranjuez--piece--6-3--raspberry3bp","number_of_ads_buy":0,"average_prize_buy":0,"number_of_ads_rent":0,"average_prize_rent":0,"normalized_prize_buy":null,"normalized_ads_buy":null,"normalized_prize_rent":null,"normalized_ads_rent":null,"date":"2018-12-07T08:25:40.000Z","fill-opacity":null,"fill":"#ff0000"},"bbox":[-3.5921,40.0198,-3.59753,40.0247],"geometry":{"type":"Polygon","coordinates":[[[-3.5921,40.0247],[-3.59753,40.0247],[-3.59753,40.0198],[-3.5921,40.0198],[-3.5921,40.0247]]]}},{"type":"Feature","properties":{"name":"Aranjuez--piece--7-0--raspberry3bp","number_of_ads_buy":0,"average_prize_buy":0,"number_of_ads_rent":0,"average_prize_rent":0,"normalized_prize_buy":null,"normalized_ads_buy":null,"normalized_prize_rent":null,"normalized_ads_rent":null,"date":"2018-12-07T08:25:57.000Z","fill-opacity":null,"fill":"#ff0000"},"bbox":[-3.58668,40.0343,-3.5921,40.0392],"geometry":{"type":"Polygon","coordinates":[[[-3.58668,40.0392],[-3.5921,40.0392],[-3.5921,40.0343],[-3.58668,40.0343],[-3.58668,40.0392]]]}},{"type":"Feature","properties":{"name":"Aranjuez--piece--7-1--raspberry3bp","number_of_ads_buy":0,"average_prize_buy":0,"number_of_ads_rent":1,"average_prize_rent":4,"normalized_prize_buy":null,"normalized_ads_buy":null,"normalized_prize_rent":null,"normalized_ads_rent":null,"date":"2018-12-07T08:26:15.000Z","fill-opacity":null,"fill":"#ff0000"},"bbox":[-3.58668,40.0295,-3.5921,40.0343],"geometry":{"type":"Polygon","coordinates":[[[-3.58668,40.0343],[-3.5921,40.0343],[-3.5921,40.0295],[-3.58668,40.0295],[-3.58668,40.0343]]]}},{"type":"Feature","properties":{"name":"Aranjuez--piece--7-2--raspberry3bp","number_of_ads_buy":0,"average_prize_buy":0,"number_of_ads_rent":0,"average_prize_rent":0,"normalized_prize_buy":null,"normalized_ads_buy":null,"normalized_prize_rent":null,"normalized_ads_rent":null,"date":"2018-12-07T08:26:35.000Z","fill-opacity":null,"fill":"#ff0000"},"bbox":[-3.58668,40.0247,-3.5921,40.0295],"geometry":{"type":"Polygon","coordinates":[[[-3.58668,40.0295],[-3.5921,40.0295],[-3.5921,40.0247],[-3.58668,40.0247],[-3.58668,40.0295]]]}},{"type":"Feature","properties":{"name":"Aranjuez--piece--7-3--raspberry3bp","number_of_ads_buy":0,"average_prize_buy":0,"number_of_ads_rent":0,"average_prize_rent":0,"normalized_prize_buy":null,"normalized_ads_buy":null,"normalized_prize_rent":null,"normalized_ads_rent":null,"date":"2018-12-07T08:26:51.000Z","fill-opacity":null,"fill":"#ff0000"},"bbox":[-3.58668,40.0198,-3.5921,40.0247],"geometry":{"type":"Polygon","coordinates":[[[-3.58668,40.0247],[-3.5921,40.0247],[-3.5921,40.0198],[-3.58668,40.0198],[-3.58668,40.0247]]]}},{"type":"Feature","properties":{"name":"Aranjuez--piece--8-0--raspberry3bp","number_of_ads_buy":0,"average_prize_buy":0,"number_of_ads_rent":0,"average_prize_rent":0,"normalized_prize_buy":null,"normalized_ads_buy":null,"normalized_prize_rent":null,"normalized_ads_rent":null,"date":"2018-12-07T08:27:08.000Z","fill-opacity":null,"fill":"#ff0000"},"bbox":[-3.58125,40.0343,-3.58668,40.0392],"geometry":{"type":"Polygon","coordinates":[[[-3.58125,40.0392],[-3.58668,40.0392],[-3.58668,40.0343],[-3.58125,40.0343],[-3.58125,40.0392]]]}},{"type":"Feature","properties":{"name":"Aranjuez--piece--8-1--raspberry3bp","number_of_ads_buy":0,"average_prize_buy":0,"number_of_ads_rent":0,"average_prize_rent":0,"normalized_prize_buy":null,"normalized_ads_buy":null,"normalized_prize_rent":null,"normalized_ads_rent":null,"date":"2018-12-07T08:27:21.000Z","fill-opacity":null,"fill":"#ff0000"},"bbox":[-3.58125,40.0295,-3.58668,40.0343],"geometry":{"type":"Polygon","coordinates":[[[-3.58125,40.0343],[-3.58668,40.0343],[-3.58668,40.0295],[-3.58125,40.0295],[-3.58125,40.0343]]]}},{"type":"Feature","properties":{"name":"Aranjuez--piece--8-2--raspberry3bp","number_of_ads_buy":0,"average_prize_buy":0,"number_of_ads_rent":0,"average_prize_rent":0,"normalized_prize_buy":null,"normalized_ads_buy":null,"normalized_prize_rent":null,"normalized_ads_rent":null,"date":"2018-12-07T08:27:33.000Z","fill-opacity":null,"fill":"#ff0000"},"bbox":[-3.58125,40.0247,-3.58668,40.0295],"geometry":{"type":"Polygon","coordinates":[[[-3.58125,40.0295],[-3.58668,40.0295],[-3.58668,40.0247],[-3.58125,40.0247],[-3.58125,40.0295]]]}},{"type":"Feature","properties":{"name":"Aranjuez--piece--8-3--raspberry3bp","number_of_ads_buy":0,"average_prize_buy":0,"number_of_ads_rent":0,"average_prize_rent":0,"normalized_prize_buy":null,"normalized_ads_buy":null,"normalized_prize_rent":null,"normalized_ads_rent":null,"date":"2018-12-07T08:27:45.000Z","fill-opacity":null,"fill":"#ff0000"},"bbox":[-3.58125,40.0198,-3.58668,40.0247],"geometry":{"type":"Polygon","coordinates":[[[-3.58125,40.0247],[-3.58668,40.0247],[-3.58668,40.0198],[-3.58125,40.0198],[-3.58125,40.0247]]]}},{"type":"Feature","properties":{"name":"Aranjuez--piece--9-0--raspberry3bp","number_of_ads_buy":0,"average_prize_buy":0,"number_of_ads_rent":0,"average_prize_rent":0,"normalized_prize_buy":null,"normalized_ads_buy":null,"normalized_prize_rent":null,"normalized_ads_rent":null,"date":"2018-12-07T08:28:02.000Z","fill-opacity":null,"fill":"#ff0000"},"bbox":[-3.57583,40.0343,-3.58125,40.0392],"geometry":{"type":"Polygon","coordinates":[[[-3.57583,40.0392],[-3.58125,40.0392],[-3.58125,40.0343],[-3.57583,40.0343],[-3.57583,40.0392]]]}},{"type":"Feature","properties":{"name":"Aranjuez--piece--9-1--raspberry3bp","number_of_ads_buy":0,"average_prize_buy":0,"number_of_ads_rent":0,"average_prize_rent":0,"normalized_prize_buy":null,"normalized_ads_buy":null,"normalized_prize_rent":null,"normalized_ads_rent":null,"date":"2018-12-07T08:28:16.000Z","fill-opacity":null,"fill":"#ff0000"},"bbox":[-3.57583,40.0295,-3.58125,40.0343],"geometry":{"type":"Polygon","coordinates":[[[-3.57583,40.0343],[-3.58125,40.0343],[-3.58125,40.0295],[-3.57583,40.0295],[-3.57583,40.0343]]]}},{"type":"Feature","properties":{"name":"Aranjuez--piece--9-2--raspberry3bp","number_of_ads_buy":0,"average_prize_buy":0,"number_of_ads_rent":0,"average_prize_rent":0,"normalized_prize_buy":null,"normalized_ads_buy":null,"normalized_prize_rent":null,"normalized_ads_rent":null,"date":"2018-12-07T08:28:29.000Z","fill-opacity":null,"fill":"#ff0000"},"bbox":[-3.57583,40.0247,-3.58125,40.0295],"geometry":{"type":"Polygon","coordinates":[[[-3.57583,40.0295],[-3.58125,40.0295],[-3.58125,40.0247],[-3.57583,40.0247],[-3.57583,40.0295]]]}},{"type":"Feature","properties":{"name":"Aranjuez--piece--9-3--raspberry3bp","number_of_ads_buy":0,"average_prize_buy":0,"number_of_ads_rent":0,"average_prize_rent":0,"normalized_prize_buy":null,"normalized_ads_buy":null,"normalized_prize_rent":null,"normalized_ads_rent":null,"date":"2018-12-07T08:28:47.000Z","fill-opacity":null,"fill":"#ff0000"},"bbox":[-3.57583,40.0198,-3.58125,40.0247],"geometry":{"type":"Polygon","coordinates":[[[-3.57583,40.0247],[-3.58125,40.0247],[-3.58125,40.0198],[-3.57583,40.0198],[-3.57583,40.0247]]]}}]}