{"type":"FeatureCollection","features":[{"type":"Feature","properties":{"name":"Aranjuez--piece--0-0--gCloud","number_of_ads_buy":0,"average_prize_buy":0,"number_of_ads_rent":0,"average_prize_rent":0,"normalized_prize_buy":0,"normalized_ads_buy":0,"normalized_prize_rent":null,"normalized_ads_rent":0,"date":"2018-12-07T08:03:37.000Z","fill-opacity":0,"fill":"#ff0000"},"bbox":[-3.62466,40.0343,-3.63008,40.0392],"geometry":{"type":"Polygon","coordinates":[[[-3.62466,40.0392],[-3.63008,40.0392],[-3.63008,40.0343],[-3.62466,40.0343],[-3.62466,40.0392]]]}},{"type":"Feature","properties":{"name":"Aranjuez--piece--0-1--gCloud","number_of_ads_buy":0,"average_prize_buy":0,"number_of_ads_rent":0,"average_prize_rent":0,"normalized_prize_buy":0,"normalized_ads_buy":0,"normalized_prize_rent":null,"normalized_ads_rent":0,"date":"2018-12-07T08:03:46.000Z","fill-opacity":0,"fill":"#ff0000"},"bbox":[-3.62466,40.0295,-3.63008,40.0343],"geometry":{"type":"Polygon","coordinates":[[[-3.62466,40.0343],[-3.63008,40.0343],[-3.63008,40.0295],[-3.62466,40.0295],[-3.62466,40.0343]]]}},{"type":"Feature","properties":{"name":"Aranjuez--piece--0-2--gCloud","number_of_ads_buy":0,"average_prize_buy":0,"number_of_ads_rent":0,"average_prize_rent":0,"normalized_prize_buy":0,"normalized_ads_buy":0,"normalized_prize_rent":null,"normalized_ads_rent":0,"date":"2018-12-07T08:03:51.000Z","fill-opacity":0,"fill":"#ff0000"},"bbox":[-3.62466,40.0247,-3.63008,40.0295],"geometry":{"type":"Polygon","coordinates":[[[-3.62466,40.0295],[-3.63008,40.0295],[-3.63008,40.0247],[-3.62466,40.0247],[-3.62466,40.0295]]]}},{"type":"Feature","properties":{"name":"Aranjuez--piece--0-3--gCloud","number_of_ads_buy":0,"average_prize_buy":0,"number_of_ads_rent":0,"average_prize_rent":0,"normalized_prize_buy":0,"normalized_ads_buy":0,"normalized_prize_rent":null,"normalized_ads_rent":0,"date":"2018-12-07T08:03:59.000Z","fill-opacity":0,"fill":"#ff0000"},"bbox":[-3.62466,40.0198,-3.63008,40.0247],"geometry":{"type":"Polygon","coordinates":[[[-3.62466,40.0247],[-3.63008,40.0247],[-3.63008,40.0198],[-3.62466,40.0198],[-3.62466,40.0247]]]}},{"type":"Feature","properties":{"name":"Aranjuez--piece--1-0--gCloud","number_of_ads_buy":0,"average_prize_buy":0,"number_of_ads_rent":0,"average_prize_rent":0,"normalized_prize_buy":0,"normalized_ads_buy":0,"normalized_prize_rent":null,"normalized_ads_rent":0,"date":"2018-12-07T08:04:05.000Z","fill-opacity":0,"fill":"#ff0000"},"bbox":[-3.61923,40.0343,-3.62466,40.0392],"geometry":{"type":"Polygon","coordinates":[[[-3.61923,40.0392],[-3.62466,40.0392],[-3.62466,40.0343],[-3.61923,40.0343],[-3.61923,40.0392]]]}},{"type":"Feature","properties":{"name":"Aranjuez--piece--1-1--gCloud","number_of_ads_buy":1,"average_prize_buy":1986.67,"number_of_ads_rent":0,"average_prize_rent":0,"normalized_prize_buy":0.9587851761764805,"normalized_ads_buy":0.03333333333333333,"normalized_prize_rent":null,"normalized_ads_rent":0,"date":"2018-12-07T08:04:10.000Z","fill-opacity":0.7670281409411844,"fill":"#ff0000"},"bbox":[-3.61923,40.0295,-3.62466,40.0343],"geometry":{"type":"Polygon","coordinates":[[[-3.61923,40.0343],[-3.62466,40.0343],[-3.62466,40.0295],[-3.61923,40.0295],[-3.61923,40.0343]]]}},{"type":"Feature","properties":{"name":"Aranjuez--piece--1-2--gCloud","number_of_ads_buy":2,"average_prize_buy":1462.1,"number_of_ads_rent":0,"average_prize_rent":0,"normalized_prize_buy":0.705622879535923,"normalized_ads_buy":0.06666666666666667,"normalized_prize_rent":null,"normalized_ads_rent":0,"date":"2018-12-07T08:04:19.000Z","fill-opacity":0.5644983036287384,"fill":"#ff0000"},"bbox":[-3.61923,40.0247,-3.62466,40.0295],"geometry":{"type":"Polygon","coordinates":[[[-3.61923,40.0295],[-3.62466,40.0295],[-3.62466,40.0247],[-3.61923,40.0247],[-3.61923,40.0295]]]}},{"type":"Feature","properties":{"name":"Aranjuez--piece--1-3--gCloud","number_of_ads_buy":4,"average_prize_buy":1510.89,"number_of_ads_rent":0,"average_prize_rent":0,"normalized_prize_buy":0.7291693813432943,"normalized_ads_buy":0.13333333333333333,"normalized_prize_rent":null,"normalized_ads_rent":0,"date":"2018-12-07T08:04:24.000Z","fill-opacity":0.5833355050746355,"fill":"#ff0000"},"bbox":[-3.61923,40.0198,-3.62466,40.0247],"geometry":{"type":"Polygon","coordinates":[[[-3.61923,40.0247],[-3.62466,40.0247],[-3.62466,40.0198],[-3.61923,40.0198],[-3.61923,40.0247]]]}},{"type":"Feature","properties":{"name":"Aranjuez--piece--2-0--gCloud","number_of_ads_buy":0,"average_prize_buy":0,"number_of_ads_rent":0,"average_prize_rent":0,"normalized_prize_buy":0,"normalized_ads_buy":0,"normalized_prize_rent":null,"normalized_ads_rent":0,"date":"2018-12-07T08:04:32.000Z","fill-opacity":0,"fill":"#ff0000"},"bbox":[-3.61381,40.0343,-3.61923,40.0392],"geometry":{"type":"Polygon","coordinates":[[[-3.61381,40.0392],[-3.61923,40.0392],[-3.61923,40.0343],[-3.61381,40.0343],[-3.61381,40.0392]]]}},{"type":"Feature","properties":{"name":"Aranjuez--piece--2-1--gCloud","number_of_ads_buy":1,"average_prize_buy":2072.07,"number_of_ads_rent":0,"average_prize_rent":0,"normalized_prize_buy":1,"normalized_ads_buy":0.03333333333333333,"normalized_prize_rent":null,"normalized_ads_rent":0,"date":"2018-12-07T08:04:43.000Z","fill-opacity":0.8,"fill":"#ff0000"},"bbox":[-3.61381,40.0295,-3.61923,40.0343],"geometry":{"type":"Polygon","coordinates":[[[-3.61381,40.0343],[-3.61923,40.0343],[-3.61923,40.0295],[-3.61381,40.0295],[-3.61381,40.0343]]]}},{"type":"Feature","properties":{"name":"Aranjuez--piece--2-2--gCloud","number_of_ads_buy":7,"average_prize_buy":1645.47,"number_of_ads_rent":0,"average_prize_rent":0,"normalized_prize_buy":0.7941189245537071,"normalized_ads_buy":0.23333333333333334,"normalized_prize_rent":null,"normalized_ads_rent":0,"date":"2018-12-07T08:04:52.000Z","fill-opacity":0.6352951396429658,"fill":"#ff0000"},"bbox":[-3.61381,40.0247,-3.61923,40.0295],"geometry":{"type":"Polygon","coordinates":[[[-3.61381,40.0295],[-3.61923,40.0295],[-3.61923,40.0247],[-3.61381,40.0247],[-3.61381,40.0295]]]}},{"type":"Feature","properties":{"name":"Aranjuez--piece--2-3--gCloud","number_of_ads_buy":10,"average_prize_buy":1430.08,"number_of_ads_rent":0,"average_prize_rent":0,"normalized_prize_buy":0.6901697336479944,"normalized_ads_buy":0.3333333333333333,"normalized_prize_rent":null,"normalized_ads_rent":0,"date":"2018-12-07T08:05:04.000Z","fill-opacity":0.5521357869183955,"fill":"#ff0000"},"bbox":[-3.61381,40.0198,-3.61923,40.0247],"geometry":{"type":"Polygon","coordinates":[[[-3.61381,40.0247],[-3.61923,40.0247],[-3.61923,40.0198],[-3.61381,40.0198],[-3.61381,40.0247]]]}},{"type":"Feature","properties":{"name":"Aranjuez--piece--3-0--gCloud","number_of_ads_buy":1,"average_prize_buy":1566.04,"number_of_ads_rent":0,"average_prize_rent":0,"normalized_prize_buy":0.7557852775244078,"normalized_ads_buy":0.03333333333333333,"normalized_prize_rent":null,"normalized_ads_rent":0,"date":"2018-12-07T08:05:12.000Z","fill-opacity":0.6046282220195263,"fill":"#ff0000"},"bbox":[-3.60838,40.0343,-3.61381,40.0392],"geometry":{"type":"Polygon","coordinates":[[[-3.60838,40.0392],[-3.61381,40.0392],[-3.61381,40.0343],[-3.60838,40.0343],[-3.60838,40.0392]]]}},{"type":"Feature","properties":{"name":"Aranjuez--piece--3-1--gCloud","number_of_ads_buy":5,"average_prize_buy":1053.76,"number_of_ads_rent":1,"average_prize_rent":6.31579,"normalized_prize_buy":0.5085542476846824,"normalized_ads_buy":0.16666666666666666,"normalized_prize_rent":null,"normalized_ads_rent":0.03333333333333333,"date":"2018-12-07T08:05:18.000Z","fill-opacity":0.40684339814774595,"fill":"#ff0000"},"bbox":[-3.60838,40.0295,-3.61381,40.0343],"geometry":{"type":"Polygon","coordinates":[[[-3.60838,40.0343],[-3.61381,40.0343],[-3.61381,40.0295],[-3.60838,40.0295],[-3.60838,40.0343]]]}},{"type":"Feature","properties":{"name":"Aranjuez--piece--3-2--gCloud","number_of_ads_buy":3,"average_prize_buy":1839.14,"number_of_ads_rent":0,"average_prize_rent":0,"normalized_prize_buy":0.8875858441075832,"normalized_ads_buy":0.1,"normalized_prize_rent":null,"normalized_ads_rent":0,"date":"2018-12-07T08:05:26.000Z","fill-opacity":0.7100686752860667,"fill":"#ff0000"},"bbox":[-3.60838,40.0247,-3.61381,40.0295],"geometry":{"type":"Polygon","coordinates":[[[-3.60838,40.0295],[-3.61381,40.0295],[-3.61381,40.0247],[-3.60838,40.0247],[-3.60838,40.0295]]]}},{"type":"Feature","properties":{"name":"Aranjuez--piece--3-3--gCloud","number_of_ads_buy":7,"average_prize_buy":1426.25,"number_of_ads_rent":0,"average_prize_rent":0,"normalized_prize_buy":0.6883213404952535,"normalized_ads_buy":0.23333333333333334,"normalized_prize_rent":null,"normalized_ads_rent":0,"date":"2018-12-07T08:05:35.000Z","fill-opacity":0.5506570723962029,"fill":"#ff0000"},"bbox":[-3.60838,40.0198,-3.61381,40.0247],"geometry":{"type":"Polygon","coordinates":[[[-3.60838,40.0247],[-3.61381,40.0247],[-3.61381,40.0198],[-3.60838,40.0198],[-3.60838,40.0247]]]}},{"type":"Feature","properties":{"name":"Aranjuez--piece--4-0--gCloud","number_of_ads_buy":8,"average_prize_buy":1277.14,"number_of_ads_rent":2,"average_prize_rent":7.74545,"normalized_prize_buy":0.6163594859247034,"normalized_ads_buy":0.26666666666666666,"normalized_prize_rent":null,"normalized_ads_rent":0.06666666666666667,"date":"2018-12-07T08:05:43.000Z","fill-opacity":0.4930875887397627,"fill":"#ff0000"},"bbox":[-3.60296,40.0343,-3.60838,40.0392],"geometry":{"type":"Polygon","coordinates":[[[-3.60296,40.0392],[-3.60838,40.0392],[-3.60838,40.0343],[-3.60296,40.0343],[-3.60296,40.0392]]]}},{"type":"Feature","properties":{"name":"Aranjuez--piece--4-1--gCloud","number_of_ads_buy":23,"average_prize_buy":1493.68,"number_of_ads_rent":3,"average_prize_rent":8.05316,"normalized_prize_buy":0.7208636773854165,"normalized_ads_buy":0.7666666666666667,"normalized_prize_rent":null,"normalized_ads_rent":0.1,"date":"2018-12-07T08:05:51.000Z","fill-opacity":0.5766909419083331,"fill":"#ff0000"},"bbox":[-3.60296,40.0295,-3.60838,40.0343],"geometry":{"type":"Polygon","coordinates":[[[-3.60296,40.0343],[-3.60838,40.0343],[-3.60838,40.0295],[-3.60296,40.0295],[-3.60296,40.0343]]]}},{"type":"Feature","properties":{"name":"Aranjuez--piece--4-2--gCloud","number_of_ads_buy":30,"average_prize_buy":1659.79,"number_of_ads_rent":6,"average_prize_rent":8.9979,"normalized_prize_buy":0.8010298879864096,"normalized_ads_buy":1,"normalized_prize_rent":null,"normalized_ads_rent":0.2,"date":"2018-12-07T08:05:58.000Z","fill-opacity":0.6408239103891278,"fill":"#ff0000"},"bbox":[-3.60296,40.0247,-3.60838,40.0295],"geometry":{"type":"Polygon","coordinates":[[[-3.60296,40.0295],[-3.60838,40.0295],[-3.60838,40.0247],[-3.60296,40.0247],[-3.60296,40.0295]]]}},{"type":"Feature","properties":{"name":"Aranjuez--piece--4-3--gCloud","number_of_ads_buy":4,"average_prize_buy":1268.74,"number_of_ads_rent":0,"average_prize_rent":0,"normalized_prize_buy":0.6123055688273079,"normalized_ads_buy":0.13333333333333333,"normalized_prize_rent":null,"normalized_ads_rent":0,"date":"2018-12-07T08:06:06.000Z","fill-opacity":0.4898444550618464,"fill":"#ff0000"},"bbox":[-3.60296,40.0198,-3.60838,40.0247],"geometry":{"type":"Polygon","coordinates":[[[-3.60296,40.0247],[-3.60838,40.0247],[-3.60838,40.0198],[-3.60296,40.0198],[-3.60296,40.0247]]]}},{"type":"Feature","properties":{"name":"Aranjuez--piece--5-0--gCloud","number_of_ads_buy":13,"average_prize_buy":1635.84,"number_of_ads_rent":0,"average_prize_rent":0,"normalized_prize_buy":0.7894713981670503,"normalized_ads_buy":0.43333333333333335,"normalized_prize_rent":null,"normalized_ads_rent":0,"date":"2018-12-07T08:06:12.000Z","fill-opacity":0.6315771185336403,"fill":"#ff0000"},"bbox":[-3.59753,40.0343,-3.60296,40.0392],"geometry":{"type":"Polygon","coordinates":[[[-3.59753,40.0392],[-3.60296,40.0392],[-3.60296,40.0343],[-3.59753,40.0343],[-3.59753,40.0392]]]}},{"type":"Feature","properties":{"name":"Aranjuez--piece--5-1--gCloud","number_of_ads_buy":29,"average_prize_buy":1608.58,"number_of_ads_rent":5,"average_prize_rent":6.57815,"normalized_prize_buy":0.7763154719676458,"normalized_ads_buy":0.9666666666666667,"normalized_prize_rent":null,"normalized_ads_rent":0.16666666666666666,"date":"2018-12-07T08:06:19.000Z","fill-opacity":0.6210523775741167,"fill":"#ff0000"},"bbox":[-3.59753,40.0295,-3.60296,40.0343],"geometry":{"type":"Polygon","coordinates":[[[-3.59753,40.0343],[-3.60296,40.0343],[-3.60296,40.0295],[-3.59753,40.0295],[-3.59753,40.0343]]]}},{"type":"Feature","properties":{"name":"Aranjuez--piece--5-2--gCloud","number_of_ads_buy":30,"average_prize_buy":1438.46,"number_of_ads_rent":2,"average_prize_rent":9.30556,"normalized_prize_buy":0.6942139985618246,"normalized_ads_buy":1,"normalized_prize_rent":null,"normalized_ads_rent":0.06666666666666667,"date":"2018-12-07T08:06:26.000Z","fill-opacity":0.5553711988494597,"fill":"#ff0000"},"bbox":[-3.59753,40.0247,-3.60296,40.0295],"geometry":{"type":"Polygon","coordinates":[[[-3.59753,40.0295],[-3.60296,40.0295],[-3.60296,40.0247],[-3.59753,40.0247],[-3.59753,40.0295]]]}},{"type":"Feature","properties":{"name":"Aranjuez--piece--5-3--gCloud","number_of_ads_buy":8,"average_prize_buy":1166.35,"number_of_ads_rent":1,"average_prize_rent":10,"normalized_prize_buy":0.5628912150651281,"normalized_ads_buy":0.26666666666666666,"normalized_prize_rent":null,"normalized_ads_rent":0.03333333333333333,"date":"2018-12-07T08:06:32.000Z","fill-opacity":0.45031297205210247,"fill":"#ff0000"},"bbox":[-3.59753,40.0198,-3.60296,40.0247],"geometry":{"type":"Polygon","coordinates":[[[-3.59753,40.0247],[-3.60296,40.0247],[-3.60296,40.0198],[-3.59753,40.0198],[-3.59753,40.0247]]]}},{"type":"Feature","properties":{"name":"Aranjuez--piece--6-0--gCloud","number_of_ads_buy":12,"average_prize_buy":1107.63,"number_of_ads_rent":1,"average_prize_rent":6.58824,"normalized_prize_buy":0.5345524041176215,"normalized_ads_buy":0.4,"normalized_prize_rent":null,"normalized_ads_rent":0.03333333333333333,"date":"2018-12-07T08:06:41.000Z","fill-opacity":0.4276419232940972,"fill":"#ff0000"},"bbox":[-3.5921,40.0343,-3.59753,40.0392],"geometry":{"type":"Polygon","coordinates":[[[-3.5921,40.0392],[-3.59753,40.0392],[-3.59753,40.0343],[-3.5921,40.0343],[-3.5921,40.0392]]]}},{"type":"Feature","properties":{"name":"Aranjuez--piece--6-1--gCloud","number_of_ads_buy":30,"average_prize_buy":1337.34,"number_of_ads_rent":2,"average_prize_rent":6.44841,"normalized_prize_buy":0.6454125584560366,"normalized_ads_buy":1,"normalized_prize_rent":null,"normalized_ads_rent":0.06666666666666667,"date":"2018-12-07T08:06:48.000Z","fill-opacity":0.5163300467648293,"fill":"#ff0000"},"bbox":[-3.5921,40.0295,-3.59753,40.0343],"geometry":{"type":"Polygon","coordinates":[[[-3.5921,40.0343],[-3.59753,40.0343],[-3.59753,40.0295],[-3.5921,40.0295],[-3.5921,40.0343]]]}},{"type":"Feature","properties":{"name":"Aranjuez--piece--6-2--gCloud","number_of_ads_buy":25,"average_prize_buy":1292.14,"number_of_ads_rent":1,"average_prize_rent":4.82143,"normalized_prize_buy":0.6235986235986236,"normalized_ads_buy":0.8333333333333334,"normalized_prize_rent":null,"normalized_ads_rent":0.03333333333333333,"date":"2018-12-07T08:06:57.000Z","fill-opacity":0.4988788988788989,"fill":"#ff0000"},"bbox":[-3.5921,40.0247,-3.59753,40.0295],"geometry":{"type":"Polygon","coordinates":[[[-3.5921,40.0295],[-3.59753,40.0295],[-3.59753,40.0247],[-3.5921,40.0247],[-3.5921,40.0295]]]}},{"type":"Feature","properties":{"name":"Aranjuez--piece--6-3--gCloud","number_of_ads_buy":8,"average_prize_buy":1295.67,"number_of_ads_rent":0,"average_prize_rent":0,"normalized_prize_buy":0.6253022339978862,"normalized_ads_buy":0.26666666666666666,"normalized_prize_rent":null,"normalized_ads_rent":0,"date":"2018-12-07T08:07:02.000Z","fill-opacity":0.500241787198309,"fill":"#ff0000"},"bbox":[-3.5921,40.0198,-3.59753,40.0247],"geometry":{"type":"Polygon","coordinates":[[[-3.5921,40.0247],[-3.59753,40.0247],[-3.59753,40.0198],[-3.5921,40.0198],[-3.5921,40.0247]]]}},{"type":"Feature","properties":{"name":"Aranjuez--piece--7-0--gCloud","number_of_ads_buy":4,"average_prize_buy":962.711,"number_of_ads_rent":0,"average_prize_rent":0,"normalized_prize_buy":0.4646131646131646,"normalized_ads_buy":0.13333333333333333,"normalized_prize_rent":null,"normalized_ads_rent":0,"date":"2018-12-07T08:07:08.000Z","fill-opacity":0.3716905316905317,"fill":"#ff0000"},"bbox":[-3.58668,40.0343,-3.5921,40.0392],"geometry":{"type":"Polygon","coordinates":[[[-3.58668,40.0392],[-3.5921,40.0392],[-3.5921,40.0343],[-3.58668,40.0343],[-3.58668,40.0392]]]}},{"type":"Feature","properties":{"name":"Aranjuez--piece--7-1--gCloud","number_of_ads_buy":22,"average_prize_buy":0,"number_of_ads_rent":2,"average_prize_rent":7.85256,"normalized_prize_buy":0,"normalized_ads_buy":0.7333333333333333,"normalized_prize_rent":null,"normalized_ads_rent":0.06666666666666667,"date":"2018-12-07T08:07:14.000Z","fill-opacity":0,"fill":"#ff0000"},"bbox":[-3.58668,40.0295,-3.5921,40.0343],"geometry":{"type":"Polygon","coordinates":[[[-3.58668,40.0343],[-3.5921,40.0343],[-3.5921,40.0295],[-3.58668,40.0295],[-3.58668,40.0343]]]}},{"type":"Feature","properties":{"name":"Aranjuez--piece--7-2--gCloud","number_of_ads_buy":29,"average_prize_buy":1278.19,"number_of_ads_rent":0,"average_prize_rent":0,"normalized_prize_buy":0.6168662255618778,"normalized_ads_buy":0.9666666666666667,"normalized_prize_rent":null,"normalized_ads_rent":0,"date":"2018-12-07T08:07:21.000Z","fill-opacity":0.49349298044950224,"fill":"#ff0000"},"bbox":[-3.58668,40.0247,-3.5921,40.0295],"geometry":{"type":"Polygon","coordinates":[[[-3.58668,40.0295],[-3.5921,40.0295],[-3.5921,40.0247],[-3.58668,40.0247],[-3.58668,40.0295]]]}},{"type":"Feature","properties":{"name":"Aranjuez--piece--7-3--gCloud","number_of_ads_buy":1,"average_prize_buy":1333.33,"number_of_ads_rent":0,"average_prize_rent":0,"normalized_prize_buy":0.6434772956512086,"normalized_ads_buy":0.03333333333333333,"normalized_prize_rent":null,"normalized_ads_rent":0,"date":"2018-12-07T08:07:26.000Z","fill-opacity":0.5147818365209669,"fill":"#ff0000"},"bbox":[-3.58668,40.0198,-3.5921,40.0247],"geometry":{"type":"Polygon","coordinates":[[[-3.58668,40.0247],[-3.5921,40.0247],[-3.5921,40.0198],[-3.58668,40.0198],[-3.58668,40.0247]]]}},{"type":"Feature","properties":{"name":"Aranjuez--piece--8-0--gCloud","number_of_ads_buy":2,"average_prize_buy":1177.91,"number_of_ads_rent":1,"average_prize_rent":7.1875,"normalized_prize_buy":0.5684701771658294,"normalized_ads_buy":0.06666666666666667,"normalized_prize_rent":null,"normalized_ads_rent":0.03333333333333333,"date":"2018-12-07T08:07:32.000Z","fill-opacity":0.4547761417326635,"fill":"#ff0000"},"bbox":[-3.58125,40.0343,-3.58668,40.0392],"geometry":{"type":"Polygon","coordinates":[[[-3.58125,40.0392],[-3.58668,40.0392],[-3.58668,40.0343],[-3.58125,40.0343],[-3.58125,40.0392]]]}},{"type":"Feature","properties":{"name":"Aranjuez--piece--8-1--gCloud","number_of_ads_buy":12,"average_prize_buy":1364.09,"number_of_ads_rent":0,"average_prize_rent":0,"normalized_prize_buy":0.6583223539745278,"normalized_ads_buy":0.4,"normalized_prize_rent":null,"normalized_ads_rent":0,"date":"2018-12-07T08:07:38.000Z","fill-opacity":0.5266578831796223,"fill":"#ff0000"},"bbox":[-3.58125,40.0295,-3.58668,40.0343],"geometry":{"type":"Polygon","coordinates":[[[-3.58125,40.0343],[-3.58668,40.0343],[-3.58668,40.0295],[-3.58125,40.0295],[-3.58125,40.0343]]]}},{"type":"Feature","properties":{"name":"Aranjuez--piece--8-2--gCloud","number_of_ads_buy":3,"average_prize_buy":1755,"number_of_ads_rent":0,"average_prize_rent":0,"normalized_prize_buy":0.846979107848673,"normalized_ads_buy":0.1,"normalized_prize_rent":null,"normalized_ads_rent":0,"date":"2018-12-07T08:07:43.000Z","fill-opacity":0.6775832862789385,"fill":"#ff0000"},"bbox":[-3.58125,40.0247,-3.58668,40.0295],"geometry":{"type":"Polygon","coordinates":[[[-3.58125,40.0295],[-3.58668,40.0295],[-3.58668,40.0247],[-3.58125,40.0247],[-3.58125,40.0295]]]}},{"type":"Feature","properties":{"name":"Aranjuez--piece--8-3--gCloud","number_of_ads_buy":0,"average_prize_buy":0,"number_of_ads_rent":0,"average_prize_rent":0,"normalized_prize_buy":0,"normalized_ads_buy":0,"normalized_prize_rent":null,"normalized_ads_rent":0,"date":"2018-12-07T08:07:48.000Z","fill-opacity":0,"fill":"#ff0000"},"bbox":[-3.58125,40.0198,-3.58668,40.0247],"geometry":{"type":"Polygon","coordinates":[[[-3.58125,40.0247],[-3.58668,40.0247],[-3.58668,40.0198],[-3.58125,40.0198],[-3.58125,40.0247]]]}},{"type":"Feature","properties":{"name":"Aranjuez--piece--9-0--gCloud","number_of_ads_buy":2,"average_prize_buy":1258.14,"number_of_ads_rent":0,"average_prize_rent":0,"normalized_prize_buy":0.6071899115377376,"normalized_ads_buy":0.06666666666666667,"normalized_prize_rent":null,"normalized_ads_rent":0,"date":"2018-12-07T08:07:54.000Z","fill-opacity":0.4857519292301901,"fill":"#ff0000"},"bbox":[-3.57583,40.0343,-3.58125,40.0392],"geometry":{"type":"Polygon","coordinates":[[[-3.57583,40.0392],[-3.58125,40.0392],[-3.58125,40.0343],[-3.57583,40.0343],[-3.57583,40.0392]]]}},{"type":"Feature","properties":{"name":"Aranjuez--piece--9-1--gCloud","number_of_ads_buy":1,"average_prize_buy":1195.65,"number_of_ads_rent":0,"average_prize_rent":0,"normalized_prize_buy":0.5770316639881857,"normalized_ads_buy":0.03333333333333333,"normalized_prize_rent":null,"normalized_ads_rent":0,"date":"2018-12-07T08:07:59.000Z","fill-opacity":0.4616253311905486,"fill":"#ff0000"},"bbox":[-3.57583,40.0295,-3.58125,40.0343],"geometry":{"type":"Polygon","coordinates":[[[-3.57583,40.0343],[-3.58125,40.0343],[-3.58125,40.0295],[-3.57583,40.0295],[-3.57583,40.0343]]]}},{"type":"Feature","properties":{"name":"Aranjuez--piece--9-2--gCloud","number_of_ads_buy":0,"average_prize_buy":0,"number_of_ads_rent":0,"average_prize_rent":0,"normalized_prize_buy":0,"normalized_ads_buy":0,"normalized_prize_rent":null,"normalized_ads_rent":0,"date":"2018-12-07T08:08:05.000Z","fill-opacity":0,"fill":"#ff0000"},"bbox":[-3.57583,40.0247,-3.58125,40.0295],"geometry":{"type":"Polygon","coordinates":[[[-3.57583,40.0295],[-3.58125,40.0295],[-3.58125,40.0247],[-3.57583,40.0247],[-3.57583,40.0295]]]}},{"type":"Feature","properties":{"name":"Aranjuez--piece--9-3--gCloud","number_of_ads_buy":0,"average_prize_buy":0,"number_of_ads_rent":0,"average_prize_rent":0,"normalized_prize_buy":0,"normalized_ads_buy":0,"normalized_prize_rent":null,"normalized_ads_rent":0,"date":"2018-12-07T08:08:16.000Z","fill-opacity":0,"fill":"#ff0000"},"bbox":[-3.57583,40.0198,-3.58125,40.0247],"geometry":{"type":"Polygon","coordinates":[[[-3.57583,40.0247],[-3.58125,40.0247],[-3.58125,40.0198],[-3.57583,40.0198],[-3.57583,40.0247]]]}}]}