{"type":"FeatureCollection","features":[{"type":"Feature","properties":{"name":"Aranjuez--piece--0-0--gCloud","number_of_ads_buy":0,"average_prize_buy":0,"number_of_ads_rent":0,"average_prize_rent":0,"normalized_prize_buy":0,"normalized_ads_buy":0,"normalized_prize_rent":null,"normalized_ads_rent":0,"date":"2018-12-03T15:05:23.000Z","fill-opacity":0,"fill":"#ff0000"},"bbox":[-3.62466,40.0343,-3.63008,40.0392],"geometry":{"type":"Polygon","coordinates":[[[-3.62466,40.0392],[-3.63008,40.0392],[-3.63008,40.0343],[-3.62466,40.0343],[-3.62466,40.0392]]]}},{"type":"Feature","properties":{"name":"Aranjuez--piece--0-1--gCloud","number_of_ads_buy":0,"average_prize_buy":0,"number_of_ads_rent":0,"average_prize_rent":0,"normalized_prize_buy":0,"normalized_ads_buy":0,"normalized_prize_rent":null,"normalized_ads_rent":0,"date":"2018-12-03T15:05:33.000Z","fill-opacity":0,"fill":"#ff0000"},"bbox":[-3.62466,40.0295,-3.63008,40.0343],"geometry":{"type":"Polygon","coordinates":[[[-3.62466,40.0343],[-3.63008,40.0343],[-3.63008,40.0295],[-3.62466,40.0295],[-3.62466,40.0343]]]}},{"type":"Feature","properties":{"name":"Aranjuez--piece--0-2--gCloud","number_of_ads_buy":0,"average_prize_buy":0,"number_of_ads_rent":0,"average_prize_rent":0,"normalized_prize_buy":0,"normalized_ads_buy":0,"normalized_prize_rent":null,"normalized_ads_rent":0,"date":"2018-12-03T15:05:41.000Z","fill-opacity":0,"fill":"#ff0000"},"bbox":[-3.62466,40.0247,-3.63008,40.0295],"geometry":{"type":"Polygon","coordinates":[[[-3.62466,40.0295],[-3.63008,40.0295],[-3.63008,40.0247],[-3.62466,40.0247],[-3.62466,40.0295]]]}},{"type":"Feature","properties":{"name":"Aranjuez--piece--0-3--gCloud","number_of_ads_buy":0,"average_prize_buy":0,"number_of_ads_rent":0,"average_prize_rent":0,"normalized_prize_buy":0,"normalized_ads_buy":0,"normalized_prize_rent":null,"normalized_ads_rent":0,"date":"2018-12-03T15:05:49.000Z","fill-opacity":0,"fill":"#ff0000"},"bbox":[-3.62466,40.0198,-3.63008,40.0247],"geometry":{"type":"Polygon","coordinates":[[[-3.62466,40.0247],[-3.63008,40.0247],[-3.63008,40.0198],[-3.62466,40.0198],[-3.62466,40.0247]]]}},{"type":"Feature","properties":{"name":"Aranjuez--piece--1-0--gCloud","number_of_ads_buy":0,"average_prize_buy":0,"number_of_ads_rent":0,"average_prize_rent":0,"normalized_prize_buy":0,"normalized_ads_buy":0,"normalized_prize_rent":null,"normalized_ads_rent":0,"date":"2018-12-03T15:05:58.000Z","fill-opacity":0,"fill":"#ff0000"},"bbox":[-3.61923,40.0343,-3.62466,40.0392],"geometry":{"type":"Polygon","coordinates":[[[-3.61923,40.0392],[-3.62466,40.0392],[-3.62466,40.0343],[-3.61923,40.0343],[-3.61923,40.0392]]]}},{"type":"Feature","properties":{"name":"Aranjuez--piece--1-1--gCloud","number_of_ads_buy":1,"average_prize_buy":1986.67,"number_of_ads_rent":0,"average_prize_rent":0,"normalized_prize_buy":0.9587851761764805,"normalized_ads_buy":0.03333333333333333,"normalized_prize_rent":null,"normalized_ads_rent":0,"date":"2018-12-03T15:06:06.000Z","fill-opacity":0.7670281409411844,"fill":"#ff0000"},"bbox":[-3.61923,40.0295,-3.62466,40.0343],"geometry":{"type":"Polygon","coordinates":[[[-3.61923,40.0343],[-3.62466,40.0343],[-3.62466,40.0295],[-3.61923,40.0295],[-3.61923,40.0343]]]}},{"type":"Feature","properties":{"name":"Aranjuez--piece--1-2--gCloud","number_of_ads_buy":2,"average_prize_buy":1462.1,"number_of_ads_rent":0,"average_prize_rent":0,"normalized_prize_buy":0.705622879535923,"normalized_ads_buy":0.06666666666666667,"normalized_prize_rent":null,"normalized_ads_rent":0,"date":"2018-12-03T15:06:14.000Z","fill-opacity":0.5644983036287384,"fill":"#ff0000"},"bbox":[-3.61923,40.0247,-3.62466,40.0295],"geometry":{"type":"Polygon","coordinates":[[[-3.61923,40.0295],[-3.62466,40.0295],[-3.62466,40.0247],[-3.61923,40.0247],[-3.61923,40.0295]]]}},{"type":"Feature","properties":{"name":"Aranjuez--piece--1-3--gCloud","number_of_ads_buy":4,"average_prize_buy":1510.89,"number_of_ads_rent":0,"average_prize_rent":0,"normalized_prize_buy":0.7291693813432943,"normalized_ads_buy":0.13333333333333333,"normalized_prize_rent":null,"normalized_ads_rent":0,"date":"2018-12-03T15:06:26.000Z","fill-opacity":0.5833355050746355,"fill":"#ff0000"},"bbox":[-3.61923,40.0198,-3.62466,40.0247],"geometry":{"type":"Polygon","coordinates":[[[-3.61923,40.0247],[-3.62466,40.0247],[-3.62466,40.0198],[-3.61923,40.0198],[-3.61923,40.0247]]]}},{"type":"Feature","properties":{"name":"Aranjuez--piece--2-0--gCloud","number_of_ads_buy":0,"average_prize_buy":0,"number_of_ads_rent":0,"average_prize_rent":0,"normalized_prize_buy":0,"normalized_ads_buy":0,"normalized_prize_rent":null,"normalized_ads_rent":0,"date":"2018-12-03T15:06:34.000Z","fill-opacity":0,"fill":"#ff0000"},"bbox":[-3.61381,40.0343,-3.61923,40.0392],"geometry":{"type":"Polygon","coordinates":[[[-3.61381,40.0392],[-3.61923,40.0392],[-3.61923,40.0343],[-3.61381,40.0343],[-3.61381,40.0392]]]}},{"type":"Feature","properties":{"name":"Aranjuez--piece--2-1--gCloud","number_of_ads_buy":1,"average_prize_buy":2072.07,"number_of_ads_rent":0,"average_prize_rent":0,"normalized_prize_buy":1,"normalized_ads_buy":0.03333333333333333,"normalized_prize_rent":null,"normalized_ads_rent":0,"date":"2018-12-03T15:06:39.000Z","fill-opacity":0.8,"fill":"#ff0000"},"bbox":[-3.61381,40.0295,-3.61923,40.0343],"geometry":{"type":"Polygon","coordinates":[[[-3.61381,40.0343],[-3.61923,40.0343],[-3.61923,40.0295],[-3.61381,40.0295],[-3.61381,40.0343]]]}},{"type":"Feature","properties":{"name":"Aranjuez--piece--2-2--gCloud","number_of_ads_buy":9,"average_prize_buy":1576.72,"number_of_ads_rent":0,"average_prize_rent":0,"normalized_prize_buy":0.7609395435482391,"normalized_ads_buy":0.3,"normalized_prize_rent":null,"normalized_ads_rent":0,"date":"2018-12-03T15:06:45.000Z","fill-opacity":0.6087516348385913,"fill":"#ff0000"},"bbox":[-3.61381,40.0247,-3.61923,40.0295],"geometry":{"type":"Polygon","coordinates":[[[-3.61381,40.0295],[-3.61923,40.0295],[-3.61923,40.0247],[-3.61381,40.0247],[-3.61381,40.0295]]]}},{"type":"Feature","properties":{"name":"Aranjuez--piece--2-3--gCloud","number_of_ads_buy":10,"average_prize_buy":1443,"number_of_ads_rent":0,"average_prize_rent":0,"normalized_prize_buy":0.6964050442311311,"normalized_ads_buy":0.3333333333333333,"normalized_prize_rent":null,"normalized_ads_rent":0,"date":"2018-12-03T15:06:52.000Z","fill-opacity":0.557124035384905,"fill":"#ff0000"},"bbox":[-3.61381,40.0198,-3.61923,40.0247],"geometry":{"type":"Polygon","coordinates":[[[-3.61381,40.0247],[-3.61923,40.0247],[-3.61923,40.0198],[-3.61381,40.0198],[-3.61381,40.0247]]]}},{"type":"Feature","properties":{"name":"Aranjuez--piece--3-0--gCloud","number_of_ads_buy":1,"average_prize_buy":1566.04,"number_of_ads_rent":0,"average_prize_rent":0,"normalized_prize_buy":0.7557852775244078,"normalized_ads_buy":0.03333333333333333,"normalized_prize_rent":null,"normalized_ads_rent":0,"date":"2018-12-03T15:07:04.000Z","fill-opacity":0.6046282220195263,"fill":"#ff0000"},"bbox":[-3.60838,40.0343,-3.61381,40.0392],"geometry":{"type":"Polygon","coordinates":[[[-3.60838,40.0392],[-3.61381,40.0392],[-3.61381,40.0343],[-3.60838,40.0343],[-3.60838,40.0392]]]}},{"type":"Feature","properties":{"name":"Aranjuez--piece--3-1--gCloud","number_of_ads_buy":5,"average_prize_buy":1053.76,"number_of_ads_rent":1,"average_prize_rent":6.31579,"normalized_prize_buy":0.5085542476846824,"normalized_ads_buy":0.16666666666666666,"normalized_prize_rent":null,"normalized_ads_rent":0.03333333333333333,"date":"2018-12-03T15:07:17.000Z","fill-opacity":0.40684339814774595,"fill":"#ff0000"},"bbox":[-3.60838,40.0295,-3.61381,40.0343],"geometry":{"type":"Polygon","coordinates":[[[-3.60838,40.0343],[-3.61381,40.0343],[-3.61381,40.0295],[-3.60838,40.0295],[-3.60838,40.0343]]]}},{"type":"Feature","properties":{"name":"Aranjuez--piece--3-2--gCloud","number_of_ads_buy":4,"average_prize_buy":1616.01,"number_of_ads_rent":0,"average_prize_rent":0,"normalized_prize_buy":0.7799012581621276,"normalized_ads_buy":0.13333333333333333,"normalized_prize_rent":null,"normalized_ads_rent":0,"date":"2018-12-03T15:07:26.000Z","fill-opacity":0.6239210065297022,"fill":"#ff0000"},"bbox":[-3.60838,40.0247,-3.61381,40.0295],"geometry":{"type":"Polygon","coordinates":[[[-3.60838,40.0295],[-3.61381,40.0295],[-3.61381,40.0247],[-3.60838,40.0247],[-3.60838,40.0295]]]}},{"type":"Feature","properties":{"name":"Aranjuez--piece--3-3--gCloud","number_of_ads_buy":7,"average_prize_buy":1426.25,"number_of_ads_rent":0,"average_prize_rent":0,"normalized_prize_buy":0.6883213404952535,"normalized_ads_buy":0.23333333333333334,"normalized_prize_rent":null,"normalized_ads_rent":0,"date":"2018-12-03T15:07:31.000Z","fill-opacity":0.5506570723962029,"fill":"#ff0000"},"bbox":[-3.60838,40.0198,-3.61381,40.0247],"geometry":{"type":"Polygon","coordinates":[[[-3.60838,40.0247],[-3.61381,40.0247],[-3.61381,40.0198],[-3.60838,40.0198],[-3.60838,40.0247]]]}},{"type":"Feature","properties":{"name":"Aranjuez--piece--4-0--gCloud","number_of_ads_buy":8,"average_prize_buy":1277.14,"number_of_ads_rent":2,"average_prize_rent":7.74545,"normalized_prize_buy":0.6163594859247034,"normalized_ads_buy":0.26666666666666666,"normalized_prize_rent":null,"normalized_ads_rent":0.06666666666666667,"date":"2018-12-03T15:07:42.000Z","fill-opacity":0.4930875887397627,"fill":"#ff0000"},"bbox":[-3.60296,40.0343,-3.60838,40.0392],"geometry":{"type":"Polygon","coordinates":[[[-3.60296,40.0392],[-3.60838,40.0392],[-3.60838,40.0343],[-3.60296,40.0343],[-3.60296,40.0392]]]}},{"type":"Feature","properties":{"name":"Aranjuez--piece--4-1--gCloud","number_of_ads_buy":26,"average_prize_buy":1519.25,"number_of_ads_rent":2,"average_prize_rent":8.25321,"normalized_prize_buy":0.7332039940735592,"normalized_ads_buy":0.8666666666666667,"normalized_prize_rent":null,"normalized_ads_rent":0.06666666666666667,"date":"2018-12-03T15:07:51.000Z","fill-opacity":0.5865631952588474,"fill":"#ff0000"},"bbox":[-3.60296,40.0295,-3.60838,40.0343],"geometry":{"type":"Polygon","coordinates":[[[-3.60296,40.0343],[-3.60838,40.0343],[-3.60838,40.0295],[-3.60296,40.0295],[-3.60296,40.0343]]]}},{"type":"Feature","properties":{"name":"Aranjuez--piece--4-2--gCloud","number_of_ads_buy":30,"average_prize_buy":1617.54,"number_of_ads_rent":6,"average_prize_rent":8.9979,"normalized_prize_buy":0.7806396502048675,"normalized_ads_buy":1,"normalized_prize_rent":null,"normalized_ads_rent":0.2,"date":"2018-12-03T15:08:01.000Z","fill-opacity":0.624511720163894,"fill":"#ff0000"},"bbox":[-3.60296,40.0247,-3.60838,40.0295],"geometry":{"type":"Polygon","coordinates":[[[-3.60296,40.0295],[-3.60838,40.0295],[-3.60838,40.0247],[-3.60296,40.0247],[-3.60296,40.0295]]]}},{"type":"Feature","properties":{"name":"Aranjuez--piece--4-3--gCloud","number_of_ads_buy":4,"average_prize_buy":1268.74,"number_of_ads_rent":0,"average_prize_rent":0,"normalized_prize_buy":0.6123055688273079,"normalized_ads_buy":0.13333333333333333,"normalized_prize_rent":null,"normalized_ads_rent":0,"date":"2018-12-03T15:08:09.000Z","fill-opacity":0.4898444550618464,"fill":"#ff0000"},"bbox":[-3.60296,40.0198,-3.60838,40.0247],"geometry":{"type":"Polygon","coordinates":[[[-3.60296,40.0247],[-3.60838,40.0247],[-3.60838,40.0198],[-3.60296,40.0198],[-3.60296,40.0247]]]}},{"type":"Feature","properties":{"name":"Aranjuez--piece--5-0--gCloud","number_of_ads_buy":13,"average_prize_buy":1635.84,"number_of_ads_rent":0,"average_prize_rent":0,"normalized_prize_buy":0.7894713981670503,"normalized_ads_buy":0.43333333333333335,"normalized_prize_rent":null,"normalized_ads_rent":0,"date":"2018-12-03T15:08:18.000Z","fill-opacity":0.6315771185336403,"fill":"#ff0000"},"bbox":[-3.59753,40.0343,-3.60296,40.0392],"geometry":{"type":"Polygon","coordinates":[[[-3.59753,40.0392],[-3.60296,40.0392],[-3.60296,40.0343],[-3.59753,40.0343],[-3.59753,40.0392]]]}},{"type":"Feature","properties":{"name":"Aranjuez--piece--5-1--gCloud","number_of_ads_buy":30,"average_prize_buy":1576.12,"number_of_ads_rent":6,"average_prize_rent":7.86275,"normalized_prize_buy":0.7606499780412823,"normalized_ads_buy":1,"normalized_prize_rent":null,"normalized_ads_rent":0.2,"date":"2018-12-03T15:08:27.000Z","fill-opacity":0.6085199824330259,"fill":"#ff0000"},"bbox":[-3.59753,40.0295,-3.60296,40.0343],"geometry":{"type":"Polygon","coordinates":[[[-3.59753,40.0343],[-3.60296,40.0343],[-3.60296,40.0295],[-3.59753,40.0295],[-3.59753,40.0343]]]}},{"type":"Feature","properties":{"name":"Aranjuez--piece--5-2--gCloud","number_of_ads_buy":30,"average_prize_buy":1424.16,"number_of_ads_rent":1,"average_prize_rent":11.1111,"normalized_prize_buy":0.6873126873126872,"normalized_ads_buy":1,"normalized_prize_rent":null,"normalized_ads_rent":0.03333333333333333,"date":"2018-12-03T15:08:34.000Z","fill-opacity":0.5498501498501498,"fill":"#ff0000"},"bbox":[-3.59753,40.0247,-3.60296,40.0295],"geometry":{"type":"Polygon","coordinates":[[[-3.59753,40.0295],[-3.60296,40.0295],[-3.60296,40.0247],[-3.59753,40.0247],[-3.59753,40.0295]]]}},{"type":"Feature","properties":{"name":"Aranjuez--piece--5-3--gCloud","number_of_ads_buy":6,"average_prize_buy":1153.92,"number_of_ads_rent":1,"average_prize_rent":10,"normalized_prize_buy":0.5568923829793395,"normalized_ads_buy":0.2,"normalized_prize_rent":null,"normalized_ads_rent":0.03333333333333333,"date":"2018-12-03T15:08:43.000Z","fill-opacity":0.44551390638347166,"fill":"#ff0000"},"bbox":[-3.59753,40.0198,-3.60296,40.0247],"geometry":{"type":"Polygon","coordinates":[[[-3.59753,40.0247],[-3.60296,40.0247],[-3.60296,40.0198],[-3.59753,40.0198],[-3.59753,40.0247]]]}},{"type":"Feature","properties":{"name":"Aranjuez--piece--6-0--gCloud","number_of_ads_buy":12,"average_prize_buy":1017.34,"number_of_ads_rent":1,"average_prize_rent":6.58824,"normalized_prize_buy":0.490977621412404,"normalized_ads_buy":0.4,"normalized_prize_rent":null,"normalized_ads_rent":0.03333333333333333,"date":"2018-12-03T15:08:55.000Z","fill-opacity":0.3927820971299232,"fill":"#ff0000"},"bbox":[-3.5921,40.0343,-3.59753,40.0392],"geometry":{"type":"Polygon","coordinates":[[[-3.5921,40.0392],[-3.59753,40.0392],[-3.59753,40.0343],[-3.5921,40.0343],[-3.5921,40.0392]]]}},{"type":"Feature","properties":{"name":"Aranjuez--piece--6-1--gCloud","number_of_ads_buy":30,"average_prize_buy":1405.36,"number_of_ads_rent":2,"average_prize_rent":7.14286,"normalized_prize_buy":0.6782396347613738,"normalized_ads_buy":1,"normalized_prize_rent":null,"normalized_ads_rent":0.06666666666666667,"date":"2018-12-03T15:09:02.000Z","fill-opacity":0.542591707809099,"fill":"#ff0000"},"bbox":[-3.5921,40.0295,-3.59753,40.0343],"geometry":{"type":"Polygon","coordinates":[[[-3.5921,40.0343],[-3.59753,40.0343],[-3.59753,40.0295],[-3.5921,40.0295],[-3.5921,40.0343]]]}},{"type":"Feature","properties":{"name":"Aranjuez--piece--6-2--gCloud","number_of_ads_buy":27,"average_prize_buy":1286.58,"number_of_ads_rent":0,"average_prize_rent":0,"normalized_prize_buy":0.6209153165674904,"normalized_ads_buy":0.9,"normalized_prize_rent":null,"normalized_ads_rent":0,"date":"2018-12-03T15:09:11.000Z","fill-opacity":0.4967322532539924,"fill":"#ff0000"},"bbox":[-3.5921,40.0247,-3.59753,40.0295],"geometry":{"type":"Polygon","coordinates":[[[-3.5921,40.0295],[-3.59753,40.0295],[-3.59753,40.0247],[-3.5921,40.0247],[-3.5921,40.0295]]]}},{"type":"Feature","properties":{"name":"Aranjuez--piece--6-3--gCloud","number_of_ads_buy":7,"average_prize_buy":1307.26,"number_of_ads_rent":0,"average_prize_rent":0,"normalized_prize_buy":0.6308956743739352,"normalized_ads_buy":0.23333333333333334,"normalized_prize_rent":null,"normalized_ads_rent":0,"date":"2018-12-03T15:09:20.000Z","fill-opacity":0.5047165394991482,"fill":"#ff0000"},"bbox":[-3.5921,40.0198,-3.59753,40.0247],"geometry":{"type":"Polygon","coordinates":[[[-3.5921,40.0247],[-3.59753,40.0247],[-3.59753,40.0198],[-3.5921,40.0198],[-3.5921,40.0247]]]}},{"type":"Feature","properties":{"name":"Aranjuez--piece--7-0--gCloud","number_of_ads_buy":5,"average_prize_buy":1021.04,"number_of_ads_rent":0,"average_prize_rent":0,"normalized_prize_buy":0.49276327537197095,"normalized_ads_buy":0.16666666666666666,"normalized_prize_rent":null,"normalized_ads_rent":0,"date":"2018-12-03T15:09:28.000Z","fill-opacity":0.3942106202975768,"fill":"#ff0000"},"bbox":[-3.58668,40.0343,-3.5921,40.0392],"geometry":{"type":"Polygon","coordinates":[[[-3.58668,40.0392],[-3.5921,40.0392],[-3.5921,40.0343],[-3.58668,40.0343],[-3.58668,40.0392]]]}},{"type":"Feature","properties":{"name":"Aranjuez--piece--7-1--gCloud","number_of_ads_buy":24,"average_prize_buy":0,"number_of_ads_rent":2,"average_prize_rent":7.85256,"normalized_prize_buy":0,"normalized_ads_buy":0.8,"normalized_prize_rent":null,"normalized_ads_rent":0.06666666666666667,"date":"2018-12-03T15:09:37.000Z","fill-opacity":0,"fill":"#ff0000"},"bbox":[-3.58668,40.0295,-3.5921,40.0343],"geometry":{"type":"Polygon","coordinates":[[[-3.58668,40.0343],[-3.5921,40.0343],[-3.5921,40.0295],[-3.58668,40.0295],[-3.58668,40.0343]]]}},{"type":"Feature","properties":{"name":"Aranjuez--piece--7-2--gCloud","number_of_ads_buy":30,"average_prize_buy":1264.08,"number_of_ads_rent":0,"average_prize_rent":0,"normalized_prize_buy":0.6100566100566099,"normalized_ads_buy":1,"normalized_prize_rent":null,"normalized_ads_rent":0,"date":"2018-12-03T15:09:45.000Z","fill-opacity":0.48804528804528796,"fill":"#ff0000"},"bbox":[-3.58668,40.0247,-3.5921,40.0295],"geometry":{"type":"Polygon","coordinates":[[[-3.58668,40.0295],[-3.5921,40.0295],[-3.5921,40.0247],[-3.58668,40.0247],[-3.58668,40.0295]]]}},{"type":"Feature","properties":{"name":"Aranjuez--piece--7-3--gCloud","number_of_ads_buy":0,"average_prize_buy":0,"number_of_ads_rent":0,"average_prize_rent":0,"normalized_prize_buy":0,"normalized_ads_buy":0,"normalized_prize_rent":null,"normalized_ads_rent":0,"date":"2018-12-03T15:09:51.000Z","fill-opacity":0,"fill":"#ff0000"},"bbox":[-3.58668,40.0198,-3.5921,40.0247],"geometry":{"type":"Polygon","coordinates":[[[-3.58668,40.0247],[-3.5921,40.0247],[-3.5921,40.0198],[-3.58668,40.0198],[-3.58668,40.0247]]]}},{"type":"Feature","properties":{"name":"Aranjuez--piece--8-0--gCloud","number_of_ads_buy":2,"average_prize_buy":1177.91,"number_of_ads_rent":1,"average_prize_rent":7.1875,"normalized_prize_buy":0.5684701771658294,"normalized_ads_buy":0.06666666666666667,"normalized_prize_rent":null,"normalized_ads_rent":0.03333333333333333,"date":"2018-12-03T15:10:00.000Z","fill-opacity":0.4547761417326635,"fill":"#ff0000"},"bbox":[-3.58125,40.0343,-3.58668,40.0392],"geometry":{"type":"Polygon","coordinates":[[[-3.58125,40.0392],[-3.58668,40.0392],[-3.58668,40.0343],[-3.58125,40.0343],[-3.58125,40.0392]]]}},{"type":"Feature","properties":{"name":"Aranjuez--piece--8-1--gCloud","number_of_ads_buy":11,"average_prize_buy":1386.36,"number_of_ads_rent":0,"average_prize_rent":0,"normalized_prize_buy":0.6690700603744081,"normalized_ads_buy":0.36666666666666664,"normalized_prize_rent":null,"normalized_ads_rent":0,"date":"2018-12-03T15:10:08.000Z","fill-opacity":0.5352560482995264,"fill":"#ff0000"},"bbox":[-3.58125,40.0295,-3.58668,40.0343],"geometry":{"type":"Polygon","coordinates":[[[-3.58125,40.0343],[-3.58668,40.0343],[-3.58668,40.0295],[-3.58125,40.0295],[-3.58125,40.0343]]]}},{"type":"Feature","properties":{"name":"Aranjuez--piece--8-2--gCloud","number_of_ads_buy":1,"average_prize_buy":1695,"number_of_ads_rent":0,"average_prize_rent":0,"normalized_prize_buy":0.8180225571529919,"normalized_ads_buy":0.03333333333333333,"normalized_prize_rent":null,"normalized_ads_rent":0,"date":"2018-12-03T15:10:17.000Z","fill-opacity":0.6544180457223936,"fill":"#ff0000"},"bbox":[-3.58125,40.0247,-3.58668,40.0295],"geometry":{"type":"Polygon","coordinates":[[[-3.58125,40.0295],[-3.58668,40.0295],[-3.58668,40.0247],[-3.58125,40.0247],[-3.58125,40.0295]]]}},{"type":"Feature","properties":{"name":"Aranjuez--piece--8-3--gCloud","number_of_ads_buy":0,"average_prize_buy":0,"number_of_ads_rent":0,"average_prize_rent":0,"normalized_prize_buy":0,"normalized_ads_buy":0,"normalized_prize_rent":null,"normalized_ads_rent":0,"date":"2018-12-03T15:10:25.000Z","fill-opacity":0,"fill":"#ff0000"},"bbox":[-3.58125,40.0198,-3.58668,40.0247],"geometry":{"type":"Polygon","coordinates":[[[-3.58125,40.0247],[-3.58668,40.0247],[-3.58668,40.0198],[-3.58125,40.0198],[-3.58125,40.0247]]]}},{"type":"Feature","properties":{"name":"Aranjuez--piece--9-0--gCloud","number_of_ads_buy":2,"average_prize_buy":1258.14,"number_of_ads_rent":0,"average_prize_rent":0,"normalized_prize_buy":0.6071899115377376,"normalized_ads_buy":0.06666666666666667,"normalized_prize_rent":null,"normalized_ads_rent":0,"date":"2018-12-03T15:10:33.000Z","fill-opacity":0.4857519292301901,"fill":"#ff0000"},"bbox":[-3.57583,40.0343,-3.58125,40.0392],"geometry":{"type":"Polygon","coordinates":[[[-3.57583,40.0392],[-3.58125,40.0392],[-3.58125,40.0343],[-3.57583,40.0343],[-3.57583,40.0392]]]}},{"type":"Feature","properties":{"name":"Aranjuez--piece--9-1--gCloud","number_of_ads_buy":1,"average_prize_buy":1195.65,"number_of_ads_rent":0,"average_prize_rent":0,"normalized_prize_buy":0.5770316639881857,"normalized_ads_buy":0.03333333333333333,"normalized_prize_rent":null,"normalized_ads_rent":0,"date":"2018-12-03T15:10:45.000Z","fill-opacity":0.4616253311905486,"fill":"#ff0000"},"bbox":[-3.57583,40.0295,-3.58125,40.0343],"geometry":{"type":"Polygon","coordinates":[[[-3.57583,40.0343],[-3.58125,40.0343],[-3.58125,40.0295],[-3.57583,40.0295],[-3.57583,40.0343]]]}},{"type":"Feature","properties":{"name":"Aranjuez--piece--9-2--gCloud","number_of_ads_buy":0,"average_prize_buy":0,"number_of_ads_rent":0,"average_prize_rent":0,"normalized_prize_buy":0,"normalized_ads_buy":0,"normalized_prize_rent":null,"normalized_ads_rent":0,"date":"2018-12-03T15:10:50.000Z","fill-opacity":0,"fill":"#ff0000"},"bbox":[-3.57583,40.0247,-3.58125,40.0295],"geometry":{"type":"Polygon","coordinates":[[[-3.57583,40.0295],[-3.58125,40.0295],[-3.58125,40.0247],[-3.57583,40.0247],[-3.57583,40.0295]]]}},{"type":"Feature","properties":{"name":"Aranjuez--piece--9-3--gCloud","number_of_ads_buy":0,"average_prize_buy":0,"number_of_ads_rent":0,"average_prize_rent":0,"normalized_prize_buy":0,"normalized_ads_buy":0,"normalized_prize_rent":null,"normalized_ads_rent":0,"date":"2018-12-03T15:10:55.000Z","fill-opacity":0,"fill":"#ff0000"},"bbox":[-3.57583,40.0198,-3.58125,40.0247],"geometry":{"type":"Polygon","coordinates":[[[-3.57583,40.0247],[-3.58125,40.0247],[-3.58125,40.0198],[-3.57583,40.0198],[-3.57583,40.0247]]]}}]}