{"type":"FeatureCollection","features":[{"type":"Feature","properties":{"name":"Aranjuez--2801301001--raspberryOld","number_of_ads_buy":16,"average_prize_buy":1686.66,"number_of_ads_rent":2,"average_prize_rent":7.46622,"normalized_prize_buy":1,"normalized_ads_buy":0.5333333333333333,"normalized_prize_rent":null,"normalized_ads_rent":0.06666666666666667,"date":"2018-12-07T07:19:09.000Z","fill-opacity":0.8,"fill":"#ff0000"},"bbox":[-3.59795,40.0316,-3.60292,40.0352],"geometry":{"type":"Polygon","coordinates":[[[-3.59795,40.0352],[-3.60292,40.0352],[-3.60292,40.0316],[-3.59795,40.0316],[-3.59795,40.0352]]]}},{"type":"Feature","properties":{"name":"Aranjuez--2801301002--raspberryOld","number_of_ads_buy":29,"average_prize_buy":1409.95,"number_of_ads_rent":1,"average_prize_rent":6.58824,"normalized_prize_buy":0.835942039296598,"normalized_ads_buy":0.9666666666666667,"normalized_prize_rent":null,"normalized_ads_rent":0.03333333333333333,"date":"2018-12-07T07:19:34.000Z","fill-opacity":0.6687536314372785,"fill":"#ff0000"},"bbox":[-3.59251,40.0325,-3.60011,40.0358],"geometry":{"type":"Polygon","coordinates":[[[-3.59251,40.0358],[-3.60011,40.0358],[-3.60011,40.0325],[-3.59251,40.0325],[-3.59251,40.0358]]]}},{"type":"Feature","properties":{"name":"Aranjuez--2801301003--raspberryOld","number_of_ads_buy":24,"average_prize_buy":1291.3,"number_of_ads_rent":1,"average_prize_rent":6.58824,"normalized_prize_buy":0.7655959114462902,"normalized_ads_buy":0.8,"normalized_prize_rent":null,"normalized_ads_rent":0.03333333333333333,"date":"2018-12-07T07:19:56.000Z","fill-opacity":0.6124767291570322,"fill":"#ff0000"},"bbox":[-3.59043,40.0345,-3.60168,40.0387],"geometry":{"type":"Polygon","coordinates":[[[-3.59043,40.0387],[-3.60168,40.0387],[-3.60168,40.0345],[-3.59043,40.0345],[-3.59043,40.0387]]]}},{"type":"Feature","properties":{"name":"Aranjuez--2801301004--raspberryOld","number_of_ads_buy":2,"average_prize_buy":899.35,"number_of_ads_rent":0,"average_prize_rent":0,"normalized_prize_buy":0.5332135700141107,"normalized_ads_buy":0.06666666666666667,"normalized_prize_rent":null,"normalized_ads_rent":0,"date":"2018-12-07T07:20:17.000Z","fill-opacity":0.42657085601128863,"fill":"#ff0000"},"bbox":[-3.59482,40.0354,-3.59791,40.0367],"geometry":{"type":"Polygon","coordinates":[[[-3.59482,40.0367],[-3.59791,40.0367],[-3.59791,40.0354],[-3.59482,40.0354],[-3.59482,40.0367]]]}},{"type":"Feature","properties":{"name":"Aranjuez--2801301005--raspberryOld","number_of_ads_buy":3,"average_prize_buy":868.555,"number_of_ads_rent":0,"average_prize_rent":0,"normalized_prize_buy":0.5149555927098526,"normalized_ads_buy":0.1,"normalized_prize_rent":null,"normalized_ads_rent":0,"date":"2018-12-07T07:20:35.000Z","fill-opacity":0.41196447416788207,"fill":"#ff0000"},"bbox":[-3.59236,40.0352,-3.59496,40.0369],"geometry":{"type":"Polygon","coordinates":[[[-3.59236,40.0369],[-3.59496,40.0369],[-3.59496,40.0352],[-3.59236,40.0352],[-3.59236,40.0369]]]}},{"type":"Feature","properties":{"name":"Aranjuez--2801301006--raspberryOld","number_of_ads_buy":4,"average_prize_buy":962.711,"number_of_ads_rent":0,"average_prize_rent":0,"normalized_prize_buy":0.570779528772841,"normalized_ads_buy":0.13333333333333333,"normalized_prize_rent":null,"normalized_ads_rent":0,"date":"2018-12-07T07:20:54.000Z","fill-opacity":0.4566236230182728,"fill":"#ff0000"},"bbox":[-3.58818,40.0349,-3.59251,40.0389],"geometry":{"type":"Polygon","coordinates":[[[-3.58818,40.0389],[-3.59251,40.0389],[-3.59251,40.0349],[-3.58818,40.0349],[-3.58818,40.0389]]]}},{"type":"Feature","properties":{"name":"Aranjuez--2801301007--raspberryOld","number_of_ads_buy":8,"average_prize_buy":1201.29,"number_of_ads_rent":1,"average_prize_rent":6.53846,"normalized_prize_buy":0.7122300878659599,"normalized_ads_buy":0.26666666666666666,"normalized_prize_rent":null,"normalized_ads_rent":0.03333333333333333,"date":"2018-12-07T07:21:13.000Z","fill-opacity":0.5697840702927679,"fill":"#ff0000"},"bbox":[-3.58761,40.032,-3.59319,40.0352],"geometry":{"type":"Polygon","coordinates":[[[-3.58761,40.0352],[-3.59319,40.0352],[-3.59319,40.032],[-3.58761,40.032],[-3.58761,40.0352]]]}},{"type":"Feature","properties":{"name":"Aranjuez--2801301008--raspberryOld","number_of_ads_buy":11,"average_prize_buy":1305.67,"number_of_ads_rent":1,"average_prize_rent":7.1875,"normalized_prize_buy":0.7741157079672252,"normalized_ads_buy":0.36666666666666664,"normalized_prize_rent":null,"normalized_ads_rent":0.03333333333333333,"date":"2018-12-07T07:21:34.000Z","fill-opacity":0.6192925663737802,"fill":"#ff0000"},"bbox":[-3.57643,40.0327,-3.58922,40.041],"geometry":{"type":"Polygon","coordinates":[[[-3.57643,40.041],[-3.58922,40.041],[-3.58922,40.0327],[-3.57643,40.0327],[-3.57643,40.041]]]}},{"type":"Feature","properties":{"name":"Aranjuez--2801301009--raspberryOld","number_of_ads_buy":11,"average_prize_buy":1469.27,"number_of_ads_rent":0,"average_prize_rent":0,"normalized_prize_buy":0.8711121387831572,"normalized_ads_buy":0.36666666666666664,"normalized_prize_rent":null,"normalized_ads_rent":0,"date":"2018-12-07T07:21:52.000Z","fill-opacity":0.6968897110265257,"fill":"#ff0000"},"bbox":[-3.59281,40.0315,-3.5982,40.0338],"geometry":{"type":"Polygon","coordinates":[[[-3.59281,40.0338],[-3.5982,40.0338],[-3.5982,40.0315],[-3.59281,40.0315],[-3.59281,40.0338]]]}},{"type":"Feature","properties":{"name":"Aranjuez--2801302001--raspberryOld","number_of_ads_buy":12,"average_prize_buy":1654.5,"number_of_ads_rent":1,"average_prize_rent":6.55462,"normalized_prize_buy":0.9809327309594109,"normalized_ads_buy":0.4,"normalized_prize_rent":null,"normalized_ads_rent":0.03333333333333333,"date":"2018-12-07T07:22:14.000Z","fill-opacity":0.7847461847675288,"fill":"#ff0000"},"bbox":[-3.60054,40.0288,-3.60328,40.0319],"geometry":{"type":"Polygon","coordinates":[[[-3.60054,40.0319],[-3.60328,40.0319],[-3.60328,40.0288],[-3.60054,40.0288],[-3.60054,40.0319]]]}},{"type":"Feature","properties":{"name":"Aranjuez--2801302002--raspberryOld","number_of_ads_buy":30,"average_prize_buy":1291.55,"number_of_ads_rent":5,"average_prize_rent":8.14105,"normalized_prize_buy":0.7657441333760212,"normalized_ads_buy":1,"normalized_prize_rent":null,"normalized_ads_rent":0.16666666666666666,"date":"2018-12-07T07:22:41.000Z","fill-opacity":0.612595306700817,"fill":"#ff0000"},"bbox":[-3.59418,40.0206,-3.60371,40.028],"geometry":{"type":"Polygon","coordinates":[[[-3.59418,40.028],[-3.60371,40.028],[-3.60371,40.0206],[-3.59418,40.0206],[-3.59418,40.028]]]}},{"type":"Feature","properties":{"name":"Aranjuez--2801302003--raspberryOld","number_of_ads_buy":26,"average_prize_buy":1502.06,"number_of_ads_rent":3,"average_prize_rent":5.98611,"normalized_prize_buy":0.8905529270866682,"normalized_ads_buy":0.8666666666666667,"normalized_prize_rent":null,"normalized_ads_rent":0.1,"date":"2018-12-07T07:23:05.000Z","fill-opacity":0.7124423416693346,"fill":"#ff0000"},"bbox":[-3.59724,40.0278,-3.60104,40.0317],"geometry":{"type":"Polygon","coordinates":[[[-3.59724,40.0317],[-3.60104,40.0317],[-3.60104,40.0278],[-3.59724,40.0278],[-3.59724,40.0317]]]}},{"type":"Feature","properties":{"name":"Aranjuez--2801302004--raspberryOld","number_of_ads_buy":30,"average_prize_buy":1231.49,"number_of_ads_rent":1,"average_prize_rent":4.82143,"normalized_prize_buy":0.7301352969774584,"normalized_ads_buy":1,"normalized_prize_rent":null,"normalized_ads_rent":0.03333333333333333,"date":"2018-12-07T07:23:34.000Z","fill-opacity":0.5841082375819667,"fill":"#ff0000"},"bbox":[-3.59082,40.0245,-3.59623,40.0295],"geometry":{"type":"Polygon","coordinates":[[[-3.59082,40.0295],[-3.59623,40.0295],[-3.59623,40.0245],[-3.59082,40.0245],[-3.59082,40.0295]]]}},{"type":"Feature","properties":{"name":"Aranjuez--2801302005--raspberryOld","number_of_ads_buy":25,"average_prize_buy":1355.57,"number_of_ads_rent":3,"average_prize_rent":5.90608,"normalized_prize_buy":0.8037008051415222,"normalized_ads_buy":0.8333333333333334,"normalized_prize_rent":null,"normalized_ads_rent":0.1,"date":"2018-12-07T07:23:57.000Z","fill-opacity":0.6429606441132178,"fill":"#ff0000"},"bbox":[-3.59307,40.0277,-3.59779,40.0322],"geometry":{"type":"Polygon","coordinates":[[[-3.59307,40.0322],[-3.59779,40.0322],[-3.59779,40.0277],[-3.59307,40.0277],[-3.59307,40.0322]]]}},{"type":"Feature","properties":{"name":"Aranjuez--2801302006--raspberryOld","number_of_ads_buy":21,"average_prize_buy":1281.51,"number_of_ads_rent":2,"average_prize_rent":6.44841,"normalized_prize_buy":0.7597915406780263,"normalized_ads_buy":0.7,"normalized_prize_rent":null,"normalized_ads_rent":0.06666666666666667,"date":"2018-12-07T07:24:20.000Z","fill-opacity":0.6078332325424212,"fill":"#ff0000"},"bbox":[-3.59241,40.0283,-3.5959,40.032],"geometry":{"type":"Polygon","coordinates":[[[-3.59241,40.032],[-3.5959,40.032],[-3.5959,40.0283],[-3.59241,40.0283],[-3.59241,40.032]]]}},{"type":"Feature","properties":{"name":"Aranjuez--2801302007--raspberryOld","number_of_ads_buy":29,"average_prize_buy":0,"number_of_ads_rent":1,"average_prize_rent":9.16667,"normalized_prize_buy":0,"normalized_ads_buy":0.9666666666666667,"normalized_prize_rent":null,"normalized_ads_rent":0.03333333333333333,"date":"2018-12-07T07:24:48.000Z","fill-opacity":0,"fill":"#ff0000"},"bbox":[-3.58782,40.027,-3.59284,40.032],"geometry":{"type":"Polygon","coordinates":[[[-3.58782,40.032],[-3.59284,40.032],[-3.59284,40.027],[-3.58782,40.027],[-3.58782,40.032]]]}},{"type":"Feature","properties":{"name":"Aranjuez--2801302008--raspberryOld","number_of_ads_buy":29,"average_prize_buy":0,"number_of_ads_rent":2,"average_prize_rent":7.85256,"normalized_prize_buy":0,"normalized_ads_buy":0.9666666666666667,"normalized_prize_rent":null,"normalized_ads_rent":0.06666666666666667,"date":"2018-12-07T07:25:16.000Z","fill-opacity":0,"fill":"#ff0000"},"bbox":[-3.58319,40.0293,-3.59268,40.0335],"geometry":{"type":"Polygon","coordinates":[[[-3.58319,40.0335],[-3.59268,40.0335],[-3.59268,40.0293],[-3.58319,40.0293],[-3.58319,40.0335]]]}},{"type":"Feature","properties":{"name":"Aranjuez--2801303001--raspberryOld","number_of_ads_buy":16,"average_prize_buy":1434.36,"number_of_ads_rent":0,"average_prize_rent":0,"normalized_prize_buy":0.8504144285155276,"normalized_ads_buy":0.5333333333333333,"normalized_prize_rent":null,"normalized_ads_rent":0,"date":"2018-12-07T07:25:35.000Z","fill-opacity":0.6803315428124221,"fill":"#ff0000"},"bbox":[-3.60292,40.0289,-3.60551,40.032],"geometry":{"type":"Polygon","coordinates":[[[-3.60292,40.032],[-3.60551,40.032],[-3.60551,40.0289],[-3.60292,40.0289],[-3.60292,40.032]]]}},{"type":"Feature","properties":{"name":"Aranjuez--2801303002--raspberryOld","number_of_ads_buy":30,"average_prize_buy":1453.17,"number_of_ads_rent":7,"average_prize_rent":7.87122,"normalized_prize_buy":0.8615666465084842,"normalized_ads_buy":1,"normalized_prize_rent":null,"normalized_ads_rent":0.23333333333333334,"date":"2018-12-07T07:26:03.000Z","fill-opacity":0.6892533172067874,"fill":"#ff0000"},"bbox":[-3.60016,40.0203,-3.60575,40.029],"geometry":{"type":"Polygon","coordinates":[[[-3.60016,40.029],[-3.60575,40.029],[-3.60575,40.0203],[-3.60016,40.0203],[-3.60016,40.029]]]}},{"type":"Feature","properties":{"name":"Aranjuez--2801303003--raspberryOld","number_of_ads_buy":26,"average_prize_buy":1685.6,"number_of_ads_rent":3,"average_prize_rent":8.05316,"normalized_prize_buy":0.9993715390179407,"normalized_ads_buy":0.8666666666666667,"normalized_prize_rent":null,"normalized_ads_rent":0.1,"date":"2018-12-07T07:26:26.000Z","fill-opacity":0.7994972312143527,"fill":"#ff0000"},"bbox":[-3.60521,40.0284,-3.60914,40.0322],"geometry":{"type":"Polygon","coordinates":[[[-3.60521,40.0322],[-3.60914,40.0322],[-3.60914,40.0284],[-3.60521,40.0284],[-3.60521,40.0322]]]}},{"type":"Feature","properties":{"name":"Aranjuez--2801303004--raspberryOld","number_of_ads_buy":3,"average_prize_buy":1404.86,"number_of_ads_rent":1,"average_prize_rent":17.5,"normalized_prize_buy":0.8329242408072758,"normalized_ads_buy":0.1,"normalized_prize_rent":null,"normalized_ads_rent":0.03333333333333333,"date":"2018-12-07T07:26:46.000Z","fill-opacity":0.6663393926458206,"fill":"#ff0000"},"bbox":[-3.60561,40.0257,-3.61242,40.0289],"geometry":{"type":"Polygon","coordinates":[[[-3.60561,40.0289],[-3.61242,40.0289],[-3.61242,40.0257],[-3.60561,40.0257],[-3.60561,40.0289]]]}},{"type":"Feature","properties":{"name":"Aranjuez--2801303005--raspberryOld","number_of_ads_buy":3,"average_prize_buy":1377.15,"number_of_ads_rent":0,"average_prize_rent":0,"normalized_prize_buy":0.8164953221158977,"normalized_ads_buy":0.1,"normalized_prize_rent":null,"normalized_ads_rent":0,"date":"2018-12-07T07:27:05.000Z","fill-opacity":0.6531962576927182,"fill":"#ff0000"},"bbox":[-3.60876,40.0282,-3.61363,40.0323],"geometry":{"type":"Polygon","coordinates":[[[-3.60876,40.0323],[-3.61363,40.0323],[-3.61363,40.0282],[-3.60876,40.0282],[-3.60876,40.0323]]]}},{"type":"Feature","properties":{"name":"Aranjuez--2801303006--raspberryOld","number_of_ads_buy":11,"average_prize_buy":1563.03,"number_of_ads_rent":0,"average_prize_rent":0,"normalized_prize_buy":0.9267012913094518,"normalized_ads_buy":0.36666666666666664,"normalized_prize_rent":null,"normalized_ads_rent":0,"date":"2018-12-07T07:27:24.000Z","fill-opacity":0.7413610330475615,"fill":"#ff0000"},"bbox":[-3.61207,40.0253,-3.6235,40.0317],"geometry":{"type":"Polygon","coordinates":[[[-3.61207,40.0317],[-3.6235,40.0317],[-3.6235,40.0253],[-3.61207,40.0253],[-3.61207,40.0317]]]}},{"type":"Feature","properties":{"name":"Aranjuez--2801303007--raspberryOld","number_of_ads_buy":1,"average_prize_buy":1184.21,"number_of_ads_rent":0,"average_prize_rent":0,"normalized_prize_buy":0.7021035656267416,"normalized_ads_buy":0.03333333333333333,"normalized_prize_rent":null,"normalized_ads_rent":0,"date":"2018-12-07T07:27:44.000Z","fill-opacity":0.5616828525013933,"fill":"#ff0000"},"bbox":[-3.61432,40.0247,-3.61773,40.028],"geometry":{"type":"Polygon","coordinates":[[[-3.61432,40.028],[-3.61773,40.028],[-3.61773,40.0247],[-3.61432,40.0247],[-3.61432,40.028]]]}},{"type":"Feature","properties":{"name":"Aranjuez--2801303008--raspberryOld","number_of_ads_buy":26,"average_prize_buy":1414.51,"number_of_ads_rent":1,"average_prize_rent":17.5,"normalized_prize_buy":0.8386456072948905,"normalized_ads_buy":0.8666666666666667,"normalized_prize_rent":null,"normalized_ads_rent":0.03333333333333333,"date":"2018-12-07T07:28:09.000Z","fill-opacity":0.6709164858359125,"fill":"#ff0000"},"bbox":[-3.6047,40.0196,-3.61901,40.027],"geometry":{"type":"Polygon","coordinates":[[[-3.6047,40.027],[-3.61901,40.027],[-3.61901,40.0196],[-3.6047,40.0196],[-3.6047,40.027]]]}},{"type":"Feature","properties":{"name":"Aranjuez--2801303009--raspberryOld","number_of_ads_buy":12,"average_prize_buy":1490.67,"number_of_ads_rent":0,"average_prize_rent":0,"normalized_prize_buy":0.8837999359681263,"normalized_ads_buy":0.4,"normalized_prize_rent":null,"normalized_ads_rent":0,"date":"2018-12-07T07:28:30.000Z","fill-opacity":0.7070399487745012,"fill":"#ff0000"},"bbox":[-3.61443,40.0219,-3.62407,40.0251],"geometry":{"type":"Polygon","coordinates":[[[-3.61443,40.0251],[-3.62407,40.0251],[-3.62407,40.0219],[-3.61443,40.0219],[-3.61443,40.0251]]]}},{"type":"Feature","properties":{"name":"Aranjuez--2801303010--raspberryOld","number_of_ads_buy":12,"average_prize_buy":1631.97,"number_of_ads_rent":0,"average_prize_rent":0,"normalized_prize_buy":0.9675749706520579,"normalized_ads_buy":0.4,"normalized_prize_rent":null,"normalized_ads_rent":0,"date":"2018-12-07T07:28:48.000Z","fill-opacity":0.7740599765216464,"fill":"#ff0000"},"bbox":[-3.61716,40.0234,-3.62417,40.0279],"geometry":{"type":"Polygon","coordinates":[[[-3.61716,40.0279],[-3.62417,40.0279],[-3.62417,40.0234],[-3.61716,40.0234],[-3.61716,40.0279]]]}},{"type":"Feature","properties":{"name":"Aranjuez--2801304001--raspberryOld","number_of_ads_buy":10,"average_prize_buy":1389.05,"number_of_ads_rent":1,"average_prize_rent":9.09091,"normalized_prize_buy":0.8235506859710907,"normalized_ads_buy":0.3333333333333333,"normalized_prize_rent":null,"normalized_ads_rent":0.03333333333333333,"date":"2018-12-07T07:29:09.000Z","fill-opacity":0.6588405487768726,"fill":"#ff0000"},"bbox":[-3.60262,40.0319,-3.60876,40.0345],"geometry":{"type":"Polygon","coordinates":[[[-3.60262,40.0345],[-3.60876,40.0345],[-3.60876,40.0319],[-3.60262,40.0319],[-3.60262,40.0345]]]}},{"type":"Feature","properties":{"name":"Aranjuez--2801304002--raspberryOld","number_of_ads_buy":6,"average_prize_buy":1223.48,"number_of_ads_rent":1,"average_prize_rent":6.31579,"normalized_prize_buy":0.7253862663488788,"normalized_ads_buy":0.2,"normalized_prize_rent":null,"normalized_ads_rent":0.03333333333333333,"date":"2018-12-07T07:29:29.000Z","fill-opacity":0.5803090130791031,"fill":"#ff0000"},"bbox":[-3.60827,40.0295,-3.61913,40.0358],"geometry":{"type":"Polygon","coordinates":[[[-3.60827,40.0358],[-3.61913,40.0358],[-3.61913,40.0295],[-3.60827,40.0295],[-3.60827,40.0358]]]}},{"type":"Feature","properties":{"name":"Aranjuez--2801304003--raspberryOld","number_of_ads_buy":28,"average_prize_buy":972.269,"number_of_ads_rent":28,"average_prize_rent":5.80653,"normalized_prize_buy":0.5764463495903146,"normalized_ads_buy":0.9333333333333333,"normalized_prize_rent":null,"normalized_ads_rent":0.9333333333333333,"date":"2018-12-07T07:30:01.000Z","fill-opacity":0.4611570796722517,"fill":"#ff0000"},"bbox":[-3.51354,39.8848,-3.87569,40.1306],"geometry":{"type":"Polygon","coordinates":[[[-3.51354,40.1306],[-3.87569,40.1306],[-3.87569,39.8848],[-3.51354,39.8848],[-3.51354,40.1306]]]}},{"type":"Feature","properties":{"name":"Aranjuez--2801304004--raspberryOld","number_of_ads_buy":30,"average_prize_buy":1212.95,"number_of_ads_rent":6,"average_prize_rent":4.08631,"normalized_prize_buy":0.7191431586686113,"normalized_ads_buy":1,"normalized_prize_rent":null,"normalized_ads_rent":0.2,"date":"2018-12-07T07:30:37.000Z","fill-opacity":0.575314526934889,"fill":"#ff0000"},"bbox":[-3.59354,40.0547,-3.6131,40.0683],"geometry":{"type":"Polygon","coordinates":[[[-3.59354,40.0683],[-3.6131,40.0683],[-3.6131,40.0547],[-3.59354,40.0547],[-3.59354,40.0683]]]}},{"type":"Feature","properties":{"name":"Aranjuez--2801304005--raspberryOld","number_of_ads_buy":30,"average_prize_buy":1200.97,"number_of_ads_rent":6,"average_prize_rent":4.08631,"normalized_prize_buy":0.7120403637959043,"normalized_ads_buy":1,"normalized_prize_rent":null,"normalized_ads_rent":0.2,"date":"2018-12-07T07:31:01.000Z","fill-opacity":0.5696322910367234,"fill":"#ff0000"},"bbox":[-3.58703,40.0524,-3.6133,40.0655],"geometry":{"type":"Polygon","coordinates":[[[-3.58703,40.0655],[-3.6133,40.0655],[-3.6133,40.0524],[-3.58703,40.0524],[-3.58703,40.0655]]]}}]}