{"type":"FeatureCollection","features":[{"type":"Feature","properties":{"name":"Arganda del Rey--2801401001--raspberryOld","number_of_ads_buy":29,"average_prize_buy":1665.62,"number_of_ads_rent":1,"average_prize_rent":25,"normalized_prize_buy":0.869162731233856,"normalized_ads_buy":0.9666666666666667,"normalized_prize_rent":null,"normalized_ads_rent":0.03333333333333333,"date":"2018-12-07T07:31:29.000Z","fill-opacity":0.6953301849870849,"fill":"#ff0000"},"bbox":[-3.44442,40.302,-3.45408,40.3067],"geometry":{"type":"Polygon","coordinates":[[[-3.44442,40.3067],[-3.45408,40.3067],[-3.45408,40.302],[-3.44442,40.302],[-3.44442,40.3067]]]}},{"type":"Feature","properties":{"name":"Arganda del Rey--2801401002--raspberryOld","number_of_ads_buy":22,"average_prize_buy":1699.31,"number_of_ads_rent":0,"average_prize_rent":0,"normalized_prize_buy":0.8867430271088267,"normalized_ads_buy":0.7333333333333333,"normalized_prize_rent":null,"normalized_ads_rent":0,"date":"2018-12-07T07:31:50.000Z","fill-opacity":0.7093944216870613,"fill":"#ff0000"},"bbox":[-3.4419,40.303,-3.44745,40.3066],"geometry":{"type":"Polygon","coordinates":[[[-3.4419,40.3066],[-3.44745,40.3066],[-3.44745,40.303],[-3.4419,40.303],[-3.4419,40.3066]]]}},{"type":"Feature","properties":{"name":"Arganda del Rey--2801401003--raspberryOld","number_of_ads_buy":18,"average_prize_buy":1576.95,"number_of_ads_rent":0,"average_prize_rent":0,"normalized_prize_buy":0.8228924778876511,"normalized_ads_buy":0.6,"normalized_prize_rent":null,"normalized_ads_rent":0,"date":"2018-12-07T07:32:12.000Z","fill-opacity":0.658313982310121,"fill":"#ff0000"},"bbox":[-3.44136,40.301,-3.44653,40.3037],"geometry":{"type":"Polygon","coordinates":[[[-3.44136,40.3037],[-3.44653,40.3037],[-3.44653,40.301],[-3.44136,40.301],[-3.44136,40.3037]]]}},{"type":"Feature","properties":{"name":"Arganda del Rey--2801401004--raspberryOld","number_of_ads_buy":8,"average_prize_buy":1324.79,"number_of_ads_rent":0,"average_prize_rent":0,"normalized_prize_buy":0.6913089988780755,"normalized_ads_buy":0.26666666666666666,"normalized_prize_rent":null,"normalized_ads_rent":0,"date":"2018-12-07T07:32:32.000Z","fill-opacity":0.5530471991024605,"fill":"#ff0000"},"bbox":[-3.43911,40.302,-3.44293,40.3052],"geometry":{"type":"Polygon","coordinates":[[[-3.43911,40.3052],[-3.44293,40.3052],[-3.44293,40.302],[-3.43911,40.302],[-3.43911,40.3052]]]}},{"type":"Feature","properties":{"name":"Arganda del Rey--2801401005--raspberryOld","number_of_ads_buy":16,"average_prize_buy":1298.45,"number_of_ads_rent":1,"average_prize_rent":7.1875,"normalized_prize_buy":0.677564119289274,"normalized_ads_buy":0.5333333333333333,"normalized_prize_rent":null,"normalized_ads_rent":0.03333333333333333,"date":"2018-12-07T07:32:55.000Z","fill-opacity":0.5420512954314192,"fill":"#ff0000"},"bbox":[-3.43711,40.3005,-3.44224,40.3029],"geometry":{"type":"Polygon","coordinates":[[[-3.43711,40.3029],[-3.44224,40.3029],[-3.44224,40.3005],[-3.43711,40.3005],[-3.43711,40.3029]]]}},{"type":"Feature","properties":{"name":"Arganda del Rey--2801401006--raspberryOld","number_of_ads_buy":7,"average_prize_buy":1217.49,"number_of_ads_rent":0,"average_prize_rent":0,"normalized_prize_buy":0.6353171393534585,"normalized_ads_buy":0.23333333333333334,"normalized_prize_rent":null,"normalized_ads_rent":0,"date":"2018-12-07T07:33:16.000Z","fill-opacity":0.5082537114827668,"fill":"#ff0000"},"bbox":[-3.43683,40.3025,-3.43952,40.3049],"geometry":{"type":"Polygon","coordinates":[[[-3.43683,40.3049],[-3.43952,40.3049],[-3.43952,40.3025],[-3.43683,40.3025],[-3.43683,40.3049]]]}},{"type":"Feature","properties":{"name":"Arganda del Rey--2801401007--raspberryOld","number_of_ads_buy":12,"average_prize_buy":1185.77,"number_of_ads_rent":0,"average_prize_rent":0,"normalized_prize_buy":0.6187648394082501,"normalized_ads_buy":0.4,"normalized_prize_rent":null,"normalized_ads_rent":0,"date":"2018-12-07T07:33:35.000Z","fill-opacity":0.4950118715266001,"fill":"#ff0000"},"bbox":[-3.43394,40.2998,-3.43827,40.3056],"geometry":{"type":"Polygon","coordinates":[[[-3.43394,40.3056],[-3.43827,40.3056],[-3.43827,40.2998],[-3.43394,40.2998],[-3.43394,40.3056]]]}},{"type":"Feature","properties":{"name":"Arganda del Rey--2801401008--raspberryOld","number_of_ads_buy":29,"average_prize_buy":1427.51,"number_of_ads_rent":5,"average_prize_rent":6.9806,"normalized_prize_buy":0.7449108983223316,"normalized_ads_buy":0.9666666666666667,"normalized_prize_rent":null,"normalized_ads_rent":0.16666666666666666,"date":"2018-12-07T07:34:00.000Z","fill-opacity":0.5959287186578653,"fill":"#ff0000"},"bbox":[-3.36975,40.2575,-3.4356,40.3023],"geometry":{"type":"Polygon","coordinates":[[[-3.36975,40.3023],[-3.4356,40.3023],[-3.4356,40.2575],[-3.36975,40.2575],[-3.36975,40.3023]]]}},{"type":"Feature","properties":{"name":"Arganda del Rey--2801401009--raspberryOld","number_of_ads_buy":30,"average_prize_buy":1499.76,"number_of_ads_rent":0,"average_prize_rent":0,"normalized_prize_buy":0.7826127795027005,"normalized_ads_buy":1,"normalized_prize_rent":null,"normalized_ads_rent":0,"date":"2018-12-07T07:34:24.000Z","fill-opacity":0.6260902236021604,"fill":"#ff0000"},"bbox":[-3.43316,40.2959,-3.43943,40.3006],"geometry":{"type":"Polygon","coordinates":[[[-3.43316,40.3006],[-3.43943,40.3006],[-3.43943,40.2959],[-3.43316,40.2959],[-3.43316,40.3006]]]}},{"type":"Feature","properties":{"name":"Arganda del Rey--2801401010--raspberryOld","number_of_ads_buy":29,"average_prize_buy":1458.83,"number_of_ads_rent":3,"average_prize_rent":6.96414,"normalized_prize_buy":0.761254468129517,"normalized_ads_buy":0.9666666666666667,"normalized_prize_rent":null,"normalized_ads_rent":0.1,"date":"2018-12-07T07:34:49.000Z","fill-opacity":0.6090035745036136,"fill":"#ff0000"},"bbox":[-3.44042,40.296,-3.44679,40.3011],"geometry":{"type":"Polygon","coordinates":[[[-3.44042,40.3011],[-3.44679,40.3011],[-3.44679,40.296],[-3.44042,40.296],[-3.44042,40.3011]]]}},{"type":"Feature","properties":{"name":"Arganda del Rey--2801401011--raspberryOld","number_of_ads_buy":30,"average_prize_buy":1383.52,"number_of_ads_rent":1,"average_prize_rent":8,"normalized_prize_buy":0.7219558013932736,"normalized_ads_buy":1,"normalized_prize_rent":null,"normalized_ads_rent":0.03333333333333333,"date":"2018-12-07T07:35:17.000Z","fill-opacity":0.5775646411146189,"fill":"#ff0000"},"bbox":[-3.42763,40.2574,-3.45359,40.2943],"geometry":{"type":"Polygon","coordinates":[[[-3.42763,40.2943],[-3.45359,40.2943],[-3.45359,40.2574],[-3.42763,40.2574],[-3.42763,40.2943]]]}},{"type":"Feature","properties":{"name":"Arganda del Rey--2801401012--raspberryOld","number_of_ads_buy":29,"average_prize_buy":1471.68,"number_of_ads_rent":1,"average_prize_rent":5.32258,"normalized_prize_buy":0.7679599238134996,"normalized_ads_buy":0.9666666666666667,"normalized_prize_rent":null,"normalized_ads_rent":0.03333333333333333,"date":"2018-12-07T07:35:46.000Z","fill-opacity":0.6143679390507998,"fill":"#ff0000"},"bbox":[-3.44318,40.2965,-3.44855,40.3024],"geometry":{"type":"Polygon","coordinates":[[[-3.44318,40.3024],[-3.44855,40.3024],[-3.44855,40.2965],[-3.44318,40.2965],[-3.44318,40.3024]]]}},{"type":"Feature","properties":{"name":"Arganda del Rey--2801401013--raspberryOld","number_of_ads_buy":30,"average_prize_buy":1659.73,"number_of_ads_rent":7,"average_prize_rent":9.22311,"normalized_prize_buy":0.8660891799514703,"normalized_ads_buy":1,"normalized_prize_rent":null,"normalized_ads_rent":0.23333333333333334,"date":"2018-12-07T07:36:16.000Z","fill-opacity":0.6928713439611762,"fill":"#ff0000"},"bbox":[-3.44523,40.29,-3.48833,40.3095],"geometry":{"type":"Polygon","coordinates":[[[-3.44523,40.3095],[-3.48833,40.3095],[-3.48833,40.29],[-3.44523,40.29],[-3.44523,40.3095]]]}},{"type":"Feature","properties":{"name":"Arganda del Rey--2801401014--raspberryOld","number_of_ads_buy":30,"average_prize_buy":1558.75,"number_of_ads_rent":28,"average_prize_rent":8.54634,"normalized_prize_buy":0.8133952566076135,"normalized_ads_buy":1,"normalized_prize_rent":null,"normalized_ads_rent":0.9333333333333333,"date":"2018-12-07T07:36:48.000Z","fill-opacity":0.6507162052860909,"fill":"#ff0000"},"bbox":[-3.37672,40.2833,-3.51253,40.3523],"geometry":{"type":"Polygon","coordinates":[[[-3.37672,40.3523],[-3.51253,40.3523],[-3.51253,40.2833],[-3.37672,40.2833],[-3.37672,40.3523]]]}},{"type":"Feature","properties":{"name":"Arganda del Rey--2801401015--raspberryOld","number_of_ads_buy":4,"average_prize_buy":1289.86,"number_of_ads_rent":0,"average_prize_rent":0,"normalized_prize_buy":0.6730816395752341,"normalized_ads_buy":0.13333333333333333,"normalized_prize_rent":null,"normalized_ads_rent":0,"date":"2018-12-07T07:37:07.000Z","fill-opacity":0.5384653116601873,"fill":"#ff0000"},"bbox":[-3.47399,40.3143,-3.47913,40.3163],"geometry":{"type":"Polygon","coordinates":[[[-3.47399,40.3163],[-3.47913,40.3163],[-3.47913,40.3143],[-3.47399,40.3143],[-3.47399,40.3163]]]}},{"type":"Feature","properties":{"name":"Arganda del Rey--2801401016--raspberryOld","number_of_ads_buy":3,"average_prize_buy":1333.28,"number_of_ads_rent":0,"average_prize_rent":0,"normalized_prize_buy":0.6957392960576095,"normalized_ads_buy":0.1,"normalized_prize_rent":null,"normalized_ads_rent":0,"date":"2018-12-07T07:37:24.000Z","fill-opacity":0.5565914368460877,"fill":"#ff0000"},"bbox":[-3.44188,40.3,-3.44552,40.3015],"geometry":{"type":"Polygon","coordinates":[[[-3.44188,40.3015],[-3.44552,40.3015],[-3.44552,40.3],[-3.44188,40.3],[-3.44188,40.3015]]]}},{"type":"Feature","properties":{"name":"Arganda del Rey--2801401017--raspberryOld","number_of_ads_buy":30,"average_prize_buy":1514.32,"number_of_ads_rent":0,"average_prize_rent":0,"normalized_prize_buy":0.7902105565267306,"normalized_ads_buy":1,"normalized_prize_rent":null,"normalized_ads_rent":0,"date":"2018-12-07T07:37:50.000Z","fill-opacity":0.6321684452213845,"fill":"#ff0000"},"bbox":[-3.43276,40.2935,-3.43993,40.2989],"geometry":{"type":"Polygon","coordinates":[[[-3.43276,40.2989],[-3.43993,40.2989],[-3.43993,40.2935],[-3.43276,40.2935],[-3.43276,40.2989]]]}},{"type":"Feature","properties":{"name":"Arganda del Rey--2801401018--raspberryOld","number_of_ads_buy":29,"average_prize_buy":1462.82,"number_of_ads_rent":1,"average_prize_rent":8.38235,"normalized_prize_buy":0.7633365512562945,"normalized_ads_buy":0.9666666666666667,"normalized_prize_rent":null,"normalized_ads_rent":0.03333333333333333,"date":"2018-12-07T07:38:16.000Z","fill-opacity":0.6106692410050356,"fill":"#ff0000"},"bbox":[-3.43798,40.2926,-3.44335,40.3009],"geometry":{"type":"Polygon","coordinates":[[[-3.43798,40.3009],[-3.44335,40.3009],[-3.44335,40.2926],[-3.43798,40.2926],[-3.43798,40.3009]]]}},{"type":"Feature","properties":{"name":"Arganda del Rey--2801401019--raspberryOld","number_of_ads_buy":28,"average_prize_buy":1597.54,"number_of_ads_rent":4,"average_prize_rent":7.89024,"normalized_prize_buy":0.8336368617423748,"normalized_ads_buy":0.9333333333333333,"normalized_prize_rent":null,"normalized_ads_rent":0.13333333333333333,"date":"2018-12-07T07:38:41.000Z","fill-opacity":0.6669094893938999,"fill":"#ff0000"},"bbox":[-3.45373,40.3044,-3.49055,40.3171],"geometry":{"type":"Polygon","coordinates":[[[-3.45373,40.3171],[-3.49055,40.3171],[-3.49055,40.3044],[-3.45373,40.3044],[-3.45373,40.3171]]]}},{"type":"Feature","properties":{"name":"Arganda del Rey--2801401020--raspberryOld","number_of_ads_buy":24,"average_prize_buy":1643.99,"number_of_ads_rent":5,"average_prize_rent":8.47176,"normalized_prize_buy":0.8578756490202729,"normalized_ads_buy":0.8,"normalized_prize_rent":null,"normalized_ads_rent":0.16666666666666666,"date":"2018-12-07T07:39:01.000Z","fill-opacity":0.6863005192162184,"fill":"#ff0000"},"bbox":[-3.44442,40.309,-3.45737,40.3178],"geometry":{"type":"Polygon","coordinates":[[[-3.44442,40.3178],[-3.45737,40.3178],[-3.45737,40.309],[-3.44442,40.309],[-3.44442,40.3178]]]}},{"type":"Feature","properties":{"name":"Arganda del Rey--2801401021--raspberryOld","number_of_ads_buy":13,"average_prize_buy":1625.47,"number_of_ads_rent":2,"average_prize_rent":9.61275,"normalized_prize_buy":0.8482114436298172,"normalized_ads_buy":0.43333333333333335,"normalized_prize_rent":null,"normalized_ads_rent":0.06666666666666667,"date":"2018-12-07T07:39:23.000Z","fill-opacity":0.6785691549038537,"fill":"#ff0000"},"bbox":[-3.43646,40.3094,-3.44985,40.3165],"geometry":{"type":"Polygon","coordinates":[[[-3.43646,40.3165],[-3.44985,40.3165],[-3.44985,40.3094],[-3.43646,40.3094],[-3.43646,40.3165]]]}},{"type":"Feature","properties":{"name":"Arganda del Rey--2801401022--raspberryOld","number_of_ads_buy":27,"average_prize_buy":1482.55,"number_of_ads_rent":5,"average_prize_rent":6.9806,"normalized_prize_buy":0.7736321653142694,"normalized_ads_buy":0.9,"normalized_prize_rent":null,"normalized_ads_rent":0.16666666666666666,"date":"2018-12-07T07:39:47.000Z","fill-opacity":0.6189057322514155,"fill":"#ff0000"},"bbox":[-3.381,40.2484,-3.43609,40.2989],"geometry":{"type":"Polygon","coordinates":[[[-3.381,40.2989],[-3.43609,40.2989],[-3.43609,40.2484],[-3.381,40.2484],[-3.381,40.2989]]]}},{"type":"Feature","properties":{"name":"Arganda del Rey--2801401023--raspberryOld","number_of_ads_buy":7,"average_prize_buy":1510.94,"number_of_ads_rent":1,"average_prize_rent":5.86957,"normalized_prize_buy":0.7884467868604379,"normalized_ads_buy":0.23333333333333334,"normalized_prize_rent":null,"normalized_ads_rent":0.03333333333333333,"date":"2018-12-07T07:40:07.000Z","fill-opacity":0.6307574294883503,"fill":"#ff0000"},"bbox":[-3.4298,40.2935,-3.43572,40.2975],"geometry":{"type":"Polygon","coordinates":[[[-3.4298,40.2975],[-3.43572,40.2975],[-3.43572,40.2935],[-3.4298,40.2935],[-3.4298,40.2975]]]}},{"type":"Feature","properties":{"name":"Arganda del Rey--2801401024--raspberryOld","number_of_ads_buy":29,"average_prize_buy":1559.46,"number_of_ads_rent":15,"average_prize_rent":8.74319,"normalized_prize_buy":0.813765752602604,"normalized_ads_buy":0.9666666666666667,"normalized_prize_rent":null,"normalized_ads_rent":0.5,"date":"2018-12-07T07:40:32.000Z","fill-opacity":0.6510126020820832,"fill":"#ff0000"},"bbox":[-3.44188,40.2553,-3.51991,40.3179],"geometry":{"type":"Polygon","coordinates":[[[-3.44188,40.3179],[-3.51991,40.3179],[-3.51991,40.2553],[-3.44188,40.2553],[-3.44188,40.3179]]]}},{"type":"Feature","properties":{"name":"Arganda del Rey--2801401025--raspberryOld","number_of_ads_buy":30,"average_prize_buy":1851.76,"number_of_ads_rent":1,"average_prize_rent":7.72727,"normalized_prize_buy":0.9662953009627678,"normalized_ads_buy":1,"normalized_prize_rent":null,"normalized_ads_rent":0.03333333333333333,"date":"2018-12-07T07:41:01.000Z","fill-opacity":0.7730362407702143,"fill":"#ff0000"},"bbox":[-3.43529,40.3043,-3.45011,40.3112],"geometry":{"type":"Polygon","coordinates":[[[-3.43529,40.3112],[-3.45011,40.3112],[-3.45011,40.3043],[-3.43529,40.3043],[-3.43529,40.3112]]]}},{"type":"Feature","properties":{"name":"Arganda del Rey--2801401026--raspberryOld","number_of_ads_buy":26,"average_prize_buy":1916.35,"number_of_ads_rent":7,"average_prize_rent":8.17902,"normalized_prize_buy":1,"normalized_ads_buy":0.8666666666666667,"normalized_prize_rent":null,"normalized_ads_rent":0.23333333333333334,"date":"2018-12-07T07:41:26.000Z","fill-opacity":0.8,"fill":"#ff0000"},"bbox":[-3.44809,40.3044,-3.46794,40.3197],"geometry":{"type":"Polygon","coordinates":[[[-3.44809,40.3197],[-3.46794,40.3197],[-3.46794,40.3044],[-3.44809,40.3044],[-3.44809,40.3197]]]}}]}