{"type":"FeatureCollection","features":[{"type":"Feature","properties":{"name":"Arroyomolinos--piece--0-0--raspberry3bp","number_of_ads_buy":0,"average_prize_buy":0,"number_of_ads_rent":0,"average_prize_rent":0,"normalized_prize_buy":null,"normalized_ads_buy":null,"normalized_prize_rent":null,"normalized_ads_rent":null,"date":"2018-12-07T11:02:32.000Z","fill-opacity":null,"fill":"#ff0000"},"bbox":[-3.92698,40.2899,-3.93246,40.295],"geometry":{"type":"Polygon","coordinates":[[[-3.92698,40.295],[-3.93246,40.295],[-3.93246,40.2899],[-3.92698,40.2899],[-3.92698,40.295]]]}},{"type":"Feature","properties":{"name":"Arroyomolinos--piece--0-1--raspberry3bp","number_of_ads_buy":0,"average_prize_buy":0,"number_of_ads_rent":0,"average_prize_rent":0,"normalized_prize_buy":null,"normalized_ads_buy":null,"normalized_prize_rent":null,"normalized_ads_rent":null,"date":"2018-12-07T11:02:44.000Z","fill-opacity":null,"fill":"#ff0000"},"bbox":[-3.92698,40.2847,-3.93246,40.2899],"geometry":{"type":"Polygon","coordinates":[[[-3.92698,40.2899],[-3.93246,40.2899],[-3.93246,40.2847],[-3.92698,40.2847],[-3.92698,40.2899]]]}},{"type":"Feature","properties":{"name":"Arroyomolinos--piece--0-2--raspberry3bp","number_of_ads_buy":0,"average_prize_buy":0,"number_of_ads_rent":0,"average_prize_rent":0,"normalized_prize_buy":null,"normalized_ads_buy":null,"normalized_prize_rent":null,"normalized_ads_rent":null,"date":"2018-12-07T11:03:00.000Z","fill-opacity":null,"fill":"#ff0000"},"bbox":[-3.92698,40.2796,-3.93246,40.2847],"geometry":{"type":"Polygon","coordinates":[[[-3.92698,40.2847],[-3.93246,40.2847],[-3.93246,40.2796],[-3.92698,40.2796],[-3.92698,40.2847]]]}},{"type":"Feature","properties":{"name":"Arroyomolinos--piece--0-3--raspberry3bp","number_of_ads_buy":0,"average_prize_buy":0,"number_of_ads_rent":0,"average_prize_rent":0,"normalized_prize_buy":null,"normalized_ads_buy":null,"normalized_prize_rent":null,"normalized_ads_rent":null,"date":"2018-12-07T11:03:23.000Z","fill-opacity":null,"fill":"#ff0000"},"bbox":[-3.92698,40.2744,-3.93246,40.2796],"geometry":{"type":"Polygon","coordinates":[[[-3.92698,40.2796],[-3.93246,40.2796],[-3.93246,40.2744],[-3.92698,40.2744],[-3.92698,40.2796]]]}},{"type":"Feature","properties":{"name":"Arroyomolinos--piece--0-4--raspberry3bp","number_of_ads_buy":0,"average_prize_buy":0,"number_of_ads_rent":0,"average_prize_rent":0,"normalized_prize_buy":null,"normalized_ads_buy":null,"normalized_prize_rent":null,"normalized_ads_rent":null,"date":"2018-12-07T11:03:37.000Z","fill-opacity":null,"fill":"#ff0000"},"bbox":[-3.92698,40.2692,-3.93246,40.2744],"geometry":{"type":"Polygon","coordinates":[[[-3.92698,40.2744],[-3.93246,40.2744],[-3.93246,40.2692],[-3.92698,40.2692],[-3.92698,40.2744]]]}},{"type":"Feature","properties":{"name":"Arroyomolinos--piece--0-5--raspberry3bp","number_of_ads_buy":0,"average_prize_buy":0,"number_of_ads_rent":0,"average_prize_rent":0,"normalized_prize_buy":null,"normalized_ads_buy":null,"normalized_prize_rent":null,"normalized_ads_rent":null,"date":"2018-12-07T11:03:58.000Z","fill-opacity":null,"fill":"#ff0000"},"bbox":[-3.92698,40.2641,-3.93246,40.2692],"geometry":{"type":"Polygon","coordinates":[[[-3.92698,40.2692],[-3.93246,40.2692],[-3.93246,40.2641],[-3.92698,40.2641],[-3.92698,40.2692]]]}},{"type":"Feature","properties":{"name":"Arroyomolinos--piece--0-6--raspberry3bp","number_of_ads_buy":0,"average_prize_buy":0,"number_of_ads_rent":0,"average_prize_rent":0,"normalized_prize_buy":null,"normalized_ads_buy":null,"normalized_prize_rent":null,"normalized_ads_rent":null,"date":"2018-12-07T11:04:16.000Z","fill-opacity":null,"fill":"#ff0000"},"bbox":[-3.92698,40.2589,-3.93246,40.2641],"geometry":{"type":"Polygon","coordinates":[[[-3.92698,40.2641],[-3.93246,40.2641],[-3.93246,40.2589],[-3.92698,40.2589],[-3.92698,40.2641]]]}},{"type":"Feature","properties":{"name":"Arroyomolinos--piece--1-0--raspberry3bp","number_of_ads_buy":0,"average_prize_buy":0,"number_of_ads_rent":0,"average_prize_rent":0,"normalized_prize_buy":null,"normalized_ads_buy":null,"normalized_prize_rent":null,"normalized_ads_rent":null,"date":"2018-12-07T11:04:43.000Z","fill-opacity":null,"fill":"#ff0000"},"bbox":[-3.9215,40.2899,-3.92698,40.295],"geometry":{"type":"Polygon","coordinates":[[[-3.9215,40.295],[-3.92698,40.295],[-3.92698,40.2899],[-3.9215,40.2899],[-3.9215,40.295]]]}},{"type":"Feature","properties":{"name":"Arroyomolinos--piece--1-1--raspberry3bp","number_of_ads_buy":0,"average_prize_buy":0,"number_of_ads_rent":0,"average_prize_rent":0,"normalized_prize_buy":null,"normalized_ads_buy":null,"normalized_prize_rent":null,"normalized_ads_rent":null,"date":"2018-12-07T11:05:03.000Z","fill-opacity":null,"fill":"#ff0000"},"bbox":[-3.9215,40.2847,-3.92698,40.2899],"geometry":{"type":"Polygon","coordinates":[[[-3.9215,40.2899],[-3.92698,40.2899],[-3.92698,40.2847],[-3.9215,40.2847],[-3.9215,40.2899]]]}},{"type":"Feature","properties":{"name":"Arroyomolinos--piece--1-2--raspberry3bp","number_of_ads_buy":0,"average_prize_buy":0,"number_of_ads_rent":0,"average_prize_rent":0,"normalized_prize_buy":null,"normalized_ads_buy":null,"normalized_prize_rent":null,"normalized_ads_rent":null,"date":"2018-12-07T11:05:19.000Z","fill-opacity":null,"fill":"#ff0000"},"bbox":[-3.9215,40.2796,-3.92698,40.2847],"geometry":{"type":"Polygon","coordinates":[[[-3.9215,40.2847],[-3.92698,40.2847],[-3.92698,40.2796],[-3.9215,40.2796],[-3.9215,40.2847]]]}},{"type":"Feature","properties":{"name":"Arroyomolinos--piece--1-3--raspberry3bp","number_of_ads_buy":0,"average_prize_buy":0,"number_of_ads_rent":0,"average_prize_rent":0,"normalized_prize_buy":null,"normalized_ads_buy":null,"normalized_prize_rent":null,"normalized_ads_rent":null,"date":"2018-12-07T11:05:34.000Z","fill-opacity":null,"fill":"#ff0000"},"bbox":[-3.9215,40.2744,-3.92698,40.2796],"geometry":{"type":"Polygon","coordinates":[[[-3.9215,40.2796],[-3.92698,40.2796],[-3.92698,40.2744],[-3.9215,40.2744],[-3.9215,40.2796]]]}},{"type":"Feature","properties":{"name":"Arroyomolinos--piece--1-4--raspberry3bp","number_of_ads_buy":0,"average_prize_buy":0,"number_of_ads_rent":0,"average_prize_rent":0,"normalized_prize_buy":null,"normalized_ads_buy":null,"normalized_prize_rent":null,"normalized_ads_rent":null,"date":"2018-12-07T11:05:51.000Z","fill-opacity":null,"fill":"#ff0000"},"bbox":[-3.9215,40.2692,-3.92698,40.2744],"geometry":{"type":"Polygon","coordinates":[[[-3.9215,40.2744],[-3.92698,40.2744],[-3.92698,40.2692],[-3.9215,40.2692],[-3.9215,40.2744]]]}},{"type":"Feature","properties":{"name":"Arroyomolinos--piece--1-5--raspberry3bp","number_of_ads_buy":0,"average_prize_buy":0,"number_of_ads_rent":0,"average_prize_rent":0,"normalized_prize_buy":null,"normalized_ads_buy":null,"normalized_prize_rent":null,"normalized_ads_rent":null,"date":"2018-12-07T11:06:05.000Z","fill-opacity":null,"fill":"#ff0000"},"bbox":[-3.9215,40.2641,-3.92698,40.2692],"geometry":{"type":"Polygon","coordinates":[[[-3.9215,40.2692],[-3.92698,40.2692],[-3.92698,40.2641],[-3.9215,40.2641],[-3.9215,40.2692]]]}},{"type":"Feature","properties":{"name":"Arroyomolinos--piece--1-6--raspberry3bp","number_of_ads_buy":0,"average_prize_buy":0,"number_of_ads_rent":0,"average_prize_rent":0,"normalized_prize_buy":null,"normalized_ads_buy":null,"normalized_prize_rent":null,"normalized_ads_rent":null,"date":"2018-12-07T11:06:26.000Z","fill-opacity":null,"fill":"#ff0000"},"bbox":[-3.9215,40.2589,-3.92698,40.2641],"geometry":{"type":"Polygon","coordinates":[[[-3.9215,40.2641],[-3.92698,40.2641],[-3.92698,40.2589],[-3.9215,40.2589],[-3.9215,40.2641]]]}},{"type":"Feature","properties":{"name":"Arroyomolinos--piece--2-0--raspberry3bp","number_of_ads_buy":0,"average_prize_buy":0,"number_of_ads_rent":0,"average_prize_rent":0,"normalized_prize_buy":null,"normalized_ads_buy":null,"normalized_prize_rent":null,"normalized_ads_rent":null,"date":"2018-12-07T11:06:41.000Z","fill-opacity":null,"fill":"#ff0000"},"bbox":[-3.91602,40.2899,-3.9215,40.295],"geometry":{"type":"Polygon","coordinates":[[[-3.91602,40.295],[-3.9215,40.295],[-3.9215,40.2899],[-3.91602,40.2899],[-3.91602,40.295]]]}},{"type":"Feature","properties":{"name":"Arroyomolinos--piece--2-1--raspberry3bp","number_of_ads_buy":0,"average_prize_buy":0,"number_of_ads_rent":0,"average_prize_rent":0,"normalized_prize_buy":null,"normalized_ads_buy":null,"normalized_prize_rent":null,"normalized_ads_rent":null,"date":"2018-12-07T11:06:55.000Z","fill-opacity":null,"fill":"#ff0000"},"bbox":[-3.91602,40.2847,-3.9215,40.2899],"geometry":{"type":"Polygon","coordinates":[[[-3.91602,40.2899],[-3.9215,40.2899],[-3.9215,40.2847],[-3.91602,40.2847],[-3.91602,40.2899]]]}},{"type":"Feature","properties":{"name":"Arroyomolinos--piece--2-2--raspberry3bp","number_of_ads_buy":0,"average_prize_buy":0,"number_of_ads_rent":0,"average_prize_rent":0,"normalized_prize_buy":null,"normalized_ads_buy":null,"normalized_prize_rent":null,"normalized_ads_rent":null,"date":"2018-12-07T11:07:08.000Z","fill-opacity":null,"fill":"#ff0000"},"bbox":[-3.91602,40.2796,-3.9215,40.2847],"geometry":{"type":"Polygon","coordinates":[[[-3.91602,40.2847],[-3.9215,40.2847],[-3.9215,40.2796],[-3.91602,40.2796],[-3.91602,40.2847]]]}},{"type":"Feature","properties":{"name":"Arroyomolinos--piece--2-3--raspberry3bp","number_of_ads_buy":0,"average_prize_buy":0,"number_of_ads_rent":0,"average_prize_rent":0,"normalized_prize_buy":null,"normalized_ads_buy":null,"normalized_prize_rent":null,"normalized_ads_rent":null,"date":"2018-12-07T11:07:23.000Z","fill-opacity":null,"fill":"#ff0000"},"bbox":[-3.91602,40.2744,-3.9215,40.2796],"geometry":{"type":"Polygon","coordinates":[[[-3.91602,40.2796],[-3.9215,40.2796],[-3.9215,40.2744],[-3.91602,40.2744],[-3.91602,40.2796]]]}},{"type":"Feature","properties":{"name":"Arroyomolinos--piece--2-4--raspberry3bp","number_of_ads_buy":0,"average_prize_buy":0,"number_of_ads_rent":1,"average_prize_rent":0,"normalized_prize_buy":null,"normalized_ads_buy":null,"normalized_prize_rent":null,"normalized_ads_rent":null,"date":"2018-12-07T11:07:41.000Z","fill-opacity":null,"fill":"#ff0000"},"bbox":[-3.91602,40.2692,-3.9215,40.2744],"geometry":{"type":"Polygon","coordinates":[[[-3.91602,40.2744],[-3.9215,40.2744],[-3.9215,40.2692],[-3.91602,40.2692],[-3.91602,40.2744]]]}},{"type":"Feature","properties":{"name":"Arroyomolinos--piece--2-5--raspberry3bp","number_of_ads_buy":0,"average_prize_buy":0,"number_of_ads_rent":0,"average_prize_rent":0,"normalized_prize_buy":null,"normalized_ads_buy":null,"normalized_prize_rent":null,"normalized_ads_rent":null,"date":"2018-12-07T11:07:54.000Z","fill-opacity":null,"fill":"#ff0000"},"bbox":[-3.91602,40.2641,-3.9215,40.2692],"geometry":{"type":"Polygon","coordinates":[[[-3.91602,40.2692],[-3.9215,40.2692],[-3.9215,40.2641],[-3.91602,40.2641],[-3.91602,40.2692]]]}},{"type":"Feature","properties":{"name":"Arroyomolinos--piece--2-6--raspberry3bp","number_of_ads_buy":0,"average_prize_buy":0,"number_of_ads_rent":0,"average_prize_rent":0,"normalized_prize_buy":null,"normalized_ads_buy":null,"normalized_prize_rent":null,"normalized_ads_rent":null,"date":"2018-12-07T11:08:10.000Z","fill-opacity":null,"fill":"#ff0000"},"bbox":[-3.91602,40.2589,-3.9215,40.2641],"geometry":{"type":"Polygon","coordinates":[[[-3.91602,40.2641],[-3.9215,40.2641],[-3.9215,40.2589],[-3.91602,40.2589],[-3.91602,40.2641]]]}},{"type":"Feature","properties":{"name":"Arroyomolinos--piece--3-0--raspberry3bp","number_of_ads_buy":0,"average_prize_buy":0,"number_of_ads_rent":1,"average_prize_rent":8,"normalized_prize_buy":null,"normalized_ads_buy":null,"normalized_prize_rent":null,"normalized_ads_rent":null,"date":"2018-12-07T11:08:27.000Z","fill-opacity":null,"fill":"#ff0000"},"bbox":[-3.91054,40.2899,-3.91602,40.295],"geometry":{"type":"Polygon","coordinates":[[[-3.91054,40.295],[-3.91602,40.295],[-3.91602,40.2899],[-3.91054,40.2899],[-3.91054,40.295]]]}},{"type":"Feature","properties":{"name":"Arroyomolinos--piece--3-1--raspberry3bp","number_of_ads_buy":0,"average_prize_buy":0,"number_of_ads_rent":1,"average_prize_rent":0,"normalized_prize_buy":null,"normalized_ads_buy":null,"normalized_prize_rent":null,"normalized_ads_rent":null,"date":"2018-12-07T11:08:44.000Z","fill-opacity":null,"fill":"#ff0000"},"bbox":[-3.91054,40.2847,-3.91602,40.2899],"geometry":{"type":"Polygon","coordinates":[[[-3.91054,40.2899],[-3.91602,40.2899],[-3.91602,40.2847],[-3.91054,40.2847],[-3.91054,40.2899]]]}},{"type":"Feature","properties":{"name":"Arroyomolinos--piece--3-2--raspberry3bp","number_of_ads_buy":0,"average_prize_buy":0,"number_of_ads_rent":0,"average_prize_rent":0,"normalized_prize_buy":null,"normalized_ads_buy":null,"normalized_prize_rent":null,"normalized_ads_rent":null,"date":"2018-12-07T11:08:56.000Z","fill-opacity":null,"fill":"#ff0000"},"bbox":[-3.91054,40.2796,-3.91602,40.2847],"geometry":{"type":"Polygon","coordinates":[[[-3.91054,40.2847],[-3.91602,40.2847],[-3.91602,40.2796],[-3.91054,40.2796],[-3.91054,40.2847]]]}},{"type":"Feature","properties":{"name":"Arroyomolinos--piece--3-3--raspberry3bp","number_of_ads_buy":0,"average_prize_buy":0,"number_of_ads_rent":0,"average_prize_rent":0,"normalized_prize_buy":null,"normalized_ads_buy":null,"normalized_prize_rent":null,"normalized_ads_rent":null,"date":"2018-12-07T11:09:15.000Z","fill-opacity":null,"fill":"#ff0000"},"bbox":[-3.91054,40.2744,-3.91602,40.2796],"geometry":{"type":"Polygon","coordinates":[[[-3.91054,40.2796],[-3.91602,40.2796],[-3.91602,40.2744],[-3.91054,40.2744],[-3.91054,40.2796]]]}},{"type":"Feature","properties":{"name":"Arroyomolinos--piece--3-4--raspberry3bp","number_of_ads_buy":0,"average_prize_buy":0,"number_of_ads_rent":0,"average_prize_rent":0,"normalized_prize_buy":null,"normalized_ads_buy":null,"normalized_prize_rent":null,"normalized_ads_rent":null,"date":"2018-12-07T11:09:28.000Z","fill-opacity":null,"fill":"#ff0000"},"bbox":[-3.91054,40.2692,-3.91602,40.2744],"geometry":{"type":"Polygon","coordinates":[[[-3.91054,40.2744],[-3.91602,40.2744],[-3.91602,40.2692],[-3.91054,40.2692],[-3.91054,40.2744]]]}},{"type":"Feature","properties":{"name":"Arroyomolinos--piece--3-5--raspberry3bp","number_of_ads_buy":0,"average_prize_buy":0,"number_of_ads_rent":0,"average_prize_rent":0,"normalized_prize_buy":null,"normalized_ads_buy":null,"normalized_prize_rent":null,"normalized_ads_rent":null,"date":"2018-12-07T11:09:44.000Z","fill-opacity":null,"fill":"#ff0000"},"bbox":[-3.91054,40.2641,-3.91602,40.2692],"geometry":{"type":"Polygon","coordinates":[[[-3.91054,40.2692],[-3.91602,40.2692],[-3.91602,40.2641],[-3.91054,40.2641],[-3.91054,40.2692]]]}},{"type":"Feature","properties":{"name":"Arroyomolinos--piece--3-6--raspberry3bp","number_of_ads_buy":0,"average_prize_buy":0,"number_of_ads_rent":0,"average_prize_rent":0,"normalized_prize_buy":null,"normalized_ads_buy":null,"normalized_prize_rent":null,"normalized_ads_rent":null,"date":"2018-12-07T11:09:59.000Z","fill-opacity":null,"fill":"#ff0000"},"bbox":[-3.91054,40.2589,-3.91602,40.2641],"geometry":{"type":"Polygon","coordinates":[[[-3.91054,40.2641],[-3.91602,40.2641],[-3.91602,40.2589],[-3.91054,40.2589],[-3.91054,40.2641]]]}},{"type":"Feature","properties":{"name":"Arroyomolinos--piece--4-0--raspberry3bp","number_of_ads_buy":0,"average_prize_buy":0,"number_of_ads_rent":0,"average_prize_rent":0,"normalized_prize_buy":null,"normalized_ads_buy":null,"normalized_prize_rent":null,"normalized_ads_rent":null,"date":"2018-12-07T11:10:15.000Z","fill-opacity":null,"fill":"#ff0000"},"bbox":[-3.90506,40.2899,-3.91054,40.295],"geometry":{"type":"Polygon","coordinates":[[[-3.90506,40.295],[-3.91054,40.295],[-3.91054,40.2899],[-3.90506,40.2899],[-3.90506,40.295]]]}},{"type":"Feature","properties":{"name":"Arroyomolinos--piece--4-1--raspberry3bp","number_of_ads_buy":0,"average_prize_buy":0,"number_of_ads_rent":0,"average_prize_rent":0,"normalized_prize_buy":null,"normalized_ads_buy":null,"normalized_prize_rent":null,"normalized_ads_rent":null,"date":"2018-12-07T11:10:28.000Z","fill-opacity":null,"fill":"#ff0000"},"bbox":[-3.90506,40.2847,-3.91054,40.2899],"geometry":{"type":"Polygon","coordinates":[[[-3.90506,40.2899],[-3.91054,40.2899],[-3.91054,40.2847],[-3.90506,40.2847],[-3.90506,40.2899]]]}},{"type":"Feature","properties":{"name":"Arroyomolinos--piece--4-2--raspberry3bp","number_of_ads_buy":0,"average_prize_buy":0,"number_of_ads_rent":0,"average_prize_rent":0,"normalized_prize_buy":null,"normalized_ads_buy":null,"normalized_prize_rent":null,"normalized_ads_rent":null,"date":"2018-12-06T17:43:08.000Z","fill-opacity":null,"fill":"#ff0000"},"bbox":[-3.90506,40.2796,-3.91054,40.2847],"geometry":{"type":"Polygon","coordinates":[[[-3.90506,40.2847],[-3.91054,40.2847],[-3.91054,40.2796],[-3.90506,40.2796],[-3.90506,40.2847]]]}},{"type":"Feature","properties":{"name":"Arroyomolinos--piece--4-3--raspberry3bp","number_of_ads_buy":0,"average_prize_buy":0,"number_of_ads_rent":0,"average_prize_rent":0,"normalized_prize_buy":null,"normalized_ads_buy":null,"normalized_prize_rent":null,"normalized_ads_rent":null,"date":"2018-12-06T17:43:19.000Z","fill-opacity":null,"fill":"#ff0000"},"bbox":[-3.90506,40.2744,-3.91054,40.2796],"geometry":{"type":"Polygon","coordinates":[[[-3.90506,40.2796],[-3.91054,40.2796],[-3.91054,40.2744],[-3.90506,40.2744],[-3.90506,40.2796]]]}},{"type":"Feature","properties":{"name":"Arroyomolinos--piece--4-4--raspberry3bp","number_of_ads_buy":0,"average_prize_buy":0,"number_of_ads_rent":0,"average_prize_rent":0,"normalized_prize_buy":null,"normalized_ads_buy":null,"normalized_prize_rent":null,"normalized_ads_rent":null,"date":"2018-12-06T17:43:48.000Z","fill-opacity":null,"fill":"#ff0000"},"bbox":[-3.90506,40.2692,-3.91054,40.2744],"geometry":{"type":"Polygon","coordinates":[[[-3.90506,40.2744],[-3.91054,40.2744],[-3.91054,40.2692],[-3.90506,40.2692],[-3.90506,40.2744]]]}},{"type":"Feature","properties":{"name":"Arroyomolinos--piece--4-5--raspberry3bp","number_of_ads_buy":0,"average_prize_buy":0,"number_of_ads_rent":1,"average_prize_rent":0,"normalized_prize_buy":null,"normalized_ads_buy":null,"normalized_prize_rent":null,"normalized_ads_rent":null,"date":"2018-12-06T17:44:03.000Z","fill-opacity":null,"fill":"#ff0000"},"bbox":[-3.90506,40.2641,-3.91054,40.2692],"geometry":{"type":"Polygon","coordinates":[[[-3.90506,40.2692],[-3.91054,40.2692],[-3.91054,40.2641],[-3.90506,40.2641],[-3.90506,40.2692]]]}},{"type":"Feature","properties":{"name":"Arroyomolinos--piece--4-6--raspberry3bp","number_of_ads_buy":0,"average_prize_buy":0,"number_of_ads_rent":1,"average_prize_rent":0,"normalized_prize_buy":null,"normalized_ads_buy":null,"normalized_prize_rent":null,"normalized_ads_rent":null,"date":"2018-12-06T17:44:24.000Z","fill-opacity":null,"fill":"#ff0000"},"bbox":[-3.90506,40.2589,-3.91054,40.2641],"geometry":{"type":"Polygon","coordinates":[[[-3.90506,40.2641],[-3.91054,40.2641],[-3.91054,40.2589],[-3.90506,40.2589],[-3.90506,40.2641]]]}},{"type":"Feature","properties":{"name":"Arroyomolinos--piece--5-0--raspberry3bp","number_of_ads_buy":0,"average_prize_buy":0,"number_of_ads_rent":0,"average_prize_rent":0,"normalized_prize_buy":null,"normalized_ads_buy":null,"normalized_prize_rent":null,"normalized_ads_rent":null,"date":"2018-12-06T17:44:56.000Z","fill-opacity":null,"fill":"#ff0000"},"bbox":[-3.89958,40.2899,-3.90506,40.295],"geometry":{"type":"Polygon","coordinates":[[[-3.89958,40.295],[-3.90506,40.295],[-3.90506,40.2899],[-3.89958,40.2899],[-3.89958,40.295]]]}},{"type":"Feature","properties":{"name":"Arroyomolinos--piece--5-1--raspberry3bp","number_of_ads_buy":0,"average_prize_buy":0,"number_of_ads_rent":0,"average_prize_rent":0,"normalized_prize_buy":null,"normalized_ads_buy":null,"normalized_prize_rent":null,"normalized_ads_rent":null,"date":"2018-12-06T17:45:10.000Z","fill-opacity":null,"fill":"#ff0000"},"bbox":[-3.89958,40.2847,-3.90506,40.2899],"geometry":{"type":"Polygon","coordinates":[[[-3.89958,40.2899],[-3.90506,40.2899],[-3.90506,40.2847],[-3.89958,40.2847],[-3.89958,40.2899]]]}},{"type":"Feature","properties":{"name":"Arroyomolinos--piece--5-2--raspberry3bp","number_of_ads_buy":0,"average_prize_buy":0,"number_of_ads_rent":0,"average_prize_rent":0,"normalized_prize_buy":null,"normalized_ads_buy":null,"normalized_prize_rent":null,"normalized_ads_rent":null,"date":"2018-12-06T17:45:38.000Z","fill-opacity":null,"fill":"#ff0000"},"bbox":[-3.89958,40.2796,-3.90506,40.2847],"geometry":{"type":"Polygon","coordinates":[[[-3.89958,40.2847],[-3.90506,40.2847],[-3.90506,40.2796],[-3.89958,40.2796],[-3.89958,40.2847]]]}},{"type":"Feature","properties":{"name":"Arroyomolinos--piece--5-3--raspberry3bp","number_of_ads_buy":0,"average_prize_buy":0,"number_of_ads_rent":0,"average_prize_rent":0,"normalized_prize_buy":null,"normalized_ads_buy":null,"normalized_prize_rent":null,"normalized_ads_rent":null,"date":"2018-12-06T17:46:05.000Z","fill-opacity":null,"fill":"#ff0000"},"bbox":[-3.89958,40.2744,-3.90506,40.2796],"geometry":{"type":"Polygon","coordinates":[[[-3.89958,40.2796],[-3.90506,40.2796],[-3.90506,40.2744],[-3.89958,40.2744],[-3.89958,40.2796]]]}},{"type":"Feature","properties":{"name":"Arroyomolinos--piece--5-4--raspberry3bp","number_of_ads_buy":0,"average_prize_buy":0,"number_of_ads_rent":0,"average_prize_rent":0,"normalized_prize_buy":null,"normalized_ads_buy":null,"normalized_prize_rent":null,"normalized_ads_rent":null,"date":"2018-12-06T17:46:32.000Z","fill-opacity":null,"fill":"#ff0000"},"bbox":[-3.89958,40.2692,-3.90506,40.2744],"geometry":{"type":"Polygon","coordinates":[[[-3.89958,40.2744],[-3.90506,40.2744],[-3.90506,40.2692],[-3.89958,40.2692],[-3.89958,40.2744]]]}},{"type":"Feature","properties":{"name":"Arroyomolinos--piece--5-5--raspberry3bp","number_of_ads_buy":0,"average_prize_buy":0,"number_of_ads_rent":0,"average_prize_rent":0,"normalized_prize_buy":null,"normalized_ads_buy":null,"normalized_prize_rent":null,"normalized_ads_rent":null,"date":"2018-12-06T17:46:51.000Z","fill-opacity":null,"fill":"#ff0000"},"bbox":[-3.89958,40.2641,-3.90506,40.2692],"geometry":{"type":"Polygon","coordinates":[[[-3.89958,40.2692],[-3.90506,40.2692],[-3.90506,40.2641],[-3.89958,40.2641],[-3.89958,40.2692]]]}},{"type":"Feature","properties":{"name":"Arroyomolinos--piece--5-6--raspberry3bp","number_of_ads_buy":0,"average_prize_buy":0,"number_of_ads_rent":0,"average_prize_rent":0,"normalized_prize_buy":null,"normalized_ads_buy":null,"normalized_prize_rent":null,"normalized_ads_rent":null,"date":"2018-12-06T17:47:13.000Z","fill-opacity":null,"fill":"#ff0000"},"bbox":[-3.89958,40.2589,-3.90506,40.2641],"geometry":{"type":"Polygon","coordinates":[[[-3.89958,40.2641],[-3.90506,40.2641],[-3.90506,40.2589],[-3.89958,40.2589],[-3.89958,40.2641]]]}}]}