{"type":"FeatureCollection","features":[{"type":"Feature","properties":{"name":"Arroyomolinos--piece--0-0--gCloud","number_of_ads_buy":0,"average_prize_buy":0,"number_of_ads_rent":0,"average_prize_rent":0,"normalized_prize_buy":0,"normalized_ads_buy":0,"normalized_prize_rent":null,"normalized_ads_rent":0,"date":"2018-12-03T16:48:03.000Z","fill-opacity":0,"fill":"#ff0000"},"bbox":[-3.92698,40.2899,-3.93246,40.295],"geometry":{"type":"Polygon","coordinates":[[[-3.92698,40.295],[-3.93246,40.295],[-3.93246,40.2899],[-3.92698,40.2899],[-3.92698,40.295]]]}},{"type":"Feature","properties":{"name":"Arroyomolinos--piece--0-1--gCloud","number_of_ads_buy":0,"average_prize_buy":0,"number_of_ads_rent":0,"average_prize_rent":0,"normalized_prize_buy":0,"normalized_ads_buy":0,"normalized_prize_rent":null,"normalized_ads_rent":0,"date":"2018-12-03T16:48:12.000Z","fill-opacity":0,"fill":"#ff0000"},"bbox":[-3.92698,40.2847,-3.93246,40.2899],"geometry":{"type":"Polygon","coordinates":[[[-3.92698,40.2899],[-3.93246,40.2899],[-3.93246,40.2847],[-3.92698,40.2847],[-3.92698,40.2899]]]}},{"type":"Feature","properties":{"name":"Arroyomolinos--piece--0-2--gCloud","number_of_ads_buy":4,"average_prize_buy":1546.51,"number_of_ads_rent":0,"average_prize_rent":0,"normalized_prize_buy":0.7231244009071143,"normalized_ads_buy":0.13793103448275862,"normalized_prize_rent":null,"normalized_ads_rent":0,"date":"2018-12-03T16:48:20.000Z","fill-opacity":0.5784995207256914,"fill":"#ff0000"},"bbox":[-3.92698,40.2796,-3.93246,40.2847],"geometry":{"type":"Polygon","coordinates":[[[-3.92698,40.2847],[-3.93246,40.2847],[-3.93246,40.2796],[-3.92698,40.2796],[-3.92698,40.2847]]]}},{"type":"Feature","properties":{"name":"Arroyomolinos--piece--0-3--gCloud","number_of_ads_buy":14,"average_prize_buy":1770.32,"number_of_ads_rent":2,"average_prize_rent":4.64286,"normalized_prize_buy":0.827774530661866,"normalized_ads_buy":0.4827586206896552,"normalized_prize_rent":null,"normalized_ads_rent":0.06896551724137931,"date":"2018-12-03T16:48:27.000Z","fill-opacity":0.6622196245294929,"fill":"#ff0000"},"bbox":[-3.92698,40.2744,-3.93246,40.2796],"geometry":{"type":"Polygon","coordinates":[[[-3.92698,40.2796],[-3.93246,40.2796],[-3.93246,40.2744],[-3.92698,40.2744],[-3.92698,40.2796]]]}},{"type":"Feature","properties":{"name":"Arroyomolinos--piece--0-4--gCloud","number_of_ads_buy":3,"average_prize_buy":1485.65,"number_of_ads_rent":0,"average_prize_rent":0,"normalized_prize_buy":0.6946671965959834,"normalized_ads_buy":0.10344827586206896,"normalized_prize_rent":null,"normalized_ads_rent":0,"date":"2018-12-03T16:48:32.000Z","fill-opacity":0.5557337572767868,"fill":"#ff0000"},"bbox":[-3.92698,40.2692,-3.93246,40.2744],"geometry":{"type":"Polygon","coordinates":[[[-3.92698,40.2744],[-3.93246,40.2744],[-3.93246,40.2692],[-3.92698,40.2692],[-3.92698,40.2744]]]}},{"type":"Feature","properties":{"name":"Arroyomolinos--piece--0-5--gCloud","number_of_ads_buy":0,"average_prize_buy":0,"number_of_ads_rent":0,"average_prize_rent":0,"normalized_prize_buy":0,"normalized_ads_buy":0,"normalized_prize_rent":null,"normalized_ads_rent":0,"date":"2018-12-03T16:48:55.000Z","fill-opacity":0,"fill":"#ff0000"},"bbox":[-3.92698,40.2641,-3.93246,40.2692],"geometry":{"type":"Polygon","coordinates":[[[-3.92698,40.2692],[-3.93246,40.2692],[-3.93246,40.2641],[-3.92698,40.2641],[-3.92698,40.2692]]]}},{"type":"Feature","properties":{"name":"Arroyomolinos--piece--0-6--gCloud","number_of_ads_buy":0,"average_prize_buy":0,"number_of_ads_rent":0,"average_prize_rent":0,"normalized_prize_buy":0,"normalized_ads_buy":0,"normalized_prize_rent":null,"normalized_ads_rent":0,"date":"2018-12-03T16:49:01.000Z","fill-opacity":0,"fill":"#ff0000"},"bbox":[-3.92698,40.2589,-3.93246,40.2641],"geometry":{"type":"Polygon","coordinates":[[[-3.92698,40.2641],[-3.93246,40.2641],[-3.93246,40.2589],[-3.92698,40.2589],[-3.92698,40.2641]]]}},{"type":"Feature","properties":{"name":"Arroyomolinos--piece--1-0--gCloud","number_of_ads_buy":0,"average_prize_buy":0,"number_of_ads_rent":0,"average_prize_rent":0,"normalized_prize_buy":0,"normalized_ads_buy":0,"normalized_prize_rent":null,"normalized_ads_rent":0,"date":"2018-12-03T16:49:09.000Z","fill-opacity":0,"fill":"#ff0000"},"bbox":[-3.9215,40.2899,-3.92698,40.295],"geometry":{"type":"Polygon","coordinates":[[[-3.9215,40.295],[-3.92698,40.295],[-3.92698,40.2899],[-3.9215,40.2899],[-3.9215,40.295]]]}},{"type":"Feature","properties":{"name":"Arroyomolinos--piece--1-1--gCloud","number_of_ads_buy":1,"average_prize_buy":1725.17,"number_of_ads_rent":0,"average_prize_rent":0,"normalized_prize_buy":0.8066630818507002,"normalized_ads_buy":0.034482758620689655,"normalized_prize_rent":null,"normalized_ads_rent":0,"date":"2018-12-03T16:49:17.000Z","fill-opacity":0.6453304654805603,"fill":"#ff0000"},"bbox":[-3.9215,40.2847,-3.92698,40.2899],"geometry":{"type":"Polygon","coordinates":[[[-3.9215,40.2899],[-3.92698,40.2899],[-3.92698,40.2847],[-3.9215,40.2847],[-3.9215,40.2899]]]}},{"type":"Feature","properties":{"name":"Arroyomolinos--piece--1-2--gCloud","number_of_ads_buy":5,"average_prize_buy":1375.34,"number_of_ads_rent":0,"average_prize_rent":0,"normalized_prize_buy":0.6430879293011946,"normalized_ads_buy":0.1724137931034483,"normalized_prize_rent":null,"normalized_ads_rent":0,"date":"2018-12-03T16:49:26.000Z","fill-opacity":0.5144703434409558,"fill":"#ff0000"},"bbox":[-3.9215,40.2796,-3.92698,40.2847],"geometry":{"type":"Polygon","coordinates":[[[-3.9215,40.2847],[-3.92698,40.2847],[-3.92698,40.2796],[-3.9215,40.2796],[-3.9215,40.2847]]]}},{"type":"Feature","properties":{"name":"Arroyomolinos--piece--1-3--gCloud","number_of_ads_buy":9,"average_prize_buy":1432.26,"number_of_ads_rent":1,"average_prize_rent":8.98876,"normalized_prize_buy":0.6697028499286933,"normalized_ads_buy":0.3103448275862069,"normalized_prize_rent":null,"normalized_ads_rent":0.034482758620689655,"date":"2018-12-03T16:49:31.000Z","fill-opacity":0.5357622799429547,"fill":"#ff0000"},"bbox":[-3.9215,40.2744,-3.92698,40.2796],"geometry":{"type":"Polygon","coordinates":[[[-3.9215,40.2796],[-3.92698,40.2796],[-3.92698,40.2744],[-3.9215,40.2744],[-3.9215,40.2796]]]}},{"type":"Feature","properties":{"name":"Arroyomolinos--piece--1-4--gCloud","number_of_ads_buy":23,"average_prize_buy":1542.25,"number_of_ads_rent":5,"average_prize_rent":6.12558,"normalized_prize_buy":0.7211324901222733,"normalized_ads_buy":0.7931034482758621,"normalized_prize_rent":null,"normalized_ads_rent":0.1724137931034483,"date":"2018-12-03T16:49:44.000Z","fill-opacity":0.5769059920978187,"fill":"#ff0000"},"bbox":[-3.9215,40.2692,-3.92698,40.2744],"geometry":{"type":"Polygon","coordinates":[[[-3.9215,40.2744],[-3.92698,40.2744],[-3.92698,40.2692],[-3.9215,40.2692],[-3.9215,40.2744]]]}},{"type":"Feature","properties":{"name":"Arroyomolinos--piece--1-5--gCloud","number_of_ads_buy":15,"average_prize_buy":1252.04,"number_of_ads_rent":0,"average_prize_rent":0,"normalized_prize_buy":0.585434736866715,"normalized_ads_buy":0.5172413793103449,"normalized_prize_rent":null,"normalized_ads_rent":0,"date":"2018-12-03T16:49:59.000Z","fill-opacity":0.468347789493372,"fill":"#ff0000"},"bbox":[-3.9215,40.2641,-3.92698,40.2692],"geometry":{"type":"Polygon","coordinates":[[[-3.9215,40.2692],[-3.92698,40.2692],[-3.92698,40.2641],[-3.9215,40.2641],[-3.9215,40.2692]]]}},{"type":"Feature","properties":{"name":"Arroyomolinos--piece--1-6--gCloud","number_of_ads_buy":13,"average_prize_buy":1164.84,"number_of_ads_rent":0,"average_prize_rent":0,"normalized_prize_buy":0.5446613517873424,"normalized_ads_buy":0.4482758620689655,"normalized_prize_rent":null,"normalized_ads_rent":0,"date":"2018-12-03T16:50:05.000Z","fill-opacity":0.435729081429874,"fill":"#ff0000"},"bbox":[-3.9215,40.2589,-3.92698,40.2641],"geometry":{"type":"Polygon","coordinates":[[[-3.9215,40.2641],[-3.92698,40.2641],[-3.92698,40.2589],[-3.9215,40.2589],[-3.9215,40.2641]]]}},{"type":"Feature","properties":{"name":"Arroyomolinos--piece--2-0--gCloud","number_of_ads_buy":0,"average_prize_buy":0,"number_of_ads_rent":0,"average_prize_rent":0,"normalized_prize_buy":0,"normalized_ads_buy":0,"normalized_prize_rent":null,"normalized_ads_rent":0,"date":"2018-12-03T16:50:13.000Z","fill-opacity":0,"fill":"#ff0000"},"bbox":[-3.91602,40.2899,-3.9215,40.295],"geometry":{"type":"Polygon","coordinates":[[[-3.91602,40.295],[-3.9215,40.295],[-3.9215,40.2899],[-3.91602,40.2899],[-3.91602,40.295]]]}},{"type":"Feature","properties":{"name":"Arroyomolinos--piece--2-1--gCloud","number_of_ads_buy":2,"average_prize_buy":2006.19,"number_of_ads_rent":0,"average_prize_rent":0,"normalized_prize_buy":0.9380637317934211,"normalized_ads_buy":0.06896551724137931,"normalized_prize_rent":null,"normalized_ads_rent":0,"date":"2018-12-03T16:50:26.000Z","fill-opacity":0.7504509854347369,"fill":"#ff0000"},"bbox":[-3.91602,40.2847,-3.9215,40.2899],"geometry":{"type":"Polygon","coordinates":[[[-3.91602,40.2899],[-3.9215,40.2899],[-3.9215,40.2847],[-3.91602,40.2847],[-3.91602,40.2899]]]}},{"type":"Feature","properties":{"name":"Arroyomolinos--piece--2-2--gCloud","number_of_ads_buy":17,"average_prize_buy":2040.33,"number_of_ads_rent":0,"average_prize_rent":0,"normalized_prize_buy":0.9540270731536249,"normalized_ads_buy":0.5862068965517241,"normalized_prize_rent":null,"normalized_ads_rent":0,"date":"2018-12-03T16:50:35.000Z","fill-opacity":0.7632216585228999,"fill":"#ff0000"},"bbox":[-3.91602,40.2796,-3.9215,40.2847],"geometry":{"type":"Polygon","coordinates":[[[-3.91602,40.2847],[-3.9215,40.2847],[-3.9215,40.2796],[-3.91602,40.2796],[-3.91602,40.2847]]]}},{"type":"Feature","properties":{"name":"Arroyomolinos--piece--2-3--gCloud","number_of_ads_buy":15,"average_prize_buy":2138.65,"number_of_ads_rent":2,"average_prize_rent":11.4215,"normalized_prize_buy":1,"normalized_ads_buy":0.5172413793103449,"normalized_prize_rent":null,"normalized_ads_rent":0.06896551724137931,"date":"2018-12-03T16:50:45.000Z","fill-opacity":0.8,"fill":"#ff0000"},"bbox":[-3.91602,40.2744,-3.9215,40.2796],"geometry":{"type":"Polygon","coordinates":[[[-3.91602,40.2796],[-3.9215,40.2796],[-3.9215,40.2744],[-3.91602,40.2744],[-3.91602,40.2796]]]}},{"type":"Feature","properties":{"name":"Arroyomolinos--piece--2-4--gCloud","number_of_ads_buy":15,"average_prize_buy":1741.55,"number_of_ads_rent":1,"average_prize_rent":6.77966,"normalized_prize_buy":0.8143221190938208,"normalized_ads_buy":0.5172413793103449,"normalized_prize_rent":null,"normalized_ads_rent":0.034482758620689655,"date":"2018-12-03T16:50:54.000Z","fill-opacity":0.6514576952750567,"fill":"#ff0000"},"bbox":[-3.91602,40.2692,-3.9215,40.2744],"geometry":{"type":"Polygon","coordinates":[[[-3.91602,40.2744],[-3.9215,40.2744],[-3.9215,40.2692],[-3.91602,40.2692],[-3.91602,40.2744]]]}},{"type":"Feature","properties":{"name":"Arroyomolinos--piece--2-5--gCloud","number_of_ads_buy":29,"average_prize_buy":1494.47,"number_of_ads_rent":4,"average_prize_rent":10.0593,"normalized_prize_buy":0.6987912935730484,"normalized_ads_buy":1,"normalized_prize_rent":null,"normalized_ads_rent":0.13793103448275862,"date":"2018-12-03T16:51:04.000Z","fill-opacity":0.5590330348584387,"fill":"#ff0000"},"bbox":[-3.91602,40.2641,-3.9215,40.2692],"geometry":{"type":"Polygon","coordinates":[[[-3.91602,40.2692],[-3.9215,40.2692],[-3.9215,40.2641],[-3.91602,40.2641],[-3.91602,40.2692]]]}},{"type":"Feature","properties":{"name":"Arroyomolinos--piece--2-6--gCloud","number_of_ads_buy":5,"average_prize_buy":1349.43,"number_of_ads_rent":0,"average_prize_rent":0,"normalized_prize_buy":0.6309728099502022,"normalized_ads_buy":0.1724137931034483,"normalized_prize_rent":null,"normalized_ads_rent":0,"date":"2018-12-03T16:51:16.000Z","fill-opacity":0.5047782479601618,"fill":"#ff0000"},"bbox":[-3.91602,40.2589,-3.9215,40.2641],"geometry":{"type":"Polygon","coordinates":[[[-3.91602,40.2641],[-3.9215,40.2641],[-3.9215,40.2589],[-3.91602,40.2589],[-3.91602,40.2641]]]}},{"type":"Feature","properties":{"name":"Arroyomolinos--piece--3-0--gCloud","number_of_ads_buy":19,"average_prize_buy":1448.16,"number_of_ads_rent":0,"average_prize_rent":0,"normalized_prize_buy":0.677137446520001,"normalized_ads_buy":0.6551724137931034,"normalized_prize_rent":null,"normalized_ads_rent":0,"date":"2018-12-03T16:51:22.000Z","fill-opacity":0.5417099572160008,"fill":"#ff0000"},"bbox":[-3.91054,40.2899,-3.91602,40.295],"geometry":{"type":"Polygon","coordinates":[[[-3.91054,40.295],[-3.91602,40.295],[-3.91602,40.2899],[-3.91054,40.2899],[-3.91054,40.295]]]}},{"type":"Feature","properties":{"name":"Arroyomolinos--piece--3-1--gCloud","number_of_ads_buy":13,"average_prize_buy":1339.48,"number_of_ads_rent":0,"average_prize_rent":0,"normalized_prize_buy":0.626320342271994,"normalized_ads_buy":0.4482758620689655,"normalized_prize_rent":null,"normalized_ads_rent":0,"date":"2018-12-03T16:51:34.000Z","fill-opacity":0.5010562738175952,"fill":"#ff0000"},"bbox":[-3.91054,40.2847,-3.91602,40.2899],"geometry":{"type":"Polygon","coordinates":[[[-3.91054,40.2899],[-3.91602,40.2899],[-3.91602,40.2847],[-3.91054,40.2847],[-3.91054,40.2899]]]}},{"type":"Feature","properties":{"name":"Arroyomolinos--piece--3-2--gCloud","number_of_ads_buy":9,"average_prize_buy":1624.6,"number_of_ads_rent":1,"average_prize_rent":6.81818,"normalized_prize_buy":0.7596380894489514,"normalized_ads_buy":0.3103448275862069,"normalized_prize_rent":null,"normalized_ads_rent":0.034482758620689655,"date":"2018-12-03T16:51:39.000Z","fill-opacity":0.6077104715591611,"fill":"#ff0000"},"bbox":[-3.91054,40.2796,-3.91602,40.2847],"geometry":{"type":"Polygon","coordinates":[[[-3.91054,40.2847],[-3.91602,40.2847],[-3.91602,40.2796],[-3.91054,40.2796],[-3.91054,40.2847]]]}},{"type":"Feature","properties":{"name":"Arroyomolinos--piece--3-3--gCloud","number_of_ads_buy":13,"average_prize_buy":1544.41,"number_of_ads_rent":1,"average_prize_rent":3.81526,"normalized_prize_buy":0.7221424730554322,"normalized_ads_buy":0.4482758620689655,"normalized_prize_rent":null,"normalized_ads_rent":0.034482758620689655,"date":"2018-12-03T16:51:45.000Z","fill-opacity":0.5777139784443458,"fill":"#ff0000"},"bbox":[-3.91054,40.2744,-3.91602,40.2796],"geometry":{"type":"Polygon","coordinates":[[[-3.91054,40.2796],[-3.91602,40.2796],[-3.91602,40.2744],[-3.91054,40.2744],[-3.91054,40.2796]]]}},{"type":"Feature","properties":{"name":"Arroyomolinos--piece--3-4--gCloud","number_of_ads_buy":8,"average_prize_buy":1680.74,"number_of_ads_rent":1,"average_prize_rent":9.72222,"normalized_prize_buy":0.7858882940172538,"normalized_ads_buy":0.27586206896551724,"normalized_prize_rent":null,"normalized_ads_rent":0.034482758620689655,"date":"2018-12-03T16:51:51.000Z","fill-opacity":0.6287106352138031,"fill":"#ff0000"},"bbox":[-3.91054,40.2692,-3.91602,40.2744],"geometry":{"type":"Polygon","coordinates":[[[-3.91054,40.2744],[-3.91602,40.2744],[-3.91602,40.2692],[-3.91054,40.2692],[-3.91054,40.2744]]]}},{"type":"Feature","properties":{"name":"Arroyomolinos--piece--3-5--gCloud","number_of_ads_buy":9,"average_prize_buy":1116.63,"number_of_ads_rent":1,"average_prize_rent":3.62998,"normalized_prize_buy":0.5221190938208683,"normalized_ads_buy":0.3103448275862069,"normalized_prize_rent":null,"normalized_ads_rent":0.034482758620689655,"date":"2018-12-03T16:51:59.000Z","fill-opacity":0.4176952750566947,"fill":"#ff0000"},"bbox":[-3.91054,40.2641,-3.91602,40.2692],"geometry":{"type":"Polygon","coordinates":[[[-3.91054,40.2692],[-3.91602,40.2692],[-3.91602,40.2641],[-3.91054,40.2641],[-3.91054,40.2692]]]}},{"type":"Feature","properties":{"name":"Arroyomolinos--piece--3-6--gCloud","number_of_ads_buy":26,"average_prize_buy":1307.75,"number_of_ads_rent":0,"average_prize_rent":0,"normalized_prize_buy":0.6114838800177682,"normalized_ads_buy":0.896551724137931,"normalized_prize_rent":null,"normalized_ads_rent":0,"date":"2018-12-03T16:52:09.000Z","fill-opacity":0.4891871040142146,"fill":"#ff0000"},"bbox":[-3.91054,40.2589,-3.91602,40.2641],"geometry":{"type":"Polygon","coordinates":[[[-3.91054,40.2641],[-3.91602,40.2641],[-3.91602,40.2589],[-3.91054,40.2589],[-3.91054,40.2641]]]}},{"type":"Feature","properties":{"name":"Arroyomolinos--piece--4-0--gCloud","number_of_ads_buy":0,"average_prize_buy":0,"number_of_ads_rent":0,"average_prize_rent":0,"normalized_prize_buy":0,"normalized_ads_buy":0,"normalized_prize_rent":null,"normalized_ads_rent":0,"date":"2018-12-03T16:52:14.000Z","fill-opacity":0,"fill":"#ff0000"},"bbox":[-3.90506,40.2899,-3.91054,40.295],"geometry":{"type":"Polygon","coordinates":[[[-3.90506,40.295],[-3.91054,40.295],[-3.91054,40.2899],[-3.90506,40.2899],[-3.90506,40.295]]]}},{"type":"Feature","properties":{"name":"Arroyomolinos--piece--4-1--gCloud","number_of_ads_buy":0,"average_prize_buy":0,"number_of_ads_rent":0,"average_prize_rent":0,"normalized_prize_buy":0,"normalized_ads_buy":0,"normalized_prize_rent":null,"normalized_ads_rent":0,"date":"2018-12-03T16:52:26.000Z","fill-opacity":0,"fill":"#ff0000"},"bbox":[-3.90506,40.2847,-3.91054,40.2899],"geometry":{"type":"Polygon","coordinates":[[[-3.90506,40.2899],[-3.91054,40.2899],[-3.91054,40.2847],[-3.90506,40.2847],[-3.90506,40.2899]]]}},{"type":"Feature","properties":{"name":"Arroyomolinos--piece--4-2--gCloud","number_of_ads_buy":0,"average_prize_buy":0,"number_of_ads_rent":0,"average_prize_rent":0,"normalized_prize_buy":0,"normalized_ads_buy":0,"normalized_prize_rent":null,"normalized_ads_rent":0,"date":"2018-12-03T16:52:32.000Z","fill-opacity":0,"fill":"#ff0000"},"bbox":[-3.90506,40.2796,-3.91054,40.2847],"geometry":{"type":"Polygon","coordinates":[[[-3.90506,40.2847],[-3.91054,40.2847],[-3.91054,40.2796],[-3.90506,40.2796],[-3.90506,40.2847]]]}},{"type":"Feature","properties":{"name":"Arroyomolinos--piece--4-3--gCloud","number_of_ads_buy":0,"average_prize_buy":0,"number_of_ads_rent":0,"average_prize_rent":0,"normalized_prize_buy":0,"normalized_ads_buy":0,"normalized_prize_rent":null,"normalized_ads_rent":0,"date":"2018-12-03T16:52:38.000Z","fill-opacity":0,"fill":"#ff0000"},"bbox":[-3.90506,40.2744,-3.91054,40.2796],"geometry":{"type":"Polygon","coordinates":[[[-3.90506,40.2796],[-3.91054,40.2796],[-3.91054,40.2744],[-3.90506,40.2744],[-3.90506,40.2796]]]}},{"type":"Feature","properties":{"name":"Arroyomolinos--piece--4-4--gCloud","number_of_ads_buy":9,"average_prize_buy":1554.72,"number_of_ads_rent":2,"average_prize_rent":7.27273,"normalized_prize_buy":0.7269632712225002,"normalized_ads_buy":0.3103448275862069,"normalized_prize_rent":null,"normalized_ads_rent":0.06896551724137931,"date":"2018-12-03T16:52:52.000Z","fill-opacity":0.5815706169780002,"fill":"#ff0000"},"bbox":[-3.90506,40.2692,-3.91054,40.2744],"geometry":{"type":"Polygon","coordinates":[[[-3.90506,40.2744],[-3.91054,40.2744],[-3.91054,40.2692],[-3.90506,40.2692],[-3.90506,40.2744]]]}},{"type":"Feature","properties":{"name":"Arroyomolinos--piece--4-5--gCloud","number_of_ads_buy":7,"average_prize_buy":1286.52,"number_of_ads_rent":0,"average_prize_rent":0,"normalized_prize_buy":0.6015570570219531,"normalized_ads_buy":0.2413793103448276,"normalized_prize_rent":null,"normalized_ads_rent":0,"date":"2018-12-03T16:53:02.000Z","fill-opacity":0.48124564561756245,"fill":"#ff0000"},"bbox":[-3.90506,40.2641,-3.91054,40.2692],"geometry":{"type":"Polygon","coordinates":[[[-3.90506,40.2692],[-3.91054,40.2692],[-3.91054,40.2641],[-3.90506,40.2641],[-3.90506,40.2692]]]}},{"type":"Feature","properties":{"name":"Arroyomolinos--piece--4-6--gCloud","number_of_ads_buy":1,"average_prize_buy":1900,"number_of_ads_rent":0,"average_prize_rent":0,"normalized_prize_buy":0.8884109134266944,"normalized_ads_buy":0.034482758620689655,"normalized_prize_rent":null,"normalized_ads_rent":0,"date":"2018-12-03T16:53:08.000Z","fill-opacity":0.7107287307413556,"fill":"#ff0000"},"bbox":[-3.90506,40.2589,-3.91054,40.2641],"geometry":{"type":"Polygon","coordinates":[[[-3.90506,40.2641],[-3.91054,40.2641],[-3.91054,40.2589],[-3.90506,40.2589],[-3.90506,40.2641]]]}},{"type":"Feature","properties":{"name":"Arroyomolinos--piece--5-0--gCloud","number_of_ads_buy":0,"average_prize_buy":0,"number_of_ads_rent":0,"average_prize_rent":0,"normalized_prize_buy":0,"normalized_ads_buy":0,"normalized_prize_rent":null,"normalized_ads_rent":0,"date":"2018-12-03T16:53:13.000Z","fill-opacity":0,"fill":"#ff0000"},"bbox":[-3.89958,40.2899,-3.90506,40.295],"geometry":{"type":"Polygon","coordinates":[[[-3.89958,40.295],[-3.90506,40.295],[-3.90506,40.2899],[-3.89958,40.2899],[-3.89958,40.295]]]}},{"type":"Feature","properties":{"name":"Arroyomolinos--piece--5-1--gCloud","number_of_ads_buy":0,"average_prize_buy":0,"number_of_ads_rent":0,"average_prize_rent":0,"normalized_prize_buy":0,"normalized_ads_buy":0,"normalized_prize_rent":null,"normalized_ads_rent":0,"date":"2018-12-03T16:53:18.000Z","fill-opacity":0,"fill":"#ff0000"},"bbox":[-3.89958,40.2847,-3.90506,40.2899],"geometry":{"type":"Polygon","coordinates":[[[-3.89958,40.2899],[-3.90506,40.2899],[-3.90506,40.2847],[-3.89958,40.2847],[-3.89958,40.2899]]]}},{"type":"Feature","properties":{"name":"Arroyomolinos--piece--5-2--gCloud","number_of_ads_buy":0,"average_prize_buy":0,"number_of_ads_rent":0,"average_prize_rent":0,"normalized_prize_buy":0,"normalized_ads_buy":0,"normalized_prize_rent":null,"normalized_ads_rent":0,"date":"2018-12-03T16:53:37.000Z","fill-opacity":0,"fill":"#ff0000"},"bbox":[-3.89958,40.2796,-3.90506,40.2847],"geometry":{"type":"Polygon","coordinates":[[[-3.89958,40.2847],[-3.90506,40.2847],[-3.90506,40.2796],[-3.89958,40.2796],[-3.89958,40.2847]]]}},{"type":"Feature","properties":{"name":"Arroyomolinos--piece--5-3--gCloud","number_of_ads_buy":0,"average_prize_buy":0,"number_of_ads_rent":0,"average_prize_rent":0,"normalized_prize_buy":0,"normalized_ads_buy":0,"normalized_prize_rent":null,"normalized_ads_rent":0,"date":"2018-12-03T16:53:42.000Z","fill-opacity":0,"fill":"#ff0000"},"bbox":[-3.89958,40.2744,-3.90506,40.2796],"geometry":{"type":"Polygon","coordinates":[[[-3.89958,40.2796],[-3.90506,40.2796],[-3.90506,40.2744],[-3.89958,40.2744],[-3.89958,40.2796]]]}},{"type":"Feature","properties":{"name":"Arroyomolinos--piece--5-4--gCloud","number_of_ads_buy":10,"average_prize_buy":1226.04,"number_of_ads_rent":0,"average_prize_rent":0,"normalized_prize_buy":0.5732775348935075,"normalized_ads_buy":0.3448275862068966,"normalized_prize_rent":null,"normalized_ads_rent":0,"date":"2018-12-03T16:53:56.000Z","fill-opacity":0.45862202791480605,"fill":"#ff0000"},"bbox":[-3.89958,40.2692,-3.90506,40.2744],"geometry":{"type":"Polygon","coordinates":[[[-3.89958,40.2744],[-3.90506,40.2744],[-3.90506,40.2692],[-3.89958,40.2692],[-3.89958,40.2744]]]}},{"type":"Feature","properties":{"name":"Arroyomolinos--piece--5-5--gCloud","number_of_ads_buy":6,"average_prize_buy":1441.67,"number_of_ads_rent":0,"average_prize_rent":0,"normalized_prize_buy":0.6741028218736118,"normalized_ads_buy":0.20689655172413793,"normalized_prize_rent":null,"normalized_ads_rent":0,"date":"2018-12-03T16:54:04.000Z","fill-opacity":0.5392822574988895,"fill":"#ff0000"},"bbox":[-3.89958,40.2641,-3.90506,40.2692],"geometry":{"type":"Polygon","coordinates":[[[-3.89958,40.2692],[-3.90506,40.2692],[-3.90506,40.2641],[-3.89958,40.2641],[-3.89958,40.2692]]]}},{"type":"Feature","properties":{"name":"Arroyomolinos--piece--5-6--gCloud","number_of_ads_buy":0,"average_prize_buy":0,"number_of_ads_rent":0,"average_prize_rent":0,"normalized_prize_buy":0,"normalized_ads_buy":0,"normalized_prize_rent":null,"normalized_ads_rent":0,"date":"2018-12-03T16:54:09.000Z","fill-opacity":0,"fill":"#ff0000"},"bbox":[-3.89958,40.2589,-3.90506,40.2641],"geometry":{"type":"Polygon","coordinates":[[[-3.89958,40.2641],[-3.90506,40.2641],[-3.90506,40.2589],[-3.89958,40.2589],[-3.89958,40.2641]]]}}]}