{"type":"FeatureCollection","features":[{"type":"Feature","properties":{"name":"Arroyomolinos--2801501001--raspberryOld","number_of_ads_buy":29,"average_prize_buy":1377.31,"number_of_ads_rent":13,"average_prize_rent":8.10242,"normalized_prize_buy":0.6907618235618637,"normalized_ads_buy":0.9666666666666667,"normalized_prize_rent":null,"normalized_ads_rent":0.43333333333333335,"date":"2018-12-07T07:41:55.000Z","fill-opacity":0.552609458849491,"fill":"#ff0000"},"bbox":[-3.90305,40.2596,-3.92262,40.2725],"geometry":{"type":"Polygon","coordinates":[[[-3.90305,40.2725],[-3.92262,40.2725],[-3.92262,40.2596],[-3.90305,40.2596],[-3.90305,40.2725]]]}},{"type":"Feature","properties":{"name":"Arroyomolinos--2801501002--raspberryOld","number_of_ads_buy":30,"average_prize_buy":1461.69,"number_of_ads_rent":3,"average_prize_rent":7.64825,"normalized_prize_buy":0.7330808967350418,"normalized_ads_buy":1,"normalized_prize_rent":null,"normalized_ads_rent":0.1,"date":"2018-12-07T07:42:18.000Z","fill-opacity":0.5864647173880335,"fill":"#ff0000"},"bbox":[-3.91159,40.262,-3.92225,40.2689],"geometry":{"type":"Polygon","coordinates":[[[-3.91159,40.2689],[-3.92225,40.2689],[-3.92225,40.262],[-3.91159,40.262],[-3.91159,40.2689]]]}},{"type":"Feature","properties":{"name":"Arroyomolinos--2801501003--raspberryOld","number_of_ads_buy":26,"average_prize_buy":1328.17,"number_of_ads_rent":1,"average_prize_rent":7.72727,"normalized_prize_buy":0.6661166558001906,"normalized_ads_buy":0.8666666666666667,"normalized_prize_rent":null,"normalized_ads_rent":0.03333333333333333,"date":"2018-12-07T07:42:43.000Z","fill-opacity":0.5328933246401525,"fill":"#ff0000"},"bbox":[-3.92029,40.2621,-3.9288,40.2697],"geometry":{"type":"Polygon","coordinates":[[[-3.92029,40.2697],[-3.9288,40.2697],[-3.9288,40.2621],[-3.92029,40.2621],[-3.92029,40.2697]]]}},{"type":"Feature","properties":{"name":"Arroyomolinos--2801501004--raspberryOld","number_of_ads_buy":30,"average_prize_buy":1672.2,"number_of_ads_rent":6,"average_prize_rent":6.10513,"normalized_prize_buy":0.8386579066151763,"normalized_ads_buy":1,"normalized_prize_rent":null,"normalized_ads_rent":0.2,"date":"2018-12-07T07:43:10.000Z","fill-opacity":0.670926325292141,"fill":"#ff0000"},"bbox":[-3.91751,40.2697,-3.92984,40.2769],"geometry":{"type":"Polygon","coordinates":[[[-3.91751,40.2769],[-3.92984,40.2769],[-3.92984,40.2697],[-3.91751,40.2697],[-3.91751,40.2769]]]}},{"type":"Feature","properties":{"name":"Arroyomolinos--2801501005--raspberryOld","number_of_ads_buy":30,"average_prize_buy":1485.21,"number_of_ads_rent":22,"average_prize_rent":7.45351,"normalized_prize_buy":0.7448768744671247,"normalized_ads_buy":1,"normalized_prize_rent":null,"normalized_ads_rent":0.7333333333333333,"date":"2018-12-07T07:43:38.000Z","fill-opacity":0.5959014995736998,"fill":"#ff0000"},"bbox":[-3.90597,40.2563,-3.94895,40.2917],"geometry":{"type":"Polygon","coordinates":[[[-3.90597,40.2917],[-3.94895,40.2917],[-3.94895,40.2563],[-3.90597,40.2563],[-3.90597,40.2917]]]}},{"type":"Feature","properties":{"name":"Arroyomolinos--2801501006--raspberryOld","number_of_ads_buy":30,"average_prize_buy":1993.9,"number_of_ads_rent":4,"average_prize_rent":9.29372,"normalized_prize_buy":1,"normalized_ads_buy":1,"normalized_prize_rent":null,"normalized_ads_rent":0.13333333333333333,"date":"2018-12-07T07:44:02.000Z","fill-opacity":0.8,"fill":"#ff0000"},"bbox":[-3.91213,40.2725,-3.92476,40.281],"geometry":{"type":"Polygon","coordinates":[[[-3.91213,40.281],[-3.92476,40.281],[-3.92476,40.2725],[-3.91213,40.2725],[-3.91213,40.281]]]}},{"type":"Feature","properties":{"name":"Arroyomolinos--2801501007--raspberryOld","number_of_ads_buy":30,"average_prize_buy":1618.37,"number_of_ads_rent":4,"average_prize_rent":7.35692,"normalized_prize_buy":0.8116605647224032,"normalized_ads_buy":1,"normalized_prize_rent":null,"normalized_ads_rent":0.13333333333333333,"date":"2018-12-07T07:44:27.000Z","fill-opacity":0.6493284517779226,"fill":"#ff0000"},"bbox":[-3.88874,40.2796,-3.94176,40.3048],"geometry":{"type":"Polygon","coordinates":[[[-3.88874,40.3048],[-3.94176,40.3048],[-3.94176,40.2796],[-3.88874,40.2796],[-3.88874,40.3048]]]}},{"type":"Feature","properties":{"name":"Arroyomolinos--2801501008--raspberryOld","number_of_ads_buy":29,"average_prize_buy":1831.28,"number_of_ads_rent":3,"average_prize_rent":6.61856,"normalized_prize_buy":0.918441245799689,"normalized_ads_buy":0.9666666666666667,"normalized_prize_rent":null,"normalized_ads_rent":0.1,"date":"2018-12-07T07:44:48.000Z","fill-opacity":0.7347529966397512,"fill":"#ff0000"},"bbox":[-3.90643,40.275,-3.91938,40.2848],"geometry":{"type":"Polygon","coordinates":[[[-3.90643,40.2848],[-3.91938,40.2848],[-3.91938,40.275],[-3.90643,40.275],[-3.90643,40.2848]]]}},{"type":"Feature","properties":{"name":"Arroyomolinos--2801501009--raspberryOld","number_of_ads_buy":30,"average_prize_buy":1929.14,"number_of_ads_rent":8,"average_prize_rent":8.29481,"normalized_prize_buy":0.9675209388635337,"normalized_ads_buy":1,"normalized_prize_rent":null,"normalized_ads_rent":0.26666666666666666,"date":"2018-12-07T07:45:18.000Z","fill-opacity":0.774016751090827,"fill":"#ff0000"},"bbox":[-3.91717,40.274,-3.93731,40.2916],"geometry":{"type":"Polygon","coordinates":[[[-3.91717,40.2916],[-3.93731,40.2916],[-3.93731,40.274],[-3.91717,40.274],[-3.91717,40.2916]]]}},{"type":"Feature","properties":{"name":"Arroyomolinos--2801501010--raspberryOld","number_of_ads_buy":29,"average_prize_buy":1358.04,"number_of_ads_rent":3,"average_prize_rent":6.17031,"normalized_prize_buy":0.6810973469080696,"normalized_ads_buy":0.9666666666666667,"normalized_prize_rent":null,"normalized_ads_rent":0.1,"date":"2018-12-07T07:45:43.000Z","fill-opacity":0.5448778775264557,"fill":"#ff0000"},"bbox":[-3.90041,40.2612,-3.91751,40.275],"geometry":{"type":"Polygon","coordinates":[[[-3.90041,40.275],[-3.91751,40.275],[-3.91751,40.2612],[-3.90041,40.2612],[-3.90041,40.275]]]}},{"type":"Feature","properties":{"name":"Arroyomolinos--2801501011--raspberryOld","number_of_ads_buy":27,"average_prize_buy":1434.45,"number_of_ads_rent":2,"average_prize_rent":5.31672,"normalized_prize_buy":0.7194192286473745,"normalized_ads_buy":0.9,"normalized_prize_rent":null,"normalized_ads_rent":0.06666666666666667,"date":"2018-12-07T07:46:06.000Z","fill-opacity":0.5755353829178996,"fill":"#ff0000"},"bbox":[-3.87607,40.264,-3.91213,40.2939],"geometry":{"type":"Polygon","coordinates":[[[-3.87607,40.2939],[-3.91213,40.2939],[-3.91213,40.264],[-3.87607,40.264],[-3.87607,40.2939]]]}}]}