{"type":"FeatureCollection","features":[{"type":"Feature","properties":{"name":"Arroyomolinos--piece--0-0--gCloud","number_of_ads_buy":0,"average_prize_buy":0,"number_of_ads_rent":0,"average_prize_rent":0,"normalized_prize_buy":0,"normalized_ads_buy":0,"normalized_prize_rent":null,"normalized_ads_rent":0,"date":"2018-12-07T09:29:37.000Z","fill-opacity":0,"fill":"#ff0000"},"bbox":[-3.92698,40.2899,-3.93246,40.295],"geometry":{"type":"Polygon","coordinates":[[[-3.92698,40.295],[-3.93246,40.295],[-3.93246,40.2899],[-3.92698,40.2899],[-3.92698,40.295]]]}},{"type":"Feature","properties":{"name":"Arroyomolinos--piece--0-1--gCloud","number_of_ads_buy":0,"average_prize_buy":0,"number_of_ads_rent":0,"average_prize_rent":0,"normalized_prize_buy":0,"normalized_ads_buy":0,"normalized_prize_rent":null,"normalized_ads_rent":0,"date":"2018-12-07T09:29:48.000Z","fill-opacity":0,"fill":"#ff0000"},"bbox":[-3.92698,40.2847,-3.93246,40.2899],"geometry":{"type":"Polygon","coordinates":[[[-3.92698,40.2899],[-3.93246,40.2899],[-3.93246,40.2847],[-3.92698,40.2847],[-3.92698,40.2899]]]}},{"type":"Feature","properties":{"name":"Arroyomolinos--piece--0-2--gCloud","number_of_ads_buy":5,"average_prize_buy":1519.26,"number_of_ads_rent":0,"average_prize_rent":0,"normalized_prize_buy":0.7139144858956706,"normalized_ads_buy":0.1724137931034483,"normalized_prize_rent":null,"normalized_ads_rent":0,"date":"2018-12-07T09:29:57.000Z","fill-opacity":0.5711315887165366,"fill":"#ff0000"},"bbox":[-3.92698,40.2796,-3.93246,40.2847],"geometry":{"type":"Polygon","coordinates":[[[-3.92698,40.2847],[-3.93246,40.2847],[-3.93246,40.2796],[-3.92698,40.2796],[-3.92698,40.2847]]]}},{"type":"Feature","properties":{"name":"Arroyomolinos--piece--0-3--gCloud","number_of_ads_buy":12,"average_prize_buy":1771.25,"number_of_ads_rent":2,"average_prize_rent":4.64286,"normalized_prize_buy":0.8323269441324768,"normalized_ads_buy":0.41379310344827586,"normalized_prize_rent":null,"normalized_ads_rent":0.06896551724137931,"date":"2018-12-07T09:30:06.000Z","fill-opacity":0.6658615553059815,"fill":"#ff0000"},"bbox":[-3.92698,40.2744,-3.93246,40.2796],"geometry":{"type":"Polygon","coordinates":[[[-3.92698,40.2796],[-3.93246,40.2796],[-3.93246,40.2744],[-3.92698,40.2744],[-3.92698,40.2796]]]}},{"type":"Feature","properties":{"name":"Arroyomolinos--piece--0-4--gCloud","number_of_ads_buy":3,"average_prize_buy":1485.65,"number_of_ads_rent":0,"average_prize_rent":0,"normalized_prize_buy":0.6981208324914124,"normalized_ads_buy":0.10344827586206896,"normalized_prize_rent":null,"normalized_ads_rent":0,"date":"2018-12-07T09:30:21.000Z","fill-opacity":0.55849666599313,"fill":"#ff0000"},"bbox":[-3.92698,40.2692,-3.93246,40.2744],"geometry":{"type":"Polygon","coordinates":[[[-3.92698,40.2744],[-3.93246,40.2744],[-3.93246,40.2692],[-3.92698,40.2692],[-3.92698,40.2744]]]}},{"type":"Feature","properties":{"name":"Arroyomolinos--piece--0-5--gCloud","number_of_ads_buy":0,"average_prize_buy":0,"number_of_ads_rent":0,"average_prize_rent":0,"normalized_prize_buy":0,"normalized_ads_buy":0,"normalized_prize_rent":null,"normalized_ads_rent":0,"date":"2018-12-07T09:30:29.000Z","fill-opacity":0,"fill":"#ff0000"},"bbox":[-3.92698,40.2641,-3.93246,40.2692],"geometry":{"type":"Polygon","coordinates":[[[-3.92698,40.2692],[-3.93246,40.2692],[-3.93246,40.2641],[-3.92698,40.2641],[-3.92698,40.2692]]]}},{"type":"Feature","properties":{"name":"Arroyomolinos--piece--0-6--gCloud","number_of_ads_buy":0,"average_prize_buy":0,"number_of_ads_rent":0,"average_prize_rent":0,"normalized_prize_buy":0,"normalized_ads_buy":0,"normalized_prize_rent":null,"normalized_ads_rent":0,"date":"2018-12-07T09:30:34.000Z","fill-opacity":0,"fill":"#ff0000"},"bbox":[-3.92698,40.2589,-3.93246,40.2641],"geometry":{"type":"Polygon","coordinates":[[[-3.92698,40.2641],[-3.93246,40.2641],[-3.93246,40.2589],[-3.92698,40.2589],[-3.92698,40.2641]]]}},{"type":"Feature","properties":{"name":"Arroyomolinos--piece--1-0--gCloud","number_of_ads_buy":0,"average_prize_buy":0,"number_of_ads_rent":0,"average_prize_rent":0,"normalized_prize_buy":0,"normalized_ads_buy":0,"normalized_prize_rent":null,"normalized_ads_rent":0,"date":"2018-12-07T09:30:39.000Z","fill-opacity":0,"fill":"#ff0000"},"bbox":[-3.9215,40.2899,-3.92698,40.295],"geometry":{"type":"Polygon","coordinates":[[[-3.9215,40.295],[-3.92698,40.295],[-3.92698,40.2899],[-3.9215,40.2899],[-3.9215,40.295]]]}},{"type":"Feature","properties":{"name":"Arroyomolinos--piece--1-1--gCloud","number_of_ads_buy":0,"average_prize_buy":0,"number_of_ads_rent":0,"average_prize_rent":0,"normalized_prize_buy":0,"normalized_ads_buy":0,"normalized_prize_rent":null,"normalized_ads_rent":0,"date":"2018-12-07T09:30:44.000Z","fill-opacity":0,"fill":"#ff0000"},"bbox":[-3.9215,40.2847,-3.92698,40.2899],"geometry":{"type":"Polygon","coordinates":[[[-3.9215,40.2899],[-3.92698,40.2899],[-3.92698,40.2847],[-3.9215,40.2847],[-3.9215,40.2899]]]}},{"type":"Feature","properties":{"name":"Arroyomolinos--piece--1-2--gCloud","number_of_ads_buy":6,"average_prize_buy":1652.78,"number_of_ads_rent":1,"average_prize_rent":5.38462,"normalized_prize_buy":0.7766567829065772,"normalized_ads_buy":0.20689655172413793,"normalized_prize_rent":null,"normalized_ads_rent":0.034482758620689655,"date":"2018-12-07T09:30:53.000Z","fill-opacity":0.6213254263252619,"fill":"#ff0000"},"bbox":[-3.9215,40.2796,-3.92698,40.2847],"geometry":{"type":"Polygon","coordinates":[[[-3.9215,40.2847],[-3.92698,40.2847],[-3.92698,40.2796],[-3.9215,40.2796],[-3.9215,40.2847]]]}},{"type":"Feature","properties":{"name":"Arroyomolinos--piece--1-3--gCloud","number_of_ads_buy":10,"average_prize_buy":1467.54,"number_of_ads_rent":1,"average_prize_rent":8.98876,"normalized_prize_buy":0.6896107740816796,"normalized_ads_buy":0.3448275862068966,"normalized_prize_rent":null,"normalized_ads_rent":0.034482758620689655,"date":"2018-12-07T09:31:02.000Z","fill-opacity":0.5516886192653437,"fill":"#ff0000"},"bbox":[-3.9215,40.2744,-3.92698,40.2796],"geometry":{"type":"Polygon","coordinates":[[[-3.9215,40.2796],[-3.92698,40.2796],[-3.92698,40.2744],[-3.9215,40.2744],[-3.9215,40.2796]]]}},{"type":"Feature","properties":{"name":"Arroyomolinos--piece--1-4--gCloud","number_of_ads_buy":21,"average_prize_buy":1501,"number_of_ads_rent":5,"average_prize_rent":6.12558,"normalized_prize_buy":0.705333941082765,"normalized_ads_buy":0.7241379310344828,"normalized_prize_rent":null,"normalized_ads_rent":0.1724137931034483,"date":"2018-12-07T09:31:08.000Z","fill-opacity":0.5642671528662121,"fill":"#ff0000"},"bbox":[-3.9215,40.2692,-3.92698,40.2744],"geometry":{"type":"Polygon","coordinates":[[[-3.9215,40.2744],[-3.92698,40.2744],[-3.92698,40.2692],[-3.9215,40.2692],[-3.9215,40.2744]]]}},{"type":"Feature","properties":{"name":"Arroyomolinos--piece--1-5--gCloud","number_of_ads_buy":14,"average_prize_buy":1281.76,"number_of_ads_rent":0,"average_prize_rent":0,"normalized_prize_buy":0.6023110142053597,"normalized_ads_buy":0.4827586206896552,"normalized_prize_rent":null,"normalized_ads_rent":0,"date":"2018-12-07T09:31:17.000Z","fill-opacity":0.4818488113642878,"fill":"#ff0000"},"bbox":[-3.9215,40.2641,-3.92698,40.2692],"geometry":{"type":"Polygon","coordinates":[[[-3.9215,40.2692],[-3.92698,40.2692],[-3.92698,40.2641],[-3.9215,40.2641],[-3.9215,40.2692]]]}},{"type":"Feature","properties":{"name":"Arroyomolinos--piece--1-6--gCloud","number_of_ads_buy":14,"average_prize_buy":1162.61,"number_of_ads_rent":0,"average_prize_rent":0,"normalized_prize_buy":0.54632131461841,"normalized_ads_buy":0.4827586206896552,"normalized_prize_rent":null,"normalized_ads_rent":0,"date":"2018-12-07T09:31:22.000Z","fill-opacity":0.4370570516947281,"fill":"#ff0000"},"bbox":[-3.9215,40.2589,-3.92698,40.2641],"geometry":{"type":"Polygon","coordinates":[[[-3.9215,40.2641],[-3.92698,40.2641],[-3.92698,40.2589],[-3.9215,40.2589],[-3.9215,40.2641]]]}},{"type":"Feature","properties":{"name":"Arroyomolinos--piece--2-0--gCloud","number_of_ads_buy":0,"average_prize_buy":0,"number_of_ads_rent":0,"average_prize_rent":0,"normalized_prize_buy":0,"normalized_ads_buy":0,"normalized_prize_rent":null,"normalized_ads_rent":0,"date":"2018-12-07T09:31:31.000Z","fill-opacity":0,"fill":"#ff0000"},"bbox":[-3.91602,40.2899,-3.9215,40.295],"geometry":{"type":"Polygon","coordinates":[[[-3.91602,40.295],[-3.9215,40.295],[-3.9215,40.2899],[-3.91602,40.2899],[-3.91602,40.295]]]}},{"type":"Feature","properties":{"name":"Arroyomolinos--piece--2-1--gCloud","number_of_ads_buy":3,"average_prize_buy":1912.52,"number_of_ads_rent":1,"average_prize_rent":10.9091,"normalized_prize_buy":0.8987110386406462,"normalized_ads_buy":0.10344827586206896,"normalized_prize_rent":null,"normalized_ads_rent":0.034482758620689655,"date":"2018-12-07T09:31:40.000Z","fill-opacity":0.718968830912517,"fill":"#ff0000"},"bbox":[-3.91602,40.2847,-3.9215,40.2899],"geometry":{"type":"Polygon","coordinates":[[[-3.91602,40.2899],[-3.9215,40.2899],[-3.9215,40.2847],[-3.91602,40.2847],[-3.91602,40.2899]]]}},{"type":"Feature","properties":{"name":"Arroyomolinos--piece--2-2--gCloud","number_of_ads_buy":17,"average_prize_buy":2040.33,"number_of_ads_rent":0,"average_prize_rent":0,"normalized_prize_buy":0.9587701532374404,"normalized_ads_buy":0.5862068965517241,"normalized_prize_rent":null,"normalized_ads_rent":0,"date":"2018-12-07T09:31:52.000Z","fill-opacity":0.7670161225899523,"fill":"#ff0000"},"bbox":[-3.91602,40.2796,-3.9215,40.2847],"geometry":{"type":"Polygon","coordinates":[[[-3.91602,40.2847],[-3.9215,40.2847],[-3.9215,40.2796],[-3.91602,40.2796],[-3.91602,40.2847]]]}},{"type":"Feature","properties":{"name":"Arroyomolinos--piece--2-3--gCloud","number_of_ads_buy":16,"average_prize_buy":2128.07,"number_of_ads_rent":3,"average_prize_rent":10.5968,"normalized_prize_buy":1,"normalized_ads_buy":0.5517241379310345,"normalized_prize_rent":null,"normalized_ads_rent":0.10344827586206896,"date":"2018-12-07T09:32:05.000Z","fill-opacity":0.8,"fill":"#ff0000"},"bbox":[-3.91602,40.2744,-3.9215,40.2796],"geometry":{"type":"Polygon","coordinates":[[[-3.91602,40.2796],[-3.9215,40.2796],[-3.9215,40.2744],[-3.91602,40.2744],[-3.91602,40.2796]]]}},{"type":"Feature","properties":{"name":"Arroyomolinos--piece--2-4--gCloud","number_of_ads_buy":16,"average_prize_buy":1767.58,"number_of_ads_rent":2,"average_prize_rent":8.11205,"normalized_prize_buy":0.8306023768015149,"normalized_ads_buy":0.5517241379310345,"normalized_prize_rent":null,"normalized_ads_rent":0.06896551724137931,"date":"2018-12-07T09:32:11.000Z","fill-opacity":0.664481901441212,"fill":"#ff0000"},"bbox":[-3.91602,40.2692,-3.9215,40.2744],"geometry":{"type":"Polygon","coordinates":[[[-3.91602,40.2744],[-3.9215,40.2744],[-3.9215,40.2692],[-3.91602,40.2692],[-3.91602,40.2744]]]}},{"type":"Feature","properties":{"name":"Arroyomolinos--piece--2-5--gCloud","number_of_ads_buy":29,"average_prize_buy":1454.15,"number_of_ads_rent":5,"average_prize_rent":10.0354,"normalized_prize_buy":0.6833186878251185,"normalized_ads_buy":1,"normalized_prize_rent":null,"normalized_ads_rent":0.1724137931034483,"date":"2018-12-07T09:32:21.000Z","fill-opacity":0.5466549502600948,"fill":"#ff0000"},"bbox":[-3.91602,40.2641,-3.9215,40.2692],"geometry":{"type":"Polygon","coordinates":[[[-3.91602,40.2692],[-3.9215,40.2692],[-3.9215,40.2641],[-3.91602,40.2641],[-3.91602,40.2692]]]}},{"type":"Feature","properties":{"name":"Arroyomolinos--piece--2-6--gCloud","number_of_ads_buy":5,"average_prize_buy":1349.43,"number_of_ads_rent":0,"average_prize_rent":0,"normalized_prize_buy":0.6341097802233949,"normalized_ads_buy":0.1724137931034483,"normalized_prize_rent":null,"normalized_ads_rent":0,"date":"2018-12-07T09:32:26.000Z","fill-opacity":0.507287824178716,"fill":"#ff0000"},"bbox":[-3.91602,40.2589,-3.9215,40.2641],"geometry":{"type":"Polygon","coordinates":[[[-3.91602,40.2641],[-3.9215,40.2641],[-3.9215,40.2589],[-3.91602,40.2589],[-3.91602,40.2641]]]}},{"type":"Feature","properties":{"name":"Arroyomolinos--piece--3-0--gCloud","number_of_ads_buy":19,"average_prize_buy":1456.73,"number_of_ads_rent":0,"average_prize_rent":0,"normalized_prize_buy":0.6845310539596912,"normalized_ads_buy":0.6551724137931034,"normalized_prize_rent":null,"normalized_ads_rent":0,"date":"2018-12-07T09:32:36.000Z","fill-opacity":0.547624843167753,"fill":"#ff0000"},"bbox":[-3.91054,40.2899,-3.91602,40.295],"geometry":{"type":"Polygon","coordinates":[[[-3.91054,40.295],[-3.91602,40.295],[-3.91602,40.2899],[-3.91054,40.2899],[-3.91054,40.295]]]}},{"type":"Feature","properties":{"name":"Arroyomolinos--piece--3-1--gCloud","number_of_ads_buy":14,"average_prize_buy":1330.94,"number_of_ads_rent":0,"average_prize_rent":0,"normalized_prize_buy":0.6254211562589577,"normalized_ads_buy":0.4827586206896552,"normalized_prize_rent":null,"normalized_ads_rent":0,"date":"2018-12-07T09:32:48.000Z","fill-opacity":0.5003369250071662,"fill":"#ff0000"},"bbox":[-3.91054,40.2847,-3.91602,40.2899],"geometry":{"type":"Polygon","coordinates":[[[-3.91054,40.2899],[-3.91602,40.2899],[-3.91602,40.2847],[-3.91054,40.2847],[-3.91054,40.2899]]]}},{"type":"Feature","properties":{"name":"Arroyomolinos--piece--3-2--gCloud","number_of_ads_buy":11,"average_prize_buy":1572.9,"number_of_ads_rent":1,"average_prize_rent":6.81818,"normalized_prize_buy":0.739120423670274,"normalized_ads_buy":0.3793103448275862,"normalized_prize_rent":null,"normalized_ads_rent":0.034482758620689655,"date":"2018-12-07T09:32:53.000Z","fill-opacity":0.5912963389362192,"fill":"#ff0000"},"bbox":[-3.91054,40.2796,-3.91602,40.2847],"geometry":{"type":"Polygon","coordinates":[[[-3.91054,40.2847],[-3.91602,40.2847],[-3.91602,40.2796],[-3.91054,40.2796],[-3.91054,40.2847]]]}},{"type":"Feature","properties":{"name":"Arroyomolinos--piece--3-3--gCloud","number_of_ads_buy":11,"average_prize_buy":1544.15,"number_of_ads_rent":1,"average_prize_rent":3.81526,"normalized_prize_buy":0.7256105297288153,"normalized_ads_buy":0.3793103448275862,"normalized_prize_rent":null,"normalized_ads_rent":0.034482758620689655,"date":"2018-12-07T09:33:01.000Z","fill-opacity":0.5804884237830523,"fill":"#ff0000"},"bbox":[-3.91054,40.2744,-3.91602,40.2796],"geometry":{"type":"Polygon","coordinates":[[[-3.91054,40.2796],[-3.91602,40.2796],[-3.91602,40.2744],[-3.91054,40.2744],[-3.91054,40.2796]]]}},{"type":"Feature","properties":{"name":"Arroyomolinos--piece--3-4--gCloud","number_of_ads_buy":8,"average_prize_buy":1680.74,"number_of_ads_rent":1,"average_prize_rent":9.72222,"normalized_prize_buy":0.7897954484579924,"normalized_ads_buy":0.27586206896551724,"normalized_prize_rent":null,"normalized_ads_rent":0.034482758620689655,"date":"2018-12-07T09:33:11.000Z","fill-opacity":0.631836358766394,"fill":"#ff0000"},"bbox":[-3.91054,40.2692,-3.91602,40.2744],"geometry":{"type":"Polygon","coordinates":[[[-3.91054,40.2744],[-3.91602,40.2744],[-3.91602,40.2692],[-3.91054,40.2692],[-3.91054,40.2744]]]}},{"type":"Feature","properties":{"name":"Arroyomolinos--piece--3-5--gCloud","number_of_ads_buy":9,"average_prize_buy":1168.45,"number_of_ads_rent":1,"average_prize_rent":3.62998,"normalized_prize_buy":0.5490655852486055,"normalized_ads_buy":0.3103448275862069,"normalized_prize_rent":null,"normalized_ads_rent":0.034482758620689655,"date":"2018-12-07T09:33:20.000Z","fill-opacity":0.4392524681988844,"fill":"#ff0000"},"bbox":[-3.91054,40.2641,-3.91602,40.2692],"geometry":{"type":"Polygon","coordinates":[[[-3.91054,40.2692],[-3.91602,40.2692],[-3.91602,40.2641],[-3.91054,40.2641],[-3.91054,40.2692]]]}},{"type":"Feature","properties":{"name":"Arroyomolinos--piece--3-6--gCloud","number_of_ads_buy":29,"average_prize_buy":1266.71,"number_of_ads_rent":1,"average_prize_rent":5.15873,"normalized_prize_buy":0.5952388784203527,"normalized_ads_buy":1,"normalized_prize_rent":null,"normalized_ads_rent":0.034482758620689655,"date":"2018-12-07T09:33:26.000Z","fill-opacity":0.4761911027362822,"fill":"#ff0000"},"bbox":[-3.91054,40.2589,-3.91602,40.2641],"geometry":{"type":"Polygon","coordinates":[[[-3.91054,40.2641],[-3.91602,40.2641],[-3.91602,40.2589],[-3.91054,40.2589],[-3.91054,40.2641]]]}},{"type":"Feature","properties":{"name":"Arroyomolinos--piece--4-0--gCloud","number_of_ads_buy":0,"average_prize_buy":0,"number_of_ads_rent":0,"average_prize_rent":0,"normalized_prize_buy":0,"normalized_ads_buy":0,"normalized_prize_rent":null,"normalized_ads_rent":0,"date":"2018-12-07T09:33:35.000Z","fill-opacity":0,"fill":"#ff0000"},"bbox":[-3.90506,40.2899,-3.91054,40.295],"geometry":{"type":"Polygon","coordinates":[[[-3.90506,40.295],[-3.91054,40.295],[-3.91054,40.2899],[-3.90506,40.2899],[-3.90506,40.295]]]}},{"type":"Feature","properties":{"name":"Arroyomolinos--piece--4-1--gCloud","number_of_ads_buy":0,"average_prize_buy":0,"number_of_ads_rent":0,"average_prize_rent":0,"normalized_prize_buy":0,"normalized_ads_buy":0,"normalized_prize_rent":null,"normalized_ads_rent":0,"date":"2018-12-07T09:33:43.000Z","fill-opacity":0,"fill":"#ff0000"},"bbox":[-3.90506,40.2847,-3.91054,40.2899],"geometry":{"type":"Polygon","coordinates":[[[-3.90506,40.2899],[-3.91054,40.2899],[-3.91054,40.2847],[-3.90506,40.2847],[-3.90506,40.2899]]]}},{"type":"Feature","properties":{"name":"Arroyomolinos--piece--4-2--gCloud","number_of_ads_buy":0,"average_prize_buy":0,"number_of_ads_rent":0,"average_prize_rent":0,"normalized_prize_buy":0,"normalized_ads_buy":0,"normalized_prize_rent":null,"normalized_ads_rent":0,"date":"2018-12-07T09:33:51.000Z","fill-opacity":0,"fill":"#ff0000"},"bbox":[-3.90506,40.2796,-3.91054,40.2847],"geometry":{"type":"Polygon","coordinates":[[[-3.90506,40.2847],[-3.91054,40.2847],[-3.91054,40.2796],[-3.90506,40.2796],[-3.90506,40.2847]]]}},{"type":"Feature","properties":{"name":"Arroyomolinos--piece--4-3--gCloud","number_of_ads_buy":0,"average_prize_buy":0,"number_of_ads_rent":0,"average_prize_rent":0,"normalized_prize_buy":0,"normalized_ads_buy":0,"normalized_prize_rent":null,"normalized_ads_rent":0,"date":"2018-12-07T09:33:59.000Z","fill-opacity":0,"fill":"#ff0000"},"bbox":[-3.90506,40.2744,-3.91054,40.2796],"geometry":{"type":"Polygon","coordinates":[[[-3.90506,40.2796],[-3.91054,40.2796],[-3.91054,40.2744],[-3.90506,40.2744],[-3.90506,40.2796]]]}},{"type":"Feature","properties":{"name":"Arroyomolinos--piece--4-4--gCloud","number_of_ads_buy":8,"average_prize_buy":1559.98,"number_of_ads_rent":0,"average_prize_rent":0,"normalized_prize_buy":0.733049194810321,"normalized_ads_buy":0.27586206896551724,"normalized_prize_rent":null,"normalized_ads_rent":0,"date":"2018-12-07T09:34:05.000Z","fill-opacity":0.5864393558482569,"fill":"#ff0000"},"bbox":[-3.90506,40.2692,-3.91054,40.2744],"geometry":{"type":"Polygon","coordinates":[[[-3.90506,40.2744],[-3.91054,40.2744],[-3.91054,40.2692],[-3.90506,40.2692],[-3.90506,40.2744]]]}},{"type":"Feature","properties":{"name":"Arroyomolinos--piece--4-5--gCloud","number_of_ads_buy":7,"average_prize_buy":1286.56,"number_of_ads_rent":0,"average_prize_rent":0,"normalized_prize_buy":0.6045665791068902,"normalized_ads_buy":0.2413793103448276,"normalized_prize_rent":null,"normalized_ads_rent":0,"date":"2018-12-07T09:34:11.000Z","fill-opacity":0.48365326328551217,"fill":"#ff0000"},"bbox":[-3.90506,40.2641,-3.91054,40.2692],"geometry":{"type":"Polygon","coordinates":[[[-3.90506,40.2692],[-3.91054,40.2692],[-3.91054,40.2641],[-3.90506,40.2641],[-3.90506,40.2692]]]}},{"type":"Feature","properties":{"name":"Arroyomolinos--piece--4-6--gCloud","number_of_ads_buy":1,"average_prize_buy":1900,"number_of_ads_rent":0,"average_prize_rent":0,"normalized_prize_buy":0.8928277735224874,"normalized_ads_buy":0.034482758620689655,"normalized_prize_rent":null,"normalized_ads_rent":0,"date":"2018-12-07T09:34:22.000Z","fill-opacity":0.71426221881799,"fill":"#ff0000"},"bbox":[-3.90506,40.2589,-3.91054,40.2641],"geometry":{"type":"Polygon","coordinates":[[[-3.90506,40.2641],[-3.91054,40.2641],[-3.91054,40.2589],[-3.90506,40.2589],[-3.90506,40.2641]]]}},{"type":"Feature","properties":{"name":"Arroyomolinos--piece--5-0--gCloud","number_of_ads_buy":0,"average_prize_buy":0,"number_of_ads_rent":0,"average_prize_rent":0,"normalized_prize_buy":0,"normalized_ads_buy":0,"normalized_prize_rent":null,"normalized_ads_rent":0,"date":"2018-12-07T09:34:27.000Z","fill-opacity":0,"fill":"#ff0000"},"bbox":[-3.89958,40.2899,-3.90506,40.295],"geometry":{"type":"Polygon","coordinates":[[[-3.89958,40.295],[-3.90506,40.295],[-3.90506,40.2899],[-3.89958,40.2899],[-3.89958,40.295]]]}},{"type":"Feature","properties":{"name":"Arroyomolinos--piece--5-1--gCloud","number_of_ads_buy":0,"average_prize_buy":0,"number_of_ads_rent":0,"average_prize_rent":0,"normalized_prize_buy":0,"normalized_ads_buy":0,"normalized_prize_rent":null,"normalized_ads_rent":0,"date":"2018-12-07T09:34:33.000Z","fill-opacity":0,"fill":"#ff0000"},"bbox":[-3.89958,40.2847,-3.90506,40.2899],"geometry":{"type":"Polygon","coordinates":[[[-3.89958,40.2899],[-3.90506,40.2899],[-3.90506,40.2847],[-3.89958,40.2847],[-3.89958,40.2899]]]}},{"type":"Feature","properties":{"name":"Arroyomolinos--piece--5-2--gCloud","number_of_ads_buy":0,"average_prize_buy":0,"number_of_ads_rent":0,"average_prize_rent":0,"normalized_prize_buy":0,"normalized_ads_buy":0,"normalized_prize_rent":null,"normalized_ads_rent":0,"date":"2018-12-07T09:34:38.000Z","fill-opacity":0,"fill":"#ff0000"},"bbox":[-3.89958,40.2796,-3.90506,40.2847],"geometry":{"type":"Polygon","coordinates":[[[-3.89958,40.2847],[-3.90506,40.2847],[-3.90506,40.2796],[-3.89958,40.2796],[-3.89958,40.2847]]]}},{"type":"Feature","properties":{"name":"Arroyomolinos--piece--5-3--gCloud","number_of_ads_buy":0,"average_prize_buy":0,"number_of_ads_rent":0,"average_prize_rent":0,"normalized_prize_buy":0,"normalized_ads_buy":0,"normalized_prize_rent":null,"normalized_ads_rent":0,"date":"2018-12-07T09:34:43.000Z","fill-opacity":0,"fill":"#ff0000"},"bbox":[-3.89958,40.2744,-3.90506,40.2796],"geometry":{"type":"Polygon","coordinates":[[[-3.89958,40.2796],[-3.90506,40.2796],[-3.90506,40.2744],[-3.89958,40.2744],[-3.89958,40.2796]]]}},{"type":"Feature","properties":{"name":"Arroyomolinos--piece--5-4--gCloud","number_of_ads_buy":11,"average_prize_buy":1276.59,"number_of_ads_rent":0,"average_prize_rent":0,"normalized_prize_buy":0.5998815828426696,"normalized_ads_buy":0.3793103448275862,"normalized_prize_rent":null,"normalized_ads_rent":0,"date":"2018-12-07T09:34:49.000Z","fill-opacity":0.47990526627413566,"fill":"#ff0000"},"bbox":[-3.89958,40.2692,-3.90506,40.2744],"geometry":{"type":"Polygon","coordinates":[[[-3.89958,40.2744],[-3.90506,40.2744],[-3.90506,40.2692],[-3.89958,40.2692],[-3.89958,40.2744]]]}},{"type":"Feature","properties":{"name":"Arroyomolinos--piece--5-5--gCloud","number_of_ads_buy":6,"average_prize_buy":1441.67,"number_of_ads_rent":0,"average_prize_rent":0,"normalized_prize_buy":0.6774542190811392,"normalized_ads_buy":0.20689655172413793,"normalized_prize_rent":null,"normalized_ads_rent":0,"date":"2018-12-07T09:34:55.000Z","fill-opacity":0.5419633752649115,"fill":"#ff0000"},"bbox":[-3.89958,40.2641,-3.90506,40.2692],"geometry":{"type":"Polygon","coordinates":[[[-3.89958,40.2692],[-3.90506,40.2692],[-3.90506,40.2641],[-3.89958,40.2641],[-3.89958,40.2692]]]}},{"type":"Feature","properties":{"name":"Arroyomolinos--piece--5-6--gCloud","number_of_ads_buy":0,"average_prize_buy":0,"number_of_ads_rent":0,"average_prize_rent":0,"normalized_prize_buy":0,"normalized_ads_buy":0,"normalized_prize_rent":null,"normalized_ads_rent":0,"date":"2018-12-07T09:35:03.000Z","fill-opacity":0,"fill":"#ff0000"},"bbox":[-3.89958,40.2589,-3.90506,40.2641],"geometry":{"type":"Polygon","coordinates":[[[-3.89958,40.2641],[-3.90506,40.2641],[-3.90506,40.2589],[-3.89958,40.2589],[-3.89958,40.2641]]]}}]}