{"type":"FeatureCollection","features":[{"type":"Feature","properties":{"name":"Boadilla del Monte--piece--0-0--gCloud","number_of_ads_buy":0,"average_prize_buy":0,"number_of_ads_rent":0,"average_prize_rent":0,"normalized_prize_buy":0,"normalized_ads_buy":0,"normalized_prize_rent":null,"normalized_ads_rent":0,"date":"2018-12-03T16:54:21.000Z","fill-opacity":0,"fill":"#ff0000"},"bbox":[-3.92063,40.4511,-3.92587,40.4564],"geometry":{"type":"Polygon","coordinates":[[[-3.92063,40.4564],[-3.92587,40.4564],[-3.92587,40.4511],[-3.92063,40.4511],[-3.92063,40.4564]]]}},{"type":"Feature","properties":{"name":"Boadilla del Monte--piece--0-1--gCloud","number_of_ads_buy":0,"average_prize_buy":0,"number_of_ads_rent":0,"average_prize_rent":0,"normalized_prize_buy":0,"normalized_ads_buy":0,"normalized_prize_rent":null,"normalized_ads_rent":0,"date":"2018-12-03T16:54:26.000Z","fill-opacity":0,"fill":"#ff0000"},"bbox":[-3.92063,40.4458,-3.92587,40.4511],"geometry":{"type":"Polygon","coordinates":[[[-3.92063,40.4511],[-3.92587,40.4511],[-3.92587,40.4458],[-3.92063,40.4458],[-3.92063,40.4511]]]}},{"type":"Feature","properties":{"name":"Boadilla del Monte--piece--0-10--gCloud","number_of_ads_buy":3,"average_prize_buy":1951.56,"number_of_ads_rent":0,"average_prize_rent":0,"normalized_prize_buy":0.4978469387755102,"normalized_ads_buy":0.11538461538461539,"normalized_prize_rent":null,"normalized_ads_rent":0,"date":"2018-12-03T16:54:34.000Z","fill-opacity":0.3982775510204082,"fill":"#ff0000"},"bbox":[-3.92063,40.3981,-3.92587,40.4034],"geometry":{"type":"Polygon","coordinates":[[[-3.92063,40.4034],[-3.92587,40.4034],[-3.92587,40.3981],[-3.92063,40.3981],[-3.92063,40.4034]]]}},{"type":"Feature","properties":{"name":"Boadilla del Monte--piece--0-2--gCloud","number_of_ads_buy":0,"average_prize_buy":0,"number_of_ads_rent":1,"average_prize_rent":5.6,"normalized_prize_buy":0,"normalized_ads_buy":0,"normalized_prize_rent":null,"normalized_ads_rent":0.038461538461538464,"date":"2018-12-03T16:54:45.000Z","fill-opacity":0,"fill":"#ff0000"},"bbox":[-3.92063,40.4405,-3.92587,40.4458],"geometry":{"type":"Polygon","coordinates":[[[-3.92063,40.4458],[-3.92587,40.4458],[-3.92587,40.4405],[-3.92063,40.4405],[-3.92063,40.4458]]]}},{"type":"Feature","properties":{"name":"Boadilla del Monte--piece--0-3--gCloud","number_of_ads_buy":4,"average_prize_buy":1561.91,"number_of_ads_rent":1,"average_prize_rent":3.9248,"normalized_prize_buy":0.3984464285714286,"normalized_ads_buy":0.15384615384615385,"normalized_prize_rent":null,"normalized_ads_rent":0.038461538461538464,"date":"2018-12-03T16:55:08.000Z","fill-opacity":0.3187571428571429,"fill":"#ff0000"},"bbox":[-3.92063,40.4352,-3.92587,40.4405],"geometry":{"type":"Polygon","coordinates":[[[-3.92063,40.4405],[-3.92587,40.4405],[-3.92587,40.4352],[-3.92063,40.4352],[-3.92063,40.4405]]]}},{"type":"Feature","properties":{"name":"Boadilla del Monte--piece--0-4--gCloud","number_of_ads_buy":1,"average_prize_buy":3.19303,"number_of_ads_rent":0,"average_prize_rent":0,"normalized_prize_buy":0.000814548469387755,"normalized_ads_buy":0.038461538461538464,"normalized_prize_rent":null,"normalized_ads_rent":0,"date":"2018-12-03T16:55:14.000Z","fill-opacity":0.0006516387755102041,"fill":"#ff0000"},"bbox":[-3.92063,40.4299,-3.92587,40.4352],"geometry":{"type":"Polygon","coordinates":[[[-3.92063,40.4352],[-3.92587,40.4352],[-3.92587,40.4299],[-3.92063,40.4299],[-3.92063,40.4352]]]}},{"type":"Feature","properties":{"name":"Boadilla del Monte--piece--0-5--gCloud","number_of_ads_buy":5,"average_prize_buy":2670.72,"number_of_ads_rent":0,"average_prize_rent":0,"normalized_prize_buy":0.6813061224489796,"normalized_ads_buy":0.19230769230769232,"normalized_prize_rent":null,"normalized_ads_rent":0,"date":"2018-12-03T16:55:34.000Z","fill-opacity":0.5450448979591836,"fill":"#ff0000"},"bbox":[-3.92063,40.4246,-3.92587,40.4299],"geometry":{"type":"Polygon","coordinates":[[[-3.92063,40.4299],[-3.92587,40.4299],[-3.92587,40.4246],[-3.92063,40.4246],[-3.92063,40.4299]]]}},{"type":"Feature","properties":{"name":"Boadilla del Monte--piece--0-6--gCloud","number_of_ads_buy":2,"average_prize_buy":1819.33,"number_of_ads_rent":0,"average_prize_rent":0,"normalized_prize_buy":0.46411479591836735,"normalized_ads_buy":0.07692307692307693,"normalized_prize_rent":null,"normalized_ads_rent":0,"date":"2018-12-03T16:55:45.000Z","fill-opacity":0.3712918367346939,"fill":"#ff0000"},"bbox":[-3.92063,40.4193,-3.92587,40.4246],"geometry":{"type":"Polygon","coordinates":[[[-3.92063,40.4246],[-3.92587,40.4246],[-3.92587,40.4193],[-3.92063,40.4193],[-3.92063,40.4246]]]}},{"type":"Feature","properties":{"name":"Boadilla del Monte--piece--0-7--gCloud","number_of_ads_buy":1,"average_prize_buy":2399.22,"number_of_ads_rent":0,"average_prize_rent":0,"normalized_prize_buy":0.6120459183673469,"normalized_ads_buy":0.038461538461538464,"normalized_prize_rent":null,"normalized_ads_rent":0,"date":"2018-12-03T16:56:02.000Z","fill-opacity":0.48963673469387753,"fill":"#ff0000"},"bbox":[-3.92063,40.414,-3.92587,40.4193],"geometry":{"type":"Polygon","coordinates":[[[-3.92063,40.4193],[-3.92587,40.4193],[-3.92587,40.414],[-3.92063,40.414],[-3.92063,40.4193]]]}},{"type":"Feature","properties":{"name":"Boadilla del Monte--piece--0-8--gCloud","number_of_ads_buy":0,"average_prize_buy":0,"number_of_ads_rent":0,"average_prize_rent":0,"normalized_prize_buy":0,"normalized_ads_buy":0,"normalized_prize_rent":null,"normalized_ads_rent":0,"date":"2018-12-03T16:56:07.000Z","fill-opacity":0,"fill":"#ff0000"},"bbox":[-3.92063,40.4087,-3.92587,40.414],"geometry":{"type":"Polygon","coordinates":[[[-3.92063,40.414],[-3.92587,40.414],[-3.92587,40.4087],[-3.92063,40.4087],[-3.92063,40.414]]]}},{"type":"Feature","properties":{"name":"Boadilla del Monte--piece--0-9--gCloud","number_of_ads_buy":0,"average_prize_buy":0,"number_of_ads_rent":0,"average_prize_rent":0,"normalized_prize_buy":0,"normalized_ads_buy":0,"normalized_prize_rent":null,"normalized_ads_rent":0,"date":"2018-12-03T16:56:13.000Z","fill-opacity":0,"fill":"#ff0000"},"bbox":[-3.92063,40.4034,-3.92587,40.4087],"geometry":{"type":"Polygon","coordinates":[[[-3.92063,40.4087],[-3.92587,40.4087],[-3.92587,40.4034],[-3.92063,40.4034],[-3.92063,40.4087]]]}},{"type":"Feature","properties":{"name":"Boadilla del Monte--piece--1-0--gCloud","number_of_ads_buy":1,"average_prize_buy":2025,"number_of_ads_rent":0,"average_prize_rent":0,"normalized_prize_buy":0.5165816326530612,"normalized_ads_buy":0.038461538461538464,"normalized_prize_rent":null,"normalized_ads_rent":0,"date":"2018-12-03T16:56:27.000Z","fill-opacity":0.413265306122449,"fill":"#ff0000"},"bbox":[-3.91539,40.4511,-3.92063,40.4564],"geometry":{"type":"Polygon","coordinates":[[[-3.91539,40.4564],[-3.92063,40.4564],[-3.92063,40.4511],[-3.91539,40.4511],[-3.91539,40.4564]]]}},{"type":"Feature","properties":{"name":"Boadilla del Monte--piece--1-1--gCloud","number_of_ads_buy":0,"average_prize_buy":0,"number_of_ads_rent":0,"average_prize_rent":0,"normalized_prize_buy":0,"normalized_ads_buy":0,"normalized_prize_rent":null,"normalized_ads_rent":0,"date":"2018-12-03T16:56:32.000Z","fill-opacity":0,"fill":"#ff0000"},"bbox":[-3.91539,40.4458,-3.92063,40.4511],"geometry":{"type":"Polygon","coordinates":[[[-3.91539,40.4511],[-3.92063,40.4511],[-3.92063,40.4458],[-3.91539,40.4458],[-3.91539,40.4511]]]}},{"type":"Feature","properties":{"name":"Boadilla del Monte--piece--1-10--gCloud","number_of_ads_buy":9,"average_prize_buy":1315.06,"number_of_ads_rent":0,"average_prize_rent":0,"normalized_prize_buy":0.3354744897959184,"normalized_ads_buy":0.34615384615384615,"normalized_prize_rent":null,"normalized_ads_rent":0,"date":"2018-12-03T16:56:39.000Z","fill-opacity":0.2683795918367347,"fill":"#ff0000"},"bbox":[-3.91539,40.3981,-3.92063,40.4034],"geometry":{"type":"Polygon","coordinates":[[[-3.91539,40.4034],[-3.92063,40.4034],[-3.92063,40.3981],[-3.91539,40.3981],[-3.91539,40.4034]]]}},{"type":"Feature","properties":{"name":"Boadilla del Monte--piece--1-2--gCloud","number_of_ads_buy":0,"average_prize_buy":0,"number_of_ads_rent":0,"average_prize_rent":0,"normalized_prize_buy":0,"normalized_ads_buy":0,"normalized_prize_rent":null,"normalized_ads_rent":0,"date":"2018-12-03T16:56:44.000Z","fill-opacity":0,"fill":"#ff0000"},"bbox":[-3.91539,40.4405,-3.92063,40.4458],"geometry":{"type":"Polygon","coordinates":[[[-3.91539,40.4458],[-3.92063,40.4458],[-3.92063,40.4405],[-3.91539,40.4405],[-3.91539,40.4458]]]}},{"type":"Feature","properties":{"name":"Boadilla del Monte--piece--1-3--gCloud","number_of_ads_buy":3,"average_prize_buy":1916.67,"number_of_ads_rent":0,"average_prize_rent":0,"normalized_prize_buy":0.4889464285714286,"normalized_ads_buy":0.11538461538461539,"normalized_prize_rent":null,"normalized_ads_rent":0,"date":"2018-12-03T16:56:53.000Z","fill-opacity":0.3911571428571429,"fill":"#ff0000"},"bbox":[-3.91539,40.4352,-3.92063,40.4405],"geometry":{"type":"Polygon","coordinates":[[[-3.91539,40.4405],[-3.92063,40.4405],[-3.92063,40.4352],[-3.91539,40.4352],[-3.91539,40.4405]]]}},{"type":"Feature","properties":{"name":"Boadilla del Monte--piece--1-4--gCloud","number_of_ads_buy":5,"average_prize_buy":1403.04,"number_of_ads_rent":5,"average_prize_rent":5.89777,"normalized_prize_buy":0.35791836734693877,"normalized_ads_buy":0.19230769230769232,"normalized_prize_rent":null,"normalized_ads_rent":0.19230769230769232,"date":"2018-12-03T16:57:02.000Z","fill-opacity":0.286334693877551,"fill":"#ff0000"},"bbox":[-3.91539,40.4299,-3.92063,40.4352],"geometry":{"type":"Polygon","coordinates":[[[-3.91539,40.4352],[-3.92063,40.4352],[-3.92063,40.4299],[-3.91539,40.4299],[-3.91539,40.4352]]]}},{"type":"Feature","properties":{"name":"Boadilla del Monte--piece--1-5--gCloud","number_of_ads_buy":8,"average_prize_buy":1812.88,"number_of_ads_rent":1,"average_prize_rent":12.1429,"normalized_prize_buy":0.46246938775510205,"normalized_ads_buy":0.3076923076923077,"normalized_prize_rent":null,"normalized_ads_rent":0.038461538461538464,"date":"2018-12-03T16:57:19.000Z","fill-opacity":0.36997551020408165,"fill":"#ff0000"},"bbox":[-3.91539,40.4246,-3.92063,40.4299],"geometry":{"type":"Polygon","coordinates":[[[-3.91539,40.4299],[-3.92063,40.4299],[-3.92063,40.4246],[-3.91539,40.4246],[-3.91539,40.4299]]]}},{"type":"Feature","properties":{"name":"Boadilla del Monte--piece--1-6--gCloud","number_of_ads_buy":13,"average_prize_buy":1992.24,"number_of_ads_rent":0,"average_prize_rent":0,"normalized_prize_buy":0.5082244897959184,"normalized_ads_buy":0.5,"normalized_prize_rent":null,"normalized_ads_rent":0,"date":"2018-12-03T16:57:30.000Z","fill-opacity":0.40657959183673476,"fill":"#ff0000"},"bbox":[-3.91539,40.4193,-3.92063,40.4246],"geometry":{"type":"Polygon","coordinates":[[[-3.91539,40.4246],[-3.92063,40.4246],[-3.92063,40.4193],[-3.91539,40.4193],[-3.91539,40.4246]]]}},{"type":"Feature","properties":{"name":"Boadilla del Monte--piece--1-7--gCloud","number_of_ads_buy":4,"average_prize_buy":1894.22,"number_of_ads_rent":0,"average_prize_rent":0,"normalized_prize_buy":0.48321938775510204,"normalized_ads_buy":0.15384615384615385,"normalized_prize_rent":null,"normalized_ads_rent":0,"date":"2018-12-03T16:57:39.000Z","fill-opacity":0.38657551020408165,"fill":"#ff0000"},"bbox":[-3.91539,40.414,-3.92063,40.4193],"geometry":{"type":"Polygon","coordinates":[[[-3.91539,40.4193],[-3.92063,40.4193],[-3.92063,40.414],[-3.91539,40.414],[-3.91539,40.4193]]]}},{"type":"Feature","properties":{"name":"Boadilla del Monte--piece--1-8--gCloud","number_of_ads_buy":5,"average_prize_buy":1990.65,"number_of_ads_rent":0,"average_prize_rent":0,"normalized_prize_buy":0.5078188775510204,"normalized_ads_buy":0.19230769230769232,"normalized_prize_rent":null,"normalized_ads_rent":0,"date":"2018-12-03T16:57:44.000Z","fill-opacity":0.40625510204081633,"fill":"#ff0000"},"bbox":[-3.91539,40.4087,-3.92063,40.414],"geometry":{"type":"Polygon","coordinates":[[[-3.91539,40.414],[-3.92063,40.414],[-3.92063,40.4087],[-3.91539,40.4087],[-3.91539,40.414]]]}},{"type":"Feature","properties":{"name":"Boadilla del Monte--piece--1-9--gCloud","number_of_ads_buy":0,"average_prize_buy":0,"number_of_ads_rent":0,"average_prize_rent":0,"normalized_prize_buy":0,"normalized_ads_buy":0,"normalized_prize_rent":null,"normalized_ads_rent":0,"date":"2018-12-03T16:57:54.000Z","fill-opacity":0,"fill":"#ff0000"},"bbox":[-3.91539,40.4034,-3.92063,40.4087],"geometry":{"type":"Polygon","coordinates":[[[-3.91539,40.4087],[-3.92063,40.4087],[-3.92063,40.4034],[-3.91539,40.4034],[-3.91539,40.4087]]]}},{"type":"Feature","properties":{"name":"Boadilla del Monte--piece--10-0--gCloud","number_of_ads_buy":6,"average_prize_buy":2737.7,"number_of_ads_rent":2,"average_prize_rent":13.2353,"normalized_prize_buy":0.6983928571428571,"normalized_ads_buy":0.23076923076923078,"normalized_prize_rent":null,"normalized_ads_rent":0.07692307692307693,"date":"2018-12-03T16:58:03.000Z","fill-opacity":0.5587142857142857,"fill":"#ff0000"},"bbox":[-3.86822,40.4511,-3.87346,40.4564],"geometry":{"type":"Polygon","coordinates":[[[-3.86822,40.4564],[-3.87346,40.4564],[-3.87346,40.4511],[-3.86822,40.4511],[-3.86822,40.4564]]]}},{"type":"Feature","properties":{"name":"Boadilla del Monte--piece--10-1--gCloud","number_of_ads_buy":1,"average_prize_buy":3333.33,"number_of_ads_rent":2,"average_prize_rent":9.51795,"normalized_prize_buy":0.8503392857142857,"normalized_ads_buy":0.038461538461538464,"normalized_prize_rent":null,"normalized_ads_rent":0.07692307692307693,"date":"2018-12-03T16:58:12.000Z","fill-opacity":0.6802714285714286,"fill":"#ff0000"},"bbox":[-3.86822,40.4458,-3.87346,40.4511],"geometry":{"type":"Polygon","coordinates":[[[-3.86822,40.4511],[-3.87346,40.4511],[-3.87346,40.4458],[-3.86822,40.4458],[-3.86822,40.4511]]]}},{"type":"Feature","properties":{"name":"Boadilla del Monte--piece--10-10--gCloud","number_of_ads_buy":0,"average_prize_buy":0,"number_of_ads_rent":0,"average_prize_rent":0,"normalized_prize_buy":0,"normalized_ads_buy":0,"normalized_prize_rent":null,"normalized_ads_rent":0,"date":"2018-12-03T16:58:24.000Z","fill-opacity":0,"fill":"#ff0000"},"bbox":[-3.86822,40.3981,-3.87346,40.4034],"geometry":{"type":"Polygon","coordinates":[[[-3.86822,40.4034],[-3.87346,40.4034],[-3.87346,40.3981],[-3.86822,40.3981],[-3.86822,40.4034]]]}},{"type":"Feature","properties":{"name":"Boadilla del Monte--piece--10-2--gCloud","number_of_ads_buy":25,"average_prize_buy":3464.91,"number_of_ads_rent":1,"average_prize_rent":10.5195,"normalized_prize_buy":0.8839056122448979,"normalized_ads_buy":0.9615384615384616,"normalized_prize_rent":null,"normalized_ads_rent":0.038461538461538464,"date":"2018-12-03T16:58:30.000Z","fill-opacity":0.7071244897959184,"fill":"#ff0000"},"bbox":[-3.86822,40.4405,-3.87346,40.4458],"geometry":{"type":"Polygon","coordinates":[[[-3.86822,40.4458],[-3.87346,40.4458],[-3.87346,40.4405],[-3.86822,40.4405],[-3.86822,40.4458]]]}},{"type":"Feature","properties":{"name":"Boadilla del Monte--piece--10-3--gCloud","number_of_ads_buy":0,"average_prize_buy":0,"number_of_ads_rent":3,"average_prize_rent":11.7479,"normalized_prize_buy":0,"normalized_ads_buy":0,"normalized_prize_rent":null,"normalized_ads_rent":0.11538461538461539,"date":"2018-12-03T16:58:42.000Z","fill-opacity":0,"fill":"#ff0000"},"bbox":[-3.86822,40.4352,-3.87346,40.4405],"geometry":{"type":"Polygon","coordinates":[[[-3.86822,40.4405],[-3.87346,40.4405],[-3.87346,40.4352],[-3.86822,40.4352],[-3.86822,40.4405]]]}},{"type":"Feature","properties":{"name":"Boadilla del Monte--piece--10-4--gCloud","number_of_ads_buy":0,"average_prize_buy":0,"number_of_ads_rent":0,"average_prize_rent":0,"normalized_prize_buy":0,"normalized_ads_buy":0,"normalized_prize_rent":null,"normalized_ads_rent":0,"date":"2018-12-03T16:58:48.000Z","fill-opacity":0,"fill":"#ff0000"},"bbox":[-3.86822,40.4299,-3.87346,40.4352],"geometry":{"type":"Polygon","coordinates":[[[-3.86822,40.4352],[-3.87346,40.4352],[-3.87346,40.4299],[-3.86822,40.4299],[-3.86822,40.4352]]]}},{"type":"Feature","properties":{"name":"Boadilla del Monte--piece--10-5--gCloud","number_of_ads_buy":4,"average_prize_buy":565.857,"number_of_ads_rent":0,"average_prize_rent":0,"normalized_prize_buy":0.14435127551020407,"normalized_ads_buy":0.15384615384615385,"normalized_prize_rent":null,"normalized_ads_rent":0,"date":"2018-12-03T16:58:53.000Z","fill-opacity":0.11548102040816327,"fill":"#ff0000"},"bbox":[-3.86822,40.4246,-3.87346,40.4299],"geometry":{"type":"Polygon","coordinates":[[[-3.86822,40.4299],[-3.87346,40.4299],[-3.87346,40.4246],[-3.86822,40.4246],[-3.86822,40.4299]]]}},{"type":"Feature","properties":{"name":"Boadilla del Monte--piece--10-6--gCloud","number_of_ads_buy":0,"average_prize_buy":0,"number_of_ads_rent":0,"average_prize_rent":0,"normalized_prize_buy":0,"normalized_ads_buy":0,"normalized_prize_rent":null,"normalized_ads_rent":0,"date":"2018-12-03T16:58:58.000Z","fill-opacity":0,"fill":"#ff0000"},"bbox":[-3.86822,40.4193,-3.87346,40.4246],"geometry":{"type":"Polygon","coordinates":[[[-3.86822,40.4246],[-3.87346,40.4246],[-3.87346,40.4193],[-3.86822,40.4193],[-3.86822,40.4246]]]}},{"type":"Feature","properties":{"name":"Boadilla del Monte--piece--10-7--gCloud","number_of_ads_buy":0,"average_prize_buy":0,"number_of_ads_rent":0,"average_prize_rent":0,"normalized_prize_buy":0,"normalized_ads_buy":0,"normalized_prize_rent":null,"normalized_ads_rent":0,"date":"2018-12-03T16:59:09.000Z","fill-opacity":0,"fill":"#ff0000"},"bbox":[-3.86822,40.414,-3.87346,40.4193],"geometry":{"type":"Polygon","coordinates":[[[-3.86822,40.4193],[-3.87346,40.4193],[-3.87346,40.414],[-3.86822,40.414],[-3.86822,40.4193]]]}},{"type":"Feature","properties":{"name":"Boadilla del Monte--piece--10-8--gCloud","number_of_ads_buy":1,"average_prize_buy":2785.71,"number_of_ads_rent":0,"average_prize_rent":0,"normalized_prize_buy":0.710640306122449,"normalized_ads_buy":0.038461538461538464,"normalized_prize_rent":null,"normalized_ads_rent":0,"date":"2018-12-03T16:59:14.000Z","fill-opacity":0.5685122448979593,"fill":"#ff0000"},"bbox":[-3.86822,40.4087,-3.87346,40.414],"geometry":{"type":"Polygon","coordinates":[[[-3.86822,40.414],[-3.87346,40.414],[-3.87346,40.4087],[-3.86822,40.4087],[-3.86822,40.414]]]}},{"type":"Feature","properties":{"name":"Boadilla del Monte--piece--10-9--gCloud","number_of_ads_buy":0,"average_prize_buy":0,"number_of_ads_rent":0,"average_prize_rent":0,"normalized_prize_buy":0,"normalized_ads_buy":0,"normalized_prize_rent":null,"normalized_ads_rent":0,"date":"2018-12-03T16:59:20.000Z","fill-opacity":0,"fill":"#ff0000"},"bbox":[-3.86822,40.4034,-3.87346,40.4087],"geometry":{"type":"Polygon","coordinates":[[[-3.86822,40.4087],[-3.87346,40.4087],[-3.87346,40.4034],[-3.86822,40.4034],[-3.86822,40.4087]]]}},{"type":"Feature","properties":{"name":"Boadilla del Monte--piece--11-0--gCloud","number_of_ads_buy":12,"average_prize_buy":2744.85,"number_of_ads_rent":10,"average_prize_rent":12.7531,"normalized_prize_buy":0.7002168367346938,"normalized_ads_buy":0.46153846153846156,"normalized_prize_rent":null,"normalized_ads_rent":0.38461538461538464,"date":"2018-12-03T16:59:29.000Z","fill-opacity":0.560173469387755,"fill":"#ff0000"},"bbox":[-3.86298,40.4511,-3.86822,40.4564],"geometry":{"type":"Polygon","coordinates":[[[-3.86298,40.4564],[-3.86822,40.4564],[-3.86822,40.4511],[-3.86298,40.4511],[-3.86298,40.4564]]]}},{"type":"Feature","properties":{"name":"Boadilla del Monte--piece--11-1--gCloud","number_of_ads_buy":7,"average_prize_buy":3749.73,"number_of_ads_rent":2,"average_prize_rent":9.74588,"normalized_prize_buy":0.9565637755102041,"normalized_ads_buy":0.2692307692307692,"normalized_prize_rent":null,"normalized_ads_rent":0.07692307692307693,"date":"2018-12-03T16:59:35.000Z","fill-opacity":0.7652510204081633,"fill":"#ff0000"},"bbox":[-3.86298,40.4458,-3.86822,40.4511],"geometry":{"type":"Polygon","coordinates":[[[-3.86298,40.4511],[-3.86822,40.4511],[-3.86822,40.4458],[-3.86298,40.4458],[-3.86298,40.4511]]]}},{"type":"Feature","properties":{"name":"Boadilla del Monte--piece--11-10--gCloud","number_of_ads_buy":0,"average_prize_buy":0,"number_of_ads_rent":0,"average_prize_rent":0,"normalized_prize_buy":0,"normalized_ads_buy":0,"normalized_prize_rent":null,"normalized_ads_rent":0,"date":"2018-12-03T16:59:40.000Z","fill-opacity":0,"fill":"#ff0000"},"bbox":[-3.86298,40.3981,-3.86822,40.4034],"geometry":{"type":"Polygon","coordinates":[[[-3.86298,40.4034],[-3.86822,40.4034],[-3.86822,40.3981],[-3.86298,40.3981],[-3.86298,40.4034]]]}},{"type":"Feature","properties":{"name":"Boadilla del Monte--piece--11-2--gCloud","number_of_ads_buy":4,"average_prize_buy":3597.66,"number_of_ads_rent":3,"average_prize_rent":13.2564,"normalized_prize_buy":0.9177704081632653,"normalized_ads_buy":0.15384615384615385,"normalized_prize_rent":null,"normalized_ads_rent":0.11538461538461539,"date":"2018-12-03T16:59:46.000Z","fill-opacity":0.7342163265306123,"fill":"#ff0000"},"bbox":[-3.86298,40.4405,-3.86822,40.4458],"geometry":{"type":"Polygon","coordinates":[[[-3.86298,40.4458],[-3.86822,40.4458],[-3.86822,40.4405],[-3.86298,40.4405],[-3.86298,40.4458]]]}},{"type":"Feature","properties":{"name":"Boadilla del Monte--piece--11-3--gCloud","number_of_ads_buy":0,"average_prize_buy":0,"number_of_ads_rent":0,"average_prize_rent":0,"normalized_prize_buy":0,"normalized_ads_buy":0,"normalized_prize_rent":null,"normalized_ads_rent":0,"date":"2018-12-03T16:59:54.000Z","fill-opacity":0,"fill":"#ff0000"},"bbox":[-3.86298,40.4352,-3.86822,40.4405],"geometry":{"type":"Polygon","coordinates":[[[-3.86298,40.4405],[-3.86822,40.4405],[-3.86822,40.4352],[-3.86298,40.4352],[-3.86298,40.4405]]]}},{"type":"Feature","properties":{"name":"Boadilla del Monte--piece--11-4--gCloud","number_of_ads_buy":0,"average_prize_buy":0,"number_of_ads_rent":0,"average_prize_rent":0,"normalized_prize_buy":0,"normalized_ads_buy":0,"normalized_prize_rent":null,"normalized_ads_rent":0,"date":"2018-12-03T17:00:02.000Z","fill-opacity":0,"fill":"#ff0000"},"bbox":[-3.86298,40.4299,-3.86822,40.4352],"geometry":{"type":"Polygon","coordinates":[[[-3.86298,40.4352],[-3.86822,40.4352],[-3.86822,40.4299],[-3.86298,40.4299],[-3.86298,40.4352]]]}},{"type":"Feature","properties":{"name":"Boadilla del Monte--piece--11-5--gCloud","number_of_ads_buy":0,"average_prize_buy":0,"number_of_ads_rent":0,"average_prize_rent":0,"normalized_prize_buy":0,"normalized_ads_buy":0,"normalized_prize_rent":null,"normalized_ads_rent":0,"date":"2018-12-03T17:00:11.000Z","fill-opacity":0,"fill":"#ff0000"},"bbox":[-3.86298,40.4246,-3.86822,40.4299],"geometry":{"type":"Polygon","coordinates":[[[-3.86298,40.4299],[-3.86822,40.4299],[-3.86822,40.4246],[-3.86298,40.4246],[-3.86298,40.4299]]]}},{"type":"Feature","properties":{"name":"Boadilla del Monte--piece--11-6--gCloud","number_of_ads_buy":0,"average_prize_buy":0,"number_of_ads_rent":0,"average_prize_rent":0,"normalized_prize_buy":0,"normalized_ads_buy":0,"normalized_prize_rent":null,"normalized_ads_rent":0,"date":"2018-12-03T17:00:59.000Z","fill-opacity":0,"fill":"#ff0000"},"bbox":[-3.86298,40.4193,-3.86822,40.4246],"geometry":{"type":"Polygon","coordinates":[[[-3.86298,40.4246],[-3.86822,40.4246],[-3.86822,40.4193],[-3.86298,40.4193],[-3.86298,40.4246]]]}},{"type":"Feature","properties":{"name":"Boadilla del Monte--piece--11-7--gCloud","number_of_ads_buy":0,"average_prize_buy":0,"number_of_ads_rent":0,"average_prize_rent":0,"normalized_prize_buy":0,"normalized_ads_buy":0,"normalized_prize_rent":null,"normalized_ads_rent":0,"date":"2018-12-03T17:01:04.000Z","fill-opacity":0,"fill":"#ff0000"},"bbox":[-3.86298,40.414,-3.86822,40.4193],"geometry":{"type":"Polygon","coordinates":[[[-3.86298,40.4193],[-3.86822,40.4193],[-3.86822,40.414],[-3.86298,40.414],[-3.86298,40.4193]]]}},{"type":"Feature","properties":{"name":"Boadilla del Monte--piece--11-8--gCloud","number_of_ads_buy":0,"average_prize_buy":0,"number_of_ads_rent":0,"average_prize_rent":0,"normalized_prize_buy":0,"normalized_ads_buy":0,"normalized_prize_rent":null,"normalized_ads_rent":0,"date":"2018-12-03T17:01:10.000Z","fill-opacity":0,"fill":"#ff0000"},"bbox":[-3.86298,40.4087,-3.86822,40.414],"geometry":{"type":"Polygon","coordinates":[[[-3.86298,40.414],[-3.86822,40.414],[-3.86822,40.4087],[-3.86298,40.4087],[-3.86298,40.414]]]}},{"type":"Feature","properties":{"name":"Boadilla del Monte--piece--11-9--gCloud","number_of_ads_buy":0,"average_prize_buy":0,"number_of_ads_rent":0,"average_prize_rent":0,"normalized_prize_buy":0,"normalized_ads_buy":0,"normalized_prize_rent":null,"normalized_ads_rent":0,"date":"2018-12-03T17:01:16.000Z","fill-opacity":0,"fill":"#ff0000"},"bbox":[-3.86298,40.4034,-3.86822,40.4087],"geometry":{"type":"Polygon","coordinates":[[[-3.86298,40.4087],[-3.86822,40.4087],[-3.86822,40.4034],[-3.86298,40.4034],[-3.86298,40.4087]]]}},{"type":"Feature","properties":{"name":"Boadilla del Monte--piece--12-0--gCloud","number_of_ads_buy":2,"average_prize_buy":2850.76,"number_of_ads_rent":3,"average_prize_rent":10.9014,"normalized_prize_buy":0.7272346938775511,"normalized_ads_buy":0.07692307692307693,"normalized_prize_rent":null,"normalized_ads_rent":0.11538461538461539,"date":"2018-12-03T17:01:24.000Z","fill-opacity":0.581787755102041,"fill":"#ff0000"},"bbox":[-3.85774,40.4511,-3.86298,40.4564],"geometry":{"type":"Polygon","coordinates":[[[-3.85774,40.4564],[-3.86298,40.4564],[-3.86298,40.4511],[-3.85774,40.4511],[-3.85774,40.4564]]]}},{"type":"Feature","properties":{"name":"Boadilla del Monte--piece--12-1--gCloud","number_of_ads_buy":7,"average_prize_buy":3260.88,"number_of_ads_rent":7,"average_prize_rent":10.3652,"normalized_prize_buy":0.8318571428571429,"normalized_ads_buy":0.2692307692307692,"normalized_prize_rent":null,"normalized_ads_rent":0.2692307692307692,"date":"2018-12-03T17:01:33.000Z","fill-opacity":0.6654857142857143,"fill":"#ff0000"},"bbox":[-3.85774,40.4458,-3.86298,40.4511],"geometry":{"type":"Polygon","coordinates":[[[-3.85774,40.4511],[-3.86298,40.4511],[-3.86298,40.4458],[-3.85774,40.4458],[-3.85774,40.4511]]]}},{"type":"Feature","properties":{"name":"Boadilla del Monte--piece--12-10--gCloud","number_of_ads_buy":0,"average_prize_buy":0,"number_of_ads_rent":0,"average_prize_rent":0,"normalized_prize_buy":0,"normalized_ads_buy":0,"normalized_prize_rent":null,"normalized_ads_rent":0,"date":"2018-12-03T17:01:38.000Z","fill-opacity":0,"fill":"#ff0000"},"bbox":[-3.85774,40.3981,-3.86298,40.4034],"geometry":{"type":"Polygon","coordinates":[[[-3.85774,40.4034],[-3.86298,40.4034],[-3.86298,40.3981],[-3.85774,40.3981],[-3.85774,40.4034]]]}},{"type":"Feature","properties":{"name":"Boadilla del Monte--piece--12-2--gCloud","number_of_ads_buy":7,"average_prize_buy":1732.13,"number_of_ads_rent":2,"average_prize_rent":9.54491,"normalized_prize_buy":0.4418698979591837,"normalized_ads_buy":0.2692307692307692,"normalized_prize_rent":null,"normalized_ads_rent":0.07692307692307693,"date":"2018-12-03T17:01:44.000Z","fill-opacity":0.35349591836734695,"fill":"#ff0000"},"bbox":[-3.85774,40.4405,-3.86298,40.4458],"geometry":{"type":"Polygon","coordinates":[[[-3.85774,40.4458],[-3.86298,40.4458],[-3.86298,40.4405],[-3.85774,40.4405],[-3.85774,40.4458]]]}},{"type":"Feature","properties":{"name":"Boadilla del Monte--piece--12-3--gCloud","number_of_ads_buy":8,"average_prize_buy":2.64815,"number_of_ads_rent":13,"average_prize_rent":8.82561,"normalized_prize_buy":0.000675548469387755,"normalized_ads_buy":0.3076923076923077,"normalized_prize_rent":null,"normalized_ads_rent":0.5,"date":"2018-12-03T17:01:58.000Z","fill-opacity":0.000540438775510204,"fill":"#ff0000"},"bbox":[-3.85774,40.4352,-3.86298,40.4405],"geometry":{"type":"Polygon","coordinates":[[[-3.85774,40.4405],[-3.86298,40.4405],[-3.86298,40.4352],[-3.85774,40.4352],[-3.85774,40.4405]]]}},{"type":"Feature","properties":{"name":"Boadilla del Monte--piece--12-4--gCloud","number_of_ads_buy":0,"average_prize_buy":0,"number_of_ads_rent":0,"average_prize_rent":0,"normalized_prize_buy":0,"normalized_ads_buy":0,"normalized_prize_rent":null,"normalized_ads_rent":0,"date":"2018-12-03T17:02:06.000Z","fill-opacity":0,"fill":"#ff0000"},"bbox":[-3.85774,40.4299,-3.86298,40.4352],"geometry":{"type":"Polygon","coordinates":[[[-3.85774,40.4352],[-3.86298,40.4352],[-3.86298,40.4299],[-3.85774,40.4299],[-3.85774,40.4352]]]}},{"type":"Feature","properties":{"name":"Boadilla del Monte--piece--12-5--gCloud","number_of_ads_buy":0,"average_prize_buy":0,"number_of_ads_rent":0,"average_prize_rent":0,"normalized_prize_buy":0,"normalized_ads_buy":0,"normalized_prize_rent":null,"normalized_ads_rent":0,"date":"2018-12-03T17:02:11.000Z","fill-opacity":0,"fill":"#ff0000"},"bbox":[-3.85774,40.4246,-3.86298,40.4299],"geometry":{"type":"Polygon","coordinates":[[[-3.85774,40.4299],[-3.86298,40.4299],[-3.86298,40.4246],[-3.85774,40.4246],[-3.85774,40.4299]]]}},{"type":"Feature","properties":{"name":"Boadilla del Monte--piece--12-6--gCloud","number_of_ads_buy":0,"average_prize_buy":0,"number_of_ads_rent":0,"average_prize_rent":0,"normalized_prize_buy":0,"normalized_ads_buy":0,"normalized_prize_rent":null,"normalized_ads_rent":0,"date":"2018-12-03T17:02:20.000Z","fill-opacity":0,"fill":"#ff0000"},"bbox":[-3.85774,40.4193,-3.86298,40.4246],"geometry":{"type":"Polygon","coordinates":[[[-3.85774,40.4246],[-3.86298,40.4246],[-3.86298,40.4193],[-3.85774,40.4193],[-3.85774,40.4246]]]}},{"type":"Feature","properties":{"name":"Boadilla del Monte--piece--12-7--gCloud","number_of_ads_buy":0,"average_prize_buy":0,"number_of_ads_rent":0,"average_prize_rent":0,"normalized_prize_buy":0,"normalized_ads_buy":0,"normalized_prize_rent":null,"normalized_ads_rent":0,"date":"2018-12-03T17:02:25.000Z","fill-opacity":0,"fill":"#ff0000"},"bbox":[-3.85774,40.414,-3.86298,40.4193],"geometry":{"type":"Polygon","coordinates":[[[-3.85774,40.4193],[-3.86298,40.4193],[-3.86298,40.414],[-3.85774,40.414],[-3.85774,40.4193]]]}},{"type":"Feature","properties":{"name":"Boadilla del Monte--piece--12-8--gCloud","number_of_ads_buy":0,"average_prize_buy":0,"number_of_ads_rent":0,"average_prize_rent":0,"normalized_prize_buy":0,"normalized_ads_buy":0,"normalized_prize_rent":null,"normalized_ads_rent":0,"date":"2018-12-03T17:02:34.000Z","fill-opacity":0,"fill":"#ff0000"},"bbox":[-3.85774,40.4087,-3.86298,40.414],"geometry":{"type":"Polygon","coordinates":[[[-3.85774,40.414],[-3.86298,40.414],[-3.86298,40.4087],[-3.85774,40.4087],[-3.85774,40.414]]]}},{"type":"Feature","properties":{"name":"Boadilla del Monte--piece--12-9--gCloud","number_of_ads_buy":0,"average_prize_buy":0,"number_of_ads_rent":0,"average_prize_rent":0,"normalized_prize_buy":0,"normalized_ads_buy":0,"normalized_prize_rent":null,"normalized_ads_rent":0,"date":"2018-12-03T17:02:46.000Z","fill-opacity":0,"fill":"#ff0000"},"bbox":[-3.85774,40.4034,-3.86298,40.4087],"geometry":{"type":"Polygon","coordinates":[[[-3.85774,40.4087],[-3.86298,40.4087],[-3.86298,40.4034],[-3.85774,40.4034],[-3.85774,40.4087]]]}},{"type":"Feature","properties":{"name":"Boadilla del Monte--piece--2-0--gCloud","number_of_ads_buy":4,"average_prize_buy":1949.95,"number_of_ads_rent":0,"average_prize_rent":0,"normalized_prize_buy":0.4974362244897959,"normalized_ads_buy":0.15384615384615385,"normalized_prize_rent":null,"normalized_ads_rent":0,"date":"2018-12-03T17:02:55.000Z","fill-opacity":0.3979489795918367,"fill":"#ff0000"},"bbox":[-3.91015,40.4511,-3.91539,40.4564],"geometry":{"type":"Polygon","coordinates":[[[-3.91015,40.4564],[-3.91539,40.4564],[-3.91539,40.4511],[-3.91015,40.4511],[-3.91015,40.4564]]]}},{"type":"Feature","properties":{"name":"Boadilla del Monte--piece--2-1--gCloud","number_of_ads_buy":1,"average_prize_buy":3333.33,"number_of_ads_rent":0,"average_prize_rent":0,"normalized_prize_buy":0.8503392857142857,"normalized_ads_buy":0.038461538461538464,"normalized_prize_rent":null,"normalized_ads_rent":0,"date":"2018-12-03T17:03:04.000Z","fill-opacity":0.6802714285714286,"fill":"#ff0000"},"bbox":[-3.91015,40.4458,-3.91539,40.4511],"geometry":{"type":"Polygon","coordinates":[[[-3.91015,40.4511],[-3.91539,40.4511],[-3.91539,40.4458],[-3.91015,40.4458],[-3.91015,40.4511]]]}},{"type":"Feature","properties":{"name":"Boadilla del Monte--piece--2-10--gCloud","number_of_ads_buy":1,"average_prize_buy":1909.81,"number_of_ads_rent":0,"average_prize_rent":0,"normalized_prize_buy":0.48719642857142853,"normalized_ads_buy":0.038461538461538464,"normalized_prize_rent":null,"normalized_ads_rent":0,"date":"2018-12-03T17:03:16.000Z","fill-opacity":0.38975714285714286,"fill":"#ff0000"},"bbox":[-3.91015,40.3981,-3.91539,40.4034],"geometry":{"type":"Polygon","coordinates":[[[-3.91015,40.4034],[-3.91539,40.4034],[-3.91539,40.3981],[-3.91015,40.3981],[-3.91015,40.4034]]]}},{"type":"Feature","properties":{"name":"Boadilla del Monte--piece--2-2--gCloud","number_of_ads_buy":1,"average_prize_buy":1369.23,"number_of_ads_rent":0,"average_prize_rent":0,"normalized_prize_buy":0.3492933673469388,"normalized_ads_buy":0.038461538461538464,"normalized_prize_rent":null,"normalized_ads_rent":0,"date":"2018-12-03T17:03:29.000Z","fill-opacity":0.27943469387755104,"fill":"#ff0000"},"bbox":[-3.91015,40.4405,-3.91539,40.4458],"geometry":{"type":"Polygon","coordinates":[[[-3.91015,40.4458],[-3.91539,40.4458],[-3.91539,40.4405],[-3.91015,40.4405],[-3.91015,40.4458]]]}},{"type":"Feature","properties":{"name":"Boadilla del Monte--piece--2-3--gCloud","number_of_ads_buy":4,"average_prize_buy":963.042,"number_of_ads_rent":1,"average_prize_rent":6,"normalized_prize_buy":0.24567397959183673,"normalized_ads_buy":0.15384615384615385,"normalized_prize_rent":null,"normalized_ads_rent":0.038461538461538464,"date":"2018-12-03T17:03:38.000Z","fill-opacity":0.1965391836734694,"fill":"#ff0000"},"bbox":[-3.91015,40.4352,-3.91539,40.4405],"geometry":{"type":"Polygon","coordinates":[[[-3.91015,40.4405],[-3.91539,40.4405],[-3.91539,40.4352],[-3.91015,40.4352],[-3.91015,40.4405]]]}},{"type":"Feature","properties":{"name":"Boadilla del Monte--piece--2-4--gCloud","number_of_ads_buy":13,"average_prize_buy":1512.23,"number_of_ads_rent":0,"average_prize_rent":0,"normalized_prize_buy":0.3857729591836735,"normalized_ads_buy":0.5,"normalized_prize_rent":null,"normalized_ads_rent":0,"date":"2018-12-03T17:03:51.000Z","fill-opacity":0.3086183673469388,"fill":"#ff0000"},"bbox":[-3.91015,40.4299,-3.91539,40.4352],"geometry":{"type":"Polygon","coordinates":[[[-3.91015,40.4352],[-3.91539,40.4352],[-3.91539,40.4299],[-3.91015,40.4299],[-3.91015,40.4352]]]}},{"type":"Feature","properties":{"name":"Boadilla del Monte--piece--2-5--gCloud","number_of_ads_buy":5,"average_prize_buy":1921.92,"number_of_ads_rent":0,"average_prize_rent":0,"normalized_prize_buy":0.4902857142857143,"normalized_ads_buy":0.19230769230769232,"normalized_prize_rent":null,"normalized_ads_rent":0,"date":"2018-12-03T17:04:02.000Z","fill-opacity":0.3922285714285715,"fill":"#ff0000"},"bbox":[-3.91015,40.4246,-3.91539,40.4299],"geometry":{"type":"Polygon","coordinates":[[[-3.91015,40.4299],[-3.91539,40.4299],[-3.91539,40.4246],[-3.91015,40.4246],[-3.91015,40.4299]]]}},{"type":"Feature","properties":{"name":"Boadilla del Monte--piece--2-6--gCloud","number_of_ads_buy":7,"average_prize_buy":2512.31,"number_of_ads_rent":0,"average_prize_rent":0,"normalized_prize_buy":0.6408954081632653,"normalized_ads_buy":0.2692307692307692,"normalized_prize_rent":null,"normalized_ads_rent":0,"date":"2018-12-03T17:04:08.000Z","fill-opacity":0.5127163265306123,"fill":"#ff0000"},"bbox":[-3.91015,40.4193,-3.91539,40.4246],"geometry":{"type":"Polygon","coordinates":[[[-3.91015,40.4246],[-3.91539,40.4246],[-3.91539,40.4193],[-3.91015,40.4193],[-3.91015,40.4246]]]}},{"type":"Feature","properties":{"name":"Boadilla del Monte--piece--2-7--gCloud","number_of_ads_buy":2,"average_prize_buy":1898.99,"number_of_ads_rent":1,"average_prize_rent":9.09091,"normalized_prize_buy":0.4844362244897959,"normalized_ads_buy":0.07692307692307693,"normalized_prize_rent":null,"normalized_ads_rent":0.038461538461538464,"date":"2018-12-03T17:04:16.000Z","fill-opacity":0.38754897959183676,"fill":"#ff0000"},"bbox":[-3.91015,40.414,-3.91539,40.4193],"geometry":{"type":"Polygon","coordinates":[[[-3.91015,40.4193],[-3.91539,40.4193],[-3.91539,40.414],[-3.91015,40.414],[-3.91015,40.4193]]]}},{"type":"Feature","properties":{"name":"Boadilla del Monte--piece--2-8--gCloud","number_of_ads_buy":1,"average_prize_buy":2717.65,"number_of_ads_rent":1,"average_prize_rent":8.05556,"normalized_prize_buy":0.6932780612244899,"normalized_ads_buy":0.038461538461538464,"normalized_prize_rent":null,"normalized_ads_rent":0.038461538461538464,"date":"2018-12-03T17:04:22.000Z","fill-opacity":0.5546224489795919,"fill":"#ff0000"},"bbox":[-3.91015,40.4087,-3.91539,40.414],"geometry":{"type":"Polygon","coordinates":[[[-3.91015,40.414],[-3.91539,40.414],[-3.91539,40.4087],[-3.91015,40.4087],[-3.91015,40.414]]]}},{"type":"Feature","properties":{"name":"Boadilla del Monte--piece--2-9--gCloud","number_of_ads_buy":0,"average_prize_buy":0,"number_of_ads_rent":0,"average_prize_rent":0,"normalized_prize_buy":0,"normalized_ads_buy":0,"normalized_prize_rent":null,"normalized_ads_rent":0,"date":"2018-12-03T17:04:30.000Z","fill-opacity":0,"fill":"#ff0000"},"bbox":[-3.91015,40.4034,-3.91539,40.4087],"geometry":{"type":"Polygon","coordinates":[[[-3.91015,40.4087],[-3.91539,40.4087],[-3.91539,40.4034],[-3.91015,40.4034],[-3.91015,40.4087]]]}},{"type":"Feature","properties":{"name":"Boadilla del Monte--piece--3-0--gCloud","number_of_ads_buy":2,"average_prize_buy":2278.86,"number_of_ads_rent":0,"average_prize_rent":0,"normalized_prize_buy":0.5813418367346939,"normalized_ads_buy":0.07692307692307693,"normalized_prize_rent":null,"normalized_ads_rent":0,"date":"2018-12-03T17:04:37.000Z","fill-opacity":0.4650734693877551,"fill":"#ff0000"},"bbox":[-3.90491,40.4511,-3.91015,40.4564],"geometry":{"type":"Polygon","coordinates":[[[-3.90491,40.4564],[-3.91015,40.4564],[-3.91015,40.4511],[-3.90491,40.4511],[-3.90491,40.4564]]]}},{"type":"Feature","properties":{"name":"Boadilla del Monte--piece--3-1--gCloud","number_of_ads_buy":2,"average_prize_buy":2942.27,"number_of_ads_rent":0,"average_prize_rent":0,"normalized_prize_buy":0.7505790816326531,"normalized_ads_buy":0.07692307692307693,"normalized_prize_rent":null,"normalized_ads_rent":0,"date":"2018-12-03T17:04:46.000Z","fill-opacity":0.6004632653061225,"fill":"#ff0000"},"bbox":[-3.90491,40.4458,-3.91015,40.4511],"geometry":{"type":"Polygon","coordinates":[[[-3.90491,40.4511],[-3.91015,40.4511],[-3.91015,40.4458],[-3.90491,40.4458],[-3.90491,40.4511]]]}},{"type":"Feature","properties":{"name":"Boadilla del Monte--piece--3-10--gCloud","number_of_ads_buy":0,"average_prize_buy":0,"number_of_ads_rent":0,"average_prize_rent":0,"normalized_prize_buy":0,"normalized_ads_buy":0,"normalized_prize_rent":null,"normalized_ads_rent":0,"date":"2018-12-03T17:04:54.000Z","fill-opacity":0,"fill":"#ff0000"},"bbox":[-3.90491,40.3981,-3.91015,40.4034],"geometry":{"type":"Polygon","coordinates":[[[-3.90491,40.4034],[-3.91015,40.4034],[-3.91015,40.3981],[-3.90491,40.3981],[-3.90491,40.4034]]]}},{"type":"Feature","properties":{"name":"Boadilla del Monte--piece--3-2--gCloud","number_of_ads_buy":1,"average_prize_buy":3.25,"number_of_ads_rent":0,"average_prize_rent":0,"normalized_prize_buy":0.0008290816326530612,"normalized_ads_buy":0.038461538461538464,"normalized_prize_rent":null,"normalized_ads_rent":0,"date":"2018-12-03T17:05:02.000Z","fill-opacity":0.000663265306122449,"fill":"#ff0000"},"bbox":[-3.90491,40.4405,-3.91015,40.4458],"geometry":{"type":"Polygon","coordinates":[[[-3.90491,40.4458],[-3.91015,40.4458],[-3.91015,40.4405],[-3.90491,40.4405],[-3.90491,40.4458]]]}},{"type":"Feature","properties":{"name":"Boadilla del Monte--piece--3-3--gCloud","number_of_ads_buy":5,"average_prize_buy":2.49749,"number_of_ads_rent":1,"average_prize_rent":7.27273,"normalized_prize_buy":0.0006371147959183674,"normalized_ads_buy":0.19230769230769232,"normalized_prize_rent":null,"normalized_ads_rent":0.038461538461538464,"date":"2018-12-03T17:05:10.000Z","fill-opacity":0.000509691836734694,"fill":"#ff0000"},"bbox":[-3.90491,40.4352,-3.91015,40.4405],"geometry":{"type":"Polygon","coordinates":[[[-3.90491,40.4405],[-3.91015,40.4405],[-3.91015,40.4352],[-3.90491,40.4352],[-3.90491,40.4405]]]}},{"type":"Feature","properties":{"name":"Boadilla del Monte--piece--3-4--gCloud","number_of_ads_buy":6,"average_prize_buy":542.667,"number_of_ads_rent":0,"average_prize_rent":0,"normalized_prize_buy":0.13843545918367348,"normalized_ads_buy":0.23076923076923078,"normalized_prize_rent":null,"normalized_ads_rent":0,"date":"2018-12-03T17:05:16.000Z","fill-opacity":0.11074836734693878,"fill":"#ff0000"},"bbox":[-3.90491,40.4299,-3.91015,40.4352],"geometry":{"type":"Polygon","coordinates":[[[-3.90491,40.4352],[-3.91015,40.4352],[-3.91015,40.4299],[-3.90491,40.4299],[-3.90491,40.4352]]]}},{"type":"Feature","properties":{"name":"Boadilla del Monte--piece--3-5--gCloud","number_of_ads_buy":5,"average_prize_buy":1178.49,"number_of_ads_rent":0,"average_prize_rent":0,"normalized_prize_buy":0.30063520408163263,"normalized_ads_buy":0.19230769230769232,"normalized_prize_rent":null,"normalized_ads_rent":0,"date":"2018-12-03T17:05:26.000Z","fill-opacity":0.2405081632653061,"fill":"#ff0000"},"bbox":[-3.90491,40.4246,-3.91015,40.4299],"geometry":{"type":"Polygon","coordinates":[[[-3.90491,40.4299],[-3.91015,40.4299],[-3.91015,40.4246],[-3.90491,40.4246],[-3.90491,40.4299]]]}},{"type":"Feature","properties":{"name":"Boadilla del Monte--piece--3-6--gCloud","number_of_ads_buy":5,"average_prize_buy":1959.51,"number_of_ads_rent":3,"average_prize_rent":9.20078,"normalized_prize_buy":0.499875,"normalized_ads_buy":0.19230769230769232,"normalized_prize_rent":null,"normalized_ads_rent":0.11538461538461539,"date":"2018-12-03T17:05:32.000Z","fill-opacity":0.39990000000000003,"fill":"#ff0000"},"bbox":[-3.90491,40.4193,-3.91015,40.4246],"geometry":{"type":"Polygon","coordinates":[[[-3.90491,40.4246],[-3.91015,40.4246],[-3.91015,40.4193],[-3.90491,40.4193],[-3.90491,40.4246]]]}},{"type":"Feature","properties":{"name":"Boadilla del Monte--piece--3-7--gCloud","number_of_ads_buy":5,"average_prize_buy":2065.92,"number_of_ads_rent":3,"average_prize_rent":7.4416,"normalized_prize_buy":0.5270204081632653,"normalized_ads_buy":0.19230769230769232,"normalized_prize_rent":null,"normalized_ads_rent":0.11538461538461539,"date":"2018-12-03T17:05:40.000Z","fill-opacity":0.4216163265306123,"fill":"#ff0000"},"bbox":[-3.90491,40.414,-3.91015,40.4193],"geometry":{"type":"Polygon","coordinates":[[[-3.90491,40.4193],[-3.91015,40.4193],[-3.91015,40.414],[-3.90491,40.414],[-3.90491,40.4193]]]}},{"type":"Feature","properties":{"name":"Boadilla del Monte--piece--3-8--gCloud","number_of_ads_buy":5,"average_prize_buy":3066.58,"number_of_ads_rent":3,"average_prize_rent":8.88889,"normalized_prize_buy":0.7822908163265306,"normalized_ads_buy":0.19230769230769232,"normalized_prize_rent":null,"normalized_ads_rent":0.11538461538461539,"date":"2018-12-03T17:05:49.000Z","fill-opacity":0.6258326530612246,"fill":"#ff0000"},"bbox":[-3.90491,40.4087,-3.91015,40.414],"geometry":{"type":"Polygon","coordinates":[[[-3.90491,40.414],[-3.91015,40.414],[-3.91015,40.4087],[-3.90491,40.4087],[-3.90491,40.414]]]}},{"type":"Feature","properties":{"name":"Boadilla del Monte--piece--3-9--gCloud","number_of_ads_buy":14,"average_prize_buy":2680.57,"number_of_ads_rent":1,"average_prize_rent":11.2205,"normalized_prize_buy":0.6838188775510204,"normalized_ads_buy":0.5384615384615384,"normalized_prize_rent":null,"normalized_ads_rent":0.038461538461538464,"date":"2018-12-03T17:05:59.000Z","fill-opacity":0.5470551020408164,"fill":"#ff0000"},"bbox":[-3.90491,40.4034,-3.91015,40.4087],"geometry":{"type":"Polygon","coordinates":[[[-3.90491,40.4087],[-3.91015,40.4087],[-3.91015,40.4034],[-3.90491,40.4034],[-3.90491,40.4087]]]}},{"type":"Feature","properties":{"name":"Boadilla del Monte--piece--4-0--gCloud","number_of_ads_buy":1,"average_prize_buy":2480,"number_of_ads_rent":0,"average_prize_rent":0,"normalized_prize_buy":0.6326530612244898,"normalized_ads_buy":0.038461538461538464,"normalized_prize_rent":null,"normalized_ads_rent":0,"date":"2018-12-03T17:06:09.000Z","fill-opacity":0.5061224489795919,"fill":"#ff0000"},"bbox":[-3.89967,40.4511,-3.90491,40.4564],"geometry":{"type":"Polygon","coordinates":[[[-3.89967,40.4564],[-3.90491,40.4564],[-3.90491,40.4511],[-3.89967,40.4511],[-3.89967,40.4564]]]}},{"type":"Feature","properties":{"name":"Boadilla del Monte--piece--4-1--gCloud","number_of_ads_buy":2,"average_prize_buy":1259,"number_of_ads_rent":0,"average_prize_rent":0,"normalized_prize_buy":0.3211734693877551,"normalized_ads_buy":0.07692307692307693,"normalized_prize_rent":null,"normalized_ads_rent":0,"date":"2018-12-03T17:06:14.000Z","fill-opacity":0.2569387755102041,"fill":"#ff0000"},"bbox":[-3.89967,40.4458,-3.90491,40.4511],"geometry":{"type":"Polygon","coordinates":[[[-3.89967,40.4511],[-3.90491,40.4511],[-3.90491,40.4458],[-3.89967,40.4458],[-3.89967,40.4511]]]}},{"type":"Feature","properties":{"name":"Boadilla del Monte--piece--4-10--gCloud","number_of_ads_buy":6,"average_prize_buy":1861.99,"number_of_ads_rent":1,"average_prize_rent":10.828,"normalized_prize_buy":0.47499744897959184,"normalized_ads_buy":0.23076923076923078,"normalized_prize_rent":null,"normalized_ads_rent":0.038461538461538464,"date":"2018-12-03T17:06:22.000Z","fill-opacity":0.3799979591836735,"fill":"#ff0000"},"bbox":[-3.89967,40.3981,-3.90491,40.4034],"geometry":{"type":"Polygon","coordinates":[[[-3.89967,40.4034],[-3.90491,40.4034],[-3.90491,40.3981],[-3.89967,40.3981],[-3.89967,40.4034]]]}},{"type":"Feature","properties":{"name":"Boadilla del Monte--piece--4-2--gCloud","number_of_ads_buy":5,"average_prize_buy":321.608,"number_of_ads_rent":0,"average_prize_rent":0,"normalized_prize_buy":0.08204285714285714,"normalized_ads_buy":0.19230769230769232,"normalized_prize_rent":null,"normalized_ads_rent":0,"date":"2018-12-03T17:06:30.000Z","fill-opacity":0.06563428571428571,"fill":"#ff0000"},"bbox":[-3.89967,40.4405,-3.90491,40.4458],"geometry":{"type":"Polygon","coordinates":[[[-3.89967,40.4458],[-3.90491,40.4458],[-3.90491,40.4405],[-3.89967,40.4405],[-3.89967,40.4458]]]}},{"type":"Feature","properties":{"name":"Boadilla del Monte--piece--4-3--gCloud","number_of_ads_buy":9,"average_prize_buy":207.368,"number_of_ads_rent":0,"average_prize_rent":0,"normalized_prize_buy":0.052899999999999996,"normalized_ads_buy":0.34615384615384615,"normalized_prize_rent":null,"normalized_ads_rent":0,"date":"2018-12-03T17:06:35.000Z","fill-opacity":0.042319999999999997,"fill":"#ff0000"},"bbox":[-3.89967,40.4352,-3.90491,40.4405],"geometry":{"type":"Polygon","coordinates":[[[-3.89967,40.4405],[-3.90491,40.4405],[-3.90491,40.4352],[-3.89967,40.4352],[-3.89967,40.4405]]]}},{"type":"Feature","properties":{"name":"Boadilla del Monte--piece--4-4--gCloud","number_of_ads_buy":13,"average_prize_buy":663.291,"number_of_ads_rent":1,"average_prize_rent":6.36364,"normalized_prize_buy":0.16920688775510206,"normalized_ads_buy":0.5,"normalized_prize_rent":null,"normalized_ads_rent":0.038461538461538464,"date":"2018-12-03T17:06:45.000Z","fill-opacity":0.13536551020408166,"fill":"#ff0000"},"bbox":[-3.89967,40.4299,-3.90491,40.4352],"geometry":{"type":"Polygon","coordinates":[[[-3.89967,40.4352],[-3.90491,40.4352],[-3.90491,40.4299],[-3.89967,40.4299],[-3.89967,40.4352]]]}},{"type":"Feature","properties":{"name":"Boadilla del Monte--piece--4-5--gCloud","number_of_ads_buy":6,"average_prize_buy":2.70307,"number_of_ads_rent":1,"average_prize_rent":8,"normalized_prize_buy":0.0006895586734693877,"normalized_ads_buy":0.23076923076923078,"normalized_prize_rent":null,"normalized_ads_rent":0.038461538461538464,"date":"2018-12-03T17:06:50.000Z","fill-opacity":0.0005516469387755102,"fill":"#ff0000"},"bbox":[-3.89967,40.4246,-3.90491,40.4299],"geometry":{"type":"Polygon","coordinates":[[[-3.89967,40.4299],[-3.90491,40.4299],[-3.90491,40.4246],[-3.89967,40.4246],[-3.89967,40.4299]]]}},{"type":"Feature","properties":{"name":"Boadilla del Monte--piece--4-6--gCloud","number_of_ads_buy":8,"average_prize_buy":1419.46,"number_of_ads_rent":2,"average_prize_rent":9.375,"normalized_prize_buy":0.36210714285714285,"normalized_ads_buy":0.3076923076923077,"normalized_prize_rent":null,"normalized_ads_rent":0.07692307692307693,"date":"2018-12-03T17:06:57.000Z","fill-opacity":0.28968571428571427,"fill":"#ff0000"},"bbox":[-3.89967,40.4193,-3.90491,40.4246],"geometry":{"type":"Polygon","coordinates":[[[-3.89967,40.4246],[-3.90491,40.4246],[-3.90491,40.4193],[-3.89967,40.4193],[-3.89967,40.4246]]]}},{"type":"Feature","properties":{"name":"Boadilla del Monte--piece--4-7--gCloud","number_of_ads_buy":6,"average_prize_buy":1219.86,"number_of_ads_rent":0,"average_prize_rent":0,"normalized_prize_buy":0.3111887755102041,"normalized_ads_buy":0.23076923076923078,"normalized_prize_rent":null,"normalized_ads_rent":0,"date":"2018-12-03T17:07:03.000Z","fill-opacity":0.24895102040816328,"fill":"#ff0000"},"bbox":[-3.89967,40.414,-3.90491,40.4193],"geometry":{"type":"Polygon","coordinates":[[[-3.89967,40.4193],[-3.90491,40.4193],[-3.90491,40.414],[-3.89967,40.414],[-3.89967,40.4193]]]}},{"type":"Feature","properties":{"name":"Boadilla del Monte--piece--4-8--gCloud","number_of_ads_buy":8,"average_prize_buy":2870.38,"number_of_ads_rent":0,"average_prize_rent":0,"normalized_prize_buy":0.7322397959183674,"normalized_ads_buy":0.3076923076923077,"normalized_prize_rent":null,"normalized_ads_rent":0,"date":"2018-12-03T17:07:09.000Z","fill-opacity":0.5857918367346939,"fill":"#ff0000"},"bbox":[-3.89967,40.4087,-3.90491,40.414],"geometry":{"type":"Polygon","coordinates":[[[-3.89967,40.414],[-3.90491,40.414],[-3.90491,40.4087],[-3.89967,40.4087],[-3.89967,40.414]]]}},{"type":"Feature","properties":{"name":"Boadilla del Monte--piece--4-9--gCloud","number_of_ads_buy":3,"average_prize_buy":2489.64,"number_of_ads_rent":2,"average_prize_rent":8.0834,"normalized_prize_buy":0.6351122448979591,"normalized_ads_buy":0.11538461538461539,"normalized_prize_rent":null,"normalized_ads_rent":0.07692307692307693,"date":"2018-12-03T17:07:19.000Z","fill-opacity":0.5080897959183673,"fill":"#ff0000"},"bbox":[-3.89967,40.4034,-3.90491,40.4087],"geometry":{"type":"Polygon","coordinates":[[[-3.89967,40.4087],[-3.90491,40.4087],[-3.90491,40.4034],[-3.89967,40.4034],[-3.89967,40.4087]]]}},{"type":"Feature","properties":{"name":"Boadilla del Monte--piece--5-0--gCloud","number_of_ads_buy":2,"average_prize_buy":1558.88,"number_of_ads_rent":2,"average_prize_rent":6.26566,"normalized_prize_buy":0.3976734693877551,"normalized_ads_buy":0.07692307692307693,"normalized_prize_rent":null,"normalized_ads_rent":0.07692307692307693,"date":"2018-12-03T17:07:42.000Z","fill-opacity":0.3181387755102041,"fill":"#ff0000"},"bbox":[-3.89443,40.4511,-3.89967,40.4564],"geometry":{"type":"Polygon","coordinates":[[[-3.89443,40.4564],[-3.89967,40.4564],[-3.89967,40.4511],[-3.89443,40.4511],[-3.89443,40.4564]]]}},{"type":"Feature","properties":{"name":"Boadilla del Monte--piece--5-1--gCloud","number_of_ads_buy":8,"average_prize_buy":972.106,"number_of_ads_rent":1,"average_prize_rent":6.04167,"normalized_prize_buy":0.2479862244897959,"normalized_ads_buy":0.3076923076923077,"normalized_prize_rent":null,"normalized_ads_rent":0.038461538461538464,"date":"2018-12-03T17:07:57.000Z","fill-opacity":0.19838897959183674,"fill":"#ff0000"},"bbox":[-3.89443,40.4458,-3.89967,40.4511],"geometry":{"type":"Polygon","coordinates":[[[-3.89443,40.4511],[-3.89967,40.4511],[-3.89967,40.4458],[-3.89443,40.4458],[-3.89443,40.4511]]]}},{"type":"Feature","properties":{"name":"Boadilla del Monte--piece--5-10--gCloud","number_of_ads_buy":1,"average_prize_buy":3392.86,"number_of_ads_rent":5,"average_prize_rent":10.0798,"normalized_prize_buy":0.8655255102040816,"normalized_ads_buy":0.038461538461538464,"normalized_prize_rent":null,"normalized_ads_rent":0.19230769230769232,"date":"2018-12-03T17:08:16.000Z","fill-opacity":0.6924204081632653,"fill":"#ff0000"},"bbox":[-3.89443,40.3981,-3.89967,40.4034],"geometry":{"type":"Polygon","coordinates":[[[-3.89443,40.4034],[-3.89967,40.4034],[-3.89967,40.3981],[-3.89443,40.3981],[-3.89443,40.4034]]]}},{"type":"Feature","properties":{"name":"Boadilla del Monte--piece--5-2--gCloud","number_of_ads_buy":10,"average_prize_buy":359.418,"number_of_ads_rent":0,"average_prize_rent":0,"normalized_prize_buy":0.09168826530612245,"normalized_ads_buy":0.38461538461538464,"normalized_prize_rent":null,"normalized_ads_rent":0,"date":"2018-12-03T17:08:22.000Z","fill-opacity":0.07335061224489796,"fill":"#ff0000"},"bbox":[-3.89443,40.4405,-3.89967,40.4458],"geometry":{"type":"Polygon","coordinates":[[[-3.89443,40.4458],[-3.89967,40.4458],[-3.89967,40.4405],[-3.89443,40.4405],[-3.89443,40.4458]]]}},{"type":"Feature","properties":{"name":"Boadilla del Monte--piece--5-3--gCloud","number_of_ads_buy":12,"average_prize_buy":916.828,"number_of_ads_rent":0,"average_prize_rent":0,"normalized_prize_buy":0.233884693877551,"normalized_ads_buy":0.46153846153846156,"normalized_prize_rent":null,"normalized_ads_rent":0,"date":"2018-12-03T17:08:38.000Z","fill-opacity":0.1871077551020408,"fill":"#ff0000"},"bbox":[-3.89443,40.4352,-3.89967,40.4405],"geometry":{"type":"Polygon","coordinates":[[[-3.89443,40.4405],[-3.89967,40.4405],[-3.89967,40.4352],[-3.89443,40.4352],[-3.89443,40.4405]]]}},{"type":"Feature","properties":{"name":"Boadilla del Monte--piece--5-4--gCloud","number_of_ads_buy":26,"average_prize_buy":796,"number_of_ads_rent":6,"average_prize_rent":8.94698,"normalized_prize_buy":0.2030612244897959,"normalized_ads_buy":1,"normalized_prize_rent":null,"normalized_ads_rent":0.23076923076923078,"date":"2018-12-03T17:08:47.000Z","fill-opacity":0.16244897959183674,"fill":"#ff0000"},"bbox":[-3.89443,40.4299,-3.89967,40.4352],"geometry":{"type":"Polygon","coordinates":[[[-3.89443,40.4352],[-3.89967,40.4352],[-3.89967,40.4299],[-3.89443,40.4299],[-3.89443,40.4352]]]}},{"type":"Feature","properties":{"name":"Boadilla del Monte--piece--5-5--gCloud","number_of_ads_buy":13,"average_prize_buy":273.207,"number_of_ads_rent":0,"average_prize_rent":0,"normalized_prize_buy":0.06969566326530612,"normalized_ads_buy":0.5,"normalized_prize_rent":null,"normalized_ads_rent":0,"date":"2018-12-03T17:08:56.000Z","fill-opacity":0.05575653061224489,"fill":"#ff0000"},"bbox":[-3.89443,40.4246,-3.89967,40.4299],"geometry":{"type":"Polygon","coordinates":[[[-3.89443,40.4299],[-3.89967,40.4299],[-3.89967,40.4246],[-3.89443,40.4246],[-3.89443,40.4299]]]}},{"type":"Feature","properties":{"name":"Boadilla del Monte--piece--5-6--gCloud","number_of_ads_buy":12,"average_prize_buy":2083.59,"number_of_ads_rent":2,"average_prize_rent":11.0119,"normalized_prize_buy":0.5315280612244898,"normalized_ads_buy":0.46153846153846156,"normalized_prize_rent":null,"normalized_ads_rent":0.07692307692307693,"date":"2018-12-03T17:09:08.000Z","fill-opacity":0.4252224489795919,"fill":"#ff0000"},"bbox":[-3.89443,40.4193,-3.89967,40.4246],"geometry":{"type":"Polygon","coordinates":[[[-3.89443,40.4246],[-3.89967,40.4246],[-3.89967,40.4193],[-3.89443,40.4193],[-3.89443,40.4246]]]}},{"type":"Feature","properties":{"name":"Boadilla del Monte--piece--5-7--gCloud","number_of_ads_buy":18,"average_prize_buy":2475.4,"number_of_ads_rent":7,"average_prize_rent":7.83613,"normalized_prize_buy":0.6314795918367347,"normalized_ads_buy":0.6923076923076923,"normalized_prize_rent":null,"normalized_ads_rent":0.2692307692307692,"date":"2018-12-03T17:09:21.000Z","fill-opacity":0.5051836734693879,"fill":"#ff0000"},"bbox":[-3.89443,40.414,-3.89967,40.4193],"geometry":{"type":"Polygon","coordinates":[[[-3.89443,40.4193],[-3.89967,40.4193],[-3.89967,40.414],[-3.89443,40.414],[-3.89443,40.4193]]]}},{"type":"Feature","properties":{"name":"Boadilla del Monte--piece--5-8--gCloud","number_of_ads_buy":14,"average_prize_buy":2663.8,"number_of_ads_rent":7,"average_prize_rent":10.217,"normalized_prize_buy":0.6795408163265306,"normalized_ads_buy":0.5384615384615384,"normalized_prize_rent":null,"normalized_ads_rent":0.2692307692307692,"date":"2018-12-03T17:09:30.000Z","fill-opacity":0.5436326530612245,"fill":"#ff0000"},"bbox":[-3.89443,40.4087,-3.89967,40.414],"geometry":{"type":"Polygon","coordinates":[[[-3.89443,40.414],[-3.89967,40.414],[-3.89967,40.4087],[-3.89443,40.4087],[-3.89443,40.414]]]}},{"type":"Feature","properties":{"name":"Boadilla del Monte--piece--5-9--gCloud","number_of_ads_buy":8,"average_prize_buy":2844.64,"number_of_ads_rent":6,"average_prize_rent":9.90086,"normalized_prize_buy":0.7256734693877551,"normalized_ads_buy":0.3076923076923077,"normalized_prize_rent":null,"normalized_ads_rent":0.23076923076923078,"date":"2018-12-03T17:09:36.000Z","fill-opacity":0.5805387755102042,"fill":"#ff0000"},"bbox":[-3.89443,40.4034,-3.89967,40.4087],"geometry":{"type":"Polygon","coordinates":[[[-3.89443,40.4087],[-3.89967,40.4087],[-3.89967,40.4034],[-3.89443,40.4034],[-3.89443,40.4087]]]}},{"type":"Feature","properties":{"name":"Boadilla del Monte--piece--6-0--gCloud","number_of_ads_buy":18,"average_prize_buy":1990.51,"number_of_ads_rent":0,"average_prize_rent":0,"normalized_prize_buy":0.5077831632653061,"normalized_ads_buy":0.6923076923076923,"normalized_prize_rent":null,"normalized_ads_rent":0,"date":"2018-12-03T17:09:42.000Z","fill-opacity":0.40622653061224495,"fill":"#ff0000"},"bbox":[-3.88919,40.4511,-3.89443,40.4564],"geometry":{"type":"Polygon","coordinates":[[[-3.88919,40.4564],[-3.89443,40.4564],[-3.89443,40.4511],[-3.88919,40.4511],[-3.88919,40.4564]]]}},{"type":"Feature","properties":{"name":"Boadilla del Monte--piece--6-1--gCloud","number_of_ads_buy":13,"average_prize_buy":1257.67,"number_of_ads_rent":1,"average_prize_rent":6.14035,"normalized_prize_buy":0.3208341836734694,"normalized_ads_buy":0.5,"normalized_prize_rent":null,"normalized_ads_rent":0.038461538461538464,"date":"2018-12-03T17:09:59.000Z","fill-opacity":0.2566673469387755,"fill":"#ff0000"},"bbox":[-3.88919,40.4458,-3.89443,40.4511],"geometry":{"type":"Polygon","coordinates":[[[-3.88919,40.4511],[-3.89443,40.4511],[-3.89443,40.4458],[-3.88919,40.4458],[-3.88919,40.4511]]]}},{"type":"Feature","properties":{"name":"Boadilla del Monte--piece--6-10--gCloud","number_of_ads_buy":7,"average_prize_buy":2309.62,"number_of_ads_rent":4,"average_prize_rent":9.875,"normalized_prize_buy":0.5891887755102041,"normalized_ads_buy":0.2692307692307692,"normalized_prize_rent":null,"normalized_ads_rent":0.15384615384615385,"date":"2018-12-03T17:10:32.000Z","fill-opacity":0.4713510204081633,"fill":"#ff0000"},"bbox":[-3.88919,40.3981,-3.89443,40.4034],"geometry":{"type":"Polygon","coordinates":[[[-3.88919,40.4034],[-3.89443,40.4034],[-3.89443,40.3981],[-3.88919,40.3981],[-3.88919,40.4034]]]}},{"type":"Feature","properties":{"name":"Boadilla del Monte--piece--6-2--gCloud","number_of_ads_buy":15,"average_prize_buy":1320.79,"number_of_ads_rent":0,"average_prize_rent":0,"normalized_prize_buy":0.33693622448979593,"normalized_ads_buy":0.5769230769230769,"normalized_prize_rent":null,"normalized_ads_rent":0,"date":"2018-12-03T17:10:44.000Z","fill-opacity":0.26954897959183677,"fill":"#ff0000"},"bbox":[-3.88919,40.4405,-3.89443,40.4458],"geometry":{"type":"Polygon","coordinates":[[[-3.88919,40.4458],[-3.89443,40.4458],[-3.89443,40.4405],[-3.88919,40.4405],[-3.88919,40.4458]]]}},{"type":"Feature","properties":{"name":"Boadilla del Monte--piece--6-3--gCloud","number_of_ads_buy":11,"average_prize_buy":1408.79,"number_of_ads_rent":0,"average_prize_rent":0,"normalized_prize_buy":0.35938520408163266,"normalized_ads_buy":0.4230769230769231,"normalized_prize_rent":null,"normalized_ads_rent":0,"date":"2018-12-03T17:10:50.000Z","fill-opacity":0.28750816326530615,"fill":"#ff0000"},"bbox":[-3.88919,40.4352,-3.89443,40.4405],"geometry":{"type":"Polygon","coordinates":[[[-3.88919,40.4405],[-3.89443,40.4405],[-3.89443,40.4352],[-3.88919,40.4352],[-3.88919,40.4405]]]}},{"type":"Feature","properties":{"name":"Boadilla del Monte--piece--6-4--gCloud","number_of_ads_buy":9,"average_prize_buy":588.076,"number_of_ads_rent":1,"average_prize_rent":5.48387,"normalized_prize_buy":0.15001938775510204,"normalized_ads_buy":0.34615384615384615,"normalized_prize_rent":null,"normalized_ads_rent":0.038461538461538464,"date":"2018-12-03T17:11:01.000Z","fill-opacity":0.12001551020408163,"fill":"#ff0000"},"bbox":[-3.88919,40.4299,-3.89443,40.4352],"geometry":{"type":"Polygon","coordinates":[[[-3.88919,40.4352],[-3.89443,40.4352],[-3.89443,40.4299],[-3.88919,40.4299],[-3.88919,40.4352]]]}},{"type":"Feature","properties":{"name":"Boadilla del Monte--piece--6-5--gCloud","number_of_ads_buy":8,"average_prize_buy":398.782,"number_of_ads_rent":1,"average_prize_rent":10.4167,"normalized_prize_buy":0.10173010204081633,"normalized_ads_buy":0.3076923076923077,"normalized_prize_rent":null,"normalized_ads_rent":0.038461538461538464,"date":"2018-12-03T17:11:16.000Z","fill-opacity":0.08138408163265307,"fill":"#ff0000"},"bbox":[-3.88919,40.4246,-3.89443,40.4299],"geometry":{"type":"Polygon","coordinates":[[[-3.88919,40.4299],[-3.89443,40.4299],[-3.89443,40.4246],[-3.88919,40.4246],[-3.88919,40.4299]]]}},{"type":"Feature","properties":{"name":"Boadilla del Monte--piece--6-6--gCloud","number_of_ads_buy":12,"average_prize_buy":1948.58,"number_of_ads_rent":1,"average_prize_rent":5.63973,"normalized_prize_buy":0.49708673469387754,"normalized_ads_buy":0.46153846153846156,"normalized_prize_rent":null,"normalized_ads_rent":0.038461538461538464,"date":"2018-12-03T17:11:28.000Z","fill-opacity":0.3976693877551021,"fill":"#ff0000"},"bbox":[-3.88919,40.4193,-3.89443,40.4246],"geometry":{"type":"Polygon","coordinates":[[[-3.88919,40.4246],[-3.89443,40.4246],[-3.89443,40.4193],[-3.88919,40.4193],[-3.88919,40.4246]]]}},{"type":"Feature","properties":{"name":"Boadilla del Monte--piece--6-7--gCloud","number_of_ads_buy":0,"average_prize_buy":0,"number_of_ads_rent":0,"average_prize_rent":0,"normalized_prize_buy":0,"normalized_ads_buy":0,"normalized_prize_rent":null,"normalized_ads_rent":0,"date":"2018-12-03T17:11:43.000Z","fill-opacity":0,"fill":"#ff0000"},"bbox":[-3.88919,40.414,-3.89443,40.4193],"geometry":{"type":"Polygon","coordinates":[[[-3.88919,40.4193],[-3.89443,40.4193],[-3.89443,40.414],[-3.88919,40.414],[-3.88919,40.4193]]]}},{"type":"Feature","properties":{"name":"Boadilla del Monte--piece--6-8--gCloud","number_of_ads_buy":4,"average_prize_buy":2928.16,"number_of_ads_rent":4,"average_prize_rent":8.23187,"normalized_prize_buy":0.7469795918367347,"normalized_ads_buy":0.15384615384615385,"normalized_prize_rent":null,"normalized_ads_rent":0.15384615384615385,"date":"2018-12-03T17:11:52.000Z","fill-opacity":0.5975836734693878,"fill":"#ff0000"},"bbox":[-3.88919,40.4087,-3.89443,40.414],"geometry":{"type":"Polygon","coordinates":[[[-3.88919,40.414],[-3.89443,40.414],[-3.89443,40.4087],[-3.88919,40.4087],[-3.88919,40.414]]]}},{"type":"Feature","properties":{"name":"Boadilla del Monte--piece--6-9--gCloud","number_of_ads_buy":4,"average_prize_buy":2857.53,"number_of_ads_rent":1,"average_prize_rent":11.3636,"normalized_prize_buy":0.7289617346938776,"normalized_ads_buy":0.15384615384615385,"normalized_prize_rent":null,"normalized_ads_rent":0.038461538461538464,"date":"2018-12-03T17:11:58.000Z","fill-opacity":0.5831693877551021,"fill":"#ff0000"},"bbox":[-3.88919,40.4034,-3.89443,40.4087],"geometry":{"type":"Polygon","coordinates":[[[-3.88919,40.4087],[-3.89443,40.4087],[-3.89443,40.4034],[-3.88919,40.4034],[-3.88919,40.4087]]]}},{"type":"Feature","properties":{"name":"Boadilla del Monte--piece--7-0--gCloud","number_of_ads_buy":0,"average_prize_buy":0,"number_of_ads_rent":0,"average_prize_rent":0,"normalized_prize_buy":0,"normalized_ads_buy":0,"normalized_prize_rent":null,"normalized_ads_rent":0,"date":"2018-12-03T17:12:06.000Z","fill-opacity":0,"fill":"#ff0000"},"bbox":[-3.88395,40.4511,-3.88919,40.4564],"geometry":{"type":"Polygon","coordinates":[[[-3.88395,40.4564],[-3.88919,40.4564],[-3.88919,40.4511],[-3.88395,40.4511],[-3.88395,40.4564]]]}},{"type":"Feature","properties":{"name":"Boadilla del Monte--piece--7-1--gCloud","number_of_ads_buy":1,"average_prize_buy":2320.55,"number_of_ads_rent":0,"average_prize_rent":0,"normalized_prize_buy":0.5919770408163266,"normalized_ads_buy":0.038461538461538464,"normalized_prize_rent":null,"normalized_ads_rent":0,"date":"2018-12-03T17:12:14.000Z","fill-opacity":0.4735816326530613,"fill":"#ff0000"},"bbox":[-3.88395,40.4458,-3.88919,40.4511],"geometry":{"type":"Polygon","coordinates":[[[-3.88395,40.4511],[-3.88919,40.4511],[-3.88919,40.4458],[-3.88395,40.4458],[-3.88395,40.4511]]]}},{"type":"Feature","properties":{"name":"Boadilla del Monte--piece--7-10--gCloud","number_of_ads_buy":16,"average_prize_buy":2120.79,"number_of_ads_rent":5,"average_prize_rent":9.30711,"normalized_prize_buy":0.5410178571428571,"normalized_ads_buy":0.6153846153846154,"normalized_prize_rent":null,"normalized_ads_rent":0.19230769230769232,"date":"2018-12-03T17:12:25.000Z","fill-opacity":0.4328142857142857,"fill":"#ff0000"},"bbox":[-3.88395,40.3981,-3.88919,40.4034],"geometry":{"type":"Polygon","coordinates":[[[-3.88395,40.4034],[-3.88919,40.4034],[-3.88919,40.3981],[-3.88395,40.3981],[-3.88395,40.4034]]]}},{"type":"Feature","properties":{"name":"Boadilla del Monte--piece--7-2--gCloud","number_of_ads_buy":1,"average_prize_buy":2.08054,"number_of_ads_rent":1,"average_prize_rent":0.833333,"normalized_prize_buy":0.00053075,"normalized_ads_buy":0.038461538461538464,"normalized_prize_rent":null,"normalized_ads_rent":0.038461538461538464,"date":"2018-12-03T17:12:36.000Z","fill-opacity":0.0004246,"fill":"#ff0000"},"bbox":[-3.88395,40.4405,-3.88919,40.4458],"geometry":{"type":"Polygon","coordinates":[[[-3.88395,40.4458],[-3.88919,40.4458],[-3.88919,40.4405],[-3.88395,40.4405],[-3.88395,40.4458]]]}},{"type":"Feature","properties":{"name":"Boadilla del Monte--piece--7-3--gCloud","number_of_ads_buy":1,"average_prize_buy":3920,"number_of_ads_rent":0,"average_prize_rent":0,"normalized_prize_buy":1,"normalized_ads_buy":0.038461538461538464,"normalized_prize_rent":null,"normalized_ads_rent":0,"date":"2018-12-03T17:12:48.000Z","fill-opacity":0.8,"fill":"#ff0000"},"bbox":[-3.88395,40.4352,-3.88919,40.4405],"geometry":{"type":"Polygon","coordinates":[[[-3.88395,40.4405],[-3.88919,40.4405],[-3.88919,40.4352],[-3.88395,40.4352],[-3.88395,40.4405]]]}},{"type":"Feature","properties":{"name":"Boadilla del Monte--piece--7-4--gCloud","number_of_ads_buy":3,"average_prize_buy":1630.12,"number_of_ads_rent":1,"average_prize_rent":9.05263,"normalized_prize_buy":0.41584693877551016,"normalized_ads_buy":0.11538461538461539,"normalized_prize_rent":null,"normalized_ads_rent":0.038461538461538464,"date":"2018-12-03T17:12:56.000Z","fill-opacity":0.33267755102040814,"fill":"#ff0000"},"bbox":[-3.88395,40.4299,-3.88919,40.4352],"geometry":{"type":"Polygon","coordinates":[[[-3.88395,40.4352],[-3.88919,40.4352],[-3.88919,40.4299],[-3.88395,40.4299],[-3.88395,40.4352]]]}},{"type":"Feature","properties":{"name":"Boadilla del Monte--piece--7-5--gCloud","number_of_ads_buy":7,"average_prize_buy":1631.6,"number_of_ads_rent":0,"average_prize_rent":0,"normalized_prize_buy":0.41622448979591836,"normalized_ads_buy":0.2692307692307692,"normalized_prize_rent":null,"normalized_ads_rent":0,"date":"2018-12-03T17:13:02.000Z","fill-opacity":0.3329795918367347,"fill":"#ff0000"},"bbox":[-3.88395,40.4246,-3.88919,40.4299],"geometry":{"type":"Polygon","coordinates":[[[-3.88395,40.4299],[-3.88919,40.4299],[-3.88919,40.4246],[-3.88395,40.4246],[-3.88395,40.4299]]]}},{"type":"Feature","properties":{"name":"Boadilla del Monte--piece--7-6--gCloud","number_of_ads_buy":4,"average_prize_buy":1524.26,"number_of_ads_rent":0,"average_prize_rent":0,"normalized_prize_buy":0.38884183673469386,"normalized_ads_buy":0.15384615384615385,"normalized_prize_rent":null,"normalized_ads_rent":0,"date":"2018-12-03T17:13:11.000Z","fill-opacity":0.3110734693877551,"fill":"#ff0000"},"bbox":[-3.88395,40.4193,-3.88919,40.4246],"geometry":{"type":"Polygon","coordinates":[[[-3.88395,40.4246],[-3.88919,40.4246],[-3.88919,40.4193],[-3.88395,40.4193],[-3.88395,40.4246]]]}},{"type":"Feature","properties":{"name":"Boadilla del Monte--piece--7-7--gCloud","number_of_ads_buy":3,"average_prize_buy":2225.26,"number_of_ads_rent":1,"average_prize_rent":7.14286,"normalized_prize_buy":0.5676683673469388,"normalized_ads_buy":0.11538461538461539,"normalized_prize_rent":null,"normalized_ads_rent":0.038461538461538464,"date":"2018-12-03T17:13:19.000Z","fill-opacity":0.45413469387755107,"fill":"#ff0000"},"bbox":[-3.88395,40.414,-3.88919,40.4193],"geometry":{"type":"Polygon","coordinates":[[[-3.88395,40.4193],[-3.88919,40.4193],[-3.88919,40.414],[-3.88395,40.414],[-3.88395,40.4193]]]}},{"type":"Feature","properties":{"name":"Boadilla del Monte--piece--7-8--gCloud","number_of_ads_buy":11,"average_prize_buy":3085.74,"number_of_ads_rent":1,"average_prize_rent":8.66667,"normalized_prize_buy":0.7871785714285714,"normalized_ads_buy":0.4230769230769231,"normalized_prize_rent":null,"normalized_ads_rent":0.038461538461538464,"date":"2018-12-03T17:13:28.000Z","fill-opacity":0.6297428571428572,"fill":"#ff0000"},"bbox":[-3.88395,40.4087,-3.88919,40.414],"geometry":{"type":"Polygon","coordinates":[[[-3.88395,40.414],[-3.88919,40.414],[-3.88919,40.4087],[-3.88395,40.4087],[-3.88395,40.414]]]}},{"type":"Feature","properties":{"name":"Boadilla del Monte--piece--7-9--gCloud","number_of_ads_buy":11,"average_prize_buy":2779.72,"number_of_ads_rent":2,"average_prize_rent":9.49761,"normalized_prize_buy":0.7091122448979591,"normalized_ads_buy":0.4230769230769231,"normalized_prize_rent":null,"normalized_ads_rent":0.07692307692307693,"date":"2018-12-03T17:13:37.000Z","fill-opacity":0.5672897959183673,"fill":"#ff0000"},"bbox":[-3.88395,40.4034,-3.88919,40.4087],"geometry":{"type":"Polygon","coordinates":[[[-3.88395,40.4087],[-3.88919,40.4087],[-3.88919,40.4034],[-3.88395,40.4034],[-3.88395,40.4087]]]}},{"type":"Feature","properties":{"name":"Boadilla del Monte--piece--8-0--gCloud","number_of_ads_buy":1,"average_prize_buy":3851.85,"number_of_ads_rent":2,"average_prize_rent":9.37057,"normalized_prize_buy":0.9826147959183673,"normalized_ads_buy":0.038461538461538464,"normalized_prize_rent":null,"normalized_ads_rent":0.07692307692307693,"date":"2018-12-03T17:13:45.000Z","fill-opacity":0.7860918367346938,"fill":"#ff0000"},"bbox":[-3.8787,40.4511,-3.88395,40.4564],"geometry":{"type":"Polygon","coordinates":[[[-3.8787,40.4564],[-3.88395,40.4564],[-3.88395,40.4511],[-3.8787,40.4511],[-3.8787,40.4564]]]}},{"type":"Feature","properties":{"name":"Boadilla del Monte--piece--8-1--gCloud","number_of_ads_buy":0,"average_prize_buy":0,"number_of_ads_rent":0,"average_prize_rent":0,"normalized_prize_buy":0,"normalized_ads_buy":0,"normalized_prize_rent":null,"normalized_ads_rent":0,"date":"2018-12-03T17:13:51.000Z","fill-opacity":0,"fill":"#ff0000"},"bbox":[-3.8787,40.4458,-3.88395,40.4511],"geometry":{"type":"Polygon","coordinates":[[[-3.8787,40.4511],[-3.88395,40.4511],[-3.88395,40.4458],[-3.8787,40.4458],[-3.8787,40.4511]]]}},{"type":"Feature","properties":{"name":"Boadilla del Monte--piece--8-10--gCloud","number_of_ads_buy":7,"average_prize_buy":3151.38,"number_of_ads_rent":2,"average_prize_rent":9.90625,"normalized_prize_buy":0.8039234693877552,"normalized_ads_buy":0.2692307692307692,"normalized_prize_rent":null,"normalized_ads_rent":0.07692307692307693,"date":"2018-12-03T17:13:56.000Z","fill-opacity":0.6431387755102042,"fill":"#ff0000"},"bbox":[-3.8787,40.3981,-3.88395,40.4034],"geometry":{"type":"Polygon","coordinates":[[[-3.8787,40.4034],[-3.88395,40.4034],[-3.88395,40.3981],[-3.8787,40.3981],[-3.8787,40.4034]]]}},{"type":"Feature","properties":{"name":"Boadilla del Monte--piece--8-2--gCloud","number_of_ads_buy":3,"average_prize_buy":2875.48,"number_of_ads_rent":0,"average_prize_rent":0,"normalized_prize_buy":0.7335408163265306,"normalized_ads_buy":0.11538461538461539,"normalized_prize_rent":null,"normalized_ads_rent":0,"date":"2018-12-03T17:14:05.000Z","fill-opacity":0.5868326530612245,"fill":"#ff0000"},"bbox":[-3.8787,40.4405,-3.88395,40.4458],"geometry":{"type":"Polygon","coordinates":[[[-3.8787,40.4458],[-3.88395,40.4458],[-3.88395,40.4405],[-3.8787,40.4405],[-3.8787,40.4458]]]}},{"type":"Feature","properties":{"name":"Boadilla del Monte--piece--8-3--gCloud","number_of_ads_buy":25,"average_prize_buy":2362.06,"number_of_ads_rent":0,"average_prize_rent":0,"normalized_prize_buy":0.6025663265306123,"normalized_ads_buy":0.9615384615384616,"normalized_prize_rent":null,"normalized_ads_rent":0,"date":"2018-12-03T17:14:14.000Z","fill-opacity":0.4820530612244898,"fill":"#ff0000"},"bbox":[-3.8787,40.4352,-3.88395,40.4405],"geometry":{"type":"Polygon","coordinates":[[[-3.8787,40.4405],[-3.88395,40.4405],[-3.88395,40.4352],[-3.8787,40.4352],[-3.8787,40.4405]]]}},{"type":"Feature","properties":{"name":"Boadilla del Monte--piece--8-4--gCloud","number_of_ads_buy":2,"average_prize_buy":972.788,"number_of_ads_rent":0,"average_prize_rent":0,"normalized_prize_buy":0.24816020408163267,"normalized_ads_buy":0.07692307692307693,"normalized_prize_rent":null,"normalized_ads_rent":0,"date":"2018-12-03T17:14:21.000Z","fill-opacity":0.19852816326530615,"fill":"#ff0000"},"bbox":[-3.8787,40.4299,-3.88395,40.4352],"geometry":{"type":"Polygon","coordinates":[[[-3.8787,40.4352],[-3.88395,40.4352],[-3.88395,40.4299],[-3.8787,40.4299],[-3.8787,40.4352]]]}},{"type":"Feature","properties":{"name":"Boadilla del Monte--piece--8-5--gCloud","number_of_ads_buy":4,"average_prize_buy":1604.55,"number_of_ads_rent":0,"average_prize_rent":0,"normalized_prize_buy":0.40932397959183675,"normalized_ads_buy":0.15384615384615385,"normalized_prize_rent":null,"normalized_ads_rent":0,"date":"2018-12-03T17:14:30.000Z","fill-opacity":0.32745918367346943,"fill":"#ff0000"},"bbox":[-3.8787,40.4246,-3.88395,40.4299],"geometry":{"type":"Polygon","coordinates":[[[-3.8787,40.4299],[-3.88395,40.4299],[-3.88395,40.4246],[-3.8787,40.4246],[-3.8787,40.4299]]]}},{"type":"Feature","properties":{"name":"Boadilla del Monte--piece--8-6--gCloud","number_of_ads_buy":20,"average_prize_buy":1588.46,"number_of_ads_rent":1,"average_prize_rent":15.3846,"normalized_prize_buy":0.405219387755102,"normalized_ads_buy":0.7692307692307693,"normalized_prize_rent":null,"normalized_ads_rent":0.038461538461538464,"date":"2018-12-03T17:14:42.000Z","fill-opacity":0.32417551020408164,"fill":"#ff0000"},"bbox":[-3.8787,40.4193,-3.88395,40.4246],"geometry":{"type":"Polygon","coordinates":[[[-3.8787,40.4246],[-3.88395,40.4246],[-3.88395,40.4193],[-3.8787,40.4193],[-3.8787,40.4246]]]}},{"type":"Feature","properties":{"name":"Boadilla del Monte--piece--8-7--gCloud","number_of_ads_buy":26,"average_prize_buy":2531.45,"number_of_ads_rent":1,"average_prize_rent":7.4,"normalized_prize_buy":0.6457780612244898,"normalized_ads_buy":1,"normalized_prize_rent":null,"normalized_ads_rent":0.038461538461538464,"date":"2018-12-03T17:14:51.000Z","fill-opacity":0.5166224489795919,"fill":"#ff0000"},"bbox":[-3.8787,40.414,-3.88395,40.4193],"geometry":{"type":"Polygon","coordinates":[[[-3.8787,40.4193],[-3.88395,40.4193],[-3.88395,40.414],[-3.8787,40.414],[-3.8787,40.4193]]]}},{"type":"Feature","properties":{"name":"Boadilla del Monte--piece--8-8--gCloud","number_of_ads_buy":1,"average_prize_buy":1.5361,"number_of_ads_rent":0,"average_prize_rent":0,"normalized_prize_buy":0.0003918622448979592,"normalized_ads_buy":0.038461538461538464,"normalized_prize_rent":null,"normalized_ads_rent":0,"date":"2018-12-03T17:14:59.000Z","fill-opacity":0.00031348979591836737,"fill":"#ff0000"},"bbox":[-3.8787,40.4087,-3.88395,40.414],"geometry":{"type":"Polygon","coordinates":[[[-3.8787,40.414],[-3.88395,40.414],[-3.88395,40.4087],[-3.8787,40.4087],[-3.8787,40.414]]]}},{"type":"Feature","properties":{"name":"Boadilla del Monte--piece--8-9--gCloud","number_of_ads_buy":14,"average_prize_buy":2631.39,"number_of_ads_rent":4,"average_prize_rent":11.7128,"normalized_prize_buy":0.6712729591836735,"normalized_ads_buy":0.5384615384615384,"normalized_prize_rent":null,"normalized_ads_rent":0.15384615384615385,"date":"2018-12-03T17:15:05.000Z","fill-opacity":0.5370183673469388,"fill":"#ff0000"},"bbox":[-3.8787,40.4034,-3.88395,40.4087],"geometry":{"type":"Polygon","coordinates":[[[-3.8787,40.4087],[-3.88395,40.4087],[-3.88395,40.4034],[-3.8787,40.4034],[-3.8787,40.4087]]]}},{"type":"Feature","properties":{"name":"Boadilla del Monte--piece--9-0--gCloud","number_of_ads_buy":1,"average_prize_buy":3183.76,"number_of_ads_rent":0,"average_prize_rent":0,"normalized_prize_buy":0.8121836734693878,"normalized_ads_buy":0.038461538461538464,"normalized_prize_rent":null,"normalized_ads_rent":0,"date":"2018-12-03T17:15:15.000Z","fill-opacity":0.6497469387755103,"fill":"#ff0000"},"bbox":[-3.87346,40.4511,-3.8787,40.4564],"geometry":{"type":"Polygon","coordinates":[[[-3.87346,40.4564],[-3.8787,40.4564],[-3.8787,40.4511],[-3.87346,40.4511],[-3.87346,40.4564]]]}},{"type":"Feature","properties":{"name":"Boadilla del Monte--piece--9-1--gCloud","number_of_ads_buy":0,"average_prize_buy":0,"number_of_ads_rent":0,"average_prize_rent":0,"normalized_prize_buy":0,"normalized_ads_buy":0,"normalized_prize_rent":null,"normalized_ads_rent":0,"date":"2018-12-03T17:15:24.000Z","fill-opacity":0,"fill":"#ff0000"},"bbox":[-3.87346,40.4458,-3.8787,40.4511],"geometry":{"type":"Polygon","coordinates":[[[-3.87346,40.4511],[-3.8787,40.4511],[-3.8787,40.4458],[-3.87346,40.4458],[-3.87346,40.4511]]]}},{"type":"Feature","properties":{"name":"Boadilla del Monte--piece--9-10--gCloud","number_of_ads_buy":1,"average_prize_buy":3714.29,"number_of_ads_rent":1,"average_prize_rent":10,"normalized_prize_buy":0.9475229591836735,"normalized_ads_buy":0.038461538461538464,"normalized_prize_rent":null,"normalized_ads_rent":0.038461538461538464,"date":"2018-12-03T17:15:34.000Z","fill-opacity":0.7580183673469388,"fill":"#ff0000"},"bbox":[-3.87346,40.3981,-3.8787,40.4034],"geometry":{"type":"Polygon","coordinates":[[[-3.87346,40.4034],[-3.8787,40.4034],[-3.8787,40.3981],[-3.87346,40.3981],[-3.87346,40.4034]]]}},{"type":"Feature","properties":{"name":"Boadilla del Monte--piece--9-2--gCloud","number_of_ads_buy":3,"average_prize_buy":3258.26,"number_of_ads_rent":2,"average_prize_rent":11.6844,"normalized_prize_buy":0.8311887755102041,"normalized_ads_buy":0.11538461538461539,"normalized_prize_rent":null,"normalized_ads_rent":0.07692307692307693,"date":"2018-12-03T17:15:49.000Z","fill-opacity":0.6649510204081633,"fill":"#ff0000"},"bbox":[-3.87346,40.4405,-3.8787,40.4458],"geometry":{"type":"Polygon","coordinates":[[[-3.87346,40.4458],[-3.8787,40.4458],[-3.8787,40.4405],[-3.87346,40.4405],[-3.87346,40.4458]]]}},{"type":"Feature","properties":{"name":"Boadilla del Monte--piece--9-3--gCloud","number_of_ads_buy":3,"average_prize_buy":3093.21,"number_of_ads_rent":4,"average_prize_rent":11.2589,"normalized_prize_buy":0.7890841836734694,"normalized_ads_buy":0.11538461538461539,"normalized_prize_rent":null,"normalized_ads_rent":0.15384615384615385,"date":"2018-12-03T17:15:54.000Z","fill-opacity":0.6312673469387756,"fill":"#ff0000"},"bbox":[-3.87346,40.4352,-3.8787,40.4405],"geometry":{"type":"Polygon","coordinates":[[[-3.87346,40.4405],[-3.8787,40.4405],[-3.8787,40.4352],[-3.87346,40.4352],[-3.87346,40.4405]]]}},{"type":"Feature","properties":{"name":"Boadilla del Monte--piece--9-4--gCloud","number_of_ads_buy":0,"average_prize_buy":0,"number_of_ads_rent":0,"average_prize_rent":0,"normalized_prize_buy":0,"normalized_ads_buy":0,"normalized_prize_rent":null,"normalized_ads_rent":0,"date":"2018-12-03T17:16:03.000Z","fill-opacity":0,"fill":"#ff0000"},"bbox":[-3.87346,40.4299,-3.8787,40.4352],"geometry":{"type":"Polygon","coordinates":[[[-3.87346,40.4352],[-3.8787,40.4352],[-3.8787,40.4299],[-3.87346,40.4299],[-3.87346,40.4352]]]}},{"type":"Feature","properties":{"name":"Boadilla del Monte--piece--9-5--gCloud","number_of_ads_buy":1,"average_prize_buy":2.28137,"number_of_ads_rent":0,"average_prize_rent":0,"normalized_prize_buy":0.0005819821428571429,"normalized_ads_buy":0.038461538461538464,"normalized_prize_rent":null,"normalized_ads_rent":0,"date":"2018-12-03T17:16:14.000Z","fill-opacity":0.0004655857142857143,"fill":"#ff0000"},"bbox":[-3.87346,40.4246,-3.8787,40.4299],"geometry":{"type":"Polygon","coordinates":[[[-3.87346,40.4299],[-3.8787,40.4299],[-3.8787,40.4246],[-3.87346,40.4246],[-3.87346,40.4299]]]}},{"type":"Feature","properties":{"name":"Boadilla del Monte--piece--9-6--gCloud","number_of_ads_buy":3,"average_prize_buy":1882.7,"number_of_ads_rent":1,"average_prize_rent":10,"normalized_prize_buy":0.480280612244898,"normalized_ads_buy":0.11538461538461539,"normalized_prize_rent":null,"normalized_ads_rent":0.038461538461538464,"date":"2018-12-03T17:16:25.000Z","fill-opacity":0.3842244897959184,"fill":"#ff0000"},"bbox":[-3.87346,40.4193,-3.8787,40.4246],"geometry":{"type":"Polygon","coordinates":[[[-3.87346,40.4246],[-3.8787,40.4246],[-3.8787,40.4193],[-3.87346,40.4193],[-3.87346,40.4246]]]}},{"type":"Feature","properties":{"name":"Boadilla del Monte--piece--9-7--gCloud","number_of_ads_buy":1,"average_prize_buy":3800,"number_of_ads_rent":2,"average_prize_rent":10.0062,"normalized_prize_buy":0.9693877551020408,"normalized_ads_buy":0.038461538461538464,"normalized_prize_rent":null,"normalized_ads_rent":0.07692307692307693,"date":"2018-12-03T17:16:30.000Z","fill-opacity":0.7755102040816326,"fill":"#ff0000"},"bbox":[-3.87346,40.414,-3.8787,40.4193],"geometry":{"type":"Polygon","coordinates":[[[-3.87346,40.4193],[-3.8787,40.4193],[-3.8787,40.414],[-3.87346,40.414],[-3.87346,40.4193]]]}},{"type":"Feature","properties":{"name":"Boadilla del Monte--piece--9-8--gCloud","number_of_ads_buy":0,"average_prize_buy":0,"number_of_ads_rent":0,"average_prize_rent":0,"normalized_prize_buy":0,"normalized_ads_buy":0,"normalized_prize_rent":null,"normalized_ads_rent":0,"date":"2018-12-03T17:16:39.000Z","fill-opacity":0,"fill":"#ff0000"},"bbox":[-3.87346,40.4087,-3.8787,40.414],"geometry":{"type":"Polygon","coordinates":[[[-3.87346,40.414],[-3.8787,40.414],[-3.8787,40.4087],[-3.87346,40.4087],[-3.87346,40.414]]]}},{"type":"Feature","properties":{"name":"Boadilla del Monte--piece--9-9--gCloud","number_of_ads_buy":11,"average_prize_buy":1818.46,"number_of_ads_rent":4,"average_prize_rent":13.0833,"normalized_prize_buy":0.46389285714285716,"normalized_ads_buy":0.4230769230769231,"normalized_prize_rent":null,"normalized_ads_rent":0.15384615384615385,"date":"2018-12-03T17:16:45.000Z","fill-opacity":0.37111428571428573,"fill":"#ff0000"},"bbox":[-3.87346,40.4034,-3.8787,40.4087],"geometry":{"type":"Polygon","coordinates":[[[-3.87346,40.4087],[-3.8787,40.4087],[-3.8787,40.4034],[-3.87346,40.4034],[-3.87346,40.4087]]]}}]}