{"type":"FeatureCollection","features":[{"type":"Feature","properties":{"name":"Boadilla del Monte--piece--0-0--raspberry3bp","number_of_ads_buy":0,"average_prize_buy":0,"number_of_ads_rent":0,"average_prize_rent":0,"normalized_prize_buy":null,"normalized_ads_buy":null,"normalized_prize_rent":null,"normalized_ads_rent":null,"date":"2018-12-06T17:47:27.000Z","fill-opacity":null,"fill":"#ff0000"},"bbox":[-3.92063,40.4511,-3.92587,40.4564],"geometry":{"type":"Polygon","coordinates":[[[-3.92063,40.4564],[-3.92587,40.4564],[-3.92587,40.4511],[-3.92063,40.4511],[-3.92063,40.4564]]]}},{"type":"Feature","properties":{"name":"Boadilla del Monte--piece--0-1--raspberry3bp","number_of_ads_buy":0,"average_prize_buy":0,"number_of_ads_rent":0,"average_prize_rent":0,"normalized_prize_buy":null,"normalized_ads_buy":null,"normalized_prize_rent":null,"normalized_ads_rent":null,"date":"2018-12-06T17:47:48.000Z","fill-opacity":null,"fill":"#ff0000"},"bbox":[-3.92063,40.4458,-3.92587,40.4511],"geometry":{"type":"Polygon","coordinates":[[[-3.92063,40.4511],[-3.92587,40.4511],[-3.92587,40.4458],[-3.92063,40.4458],[-3.92063,40.4511]]]}},{"type":"Feature","properties":{"name":"Boadilla del Monte--piece--0-10--raspberry3bp","number_of_ads_buy":0,"average_prize_buy":0,"number_of_ads_rent":1,"average_prize_rent":0,"normalized_prize_buy":null,"normalized_ads_buy":null,"normalized_prize_rent":null,"normalized_ads_rent":null,"date":"2018-12-06T17:48:04.000Z","fill-opacity":null,"fill":"#ff0000"},"bbox":[-3.92063,40.3981,-3.92587,40.4034],"geometry":{"type":"Polygon","coordinates":[[[-3.92063,40.4034],[-3.92587,40.4034],[-3.92587,40.3981],[-3.92063,40.3981],[-3.92063,40.4034]]]}},{"type":"Feature","properties":{"name":"Boadilla del Monte--piece--0-2--raspberry3bp","number_of_ads_buy":0,"average_prize_buy":0,"number_of_ads_rent":0,"average_prize_rent":0,"normalized_prize_buy":null,"normalized_ads_buy":null,"normalized_prize_rent":null,"normalized_ads_rent":null,"date":"2018-12-06T17:48:18.000Z","fill-opacity":null,"fill":"#ff0000"},"bbox":[-3.92063,40.4405,-3.92587,40.4458],"geometry":{"type":"Polygon","coordinates":[[[-3.92063,40.4458],[-3.92587,40.4458],[-3.92587,40.4405],[-3.92063,40.4405],[-3.92063,40.4458]]]}},{"type":"Feature","properties":{"name":"Boadilla del Monte--piece--0-3--raspberry3bp","number_of_ads_buy":0,"average_prize_buy":0,"number_of_ads_rent":0,"average_prize_rent":0,"normalized_prize_buy":null,"normalized_ads_buy":null,"normalized_prize_rent":null,"normalized_ads_rent":null,"date":"2018-12-06T17:48:45.000Z","fill-opacity":null,"fill":"#ff0000"},"bbox":[-3.92063,40.4352,-3.92587,40.4405],"geometry":{"type":"Polygon","coordinates":[[[-3.92063,40.4405],[-3.92587,40.4405],[-3.92587,40.4352],[-3.92063,40.4352],[-3.92063,40.4405]]]}},{"type":"Feature","properties":{"name":"Boadilla del Monte--piece--0-4--raspberry3bp","number_of_ads_buy":0,"average_prize_buy":0,"number_of_ads_rent":0,"average_prize_rent":0,"normalized_prize_buy":null,"normalized_ads_buy":null,"normalized_prize_rent":null,"normalized_ads_rent":null,"date":"2018-12-06T17:49:01.000Z","fill-opacity":null,"fill":"#ff0000"},"bbox":[-3.92063,40.4299,-3.92587,40.4352],"geometry":{"type":"Polygon","coordinates":[[[-3.92063,40.4352],[-3.92587,40.4352],[-3.92587,40.4299],[-3.92063,40.4299],[-3.92063,40.4352]]]}},{"type":"Feature","properties":{"name":"Boadilla del Monte--piece--0-5--raspberry3bp","number_of_ads_buy":0,"average_prize_buy":0,"number_of_ads_rent":0,"average_prize_rent":0,"normalized_prize_buy":null,"normalized_ads_buy":null,"normalized_prize_rent":null,"normalized_ads_rent":null,"date":"2018-12-06T17:49:16.000Z","fill-opacity":null,"fill":"#ff0000"},"bbox":[-3.92063,40.4246,-3.92587,40.4299],"geometry":{"type":"Polygon","coordinates":[[[-3.92063,40.4299],[-3.92587,40.4299],[-3.92587,40.4246],[-3.92063,40.4246],[-3.92063,40.4299]]]}},{"type":"Feature","properties":{"name":"Boadilla del Monte--piece--0-6--raspberry3bp","number_of_ads_buy":0,"average_prize_buy":0,"number_of_ads_rent":0,"average_prize_rent":0,"normalized_prize_buy":null,"normalized_ads_buy":null,"normalized_prize_rent":null,"normalized_ads_rent":null,"date":"2018-12-06T17:49:34.000Z","fill-opacity":null,"fill":"#ff0000"},"bbox":[-3.92063,40.4193,-3.92587,40.4246],"geometry":{"type":"Polygon","coordinates":[[[-3.92063,40.4246],[-3.92587,40.4246],[-3.92587,40.4193],[-3.92063,40.4193],[-3.92063,40.4246]]]}},{"type":"Feature","properties":{"name":"Boadilla del Monte--piece--0-7--raspberry3bp","number_of_ads_buy":0,"average_prize_buy":0,"number_of_ads_rent":0,"average_prize_rent":0,"normalized_prize_buy":null,"normalized_ads_buy":null,"normalized_prize_rent":null,"normalized_ads_rent":null,"date":"2018-12-06T17:49:49.000Z","fill-opacity":null,"fill":"#ff0000"},"bbox":[-3.92063,40.414,-3.92587,40.4193],"geometry":{"type":"Polygon","coordinates":[[[-3.92063,40.4193],[-3.92587,40.4193],[-3.92587,40.414],[-3.92063,40.414],[-3.92063,40.4193]]]}},{"type":"Feature","properties":{"name":"Boadilla del Monte--piece--0-8--raspberry3bp","number_of_ads_buy":0,"average_prize_buy":0,"number_of_ads_rent":0,"average_prize_rent":0,"normalized_prize_buy":null,"normalized_ads_buy":null,"normalized_prize_rent":null,"normalized_ads_rent":null,"date":"2018-12-06T17:50:12.000Z","fill-opacity":null,"fill":"#ff0000"},"bbox":[-3.92063,40.4087,-3.92587,40.414],"geometry":{"type":"Polygon","coordinates":[[[-3.92063,40.414],[-3.92587,40.414],[-3.92587,40.4087],[-3.92063,40.4087],[-3.92063,40.414]]]}},{"type":"Feature","properties":{"name":"Boadilla del Monte--piece--0-9--raspberry3bp","number_of_ads_buy":0,"average_prize_buy":0,"number_of_ads_rent":0,"average_prize_rent":0,"normalized_prize_buy":null,"normalized_ads_buy":null,"normalized_prize_rent":null,"normalized_ads_rent":null,"date":"2018-12-06T17:50:32.000Z","fill-opacity":null,"fill":"#ff0000"},"bbox":[-3.92063,40.4034,-3.92587,40.4087],"geometry":{"type":"Polygon","coordinates":[[[-3.92063,40.4087],[-3.92587,40.4087],[-3.92587,40.4034],[-3.92063,40.4034],[-3.92063,40.4087]]]}},{"type":"Feature","properties":{"name":"Boadilla del Monte--piece--1-0--raspberry3bp","number_of_ads_buy":0,"average_prize_buy":0,"number_of_ads_rent":0,"average_prize_rent":0,"normalized_prize_buy":null,"normalized_ads_buy":null,"normalized_prize_rent":null,"normalized_ads_rent":null,"date":"2018-12-06T17:50:49.000Z","fill-opacity":null,"fill":"#ff0000"},"bbox":[-3.91539,40.4511,-3.92063,40.4564],"geometry":{"type":"Polygon","coordinates":[[[-3.91539,40.4564],[-3.92063,40.4564],[-3.92063,40.4511],[-3.91539,40.4511],[-3.91539,40.4564]]]}},{"type":"Feature","properties":{"name":"Boadilla del Monte--piece--1-1--raspberry3bp","number_of_ads_buy":0,"average_prize_buy":0,"number_of_ads_rent":0,"average_prize_rent":0,"normalized_prize_buy":null,"normalized_ads_buy":null,"normalized_prize_rent":null,"normalized_ads_rent":null,"date":"2018-12-06T17:51:07.000Z","fill-opacity":null,"fill":"#ff0000"},"bbox":[-3.91539,40.4458,-3.92063,40.4511],"geometry":{"type":"Polygon","coordinates":[[[-3.91539,40.4511],[-3.92063,40.4511],[-3.92063,40.4458],[-3.91539,40.4458],[-3.91539,40.4511]]]}},{"type":"Feature","properties":{"name":"Boadilla del Monte--piece--1-10--raspberry3bp","number_of_ads_buy":0,"average_prize_buy":0,"number_of_ads_rent":1,"average_prize_rent":4,"normalized_prize_buy":null,"normalized_ads_buy":null,"normalized_prize_rent":null,"normalized_ads_rent":null,"date":"2018-12-06T17:51:26.000Z","fill-opacity":null,"fill":"#ff0000"},"bbox":[-3.91539,40.3981,-3.92063,40.4034],"geometry":{"type":"Polygon","coordinates":[[[-3.91539,40.4034],[-3.92063,40.4034],[-3.92063,40.3981],[-3.91539,40.3981],[-3.91539,40.4034]]]}},{"type":"Feature","properties":{"name":"Boadilla del Monte--piece--1-2--raspberry3bp","number_of_ads_buy":0,"average_prize_buy":0,"number_of_ads_rent":0,"average_prize_rent":0,"normalized_prize_buy":null,"normalized_ads_buy":null,"normalized_prize_rent":null,"normalized_ads_rent":null,"date":"2018-12-06T17:51:52.000Z","fill-opacity":null,"fill":"#ff0000"},"bbox":[-3.91539,40.4405,-3.92063,40.4458],"geometry":{"type":"Polygon","coordinates":[[[-3.91539,40.4458],[-3.92063,40.4458],[-3.92063,40.4405],[-3.91539,40.4405],[-3.91539,40.4458]]]}},{"type":"Feature","properties":{"name":"Boadilla del Monte--piece--1-3--raspberry3bp","number_of_ads_buy":0,"average_prize_buy":0,"number_of_ads_rent":0,"average_prize_rent":0,"normalized_prize_buy":null,"normalized_ads_buy":null,"normalized_prize_rent":null,"normalized_ads_rent":null,"date":"2018-12-06T17:52:05.000Z","fill-opacity":null,"fill":"#ff0000"},"bbox":[-3.91539,40.4352,-3.92063,40.4405],"geometry":{"type":"Polygon","coordinates":[[[-3.91539,40.4405],[-3.92063,40.4405],[-3.92063,40.4352],[-3.91539,40.4352],[-3.91539,40.4405]]]}},{"type":"Feature","properties":{"name":"Boadilla del Monte--piece--1-4--raspberry3bp","number_of_ads_buy":0,"average_prize_buy":0,"number_of_ads_rent":0,"average_prize_rent":0,"normalized_prize_buy":null,"normalized_ads_buy":null,"normalized_prize_rent":null,"normalized_ads_rent":null,"date":"2018-12-06T17:52:22.000Z","fill-opacity":null,"fill":"#ff0000"},"bbox":[-3.91539,40.4299,-3.92063,40.4352],"geometry":{"type":"Polygon","coordinates":[[[-3.91539,40.4352],[-3.92063,40.4352],[-3.92063,40.4299],[-3.91539,40.4299],[-3.91539,40.4352]]]}},{"type":"Feature","properties":{"name":"Boadilla del Monte--piece--1-5--raspberry3bp","number_of_ads_buy":0,"average_prize_buy":0,"number_of_ads_rent":0,"average_prize_rent":0,"normalized_prize_buy":null,"normalized_ads_buy":null,"normalized_prize_rent":null,"normalized_ads_rent":null,"date":"2018-12-06T17:52:46.000Z","fill-opacity":null,"fill":"#ff0000"},"bbox":[-3.91539,40.4246,-3.92063,40.4299],"geometry":{"type":"Polygon","coordinates":[[[-3.91539,40.4299],[-3.92063,40.4299],[-3.92063,40.4246],[-3.91539,40.4246],[-3.91539,40.4299]]]}},{"type":"Feature","properties":{"name":"Boadilla del Monte--piece--1-6--raspberry3bp","number_of_ads_buy":0,"average_prize_buy":0,"number_of_ads_rent":0,"average_prize_rent":0,"normalized_prize_buy":null,"normalized_ads_buy":null,"normalized_prize_rent":null,"normalized_ads_rent":null,"date":"2018-12-06T17:53:02.000Z","fill-opacity":null,"fill":"#ff0000"},"bbox":[-3.91539,40.4193,-3.92063,40.4246],"geometry":{"type":"Polygon","coordinates":[[[-3.91539,40.4246],[-3.92063,40.4246],[-3.92063,40.4193],[-3.91539,40.4193],[-3.91539,40.4246]]]}},{"type":"Feature","properties":{"name":"Boadilla del Monte--piece--1-7--raspberry3bp","number_of_ads_buy":0,"average_prize_buy":0,"number_of_ads_rent":0,"average_prize_rent":0,"normalized_prize_buy":null,"normalized_ads_buy":null,"normalized_prize_rent":null,"normalized_ads_rent":null,"date":"2018-12-06T17:53:18.000Z","fill-opacity":null,"fill":"#ff0000"},"bbox":[-3.91539,40.414,-3.92063,40.4193],"geometry":{"type":"Polygon","coordinates":[[[-3.91539,40.4193],[-3.92063,40.4193],[-3.92063,40.414],[-3.91539,40.414],[-3.91539,40.4193]]]}},{"type":"Feature","properties":{"name":"Boadilla del Monte--piece--1-8--raspberry3bp","number_of_ads_buy":0,"average_prize_buy":0,"number_of_ads_rent":0,"average_prize_rent":0,"normalized_prize_buy":null,"normalized_ads_buy":null,"normalized_prize_rent":null,"normalized_ads_rent":null,"date":"2018-12-06T17:53:41.000Z","fill-opacity":null,"fill":"#ff0000"},"bbox":[-3.91539,40.4087,-3.92063,40.414],"geometry":{"type":"Polygon","coordinates":[[[-3.91539,40.414],[-3.92063,40.414],[-3.92063,40.4087],[-3.91539,40.4087],[-3.91539,40.414]]]}},{"type":"Feature","properties":{"name":"Boadilla del Monte--piece--1-9--raspberry3bp","number_of_ads_buy":0,"average_prize_buy":0,"number_of_ads_rent":0,"average_prize_rent":0,"normalized_prize_buy":null,"normalized_ads_buy":null,"normalized_prize_rent":null,"normalized_ads_rent":null,"date":"2018-12-06T17:53:57.000Z","fill-opacity":null,"fill":"#ff0000"},"bbox":[-3.91539,40.4034,-3.92063,40.4087],"geometry":{"type":"Polygon","coordinates":[[[-3.91539,40.4087],[-3.92063,40.4087],[-3.92063,40.4034],[-3.91539,40.4034],[-3.91539,40.4087]]]}},{"type":"Feature","properties":{"name":"Boadilla del Monte--piece--10-0--raspberry3bp","number_of_ads_buy":0,"average_prize_buy":0,"number_of_ads_rent":1,"average_prize_rent":0,"normalized_prize_buy":null,"normalized_ads_buy":null,"normalized_prize_rent":null,"normalized_ads_rent":null,"date":"2018-12-06T17:54:18.000Z","fill-opacity":null,"fill":"#ff0000"},"bbox":[-3.86822,40.4511,-3.87346,40.4564],"geometry":{"type":"Polygon","coordinates":[[[-3.86822,40.4564],[-3.87346,40.4564],[-3.87346,40.4511],[-3.86822,40.4511],[-3.86822,40.4564]]]}},{"type":"Feature","properties":{"name":"Boadilla del Monte--piece--10-1--raspberry3bp","number_of_ads_buy":0,"average_prize_buy":0,"number_of_ads_rent":0,"average_prize_rent":0,"normalized_prize_buy":null,"normalized_ads_buy":null,"normalized_prize_rent":null,"normalized_ads_rent":null,"date":"2018-12-06T17:54:44.000Z","fill-opacity":null,"fill":"#ff0000"},"bbox":[-3.86822,40.4458,-3.87346,40.4511],"geometry":{"type":"Polygon","coordinates":[[[-3.86822,40.4511],[-3.87346,40.4511],[-3.87346,40.4458],[-3.86822,40.4458],[-3.86822,40.4511]]]}},{"type":"Feature","properties":{"name":"Boadilla del Monte--piece--10-10--raspberry3bp","number_of_ads_buy":0,"average_prize_buy":0,"number_of_ads_rent":0,"average_prize_rent":0,"normalized_prize_buy":null,"normalized_ads_buy":null,"normalized_prize_rent":null,"normalized_ads_rent":null,"date":"2018-12-06T17:55:05.000Z","fill-opacity":null,"fill":"#ff0000"},"bbox":[-3.86822,40.3981,-3.87346,40.4034],"geometry":{"type":"Polygon","coordinates":[[[-3.86822,40.4034],[-3.87346,40.4034],[-3.87346,40.3981],[-3.86822,40.3981],[-3.86822,40.4034]]]}},{"type":"Feature","properties":{"name":"Boadilla del Monte--piece--10-2--raspberry3bp","number_of_ads_buy":0,"average_prize_buy":0,"number_of_ads_rent":0,"average_prize_rent":0,"normalized_prize_buy":null,"normalized_ads_buy":null,"normalized_prize_rent":null,"normalized_ads_rent":null,"date":"2018-12-06T17:55:22.000Z","fill-opacity":null,"fill":"#ff0000"},"bbox":[-3.86822,40.4405,-3.87346,40.4458],"geometry":{"type":"Polygon","coordinates":[[[-3.86822,40.4458],[-3.87346,40.4458],[-3.87346,40.4405],[-3.86822,40.4405],[-3.86822,40.4458]]]}},{"type":"Feature","properties":{"name":"Boadilla del Monte--piece--10-3--raspberry3bp","number_of_ads_buy":0,"average_prize_buy":0,"number_of_ads_rent":0,"average_prize_rent":0,"normalized_prize_buy":null,"normalized_ads_buy":null,"normalized_prize_rent":null,"normalized_ads_rent":null,"date":"2018-12-06T17:55:36.000Z","fill-opacity":null,"fill":"#ff0000"},"bbox":[-3.86822,40.4352,-3.87346,40.4405],"geometry":{"type":"Polygon","coordinates":[[[-3.86822,40.4405],[-3.87346,40.4405],[-3.87346,40.4352],[-3.86822,40.4352],[-3.86822,40.4405]]]}},{"type":"Feature","properties":{"name":"Boadilla del Monte--piece--10-4--raspberry3bp","number_of_ads_buy":0,"average_prize_buy":0,"number_of_ads_rent":0,"average_prize_rent":0,"normalized_prize_buy":null,"normalized_ads_buy":null,"normalized_prize_rent":null,"normalized_ads_rent":null,"date":"2018-12-06T17:55:55.000Z","fill-opacity":null,"fill":"#ff0000"},"bbox":[-3.86822,40.4299,-3.87346,40.4352],"geometry":{"type":"Polygon","coordinates":[[[-3.86822,40.4352],[-3.87346,40.4352],[-3.87346,40.4299],[-3.86822,40.4299],[-3.86822,40.4352]]]}},{"type":"Feature","properties":{"name":"Boadilla del Monte--piece--10-5--raspberry3bp","number_of_ads_buy":0,"average_prize_buy":0,"number_of_ads_rent":1,"average_prize_rent":0,"normalized_prize_buy":null,"normalized_ads_buy":null,"normalized_prize_rent":null,"normalized_ads_rent":null,"date":"2018-12-06T17:56:15.000Z","fill-opacity":null,"fill":"#ff0000"},"bbox":[-3.86822,40.4246,-3.87346,40.4299],"geometry":{"type":"Polygon","coordinates":[[[-3.86822,40.4299],[-3.87346,40.4299],[-3.87346,40.4246],[-3.86822,40.4246],[-3.86822,40.4299]]]}},{"type":"Feature","properties":{"name":"Boadilla del Monte--piece--10-6--raspberry3bp","number_of_ads_buy":0,"average_prize_buy":0,"number_of_ads_rent":0,"average_prize_rent":0,"normalized_prize_buy":null,"normalized_ads_buy":null,"normalized_prize_rent":null,"normalized_ads_rent":null,"date":"2018-12-06T17:56:34.000Z","fill-opacity":null,"fill":"#ff0000"},"bbox":[-3.86822,40.4193,-3.87346,40.4246],"geometry":{"type":"Polygon","coordinates":[[[-3.86822,40.4246],[-3.87346,40.4246],[-3.87346,40.4193],[-3.86822,40.4193],[-3.86822,40.4246]]]}},{"type":"Feature","properties":{"name":"Boadilla del Monte--piece--10-7--raspberry3bp","number_of_ads_buy":0,"average_prize_buy":0,"number_of_ads_rent":0,"average_prize_rent":0,"normalized_prize_buy":null,"normalized_ads_buy":null,"normalized_prize_rent":null,"normalized_ads_rent":null,"date":"2018-12-06T17:56:50.000Z","fill-opacity":null,"fill":"#ff0000"},"bbox":[-3.86822,40.414,-3.87346,40.4193],"geometry":{"type":"Polygon","coordinates":[[[-3.86822,40.4193],[-3.87346,40.4193],[-3.87346,40.414],[-3.86822,40.414],[-3.86822,40.4193]]]}},{"type":"Feature","properties":{"name":"Boadilla del Monte--piece--10-8--raspberry3bp","number_of_ads_buy":0,"average_prize_buy":0,"number_of_ads_rent":0,"average_prize_rent":0,"normalized_prize_buy":null,"normalized_ads_buy":null,"normalized_prize_rent":null,"normalized_ads_rent":null,"date":"2018-12-06T17:57:22.000Z","fill-opacity":null,"fill":"#ff0000"},"bbox":[-3.86822,40.4087,-3.87346,40.414],"geometry":{"type":"Polygon","coordinates":[[[-3.86822,40.414],[-3.87346,40.414],[-3.87346,40.4087],[-3.86822,40.4087],[-3.86822,40.414]]]}},{"type":"Feature","properties":{"name":"Boadilla del Monte--piece--10-9--raspberry3bp","number_of_ads_buy":0,"average_prize_buy":0,"number_of_ads_rent":0,"average_prize_rent":0,"normalized_prize_buy":null,"normalized_ads_buy":null,"normalized_prize_rent":null,"normalized_ads_rent":null,"date":"2018-12-06T17:57:59.000Z","fill-opacity":null,"fill":"#ff0000"},"bbox":[-3.86822,40.4034,-3.87346,40.4087],"geometry":{"type":"Polygon","coordinates":[[[-3.86822,40.4087],[-3.87346,40.4087],[-3.87346,40.4034],[-3.86822,40.4034],[-3.86822,40.4087]]]}},{"type":"Feature","properties":{"name":"Boadilla del Monte--piece--11-0--raspberry3bp","number_of_ads_buy":0,"average_prize_buy":0,"number_of_ads_rent":0,"average_prize_rent":0,"normalized_prize_buy":null,"normalized_ads_buy":null,"normalized_prize_rent":null,"normalized_ads_rent":null,"date":"2018-12-06T17:58:17.000Z","fill-opacity":null,"fill":"#ff0000"},"bbox":[-3.86298,40.4511,-3.86822,40.4564],"geometry":{"type":"Polygon","coordinates":[[[-3.86298,40.4564],[-3.86822,40.4564],[-3.86822,40.4511],[-3.86298,40.4511],[-3.86298,40.4564]]]}},{"type":"Feature","properties":{"name":"Boadilla del Monte--piece--11-1--raspberry3bp","number_of_ads_buy":0,"average_prize_buy":0,"number_of_ads_rent":2,"average_prize_rent":2,"normalized_prize_buy":null,"normalized_ads_buy":null,"normalized_prize_rent":null,"normalized_ads_rent":null,"date":"2018-12-06T17:58:35.000Z","fill-opacity":null,"fill":"#ff0000"},"bbox":[-3.86298,40.4458,-3.86822,40.4511],"geometry":{"type":"Polygon","coordinates":[[[-3.86298,40.4511],[-3.86822,40.4511],[-3.86822,40.4458],[-3.86298,40.4458],[-3.86298,40.4511]]]}},{"type":"Feature","properties":{"name":"Boadilla del Monte--piece--11-10--raspberry3bp","number_of_ads_buy":0,"average_prize_buy":0,"number_of_ads_rent":0,"average_prize_rent":0,"normalized_prize_buy":null,"normalized_ads_buy":null,"normalized_prize_rent":null,"normalized_ads_rent":null,"date":"2018-12-06T17:58:52.000Z","fill-opacity":null,"fill":"#ff0000"},"bbox":[-3.86298,40.3981,-3.86822,40.4034],"geometry":{"type":"Polygon","coordinates":[[[-3.86298,40.4034],[-3.86822,40.4034],[-3.86822,40.3981],[-3.86298,40.3981],[-3.86298,40.4034]]]}},{"type":"Feature","properties":{"name":"Boadilla del Monte--piece--11-2--raspberry3bp","number_of_ads_buy":0,"average_prize_buy":0,"number_of_ads_rent":0,"average_prize_rent":0,"normalized_prize_buy":null,"normalized_ads_buy":null,"normalized_prize_rent":null,"normalized_ads_rent":null,"date":"2018-12-06T17:59:04.000Z","fill-opacity":null,"fill":"#ff0000"},"bbox":[-3.86298,40.4405,-3.86822,40.4458],"geometry":{"type":"Polygon","coordinates":[[[-3.86298,40.4458],[-3.86822,40.4458],[-3.86822,40.4405],[-3.86298,40.4405],[-3.86298,40.4458]]]}},{"type":"Feature","properties":{"name":"Boadilla del Monte--piece--11-3--raspberry3bp","number_of_ads_buy":0,"average_prize_buy":0,"number_of_ads_rent":0,"average_prize_rent":0,"normalized_prize_buy":null,"normalized_ads_buy":null,"normalized_prize_rent":null,"normalized_ads_rent":null,"date":"2018-12-06T17:59:16.000Z","fill-opacity":null,"fill":"#ff0000"},"bbox":[-3.86298,40.4352,-3.86822,40.4405],"geometry":{"type":"Polygon","coordinates":[[[-3.86298,40.4405],[-3.86822,40.4405],[-3.86822,40.4352],[-3.86298,40.4352],[-3.86298,40.4405]]]}},{"type":"Feature","properties":{"name":"Boadilla del Monte--piece--11-4--raspberry3bp","number_of_ads_buy":0,"average_prize_buy":0,"number_of_ads_rent":0,"average_prize_rent":0,"normalized_prize_buy":null,"normalized_ads_buy":null,"normalized_prize_rent":null,"normalized_ads_rent":null,"date":"2018-12-06T17:59:35.000Z","fill-opacity":null,"fill":"#ff0000"},"bbox":[-3.86298,40.4299,-3.86822,40.4352],"geometry":{"type":"Polygon","coordinates":[[[-3.86298,40.4352],[-3.86822,40.4352],[-3.86822,40.4299],[-3.86298,40.4299],[-3.86298,40.4352]]]}},{"type":"Feature","properties":{"name":"Boadilla del Monte--piece--11-5--raspberry3bp","number_of_ads_buy":0,"average_prize_buy":0,"number_of_ads_rent":0,"average_prize_rent":0,"normalized_prize_buy":null,"normalized_ads_buy":null,"normalized_prize_rent":null,"normalized_ads_rent":null,"date":"2018-12-06T17:59:53.000Z","fill-opacity":null,"fill":"#ff0000"},"bbox":[-3.86298,40.4246,-3.86822,40.4299],"geometry":{"type":"Polygon","coordinates":[[[-3.86298,40.4299],[-3.86822,40.4299],[-3.86822,40.4246],[-3.86298,40.4246],[-3.86298,40.4299]]]}},{"type":"Feature","properties":{"name":"Boadilla del Monte--piece--11-6--raspberry3bp","number_of_ads_buy":0,"average_prize_buy":0,"number_of_ads_rent":0,"average_prize_rent":0,"normalized_prize_buy":null,"normalized_ads_buy":null,"normalized_prize_rent":null,"normalized_ads_rent":null,"date":"2018-12-06T18:00:15.000Z","fill-opacity":null,"fill":"#ff0000"},"bbox":[-3.86298,40.4193,-3.86822,40.4246],"geometry":{"type":"Polygon","coordinates":[[[-3.86298,40.4246],[-3.86822,40.4246],[-3.86822,40.4193],[-3.86298,40.4193],[-3.86298,40.4246]]]}},{"type":"Feature","properties":{"name":"Boadilla del Monte--piece--11-7--raspberry3bp","number_of_ads_buy":0,"average_prize_buy":0,"number_of_ads_rent":0,"average_prize_rent":0,"normalized_prize_buy":null,"normalized_ads_buy":null,"normalized_prize_rent":null,"normalized_ads_rent":null,"date":"2018-12-06T18:00:32.000Z","fill-opacity":null,"fill":"#ff0000"},"bbox":[-3.86298,40.414,-3.86822,40.4193],"geometry":{"type":"Polygon","coordinates":[[[-3.86298,40.4193],[-3.86822,40.4193],[-3.86822,40.414],[-3.86298,40.414],[-3.86298,40.4193]]]}},{"type":"Feature","properties":{"name":"Boadilla del Monte--piece--11-8--raspberry3bp","number_of_ads_buy":0,"average_prize_buy":0,"number_of_ads_rent":0,"average_prize_rent":0,"normalized_prize_buy":null,"normalized_ads_buy":null,"normalized_prize_rent":null,"normalized_ads_rent":null,"date":"2018-12-06T18:00:45.000Z","fill-opacity":null,"fill":"#ff0000"},"bbox":[-3.86298,40.4087,-3.86822,40.414],"geometry":{"type":"Polygon","coordinates":[[[-3.86298,40.414],[-3.86822,40.414],[-3.86822,40.4087],[-3.86298,40.4087],[-3.86298,40.414]]]}},{"type":"Feature","properties":{"name":"Boadilla del Monte--piece--11-9--raspberry3bp","number_of_ads_buy":0,"average_prize_buy":0,"number_of_ads_rent":0,"average_prize_rent":0,"normalized_prize_buy":null,"normalized_ads_buy":null,"normalized_prize_rent":null,"normalized_ads_rent":null,"date":"2018-12-06T18:01:03.000Z","fill-opacity":null,"fill":"#ff0000"},"bbox":[-3.86298,40.4034,-3.86822,40.4087],"geometry":{"type":"Polygon","coordinates":[[[-3.86298,40.4087],[-3.86822,40.4087],[-3.86822,40.4034],[-3.86298,40.4034],[-3.86298,40.4087]]]}},{"type":"Feature","properties":{"name":"Boadilla del Monte--piece--12-0--raspberry3bp","number_of_ads_buy":0,"average_prize_buy":0,"number_of_ads_rent":1,"average_prize_rent":0,"normalized_prize_buy":null,"normalized_ads_buy":null,"normalized_prize_rent":null,"normalized_ads_rent":null,"date":"2018-12-06T18:01:25.000Z","fill-opacity":null,"fill":"#ff0000"},"bbox":[-3.85774,40.4511,-3.86298,40.4564],"geometry":{"type":"Polygon","coordinates":[[[-3.85774,40.4564],[-3.86298,40.4564],[-3.86298,40.4511],[-3.85774,40.4511],[-3.85774,40.4564]]]}},{"type":"Feature","properties":{"name":"Boadilla del Monte--piece--12-1--raspberry3bp","number_of_ads_buy":0,"average_prize_buy":0,"number_of_ads_rent":1,"average_prize_rent":2,"normalized_prize_buy":null,"normalized_ads_buy":null,"normalized_prize_rent":null,"normalized_ads_rent":null,"date":"2018-12-06T18:01:51.000Z","fill-opacity":null,"fill":"#ff0000"},"bbox":[-3.85774,40.4458,-3.86298,40.4511],"geometry":{"type":"Polygon","coordinates":[[[-3.85774,40.4511],[-3.86298,40.4511],[-3.86298,40.4458],[-3.85774,40.4458],[-3.85774,40.4511]]]}},{"type":"Feature","properties":{"name":"Boadilla del Monte--piece--12-10--raspberry3bp","number_of_ads_buy":0,"average_prize_buy":0,"number_of_ads_rent":0,"average_prize_rent":0,"normalized_prize_buy":null,"normalized_ads_buy":null,"normalized_prize_rent":null,"normalized_ads_rent":null,"date":"2018-12-06T18:02:06.000Z","fill-opacity":null,"fill":"#ff0000"},"bbox":[-3.85774,40.3981,-3.86298,40.4034],"geometry":{"type":"Polygon","coordinates":[[[-3.85774,40.4034],[-3.86298,40.4034],[-3.86298,40.3981],[-3.85774,40.3981],[-3.85774,40.4034]]]}},{"type":"Feature","properties":{"name":"Boadilla del Monte--piece--12-2--raspberry3bp","number_of_ads_buy":0,"average_prize_buy":0,"number_of_ads_rent":0,"average_prize_rent":0,"normalized_prize_buy":null,"normalized_ads_buy":null,"normalized_prize_rent":null,"normalized_ads_rent":null,"date":"2018-12-06T18:02:24.000Z","fill-opacity":null,"fill":"#ff0000"},"bbox":[-3.85774,40.4405,-3.86298,40.4458],"geometry":{"type":"Polygon","coordinates":[[[-3.85774,40.4458],[-3.86298,40.4458],[-3.86298,40.4405],[-3.85774,40.4405],[-3.85774,40.4458]]]}},{"type":"Feature","properties":{"name":"Boadilla del Monte--piece--12-3--raspberry3bp","number_of_ads_buy":0,"average_prize_buy":0,"number_of_ads_rent":0,"average_prize_rent":0,"normalized_prize_buy":null,"normalized_ads_buy":null,"normalized_prize_rent":null,"normalized_ads_rent":null,"date":"2018-12-06T18:02:48.000Z","fill-opacity":null,"fill":"#ff0000"},"bbox":[-3.85774,40.4352,-3.86298,40.4405],"geometry":{"type":"Polygon","coordinates":[[[-3.85774,40.4405],[-3.86298,40.4405],[-3.86298,40.4352],[-3.85774,40.4352],[-3.85774,40.4405]]]}},{"type":"Feature","properties":{"name":"Boadilla del Monte--piece--12-4--raspberry3bp","number_of_ads_buy":0,"average_prize_buy":0,"number_of_ads_rent":0,"average_prize_rent":0,"normalized_prize_buy":null,"normalized_ads_buy":null,"normalized_prize_rent":null,"normalized_ads_rent":null,"date":"2018-12-06T18:03:01.000Z","fill-opacity":null,"fill":"#ff0000"},"bbox":[-3.85774,40.4299,-3.86298,40.4352],"geometry":{"type":"Polygon","coordinates":[[[-3.85774,40.4352],[-3.86298,40.4352],[-3.86298,40.4299],[-3.85774,40.4299],[-3.85774,40.4352]]]}},{"type":"Feature","properties":{"name":"Boadilla del Monte--piece--12-5--raspberry3bp","number_of_ads_buy":0,"average_prize_buy":0,"number_of_ads_rent":0,"average_prize_rent":0,"normalized_prize_buy":null,"normalized_ads_buy":null,"normalized_prize_rent":null,"normalized_ads_rent":null,"date":"2018-12-06T18:03:19.000Z","fill-opacity":null,"fill":"#ff0000"},"bbox":[-3.85774,40.4246,-3.86298,40.4299],"geometry":{"type":"Polygon","coordinates":[[[-3.85774,40.4299],[-3.86298,40.4299],[-3.86298,40.4246],[-3.85774,40.4246],[-3.85774,40.4299]]]}},{"type":"Feature","properties":{"name":"Boadilla del Monte--piece--12-6--raspberry3bp","number_of_ads_buy":0,"average_prize_buy":0,"number_of_ads_rent":0,"average_prize_rent":0,"normalized_prize_buy":null,"normalized_ads_buy":null,"normalized_prize_rent":null,"normalized_ads_rent":null,"date":"2018-12-06T18:03:34.000Z","fill-opacity":null,"fill":"#ff0000"},"bbox":[-3.85774,40.4193,-3.86298,40.4246],"geometry":{"type":"Polygon","coordinates":[[[-3.85774,40.4246],[-3.86298,40.4246],[-3.86298,40.4193],[-3.85774,40.4193],[-3.85774,40.4246]]]}},{"type":"Feature","properties":{"name":"Boadilla del Monte--piece--12-7--raspberry3bp","number_of_ads_buy":0,"average_prize_buy":0,"number_of_ads_rent":0,"average_prize_rent":0,"normalized_prize_buy":null,"normalized_ads_buy":null,"normalized_prize_rent":null,"normalized_ads_rent":null,"date":"2018-12-06T18:03:50.000Z","fill-opacity":null,"fill":"#ff0000"},"bbox":[-3.85774,40.414,-3.86298,40.4193],"geometry":{"type":"Polygon","coordinates":[[[-3.85774,40.4193],[-3.86298,40.4193],[-3.86298,40.414],[-3.85774,40.414],[-3.85774,40.4193]]]}},{"type":"Feature","properties":{"name":"Boadilla del Monte--piece--12-8--raspberry3bp","number_of_ads_buy":0,"average_prize_buy":0,"number_of_ads_rent":0,"average_prize_rent":0,"normalized_prize_buy":null,"normalized_ads_buy":null,"normalized_prize_rent":null,"normalized_ads_rent":null,"date":"2018-12-06T18:04:02.000Z","fill-opacity":null,"fill":"#ff0000"},"bbox":[-3.85774,40.4087,-3.86298,40.414],"geometry":{"type":"Polygon","coordinates":[[[-3.85774,40.414],[-3.86298,40.414],[-3.86298,40.4087],[-3.85774,40.4087],[-3.85774,40.414]]]}},{"type":"Feature","properties":{"name":"Boadilla del Monte--piece--12-9--raspberry3bp","number_of_ads_buy":0,"average_prize_buy":0,"number_of_ads_rent":0,"average_prize_rent":0,"normalized_prize_buy":null,"normalized_ads_buy":null,"normalized_prize_rent":null,"normalized_ads_rent":null,"date":"2018-12-06T18:04:20.000Z","fill-opacity":null,"fill":"#ff0000"},"bbox":[-3.85774,40.4034,-3.86298,40.4087],"geometry":{"type":"Polygon","coordinates":[[[-3.85774,40.4087],[-3.86298,40.4087],[-3.86298,40.4034],[-3.85774,40.4034],[-3.85774,40.4087]]]}},{"type":"Feature","properties":{"name":"Boadilla del Monte--piece--2-0--raspberry3bp","number_of_ads_buy":0,"average_prize_buy":0,"number_of_ads_rent":0,"average_prize_rent":0,"normalized_prize_buy":null,"normalized_ads_buy":null,"normalized_prize_rent":null,"normalized_ads_rent":null,"date":"2018-12-06T18:04:32.000Z","fill-opacity":null,"fill":"#ff0000"},"bbox":[-3.91015,40.4511,-3.91539,40.4564],"geometry":{"type":"Polygon","coordinates":[[[-3.91015,40.4564],[-3.91539,40.4564],[-3.91539,40.4511],[-3.91015,40.4511],[-3.91015,40.4564]]]}},{"type":"Feature","properties":{"name":"Boadilla del Monte--piece--2-1--raspberry3bp","number_of_ads_buy":0,"average_prize_buy":0,"number_of_ads_rent":0,"average_prize_rent":0,"normalized_prize_buy":null,"normalized_ads_buy":null,"normalized_prize_rent":null,"normalized_ads_rent":null,"date":"2018-12-06T18:04:44.000Z","fill-opacity":null,"fill":"#ff0000"},"bbox":[-3.91015,40.4458,-3.91539,40.4511],"geometry":{"type":"Polygon","coordinates":[[[-3.91015,40.4511],[-3.91539,40.4511],[-3.91539,40.4458],[-3.91015,40.4458],[-3.91015,40.4511]]]}},{"type":"Feature","properties":{"name":"Boadilla del Monte--piece--2-10--raspberry3bp","number_of_ads_buy":0,"average_prize_buy":0,"number_of_ads_rent":0,"average_prize_rent":0,"normalized_prize_buy":null,"normalized_ads_buy":null,"normalized_prize_rent":null,"normalized_ads_rent":null,"date":"2018-12-06T18:05:16.000Z","fill-opacity":null,"fill":"#ff0000"},"bbox":[-3.91015,40.3981,-3.91539,40.4034],"geometry":{"type":"Polygon","coordinates":[[[-3.91015,40.4034],[-3.91539,40.4034],[-3.91539,40.3981],[-3.91015,40.3981],[-3.91015,40.4034]]]}},{"type":"Feature","properties":{"name":"Boadilla del Monte--piece--2-2--raspberry3bp","number_of_ads_buy":0,"average_prize_buy":0,"number_of_ads_rent":0,"average_prize_rent":0,"normalized_prize_buy":null,"normalized_ads_buy":null,"normalized_prize_rent":null,"normalized_ads_rent":null,"date":"2018-12-06T18:05:39.000Z","fill-opacity":null,"fill":"#ff0000"},"bbox":[-3.91015,40.4405,-3.91539,40.4458],"geometry":{"type":"Polygon","coordinates":[[[-3.91015,40.4458],[-3.91539,40.4458],[-3.91539,40.4405],[-3.91015,40.4405],[-3.91015,40.4458]]]}},{"type":"Feature","properties":{"name":"Boadilla del Monte--piece--2-3--raspberry3bp","number_of_ads_buy":0,"average_prize_buy":0,"number_of_ads_rent":1,"average_prize_rent":0,"normalized_prize_buy":null,"normalized_ads_buy":null,"normalized_prize_rent":null,"normalized_ads_rent":null,"date":"2018-12-06T18:05:54.000Z","fill-opacity":null,"fill":"#ff0000"},"bbox":[-3.91015,40.4352,-3.91539,40.4405],"geometry":{"type":"Polygon","coordinates":[[[-3.91015,40.4405],[-3.91539,40.4405],[-3.91539,40.4352],[-3.91015,40.4352],[-3.91015,40.4405]]]}},{"type":"Feature","properties":{"name":"Boadilla del Monte--piece--2-4--raspberry3bp","number_of_ads_buy":0,"average_prize_buy":0,"number_of_ads_rent":3,"average_prize_rent":2,"normalized_prize_buy":null,"normalized_ads_buy":null,"normalized_prize_rent":null,"normalized_ads_rent":null,"date":"2018-12-06T18:06:11.000Z","fill-opacity":null,"fill":"#ff0000"},"bbox":[-3.91015,40.4299,-3.91539,40.4352],"geometry":{"type":"Polygon","coordinates":[[[-3.91015,40.4352],[-3.91539,40.4352],[-3.91539,40.4299],[-3.91015,40.4299],[-3.91015,40.4352]]]}},{"type":"Feature","properties":{"name":"Boadilla del Monte--piece--2-5--raspberry3bp","number_of_ads_buy":0,"average_prize_buy":0,"number_of_ads_rent":0,"average_prize_rent":0,"normalized_prize_buy":null,"normalized_ads_buy":null,"normalized_prize_rent":null,"normalized_ads_rent":null,"date":"2018-12-06T18:06:26.000Z","fill-opacity":null,"fill":"#ff0000"},"bbox":[-3.91015,40.4246,-3.91539,40.4299],"geometry":{"type":"Polygon","coordinates":[[[-3.91015,40.4299],[-3.91539,40.4299],[-3.91539,40.4246],[-3.91015,40.4246],[-3.91015,40.4299]]]}},{"type":"Feature","properties":{"name":"Boadilla del Monte--piece--2-6--raspberry3bp","number_of_ads_buy":0,"average_prize_buy":0,"number_of_ads_rent":0,"average_prize_rent":0,"normalized_prize_buy":null,"normalized_ads_buy":null,"normalized_prize_rent":null,"normalized_ads_rent":null,"date":"2018-12-06T18:06:50.000Z","fill-opacity":null,"fill":"#ff0000"},"bbox":[-3.91015,40.4193,-3.91539,40.4246],"geometry":{"type":"Polygon","coordinates":[[[-3.91015,40.4246],[-3.91539,40.4246],[-3.91539,40.4193],[-3.91015,40.4193],[-3.91015,40.4246]]]}},{"type":"Feature","properties":{"name":"Boadilla del Monte--piece--2-7--raspberry3bp","number_of_ads_buy":0,"average_prize_buy":0,"number_of_ads_rent":0,"average_prize_rent":0,"normalized_prize_buy":null,"normalized_ads_buy":null,"normalized_prize_rent":null,"normalized_ads_rent":null,"date":"2018-12-06T18:07:12.000Z","fill-opacity":null,"fill":"#ff0000"},"bbox":[-3.91015,40.414,-3.91539,40.4193],"geometry":{"type":"Polygon","coordinates":[[[-3.91015,40.4193],[-3.91539,40.4193],[-3.91539,40.414],[-3.91015,40.414],[-3.91015,40.4193]]]}},{"type":"Feature","properties":{"name":"Boadilla del Monte--piece--2-8--raspberry3bp","number_of_ads_buy":0,"average_prize_buy":0,"number_of_ads_rent":0,"average_prize_rent":0,"normalized_prize_buy":null,"normalized_ads_buy":null,"normalized_prize_rent":null,"normalized_ads_rent":null,"date":"2018-12-06T18:07:27.000Z","fill-opacity":null,"fill":"#ff0000"},"bbox":[-3.91015,40.4087,-3.91539,40.414],"geometry":{"type":"Polygon","coordinates":[[[-3.91015,40.414],[-3.91539,40.414],[-3.91539,40.4087],[-3.91015,40.4087],[-3.91015,40.414]]]}},{"type":"Feature","properties":{"name":"Boadilla del Monte--piece--2-9--raspberry3bp","number_of_ads_buy":0,"average_prize_buy":0,"number_of_ads_rent":0,"average_prize_rent":0,"normalized_prize_buy":null,"normalized_ads_buy":null,"normalized_prize_rent":null,"normalized_ads_rent":null,"date":"2018-12-06T18:07:42.000Z","fill-opacity":null,"fill":"#ff0000"},"bbox":[-3.91015,40.4034,-3.91539,40.4087],"geometry":{"type":"Polygon","coordinates":[[[-3.91015,40.4087],[-3.91539,40.4087],[-3.91539,40.4034],[-3.91015,40.4034],[-3.91015,40.4087]]]}},{"type":"Feature","properties":{"name":"Boadilla del Monte--piece--3-0--raspberry3bp","number_of_ads_buy":0,"average_prize_buy":0,"number_of_ads_rent":0,"average_prize_rent":0,"normalized_prize_buy":null,"normalized_ads_buy":null,"normalized_prize_rent":null,"normalized_ads_rent":null,"date":"2018-12-06T18:08:04.000Z","fill-opacity":null,"fill":"#ff0000"},"bbox":[-3.90491,40.4511,-3.91015,40.4564],"geometry":{"type":"Polygon","coordinates":[[[-3.90491,40.4564],[-3.91015,40.4564],[-3.91015,40.4511],[-3.90491,40.4511],[-3.90491,40.4564]]]}},{"type":"Feature","properties":{"name":"Boadilla del Monte--piece--3-1--raspberry3bp","number_of_ads_buy":0,"average_prize_buy":0,"number_of_ads_rent":0,"average_prize_rent":0,"normalized_prize_buy":null,"normalized_ads_buy":null,"normalized_prize_rent":null,"normalized_ads_rent":null,"date":"2018-12-06T18:08:23.000Z","fill-opacity":null,"fill":"#ff0000"},"bbox":[-3.90491,40.4458,-3.91015,40.4511],"geometry":{"type":"Polygon","coordinates":[[[-3.90491,40.4511],[-3.91015,40.4511],[-3.91015,40.4458],[-3.90491,40.4458],[-3.90491,40.4511]]]}},{"type":"Feature","properties":{"name":"Boadilla del Monte--piece--3-10--raspberry3bp","number_of_ads_buy":0,"average_prize_buy":0,"number_of_ads_rent":0,"average_prize_rent":0,"normalized_prize_buy":null,"normalized_ads_buy":null,"normalized_prize_rent":null,"normalized_ads_rent":null,"date":"2018-12-06T18:08:43.000Z","fill-opacity":null,"fill":"#ff0000"},"bbox":[-3.90491,40.3981,-3.91015,40.4034],"geometry":{"type":"Polygon","coordinates":[[[-3.90491,40.4034],[-3.91015,40.4034],[-3.91015,40.3981],[-3.90491,40.3981],[-3.90491,40.4034]]]}},{"type":"Feature","properties":{"name":"Boadilla del Monte--piece--3-2--raspberry3bp","number_of_ads_buy":0,"average_prize_buy":0,"number_of_ads_rent":0,"average_prize_rent":0,"normalized_prize_buy":null,"normalized_ads_buy":null,"normalized_prize_rent":null,"normalized_ads_rent":null,"date":"2018-12-06T18:08:59.000Z","fill-opacity":null,"fill":"#ff0000"},"bbox":[-3.90491,40.4405,-3.91015,40.4458],"geometry":{"type":"Polygon","coordinates":[[[-3.90491,40.4458],[-3.91015,40.4458],[-3.91015,40.4405],[-3.90491,40.4405],[-3.90491,40.4458]]]}},{"type":"Feature","properties":{"name":"Boadilla del Monte--piece--3-3--raspberry3bp","number_of_ads_buy":0,"average_prize_buy":0,"number_of_ads_rent":0,"average_prize_rent":0,"normalized_prize_buy":null,"normalized_ads_buy":null,"normalized_prize_rent":null,"normalized_ads_rent":null,"date":"2018-12-06T18:09:11.000Z","fill-opacity":null,"fill":"#ff0000"},"bbox":[-3.90491,40.4352,-3.91015,40.4405],"geometry":{"type":"Polygon","coordinates":[[[-3.90491,40.4405],[-3.91015,40.4405],[-3.91015,40.4352],[-3.90491,40.4352],[-3.90491,40.4405]]]}},{"type":"Feature","properties":{"name":"Boadilla del Monte--piece--3-4--raspberry3bp","number_of_ads_buy":0,"average_prize_buy":0,"number_of_ads_rent":0,"average_prize_rent":0,"normalized_prize_buy":null,"normalized_ads_buy":null,"normalized_prize_rent":null,"normalized_ads_rent":null,"date":"2018-12-06T18:09:34.000Z","fill-opacity":null,"fill":"#ff0000"},"bbox":[-3.90491,40.4299,-3.91015,40.4352],"geometry":{"type":"Polygon","coordinates":[[[-3.90491,40.4352],[-3.91015,40.4352],[-3.91015,40.4299],[-3.90491,40.4299],[-3.90491,40.4352]]]}},{"type":"Feature","properties":{"name":"Boadilla del Monte--piece--3-5--raspberry3bp","number_of_ads_buy":0,"average_prize_buy":0,"number_of_ads_rent":0,"average_prize_rent":0,"normalized_prize_buy":null,"normalized_ads_buy":null,"normalized_prize_rent":null,"normalized_ads_rent":null,"date":"2018-12-06T18:09:57.000Z","fill-opacity":null,"fill":"#ff0000"},"bbox":[-3.90491,40.4246,-3.91015,40.4299],"geometry":{"type":"Polygon","coordinates":[[[-3.90491,40.4299],[-3.91015,40.4299],[-3.91015,40.4246],[-3.90491,40.4246],[-3.90491,40.4299]]]}},{"type":"Feature","properties":{"name":"Boadilla del Monte--piece--3-6--raspberry3bp","number_of_ads_buy":0,"average_prize_buy":0,"number_of_ads_rent":0,"average_prize_rent":0,"normalized_prize_buy":null,"normalized_ads_buy":null,"normalized_prize_rent":null,"normalized_ads_rent":null,"date":"2018-12-06T18:10:12.000Z","fill-opacity":null,"fill":"#ff0000"},"bbox":[-3.90491,40.4193,-3.91015,40.4246],"geometry":{"type":"Polygon","coordinates":[[[-3.90491,40.4246],[-3.91015,40.4246],[-3.91015,40.4193],[-3.90491,40.4193],[-3.90491,40.4246]]]}},{"type":"Feature","properties":{"name":"Boadilla del Monte--piece--3-7--raspberry3bp","number_of_ads_buy":0,"average_prize_buy":0,"number_of_ads_rent":0,"average_prize_rent":0,"normalized_prize_buy":null,"normalized_ads_buy":null,"normalized_prize_rent":null,"normalized_ads_rent":null,"date":"2018-12-06T18:10:26.000Z","fill-opacity":null,"fill":"#ff0000"},"bbox":[-3.90491,40.414,-3.91015,40.4193],"geometry":{"type":"Polygon","coordinates":[[[-3.90491,40.4193],[-3.91015,40.4193],[-3.91015,40.414],[-3.90491,40.414],[-3.90491,40.4193]]]}},{"type":"Feature","properties":{"name":"Boadilla del Monte--piece--3-8--raspberry3bp","number_of_ads_buy":0,"average_prize_buy":0,"number_of_ads_rent":0,"average_prize_rent":0,"normalized_prize_buy":null,"normalized_ads_buy":null,"normalized_prize_rent":null,"normalized_ads_rent":null,"date":"2018-12-06T18:10:50.000Z","fill-opacity":null,"fill":"#ff0000"},"bbox":[-3.90491,40.4087,-3.91015,40.414],"geometry":{"type":"Polygon","coordinates":[[[-3.90491,40.414],[-3.91015,40.414],[-3.91015,40.4087],[-3.90491,40.4087],[-3.90491,40.414]]]}},{"type":"Feature","properties":{"name":"Boadilla del Monte--piece--3-9--raspberry3bp","number_of_ads_buy":0,"average_prize_buy":0,"number_of_ads_rent":0,"average_prize_rent":0,"normalized_prize_buy":null,"normalized_ads_buy":null,"normalized_prize_rent":null,"normalized_ads_rent":null,"date":"2018-12-06T18:11:06.000Z","fill-opacity":null,"fill":"#ff0000"},"bbox":[-3.90491,40.4034,-3.91015,40.4087],"geometry":{"type":"Polygon","coordinates":[[[-3.90491,40.4087],[-3.91015,40.4087],[-3.91015,40.4034],[-3.90491,40.4034],[-3.90491,40.4087]]]}},{"type":"Feature","properties":{"name":"Boadilla del Monte--piece--4-0--raspberry3bp","number_of_ads_buy":0,"average_prize_buy":0,"number_of_ads_rent":0,"average_prize_rent":0,"normalized_prize_buy":null,"normalized_ads_buy":null,"normalized_prize_rent":null,"normalized_ads_rent":null,"date":"2018-12-06T18:11:18.000Z","fill-opacity":null,"fill":"#ff0000"},"bbox":[-3.89967,40.4511,-3.90491,40.4564],"geometry":{"type":"Polygon","coordinates":[[[-3.89967,40.4564],[-3.90491,40.4564],[-3.90491,40.4511],[-3.89967,40.4511],[-3.89967,40.4564]]]}},{"type":"Feature","properties":{"name":"Boadilla del Monte--piece--4-1--raspberry3bp","number_of_ads_buy":0,"average_prize_buy":0,"number_of_ads_rent":0,"average_prize_rent":0,"normalized_prize_buy":null,"normalized_ads_buy":null,"normalized_prize_rent":null,"normalized_ads_rent":null,"date":"2018-12-06T18:11:35.000Z","fill-opacity":null,"fill":"#ff0000"},"bbox":[-3.89967,40.4458,-3.90491,40.4511],"geometry":{"type":"Polygon","coordinates":[[[-3.89967,40.4511],[-3.90491,40.4511],[-3.90491,40.4458],[-3.89967,40.4458],[-3.89967,40.4511]]]}},{"type":"Feature","properties":{"name":"Boadilla del Monte--piece--4-10--raspberry3bp","number_of_ads_buy":0,"average_prize_buy":0,"number_of_ads_rent":0,"average_prize_rent":0,"normalized_prize_buy":null,"normalized_ads_buy":null,"normalized_prize_rent":null,"normalized_ads_rent":null,"date":"2018-12-06T18:12:01.000Z","fill-opacity":null,"fill":"#ff0000"},"bbox":[-3.89967,40.3981,-3.90491,40.4034],"geometry":{"type":"Polygon","coordinates":[[[-3.89967,40.4034],[-3.90491,40.4034],[-3.90491,40.3981],[-3.89967,40.3981],[-3.89967,40.4034]]]}},{"type":"Feature","properties":{"name":"Boadilla del Monte--piece--4-2--raspberry3bp","number_of_ads_buy":0,"average_prize_buy":0,"number_of_ads_rent":0,"average_prize_rent":0,"normalized_prize_buy":null,"normalized_ads_buy":null,"normalized_prize_rent":null,"normalized_ads_rent":null,"date":"2018-12-06T18:12:13.000Z","fill-opacity":null,"fill":"#ff0000"},"bbox":[-3.89967,40.4405,-3.90491,40.4458],"geometry":{"type":"Polygon","coordinates":[[[-3.89967,40.4458],[-3.90491,40.4458],[-3.90491,40.4405],[-3.89967,40.4405],[-3.89967,40.4458]]]}},{"type":"Feature","properties":{"name":"Boadilla del Monte--piece--4-3--raspberry3bp","number_of_ads_buy":0,"average_prize_buy":0,"number_of_ads_rent":0,"average_prize_rent":0,"normalized_prize_buy":null,"normalized_ads_buy":null,"normalized_prize_rent":null,"normalized_ads_rent":null,"date":"2018-12-06T18:12:25.000Z","fill-opacity":null,"fill":"#ff0000"},"bbox":[-3.89967,40.4352,-3.90491,40.4405],"geometry":{"type":"Polygon","coordinates":[[[-3.89967,40.4405],[-3.90491,40.4405],[-3.90491,40.4352],[-3.89967,40.4352],[-3.89967,40.4405]]]}},{"type":"Feature","properties":{"name":"Boadilla del Monte--piece--4-4--raspberry3bp","number_of_ads_buy":0,"average_prize_buy":0,"number_of_ads_rent":0,"average_prize_rent":0,"normalized_prize_buy":null,"normalized_ads_buy":null,"normalized_prize_rent":null,"normalized_ads_rent":null,"date":"2018-12-06T18:12:44.000Z","fill-opacity":null,"fill":"#ff0000"},"bbox":[-3.89967,40.4299,-3.90491,40.4352],"geometry":{"type":"Polygon","coordinates":[[[-3.89967,40.4352],[-3.90491,40.4352],[-3.90491,40.4299],[-3.89967,40.4299],[-3.89967,40.4352]]]}},{"type":"Feature","properties":{"name":"Boadilla del Monte--piece--4-5--raspberry3bp","number_of_ads_buy":0,"average_prize_buy":0,"number_of_ads_rent":0,"average_prize_rent":0,"normalized_prize_buy":null,"normalized_ads_buy":null,"normalized_prize_rent":null,"normalized_ads_rent":null,"date":"2018-12-06T18:13:10.000Z","fill-opacity":null,"fill":"#ff0000"},"bbox":[-3.89967,40.4246,-3.90491,40.4299],"geometry":{"type":"Polygon","coordinates":[[[-3.89967,40.4299],[-3.90491,40.4299],[-3.90491,40.4246],[-3.89967,40.4246],[-3.89967,40.4299]]]}},{"type":"Feature","properties":{"name":"Boadilla del Monte--piece--4-6--raspberry3bp","number_of_ads_buy":0,"average_prize_buy":0,"number_of_ads_rent":0,"average_prize_rent":0,"normalized_prize_buy":null,"normalized_ads_buy":null,"normalized_prize_rent":null,"normalized_ads_rent":null,"date":"2018-12-06T18:13:26.000Z","fill-opacity":null,"fill":"#ff0000"},"bbox":[-3.89967,40.4193,-3.90491,40.4246],"geometry":{"type":"Polygon","coordinates":[[[-3.89967,40.4246],[-3.90491,40.4246],[-3.90491,40.4193],[-3.89967,40.4193],[-3.89967,40.4246]]]}},{"type":"Feature","properties":{"name":"Boadilla del Monte--piece--4-7--raspberry3bp","number_of_ads_buy":0,"average_prize_buy":0,"number_of_ads_rent":0,"average_prize_rent":0,"normalized_prize_buy":null,"normalized_ads_buy":null,"normalized_prize_rent":null,"normalized_ads_rent":null,"date":"2018-12-06T18:13:49.000Z","fill-opacity":null,"fill":"#ff0000"},"bbox":[-3.89967,40.414,-3.90491,40.4193],"geometry":{"type":"Polygon","coordinates":[[[-3.89967,40.4193],[-3.90491,40.4193],[-3.90491,40.414],[-3.89967,40.414],[-3.89967,40.4193]]]}},{"type":"Feature","properties":{"name":"Boadilla del Monte--piece--4-8--raspberry3bp","number_of_ads_buy":0,"average_prize_buy":0,"number_of_ads_rent":0,"average_prize_rent":0,"normalized_prize_buy":null,"normalized_ads_buy":null,"normalized_prize_rent":null,"normalized_ads_rent":null,"date":"2018-12-06T18:14:02.000Z","fill-opacity":null,"fill":"#ff0000"},"bbox":[-3.89967,40.4087,-3.90491,40.414],"geometry":{"type":"Polygon","coordinates":[[[-3.89967,40.414],[-3.90491,40.414],[-3.90491,40.4087],[-3.89967,40.4087],[-3.89967,40.414]]]}},{"type":"Feature","properties":{"name":"Boadilla del Monte--piece--4-9--raspberry3bp","number_of_ads_buy":0,"average_prize_buy":0,"number_of_ads_rent":2,"average_prize_rent":0,"normalized_prize_buy":null,"normalized_ads_buy":null,"normalized_prize_rent":null,"normalized_ads_rent":null,"date":"2018-12-06T18:14:21.000Z","fill-opacity":null,"fill":"#ff0000"},"bbox":[-3.89967,40.4034,-3.90491,40.4087],"geometry":{"type":"Polygon","coordinates":[[[-3.89967,40.4087],[-3.90491,40.4087],[-3.90491,40.4034],[-3.89967,40.4034],[-3.89967,40.4087]]]}},{"type":"Feature","properties":{"name":"Boadilla del Monte--piece--5-0--raspberry3bp","number_of_ads_buy":0,"average_prize_buy":0,"number_of_ads_rent":0,"average_prize_rent":0,"normalized_prize_buy":null,"normalized_ads_buy":null,"normalized_prize_rent":null,"normalized_ads_rent":null,"date":"2018-12-06T18:14:43.000Z","fill-opacity":null,"fill":"#ff0000"},"bbox":[-3.89443,40.4511,-3.89967,40.4564],"geometry":{"type":"Polygon","coordinates":[[[-3.89443,40.4564],[-3.89967,40.4564],[-3.89967,40.4511],[-3.89443,40.4511],[-3.89443,40.4564]]]}},{"type":"Feature","properties":{"name":"Boadilla del Monte--piece--5-1--raspberry3bp","number_of_ads_buy":0,"average_prize_buy":0,"number_of_ads_rent":0,"average_prize_rent":0,"normalized_prize_buy":null,"normalized_ads_buy":null,"normalized_prize_rent":null,"normalized_ads_rent":null,"date":"2018-12-06T18:15:01.000Z","fill-opacity":null,"fill":"#ff0000"},"bbox":[-3.89443,40.4458,-3.89967,40.4511],"geometry":{"type":"Polygon","coordinates":[[[-3.89443,40.4511],[-3.89967,40.4511],[-3.89967,40.4458],[-3.89443,40.4458],[-3.89443,40.4511]]]}},{"type":"Feature","properties":{"name":"Boadilla del Monte--piece--5-10--raspberry3bp","number_of_ads_buy":0,"average_prize_buy":0,"number_of_ads_rent":0,"average_prize_rent":0,"normalized_prize_buy":null,"normalized_ads_buy":null,"normalized_prize_rent":null,"normalized_ads_rent":null,"date":"2018-12-06T18:15:15.000Z","fill-opacity":null,"fill":"#ff0000"},"bbox":[-3.89443,40.3981,-3.89967,40.4034],"geometry":{"type":"Polygon","coordinates":[[[-3.89443,40.4034],[-3.89967,40.4034],[-3.89967,40.3981],[-3.89443,40.3981],[-3.89443,40.4034]]]}},{"type":"Feature","properties":{"name":"Boadilla del Monte--piece--5-2--raspberry3bp","number_of_ads_buy":0,"average_prize_buy":0,"number_of_ads_rent":0,"average_prize_rent":0,"normalized_prize_buy":null,"normalized_ads_buy":null,"normalized_prize_rent":null,"normalized_ads_rent":null,"date":"2018-12-06T18:15:30.000Z","fill-opacity":null,"fill":"#ff0000"},"bbox":[-3.89443,40.4405,-3.89967,40.4458],"geometry":{"type":"Polygon","coordinates":[[[-3.89443,40.4458],[-3.89967,40.4458],[-3.89967,40.4405],[-3.89443,40.4405],[-3.89443,40.4458]]]}},{"type":"Feature","properties":{"name":"Boadilla del Monte--piece--5-3--raspberry3bp","number_of_ads_buy":0,"average_prize_buy":0,"number_of_ads_rent":0,"average_prize_rent":0,"normalized_prize_buy":null,"normalized_ads_buy":null,"normalized_prize_rent":null,"normalized_ads_rent":null,"date":"2018-12-06T18:15:52.000Z","fill-opacity":null,"fill":"#ff0000"},"bbox":[-3.89443,40.4352,-3.89967,40.4405],"geometry":{"type":"Polygon","coordinates":[[[-3.89443,40.4405],[-3.89967,40.4405],[-3.89967,40.4352],[-3.89443,40.4352],[-3.89443,40.4405]]]}},{"type":"Feature","properties":{"name":"Boadilla del Monte--piece--5-4--raspberry3bp","number_of_ads_buy":0,"average_prize_buy":0,"number_of_ads_rent":1,"average_prize_rent":0,"normalized_prize_buy":null,"normalized_ads_buy":null,"normalized_prize_rent":null,"normalized_ads_rent":null,"date":"2018-12-06T18:16:20.000Z","fill-opacity":null,"fill":"#ff0000"},"bbox":[-3.89443,40.4299,-3.89967,40.4352],"geometry":{"type":"Polygon","coordinates":[[[-3.89443,40.4352],[-3.89967,40.4352],[-3.89967,40.4299],[-3.89443,40.4299],[-3.89443,40.4352]]]}},{"type":"Feature","properties":{"name":"Boadilla del Monte--piece--5-5--raspberry3bp","number_of_ads_buy":0,"average_prize_buy":0,"number_of_ads_rent":0,"average_prize_rent":0,"normalized_prize_buy":null,"normalized_ads_buy":null,"normalized_prize_rent":null,"normalized_ads_rent":null,"date":"2018-12-06T18:16:38.000Z","fill-opacity":null,"fill":"#ff0000"},"bbox":[-3.89443,40.4246,-3.89967,40.4299],"geometry":{"type":"Polygon","coordinates":[[[-3.89443,40.4299],[-3.89967,40.4299],[-3.89967,40.4246],[-3.89443,40.4246],[-3.89443,40.4299]]]}},{"type":"Feature","properties":{"name":"Boadilla del Monte--piece--5-6--raspberry3bp","number_of_ads_buy":0,"average_prize_buy":0,"number_of_ads_rent":0,"average_prize_rent":0,"normalized_prize_buy":null,"normalized_ads_buy":null,"normalized_prize_rent":null,"normalized_ads_rent":null,"date":"2018-12-06T18:16:52.000Z","fill-opacity":null,"fill":"#ff0000"},"bbox":[-3.89443,40.4193,-3.89967,40.4246],"geometry":{"type":"Polygon","coordinates":[[[-3.89443,40.4246],[-3.89967,40.4246],[-3.89967,40.4193],[-3.89443,40.4193],[-3.89443,40.4246]]]}},{"type":"Feature","properties":{"name":"Boadilla del Monte--piece--5-7--raspberry3bp","number_of_ads_buy":0,"average_prize_buy":0,"number_of_ads_rent":0,"average_prize_rent":0,"normalized_prize_buy":null,"normalized_ads_buy":null,"normalized_prize_rent":null,"normalized_ads_rent":null,"date":"2018-12-06T18:17:17.000Z","fill-opacity":null,"fill":"#ff0000"},"bbox":[-3.89443,40.414,-3.89967,40.4193],"geometry":{"type":"Polygon","coordinates":[[[-3.89443,40.4193],[-3.89967,40.4193],[-3.89967,40.414],[-3.89443,40.414],[-3.89443,40.4193]]]}},{"type":"Feature","properties":{"name":"Boadilla del Monte--piece--5-8--raspberry3bp","number_of_ads_buy":0,"average_prize_buy":0,"number_of_ads_rent":0,"average_prize_rent":0,"normalized_prize_buy":null,"normalized_ads_buy":null,"normalized_prize_rent":null,"normalized_ads_rent":null,"date":"2018-12-06T18:17:40.000Z","fill-opacity":null,"fill":"#ff0000"},"bbox":[-3.89443,40.4087,-3.89967,40.414],"geometry":{"type":"Polygon","coordinates":[[[-3.89443,40.414],[-3.89967,40.414],[-3.89967,40.4087],[-3.89443,40.4087],[-3.89443,40.414]]]}},{"type":"Feature","properties":{"name":"Boadilla del Monte--piece--5-9--raspberry3bp","number_of_ads_buy":0,"average_prize_buy":0,"number_of_ads_rent":0,"average_prize_rent":0,"normalized_prize_buy":null,"normalized_ads_buy":null,"normalized_prize_rent":null,"normalized_ads_rent":null,"date":"2018-12-06T18:17:55.000Z","fill-opacity":null,"fill":"#ff0000"},"bbox":[-3.89443,40.4034,-3.89967,40.4087],"geometry":{"type":"Polygon","coordinates":[[[-3.89443,40.4087],[-3.89967,40.4087],[-3.89967,40.4034],[-3.89443,40.4034],[-3.89443,40.4087]]]}},{"type":"Feature","properties":{"name":"Boadilla del Monte--piece--6-0--raspberry3bp","number_of_ads_buy":0,"average_prize_buy":0,"number_of_ads_rent":0,"average_prize_rent":0,"normalized_prize_buy":null,"normalized_ads_buy":null,"normalized_prize_rent":null,"normalized_ads_rent":null,"date":"2018-12-06T18:18:21.000Z","fill-opacity":null,"fill":"#ff0000"},"bbox":[-3.88919,40.4511,-3.89443,40.4564],"geometry":{"type":"Polygon","coordinates":[[[-3.88919,40.4564],[-3.89443,40.4564],[-3.89443,40.4511],[-3.88919,40.4511],[-3.88919,40.4564]]]}},{"type":"Feature","properties":{"name":"Boadilla del Monte--piece--6-1--raspberry3bp","number_of_ads_buy":0,"average_prize_buy":0,"number_of_ads_rent":0,"average_prize_rent":0,"normalized_prize_buy":null,"normalized_ads_buy":null,"normalized_prize_rent":null,"normalized_ads_rent":null,"date":"2018-12-06T18:18:39.000Z","fill-opacity":null,"fill":"#ff0000"},"bbox":[-3.88919,40.4458,-3.89443,40.4511],"geometry":{"type":"Polygon","coordinates":[[[-3.88919,40.4511],[-3.89443,40.4511],[-3.89443,40.4458],[-3.88919,40.4458],[-3.88919,40.4511]]]}},{"type":"Feature","properties":{"name":"Boadilla del Monte--piece--6-10--raspberry3bp","number_of_ads_buy":0,"average_prize_buy":0,"number_of_ads_rent":0,"average_prize_rent":0,"normalized_prize_buy":null,"normalized_ads_buy":null,"normalized_prize_rent":null,"normalized_ads_rent":null,"date":"2018-12-06T18:19:05.000Z","fill-opacity":null,"fill":"#ff0000"},"bbox":[-3.88919,40.3981,-3.89443,40.4034],"geometry":{"type":"Polygon","coordinates":[[[-3.88919,40.4034],[-3.89443,40.4034],[-3.89443,40.3981],[-3.88919,40.3981],[-3.88919,40.4034]]]}},{"type":"Feature","properties":{"name":"Boadilla del Monte--piece--6-2--raspberry3bp","number_of_ads_buy":0,"average_prize_buy":0,"number_of_ads_rent":1,"average_prize_rent":0,"normalized_prize_buy":null,"normalized_ads_buy":null,"normalized_prize_rent":null,"normalized_ads_rent":null,"date":"2018-12-06T18:19:21.000Z","fill-opacity":null,"fill":"#ff0000"},"bbox":[-3.88919,40.4405,-3.89443,40.4458],"geometry":{"type":"Polygon","coordinates":[[[-3.88919,40.4458],[-3.89443,40.4458],[-3.89443,40.4405],[-3.88919,40.4405],[-3.88919,40.4458]]]}},{"type":"Feature","properties":{"name":"Boadilla del Monte--piece--6-3--raspberry3bp","number_of_ads_buy":0,"average_prize_buy":0,"number_of_ads_rent":1,"average_prize_rent":4,"normalized_prize_buy":null,"normalized_ads_buy":null,"normalized_prize_rent":null,"normalized_ads_rent":null,"date":"2018-12-06T18:19:40.000Z","fill-opacity":null,"fill":"#ff0000"},"bbox":[-3.88919,40.4352,-3.89443,40.4405],"geometry":{"type":"Polygon","coordinates":[[[-3.88919,40.4405],[-3.89443,40.4405],[-3.89443,40.4352],[-3.88919,40.4352],[-3.88919,40.4405]]]}},{"type":"Feature","properties":{"name":"Boadilla del Monte--piece--6-4--raspberry3bp","number_of_ads_buy":0,"average_prize_buy":0,"number_of_ads_rent":0,"average_prize_rent":0,"normalized_prize_buy":null,"normalized_ads_buy":null,"normalized_prize_rent":null,"normalized_ads_rent":null,"date":"2018-12-06T18:20:01.000Z","fill-opacity":null,"fill":"#ff0000"},"bbox":[-3.88919,40.4299,-3.89443,40.4352],"geometry":{"type":"Polygon","coordinates":[[[-3.88919,40.4352],[-3.89443,40.4352],[-3.89443,40.4299],[-3.88919,40.4299],[-3.88919,40.4352]]]}},{"type":"Feature","properties":{"name":"Boadilla del Monte--piece--6-5--raspberry3bp","number_of_ads_buy":0,"average_prize_buy":0,"number_of_ads_rent":0,"average_prize_rent":0,"normalized_prize_buy":null,"normalized_ads_buy":null,"normalized_prize_rent":null,"normalized_ads_rent":null,"date":"2018-12-06T18:20:21.000Z","fill-opacity":null,"fill":"#ff0000"},"bbox":[-3.88919,40.4246,-3.89443,40.4299],"geometry":{"type":"Polygon","coordinates":[[[-3.88919,40.4299],[-3.89443,40.4299],[-3.89443,40.4246],[-3.88919,40.4246],[-3.88919,40.4299]]]}},{"type":"Feature","properties":{"name":"Boadilla del Monte--piece--6-6--raspberry3bp","number_of_ads_buy":0,"average_prize_buy":0,"number_of_ads_rent":0,"average_prize_rent":0,"normalized_prize_buy":null,"normalized_ads_buy":null,"normalized_prize_rent":null,"normalized_ads_rent":null,"date":"2018-12-06T18:20:39.000Z","fill-opacity":null,"fill":"#ff0000"},"bbox":[-3.88919,40.4193,-3.89443,40.4246],"geometry":{"type":"Polygon","coordinates":[[[-3.88919,40.4246],[-3.89443,40.4246],[-3.89443,40.4193],[-3.88919,40.4193],[-3.88919,40.4246]]]}},{"type":"Feature","properties":{"name":"Boadilla del Monte--piece--6-7--raspberry3bp","number_of_ads_buy":0,"average_prize_buy":0,"number_of_ads_rent":0,"average_prize_rent":0,"normalized_prize_buy":null,"normalized_ads_buy":null,"normalized_prize_rent":null,"normalized_ads_rent":null,"date":"2018-12-06T18:20:58.000Z","fill-opacity":null,"fill":"#ff0000"},"bbox":[-3.88919,40.414,-3.89443,40.4193],"geometry":{"type":"Polygon","coordinates":[[[-3.88919,40.4193],[-3.89443,40.4193],[-3.89443,40.414],[-3.88919,40.414],[-3.88919,40.4193]]]}},{"type":"Feature","properties":{"name":"Boadilla del Monte--piece--6-8--raspberry3bp","number_of_ads_buy":0,"average_prize_buy":0,"number_of_ads_rent":0,"average_prize_rent":0,"normalized_prize_buy":null,"normalized_ads_buy":null,"normalized_prize_rent":null,"normalized_ads_rent":null,"date":"2018-12-06T18:21:14.000Z","fill-opacity":null,"fill":"#ff0000"},"bbox":[-3.88919,40.4087,-3.89443,40.414],"geometry":{"type":"Polygon","coordinates":[[[-3.88919,40.414],[-3.89443,40.414],[-3.89443,40.4087],[-3.88919,40.4087],[-3.88919,40.414]]]}},{"type":"Feature","properties":{"name":"Boadilla del Monte--piece--6-9--raspberry3bp","number_of_ads_buy":0,"average_prize_buy":0,"number_of_ads_rent":0,"average_prize_rent":0,"normalized_prize_buy":null,"normalized_ads_buy":null,"normalized_prize_rent":null,"normalized_ads_rent":null,"date":"2018-12-06T18:21:35.000Z","fill-opacity":null,"fill":"#ff0000"},"bbox":[-3.88919,40.4034,-3.89443,40.4087],"geometry":{"type":"Polygon","coordinates":[[[-3.88919,40.4087],[-3.89443,40.4087],[-3.89443,40.4034],[-3.88919,40.4034],[-3.88919,40.4087]]]}},{"type":"Feature","properties":{"name":"Boadilla del Monte--piece--7-0--raspberry3bp","number_of_ads_buy":0,"average_prize_buy":0,"number_of_ads_rent":0,"average_prize_rent":0,"normalized_prize_buy":null,"normalized_ads_buy":null,"normalized_prize_rent":null,"normalized_ads_rent":null,"date":"2018-12-06T18:21:56.000Z","fill-opacity":null,"fill":"#ff0000"},"bbox":[-3.88395,40.4511,-3.88919,40.4564],"geometry":{"type":"Polygon","coordinates":[[[-3.88395,40.4564],[-3.88919,40.4564],[-3.88919,40.4511],[-3.88395,40.4511],[-3.88395,40.4564]]]}},{"type":"Feature","properties":{"name":"Boadilla del Monte--piece--7-1--raspberry3bp","number_of_ads_buy":0,"average_prize_buy":0,"number_of_ads_rent":0,"average_prize_rent":0,"normalized_prize_buy":null,"normalized_ads_buy":null,"normalized_prize_rent":null,"normalized_ads_rent":null,"date":"2018-12-06T18:22:11.000Z","fill-opacity":null,"fill":"#ff0000"},"bbox":[-3.88395,40.4458,-3.88919,40.4511],"geometry":{"type":"Polygon","coordinates":[[[-3.88395,40.4511],[-3.88919,40.4511],[-3.88919,40.4458],[-3.88395,40.4458],[-3.88395,40.4511]]]}},{"type":"Feature","properties":{"name":"Boadilla del Monte--piece--7-10--raspberry3bp","number_of_ads_buy":0,"average_prize_buy":0,"number_of_ads_rent":1,"average_prize_rent":1,"normalized_prize_buy":null,"normalized_ads_buy":null,"normalized_prize_rent":null,"normalized_ads_rent":null,"date":"2018-12-06T18:22:31.000Z","fill-opacity":null,"fill":"#ff0000"},"bbox":[-3.88395,40.3981,-3.88919,40.4034],"geometry":{"type":"Polygon","coordinates":[[[-3.88395,40.4034],[-3.88919,40.4034],[-3.88919,40.3981],[-3.88395,40.3981],[-3.88395,40.4034]]]}},{"type":"Feature","properties":{"name":"Boadilla del Monte--piece--7-2--raspberry3bp","number_of_ads_buy":0,"average_prize_buy":0,"number_of_ads_rent":0,"average_prize_rent":0,"normalized_prize_buy":null,"normalized_ads_buy":null,"normalized_prize_rent":null,"normalized_ads_rent":null,"date":"2018-12-06T18:22:49.000Z","fill-opacity":null,"fill":"#ff0000"},"bbox":[-3.88395,40.4405,-3.88919,40.4458],"geometry":{"type":"Polygon","coordinates":[[[-3.88395,40.4458],[-3.88919,40.4458],[-3.88919,40.4405],[-3.88395,40.4405],[-3.88395,40.4458]]]}},{"type":"Feature","properties":{"name":"Boadilla del Monte--piece--7-3--raspberry3bp","number_of_ads_buy":0,"average_prize_buy":0,"number_of_ads_rent":0,"average_prize_rent":0,"normalized_prize_buy":null,"normalized_ads_buy":null,"normalized_prize_rent":null,"normalized_ads_rent":null,"date":"2018-12-06T18:23:03.000Z","fill-opacity":null,"fill":"#ff0000"},"bbox":[-3.88395,40.4352,-3.88919,40.4405],"geometry":{"type":"Polygon","coordinates":[[[-3.88395,40.4405],[-3.88919,40.4405],[-3.88919,40.4352],[-3.88395,40.4352],[-3.88395,40.4405]]]}},{"type":"Feature","properties":{"name":"Boadilla del Monte--piece--7-4--raspberry3bp","number_of_ads_buy":0,"average_prize_buy":0,"number_of_ads_rent":0,"average_prize_rent":0,"normalized_prize_buy":null,"normalized_ads_buy":null,"normalized_prize_rent":null,"normalized_ads_rent":null,"date":"2018-12-06T18:23:15.000Z","fill-opacity":null,"fill":"#ff0000"},"bbox":[-3.88395,40.4299,-3.88919,40.4352],"geometry":{"type":"Polygon","coordinates":[[[-3.88395,40.4352],[-3.88919,40.4352],[-3.88919,40.4299],[-3.88395,40.4299],[-3.88395,40.4352]]]}},{"type":"Feature","properties":{"name":"Boadilla del Monte--piece--7-5--raspberry3bp","number_of_ads_buy":0,"average_prize_buy":0,"number_of_ads_rent":0,"average_prize_rent":0,"normalized_prize_buy":null,"normalized_ads_buy":null,"normalized_prize_rent":null,"normalized_ads_rent":null,"date":"2018-12-06T18:23:31.000Z","fill-opacity":null,"fill":"#ff0000"},"bbox":[-3.88395,40.4246,-3.88919,40.4299],"geometry":{"type":"Polygon","coordinates":[[[-3.88395,40.4299],[-3.88919,40.4299],[-3.88919,40.4246],[-3.88395,40.4246],[-3.88395,40.4299]]]}},{"type":"Feature","properties":{"name":"Boadilla del Monte--piece--7-6--raspberry3bp","number_of_ads_buy":0,"average_prize_buy":0,"number_of_ads_rent":0,"average_prize_rent":0,"normalized_prize_buy":null,"normalized_ads_buy":null,"normalized_prize_rent":null,"normalized_ads_rent":null,"date":"2018-12-06T18:23:49.000Z","fill-opacity":null,"fill":"#ff0000"},"bbox":[-3.88395,40.4193,-3.88919,40.4246],"geometry":{"type":"Polygon","coordinates":[[[-3.88395,40.4246],[-3.88919,40.4246],[-3.88919,40.4193],[-3.88395,40.4193],[-3.88395,40.4246]]]}},{"type":"Feature","properties":{"name":"Boadilla del Monte--piece--7-7--raspberry3bp","number_of_ads_buy":0,"average_prize_buy":0,"number_of_ads_rent":0,"average_prize_rent":0,"normalized_prize_buy":null,"normalized_ads_buy":null,"normalized_prize_rent":null,"normalized_ads_rent":null,"date":"2018-12-06T18:24:12.000Z","fill-opacity":null,"fill":"#ff0000"},"bbox":[-3.88395,40.414,-3.88919,40.4193],"geometry":{"type":"Polygon","coordinates":[[[-3.88395,40.4193],[-3.88919,40.4193],[-3.88919,40.414],[-3.88395,40.414],[-3.88395,40.4193]]]}},{"type":"Feature","properties":{"name":"Boadilla del Monte--piece--7-8--raspberry3bp","number_of_ads_buy":0,"average_prize_buy":0,"number_of_ads_rent":0,"average_prize_rent":0,"normalized_prize_buy":null,"normalized_ads_buy":null,"normalized_prize_rent":null,"normalized_ads_rent":null,"date":"2018-12-06T18:24:31.000Z","fill-opacity":null,"fill":"#ff0000"},"bbox":[-3.88395,40.4087,-3.88919,40.414],"geometry":{"type":"Polygon","coordinates":[[[-3.88395,40.414],[-3.88919,40.414],[-3.88919,40.4087],[-3.88395,40.4087],[-3.88395,40.414]]]}},{"type":"Feature","properties":{"name":"Boadilla del Monte--piece--7-9--raspberry3bp","number_of_ads_buy":0,"average_prize_buy":0,"number_of_ads_rent":0,"average_prize_rent":0,"normalized_prize_buy":null,"normalized_ads_buy":null,"normalized_prize_rent":null,"normalized_ads_rent":null,"date":"2018-12-06T18:24:52.000Z","fill-opacity":null,"fill":"#ff0000"},"bbox":[-3.88395,40.4034,-3.88919,40.4087],"geometry":{"type":"Polygon","coordinates":[[[-3.88395,40.4087],[-3.88919,40.4087],[-3.88919,40.4034],[-3.88395,40.4034],[-3.88395,40.4087]]]}},{"type":"Feature","properties":{"name":"Boadilla del Monte--piece--8-0--raspberry3bp","number_of_ads_buy":0,"average_prize_buy":0,"number_of_ads_rent":0,"average_prize_rent":0,"normalized_prize_buy":null,"normalized_ads_buy":null,"normalized_prize_rent":null,"normalized_ads_rent":null,"date":"2018-12-06T18:25:06.000Z","fill-opacity":null,"fill":"#ff0000"},"bbox":[-3.8787,40.4511,-3.88395,40.4564],"geometry":{"type":"Polygon","coordinates":[[[-3.8787,40.4564],[-3.88395,40.4564],[-3.88395,40.4511],[-3.8787,40.4511],[-3.8787,40.4564]]]}},{"type":"Feature","properties":{"name":"Boadilla del Monte--piece--8-1--raspberry3bp","number_of_ads_buy":0,"average_prize_buy":0,"number_of_ads_rent":1,"average_prize_rent":2,"normalized_prize_buy":null,"normalized_ads_buy":null,"normalized_prize_rent":null,"normalized_ads_rent":null,"date":"2018-12-06T18:25:36.000Z","fill-opacity":null,"fill":"#ff0000"},"bbox":[-3.8787,40.4458,-3.88395,40.4511],"geometry":{"type":"Polygon","coordinates":[[[-3.8787,40.4511],[-3.88395,40.4511],[-3.88395,40.4458],[-3.8787,40.4458],[-3.8787,40.4511]]]}},{"type":"Feature","properties":{"name":"Boadilla del Monte--piece--8-10--raspberry3bp","number_of_ads_buy":0,"average_prize_buy":0,"number_of_ads_rent":2,"average_prize_rent":2,"normalized_prize_buy":null,"normalized_ads_buy":null,"normalized_prize_rent":null,"normalized_ads_rent":null,"date":"2018-12-06T18:25:50.000Z","fill-opacity":null,"fill":"#ff0000"},"bbox":[-3.8787,40.3981,-3.88395,40.4034],"geometry":{"type":"Polygon","coordinates":[[[-3.8787,40.4034],[-3.88395,40.4034],[-3.88395,40.3981],[-3.8787,40.3981],[-3.8787,40.4034]]]}},{"type":"Feature","properties":{"name":"Boadilla del Monte--piece--8-2--raspberry3bp","number_of_ads_buy":0,"average_prize_buy":0,"number_of_ads_rent":0,"average_prize_rent":0,"normalized_prize_buy":null,"normalized_ads_buy":null,"normalized_prize_rent":null,"normalized_ads_rent":null,"date":"2018-12-06T18:26:25.000Z","fill-opacity":null,"fill":"#ff0000"},"bbox":[-3.8787,40.4405,-3.88395,40.4458],"geometry":{"type":"Polygon","coordinates":[[[-3.8787,40.4458],[-3.88395,40.4458],[-3.88395,40.4405],[-3.8787,40.4405],[-3.8787,40.4458]]]}},{"type":"Feature","properties":{"name":"Boadilla del Monte--piece--8-3--raspberry3bp","number_of_ads_buy":0,"average_prize_buy":0,"number_of_ads_rent":1,"average_prize_rent":0,"normalized_prize_buy":null,"normalized_ads_buy":null,"normalized_prize_rent":null,"normalized_ads_rent":null,"date":"2018-12-06T18:26:52.000Z","fill-opacity":null,"fill":"#ff0000"},"bbox":[-3.8787,40.4352,-3.88395,40.4405],"geometry":{"type":"Polygon","coordinates":[[[-3.8787,40.4405],[-3.88395,40.4405],[-3.88395,40.4352],[-3.8787,40.4352],[-3.8787,40.4405]]]}},{"type":"Feature","properties":{"name":"Boadilla del Monte--piece--8-4--raspberry3bp","number_of_ads_buy":0,"average_prize_buy":0,"number_of_ads_rent":1,"average_prize_rent":0,"normalized_prize_buy":null,"normalized_ads_buy":null,"normalized_prize_rent":null,"normalized_ads_rent":null,"date":"2018-12-06T18:27:08.000Z","fill-opacity":null,"fill":"#ff0000"},"bbox":[-3.8787,40.4299,-3.88395,40.4352],"geometry":{"type":"Polygon","coordinates":[[[-3.8787,40.4352],[-3.88395,40.4352],[-3.88395,40.4299],[-3.8787,40.4299],[-3.8787,40.4352]]]}},{"type":"Feature","properties":{"name":"Boadilla del Monte--piece--8-5--raspberry3bp","number_of_ads_buy":0,"average_prize_buy":0,"number_of_ads_rent":0,"average_prize_rent":0,"normalized_prize_buy":null,"normalized_ads_buy":null,"normalized_prize_rent":null,"normalized_ads_rent":null,"date":"2018-12-06T18:27:35.000Z","fill-opacity":null,"fill":"#ff0000"},"bbox":[-3.8787,40.4246,-3.88395,40.4299],"geometry":{"type":"Polygon","coordinates":[[[-3.8787,40.4299],[-3.88395,40.4299],[-3.88395,40.4246],[-3.8787,40.4246],[-3.8787,40.4299]]]}},{"type":"Feature","properties":{"name":"Boadilla del Monte--piece--8-6--raspberry3bp","number_of_ads_buy":0,"average_prize_buy":0,"number_of_ads_rent":0,"average_prize_rent":0,"normalized_prize_buy":null,"normalized_ads_buy":null,"normalized_prize_rent":null,"normalized_ads_rent":null,"date":"2018-12-06T18:27:57.000Z","fill-opacity":null,"fill":"#ff0000"},"bbox":[-3.8787,40.4193,-3.88395,40.4246],"geometry":{"type":"Polygon","coordinates":[[[-3.8787,40.4246],[-3.88395,40.4246],[-3.88395,40.4193],[-3.8787,40.4193],[-3.8787,40.4246]]]}},{"type":"Feature","properties":{"name":"Boadilla del Monte--piece--8-7--raspberry3bp","number_of_ads_buy":0,"average_prize_buy":0,"number_of_ads_rent":1,"average_prize_rent":2,"normalized_prize_buy":null,"normalized_ads_buy":null,"normalized_prize_rent":null,"normalized_ads_rent":null,"date":"2018-12-06T18:28:25.000Z","fill-opacity":null,"fill":"#ff0000"},"bbox":[-3.8787,40.414,-3.88395,40.4193],"geometry":{"type":"Polygon","coordinates":[[[-3.8787,40.4193],[-3.88395,40.4193],[-3.88395,40.414],[-3.8787,40.414],[-3.8787,40.4193]]]}},{"type":"Feature","properties":{"name":"Boadilla del Monte--piece--8-8--raspberry3bp","number_of_ads_buy":0,"average_prize_buy":0,"number_of_ads_rent":0,"average_prize_rent":0,"normalized_prize_buy":null,"normalized_ads_buy":null,"normalized_prize_rent":null,"normalized_ads_rent":null,"date":"2018-12-06T18:28:39.000Z","fill-opacity":null,"fill":"#ff0000"},"bbox":[-3.8787,40.4087,-3.88395,40.414],"geometry":{"type":"Polygon","coordinates":[[[-3.8787,40.414],[-3.88395,40.414],[-3.88395,40.4087],[-3.8787,40.4087],[-3.8787,40.414]]]}},{"type":"Feature","properties":{"name":"Boadilla del Monte--piece--8-9--raspberry3bp","number_of_ads_buy":0,"average_prize_buy":0,"number_of_ads_rent":1,"average_prize_rent":2,"normalized_prize_buy":null,"normalized_ads_buy":null,"normalized_prize_rent":null,"normalized_ads_rent":null,"date":"2018-12-06T18:29:13.000Z","fill-opacity":null,"fill":"#ff0000"},"bbox":[-3.8787,40.4034,-3.88395,40.4087],"geometry":{"type":"Polygon","coordinates":[[[-3.8787,40.4087],[-3.88395,40.4087],[-3.88395,40.4034],[-3.8787,40.4034],[-3.8787,40.4087]]]}},{"type":"Feature","properties":{"name":"Boadilla del Monte--piece--9-0--raspberry3bp","number_of_ads_buy":0,"average_prize_buy":0,"number_of_ads_rent":0,"average_prize_rent":0,"normalized_prize_buy":null,"normalized_ads_buy":null,"normalized_prize_rent":null,"normalized_ads_rent":null,"date":"2018-12-06T18:29:48.000Z","fill-opacity":null,"fill":"#ff0000"},"bbox":[-3.87346,40.4511,-3.8787,40.4564],"geometry":{"type":"Polygon","coordinates":[[[-3.87346,40.4564],[-3.8787,40.4564],[-3.8787,40.4511],[-3.87346,40.4511],[-3.87346,40.4564]]]}},{"type":"Feature","properties":{"name":"Boadilla del Monte--piece--9-1--raspberry3bp","number_of_ads_buy":0,"average_prize_buy":0,"number_of_ads_rent":0,"average_prize_rent":0,"normalized_prize_buy":null,"normalized_ads_buy":null,"normalized_prize_rent":null,"normalized_ads_rent":null,"date":"2018-12-06T18:30:05.000Z","fill-opacity":null,"fill":"#ff0000"},"bbox":[-3.87346,40.4458,-3.8787,40.4511],"geometry":{"type":"Polygon","coordinates":[[[-3.87346,40.4511],[-3.8787,40.4511],[-3.8787,40.4458],[-3.87346,40.4458],[-3.87346,40.4511]]]}},{"type":"Feature","properties":{"name":"Boadilla del Monte--piece--9-10--raspberry3bp","number_of_ads_buy":0,"average_prize_buy":0,"number_of_ads_rent":0,"average_prize_rent":0,"normalized_prize_buy":null,"normalized_ads_buy":null,"normalized_prize_rent":null,"normalized_ads_rent":null,"date":"2018-12-06T18:30:30.000Z","fill-opacity":null,"fill":"#ff0000"},"bbox":[-3.87346,40.3981,-3.8787,40.4034],"geometry":{"type":"Polygon","coordinates":[[[-3.87346,40.4034],[-3.8787,40.4034],[-3.8787,40.3981],[-3.87346,40.3981],[-3.87346,40.4034]]]}},{"type":"Feature","properties":{"name":"Boadilla del Monte--piece--9-2--raspberry3bp","number_of_ads_buy":0,"average_prize_buy":0,"number_of_ads_rent":0,"average_prize_rent":0,"normalized_prize_buy":null,"normalized_ads_buy":null,"normalized_prize_rent":null,"normalized_ads_rent":null,"date":"2018-12-06T18:30:50.000Z","fill-opacity":null,"fill":"#ff0000"},"bbox":[-3.87346,40.4405,-3.8787,40.4458],"geometry":{"type":"Polygon","coordinates":[[[-3.87346,40.4458],[-3.8787,40.4458],[-3.8787,40.4405],[-3.87346,40.4405],[-3.87346,40.4458]]]}},{"type":"Feature","properties":{"name":"Boadilla del Monte--piece--9-3--raspberry3bp","number_of_ads_buy":0,"average_prize_buy":0,"number_of_ads_rent":0,"average_prize_rent":0,"normalized_prize_buy":null,"normalized_ads_buy":null,"normalized_prize_rent":null,"normalized_ads_rent":null,"date":"2018-12-06T18:31:09.000Z","fill-opacity":null,"fill":"#ff0000"},"bbox":[-3.87346,40.4352,-3.8787,40.4405],"geometry":{"type":"Polygon","coordinates":[[[-3.87346,40.4405],[-3.8787,40.4405],[-3.8787,40.4352],[-3.87346,40.4352],[-3.87346,40.4405]]]}},{"type":"Feature","properties":{"name":"Boadilla del Monte--piece--9-4--raspberry3bp","number_of_ads_buy":0,"average_prize_buy":0,"number_of_ads_rent":0,"average_prize_rent":0,"normalized_prize_buy":null,"normalized_ads_buy":null,"normalized_prize_rent":null,"normalized_ads_rent":null,"date":"2018-12-06T18:31:29.000Z","fill-opacity":null,"fill":"#ff0000"},"bbox":[-3.87346,40.4299,-3.8787,40.4352],"geometry":{"type":"Polygon","coordinates":[[[-3.87346,40.4352],[-3.8787,40.4352],[-3.8787,40.4299],[-3.87346,40.4299],[-3.87346,40.4352]]]}},{"type":"Feature","properties":{"name":"Boadilla del Monte--piece--9-5--raspberry3bp","number_of_ads_buy":0,"average_prize_buy":0,"number_of_ads_rent":0,"average_prize_rent":0,"normalized_prize_buy":null,"normalized_ads_buy":null,"normalized_prize_rent":null,"normalized_ads_rent":null,"date":"2018-12-06T18:31:43.000Z","fill-opacity":null,"fill":"#ff0000"},"bbox":[-3.87346,40.4246,-3.8787,40.4299],"geometry":{"type":"Polygon","coordinates":[[[-3.87346,40.4299],[-3.8787,40.4299],[-3.8787,40.4246],[-3.87346,40.4246],[-3.87346,40.4299]]]}},{"type":"Feature","properties":{"name":"Boadilla del Monte--piece--9-6--raspberry3bp","number_of_ads_buy":0,"average_prize_buy":0,"number_of_ads_rent":0,"average_prize_rent":0,"normalized_prize_buy":null,"normalized_ads_buy":null,"normalized_prize_rent":null,"normalized_ads_rent":null,"date":"2018-12-06T18:31:59.000Z","fill-opacity":null,"fill":"#ff0000"},"bbox":[-3.87346,40.4193,-3.8787,40.4246],"geometry":{"type":"Polygon","coordinates":[[[-3.87346,40.4246],[-3.8787,40.4246],[-3.8787,40.4193],[-3.87346,40.4193],[-3.87346,40.4246]]]}},{"type":"Feature","properties":{"name":"Boadilla del Monte--piece--9-7--raspberry3bp","number_of_ads_buy":0,"average_prize_buy":0,"number_of_ads_rent":0,"average_prize_rent":0,"normalized_prize_buy":null,"normalized_ads_buy":null,"normalized_prize_rent":null,"normalized_ads_rent":null,"date":"2018-12-06T18:32:17.000Z","fill-opacity":null,"fill":"#ff0000"},"bbox":[-3.87346,40.414,-3.8787,40.4193],"geometry":{"type":"Polygon","coordinates":[[[-3.87346,40.4193],[-3.8787,40.4193],[-3.8787,40.414],[-3.87346,40.414],[-3.87346,40.4193]]]}},{"type":"Feature","properties":{"name":"Boadilla del Monte--piece--9-8--raspberry3bp","number_of_ads_buy":0,"average_prize_buy":0,"number_of_ads_rent":0,"average_prize_rent":0,"normalized_prize_buy":null,"normalized_ads_buy":null,"normalized_prize_rent":null,"normalized_ads_rent":null,"date":"2018-12-06T18:32:29.000Z","fill-opacity":null,"fill":"#ff0000"},"bbox":[-3.87346,40.4087,-3.8787,40.414],"geometry":{"type":"Polygon","coordinates":[[[-3.87346,40.414],[-3.8787,40.414],[-3.8787,40.4087],[-3.87346,40.4087],[-3.87346,40.414]]]}},{"type":"Feature","properties":{"name":"Boadilla del Monte--piece--9-9--raspberry3bp","number_of_ads_buy":0,"average_prize_buy":0,"number_of_ads_rent":0,"average_prize_rent":0,"normalized_prize_buy":null,"normalized_ads_buy":null,"normalized_prize_rent":null,"normalized_ads_rent":null,"date":"2018-12-06T18:32:42.000Z","fill-opacity":null,"fill":"#ff0000"},"bbox":[-3.87346,40.4034,-3.8787,40.4087],"geometry":{"type":"Polygon","coordinates":[[[-3.87346,40.4087],[-3.8787,40.4087],[-3.8787,40.4034],[-3.87346,40.4034],[-3.87346,40.4087]]]}}]}