{"type":"FeatureCollection","features":[{"type":"Feature","properties":{"name":"Boadilla del Monte--2802201001--raspberryOld","number_of_ads_buy":6,"average_prize_buy":2178.58,"number_of_ads_rent":4,"average_prize_rent":12.5641,"normalized_prize_buy":0.7223073199519916,"normalized_ads_buy":0.2,"normalized_prize_rent":null,"normalized_ads_rent":0.13333333333333333,"date":"2018-12-07T07:46:23.000Z","fill-opacity":0.5778458559615933,"fill":"#ff0000"},"bbox":[-3.87551,40.4048,-3.88016,40.4079],"geometry":{"type":"Polygon","coordinates":[[[-3.87551,40.4079],[-3.88016,40.4079],[-3.88016,40.4048],[-3.87551,40.4048],[-3.87551,40.4079]]]}},{"type":"Feature","properties":{"name":"Boadilla del Monte--2802201002--raspberryOld","number_of_ads_buy":30,"average_prize_buy":1137.93,"number_of_ads_rent":10,"average_prize_rent":8.95373,"normalized_prize_buy":0.3772802323499573,"normalized_ads_buy":1,"normalized_prize_rent":null,"normalized_ads_rent":0.3333333333333333,"date":"2018-12-07T07:46:50.000Z","fill-opacity":0.30182418587996585,"fill":"#ff0000"},"bbox":[-3.83874,40.3969,-3.87596,40.4184],"geometry":{"type":"Polygon","coordinates":[[[-3.83874,40.4184],[-3.87596,40.4184],[-3.87596,40.3969],[-3.83874,40.3969],[-3.83874,40.4184]]]}},{"type":"Feature","properties":{"name":"Boadilla del Monte--2802201003--raspberryOld","number_of_ads_buy":30,"average_prize_buy":1933.79,"number_of_ads_rent":7,"average_prize_rent":7.24674,"normalized_prize_buy":0.641147294223743,"normalized_ads_buy":1,"normalized_prize_rent":null,"normalized_ads_rent":0.23333333333333334,"date":"2018-12-07T07:47:11.000Z","fill-opacity":0.5129178353789944,"fill":"#ff0000"},"bbox":[-3.87776,40.4352,-3.90662,40.4562],"geometry":{"type":"Polygon","coordinates":[[[-3.87776,40.4562],[-3.90662,40.4562],[-3.90662,40.4352],[-3.87776,40.4352],[-3.87776,40.4562]]]}},{"type":"Feature","properties":{"name":"Boadilla del Monte--2802201004--raspberryOld","number_of_ads_buy":30,"average_prize_buy":1324.46,"number_of_ads_rent":18,"average_prize_rent":7.93619,"normalized_prize_buy":0.4391241785858747,"normalized_ads_buy":1,"normalized_prize_rent":null,"normalized_ads_rent":0.6,"date":"2018-12-07T07:47:35.000Z","fill-opacity":0.3512993428686998,"fill":"#ff0000"},"bbox":[-3.88567,40.4223,-3.91653,40.4477],"geometry":{"type":"Polygon","coordinates":[[[-3.88567,40.4477],[-3.91653,40.4477],[-3.91653,40.4223],[-3.88567,40.4223],[-3.88567,40.4477]]]}},{"type":"Feature","properties":{"name":"Boadilla del Monte--2802201005--raspberryOld","number_of_ads_buy":25,"average_prize_buy":2349.27,"number_of_ads_rent":16,"average_prize_rent":8.34525,"normalized_prize_buy":0.7788995205792835,"normalized_ads_buy":0.8333333333333334,"normalized_prize_rent":null,"normalized_ads_rent":0.5333333333333333,"date":"2018-12-07T07:48:01.000Z","fill-opacity":0.6231196164634268,"fill":"#ff0000"},"bbox":[-3.89688,40.4126,-3.913,40.4244],"geometry":{"type":"Polygon","coordinates":[[[-3.89688,40.4244],[-3.913,40.4244],[-3.913,40.4126],[-3.89688,40.4126],[-3.89688,40.4244]]]}},{"type":"Feature","properties":{"name":"Boadilla del Monte--2802201006--raspberryOld","number_of_ads_buy":20,"average_prize_buy":2252.41,"number_of_ads_rent":7,"average_prize_rent":11.7241,"normalized_prize_buy":0.7467856266618923,"normalized_ads_buy":0.6666666666666666,"normalized_prize_rent":null,"normalized_ads_rent":0.23333333333333334,"date":"2018-12-07T07:48:20.000Z","fill-opacity":0.5974285013295139,"fill":"#ff0000"},"bbox":[-3.87736,40.4002,-3.88281,40.4082],"geometry":{"type":"Polygon","coordinates":[[[-3.87736,40.4082],[-3.88281,40.4082],[-3.88281,40.4002],[-3.87736,40.4002],[-3.87736,40.4082]]]}},{"type":"Feature","properties":{"name":"Boadilla del Monte--2802201007--raspberryOld","number_of_ads_buy":30,"average_prize_buy":1969.54,"number_of_ads_rent":4,"average_prize_rent":11.2135,"normalized_prize_buy":0.6530001922987659,"normalized_ads_buy":1,"normalized_prize_rent":null,"normalized_ads_rent":0.13333333333333333,"date":"2018-12-07T07:48:44.000Z","fill-opacity":0.5224001538390127,"fill":"#ff0000"},"bbox":[-3.8774,40.4184,-3.89266,40.4405],"geometry":{"type":"Polygon","coordinates":[[[-3.8774,40.4405],[-3.89266,40.4405],[-3.89266,40.4184],[-3.8774,40.4184],[-3.8774,40.4405]]]}},{"type":"Feature","properties":{"name":"Boadilla del Monte--2802201008--raspberryOld","number_of_ads_buy":29,"average_prize_buy":2000.28,"number_of_ads_rent":17,"average_prize_rent":10.0929,"normalized_prize_buy":0.6631920268953033,"normalized_ads_buy":0.9666666666666667,"normalized_prize_rent":null,"normalized_ads_rent":0.5666666666666667,"date":"2018-12-07T07:49:16.000Z","fill-opacity":0.5305536215162426,"fill":"#ff0000"},"bbox":[-3.84177,40.3777,-3.8886,40.4058],"geometry":{"type":"Polygon","coordinates":[[[-3.84177,40.4058],[-3.8886,40.4058],[-3.8886,40.3777],[-3.84177,40.3777],[-3.84177,40.4058]]]}},{"type":"Feature","properties":{"name":"Boadilla del Monte--2802201009--raspberryOld","number_of_ads_buy":30,"average_prize_buy":1410.35,"number_of_ads_rent":7,"average_prize_rent":9.21439,"normalized_prize_buy":0.4676009734296153,"normalized_ads_buy":1,"normalized_prize_rent":null,"normalized_ads_rent":0.23333333333333334,"date":"2018-12-07T07:49:42.000Z","fill-opacity":0.3740807787436923,"fill":"#ff0000"},"bbox":[-3.83782,40.4017,-3.84947,40.4187],"geometry":{"type":"Polygon","coordinates":[[[-3.83782,40.4187],[-3.84947,40.4187],[-3.84947,40.4017],[-3.83782,40.4017],[-3.83782,40.4187]]]}},{"type":"Feature","properties":{"name":"Boadilla del Monte--2802201010--raspberryOld","number_of_ads_buy":30,"average_prize_buy":1862.66,"number_of_ads_rent":20,"average_prize_rent":7.40847,"normalized_prize_buy":0.6175641714244035,"normalized_ads_buy":1,"normalized_prize_rent":null,"normalized_ads_rent":0.6666666666666666,"date":"2018-12-07T07:50:09.000Z","fill-opacity":0.49405133713952276,"fill":"#ff0000"},"bbox":[-3.90462,40.4119,-3.95259,40.4549],"geometry":{"type":"Polygon","coordinates":[[[-3.90462,40.4549],[-3.95259,40.4549],[-3.95259,40.4119],[-3.90462,40.4119],[-3.90462,40.4549]]]}},{"type":"Feature","properties":{"name":"Boadilla del Monte--2802201011--raspberryOld","number_of_ads_buy":7,"average_prize_buy":2572.18,"number_of_ads_rent":1,"average_prize_rent":10.4545,"normalized_prize_buy":0.8528052411360215,"normalized_ads_buy":0.23333333333333334,"normalized_prize_rent":null,"normalized_ads_rent":0.03333333333333333,"date":"2018-12-07T07:50:28.000Z","fill-opacity":0.6822441929088172,"fill":"#ff0000"},"bbox":[-3.88015,40.4011,-3.88435,40.4068],"geometry":{"type":"Polygon","coordinates":[[[-3.88015,40.4068],[-3.88435,40.4068],[-3.88435,40.4011],[-3.88015,40.4011],[-3.88015,40.4068]]]}},{"type":"Feature","properties":{"name":"Boadilla del Monte--2802201012--raspberryOld","number_of_ads_buy":19,"average_prize_buy":2307.68,"number_of_ads_rent":6,"average_prize_rent":10.0867,"normalized_prize_buy":0.7651103728606762,"normalized_ads_buy":0.6333333333333333,"normalized_prize_rent":null,"normalized_ads_rent":0.2,"date":"2018-12-07T07:50:47.000Z","fill-opacity":0.6120882982885409,"fill":"#ff0000"},"bbox":[-3.88029,40.4025,-3.88719,40.4118],"geometry":{"type":"Polygon","coordinates":[[[-3.88029,40.4118],[-3.88719,40.4118],[-3.88719,40.4025],[-3.88029,40.4025],[-3.88029,40.4118]]]}},{"type":"Feature","properties":{"name":"Boadilla del Monte--2802201013--raspberryOld","number_of_ads_buy":12,"average_prize_buy":2910.8,"number_of_ads_rent":8,"average_prize_rent":8.55524,"normalized_prize_buy":0.9650745655042539,"normalized_ads_buy":0.4,"normalized_prize_rent":null,"normalized_ads_rent":0.26666666666666666,"date":"2018-12-07T07:51:06.000Z","fill-opacity":0.7720596524034031,"fill":"#ff0000"},"bbox":[-3.8891,40.4051,-3.89647,40.4125],"geometry":{"type":"Polygon","coordinates":[[[-3.8891,40.4125],[-3.89647,40.4125],[-3.89647,40.4051],[-3.8891,40.4051],[-3.8891,40.4125]]]}},{"type":"Feature","properties":{"name":"Boadilla del Monte--2802201014--raspberryOld","number_of_ads_buy":16,"average_prize_buy":3016.14,"number_of_ads_rent":12,"average_prize_rent":9.71938,"normalized_prize_buy":1,"normalized_ads_buy":0.5333333333333333,"normalized_prize_rent":null,"normalized_ads_rent":0.4,"date":"2018-12-07T07:51:27.000Z","fill-opacity":0.8,"fill":"#ff0000"},"bbox":[-3.89296,40.4056,-3.89962,40.4126],"geometry":{"type":"Polygon","coordinates":[[[-3.89296,40.4126],[-3.89962,40.4126],[-3.89962,40.4056],[-3.89296,40.4056],[-3.89296,40.4126]]]}},{"type":"Feature","properties":{"name":"Boadilla del Monte--2802201015--raspberryOld","number_of_ads_buy":9,"average_prize_buy":2477.91,"number_of_ads_rent":6,"average_prize_rent":10.1432,"normalized_prize_buy":0.8215500606735762,"normalized_ads_buy":0.3,"normalized_prize_rent":null,"normalized_ads_rent":0.2,"date":"2018-12-07T07:51:46.000Z","fill-opacity":0.657240048538861,"fill":"#ff0000"},"bbox":[-3.89647,40.4025,-3.90422,40.4077],"geometry":{"type":"Polygon","coordinates":[[[-3.89647,40.4077],[-3.90422,40.4077],[-3.90422,40.4025],[-3.89647,40.4025],[-3.89647,40.4077]]]}},{"type":"Feature","properties":{"name":"Boadilla del Monte--2802201016--raspberryOld","number_of_ads_buy":4,"average_prize_buy":2378.64,"number_of_ads_rent":3,"average_prize_rent":9.18788,"normalized_prize_buy":0.7886371322286101,"normalized_ads_buy":0.13333333333333333,"normalized_prize_rent":null,"normalized_ads_rent":0.1,"date":"2018-12-07T07:52:11.000Z","fill-opacity":0.6309097057828881,"fill":"#ff0000"},"bbox":[-3.89037,40.4021,-3.89688,40.4056],"geometry":{"type":"Polygon","coordinates":[[[-3.89037,40.4056],[-3.89688,40.4056],[-3.89688,40.4021],[-3.89037,40.4021],[-3.89037,40.4056]]]}},{"type":"Feature","properties":{"name":"Boadilla del Monte--2802201017--raspberryOld","number_of_ads_buy":17,"average_prize_buy":2630.57,"number_of_ads_rent":6,"average_prize_rent":10.314,"normalized_prize_buy":0.8721644220758984,"normalized_ads_buy":0.5666666666666667,"normalized_prize_rent":null,"normalized_ads_rent":0.2,"date":"2018-12-07T07:52:30.000Z","fill-opacity":0.6977315376607187,"fill":"#ff0000"},"bbox":[-3.88517,40.4017,-3.89081,40.4123],"geometry":{"type":"Polygon","coordinates":[[[-3.88517,40.4123],[-3.89081,40.4123],[-3.89081,40.4017],[-3.88517,40.4017],[-3.88517,40.4123]]]}},{"type":"Feature","properties":{"name":"Boadilla del Monte--2802201018--raspberryOld","number_of_ads_buy":21,"average_prize_buy":2376.81,"number_of_ads_rent":7,"average_prize_rent":10.0476,"normalized_prize_buy":0.7880303964670076,"normalized_ads_buy":0.7,"normalized_prize_rent":null,"normalized_ads_rent":0.23333333333333334,"date":"2018-12-07T07:52:50.000Z","fill-opacity":0.6304243171736061,"fill":"#ff0000"},"bbox":[-3.88181,40.3962,-3.89014,40.4034],"geometry":{"type":"Polygon","coordinates":[[[-3.88181,40.4034],[-3.89014,40.4034],[-3.89014,40.3962],[-3.88181,40.3962],[-3.88181,40.4034]]]}},{"type":"Feature","properties":{"name":"Boadilla del Monte--2802201019--raspberryOld","number_of_ads_buy":30,"average_prize_buy":1986.26,"number_of_ads_rent":30,"average_prize_rent":9.60504,"normalized_prize_buy":0.6585437015523152,"normalized_ads_buy":1,"normalized_prize_rent":null,"normalized_ads_rent":1,"date":"2018-12-07T07:53:20.000Z","fill-opacity":0.5268349612418523,"fill":"#ff0000"},"bbox":[-3.84611,40.4064,-3.88186,40.4451],"geometry":{"type":"Polygon","coordinates":[[[-3.84611,40.4451],[-3.88186,40.4451],[-3.88186,40.4064],[-3.84611,40.4064],[-3.84611,40.4451]]]}},{"type":"Feature","properties":{"name":"Boadilla del Monte--2802201020--raspberryOld","number_of_ads_buy":30,"average_prize_buy":2561.33,"number_of_ads_rent":10,"average_prize_rent":8.67359,"normalized_prize_buy":0.8492079280139516,"normalized_ads_buy":1,"normalized_prize_rent":null,"normalized_ads_rent":0.3333333333333333,"date":"2018-12-07T07:53:46.000Z","fill-opacity":0.6793663424111613,"fill":"#ff0000"},"bbox":[-3.89291,40.4125,-3.90022,40.4226],"geometry":{"type":"Polygon","coordinates":[[[-3.89291,40.4226],[-3.90022,40.4226],[-3.90022,40.4125],[-3.89291,40.4125],[-3.89291,40.4226]]]}},{"type":"Feature","properties":{"name":"Boadilla del Monte--2802201021--raspberryOld","number_of_ads_buy":9,"average_prize_buy":2227.33,"number_of_ads_rent":9,"average_prize_rent":10.5657,"normalized_prize_buy":0.7384703627815685,"normalized_ads_buy":0.3,"normalized_prize_rent":null,"normalized_ads_rent":0.3,"date":"2018-12-07T07:54:05.000Z","fill-opacity":0.5907762902252548,"fill":"#ff0000"},"bbox":[-3.8964,40.3994,-3.90528,40.4049],"geometry":{"type":"Polygon","coordinates":[[[-3.8964,40.4049],[-3.90528,40.4049],[-3.90528,40.3994],[-3.8964,40.3994],[-3.8964,40.4049]]]}},{"type":"Feature","properties":{"name":"Boadilla del Monte--2802201022--raspberryOld","number_of_ads_buy":30,"average_prize_buy":2315.26,"number_of_ads_rent":9,"average_prize_rent":11.1578,"normalized_prize_buy":0.7676235188021777,"normalized_ads_buy":1,"normalized_prize_rent":null,"normalized_ads_rent":0.3,"date":"2018-12-07T07:54:32.000Z","fill-opacity":0.6140988150417422,"fill":"#ff0000"},"bbox":[-3.86949,40.4159,-3.88674,40.4397],"geometry":{"type":"Polygon","coordinates":[[[-3.86949,40.4397],[-3.88674,40.4397],[-3.88674,40.4159],[-3.86949,40.4159],[-3.86949,40.4397]]]}},{"type":"Feature","properties":{"name":"Boadilla del Monte--2802201023--raspberryOld","number_of_ads_buy":30,"average_prize_buy":2662.23,"number_of_ads_rent":17,"average_prize_rent":9.34913,"normalized_prize_buy":0.8826612823012194,"normalized_ads_buy":1,"normalized_prize_rent":null,"normalized_ads_rent":0.5666666666666667,"date":"2018-12-07T07:54:58.000Z","fill-opacity":0.7061290258409756,"fill":"#ff0000"},"bbox":[-3.89697,40.4032,-3.9383,40.4179],"geometry":{"type":"Polygon","coordinates":[[[-3.89697,40.4179],[-3.9383,40.4179],[-3.9383,40.4032],[-3.89697,40.4032],[-3.89697,40.4179]]]}},{"type":"Feature","properties":{"name":"Boadilla del Monte--2802201024--raspberryOld","number_of_ads_buy":12,"average_prize_buy":2307.3,"number_of_ads_rent":6,"average_prize_rent":9.35741,"normalized_prize_buy":0.7649843840140047,"normalized_ads_buy":0.4,"normalized_prize_rent":null,"normalized_ads_rent":0.2,"date":"2018-12-07T07:55:17.000Z","fill-opacity":0.6119875072112038,"fill":"#ff0000"},"bbox":[-3.88731,40.3954,-3.89683,40.4025],"geometry":{"type":"Polygon","coordinates":[[[-3.88731,40.4025],[-3.89683,40.4025],[-3.89683,40.3954],[-3.88731,40.3954],[-3.88731,40.4025]]]}},{"type":"Feature","properties":{"name":"Boadilla del Monte--2802201025--raspberryOld","number_of_ads_buy":30,"average_prize_buy":2626.39,"number_of_ads_rent":18,"average_prize_rent":8.86897,"normalized_prize_buy":0.870778544762511,"normalized_ads_buy":1,"normalized_prize_rent":null,"normalized_ads_rent":0.6,"date":"2018-12-07T07:55:46.000Z","fill-opacity":0.6966228358100088,"fill":"#ff0000"},"bbox":[-3.88005,40.4111,-3.90007,40.4254],"geometry":{"type":"Polygon","coordinates":[[[-3.88005,40.4254],[-3.90007,40.4254],[-3.90007,40.4111],[-3.88005,40.4111],[-3.88005,40.4254]]]}}]}