{"type":"FeatureCollection","features":[{"type":"Feature","properties":{"name":"Boadilla del Monte--piece--0-0--gCloud","number_of_ads_buy":0,"average_prize_buy":0,"number_of_ads_rent":0,"average_prize_rent":0,"normalized_prize_buy":0,"normalized_ads_buy":0,"normalized_prize_rent":null,"normalized_ads_rent":0,"date":"2018-12-07T09:35:12.000Z","fill-opacity":0,"fill":"#ff0000"},"bbox":[-3.92063,40.4511,-3.92587,40.4564],"geometry":{"type":"Polygon","coordinates":[[[-3.92063,40.4564],[-3.92587,40.4564],[-3.92587,40.4511],[-3.92063,40.4511],[-3.92063,40.4564]]]}},{"type":"Feature","properties":{"name":"Boadilla del Monte--piece--0-1--gCloud","number_of_ads_buy":0,"average_prize_buy":0,"number_of_ads_rent":0,"average_prize_rent":0,"normalized_prize_buy":0,"normalized_ads_buy":0,"normalized_prize_rent":null,"normalized_ads_rent":0,"date":"2018-12-07T09:35:20.000Z","fill-opacity":0,"fill":"#ff0000"},"bbox":[-3.92063,40.4458,-3.92587,40.4511],"geometry":{"type":"Polygon","coordinates":[[[-3.92063,40.4511],[-3.92587,40.4511],[-3.92587,40.4458],[-3.92063,40.4458],[-3.92063,40.4511]]]}},{"type":"Feature","properties":{"name":"Boadilla del Monte--piece--0-10--gCloud","number_of_ads_buy":2,"average_prize_buy":2079.88,"number_of_ads_rent":0,"average_prize_rent":0,"normalized_prize_buy":0.4937388872667365,"normalized_ads_buy":0.06896551724137931,"normalized_prize_rent":null,"normalized_ads_rent":0,"date":"2018-12-07T09:35:38.000Z","fill-opacity":0.3949911098133892,"fill":"#ff0000"},"bbox":[-3.92063,40.3981,-3.92587,40.4034],"geometry":{"type":"Polygon","coordinates":[[[-3.92063,40.4034],[-3.92587,40.4034],[-3.92587,40.3981],[-3.92063,40.3981],[-3.92063,40.4034]]]}},{"type":"Feature","properties":{"name":"Boadilla del Monte--piece--0-2--gCloud","number_of_ads_buy":0,"average_prize_buy":0,"number_of_ads_rent":0,"average_prize_rent":0,"normalized_prize_buy":0,"normalized_ads_buy":0,"normalized_prize_rent":null,"normalized_ads_rent":0,"date":"2018-12-07T09:35:45.000Z","fill-opacity":0,"fill":"#ff0000"},"bbox":[-3.92063,40.4405,-3.92587,40.4458],"geometry":{"type":"Polygon","coordinates":[[[-3.92063,40.4458],[-3.92587,40.4458],[-3.92587,40.4405],[-3.92063,40.4405],[-3.92063,40.4458]]]}},{"type":"Feature","properties":{"name":"Boadilla del Monte--piece--0-3--gCloud","number_of_ads_buy":4,"average_prize_buy":1561.91,"number_of_ads_rent":1,"average_prize_rent":3.9248,"normalized_prize_buy":0.37077894177105813,"normalized_ads_buy":0.13793103448275862,"normalized_prize_rent":null,"normalized_ads_rent":0.034482758620689655,"date":"2018-12-07T09:35:51.000Z","fill-opacity":0.29662315341684653,"fill":"#ff0000"},"bbox":[-3.92063,40.4352,-3.92587,40.4405],"geometry":{"type":"Polygon","coordinates":[[[-3.92063,40.4405],[-3.92587,40.4405],[-3.92587,40.4352],[-3.92063,40.4352],[-3.92063,40.4405]]]}},{"type":"Feature","properties":{"name":"Boadilla del Monte--piece--0-4--gCloud","number_of_ads_buy":1,"average_prize_buy":3.19303,"number_of_ads_rent":1,"average_prize_rent":11,"normalized_prize_buy":0.0007579875181305207,"normalized_ads_buy":0.034482758620689655,"normalized_prize_rent":null,"normalized_ads_rent":0.034482758620689655,"date":"2018-12-07T09:35:56.000Z","fill-opacity":0.0006063900145044166,"fill":"#ff0000"},"bbox":[-3.92063,40.4299,-3.92587,40.4352],"geometry":{"type":"Polygon","coordinates":[[[-3.92063,40.4352],[-3.92587,40.4352],[-3.92587,40.4299],[-3.92063,40.4299],[-3.92063,40.4352]]]}},{"type":"Feature","properties":{"name":"Boadilla del Monte--piece--0-5--gCloud","number_of_ads_buy":7,"average_prize_buy":2419.7,"number_of_ads_rent":0,"average_prize_rent":0,"normalized_prize_buy":0.5744081319688261,"normalized_ads_buy":0.2413793103448276,"normalized_prize_rent":null,"normalized_ads_rent":0,"date":"2018-12-07T09:36:02.000Z","fill-opacity":0.4595265055750609,"fill":"#ff0000"},"bbox":[-3.92063,40.4246,-3.92587,40.4299],"geometry":{"type":"Polygon","coordinates":[[[-3.92063,40.4299],[-3.92587,40.4299],[-3.92587,40.4246],[-3.92063,40.4246],[-3.92063,40.4299]]]}},{"type":"Feature","properties":{"name":"Boadilla del Monte--piece--0-6--gCloud","number_of_ads_buy":2,"average_prize_buy":1819.33,"number_of_ads_rent":0,"average_prize_rent":0,"normalized_prize_buy":0.43188740204771026,"normalized_ads_buy":0.06896551724137931,"normalized_prize_rent":null,"normalized_ads_rent":0,"date":"2018-12-07T09:36:10.000Z","fill-opacity":0.34550992163816824,"fill":"#ff0000"},"bbox":[-3.92063,40.4193,-3.92587,40.4246],"geometry":{"type":"Polygon","coordinates":[[[-3.92063,40.4246],[-3.92587,40.4246],[-3.92587,40.4193],[-3.92063,40.4193],[-3.92063,40.4246]]]}},{"type":"Feature","properties":{"name":"Boadilla del Monte--piece--0-7--gCloud","number_of_ads_buy":1,"average_prize_buy":2399.22,"number_of_ads_rent":0,"average_prize_rent":0,"normalized_prize_buy":0.569546422441727,"normalized_ads_buy":0.034482758620689655,"normalized_prize_rent":null,"normalized_ads_rent":0,"date":"2018-12-07T09:36:21.000Z","fill-opacity":0.4556371379533817,"fill":"#ff0000"},"bbox":[-3.92063,40.414,-3.92587,40.4193],"geometry":{"type":"Polygon","coordinates":[[[-3.92063,40.4193],[-3.92587,40.4193],[-3.92587,40.414],[-3.92063,40.414],[-3.92063,40.4193]]]}},{"type":"Feature","properties":{"name":"Boadilla del Monte--piece--0-8--gCloud","number_of_ads_buy":0,"average_prize_buy":0,"number_of_ads_rent":0,"average_prize_rent":0,"normalized_prize_buy":0,"normalized_ads_buy":0,"normalized_prize_rent":null,"normalized_ads_rent":0,"date":"2018-12-07T09:36:29.000Z","fill-opacity":0,"fill":"#ff0000"},"bbox":[-3.92063,40.4087,-3.92587,40.414],"geometry":{"type":"Polygon","coordinates":[[[-3.92063,40.414],[-3.92587,40.414],[-3.92587,40.4087],[-3.92063,40.4087],[-3.92063,40.414]]]}},{"type":"Feature","properties":{"name":"Boadilla del Monte--piece--0-9--gCloud","number_of_ads_buy":0,"average_prize_buy":0,"number_of_ads_rent":0,"average_prize_rent":0,"normalized_prize_buy":0,"normalized_ads_buy":0,"normalized_prize_rent":null,"normalized_ads_rent":0,"date":"2018-12-07T09:36:37.000Z","fill-opacity":0,"fill":"#ff0000"},"bbox":[-3.92063,40.4034,-3.92587,40.4087],"geometry":{"type":"Polygon","coordinates":[[[-3.92063,40.4087],[-3.92587,40.4087],[-3.92587,40.4034],[-3.92063,40.4034],[-3.92063,40.4087]]]}},{"type":"Feature","properties":{"name":"Boadilla del Monte--piece--1-0--gCloud","number_of_ads_buy":1,"average_prize_buy":2025,"number_of_ads_rent":0,"average_prize_rent":0,"normalized_prize_buy":0.48071102501833823,"normalized_ads_buy":0.034482758620689655,"normalized_prize_rent":null,"normalized_ads_rent":0,"date":"2018-12-07T09:36:43.000Z","fill-opacity":0.38456882001467063,"fill":"#ff0000"},"bbox":[-3.91539,40.4511,-3.92063,40.4564],"geometry":{"type":"Polygon","coordinates":[[[-3.91539,40.4564],[-3.92063,40.4564],[-3.92063,40.4511],[-3.91539,40.4511],[-3.91539,40.4564]]]}},{"type":"Feature","properties":{"name":"Boadilla del Monte--piece--1-1--gCloud","number_of_ads_buy":0,"average_prize_buy":0,"number_of_ads_rent":0,"average_prize_rent":0,"normalized_prize_buy":0,"normalized_ads_buy":0,"normalized_prize_rent":null,"normalized_ads_rent":0,"date":"2018-12-07T09:36:52.000Z","fill-opacity":0,"fill":"#ff0000"},"bbox":[-3.91539,40.4458,-3.92063,40.4511],"geometry":{"type":"Polygon","coordinates":[[[-3.91539,40.4511],[-3.92063,40.4511],[-3.92063,40.4458],[-3.91539,40.4458],[-3.91539,40.4511]]]}},{"type":"Feature","properties":{"name":"Boadilla del Monte--piece--1-10--gCloud","number_of_ads_buy":10,"average_prize_buy":1280.02,"number_of_ads_rent":0,"average_prize_rent":0,"normalized_prize_buy":0.30386159320690037,"normalized_ads_buy":0.3448275862068966,"normalized_prize_rent":null,"normalized_ads_rent":0,"date":"2018-12-07T09:36:58.000Z","fill-opacity":0.24308927456552032,"fill":"#ff0000"},"bbox":[-3.91539,40.3981,-3.92063,40.4034],"geometry":{"type":"Polygon","coordinates":[[[-3.91539,40.4034],[-3.92063,40.4034],[-3.92063,40.3981],[-3.91539,40.3981],[-3.91539,40.4034]]]}},{"type":"Feature","properties":{"name":"Boadilla del Monte--piece--1-2--gCloud","number_of_ads_buy":0,"average_prize_buy":0,"number_of_ads_rent":0,"average_prize_rent":0,"normalized_prize_buy":0,"normalized_ads_buy":0,"normalized_prize_rent":null,"normalized_ads_rent":0,"date":"2018-12-07T09:37:03.000Z","fill-opacity":0,"fill":"#ff0000"},"bbox":[-3.91539,40.4405,-3.92063,40.4458],"geometry":{"type":"Polygon","coordinates":[[[-3.91539,40.4458],[-3.92063,40.4458],[-3.92063,40.4405],[-3.91539,40.4405],[-3.91539,40.4458]]]}},{"type":"Feature","properties":{"name":"Boadilla del Monte--piece--1-3--gCloud","number_of_ads_buy":3,"average_prize_buy":1916.67,"number_of_ads_rent":1,"average_prize_rent":5.6,"normalized_prize_buy":0.4549947655910609,"normalized_ads_buy":0.10344827586206896,"normalized_prize_rent":null,"normalized_ads_rent":0.034482758620689655,"date":"2018-12-07T09:37:11.000Z","fill-opacity":0.36399581247284873,"fill":"#ff0000"},"bbox":[-3.91539,40.4352,-3.92063,40.4405],"geometry":{"type":"Polygon","coordinates":[[[-3.91539,40.4405],[-3.92063,40.4405],[-3.92063,40.4352],[-3.91539,40.4352],[-3.91539,40.4405]]]}},{"type":"Feature","properties":{"name":"Boadilla del Monte--piece--1-4--gCloud","number_of_ads_buy":5,"average_prize_buy":1403.04,"number_of_ads_rent":4,"average_prize_rent":4.62221,"normalized_prize_buy":0.33306508471196505,"normalized_ads_buy":0.1724137931034483,"normalized_prize_rent":null,"normalized_ads_rent":0.13793103448275862,"date":"2018-12-07T09:37:18.000Z","fill-opacity":0.26645206776957203,"fill":"#ff0000"},"bbox":[-3.91539,40.4299,-3.92063,40.4352],"geometry":{"type":"Polygon","coordinates":[[[-3.91539,40.4352],[-3.92063,40.4352],[-3.92063,40.4299],[-3.91539,40.4299],[-3.91539,40.4352]]]}},{"type":"Feature","properties":{"name":"Boadilla del Monte--piece--1-5--gCloud","number_of_ads_buy":7,"average_prize_buy":1820.14,"number_of_ads_rent":1,"average_prize_rent":12.1429,"normalized_prize_buy":0.4320796864577176,"normalized_ads_buy":0.2413793103448276,"normalized_prize_rent":null,"normalized_ads_rent":0.034482758620689655,"date":"2018-12-07T09:37:27.000Z","fill-opacity":0.3456637491661741,"fill":"#ff0000"},"bbox":[-3.91539,40.4246,-3.92063,40.4299],"geometry":{"type":"Polygon","coordinates":[[[-3.91539,40.4299],[-3.92063,40.4299],[-3.92063,40.4246],[-3.91539,40.4246],[-3.91539,40.4299]]]}},{"type":"Feature","properties":{"name":"Boadilla del Monte--piece--1-6--gCloud","number_of_ads_buy":13,"average_prize_buy":1992.24,"number_of_ads_rent":0,"average_prize_rent":0,"normalized_prize_buy":0.4729341888802638,"normalized_ads_buy":0.4482758620689655,"normalized_prize_rent":null,"normalized_ads_rent":0,"date":"2018-12-07T09:37:33.000Z","fill-opacity":0.378347351104211,"fill":"#ff0000"},"bbox":[-3.91539,40.4193,-3.92063,40.4246],"geometry":{"type":"Polygon","coordinates":[[[-3.91539,40.4246],[-3.92063,40.4246],[-3.92063,40.4193],[-3.91539,40.4193],[-3.91539,40.4246]]]}},{"type":"Feature","properties":{"name":"Boadilla del Monte--piece--1-7--gCloud","number_of_ads_buy":5,"average_prize_buy":1939.73,"number_of_ads_rent":0,"average_prize_rent":0,"normalized_prize_buy":0.46046893657225735,"normalized_ads_buy":0.1724137931034483,"normalized_prize_rent":null,"normalized_ads_rent":0,"date":"2018-12-07T09:37:44.000Z","fill-opacity":0.3683751492578059,"fill":"#ff0000"},"bbox":[-3.91539,40.414,-3.92063,40.4193],"geometry":{"type":"Polygon","coordinates":[[[-3.91539,40.4193],[-3.92063,40.4193],[-3.92063,40.414],[-3.91539,40.414],[-3.91539,40.4193]]]}},{"type":"Feature","properties":{"name":"Boadilla del Monte--piece--1-8--gCloud","number_of_ads_buy":5,"average_prize_buy":1990.65,"number_of_ads_rent":0,"average_prize_rent":0,"normalized_prize_buy":0.4725567417050642,"normalized_ads_buy":0.1724137931034483,"normalized_prize_rent":null,"normalized_ads_rent":0,"date":"2018-12-07T09:37:49.000Z","fill-opacity":0.37804539336405135,"fill":"#ff0000"},"bbox":[-3.91539,40.4087,-3.92063,40.414],"geometry":{"type":"Polygon","coordinates":[[[-3.91539,40.414],[-3.92063,40.414],[-3.92063,40.4087],[-3.91539,40.4087],[-3.91539,40.414]]]}},{"type":"Feature","properties":{"name":"Boadilla del Monte--piece--1-9--gCloud","number_of_ads_buy":0,"average_prize_buy":0,"number_of_ads_rent":0,"average_prize_rent":0,"normalized_prize_buy":0,"normalized_ads_buy":0,"normalized_prize_rent":null,"normalized_ads_rent":0,"date":"2018-12-07T09:37:58.000Z","fill-opacity":0,"fill":"#ff0000"},"bbox":[-3.91539,40.4034,-3.92063,40.4087],"geometry":{"type":"Polygon","coordinates":[[[-3.91539,40.4087],[-3.92063,40.4087],[-3.92063,40.4034],[-3.91539,40.4034],[-3.91539,40.4087]]]}},{"type":"Feature","properties":{"name":"Boadilla del Monte--piece--10-0--gCloud","number_of_ads_buy":6,"average_prize_buy":2744.56,"number_of_ads_rent":2,"average_prize_rent":13.2353,"normalized_prize_buy":0.6515260497897928,"normalized_ads_buy":0.20689655172413793,"normalized_prize_rent":null,"normalized_ads_rent":0.06896551724137931,"date":"2018-12-07T09:38:03.000Z","fill-opacity":0.5212208398318342,"fill":"#ff0000"},"bbox":[-3.86822,40.4511,-3.87346,40.4564],"geometry":{"type":"Polygon","coordinates":[[[-3.86822,40.4564],[-3.87346,40.4564],[-3.87346,40.4511],[-3.86822,40.4511],[-3.86822,40.4564]]]}},{"type":"Feature","properties":{"name":"Boadilla del Monte--piece--10-1--gCloud","number_of_ads_buy":2,"average_prize_buy":3333.33,"number_of_ads_rent":2,"average_prize_rent":9.51795,"normalized_prize_buy":0.7912930770490751,"normalized_ads_buy":0.06896551724137931,"normalized_prize_rent":null,"normalized_ads_rent":0.06896551724137931,"date":"2018-12-07T09:38:12.000Z","fill-opacity":0.6330344616392601,"fill":"#ff0000"},"bbox":[-3.86822,40.4458,-3.87346,40.4511],"geometry":{"type":"Polygon","coordinates":[[[-3.86822,40.4511],[-3.87346,40.4511],[-3.87346,40.4458],[-3.86822,40.4458],[-3.86822,40.4511]]]}},{"type":"Feature","properties":{"name":"Boadilla del Monte--piece--10-10--gCloud","number_of_ads_buy":0,"average_prize_buy":0,"number_of_ads_rent":0,"average_prize_rent":0,"normalized_prize_buy":0,"normalized_ads_buy":0,"normalized_prize_rent":null,"normalized_ads_rent":0,"date":"2018-12-07T09:38:17.000Z","fill-opacity":0,"fill":"#ff0000"},"bbox":[-3.86822,40.3981,-3.87346,40.4034],"geometry":{"type":"Polygon","coordinates":[[[-3.86822,40.4034],[-3.87346,40.4034],[-3.87346,40.3981],[-3.86822,40.3981],[-3.86822,40.4034]]]}},{"type":"Feature","properties":{"name":"Boadilla del Monte--piece--10-2--gCloud","number_of_ads_buy":25,"average_prize_buy":3464.91,"number_of_ads_rent":2,"average_prize_rent":10.8597,"normalized_prize_buy":0.8225286112080445,"normalized_ads_buy":0.8620689655172413,"normalized_prize_rent":null,"normalized_ads_rent":0.06896551724137931,"date":"2018-12-07T09:38:23.000Z","fill-opacity":0.6580228889664357,"fill":"#ff0000"},"bbox":[-3.86822,40.4405,-3.87346,40.4458],"geometry":{"type":"Polygon","coordinates":[[[-3.86822,40.4458],[-3.87346,40.4458],[-3.87346,40.4405],[-3.86822,40.4405],[-3.86822,40.4458]]]}},{"type":"Feature","properties":{"name":"Boadilla del Monte--piece--10-3--gCloud","number_of_ads_buy":0,"average_prize_buy":0,"number_of_ads_rent":0,"average_prize_rent":0,"normalized_prize_buy":0,"normalized_ads_buy":0,"normalized_prize_rent":null,"normalized_ads_rent":0,"date":"2018-12-07T09:38:32.000Z","fill-opacity":0,"fill":"#ff0000"},"bbox":[-3.86822,40.4352,-3.87346,40.4405],"geometry":{"type":"Polygon","coordinates":[[[-3.86822,40.4405],[-3.87346,40.4405],[-3.87346,40.4352],[-3.86822,40.4352],[-3.86822,40.4405]]]}},{"type":"Feature","properties":{"name":"Boadilla del Monte--piece--10-4--gCloud","number_of_ads_buy":1,"average_prize_buy":9,"number_of_ads_rent":0,"average_prize_rent":0,"normalized_prize_buy":0.0021364934445259475,"normalized_ads_buy":0.034482758620689655,"normalized_prize_rent":null,"normalized_ads_rent":0,"date":"2018-12-07T09:38:40.000Z","fill-opacity":0.001709194755620758,"fill":"#ff0000"},"bbox":[-3.86822,40.4299,-3.87346,40.4352],"geometry":{"type":"Polygon","coordinates":[[[-3.86822,40.4352],[-3.87346,40.4352],[-3.87346,40.4299],[-3.86822,40.4299],[-3.86822,40.4352]]]}},{"type":"Feature","properties":{"name":"Boadilla del Monte--piece--10-5--gCloud","number_of_ads_buy":3,"average_prize_buy":751.476,"number_of_ads_rent":0,"average_prize_rent":0,"normalized_prize_buy":0.17839150530206455,"normalized_ads_buy":0.10344827586206896,"normalized_prize_rent":null,"normalized_ads_rent":0,"date":"2018-12-07T09:38:49.000Z","fill-opacity":0.14271320424165165,"fill":"#ff0000"},"bbox":[-3.86822,40.4246,-3.87346,40.4299],"geometry":{"type":"Polygon","coordinates":[[[-3.86822,40.4299],[-3.87346,40.4299],[-3.87346,40.4246],[-3.86822,40.4246],[-3.86822,40.4299]]]}},{"type":"Feature","properties":{"name":"Boadilla del Monte--piece--10-6--gCloud","number_of_ads_buy":0,"average_prize_buy":0,"number_of_ads_rent":0,"average_prize_rent":0,"normalized_prize_buy":0,"normalized_ads_buy":0,"normalized_prize_rent":null,"normalized_ads_rent":0,"date":"2018-12-07T09:38:55.000Z","fill-opacity":0,"fill":"#ff0000"},"bbox":[-3.86822,40.4193,-3.87346,40.4246],"geometry":{"type":"Polygon","coordinates":[[[-3.86822,40.4246],[-3.87346,40.4246],[-3.87346,40.4193],[-3.86822,40.4193],[-3.86822,40.4246]]]}},{"type":"Feature","properties":{"name":"Boadilla del Monte--piece--10-7--gCloud","number_of_ads_buy":0,"average_prize_buy":0,"number_of_ads_rent":0,"average_prize_rent":0,"normalized_prize_buy":0,"normalized_ads_buy":0,"normalized_prize_rent":null,"normalized_ads_rent":0,"date":"2018-12-07T09:39:02.000Z","fill-opacity":0,"fill":"#ff0000"},"bbox":[-3.86822,40.414,-3.87346,40.4193],"geometry":{"type":"Polygon","coordinates":[[[-3.86822,40.4193],[-3.87346,40.4193],[-3.87346,40.414],[-3.86822,40.414],[-3.86822,40.4193]]]}},{"type":"Feature","properties":{"name":"Boadilla del Monte--piece--10-8--gCloud","number_of_ads_buy":1,"average_prize_buy":2785.71,"number_of_ads_rent":0,"average_prize_rent":0,"normalized_prize_buy":0.6612945725944864,"normalized_ads_buy":0.034482758620689655,"normalized_prize_rent":null,"normalized_ads_rent":0,"date":"2018-12-07T09:39:07.000Z","fill-opacity":0.5290356580755892,"fill":"#ff0000"},"bbox":[-3.86822,40.4087,-3.87346,40.414],"geometry":{"type":"Polygon","coordinates":[[[-3.86822,40.414],[-3.87346,40.414],[-3.87346,40.4087],[-3.86822,40.4087],[-3.86822,40.414]]]}},{"type":"Feature","properties":{"name":"Boadilla del Monte--piece--10-9--gCloud","number_of_ads_buy":0,"average_prize_buy":0,"number_of_ads_rent":0,"average_prize_rent":0,"normalized_prize_buy":0,"normalized_ads_buy":0,"normalized_prize_rent":null,"normalized_ads_rent":0,"date":"2018-12-07T09:39:12.000Z","fill-opacity":0,"fill":"#ff0000"},"bbox":[-3.86822,40.4034,-3.87346,40.4087],"geometry":{"type":"Polygon","coordinates":[[[-3.86822,40.4087],[-3.87346,40.4087],[-3.87346,40.4034],[-3.86822,40.4034],[-3.86822,40.4087]]]}},{"type":"Feature","properties":{"name":"Boadilla del Monte--piece--11-0--gCloud","number_of_ads_buy":12,"average_prize_buy":2744.85,"number_of_ads_rent":11,"average_prize_rent":12.8494,"normalized_prize_buy":0.6515948923563386,"normalized_ads_buy":0.41379310344827586,"normalized_prize_rent":null,"normalized_ads_rent":0.3793103448275862,"date":"2018-12-07T09:39:18.000Z","fill-opacity":0.5212759138850709,"fill":"#ff0000"},"bbox":[-3.86298,40.4511,-3.86822,40.4564],"geometry":{"type":"Polygon","coordinates":[[[-3.86298,40.4564],[-3.86822,40.4564],[-3.86822,40.4511],[-3.86298,40.4511],[-3.86298,40.4564]]]}},{"type":"Feature","properties":{"name":"Boadilla del Monte--piece--11-1--gCloud","number_of_ads_buy":7,"average_prize_buy":3749.73,"number_of_ads_rent":1,"average_prize_rent":11.25,"normalized_prize_buy":0.8901415070824757,"normalized_ads_buy":0.2413793103448276,"normalized_prize_rent":null,"normalized_ads_rent":0.034482758620689655,"date":"2018-12-07T09:39:27.000Z","fill-opacity":0.7121132056659807,"fill":"#ff0000"},"bbox":[-3.86298,40.4458,-3.86822,40.4511],"geometry":{"type":"Polygon","coordinates":[[[-3.86298,40.4511],[-3.86822,40.4511],[-3.86822,40.4458],[-3.86298,40.4458],[-3.86298,40.4511]]]}},{"type":"Feature","properties":{"name":"Boadilla del Monte--piece--11-10--gCloud","number_of_ads_buy":0,"average_prize_buy":0,"number_of_ads_rent":0,"average_prize_rent":0,"normalized_prize_buy":0,"normalized_ads_buy":0,"normalized_prize_rent":null,"normalized_ads_rent":0,"date":"2018-12-07T09:39:32.000Z","fill-opacity":0,"fill":"#ff0000"},"bbox":[-3.86298,40.3981,-3.86822,40.4034],"geometry":{"type":"Polygon","coordinates":[[[-3.86298,40.4034],[-3.86822,40.4034],[-3.86822,40.3981],[-3.86298,40.3981],[-3.86298,40.4034]]]}},{"type":"Feature","properties":{"name":"Boadilla del Monte--piece--11-2--gCloud","number_of_ads_buy":3,"average_prize_buy":4212.51,"number_of_ads_rent":2,"average_prize_rent":9.50549,"normalized_prize_buy":1,"normalized_ads_buy":0.10344827586206896,"normalized_prize_rent":null,"normalized_ads_rent":0.06896551724137931,"date":"2018-12-07T09:39:44.000Z","fill-opacity":0.8,"fill":"#ff0000"},"bbox":[-3.86298,40.4405,-3.86822,40.4458],"geometry":{"type":"Polygon","coordinates":[[[-3.86298,40.4458],[-3.86822,40.4458],[-3.86822,40.4405],[-3.86298,40.4405],[-3.86298,40.4458]]]}},{"type":"Feature","properties":{"name":"Boadilla del Monte--piece--11-3--gCloud","number_of_ads_buy":0,"average_prize_buy":0,"number_of_ads_rent":0,"average_prize_rent":0,"normalized_prize_buy":0,"normalized_ads_buy":0,"normalized_prize_rent":null,"normalized_ads_rent":0,"date":"2018-12-07T09:39:55.000Z","fill-opacity":0,"fill":"#ff0000"},"bbox":[-3.86298,40.4352,-3.86822,40.4405],"geometry":{"type":"Polygon","coordinates":[[[-3.86298,40.4405],[-3.86822,40.4405],[-3.86822,40.4352],[-3.86298,40.4352],[-3.86298,40.4405]]]}},{"type":"Feature","properties":{"name":"Boadilla del Monte--piece--11-4--gCloud","number_of_ads_buy":0,"average_prize_buy":0,"number_of_ads_rent":0,"average_prize_rent":0,"normalized_prize_buy":0,"normalized_ads_buy":0,"normalized_prize_rent":null,"normalized_ads_rent":0,"date":"2018-12-07T09:40:03.000Z","fill-opacity":0,"fill":"#ff0000"},"bbox":[-3.86298,40.4299,-3.86822,40.4352],"geometry":{"type":"Polygon","coordinates":[[[-3.86298,40.4352],[-3.86822,40.4352],[-3.86822,40.4299],[-3.86298,40.4299],[-3.86298,40.4352]]]}},{"type":"Feature","properties":{"name":"Boadilla del Monte--piece--11-5--gCloud","number_of_ads_buy":0,"average_prize_buy":0,"number_of_ads_rent":0,"average_prize_rent":0,"normalized_prize_buy":0,"normalized_ads_buy":0,"normalized_prize_rent":null,"normalized_ads_rent":0,"date":"2018-12-07T09:40:09.000Z","fill-opacity":0,"fill":"#ff0000"},"bbox":[-3.86298,40.4246,-3.86822,40.4299],"geometry":{"type":"Polygon","coordinates":[[[-3.86298,40.4299],[-3.86822,40.4299],[-3.86822,40.4246],[-3.86298,40.4246],[-3.86298,40.4299]]]}},{"type":"Feature","properties":{"name":"Boadilla del Monte--piece--11-6--gCloud","number_of_ads_buy":0,"average_prize_buy":0,"number_of_ads_rent":0,"average_prize_rent":0,"normalized_prize_buy":0,"normalized_ads_buy":0,"normalized_prize_rent":null,"normalized_ads_rent":0,"date":"2018-12-07T09:40:23.000Z","fill-opacity":0,"fill":"#ff0000"},"bbox":[-3.86298,40.4193,-3.86822,40.4246],"geometry":{"type":"Polygon","coordinates":[[[-3.86298,40.4246],[-3.86822,40.4246],[-3.86822,40.4193],[-3.86298,40.4193],[-3.86298,40.4246]]]}},{"type":"Feature","properties":{"name":"Boadilla del Monte--piece--11-7--gCloud","number_of_ads_buy":0,"average_prize_buy":0,"number_of_ads_rent":0,"average_prize_rent":0,"normalized_prize_buy":0,"normalized_ads_buy":0,"normalized_prize_rent":null,"normalized_ads_rent":0,"date":"2018-12-07T09:40:34.000Z","fill-opacity":0,"fill":"#ff0000"},"bbox":[-3.86298,40.414,-3.86822,40.4193],"geometry":{"type":"Polygon","coordinates":[[[-3.86298,40.4193],[-3.86822,40.4193],[-3.86822,40.414],[-3.86298,40.414],[-3.86298,40.4193]]]}},{"type":"Feature","properties":{"name":"Boadilla del Monte--piece--11-8--gCloud","number_of_ads_buy":0,"average_prize_buy":0,"number_of_ads_rent":0,"average_prize_rent":0,"normalized_prize_buy":0,"normalized_ads_buy":0,"normalized_prize_rent":null,"normalized_ads_rent":0,"date":"2018-12-07T09:40:43.000Z","fill-opacity":0,"fill":"#ff0000"},"bbox":[-3.86298,40.4087,-3.86822,40.414],"geometry":{"type":"Polygon","coordinates":[[[-3.86298,40.414],[-3.86822,40.414],[-3.86822,40.4087],[-3.86298,40.4087],[-3.86298,40.414]]]}},{"type":"Feature","properties":{"name":"Boadilla del Monte--piece--11-9--gCloud","number_of_ads_buy":0,"average_prize_buy":0,"number_of_ads_rent":0,"average_prize_rent":0,"normalized_prize_buy":0,"normalized_ads_buy":0,"normalized_prize_rent":null,"normalized_ads_rent":0,"date":"2018-12-07T09:40:54.000Z","fill-opacity":0,"fill":"#ff0000"},"bbox":[-3.86298,40.4034,-3.86822,40.4087],"geometry":{"type":"Polygon","coordinates":[[[-3.86298,40.4087],[-3.86822,40.4087],[-3.86822,40.4034],[-3.86298,40.4034],[-3.86298,40.4087]]]}},{"type":"Feature","properties":{"name":"Boadilla del Monte--piece--12-0--gCloud","number_of_ads_buy":2,"average_prize_buy":2850.76,"number_of_ads_rent":2,"average_prize_rent":11.1598,"normalized_prize_buy":0.676736672435199,"normalized_ads_buy":0.06896551724137931,"normalized_prize_rent":null,"normalized_ads_rent":0.06896551724137931,"date":"2018-12-07T09:41:03.000Z","fill-opacity":0.5413893379481592,"fill":"#ff0000"},"bbox":[-3.85774,40.4511,-3.86298,40.4564],"geometry":{"type":"Polygon","coordinates":[[[-3.85774,40.4564],[-3.86298,40.4564],[-3.86298,40.4511],[-3.85774,40.4511],[-3.85774,40.4564]]]}},{"type":"Feature","properties":{"name":"Boadilla del Monte--piece--12-1--gCloud","number_of_ads_buy":8,"average_prize_buy":3305.54,"number_of_ads_rent":6,"average_prize_rent":10.8335,"normalized_prize_buy":0.7846960600687001,"normalized_ads_buy":0.27586206896551724,"normalized_prize_rent":null,"normalized_ads_rent":0.20689655172413793,"date":"2018-12-07T09:41:09.000Z","fill-opacity":0.6277568480549601,"fill":"#ff0000"},"bbox":[-3.85774,40.4458,-3.86298,40.4511],"geometry":{"type":"Polygon","coordinates":[[[-3.85774,40.4511],[-3.86298,40.4511],[-3.86298,40.4458],[-3.85774,40.4458],[-3.85774,40.4511]]]}},{"type":"Feature","properties":{"name":"Boadilla del Monte--piece--12-10--gCloud","number_of_ads_buy":0,"average_prize_buy":0,"number_of_ads_rent":0,"average_prize_rent":0,"normalized_prize_buy":0,"normalized_ads_buy":0,"normalized_prize_rent":null,"normalized_ads_rent":0,"date":"2018-12-07T09:41:14.000Z","fill-opacity":0,"fill":"#ff0000"},"bbox":[-3.85774,40.3981,-3.86298,40.4034],"geometry":{"type":"Polygon","coordinates":[[[-3.85774,40.4034],[-3.86298,40.4034],[-3.86298,40.3981],[-3.85774,40.3981],[-3.85774,40.4034]]]}},{"type":"Feature","properties":{"name":"Boadilla del Monte--piece--12-2--gCloud","number_of_ads_buy":7,"average_prize_buy":2273.6,"number_of_ads_rent":3,"average_prize_rent":8.30772,"normalized_prize_buy":0.539725721719355,"normalized_ads_buy":0.2413793103448276,"normalized_prize_rent":null,"normalized_ads_rent":0.10344827586206896,"date":"2018-12-07T09:41:23.000Z","fill-opacity":0.431780577375484,"fill":"#ff0000"},"bbox":[-3.85774,40.4405,-3.86298,40.4458],"geometry":{"type":"Polygon","coordinates":[[[-3.85774,40.4458],[-3.86298,40.4458],[-3.86298,40.4405],[-3.85774,40.4405],[-3.85774,40.4458]]]}},{"type":"Feature","properties":{"name":"Boadilla del Monte--piece--12-3--gCloud","number_of_ads_buy":9,"average_prize_buy":2.67367,"number_of_ads_rent":13,"average_prize_rent":8.8664,"normalized_prize_buy":0.0006346976030917434,"normalized_ads_buy":0.3103448275862069,"normalized_prize_rent":null,"normalized_ads_rent":0.4482758620689655,"date":"2018-12-07T09:41:29.000Z","fill-opacity":0.0005077580824733947,"fill":"#ff0000"},"bbox":[-3.85774,40.4352,-3.86298,40.4405],"geometry":{"type":"Polygon","coordinates":[[[-3.85774,40.4405],[-3.86298,40.4405],[-3.86298,40.4352],[-3.85774,40.4352],[-3.85774,40.4405]]]}},{"type":"Feature","properties":{"name":"Boadilla del Monte--piece--12-4--gCloud","number_of_ads_buy":0,"average_prize_buy":0,"number_of_ads_rent":0,"average_prize_rent":0,"normalized_prize_buy":0,"normalized_ads_buy":0,"normalized_prize_rent":null,"normalized_ads_rent":0,"date":"2018-12-07T09:41:35.000Z","fill-opacity":0,"fill":"#ff0000"},"bbox":[-3.85774,40.4299,-3.86298,40.4352],"geometry":{"type":"Polygon","coordinates":[[[-3.85774,40.4352],[-3.86298,40.4352],[-3.86298,40.4299],[-3.85774,40.4299],[-3.85774,40.4352]]]}},{"type":"Feature","properties":{"name":"Boadilla del Monte--piece--12-5--gCloud","number_of_ads_buy":0,"average_prize_buy":0,"number_of_ads_rent":0,"average_prize_rent":0,"normalized_prize_buy":0,"normalized_ads_buy":0,"normalized_prize_rent":null,"normalized_ads_rent":0,"date":"2018-12-07T09:41:43.000Z","fill-opacity":0,"fill":"#ff0000"},"bbox":[-3.85774,40.4246,-3.86298,40.4299],"geometry":{"type":"Polygon","coordinates":[[[-3.85774,40.4299],[-3.86298,40.4299],[-3.86298,40.4246],[-3.85774,40.4246],[-3.85774,40.4299]]]}},{"type":"Feature","properties":{"name":"Boadilla del Monte--piece--12-6--gCloud","number_of_ads_buy":0,"average_prize_buy":0,"number_of_ads_rent":0,"average_prize_rent":0,"normalized_prize_buy":0,"normalized_ads_buy":0,"normalized_prize_rent":null,"normalized_ads_rent":0,"date":"2018-12-07T09:41:51.000Z","fill-opacity":0,"fill":"#ff0000"},"bbox":[-3.85774,40.4193,-3.86298,40.4246],"geometry":{"type":"Polygon","coordinates":[[[-3.85774,40.4246],[-3.86298,40.4246],[-3.86298,40.4193],[-3.85774,40.4193],[-3.85774,40.4246]]]}},{"type":"Feature","properties":{"name":"Boadilla del Monte--piece--12-7--gCloud","number_of_ads_buy":0,"average_prize_buy":0,"number_of_ads_rent":0,"average_prize_rent":0,"normalized_prize_buy":0,"normalized_ads_buy":0,"normalized_prize_rent":null,"normalized_ads_rent":0,"date":"2018-12-07T09:41:57.000Z","fill-opacity":0,"fill":"#ff0000"},"bbox":[-3.85774,40.414,-3.86298,40.4193],"geometry":{"type":"Polygon","coordinates":[[[-3.85774,40.4193],[-3.86298,40.4193],[-3.86298,40.414],[-3.85774,40.414],[-3.85774,40.4193]]]}},{"type":"Feature","properties":{"name":"Boadilla del Monte--piece--12-8--gCloud","number_of_ads_buy":0,"average_prize_buy":0,"number_of_ads_rent":0,"average_prize_rent":0,"normalized_prize_buy":0,"normalized_ads_buy":0,"normalized_prize_rent":null,"normalized_ads_rent":0,"date":"2018-12-07T09:42:02.000Z","fill-opacity":0,"fill":"#ff0000"},"bbox":[-3.85774,40.4087,-3.86298,40.414],"geometry":{"type":"Polygon","coordinates":[[[-3.85774,40.414],[-3.86298,40.414],[-3.86298,40.4087],[-3.85774,40.4087],[-3.85774,40.414]]]}},{"type":"Feature","properties":{"name":"Boadilla del Monte--piece--12-9--gCloud","number_of_ads_buy":0,"average_prize_buy":0,"number_of_ads_rent":0,"average_prize_rent":0,"normalized_prize_buy":0,"normalized_ads_buy":0,"normalized_prize_rent":null,"normalized_ads_rent":0,"date":"2018-12-07T09:42:10.000Z","fill-opacity":0,"fill":"#ff0000"},"bbox":[-3.85774,40.4034,-3.86298,40.4087],"geometry":{"type":"Polygon","coordinates":[[[-3.85774,40.4087],[-3.86298,40.4087],[-3.86298,40.4034],[-3.85774,40.4034],[-3.85774,40.4087]]]}},{"type":"Feature","properties":{"name":"Boadilla del Monte--piece--2-0--gCloud","number_of_ads_buy":4,"average_prize_buy":1949.95,"number_of_ads_rent":0,"average_prize_rent":0,"normalized_prize_buy":0.46289504357259686,"normalized_ads_buy":0.13793103448275862,"normalized_prize_rent":null,"normalized_ads_rent":0,"date":"2018-12-07T09:42:19.000Z","fill-opacity":0.3703160348580775,"fill":"#ff0000"},"bbox":[-3.91015,40.4511,-3.91539,40.4564],"geometry":{"type":"Polygon","coordinates":[[[-3.91015,40.4564],[-3.91539,40.4564],[-3.91539,40.4511],[-3.91015,40.4511],[-3.91015,40.4564]]]}},{"type":"Feature","properties":{"name":"Boadilla del Monte--piece--2-1--gCloud","number_of_ads_buy":1,"average_prize_buy":3333.33,"number_of_ads_rent":0,"average_prize_rent":0,"normalized_prize_buy":0.7912930770490751,"normalized_ads_buy":0.034482758620689655,"normalized_prize_rent":null,"normalized_ads_rent":0,"date":"2018-12-07T09:42:30.000Z","fill-opacity":0.6330344616392601,"fill":"#ff0000"},"bbox":[-3.91015,40.4458,-3.91539,40.4511],"geometry":{"type":"Polygon","coordinates":[[[-3.91015,40.4511],[-3.91539,40.4511],[-3.91539,40.4458],[-3.91015,40.4458],[-3.91015,40.4511]]]}},{"type":"Feature","properties":{"name":"Boadilla del Monte--piece--2-10--gCloud","number_of_ads_buy":2,"average_prize_buy":1688.92,"number_of_ads_rent":0,"average_prize_rent":0,"normalized_prize_buy":0.40092961203652927,"normalized_ads_buy":0.06896551724137931,"normalized_prize_rent":null,"normalized_ads_rent":0,"date":"2018-12-07T09:42:36.000Z","fill-opacity":0.32074368962922345,"fill":"#ff0000"},"bbox":[-3.91015,40.3981,-3.91539,40.4034],"geometry":{"type":"Polygon","coordinates":[[[-3.91015,40.4034],[-3.91539,40.4034],[-3.91539,40.3981],[-3.91015,40.3981],[-3.91015,40.4034]]]}},{"type":"Feature","properties":{"name":"Boadilla del Monte--piece--2-2--gCloud","number_of_ads_buy":0,"average_prize_buy":0,"number_of_ads_rent":0,"average_prize_rent":0,"normalized_prize_buy":0,"normalized_ads_buy":0,"normalized_prize_rent":null,"normalized_ads_rent":0,"date":"2018-12-07T09:42:47.000Z","fill-opacity":0,"fill":"#ff0000"},"bbox":[-3.91015,40.4405,-3.91539,40.4458],"geometry":{"type":"Polygon","coordinates":[[[-3.91015,40.4458],[-3.91539,40.4458],[-3.91539,40.4405],[-3.91015,40.4405],[-3.91015,40.4458]]]}},{"type":"Feature","properties":{"name":"Boadilla del Monte--piece--2-3--gCloud","number_of_ads_buy":5,"average_prize_buy":1044.28,"number_of_ads_rent":1,"average_prize_rent":6,"normalized_prize_buy":0.24789970824995072,"normalized_ads_buy":0.1724137931034483,"normalized_prize_rent":null,"normalized_ads_rent":0.034482758620689655,"date":"2018-12-07T09:42:52.000Z","fill-opacity":0.1983197665999606,"fill":"#ff0000"},"bbox":[-3.91015,40.4352,-3.91539,40.4405],"geometry":{"type":"Polygon","coordinates":[[[-3.91015,40.4405],[-3.91539,40.4405],[-3.91539,40.4352],[-3.91015,40.4352],[-3.91015,40.4405]]]}},{"type":"Feature","properties":{"name":"Boadilla del Monte--piece--2-4--gCloud","number_of_ads_buy":11,"average_prize_buy":1518.24,"number_of_ads_rent":0,"average_prize_rent":0,"normalized_prize_buy":0.3604122008018972,"normalized_ads_buy":0.3793103448275862,"normalized_prize_rent":null,"normalized_ads_rent":0,"date":"2018-12-07T09:43:01.000Z","fill-opacity":0.2883297606415178,"fill":"#ff0000"},"bbox":[-3.91015,40.4299,-3.91539,40.4352],"geometry":{"type":"Polygon","coordinates":[[[-3.91015,40.4352],[-3.91539,40.4352],[-3.91539,40.4299],[-3.91015,40.4299],[-3.91015,40.4352]]]}},{"type":"Feature","properties":{"name":"Boadilla del Monte--piece--2-5--gCloud","number_of_ads_buy":6,"average_prize_buy":1879.38,"number_of_ads_rent":0,"average_prize_rent":0,"normalized_prize_buy":0.4461425610859084,"normalized_ads_buy":0.20689655172413793,"normalized_prize_rent":null,"normalized_ads_rent":0,"date":"2018-12-07T09:43:12.000Z","fill-opacity":0.35691404886872674,"fill":"#ff0000"},"bbox":[-3.91015,40.4246,-3.91539,40.4299],"geometry":{"type":"Polygon","coordinates":[[[-3.91015,40.4299],[-3.91539,40.4299],[-3.91539,40.4246],[-3.91015,40.4246],[-3.91015,40.4299]]]}},{"type":"Feature","properties":{"name":"Boadilla del Monte--piece--2-6--gCloud","number_of_ads_buy":7,"average_prize_buy":2512.31,"number_of_ads_rent":0,"average_prize_rent":0,"normalized_prize_buy":0.5963926495129982,"normalized_ads_buy":0.2413793103448276,"normalized_prize_rent":null,"normalized_ads_rent":0,"date":"2018-12-07T09:43:23.000Z","fill-opacity":0.47711411961039857,"fill":"#ff0000"},"bbox":[-3.91015,40.4193,-3.91539,40.4246],"geometry":{"type":"Polygon","coordinates":[[[-3.91015,40.4246],[-3.91539,40.4246],[-3.91539,40.4193],[-3.91015,40.4193],[-3.91015,40.4246]]]}},{"type":"Feature","properties":{"name":"Boadilla del Monte--piece--2-7--gCloud","number_of_ads_buy":3,"average_prize_buy":2171.87,"number_of_ads_rent":1,"average_prize_rent":9.09091,"normalized_prize_buy":0.5155762241513966,"normalized_ads_buy":0.10344827586206896,"normalized_prize_rent":null,"normalized_ads_rent":0.034482758620689655,"date":"2018-12-07T09:43:32.000Z","fill-opacity":0.4124609793211173,"fill":"#ff0000"},"bbox":[-3.91015,40.414,-3.91539,40.4193],"geometry":{"type":"Polygon","coordinates":[[[-3.91015,40.4193],[-3.91539,40.4193],[-3.91539,40.414],[-3.91015,40.414],[-3.91015,40.4193]]]}},{"type":"Feature","properties":{"name":"Boadilla del Monte--piece--2-8--gCloud","number_of_ads_buy":0,"average_prize_buy":0,"number_of_ads_rent":1,"average_prize_rent":8.05556,"normalized_prize_buy":0,"normalized_ads_buy":0,"normalized_prize_rent":null,"normalized_ads_rent":0.034482758620689655,"date":"2018-12-07T09:43:41.000Z","fill-opacity":0,"fill":"#ff0000"},"bbox":[-3.91015,40.4087,-3.91539,40.414],"geometry":{"type":"Polygon","coordinates":[[[-3.91015,40.414],[-3.91539,40.414],[-3.91539,40.4087],[-3.91015,40.4087],[-3.91015,40.414]]]}},{"type":"Feature","properties":{"name":"Boadilla del Monte--piece--2-9--gCloud","number_of_ads_buy":0,"average_prize_buy":0,"number_of_ads_rent":0,"average_prize_rent":0,"normalized_prize_buy":0,"normalized_ads_buy":0,"normalized_prize_rent":null,"normalized_ads_rent":0,"date":"2018-12-07T09:43:49.000Z","fill-opacity":0,"fill":"#ff0000"},"bbox":[-3.91015,40.4034,-3.91539,40.4087],"geometry":{"type":"Polygon","coordinates":[[[-3.91015,40.4087],[-3.91539,40.4087],[-3.91539,40.4034],[-3.91015,40.4034],[-3.91015,40.4087]]]}},{"type":"Feature","properties":{"name":"Boadilla del Monte--piece--3-0--gCloud","number_of_ads_buy":2,"average_prize_buy":2278.86,"number_of_ads_rent":0,"average_prize_rent":0,"normalized_prize_buy":0.5409743834436002,"normalized_ads_buy":0.06896551724137931,"normalized_prize_rent":null,"normalized_ads_rent":0,"date":"2018-12-07T09:43:57.000Z","fill-opacity":0.43277950675488014,"fill":"#ff0000"},"bbox":[-3.90491,40.4511,-3.91015,40.4564],"geometry":{"type":"Polygon","coordinates":[[[-3.90491,40.4564],[-3.91015,40.4564],[-3.91015,40.4511],[-3.90491,40.4511],[-3.90491,40.4564]]]}},{"type":"Feature","properties":{"name":"Boadilla del Monte--piece--3-1--gCloud","number_of_ads_buy":2,"average_prize_buy":2942.27,"number_of_ads_rent":0,"average_prize_rent":0,"normalized_prize_buy":0.6984600630028177,"normalized_ads_buy":0.06896551724137931,"normalized_prize_rent":null,"normalized_ads_rent":0,"date":"2018-12-07T09:44:12.000Z","fill-opacity":0.5587680504022542,"fill":"#ff0000"},"bbox":[-3.90491,40.4458,-3.91015,40.4511],"geometry":{"type":"Polygon","coordinates":[[[-3.90491,40.4511],[-3.91015,40.4511],[-3.91015,40.4458],[-3.90491,40.4458],[-3.90491,40.4511]]]}},{"type":"Feature","properties":{"name":"Boadilla del Monte--piece--3-10--gCloud","number_of_ads_buy":0,"average_prize_buy":0,"number_of_ads_rent":0,"average_prize_rent":0,"normalized_prize_buy":0,"normalized_ads_buy":0,"normalized_prize_rent":null,"normalized_ads_rent":0,"date":"2018-12-07T09:44:20.000Z","fill-opacity":0,"fill":"#ff0000"},"bbox":[-3.90491,40.3981,-3.91015,40.4034],"geometry":{"type":"Polygon","coordinates":[[[-3.90491,40.4034],[-3.91015,40.4034],[-3.91015,40.3981],[-3.90491,40.3981],[-3.90491,40.4034]]]}},{"type":"Feature","properties":{"name":"Boadilla del Monte--piece--3-2--gCloud","number_of_ads_buy":1,"average_prize_buy":3.25,"number_of_ads_rent":0,"average_prize_rent":0,"normalized_prize_buy":0.0007715115216343699,"normalized_ads_buy":0.034482758620689655,"normalized_prize_rent":null,"normalized_ads_rent":0,"date":"2018-12-07T09:44:29.000Z","fill-opacity":0.000617209217307496,"fill":"#ff0000"},"bbox":[-3.90491,40.4405,-3.91015,40.4458],"geometry":{"type":"Polygon","coordinates":[[[-3.90491,40.4458],[-3.91015,40.4458],[-3.91015,40.4405],[-3.90491,40.4405],[-3.90491,40.4458]]]}},{"type":"Feature","properties":{"name":"Boadilla del Monte--piece--3-3--gCloud","number_of_ads_buy":6,"average_prize_buy":2.83306,"number_of_ads_rent":1,"average_prize_rent":7.27273,"normalized_prize_buy":0.000672534901994298,"normalized_ads_buy":0.20689655172413793,"normalized_prize_rent":null,"normalized_ads_rent":0.034482758620689655,"date":"2018-12-07T09:44:37.000Z","fill-opacity":0.0005380279215954384,"fill":"#ff0000"},"bbox":[-3.90491,40.4352,-3.91015,40.4405],"geometry":{"type":"Polygon","coordinates":[[[-3.90491,40.4405],[-3.91015,40.4405],[-3.91015,40.4352],[-3.90491,40.4352],[-3.90491,40.4405]]]}},{"type":"Feature","properties":{"name":"Boadilla del Monte--piece--3-4--gCloud","number_of_ads_buy":7,"average_prize_buy":465.58,"number_of_ads_rent":0,"average_prize_rent":0,"normalized_prize_buy":0.1105231797669323,"normalized_ads_buy":0.2413793103448276,"normalized_prize_rent":null,"normalized_ads_rent":0,"date":"2018-12-07T09:44:46.000Z","fill-opacity":0.08841854381354584,"fill":"#ff0000"},"bbox":[-3.90491,40.4299,-3.91015,40.4352],"geometry":{"type":"Polygon","coordinates":[[[-3.90491,40.4352],[-3.91015,40.4352],[-3.91015,40.4299],[-3.90491,40.4299],[-3.90491,40.4352]]]}},{"type":"Feature","properties":{"name":"Boadilla del Monte--piece--3-5--gCloud","number_of_ads_buy":5,"average_prize_buy":1178.49,"number_of_ads_rent":0,"average_prize_rent":0,"normalized_prize_buy":0.27975957327104267,"normalized_ads_buy":0.1724137931034483,"normalized_prize_rent":null,"normalized_ads_rent":0,"date":"2018-12-07T09:44:54.000Z","fill-opacity":0.22380765861683416,"fill":"#ff0000"},"bbox":[-3.90491,40.4246,-3.91015,40.4299],"geometry":{"type":"Polygon","coordinates":[[[-3.90491,40.4299],[-3.91015,40.4299],[-3.91015,40.4246],[-3.90491,40.4246],[-3.90491,40.4299]]]}},{"type":"Feature","properties":{"name":"Boadilla del Monte--piece--3-6--gCloud","number_of_ads_buy":5,"average_prize_buy":1948.4,"number_of_ads_rent":2,"average_prize_rent":8.80117,"normalized_prize_buy":0.4625270919238174,"normalized_ads_buy":0.1724137931034483,"normalized_prize_rent":null,"normalized_ads_rent":0.06896551724137931,"date":"2018-12-07T09:45:01.000Z","fill-opacity":0.37002167353905396,"fill":"#ff0000"},"bbox":[-3.90491,40.4193,-3.91015,40.4246],"geometry":{"type":"Polygon","coordinates":[[[-3.90491,40.4246],[-3.91015,40.4246],[-3.91015,40.4193],[-3.90491,40.4193],[-3.90491,40.4246]]]}},{"type":"Feature","properties":{"name":"Boadilla del Monte--piece--3-7--gCloud","number_of_ads_buy":5,"average_prize_buy":2050.54,"number_of_ads_rent":3,"average_prize_rent":7.4416,"normalized_prize_buy":0.48677391863758185,"normalized_ads_buy":0.1724137931034483,"normalized_prize_rent":null,"normalized_ads_rent":0.10344827586206896,"date":"2018-12-07T09:45:13.000Z","fill-opacity":0.3894191349100655,"fill":"#ff0000"},"bbox":[-3.90491,40.414,-3.91015,40.4193],"geometry":{"type":"Polygon","coordinates":[[[-3.90491,40.4193],[-3.91015,40.4193],[-3.91015,40.414],[-3.90491,40.414],[-3.90491,40.4193]]]}},{"type":"Feature","properties":{"name":"Boadilla del Monte--piece--3-8--gCloud","number_of_ads_buy":5,"average_prize_buy":3066.58,"number_of_ads_rent":3,"average_prize_rent":8.88889,"normalized_prize_buy":0.7279697852349312,"normalized_ads_buy":0.1724137931034483,"normalized_prize_rent":null,"normalized_ads_rent":0.10344827586206896,"date":"2018-12-07T09:45:22.000Z","fill-opacity":0.582375828187945,"fill":"#ff0000"},"bbox":[-3.90491,40.4087,-3.91015,40.414],"geometry":{"type":"Polygon","coordinates":[[[-3.90491,40.414],[-3.91015,40.414],[-3.91015,40.4087],[-3.90491,40.4087],[-3.90491,40.414]]]}},{"type":"Feature","properties":{"name":"Boadilla del Monte--piece--3-9--gCloud","number_of_ads_buy":14,"average_prize_buy":2680.57,"number_of_ads_rent":1,"average_prize_rent":11.2205,"normalized_prize_buy":0.6363355813992133,"normalized_ads_buy":0.4827586206896552,"normalized_prize_rent":null,"normalized_ads_rent":0.034482758620689655,"date":"2018-12-07T09:45:34.000Z","fill-opacity":0.5090684651193707,"fill":"#ff0000"},"bbox":[-3.90491,40.4034,-3.91015,40.4087],"geometry":{"type":"Polygon","coordinates":[[[-3.90491,40.4087],[-3.91015,40.4087],[-3.91015,40.4034],[-3.90491,40.4034],[-3.90491,40.4087]]]}},{"type":"Feature","properties":{"name":"Boadilla del Monte--piece--4-0--gCloud","number_of_ads_buy":1,"average_prize_buy":2480,"number_of_ads_rent":0,"average_prize_rent":0,"normalized_prize_buy":0.58872263804715,"normalized_ads_buy":0.034482758620689655,"normalized_prize_rent":null,"normalized_ads_rent":0,"date":"2018-12-07T09:45:45.000Z","fill-opacity":0.47097811043772,"fill":"#ff0000"},"bbox":[-3.89967,40.4511,-3.90491,40.4564],"geometry":{"type":"Polygon","coordinates":[[[-3.89967,40.4564],[-3.90491,40.4564],[-3.90491,40.4511],[-3.89967,40.4511],[-3.89967,40.4564]]]}},{"type":"Feature","properties":{"name":"Boadilla del Monte--piece--4-1--gCloud","number_of_ads_buy":2,"average_prize_buy":1259,"number_of_ads_rent":0,"average_prize_rent":0,"normalized_prize_buy":0.2988716940731298,"normalized_ads_buy":0.06896551724137931,"normalized_prize_rent":null,"normalized_ads_rent":0,"date":"2018-12-07T09:45:50.000Z","fill-opacity":0.23909735525850384,"fill":"#ff0000"},"bbox":[-3.89967,40.4458,-3.90491,40.4511],"geometry":{"type":"Polygon","coordinates":[[[-3.89967,40.4511],[-3.90491,40.4511],[-3.90491,40.4458],[-3.89967,40.4458],[-3.89967,40.4511]]]}},{"type":"Feature","properties":{"name":"Boadilla del Monte--piece--4-10--gCloud","number_of_ads_buy":6,"average_prize_buy":1861.99,"number_of_ads_rent":1,"average_prize_rent":10.828,"normalized_prize_buy":0.44201438097476325,"normalized_ads_buy":0.20689655172413793,"normalized_prize_rent":null,"normalized_ads_rent":0.034482758620689655,"date":"2018-12-07T09:45:59.000Z","fill-opacity":0.3536115047798106,"fill":"#ff0000"},"bbox":[-3.89967,40.3981,-3.90491,40.4034],"geometry":{"type":"Polygon","coordinates":[[[-3.89967,40.4034],[-3.90491,40.4034],[-3.90491,40.3981],[-3.89967,40.3981],[-3.89967,40.4034]]]}},{"type":"Feature","properties":{"name":"Boadilla del Monte--piece--4-2--gCloud","number_of_ads_buy":5,"average_prize_buy":321.608,"number_of_ads_rent":0,"average_prize_rent":0,"normalized_prize_buy":0.07634593152301122,"normalized_ads_buy":0.1724137931034483,"normalized_prize_rent":null,"normalized_ads_rent":0,"date":"2018-12-07T09:46:05.000Z","fill-opacity":0.06107674521840898,"fill":"#ff0000"},"bbox":[-3.89967,40.4405,-3.90491,40.4458],"geometry":{"type":"Polygon","coordinates":[[[-3.89967,40.4458],[-3.90491,40.4458],[-3.90491,40.4405],[-3.89967,40.4405],[-3.89967,40.4458]]]}},{"type":"Feature","properties":{"name":"Boadilla del Monte--piece--4-3--gCloud","number_of_ads_buy":9,"average_prize_buy":2.13219,"number_of_ads_rent":0,"average_prize_rent":0,"normalized_prize_buy":0.0005061566619426422,"normalized_ads_buy":0.3103448275862069,"normalized_prize_rent":null,"normalized_ads_rent":0,"date":"2018-12-07T09:46:11.000Z","fill-opacity":0.0004049253295541138,"fill":"#ff0000"},"bbox":[-3.89967,40.4352,-3.90491,40.4405],"geometry":{"type":"Polygon","coordinates":[[[-3.89967,40.4405],[-3.90491,40.4405],[-3.90491,40.4352],[-3.89967,40.4352],[-3.89967,40.4405]]]}},{"type":"Feature","properties":{"name":"Boadilla del Monte--piece--4-4--gCloud","number_of_ads_buy":11,"average_prize_buy":453.318,"number_of_ads_rent":0,"average_prize_rent":0,"normalized_prize_buy":0.10761232614284594,"normalized_ads_buy":0.3793103448275862,"normalized_prize_rent":null,"normalized_ads_rent":0,"date":"2018-12-07T09:46:22.000Z","fill-opacity":0.08608986091427676,"fill":"#ff0000"},"bbox":[-3.89967,40.4299,-3.90491,40.4352],"geometry":{"type":"Polygon","coordinates":[[[-3.89967,40.4352],[-3.90491,40.4352],[-3.90491,40.4299],[-3.89967,40.4299],[-3.89967,40.4352]]]}},{"type":"Feature","properties":{"name":"Boadilla del Monte--piece--4-5--gCloud","number_of_ads_buy":7,"average_prize_buy":521.417,"number_of_ads_rent":1,"average_prize_rent":8,"normalized_prize_buy":0.12377822248493178,"normalized_ads_buy":0.2413793103448276,"normalized_prize_rent":null,"normalized_ads_rent":0.034482758620689655,"date":"2018-12-07T09:46:34.000Z","fill-opacity":0.09902257798794543,"fill":"#ff0000"},"bbox":[-3.89967,40.4246,-3.90491,40.4299],"geometry":{"type":"Polygon","coordinates":[[[-3.89967,40.4299],[-3.90491,40.4299],[-3.90491,40.4246],[-3.89967,40.4246],[-3.89967,40.4299]]]}},{"type":"Feature","properties":{"name":"Boadilla del Monte--piece--4-6--gCloud","number_of_ads_buy":9,"average_prize_buy":1529.69,"number_of_ads_rent":3,"average_prize_rent":8.66158,"normalized_prize_buy":0.36313029523965523,"normalized_ads_buy":0.3103448275862069,"normalized_prize_rent":null,"normalized_ads_rent":0.10344827586206896,"date":"2018-12-07T09:46:43.000Z","fill-opacity":0.2905042361917242,"fill":"#ff0000"},"bbox":[-3.89967,40.4193,-3.90491,40.4246],"geometry":{"type":"Polygon","coordinates":[[[-3.89967,40.4246],[-3.90491,40.4246],[-3.90491,40.4193],[-3.89967,40.4193],[-3.89967,40.4246]]]}},{"type":"Feature","properties":{"name":"Boadilla del Monte--piece--4-7--gCloud","number_of_ads_buy":7,"average_prize_buy":1310.66,"number_of_ads_rent":0,"average_prize_rent":0,"normalized_prize_buy":0.31113516644470873,"normalized_ads_buy":0.2413793103448276,"normalized_prize_rent":null,"normalized_ads_rent":0,"date":"2018-12-07T09:46:54.000Z","fill-opacity":0.248908133155767,"fill":"#ff0000"},"bbox":[-3.89967,40.414,-3.90491,40.4193],"geometry":{"type":"Polygon","coordinates":[[[-3.89967,40.4193],[-3.90491,40.4193],[-3.90491,40.414],[-3.89967,40.414],[-3.89967,40.4193]]]}},{"type":"Feature","properties":{"name":"Boadilla del Monte--piece--4-8--gCloud","number_of_ads_buy":7,"average_prize_buy":3097.78,"number_of_ads_rent":0,"average_prize_rent":0,"normalized_prize_buy":0.7353762958426212,"normalized_ads_buy":0.2413793103448276,"normalized_prize_rent":null,"normalized_ads_rent":0,"date":"2018-12-07T09:47:00.000Z","fill-opacity":0.5883010366740969,"fill":"#ff0000"},"bbox":[-3.89967,40.4087,-3.90491,40.414],"geometry":{"type":"Polygon","coordinates":[[[-3.89967,40.414],[-3.90491,40.414],[-3.90491,40.4087],[-3.89967,40.4087],[-3.89967,40.414]]]}},{"type":"Feature","properties":{"name":"Boadilla del Monte--piece--4-9--gCloud","number_of_ads_buy":4,"average_prize_buy":2300.57,"number_of_ads_rent":2,"average_prize_rent":8.0834,"normalized_prize_buy":0.5461280804081178,"normalized_ads_buy":0.13793103448275862,"normalized_prize_rent":null,"normalized_ads_rent":0.06896551724137931,"date":"2018-12-07T09:47:09.000Z","fill-opacity":0.43690246432649427,"fill":"#ff0000"},"bbox":[-3.89967,40.4034,-3.90491,40.4087],"geometry":{"type":"Polygon","coordinates":[[[-3.89967,40.4087],[-3.90491,40.4087],[-3.90491,40.4034],[-3.89967,40.4034],[-3.89967,40.4087]]]}},{"type":"Feature","properties":{"name":"Boadilla del Monte--piece--5-0--gCloud","number_of_ads_buy":2,"average_prize_buy":1558.88,"number_of_ads_rent":2,"average_prize_rent":6.26566,"normalized_prize_buy":0.37005965564473436,"normalized_ads_buy":0.06896551724137931,"normalized_prize_rent":null,"normalized_ads_rent":0.06896551724137931,"date":"2018-12-07T09:47:15.000Z","fill-opacity":0.2960477245157875,"fill":"#ff0000"},"bbox":[-3.89443,40.4511,-3.89967,40.4564],"geometry":{"type":"Polygon","coordinates":[[[-3.89443,40.4564],[-3.89967,40.4564],[-3.89967,40.4511],[-3.89443,40.4511],[-3.89443,40.4564]]]}},{"type":"Feature","properties":{"name":"Boadilla del Monte--piece--5-1--gCloud","number_of_ads_buy":6,"average_prize_buy":898.312,"number_of_ads_rent":1,"average_prize_rent":6.04167,"normalized_prize_buy":0.2132486332376659,"normalized_ads_buy":0.20689655172413793,"normalized_prize_rent":null,"normalized_ads_rent":0.034482758620689655,"date":"2018-12-07T09:47:21.000Z","fill-opacity":0.17059890659013274,"fill":"#ff0000"},"bbox":[-3.89443,40.4458,-3.89967,40.4511],"geometry":{"type":"Polygon","coordinates":[[[-3.89443,40.4511],[-3.89967,40.4511],[-3.89967,40.4458],[-3.89443,40.4458],[-3.89443,40.4511]]]}},{"type":"Feature","properties":{"name":"Boadilla del Monte--piece--5-10--gCloud","number_of_ads_buy":1,"average_prize_buy":3392.86,"number_of_ads_rent":8,"average_prize_rent":10.5032,"normalized_prize_buy":0.8054247942438119,"normalized_ads_buy":0.034482758620689655,"normalized_prize_rent":null,"normalized_ads_rent":0.27586206896551724,"date":"2018-12-07T09:47:27.000Z","fill-opacity":0.6443398353950496,"fill":"#ff0000"},"bbox":[-3.89443,40.3981,-3.89967,40.4034],"geometry":{"type":"Polygon","coordinates":[[[-3.89443,40.4034],[-3.89967,40.4034],[-3.89967,40.3981],[-3.89443,40.3981],[-3.89443,40.4034]]]}},{"type":"Feature","properties":{"name":"Boadilla del Monte--piece--5-2--gCloud","number_of_ads_buy":13,"average_prize_buy":415.213,"number_of_ads_rent":0,"average_prize_rent":0,"normalized_prize_buy":0.09856665028688359,"normalized_ads_buy":0.4482758620689655,"normalized_prize_rent":null,"normalized_ads_rent":0,"date":"2018-12-07T09:47:33.000Z","fill-opacity":0.07885332022950688,"fill":"#ff0000"},"bbox":[-3.89443,40.4405,-3.89967,40.4458],"geometry":{"type":"Polygon","coordinates":[[[-3.89443,40.4458],[-3.89967,40.4458],[-3.89967,40.4405],[-3.89443,40.4405],[-3.89443,40.4458]]]}},{"type":"Feature","properties":{"name":"Boadilla del Monte--piece--5-3--gCloud","number_of_ads_buy":12,"average_prize_buy":916.828,"number_of_ads_rent":0,"average_prize_rent":0,"normalized_prize_buy":0.21764411241753728,"normalized_ads_buy":0.41379310344827586,"normalized_prize_rent":null,"normalized_ads_rent":0,"date":"2018-12-07T09:47:42.000Z","fill-opacity":0.17411528993402983,"fill":"#ff0000"},"bbox":[-3.89443,40.4352,-3.89967,40.4405],"geometry":{"type":"Polygon","coordinates":[[[-3.89443,40.4405],[-3.89967,40.4405],[-3.89967,40.4352],[-3.89443,40.4352],[-3.89443,40.4405]]]}},{"type":"Feature","properties":{"name":"Boadilla del Monte--piece--5-4--gCloud","number_of_ads_buy":29,"average_prize_buy":786.168,"number_of_ads_rent":6,"average_prize_rent":8.94698,"normalized_prize_buy":0.18662697536623057,"normalized_ads_buy":1,"normalized_prize_rent":null,"normalized_ads_rent":0.20689655172413793,"date":"2018-12-07T09:47:49.000Z","fill-opacity":0.14930158029298446,"fill":"#ff0000"},"bbox":[-3.89443,40.4299,-3.89967,40.4352],"geometry":{"type":"Polygon","coordinates":[[[-3.89443,40.4352],[-3.89967,40.4352],[-3.89967,40.4299],[-3.89443,40.4299],[-3.89443,40.4352]]]}},{"type":"Feature","properties":{"name":"Boadilla del Monte--piece--5-5--gCloud","number_of_ads_buy":12,"average_prize_buy":295.848,"number_of_ads_rent":0,"average_prize_rent":0,"normalized_prize_buy":0.07023081250845695,"normalized_ads_buy":0.41379310344827586,"normalized_prize_rent":null,"normalized_ads_rent":0,"date":"2018-12-07T09:48:00.000Z","fill-opacity":0.05618465000676556,"fill":"#ff0000"},"bbox":[-3.89443,40.4246,-3.89967,40.4299],"geometry":{"type":"Polygon","coordinates":[[[-3.89443,40.4299],[-3.89967,40.4299],[-3.89967,40.4246],[-3.89443,40.4246],[-3.89443,40.4299]]]}},{"type":"Feature","properties":{"name":"Boadilla del Monte--piece--5-6--gCloud","number_of_ads_buy":11,"average_prize_buy":2111.47,"number_of_ads_rent":2,"average_prize_rent":11.0119,"normalized_prize_buy":0.5012379792570225,"normalized_ads_buy":0.3793103448275862,"normalized_prize_rent":null,"normalized_ads_rent":0.06896551724137931,"date":"2018-12-07T09:48:06.000Z","fill-opacity":0.40099038340561804,"fill":"#ff0000"},"bbox":[-3.89443,40.4193,-3.89967,40.4246],"geometry":{"type":"Polygon","coordinates":[[[-3.89443,40.4246],[-3.89967,40.4246],[-3.89967,40.4193],[-3.89443,40.4193],[-3.89443,40.4246]]]}},{"type":"Feature","properties":{"name":"Boadilla del Monte--piece--5-7--gCloud","number_of_ads_buy":18,"average_prize_buy":2475.4,"number_of_ads_rent":7,"average_prize_rent":7.83613,"normalized_prize_buy":0.5876306525088367,"normalized_ads_buy":0.6206896551724138,"normalized_prize_rent":null,"normalized_ads_rent":0.2413793103448276,"date":"2018-12-07T09:48:13.000Z","fill-opacity":0.4701045220070694,"fill":"#ff0000"},"bbox":[-3.89443,40.414,-3.89967,40.4193],"geometry":{"type":"Polygon","coordinates":[[[-3.89443,40.4193],[-3.89967,40.4193],[-3.89967,40.414],[-3.89443,40.414],[-3.89443,40.4193]]]}},{"type":"Feature","properties":{"name":"Boadilla del Monte--piece--5-8--gCloud","number_of_ads_buy":13,"average_prize_buy":2597.96,"number_of_ads_rent":7,"average_prize_rent":10.3906,"normalized_prize_buy":0.6167249454600701,"normalized_ads_buy":0.4482758620689655,"normalized_prize_rent":null,"normalized_ads_rent":0.2413793103448276,"date":"2018-12-07T09:48:22.000Z","fill-opacity":0.4933799563680561,"fill":"#ff0000"},"bbox":[-3.89443,40.4087,-3.89967,40.414],"geometry":{"type":"Polygon","coordinates":[[[-3.89443,40.414],[-3.89967,40.414],[-3.89967,40.4087],[-3.89443,40.4087],[-3.89443,40.414]]]}},{"type":"Feature","properties":{"name":"Boadilla del Monte--piece--5-9--gCloud","number_of_ads_buy":8,"average_prize_buy":2927.18,"number_of_ads_rent":6,"average_prize_rent":10.0707,"normalized_prize_buy":0.6948778756608293,"normalized_ads_buy":0.27586206896551724,"normalized_prize_rent":null,"normalized_ads_rent":0.20689655172413793,"date":"2018-12-07T09:48:27.000Z","fill-opacity":0.5559023005286634,"fill":"#ff0000"},"bbox":[-3.89443,40.4034,-3.89967,40.4087],"geometry":{"type":"Polygon","coordinates":[[[-3.89443,40.4087],[-3.89967,40.4087],[-3.89967,40.4034],[-3.89443,40.4034],[-3.89443,40.4087]]]}},{"type":"Feature","properties":{"name":"Boadilla del Monte--piece--6-0--gCloud","number_of_ads_buy":18,"average_prize_buy":1990.51,"number_of_ads_rent":0,"average_prize_rent":0,"normalized_prize_buy":0.4725235073625938,"normalized_ads_buy":0.6206896551724138,"normalized_prize_rent":null,"normalized_ads_rent":0,"date":"2018-12-07T09:48:33.000Z","fill-opacity":0.3780188058900751,"fill":"#ff0000"},"bbox":[-3.88919,40.4511,-3.89443,40.4564],"geometry":{"type":"Polygon","coordinates":[[[-3.88919,40.4564],[-3.89443,40.4564],[-3.89443,40.4511],[-3.88919,40.4511],[-3.88919,40.4564]]]}},{"type":"Feature","properties":{"name":"Boadilla del Monte--piece--6-1--gCloud","number_of_ads_buy":11,"average_prize_buy":1138.56,"number_of_ads_rent":1,"average_prize_rent":6.14035,"normalized_prize_buy":0.27028066402216255,"normalized_ads_buy":0.3793103448275862,"normalized_prize_rent":null,"normalized_ads_rent":0.034482758620689655,"date":"2018-12-07T09:48:42.000Z","fill-opacity":0.21622453121773005,"fill":"#ff0000"},"bbox":[-3.88919,40.4458,-3.89443,40.4511],"geometry":{"type":"Polygon","coordinates":[[[-3.88919,40.4511],[-3.89443,40.4511],[-3.89443,40.4458],[-3.88919,40.4458],[-3.88919,40.4511]]]}},{"type":"Feature","properties":{"name":"Boadilla del Monte--piece--6-10--gCloud","number_of_ads_buy":6,"average_prize_buy":2367.89,"number_of_ads_rent":5,"average_prize_rent":10.1727,"normalized_prize_buy":0.5621090513731718,"normalized_ads_buy":0.20689655172413793,"normalized_prize_rent":null,"normalized_ads_rent":0.1724137931034483,"date":"2018-12-07T09:48:51.000Z","fill-opacity":0.44968724109853747,"fill":"#ff0000"},"bbox":[-3.88919,40.3981,-3.89443,40.4034],"geometry":{"type":"Polygon","coordinates":[[[-3.88919,40.4034],[-3.89443,40.4034],[-3.89443,40.3981],[-3.88919,40.3981],[-3.88919,40.4034]]]}},{"type":"Feature","properties":{"name":"Boadilla del Monte--piece--6-2--gCloud","number_of_ads_buy":15,"average_prize_buy":1307.8,"number_of_ads_rent":0,"average_prize_rent":0,"normalized_prize_buy":0.3104562363056705,"normalized_ads_buy":0.5172413793103449,"normalized_prize_rent":null,"normalized_ads_rent":0,"date":"2018-12-07T09:49:02.000Z","fill-opacity":0.2483649890445364,"fill":"#ff0000"},"bbox":[-3.88919,40.4405,-3.89443,40.4458],"geometry":{"type":"Polygon","coordinates":[[[-3.88919,40.4458],[-3.89443,40.4458],[-3.89443,40.4405],[-3.88919,40.4405],[-3.88919,40.4458]]]}},{"type":"Feature","properties":{"name":"Boadilla del Monte--piece--6-3--gCloud","number_of_ads_buy":14,"average_prize_buy":1575.22,"number_of_ads_rent":0,"average_prize_rent":0,"normalized_prize_buy":0.3739385781873515,"normalized_ads_buy":0.4827586206896552,"normalized_prize_rent":null,"normalized_ads_rent":0,"date":"2018-12-07T09:49:07.000Z","fill-opacity":0.2991508625498812,"fill":"#ff0000"},"bbox":[-3.88919,40.4352,-3.89443,40.4405],"geometry":{"type":"Polygon","coordinates":[[[-3.88919,40.4405],[-3.89443,40.4405],[-3.89443,40.4352],[-3.88919,40.4352],[-3.88919,40.4405]]]}},{"type":"Feature","properties":{"name":"Boadilla del Monte--piece--6-4--gCloud","number_of_ads_buy":8,"average_prize_buy":661.414,"number_of_ads_rent":1,"average_prize_rent":5.48387,"normalized_prize_buy":0.1570118527908539,"normalized_ads_buy":0.27586206896551724,"normalized_prize_rent":null,"normalized_ads_rent":0.034482758620689655,"date":"2018-12-07T09:49:13.000Z","fill-opacity":0.12560948223268312,"fill":"#ff0000"},"bbox":[-3.88919,40.4299,-3.89443,40.4352],"geometry":{"type":"Polygon","coordinates":[[[-3.88919,40.4352],[-3.89443,40.4352],[-3.89443,40.4299],[-3.88919,40.4299],[-3.88919,40.4352]]]}},{"type":"Feature","properties":{"name":"Boadilla del Monte--piece--6-5--gCloud","number_of_ads_buy":9,"average_prize_buy":544.908,"number_of_ads_rent":1,"average_prize_rent":10.4167,"normalized_prize_buy":0.12935470776330502,"normalized_ads_buy":0.3103448275862069,"normalized_prize_rent":null,"normalized_ads_rent":0.034482758620689655,"date":"2018-12-07T09:49:22.000Z","fill-opacity":0.10348376621064402,"fill":"#ff0000"},"bbox":[-3.88919,40.4246,-3.89443,40.4299],"geometry":{"type":"Polygon","coordinates":[[[-3.88919,40.4299],[-3.89443,40.4299],[-3.89443,40.4246],[-3.88919,40.4246],[-3.88919,40.4299]]]}},{"type":"Feature","properties":{"name":"Boadilla del Monte--piece--6-6--gCloud","number_of_ads_buy":11,"average_prize_buy":2031.8,"number_of_ads_rent":1,"average_prize_rent":5.63973,"normalized_prize_buy":0.4823252645097578,"normalized_ads_buy":0.3793103448275862,"normalized_prize_rent":null,"normalized_ads_rent":0.034482758620689655,"date":"2018-12-07T09:49:30.000Z","fill-opacity":0.38586021160780626,"fill":"#ff0000"},"bbox":[-3.88919,40.4193,-3.89443,40.4246],"geometry":{"type":"Polygon","coordinates":[[[-3.88919,40.4246],[-3.89443,40.4246],[-3.89443,40.4193],[-3.88919,40.4193],[-3.88919,40.4246]]]}},{"type":"Feature","properties":{"name":"Boadilla del Monte--piece--6-7--gCloud","number_of_ads_buy":0,"average_prize_buy":0,"number_of_ads_rent":0,"average_prize_rent":0,"normalized_prize_buy":0,"normalized_ads_buy":0,"normalized_prize_rent":null,"normalized_ads_rent":0,"date":"2018-12-07T09:49:36.000Z","fill-opacity":0,"fill":"#ff0000"},"bbox":[-3.88919,40.414,-3.89443,40.4193],"geometry":{"type":"Polygon","coordinates":[[[-3.88919,40.4193],[-3.89443,40.4193],[-3.89443,40.414],[-3.88919,40.414],[-3.88919,40.4193]]]}},{"type":"Feature","properties":{"name":"Boadilla del Monte--piece--6-8--gCloud","number_of_ads_buy":4,"average_prize_buy":2928.16,"number_of_ads_rent":4,"average_prize_rent":8.03301,"normalized_prize_buy":0.695110516058122,"normalized_ads_buy":0.13793103448275862,"normalized_prize_rent":null,"normalized_ads_rent":0.13793103448275862,"date":"2018-12-07T09:49:41.000Z","fill-opacity":0.5560884128464977,"fill":"#ff0000"},"bbox":[-3.88919,40.4087,-3.89443,40.414],"geometry":{"type":"Polygon","coordinates":[[[-3.88919,40.414],[-3.89443,40.414],[-3.89443,40.4087],[-3.88919,40.4087],[-3.88919,40.414]]]}},{"type":"Feature","properties":{"name":"Boadilla del Monte--piece--6-9--gCloud","number_of_ads_buy":5,"average_prize_buy":2625.64,"number_of_ads_rent":1,"average_prize_rent":6.2,"normalized_prize_buy":0.6232958497427898,"normalized_ads_buy":0.1724137931034483,"normalized_prize_rent":null,"normalized_ads_rent":0.034482758620689655,"date":"2018-12-07T09:49:48.000Z","fill-opacity":0.4986366797942319,"fill":"#ff0000"},"bbox":[-3.88919,40.4034,-3.89443,40.4087],"geometry":{"type":"Polygon","coordinates":[[[-3.88919,40.4087],[-3.89443,40.4087],[-3.89443,40.4034],[-3.88919,40.4034],[-3.88919,40.4087]]]}},{"type":"Feature","properties":{"name":"Boadilla del Monte--piece--7-0--gCloud","number_of_ads_buy":0,"average_prize_buy":0,"number_of_ads_rent":0,"average_prize_rent":0,"normalized_prize_buy":0,"normalized_ads_buy":0,"normalized_prize_rent":null,"normalized_ads_rent":0,"date":"2018-12-07T09:49:59.000Z","fill-opacity":0,"fill":"#ff0000"},"bbox":[-3.88395,40.4511,-3.88919,40.4564],"geometry":{"type":"Polygon","coordinates":[[[-3.88395,40.4564],[-3.88919,40.4564],[-3.88919,40.4511],[-3.88395,40.4511],[-3.88395,40.4564]]]}},{"type":"Feature","properties":{"name":"Boadilla del Monte--piece--7-1--gCloud","number_of_ads_buy":1,"average_prize_buy":2320.55,"number_of_ads_rent":0,"average_prize_rent":0,"normalized_prize_buy":0.5508710958549653,"normalized_ads_buy":0.034482758620689655,"normalized_prize_rent":null,"normalized_ads_rent":0,"date":"2018-12-07T09:50:11.000Z","fill-opacity":0.4406968766839723,"fill":"#ff0000"},"bbox":[-3.88395,40.4458,-3.88919,40.4511],"geometry":{"type":"Polygon","coordinates":[[[-3.88395,40.4511],[-3.88919,40.4511],[-3.88919,40.4458],[-3.88395,40.4458],[-3.88395,40.4511]]]}},{"type":"Feature","properties":{"name":"Boadilla del Monte--piece--7-10--gCloud","number_of_ads_buy":14,"average_prize_buy":2137.38,"number_of_ads_rent":5,"average_prize_rent":9.30711,"normalized_prize_buy":0.5073887064956523,"normalized_ads_buy":0.4827586206896552,"normalized_prize_rent":null,"normalized_ads_rent":0.1724137931034483,"date":"2018-12-07T09:50:23.000Z","fill-opacity":0.4059109651965218,"fill":"#ff0000"},"bbox":[-3.88395,40.3981,-3.88919,40.4034],"geometry":{"type":"Polygon","coordinates":[[[-3.88395,40.4034],[-3.88919,40.4034],[-3.88919,40.3981],[-3.88395,40.3981],[-3.88395,40.4034]]]}},{"type":"Feature","properties":{"name":"Boadilla del Monte--piece--7-2--gCloud","number_of_ads_buy":0,"average_prize_buy":0,"number_of_ads_rent":0,"average_prize_rent":0,"normalized_prize_buy":0,"normalized_ads_buy":0,"normalized_prize_rent":null,"normalized_ads_rent":0,"date":"2018-12-07T09:50:31.000Z","fill-opacity":0,"fill":"#ff0000"},"bbox":[-3.88395,40.4405,-3.88919,40.4458],"geometry":{"type":"Polygon","coordinates":[[[-3.88395,40.4458],[-3.88919,40.4458],[-3.88919,40.4405],[-3.88395,40.4405],[-3.88395,40.4458]]]}},{"type":"Feature","properties":{"name":"Boadilla del Monte--piece--7-3--gCloud","number_of_ads_buy":2,"average_prize_buy":2948.37,"number_of_ads_rent":0,"average_prize_rent":0,"normalized_prize_buy":0.6999081307818853,"normalized_ads_buy":0.06896551724137931,"normalized_prize_rent":null,"normalized_ads_rent":0,"date":"2018-12-07T09:50:43.000Z","fill-opacity":0.5599265046255083,"fill":"#ff0000"},"bbox":[-3.88395,40.4352,-3.88919,40.4405],"geometry":{"type":"Polygon","coordinates":[[[-3.88395,40.4405],[-3.88919,40.4405],[-3.88919,40.4352],[-3.88395,40.4352],[-3.88395,40.4405]]]}},{"type":"Feature","properties":{"name":"Boadilla del Monte--piece--7-4--gCloud","number_of_ads_buy":2,"average_prize_buy":2443.82,"number_of_ads_rent":1,"average_prize_rent":9.05263,"normalized_prize_buy":0.5801339344001557,"normalized_ads_buy":0.06896551724137931,"normalized_prize_rent":null,"normalized_ads_rent":0.034482758620689655,"date":"2018-12-07T09:50:54.000Z","fill-opacity":0.4641071475201246,"fill":"#ff0000"},"bbox":[-3.88395,40.4299,-3.88919,40.4352],"geometry":{"type":"Polygon","coordinates":[[[-3.88395,40.4352],[-3.88919,40.4352],[-3.88919,40.4299],[-3.88395,40.4299],[-3.88395,40.4352]]]}},{"type":"Feature","properties":{"name":"Boadilla del Monte--piece--7-5--gCloud","number_of_ads_buy":8,"average_prize_buy":1618.3,"number_of_ads_rent":0,"average_prize_rent":0,"normalized_prize_buy":0.3841652601418157,"normalized_ads_buy":0.27586206896551724,"normalized_prize_rent":null,"normalized_ads_rent":0,"date":"2018-12-07T09:51:00.000Z","fill-opacity":0.3073322081134526,"fill":"#ff0000"},"bbox":[-3.88395,40.4246,-3.88919,40.4299],"geometry":{"type":"Polygon","coordinates":[[[-3.88395,40.4299],[-3.88919,40.4299],[-3.88919,40.4246],[-3.88395,40.4246],[-3.88395,40.4299]]]}},{"type":"Feature","properties":{"name":"Boadilla del Monte--piece--7-6--gCloud","number_of_ads_buy":3,"average_prize_buy":1439.02,"number_of_ads_rent":0,"average_prize_rent":0,"normalized_prize_buy":0.34160631072685876,"normalized_ads_buy":0.10344827586206896,"normalized_prize_rent":null,"normalized_ads_rent":0,"date":"2018-12-07T09:51:09.000Z","fill-opacity":0.273285048581487,"fill":"#ff0000"},"bbox":[-3.88395,40.4193,-3.88919,40.4246],"geometry":{"type":"Polygon","coordinates":[[[-3.88395,40.4246],[-3.88919,40.4246],[-3.88919,40.4193],[-3.88395,40.4193],[-3.88395,40.4246]]]}},{"type":"Feature","properties":{"name":"Boadilla del Monte--piece--7-7--gCloud","number_of_ads_buy":3,"average_prize_buy":2225.26,"number_of_ads_rent":1,"average_prize_rent":6.99088,"normalized_prize_buy":0.5282503780406457,"normalized_ads_buy":0.10344827586206896,"normalized_prize_rent":null,"normalized_ads_rent":0.034482758620689655,"date":"2018-12-07T09:51:17.000Z","fill-opacity":0.42260030243251656,"fill":"#ff0000"},"bbox":[-3.88395,40.414,-3.88919,40.4193],"geometry":{"type":"Polygon","coordinates":[[[-3.88395,40.4193],[-3.88919,40.4193],[-3.88919,40.414],[-3.88395,40.414],[-3.88395,40.4193]]]}},{"type":"Feature","properties":{"name":"Boadilla del Monte--piece--7-8--gCloud","number_of_ads_buy":9,"average_prize_buy":3237.43,"number_of_ads_rent":1,"average_prize_rent":8.66667,"normalized_prize_buy":0.7685275524568487,"normalized_ads_buy":0.3103448275862069,"normalized_prize_rent":null,"normalized_ads_rent":0.034482758620689655,"date":"2018-12-07T09:51:23.000Z","fill-opacity":0.614822041965479,"fill":"#ff0000"},"bbox":[-3.88395,40.4087,-3.88919,40.414],"geometry":{"type":"Polygon","coordinates":[[[-3.88395,40.414],[-3.88919,40.414],[-3.88919,40.4087],[-3.88395,40.4087],[-3.88395,40.414]]]}},{"type":"Feature","properties":{"name":"Boadilla del Monte--piece--7-9--gCloud","number_of_ads_buy":13,"average_prize_buy":2720.89,"number_of_ads_rent":5,"average_prize_rent":10.6435,"normalized_prize_buy":0.6459070720306895,"normalized_ads_buy":0.4482758620689655,"normalized_prize_rent":null,"normalized_ads_rent":0.1724137931034483,"date":"2018-12-07T09:51:32.000Z","fill-opacity":0.5167256576245517,"fill":"#ff0000"},"bbox":[-3.88395,40.4034,-3.88919,40.4087],"geometry":{"type":"Polygon","coordinates":[[[-3.88395,40.4087],[-3.88919,40.4087],[-3.88919,40.4034],[-3.88395,40.4034],[-3.88395,40.4087]]]}},{"type":"Feature","properties":{"name":"Boadilla del Monte--piece--8-0--gCloud","number_of_ads_buy":1,"average_prize_buy":3851.85,"number_of_ads_rent":2,"average_prize_rent":9.37057,"normalized_prize_buy":0.9143835860330302,"normalized_ads_buy":0.034482758620689655,"normalized_prize_rent":null,"normalized_ads_rent":0.06896551724137931,"date":"2018-12-07T09:51:40.000Z","fill-opacity":0.7315068688264241,"fill":"#ff0000"},"bbox":[-3.8787,40.4511,-3.88395,40.4564],"geometry":{"type":"Polygon","coordinates":[[[-3.8787,40.4564],[-3.88395,40.4564],[-3.88395,40.4511],[-3.8787,40.4511],[-3.8787,40.4564]]]}},{"type":"Feature","properties":{"name":"Boadilla del Monte--piece--8-1--gCloud","number_of_ads_buy":0,"average_prize_buy":0,"number_of_ads_rent":0,"average_prize_rent":0,"normalized_prize_buy":0,"normalized_ads_buy":0,"normalized_prize_rent":null,"normalized_ads_rent":0,"date":"2018-12-07T09:51:45.000Z","fill-opacity":0,"fill":"#ff0000"},"bbox":[-3.8787,40.4458,-3.88395,40.4511],"geometry":{"type":"Polygon","coordinates":[[[-3.8787,40.4511],[-3.88395,40.4511],[-3.88395,40.4458],[-3.8787,40.4458],[-3.8787,40.4511]]]}},{"type":"Feature","properties":{"name":"Boadilla del Monte--piece--8-10--gCloud","number_of_ads_buy":9,"average_prize_buy":2738.55,"number_of_ads_rent":2,"average_prize_rent":9.90625,"normalized_prize_buy":0.6500993469451705,"normalized_ads_buy":0.3103448275862069,"normalized_prize_rent":null,"normalized_ads_rent":0.06896551724137931,"date":"2018-12-07T09:51:56.000Z","fill-opacity":0.5200794775561364,"fill":"#ff0000"},"bbox":[-3.8787,40.3981,-3.88395,40.4034],"geometry":{"type":"Polygon","coordinates":[[[-3.8787,40.4034],[-3.88395,40.4034],[-3.88395,40.3981],[-3.8787,40.3981],[-3.8787,40.4034]]]}},{"type":"Feature","properties":{"name":"Boadilla del Monte--piece--8-2--gCloud","number_of_ads_buy":3,"average_prize_buy":2875.48,"number_of_ads_rent":0,"average_prize_rent":0,"normalized_prize_buy":0.6826049077628302,"normalized_ads_buy":0.10344827586206896,"normalized_prize_rent":null,"normalized_ads_rent":0,"date":"2018-12-07T09:52:02.000Z","fill-opacity":0.5460839262102642,"fill":"#ff0000"},"bbox":[-3.8787,40.4405,-3.88395,40.4458],"geometry":{"type":"Polygon","coordinates":[[[-3.8787,40.4458],[-3.88395,40.4458],[-3.88395,40.4405],[-3.8787,40.4405],[-3.8787,40.4458]]]}},{"type":"Feature","properties":{"name":"Boadilla del Monte--piece--8-3--gCloud","number_of_ads_buy":25,"average_prize_buy":2355.26,"number_of_ads_rent":0,"average_prize_rent":0,"normalized_prize_buy":0.5591108389060204,"normalized_ads_buy":0.8620689655172413,"normalized_prize_rent":null,"normalized_ads_rent":0,"date":"2018-12-07T09:52:08.000Z","fill-opacity":0.44728867112481635,"fill":"#ff0000"},"bbox":[-3.8787,40.4352,-3.88395,40.4405],"geometry":{"type":"Polygon","coordinates":[[[-3.8787,40.4405],[-3.88395,40.4405],[-3.88395,40.4352],[-3.8787,40.4352],[-3.8787,40.4405]]]}},{"type":"Feature","properties":{"name":"Boadilla del Monte--piece--8-4--gCloud","number_of_ads_buy":2,"average_prize_buy":972.788,"number_of_ads_rent":0,"average_prize_rent":0,"normalized_prize_buy":0.23092835387927863,"normalized_ads_buy":0.06896551724137931,"normalized_prize_rent":null,"normalized_ads_rent":0,"date":"2018-12-07T09:52:14.000Z","fill-opacity":0.1847426831034229,"fill":"#ff0000"},"bbox":[-3.8787,40.4299,-3.88395,40.4352],"geometry":{"type":"Polygon","coordinates":[[[-3.8787,40.4352],[-3.88395,40.4352],[-3.88395,40.4299],[-3.8787,40.4299],[-3.8787,40.4352]]]}},{"type":"Feature","properties":{"name":"Boadilla del Monte--piece--8-5--gCloud","number_of_ads_buy":4,"average_prize_buy":1604.55,"number_of_ads_rent":0,"average_prize_rent":0,"normalized_prize_buy":0.380901172934901,"normalized_ads_buy":0.13793103448275862,"normalized_prize_rent":null,"normalized_ads_rent":0,"date":"2018-12-07T09:52:19.000Z","fill-opacity":0.3047209383479208,"fill":"#ff0000"},"bbox":[-3.8787,40.4246,-3.88395,40.4299],"geometry":{"type":"Polygon","coordinates":[[[-3.8787,40.4299],[-3.88395,40.4299],[-3.88395,40.4246],[-3.8787,40.4246],[-3.8787,40.4299]]]}},{"type":"Feature","properties":{"name":"Boadilla del Monte--piece--8-6--gCloud","number_of_ads_buy":20,"average_prize_buy":1587.8,"number_of_ads_rent":1,"average_prize_rent":15.3846,"normalized_prize_buy":0.3769249212464777,"normalized_ads_buy":0.6896551724137931,"normalized_prize_rent":null,"normalized_ads_rent":0.034482758620689655,"date":"2018-12-07T09:52:29.000Z","fill-opacity":0.3015399369971822,"fill":"#ff0000"},"bbox":[-3.8787,40.4193,-3.88395,40.4246],"geometry":{"type":"Polygon","coordinates":[[[-3.8787,40.4246],[-3.88395,40.4246],[-3.88395,40.4193],[-3.8787,40.4193],[-3.8787,40.4246]]]}},{"type":"Feature","properties":{"name":"Boadilla del Monte--piece--8-7--gCloud","number_of_ads_buy":24,"average_prize_buy":2939.96,"number_of_ads_rent":1,"average_prize_rent":7.4,"normalized_prize_buy":0.6979116963520561,"normalized_ads_buy":0.8275862068965517,"normalized_prize_rent":null,"normalized_ads_rent":0.034482758620689655,"date":"2018-12-07T09:52:35.000Z","fill-opacity":0.5583293570816449,"fill":"#ff0000"},"bbox":[-3.8787,40.414,-3.88395,40.4193],"geometry":{"type":"Polygon","coordinates":[[[-3.8787,40.4193],[-3.88395,40.4193],[-3.88395,40.414],[-3.8787,40.414],[-3.8787,40.4193]]]}},{"type":"Feature","properties":{"name":"Boadilla del Monte--piece--8-8--gCloud","number_of_ads_buy":2,"average_prize_buy":1.5493,"number_of_ads_rent":0,"average_prize_rent":0,"normalized_prize_buy":0.0003677854770671167,"normalized_ads_buy":0.06896551724137931,"normalized_prize_rent":null,"normalized_ads_rent":0,"date":"2018-12-07T09:52:43.000Z","fill-opacity":0.00029422838165369335,"fill":"#ff0000"},"bbox":[-3.8787,40.4087,-3.88395,40.414],"geometry":{"type":"Polygon","coordinates":[[[-3.8787,40.414],[-3.88395,40.414],[-3.88395,40.4087],[-3.8787,40.4087],[-3.8787,40.414]]]}},{"type":"Feature","properties":{"name":"Boadilla del Monte--piece--8-9--gCloud","number_of_ads_buy":9,"average_prize_buy":2864.29,"number_of_ads_rent":3,"average_prize_rent":10.7925,"normalized_prize_buy":0.6799485342468029,"normalized_ads_buy":0.3103448275862069,"normalized_prize_rent":null,"normalized_ads_rent":0.10344827586206896,"date":"2018-12-07T09:52:57.000Z","fill-opacity":0.5439588273974424,"fill":"#ff0000"},"bbox":[-3.8787,40.4034,-3.88395,40.4087],"geometry":{"type":"Polygon","coordinates":[[[-3.8787,40.4087],[-3.88395,40.4087],[-3.88395,40.4034],[-3.8787,40.4034],[-3.8787,40.4087]]]}},{"type":"Feature","properties":{"name":"Boadilla del Monte--piece--9-0--gCloud","number_of_ads_buy":1,"average_prize_buy":3183.76,"number_of_ads_rent":0,"average_prize_rent":0,"normalized_prize_buy":0.755786929882659,"normalized_ads_buy":0.034482758620689655,"normalized_prize_rent":null,"normalized_ads_rent":0,"date":"2018-12-07T09:53:05.000Z","fill-opacity":0.6046295439061273,"fill":"#ff0000"},"bbox":[-3.87346,40.4511,-3.8787,40.4564],"geometry":{"type":"Polygon","coordinates":[[[-3.87346,40.4564],[-3.8787,40.4564],[-3.8787,40.4511],[-3.87346,40.4511],[-3.87346,40.4564]]]}},{"type":"Feature","properties":{"name":"Boadilla del Monte--piece--9-1--gCloud","number_of_ads_buy":0,"average_prize_buy":0,"number_of_ads_rent":0,"average_prize_rent":0,"normalized_prize_buy":0,"normalized_ads_buy":0,"normalized_prize_rent":null,"normalized_ads_rent":0,"date":"2018-12-07T09:53:13.000Z","fill-opacity":0,"fill":"#ff0000"},"bbox":[-3.87346,40.4458,-3.8787,40.4511],"geometry":{"type":"Polygon","coordinates":[[[-3.87346,40.4511],[-3.8787,40.4511],[-3.8787,40.4458],[-3.87346,40.4458],[-3.87346,40.4511]]]}},{"type":"Feature","properties":{"name":"Boadilla del Monte--piece--9-10--gCloud","number_of_ads_buy":1,"average_prize_buy":3714.29,"number_of_ads_rent":1,"average_prize_rent":10,"normalized_prize_buy":0.8817284706742535,"normalized_ads_buy":0.034482758620689655,"normalized_prize_rent":null,"normalized_ads_rent":0.034482758620689655,"date":"2018-12-07T09:53:22.000Z","fill-opacity":0.7053827765394028,"fill":"#ff0000"},"bbox":[-3.87346,40.3981,-3.8787,40.4034],"geometry":{"type":"Polygon","coordinates":[[[-3.87346,40.4034],[-3.8787,40.4034],[-3.8787,40.3981],[-3.87346,40.3981],[-3.87346,40.4034]]]}},{"type":"Feature","properties":{"name":"Boadilla del Monte--piece--9-2--gCloud","number_of_ads_buy":3,"average_prize_buy":3258.26,"number_of_ads_rent":2,"average_prize_rent":12.2029,"normalized_prize_buy":0.7734723478401239,"normalized_ads_buy":0.10344827586206896,"normalized_prize_rent":null,"normalized_ads_rent":0.06896551724137931,"date":"2018-12-07T09:53:27.000Z","fill-opacity":0.6187778782720992,"fill":"#ff0000"},"bbox":[-3.87346,40.4405,-3.8787,40.4458],"geometry":{"type":"Polygon","coordinates":[[[-3.87346,40.4458],[-3.8787,40.4458],[-3.8787,40.4405],[-3.87346,40.4405],[-3.87346,40.4458]]]}},{"type":"Feature","properties":{"name":"Boadilla del Monte--piece--9-3--gCloud","number_of_ads_buy":3,"average_prize_buy":3093.21,"number_of_ads_rent":7,"average_prize_rent":11.3203,"normalized_prize_buy":0.7342914319491229,"normalized_ads_buy":0.10344827586206896,"normalized_prize_rent":null,"normalized_ads_rent":0.2413793103448276,"date":"2018-12-07T09:53:36.000Z","fill-opacity":0.5874331455592984,"fill":"#ff0000"},"bbox":[-3.87346,40.4352,-3.8787,40.4405],"geometry":{"type":"Polygon","coordinates":[[[-3.87346,40.4405],[-3.8787,40.4405],[-3.8787,40.4352],[-3.87346,40.4352],[-3.87346,40.4405]]]}},{"type":"Feature","properties":{"name":"Boadilla del Monte--piece--9-4--gCloud","number_of_ads_buy":0,"average_prize_buy":0,"number_of_ads_rent":0,"average_prize_rent":0,"normalized_prize_buy":0,"normalized_ads_buy":0,"normalized_prize_rent":null,"normalized_ads_rent":0,"date":"2018-12-07T09:53:42.000Z","fill-opacity":0,"fill":"#ff0000"},"bbox":[-3.87346,40.4299,-3.8787,40.4352],"geometry":{"type":"Polygon","coordinates":[[[-3.87346,40.4352],[-3.8787,40.4352],[-3.8787,40.4299],[-3.87346,40.4299],[-3.87346,40.4352]]]}},{"type":"Feature","properties":{"name":"Boadilla del Monte--piece--9-5--gCloud","number_of_ads_buy":1,"average_prize_buy":2.28137,"number_of_ads_rent":0,"average_prize_rent":0,"normalized_prize_buy":0.0005415702277264624,"normalized_ads_buy":0.034482758620689655,"normalized_prize_rent":null,"normalized_ads_rent":0,"date":"2018-12-07T09:53:51.000Z","fill-opacity":0.0004332561821811699,"fill":"#ff0000"},"bbox":[-3.87346,40.4246,-3.8787,40.4299],"geometry":{"type":"Polygon","coordinates":[[[-3.87346,40.4299],[-3.8787,40.4299],[-3.8787,40.4246],[-3.87346,40.4246],[-3.87346,40.4299]]]}},{"type":"Feature","properties":{"name":"Boadilla del Monte--piece--9-6--gCloud","number_of_ads_buy":3,"average_prize_buy":1882.7,"number_of_ads_rent":1,"average_prize_rent":10,"normalized_prize_buy":0.446930689778778,"normalized_ads_buy":0.10344827586206896,"normalized_prize_rent":null,"normalized_ads_rent":0.034482758620689655,"date":"2018-12-07T09:54:03.000Z","fill-opacity":0.3575445518230224,"fill":"#ff0000"},"bbox":[-3.87346,40.4193,-3.8787,40.4246],"geometry":{"type":"Polygon","coordinates":[[[-3.87346,40.4246],[-3.8787,40.4246],[-3.8787,40.4193],[-3.87346,40.4193],[-3.87346,40.4246]]]}},{"type":"Feature","properties":{"name":"Boadilla del Monte--piece--9-7--gCloud","number_of_ads_buy":1,"average_prize_buy":3800,"number_of_ads_rent":1,"average_prize_rent":9.14286,"normalized_prize_buy":0.9020750099109557,"normalized_ads_buy":0.034482758620689655,"normalized_prize_rent":null,"normalized_ads_rent":0.034482758620689655,"date":"2018-12-07T09:54:08.000Z","fill-opacity":0.7216600079287646,"fill":"#ff0000"},"bbox":[-3.87346,40.414,-3.8787,40.4193],"geometry":{"type":"Polygon","coordinates":[[[-3.87346,40.4193],[-3.8787,40.4193],[-3.8787,40.414],[-3.87346,40.414],[-3.87346,40.4193]]]}},{"type":"Feature","properties":{"name":"Boadilla del Monte--piece--9-8--gCloud","number_of_ads_buy":0,"average_prize_buy":0,"number_of_ads_rent":0,"average_prize_rent":0,"normalized_prize_buy":0,"normalized_ads_buy":0,"normalized_prize_rent":null,"normalized_ads_rent":0,"date":"2018-12-07T09:54:19.000Z","fill-opacity":0,"fill":"#ff0000"},"bbox":[-3.87346,40.4087,-3.8787,40.414],"geometry":{"type":"Polygon","coordinates":[[[-3.87346,40.414],[-3.8787,40.414],[-3.8787,40.4087],[-3.87346,40.4087],[-3.87346,40.414]]]}},{"type":"Feature","properties":{"name":"Boadilla del Monte--piece--9-9--gCloud","number_of_ads_buy":11,"average_prize_buy":1818.46,"number_of_ads_rent":4,"average_prize_rent":13.0833,"normalized_prize_buy":0.43168087434807273,"normalized_ads_buy":0.3793103448275862,"normalized_prize_rent":null,"normalized_ads_rent":0.13793103448275862,"date":"2018-12-07T09:54:31.000Z","fill-opacity":0.3453446994784582,"fill":"#ff0000"},"bbox":[-3.87346,40.4034,-3.8787,40.4087],"geometry":{"type":"Polygon","coordinates":[[[-3.87346,40.4087],[-3.8787,40.4087],[-3.8787,40.4034],[-3.87346,40.4034],[-3.87346,40.4087]]]}}]}