{"type":"FeatureCollection","features":[{"type":"Feature","properties":{"name":"Ciempozuelos--piece--0-0--gCloud","number_of_ads_buy":0,"average_prize_buy":0,"number_of_ads_rent":0,"average_prize_rent":0,"normalized_prize_buy":0,"normalized_ads_buy":0,"normalized_prize_rent":null,"normalized_ads_rent":0,"date":"2018-12-07T09:54:36.000Z","fill-opacity":0,"fill":"#ff0000"},"bbox":[-3.63038,40.166,-3.63616,40.1709],"geometry":{"type":"Polygon","coordinates":[[[-3.63038,40.1709],[-3.63616,40.1709],[-3.63616,40.166],[-3.63038,40.166],[-3.63038,40.1709]]]}},{"type":"Feature","properties":{"name":"Ciempozuelos--piece--0-1--gCloud","number_of_ads_buy":0,"average_prize_buy":0,"number_of_ads_rent":0,"average_prize_rent":0,"normalized_prize_buy":0,"normalized_ads_buy":0,"normalized_prize_rent":null,"normalized_ads_rent":0,"date":"2018-12-07T09:54:44.000Z","fill-opacity":0,"fill":"#ff0000"},"bbox":[-3.63038,40.161,-3.63616,40.166],"geometry":{"type":"Polygon","coordinates":[[[-3.63038,40.166],[-3.63616,40.166],[-3.63616,40.161],[-3.63038,40.161],[-3.63038,40.166]]]}},{"type":"Feature","properties":{"name":"Ciempozuelos--piece--0-2--gCloud","number_of_ads_buy":0,"average_prize_buy":0,"number_of_ads_rent":0,"average_prize_rent":0,"normalized_prize_buy":0,"normalized_ads_buy":0,"normalized_prize_rent":null,"normalized_ads_rent":0,"date":"2018-12-07T09:54:51.000Z","fill-opacity":0,"fill":"#ff0000"},"bbox":[-3.63038,40.1561,-3.63616,40.161],"geometry":{"type":"Polygon","coordinates":[[[-3.63038,40.161],[-3.63616,40.161],[-3.63616,40.1561],[-3.63038,40.1561],[-3.63038,40.161]]]}},{"type":"Feature","properties":{"name":"Ciempozuelos--piece--0-3--gCloud","number_of_ads_buy":20,"average_prize_buy":1177.78,"number_of_ads_rent":0,"average_prize_rent":0,"normalized_prize_buy":0.6902335394262608,"normalized_ads_buy":0.6666666666666666,"normalized_prize_rent":null,"normalized_ads_rent":0,"date":"2018-12-07T09:54:57.000Z","fill-opacity":0.5521868315410087,"fill":"#ff0000"},"bbox":[-3.63038,40.1512,-3.63616,40.1561],"geometry":{"type":"Polygon","coordinates":[[[-3.63038,40.1561],[-3.63616,40.1561],[-3.63616,40.1512],[-3.63038,40.1512],[-3.63038,40.1561]]]}},{"type":"Feature","properties":{"name":"Ciempozuelos--piece--1-0--gCloud","number_of_ads_buy":0,"average_prize_buy":0,"number_of_ads_rent":0,"average_prize_rent":0,"normalized_prize_buy":0,"normalized_ads_buy":0,"normalized_prize_rent":null,"normalized_ads_rent":0,"date":"2018-12-07T09:55:05.000Z","fill-opacity":0,"fill":"#ff0000"},"bbox":[-3.6246,40.166,-3.63038,40.1709],"geometry":{"type":"Polygon","coordinates":[[[-3.6246,40.1709],[-3.63038,40.1709],[-3.63038,40.166],[-3.6246,40.166],[-3.6246,40.1709]]]}},{"type":"Feature","properties":{"name":"Ciempozuelos--piece--1-1--gCloud","number_of_ads_buy":6,"average_prize_buy":1706.35,"number_of_ads_rent":0,"average_prize_rent":0,"normalized_prize_buy":1,"normalized_ads_buy":0.2,"normalized_prize_rent":null,"normalized_ads_rent":0,"date":"2018-12-07T09:55:10.000Z","fill-opacity":0.8,"fill":"#ff0000"},"bbox":[-3.6246,40.161,-3.63038,40.166],"geometry":{"type":"Polygon","coordinates":[[[-3.6246,40.166],[-3.63038,40.166],[-3.63038,40.161],[-3.6246,40.161],[-3.6246,40.166]]]}},{"type":"Feature","properties":{"name":"Ciempozuelos--piece--1-2--gCloud","number_of_ads_buy":5,"average_prize_buy":1453.95,"number_of_ads_rent":1,"average_prize_rent":7.09459,"normalized_prize_buy":0.852081929264219,"normalized_ads_buy":0.16666666666666666,"normalized_prize_rent":null,"normalized_ads_rent":0.03333333333333333,"date":"2018-12-07T09:55:16.000Z","fill-opacity":0.6816655434113752,"fill":"#ff0000"},"bbox":[-3.6246,40.1561,-3.63038,40.161],"geometry":{"type":"Polygon","coordinates":[[[-3.6246,40.161],[-3.63038,40.161],[-3.63038,40.1561],[-3.6246,40.1561],[-3.6246,40.161]]]}},{"type":"Feature","properties":{"name":"Ciempozuelos--piece--1-3--gCloud","number_of_ads_buy":29,"average_prize_buy":1181.46,"number_of_ads_rent":0,"average_prize_rent":0,"normalized_prize_buy":0.6923901895859584,"normalized_ads_buy":0.9666666666666667,"normalized_prize_rent":null,"normalized_ads_rent":0,"date":"2018-12-07T09:55:26.000Z","fill-opacity":0.5539121516687667,"fill":"#ff0000"},"bbox":[-3.6246,40.1512,-3.63038,40.1561],"geometry":{"type":"Polygon","coordinates":[[[-3.6246,40.1561],[-3.63038,40.1561],[-3.63038,40.1512],[-3.6246,40.1512],[-3.6246,40.1561]]]}},{"type":"Feature","properties":{"name":"Ciempozuelos--piece--2-0--gCloud","number_of_ads_buy":0,"average_prize_buy":0,"number_of_ads_rent":0,"average_prize_rent":0,"normalized_prize_buy":0,"normalized_ads_buy":0,"normalized_prize_rent":null,"normalized_ads_rent":0,"date":"2018-12-07T09:55:31.000Z","fill-opacity":0,"fill":"#ff0000"},"bbox":[-3.61882,40.166,-3.6246,40.1709],"geometry":{"type":"Polygon","coordinates":[[[-3.61882,40.1709],[-3.6246,40.1709],[-3.6246,40.166],[-3.61882,40.166],[-3.61882,40.1709]]]}},{"type":"Feature","properties":{"name":"Ciempozuelos--piece--2-1--gCloud","number_of_ads_buy":30,"average_prize_buy":1327.82,"number_of_ads_rent":0,"average_prize_rent":0,"normalized_prize_buy":0.7781639171330618,"normalized_ads_buy":1,"normalized_prize_rent":null,"normalized_ads_rent":0,"date":"2018-12-07T09:55:38.000Z","fill-opacity":0.6225311337064494,"fill":"#ff0000"},"bbox":[-3.61882,40.161,-3.6246,40.166],"geometry":{"type":"Polygon","coordinates":[[[-3.61882,40.166],[-3.6246,40.166],[-3.6246,40.161],[-3.61882,40.161],[-3.61882,40.166]]]}},{"type":"Feature","properties":{"name":"Ciempozuelos--piece--2-2--gCloud","number_of_ads_buy":30,"average_prize_buy":1232.8,"number_of_ads_rent":3,"average_prize_rent":6.97694,"normalized_prize_buy":0.7224778034986961,"normalized_ads_buy":1,"normalized_prize_rent":null,"normalized_ads_rent":0.1,"date":"2018-12-07T09:55:46.000Z","fill-opacity":0.5779822427989568,"fill":"#ff0000"},"bbox":[-3.61882,40.1561,-3.6246,40.161],"geometry":{"type":"Polygon","coordinates":[[[-3.61882,40.161],[-3.6246,40.161],[-3.6246,40.1561],[-3.61882,40.1561],[-3.61882,40.161]]]}},{"type":"Feature","properties":{"name":"Ciempozuelos--piece--2-3--gCloud","number_of_ads_buy":19,"average_prize_buy":1321.97,"number_of_ads_rent":2,"average_prize_rent":6.97115,"normalized_prize_buy":0.7747355466346295,"normalized_ads_buy":0.6333333333333333,"normalized_prize_rent":null,"normalized_ads_rent":0.06666666666666667,"date":"2018-12-07T09:55:57.000Z","fill-opacity":0.6197884373077036,"fill":"#ff0000"},"bbox":[-3.61882,40.1512,-3.6246,40.1561],"geometry":{"type":"Polygon","coordinates":[[[-3.61882,40.1561],[-3.6246,40.1561],[-3.6246,40.1512],[-3.61882,40.1512],[-3.61882,40.1561]]]}},{"type":"Feature","properties":{"name":"Ciempozuelos--piece--3-0--gCloud","number_of_ads_buy":0,"average_prize_buy":0,"number_of_ads_rent":0,"average_prize_rent":0,"normalized_prize_buy":0,"normalized_ads_buy":0,"normalized_prize_rent":null,"normalized_ads_rent":0,"date":"2018-12-07T09:56:02.000Z","fill-opacity":0,"fill":"#ff0000"},"bbox":[-3.61303,40.166,-3.61882,40.1709],"geometry":{"type":"Polygon","coordinates":[[[-3.61303,40.1709],[-3.61882,40.1709],[-3.61882,40.166],[-3.61303,40.166],[-3.61303,40.1709]]]}},{"type":"Feature","properties":{"name":"Ciempozuelos--piece--3-1--gCloud","number_of_ads_buy":9,"average_prize_buy":1606.83,"number_of_ads_rent":0,"average_prize_rent":0,"normalized_prize_buy":0.9416766782899171,"normalized_ads_buy":0.3,"normalized_prize_rent":null,"normalized_ads_rent":0,"date":"2018-12-07T09:56:10.000Z","fill-opacity":0.7533413426319338,"fill":"#ff0000"},"bbox":[-3.61303,40.161,-3.61882,40.166],"geometry":{"type":"Polygon","coordinates":[[[-3.61303,40.166],[-3.61882,40.166],[-3.61882,40.161],[-3.61303,40.161],[-3.61303,40.166]]]}},{"type":"Feature","properties":{"name":"Ciempozuelos--piece--3-2--gCloud","number_of_ads_buy":28,"average_prize_buy":1339.81,"number_of_ads_rent":0,"average_prize_rent":0,"normalized_prize_buy":0.7851906115392504,"normalized_ads_buy":0.9333333333333333,"normalized_prize_rent":null,"normalized_ads_rent":0,"date":"2018-12-07T09:56:16.000Z","fill-opacity":0.6281524892314003,"fill":"#ff0000"},"bbox":[-3.61303,40.1561,-3.61882,40.161],"geometry":{"type":"Polygon","coordinates":[[[-3.61303,40.161],[-3.61882,40.161],[-3.61882,40.1561],[-3.61303,40.1561],[-3.61303,40.161]]]}},{"type":"Feature","properties":{"name":"Ciempozuelos--piece--3-3--gCloud","number_of_ads_buy":9,"average_prize_buy":1089.67,"number_of_ads_rent":0,"average_prize_rent":0,"normalized_prize_buy":0.6385970053037185,"normalized_ads_buy":0.3,"normalized_prize_rent":null,"normalized_ads_rent":0,"date":"2018-12-07T09:56:26.000Z","fill-opacity":0.5108776042429749,"fill":"#ff0000"},"bbox":[-3.61303,40.1512,-3.61882,40.1561],"geometry":{"type":"Polygon","coordinates":[[[-3.61303,40.1561],[-3.61882,40.1561],[-3.61882,40.1512],[-3.61303,40.1512],[-3.61303,40.1561]]]}},{"type":"Feature","properties":{"name":"Ciempozuelos--piece--4-0--gCloud","number_of_ads_buy":0,"average_prize_buy":0,"number_of_ads_rent":0,"average_prize_rent":0,"normalized_prize_buy":0,"normalized_ads_buy":0,"normalized_prize_rent":null,"normalized_ads_rent":0,"date":"2018-12-07T09:56:38.000Z","fill-opacity":0,"fill":"#ff0000"},"bbox":[-3.60725,40.166,-3.61303,40.1709],"geometry":{"type":"Polygon","coordinates":[[[-3.60725,40.1709],[-3.61303,40.1709],[-3.61303,40.166],[-3.60725,40.166],[-3.60725,40.1709]]]}},{"type":"Feature","properties":{"name":"Ciempozuelos--piece--4-1--gCloud","number_of_ads_buy":0,"average_prize_buy":0,"number_of_ads_rent":0,"average_prize_rent":0,"normalized_prize_buy":0,"normalized_ads_buy":0,"normalized_prize_rent":null,"normalized_ads_rent":0,"date":"2018-12-07T09:56:44.000Z","fill-opacity":0,"fill":"#ff0000"},"bbox":[-3.60725,40.161,-3.61303,40.166],"geometry":{"type":"Polygon","coordinates":[[[-3.60725,40.166],[-3.61303,40.166],[-3.61303,40.161],[-3.60725,40.161],[-3.60725,40.166]]]}},{"type":"Feature","properties":{"name":"Ciempozuelos--piece--4-2--gCloud","number_of_ads_buy":0,"average_prize_buy":0,"number_of_ads_rent":0,"average_prize_rent":0,"normalized_prize_buy":0,"normalized_ads_buy":0,"normalized_prize_rent":null,"normalized_ads_rent":0,"date":"2018-12-07T09:56:55.000Z","fill-opacity":0,"fill":"#ff0000"},"bbox":[-3.60725,40.1561,-3.61303,40.161],"geometry":{"type":"Polygon","coordinates":[[[-3.60725,40.161],[-3.61303,40.161],[-3.61303,40.1561],[-3.60725,40.1561],[-3.60725,40.161]]]}},{"type":"Feature","properties":{"name":"Ciempozuelos--piece--4-3--gCloud","number_of_ads_buy":3,"average_prize_buy":963.617,"number_of_ads_rent":0,"average_prize_rent":0,"normalized_prize_buy":0.564724118732968,"normalized_ads_buy":0.1,"normalized_prize_rent":null,"normalized_ads_rent":0,"date":"2018-12-07T09:57:06.000Z","fill-opacity":0.4517792949863744,"fill":"#ff0000"},"bbox":[-3.60725,40.1512,-3.61303,40.1561],"geometry":{"type":"Polygon","coordinates":[[[-3.60725,40.1561],[-3.61303,40.1561],[-3.61303,40.1512],[-3.60725,40.1512],[-3.60725,40.1561]]]}}]}