{"type":"FeatureCollection","features":[{"type":"Feature","properties":{"name":"Ciempozuelos--2804001001--raspberryOld","number_of_ads_buy":30,"average_prize_buy":1457.59,"number_of_ads_rent":0,"average_prize_rent":0,"normalized_prize_buy":1,"normalized_ads_buy":1,"normalized_prize_rent":null,"normalized_ads_rent":0,"date":"2018-12-07T07:56:09.000Z","fill-opacity":0.8,"fill":"#ff0000"},"bbox":[-3.60594,40.1576,-3.61955,40.1658],"geometry":{"type":"Polygon","coordinates":[[[-3.60594,40.1658],[-3.61955,40.1658],[-3.61955,40.1576],[-3.60594,40.1576],[-3.60594,40.1658]]]}},{"type":"Feature","properties":{"name":"Ciempozuelos--2804001002--raspberryOld","number_of_ads_buy":27,"average_prize_buy":1364.09,"number_of_ads_rent":3,"average_prize_rent":6.97694,"normalized_prize_buy":0.9358530176524262,"normalized_ads_buy":0.9,"normalized_prize_rent":null,"normalized_ads_rent":0.1,"date":"2018-12-07T07:56:34.000Z","fill-opacity":0.748682414121941,"fill":"#ff0000"},"bbox":[-3.61847,40.1565,-3.62291,40.1605],"geometry":{"type":"Polygon","coordinates":[[[-3.61847,40.1605],[-3.62291,40.1605],[-3.62291,40.1565],[-3.61847,40.1565],[-3.61847,40.1605]]]}},{"type":"Feature","properties":{"name":"Ciempozuelos--2804001003--raspberryOld","number_of_ads_buy":18,"average_prize_buy":1429.45,"number_of_ads_rent":0,"average_prize_rent":0,"normalized_prize_buy":0.9806941595373185,"normalized_ads_buy":0.6,"normalized_prize_rent":null,"normalized_ads_rent":0,"date":"2018-12-07T07:56:52.000Z","fill-opacity":0.7845553276298549,"fill":"#ff0000"},"bbox":[-3.6103,40.1575,-3.61875,40.1601],"geometry":{"type":"Polygon","coordinates":[[[-3.6103,40.1601],[-3.61875,40.1601],[-3.61875,40.1575],[-3.6103,40.1575],[-3.6103,40.1601]]]}},{"type":"Feature","properties":{"name":"Ciempozuelos--2804002001--raspberryOld","number_of_ads_buy":29,"average_prize_buy":1211.43,"number_of_ads_rent":2,"average_prize_rent":6.66106,"normalized_prize_buy":0.8311184901103877,"normalized_ads_buy":0.9666666666666667,"normalized_prize_rent":null,"normalized_ads_rent":0.06666666666666667,"date":"2018-12-07T07:57:22.000Z","fill-opacity":0.6648947920883103,"fill":"#ff0000"},"bbox":[-3.60811,40.1517,-3.62047,40.1586],"geometry":{"type":"Polygon","coordinates":[[[-3.60811,40.1586],[-3.62047,40.1586],[-3.62047,40.1517],[-3.60811,40.1517],[-3.60811,40.1586]]]}},{"type":"Feature","properties":{"name":"Ciempozuelos--2804002002--raspberryOld","number_of_ads_buy":22,"average_prize_buy":1155.79,"number_of_ads_rent":0,"average_prize_rent":0,"normalized_prize_buy":0.7929458901337139,"normalized_ads_buy":0.7333333333333333,"normalized_prize_rent":null,"normalized_ads_rent":0,"date":"2018-12-07T07:57:42.000Z","fill-opacity":0.6343567121069711,"fill":"#ff0000"},"bbox":[-3.62307,40.1536,-3.63261,40.1562],"geometry":{"type":"Polygon","coordinates":[[[-3.62307,40.1562],[-3.63261,40.1562],[-3.63261,40.1536],[-3.62307,40.1536],[-3.62307,40.1562]]]}},{"type":"Feature","properties":{"name":"Ciempozuelos--2804002003--raspberryOld","number_of_ads_buy":29,"average_prize_buy":1306.1,"number_of_ads_rent":4,"average_prize_rent":7.1614,"normalized_prize_buy":0.896068167317284,"normalized_ads_buy":0.9666666666666667,"normalized_prize_rent":null,"normalized_ads_rent":0.13333333333333333,"date":"2018-12-07T07:58:06.000Z","fill-opacity":0.7168545338538272,"fill":"#ff0000"},"bbox":[-3.62062,40.1555,-3.62848,40.1635],"geometry":{"type":"Polygon","coordinates":[[[-3.62062,40.1635],[-3.62848,40.1635],[-3.62848,40.1555],[-3.62062,40.1555],[-3.62062,40.1635]]]}},{"type":"Feature","properties":{"name":"Ciempozuelos--2804002004--raspberryOld","number_of_ads_buy":28,"average_prize_buy":1279.73,"number_of_ads_rent":1,"average_prize_rent":7.09459,"normalized_prize_buy":0.8779766601033213,"normalized_ads_buy":0.9333333333333333,"normalized_prize_rent":null,"normalized_ads_rent":0.03333333333333333,"date":"2018-12-07T07:58:33.000Z","fill-opacity":0.7023813280826571,"fill":"#ff0000"},"bbox":[-3.62407,40.1533,-3.63528,40.1651],"geometry":{"type":"Polygon","coordinates":[[[-3.62407,40.1651],[-3.63528,40.1651],[-3.63528,40.1533],[-3.62407,40.1533],[-3.62407,40.1651]]]}},{"type":"Feature","properties":{"name":"Ciempozuelos--2804002005--raspberryOld","number_of_ads_buy":29,"average_prize_buy":1243.15,"number_of_ads_rent":6,"average_prize_rent":6.99462,"normalized_prize_buy":0.8528804396298,"normalized_ads_buy":0.9666666666666667,"normalized_prize_rent":null,"normalized_ads_rent":0.2,"date":"2018-12-07T07:59:00.000Z","fill-opacity":0.6823043517038401,"fill":"#ff0000"},"bbox":[-3.61616,40.1512,-3.62692,40.1579],"geometry":{"type":"Polygon","coordinates":[[[-3.61616,40.1579],[-3.62692,40.1579],[-3.62692,40.1512],[-3.61616,40.1512],[-3.61616,40.1579]]]}},{"type":"Feature","properties":{"name":"Ciempozuelos--2804002006--raspberryOld","number_of_ads_buy":28,"average_prize_buy":1398.03,"number_of_ads_rent":8,"average_prize_rent":6.69389,"normalized_prize_buy":0.9591380292126044,"normalized_ads_buy":0.9333333333333333,"normalized_prize_rent":null,"normalized_ads_rent":0.26666666666666666,"date":"2018-12-07T07:59:24.000Z","fill-opacity":0.7673104233700836,"fill":"#ff0000"},"bbox":[-3.54105,40.1088,-3.66733,40.1963],"geometry":{"type":"Polygon","coordinates":[[[-3.54105,40.1963],[-3.66733,40.1963],[-3.66733,40.1088],[-3.54105,40.1088],[-3.54105,40.1963]]]}},{"type":"Feature","properties":{"name":"Ciempozuelos--2804003001--raspberryOld","number_of_ads_buy":30,"average_prize_buy":1414.56,"number_of_ads_rent":0,"average_prize_rent":0,"normalized_prize_buy":0.9704786668404696,"normalized_ads_buy":1,"normalized_prize_rent":null,"normalized_ads_rent":0,"date":"2018-12-07T07:59:46.000Z","fill-opacity":0.7763829334723757,"fill":"#ff0000"},"bbox":[-3.61656,40.1601,-3.62232,40.1637],"geometry":{"type":"Polygon","coordinates":[[[-3.61656,40.1637],[-3.62232,40.1637],[-3.62232,40.1601],[-3.61656,40.1601],[-3.61656,40.1637]]]}},{"type":"Feature","properties":{"name":"Ciempozuelos--2804003002--raspberryOld","number_of_ads_buy":22,"average_prize_buy":1318.38,"number_of_ads_rent":0,"average_prize_rent":0,"normalized_prize_buy":0.9044930330202596,"normalized_ads_buy":0.7333333333333333,"normalized_prize_rent":null,"normalized_ads_rent":0,"date":"2018-12-07T08:00:34.000Z","fill-opacity":0.7235944264162077,"fill":"#ff0000"},"bbox":[-3.61305,40.1628,-3.64689,40.1782],"geometry":{"type":"Polygon","coordinates":[[[-3.61305,40.1782],[-3.64689,40.1782],[-3.64689,40.1628],[-3.61305,40.1628],[-3.61305,40.1782]]]}}]}