{"type":"FeatureCollection","features":[{"type":"Feature","properties":{"name":"Ciempozuelos--piece--0-0--raspberry3bp","number_of_ads_buy":0,"average_prize_buy":0,"number_of_ads_rent":0,"average_prize_rent":0,"normalized_prize_buy":null,"normalized_ads_buy":null,"normalized_prize_rent":null,"normalized_ads_rent":null,"date":"2018-12-06T18:33:04.000Z","fill-opacity":null,"fill":"#ff0000"},"bbox":[-3.63038,40.166,-3.63616,40.1709],"geometry":{"type":"Polygon","coordinates":[[[-3.63038,40.1709],[-3.63616,40.1709],[-3.63616,40.166],[-3.63038,40.166],[-3.63038,40.1709]]]}},{"type":"Feature","properties":{"name":"Ciempozuelos--piece--0-1--raspberry3bp","number_of_ads_buy":0,"average_prize_buy":0,"number_of_ads_rent":0,"average_prize_rent":0,"normalized_prize_buy":null,"normalized_ads_buy":null,"normalized_prize_rent":null,"normalized_ads_rent":null,"date":"2018-12-06T18:33:25.000Z","fill-opacity":null,"fill":"#ff0000"},"bbox":[-3.63038,40.161,-3.63616,40.166],"geometry":{"type":"Polygon","coordinates":[[[-3.63038,40.166],[-3.63616,40.166],[-3.63616,40.161],[-3.63038,40.161],[-3.63038,40.166]]]}},{"type":"Feature","properties":{"name":"Ciempozuelos--piece--0-2--raspberry3bp","number_of_ads_buy":0,"average_prize_buy":0,"number_of_ads_rent":0,"average_prize_rent":0,"normalized_prize_buy":null,"normalized_ads_buy":null,"normalized_prize_rent":null,"normalized_ads_rent":null,"date":"2018-12-06T18:33:46.000Z","fill-opacity":null,"fill":"#ff0000"},"bbox":[-3.63038,40.1561,-3.63616,40.161],"geometry":{"type":"Polygon","coordinates":[[[-3.63038,40.161],[-3.63616,40.161],[-3.63616,40.1561],[-3.63038,40.1561],[-3.63038,40.161]]]}},{"type":"Feature","properties":{"name":"Ciempozuelos--piece--0-3--raspberry3bp","number_of_ads_buy":0,"average_prize_buy":0,"number_of_ads_rent":1,"average_prize_rent":0,"normalized_prize_buy":null,"normalized_ads_buy":null,"normalized_prize_rent":null,"normalized_ads_rent":null,"date":"2018-12-06T18:34:05.000Z","fill-opacity":null,"fill":"#ff0000"},"bbox":[-3.63038,40.1512,-3.63616,40.1561],"geometry":{"type":"Polygon","coordinates":[[[-3.63038,40.1561],[-3.63616,40.1561],[-3.63616,40.1512],[-3.63038,40.1512],[-3.63038,40.1561]]]}},{"type":"Feature","properties":{"name":"Ciempozuelos--piece--1-0--raspberry3bp","number_of_ads_buy":0,"average_prize_buy":0,"number_of_ads_rent":0,"average_prize_rent":0,"normalized_prize_buy":null,"normalized_ads_buy":null,"normalized_prize_rent":null,"normalized_ads_rent":null,"date":"2018-12-06T18:34:26.000Z","fill-opacity":null,"fill":"#ff0000"},"bbox":[-3.6246,40.166,-3.63038,40.1709],"geometry":{"type":"Polygon","coordinates":[[[-3.6246,40.1709],[-3.63038,40.1709],[-3.63038,40.166],[-3.6246,40.166],[-3.6246,40.1709]]]}},{"type":"Feature","properties":{"name":"Ciempozuelos--piece--1-1--raspberry3bp","number_of_ads_buy":0,"average_prize_buy":0,"number_of_ads_rent":0,"average_prize_rent":0,"normalized_prize_buy":null,"normalized_ads_buy":null,"normalized_prize_rent":null,"normalized_ads_rent":null,"date":"2018-12-06T18:35:05.000Z","fill-opacity":null,"fill":"#ff0000"},"bbox":[-3.6246,40.161,-3.63038,40.166],"geometry":{"type":"Polygon","coordinates":[[[-3.6246,40.166],[-3.63038,40.166],[-3.63038,40.161],[-3.6246,40.161],[-3.6246,40.166]]]}},{"type":"Feature","properties":{"name":"Ciempozuelos--piece--1-2--raspberry3bp","number_of_ads_buy":0,"average_prize_buy":0,"number_of_ads_rent":4,"average_prize_rent":0,"normalized_prize_buy":null,"normalized_ads_buy":null,"normalized_prize_rent":null,"normalized_ads_rent":null,"date":"2018-12-06T18:35:22.000Z","fill-opacity":null,"fill":"#ff0000"},"bbox":[-3.6246,40.1561,-3.63038,40.161],"geometry":{"type":"Polygon","coordinates":[[[-3.6246,40.161],[-3.63038,40.161],[-3.63038,40.1561],[-3.6246,40.1561],[-3.6246,40.161]]]}},{"type":"Feature","properties":{"name":"Ciempozuelos--piece--1-3--raspberry3bp","number_of_ads_buy":0,"average_prize_buy":0,"number_of_ads_rent":0,"average_prize_rent":0,"normalized_prize_buy":null,"normalized_ads_buy":null,"normalized_prize_rent":null,"normalized_ads_rent":null,"date":"2018-12-06T18:35:47.000Z","fill-opacity":null,"fill":"#ff0000"},"bbox":[-3.6246,40.1512,-3.63038,40.1561],"geometry":{"type":"Polygon","coordinates":[[[-3.6246,40.1561],[-3.63038,40.1561],[-3.63038,40.1512],[-3.6246,40.1512],[-3.6246,40.1561]]]}},{"type":"Feature","properties":{"name":"Ciempozuelos--piece--2-0--raspberry3bp","number_of_ads_buy":0,"average_prize_buy":0,"number_of_ads_rent":0,"average_prize_rent":0,"normalized_prize_buy":null,"normalized_ads_buy":null,"normalized_prize_rent":null,"normalized_ads_rent":null,"date":"2018-12-06T18:36:02.000Z","fill-opacity":null,"fill":"#ff0000"},"bbox":[-3.61882,40.166,-3.6246,40.1709],"geometry":{"type":"Polygon","coordinates":[[[-3.61882,40.1709],[-3.6246,40.1709],[-3.6246,40.166],[-3.61882,40.166],[-3.61882,40.1709]]]}},{"type":"Feature","properties":{"name":"Ciempozuelos--piece--2-1--raspberry3bp","number_of_ads_buy":0,"average_prize_buy":0,"number_of_ads_rent":3,"average_prize_rent":0,"normalized_prize_buy":null,"normalized_ads_buy":null,"normalized_prize_rent":null,"normalized_ads_rent":null,"date":"2018-12-06T18:36:15.000Z","fill-opacity":null,"fill":"#ff0000"},"bbox":[-3.61882,40.161,-3.6246,40.166],"geometry":{"type":"Polygon","coordinates":[[[-3.61882,40.166],[-3.6246,40.166],[-3.6246,40.161],[-3.61882,40.161],[-3.61882,40.166]]]}},{"type":"Feature","properties":{"name":"Ciempozuelos--piece--2-2--raspberry3bp","number_of_ads_buy":0,"average_prize_buy":0,"number_of_ads_rent":3,"average_prize_rent":0,"normalized_prize_buy":null,"normalized_ads_buy":null,"normalized_prize_rent":null,"normalized_ads_rent":null,"date":"2018-12-06T18:36:31.000Z","fill-opacity":null,"fill":"#ff0000"},"bbox":[-3.61882,40.1561,-3.6246,40.161],"geometry":{"type":"Polygon","coordinates":[[[-3.61882,40.161],[-3.6246,40.161],[-3.6246,40.1561],[-3.61882,40.1561],[-3.61882,40.161]]]}},{"type":"Feature","properties":{"name":"Ciempozuelos--piece--2-3--raspberry3bp","number_of_ads_buy":0,"average_prize_buy":0,"number_of_ads_rent":1,"average_prize_rent":0,"normalized_prize_buy":null,"normalized_ads_buy":null,"normalized_prize_rent":null,"normalized_ads_rent":null,"date":"2018-12-06T18:36:47.000Z","fill-opacity":null,"fill":"#ff0000"},"bbox":[-3.61882,40.1512,-3.6246,40.1561],"geometry":{"type":"Polygon","coordinates":[[[-3.61882,40.1561],[-3.6246,40.1561],[-3.6246,40.1512],[-3.61882,40.1512],[-3.61882,40.1561]]]}},{"type":"Feature","properties":{"name":"Ciempozuelos--piece--3-0--raspberry3bp","number_of_ads_buy":0,"average_prize_buy":0,"number_of_ads_rent":0,"average_prize_rent":0,"normalized_prize_buy":null,"normalized_ads_buy":null,"normalized_prize_rent":null,"normalized_ads_rent":null,"date":"2018-12-06T18:37:09.000Z","fill-opacity":null,"fill":"#ff0000"},"bbox":[-3.61303,40.166,-3.61882,40.1709],"geometry":{"type":"Polygon","coordinates":[[[-3.61303,40.1709],[-3.61882,40.1709],[-3.61882,40.166],[-3.61303,40.166],[-3.61303,40.1709]]]}},{"type":"Feature","properties":{"name":"Ciempozuelos--piece--3-1--raspberry3bp","number_of_ads_buy":0,"average_prize_buy":0,"number_of_ads_rent":0,"average_prize_rent":0,"normalized_prize_buy":null,"normalized_ads_buy":null,"normalized_prize_rent":null,"normalized_ads_rent":null,"date":"2018-12-06T18:37:26.000Z","fill-opacity":null,"fill":"#ff0000"},"bbox":[-3.61303,40.161,-3.61882,40.166],"geometry":{"type":"Polygon","coordinates":[[[-3.61303,40.166],[-3.61882,40.166],[-3.61882,40.161],[-3.61303,40.161],[-3.61303,40.166]]]}},{"type":"Feature","properties":{"name":"Ciempozuelos--piece--3-2--raspberry3bp","number_of_ads_buy":0,"average_prize_buy":0,"number_of_ads_rent":3,"average_prize_rent":0,"normalized_prize_buy":null,"normalized_ads_buy":null,"normalized_prize_rent":null,"normalized_ads_rent":null,"date":"2018-12-06T18:37:51.000Z","fill-opacity":null,"fill":"#ff0000"},"bbox":[-3.61303,40.1561,-3.61882,40.161],"geometry":{"type":"Polygon","coordinates":[[[-3.61303,40.161],[-3.61882,40.161],[-3.61882,40.1561],[-3.61303,40.1561],[-3.61303,40.161]]]}},{"type":"Feature","properties":{"name":"Ciempozuelos--piece--3-3--raspberry3bp","number_of_ads_buy":0,"average_prize_buy":0,"number_of_ads_rent":0,"average_prize_rent":0,"normalized_prize_buy":null,"normalized_ads_buy":null,"normalized_prize_rent":null,"normalized_ads_rent":null,"date":"2018-12-06T18:38:10.000Z","fill-opacity":null,"fill":"#ff0000"},"bbox":[-3.61303,40.1512,-3.61882,40.1561],"geometry":{"type":"Polygon","coordinates":[[[-3.61303,40.1561],[-3.61882,40.1561],[-3.61882,40.1512],[-3.61303,40.1512],[-3.61303,40.1561]]]}},{"type":"Feature","properties":{"name":"Ciempozuelos--piece--4-0--raspberry3bp","number_of_ads_buy":0,"average_prize_buy":0,"number_of_ads_rent":0,"average_prize_rent":0,"normalized_prize_buy":null,"normalized_ads_buy":null,"normalized_prize_rent":null,"normalized_ads_rent":null,"date":"2018-12-06T18:38:36.000Z","fill-opacity":null,"fill":"#ff0000"},"bbox":[-3.60725,40.166,-3.61303,40.1709],"geometry":{"type":"Polygon","coordinates":[[[-3.60725,40.1709],[-3.61303,40.1709],[-3.61303,40.166],[-3.60725,40.166],[-3.60725,40.1709]]]}},{"type":"Feature","properties":{"name":"Ciempozuelos--piece--4-1--raspberry3bp","number_of_ads_buy":0,"average_prize_buy":0,"number_of_ads_rent":0,"average_prize_rent":0,"normalized_prize_buy":null,"normalized_ads_buy":null,"normalized_prize_rent":null,"normalized_ads_rent":null,"date":"2018-12-06T18:38:52.000Z","fill-opacity":null,"fill":"#ff0000"},"bbox":[-3.60725,40.161,-3.61303,40.166],"geometry":{"type":"Polygon","coordinates":[[[-3.60725,40.166],[-3.61303,40.166],[-3.61303,40.161],[-3.60725,40.161],[-3.60725,40.166]]]}},{"type":"Feature","properties":{"name":"Ciempozuelos--piece--4-2--raspberry3bp","number_of_ads_buy":0,"average_prize_buy":0,"number_of_ads_rent":0,"average_prize_rent":0,"normalized_prize_buy":null,"normalized_ads_buy":null,"normalized_prize_rent":null,"normalized_ads_rent":null,"date":"2018-12-06T18:39:09.000Z","fill-opacity":null,"fill":"#ff0000"},"bbox":[-3.60725,40.1561,-3.61303,40.161],"geometry":{"type":"Polygon","coordinates":[[[-3.60725,40.161],[-3.61303,40.161],[-3.61303,40.1561],[-3.60725,40.1561],[-3.60725,40.161]]]}},{"type":"Feature","properties":{"name":"Ciempozuelos--piece--4-3--raspberry3bp","number_of_ads_buy":0,"average_prize_buy":0,"number_of_ads_rent":0,"average_prize_rent":0,"normalized_prize_buy":null,"normalized_ads_buy":null,"normalized_prize_rent":null,"normalized_ads_rent":null,"date":"2018-12-06T18:39:22.000Z","fill-opacity":null,"fill":"#ff0000"},"bbox":[-3.60725,40.1512,-3.61303,40.1561],"geometry":{"type":"Polygon","coordinates":[[[-3.60725,40.1561],[-3.61303,40.1561],[-3.61303,40.1512],[-3.60725,40.1512],[-3.60725,40.1561]]]}}]}