{"type":"FeatureCollection","features":[{"type":"Feature","properties":{"name":"Ciempozuelos--piece--0-0--gCloud","number_of_ads_buy":0,"average_prize_buy":0,"number_of_ads_rent":0,"average_prize_rent":0,"normalized_prize_buy":0,"normalized_ads_buy":0,"normalized_prize_rent":null,"normalized_ads_rent":0,"date":"2018-12-03T17:16:53.000Z","fill-opacity":0,"fill":"#ff0000"},"bbox":[-3.63038,40.166,-3.63616,40.1709],"geometry":{"type":"Polygon","coordinates":[[[-3.63038,40.1709],[-3.63616,40.1709],[-3.63616,40.166],[-3.63038,40.166],[-3.63038,40.1709]]]}},{"type":"Feature","properties":{"name":"Ciempozuelos--piece--0-1--gCloud","number_of_ads_buy":0,"average_prize_buy":0,"number_of_ads_rent":0,"average_prize_rent":0,"normalized_prize_buy":0,"normalized_ads_buy":0,"normalized_prize_rent":null,"normalized_ads_rent":0,"date":"2018-12-03T17:17:04.000Z","fill-opacity":0,"fill":"#ff0000"},"bbox":[-3.63038,40.161,-3.63616,40.166],"geometry":{"type":"Polygon","coordinates":[[[-3.63038,40.166],[-3.63616,40.166],[-3.63616,40.161],[-3.63038,40.161],[-3.63038,40.166]]]}},{"type":"Feature","properties":{"name":"Ciempozuelos--piece--0-2--gCloud","number_of_ads_buy":0,"average_prize_buy":0,"number_of_ads_rent":0,"average_prize_rent":0,"normalized_prize_buy":0,"normalized_ads_buy":0,"normalized_prize_rent":null,"normalized_ads_rent":0,"date":"2018-12-03T17:17:12.000Z","fill-opacity":0,"fill":"#ff0000"},"bbox":[-3.63038,40.1561,-3.63616,40.161],"geometry":{"type":"Polygon","coordinates":[[[-3.63038,40.161],[-3.63616,40.161],[-3.63616,40.1561],[-3.63038,40.1561],[-3.63038,40.161]]]}},{"type":"Feature","properties":{"name":"Ciempozuelos--piece--0-3--gCloud","number_of_ads_buy":21,"average_prize_buy":1191.23,"number_of_ads_rent":0,"average_prize_rent":0,"normalized_prize_buy":0.6414325252808081,"normalized_ads_buy":0.7,"normalized_prize_rent":null,"normalized_ads_rent":0,"date":"2018-12-03T17:17:18.000Z","fill-opacity":0.5131460202246465,"fill":"#ff0000"},"bbox":[-3.63038,40.1512,-3.63616,40.1561],"geometry":{"type":"Polygon","coordinates":[[[-3.63038,40.1561],[-3.63616,40.1561],[-3.63616,40.1512],[-3.63038,40.1512],[-3.63038,40.1561]]]}},{"type":"Feature","properties":{"name":"Ciempozuelos--piece--1-0--gCloud","number_of_ads_buy":0,"average_prize_buy":0,"number_of_ads_rent":0,"average_prize_rent":0,"normalized_prize_buy":0,"normalized_ads_buy":0,"normalized_prize_rent":null,"normalized_ads_rent":0,"date":"2018-12-03T17:17:28.000Z","fill-opacity":0,"fill":"#ff0000"},"bbox":[-3.6246,40.166,-3.63038,40.1709],"geometry":{"type":"Polygon","coordinates":[[[-3.6246,40.1709],[-3.63038,40.1709],[-3.63038,40.166],[-3.6246,40.166],[-3.6246,40.1709]]]}},{"type":"Feature","properties":{"name":"Ciempozuelos--piece--1-1--gCloud","number_of_ads_buy":8,"average_prize_buy":1555.71,"number_of_ads_rent":0,"average_prize_rent":0,"normalized_prize_buy":0.8376912887558289,"normalized_ads_buy":0.26666666666666666,"normalized_prize_rent":null,"normalized_ads_rent":0,"date":"2018-12-03T17:17:41.000Z","fill-opacity":0.6701530310046632,"fill":"#ff0000"},"bbox":[-3.6246,40.161,-3.63038,40.166],"geometry":{"type":"Polygon","coordinates":[[[-3.6246,40.166],[-3.63038,40.166],[-3.63038,40.161],[-3.6246,40.161],[-3.6246,40.166]]]}},{"type":"Feature","properties":{"name":"Ciempozuelos--piece--1-2--gCloud","number_of_ads_buy":5,"average_prize_buy":1367.18,"number_of_ads_rent":1,"average_prize_rent":7.09459,"normalized_prize_buy":0.7361749787307365,"normalized_ads_buy":0.16666666666666666,"normalized_prize_rent":null,"normalized_ads_rent":0.03333333333333333,"date":"2018-12-03T17:17:52.000Z","fill-opacity":0.5889399829845892,"fill":"#ff0000"},"bbox":[-3.6246,40.1561,-3.63038,40.161],"geometry":{"type":"Polygon","coordinates":[[[-3.6246,40.161],[-3.63038,40.161],[-3.63038,40.1561],[-3.6246,40.1561],[-3.6246,40.161]]]}},{"type":"Feature","properties":{"name":"Ciempozuelos--piece--1-3--gCloud","number_of_ads_buy":29,"average_prize_buy":1201.5,"number_of_ads_rent":0,"average_prize_rent":0,"normalized_prize_buy":0.6469625337885135,"normalized_ads_buy":0.9666666666666667,"normalized_prize_rent":null,"normalized_ads_rent":0,"date":"2018-12-03T17:18:03.000Z","fill-opacity":0.5175700270308109,"fill":"#ff0000"},"bbox":[-3.6246,40.1512,-3.63038,40.1561],"geometry":{"type":"Polygon","coordinates":[[[-3.6246,40.1561],[-3.63038,40.1561],[-3.63038,40.1512],[-3.6246,40.1512],[-3.6246,40.1561]]]}},{"type":"Feature","properties":{"name":"Ciempozuelos--piece--2-0--gCloud","number_of_ads_buy":0,"average_prize_buy":0,"number_of_ads_rent":0,"average_prize_rent":0,"normalized_prize_buy":0,"normalized_ads_buy":0,"normalized_prize_rent":null,"normalized_ads_rent":0,"date":"2018-12-03T17:18:22.000Z","fill-opacity":0,"fill":"#ff0000"},"bbox":[-3.61882,40.166,-3.6246,40.1709],"geometry":{"type":"Polygon","coordinates":[[[-3.61882,40.1709],[-3.6246,40.1709],[-3.6246,40.166],[-3.61882,40.166],[-3.61882,40.1709]]]}},{"type":"Feature","properties":{"name":"Ciempozuelos--piece--2-1--gCloud","number_of_ads_buy":30,"average_prize_buy":1341.27,"number_of_ads_rent":0,"average_prize_rent":0,"normalized_prize_buy":0.7222234188052596,"normalized_ads_buy":1,"normalized_prize_rent":null,"normalized_ads_rent":0,"date":"2018-12-03T17:18:51.000Z","fill-opacity":0.5777787350442077,"fill":"#ff0000"},"bbox":[-3.61882,40.161,-3.6246,40.166],"geometry":{"type":"Polygon","coordinates":[[[-3.61882,40.166],[-3.6246,40.166],[-3.6246,40.161],[-3.61882,40.161],[-3.61882,40.166]]]}},{"type":"Feature","properties":{"name":"Ciempozuelos--piece--2-2--gCloud","number_of_ads_buy":30,"average_prize_buy":1280.68,"number_of_ads_rent":7,"average_prize_rent":6.75661,"normalized_prize_buy":0.6895979839968984,"normalized_ads_buy":1,"normalized_prize_rent":null,"normalized_ads_rent":0.23333333333333334,"date":"2018-12-03T17:18:59.000Z","fill-opacity":0.5516783871975187,"fill":"#ff0000"},"bbox":[-3.61882,40.1561,-3.6246,40.161],"geometry":{"type":"Polygon","coordinates":[[[-3.61882,40.161],[-3.6246,40.161],[-3.6246,40.1561],[-3.61882,40.1561],[-3.61882,40.161]]]}},{"type":"Feature","properties":{"name":"Ciempozuelos--piece--2-3--gCloud","number_of_ads_buy":23,"average_prize_buy":1296.85,"number_of_ads_rent":2,"average_prize_rent":7.35577,"normalized_prize_buy":0.6983049204691083,"normalized_ads_buy":0.7666666666666667,"normalized_prize_rent":null,"normalized_ads_rent":0.06666666666666667,"date":"2018-12-03T17:19:05.000Z","fill-opacity":0.5586439363752866,"fill":"#ff0000"},"bbox":[-3.61882,40.1512,-3.6246,40.1561],"geometry":{"type":"Polygon","coordinates":[[[-3.61882,40.1561],[-3.6246,40.1561],[-3.6246,40.1512],[-3.61882,40.1512],[-3.61882,40.1561]]]}},{"type":"Feature","properties":{"name":"Ciempozuelos--piece--3-0--gCloud","number_of_ads_buy":1,"average_prize_buy":1857.14,"number_of_ads_rent":0,"average_prize_rent":0,"normalized_prize_buy":1,"normalized_ads_buy":0.03333333333333333,"normalized_prize_rent":null,"normalized_ads_rent":0,"date":"2018-12-03T17:19:13.000Z","fill-opacity":0.8,"fill":"#ff0000"},"bbox":[-3.61303,40.166,-3.61882,40.1709],"geometry":{"type":"Polygon","coordinates":[[[-3.61303,40.1709],[-3.61882,40.1709],[-3.61882,40.166],[-3.61303,40.166],[-3.61303,40.1709]]]}},{"type":"Feature","properties":{"name":"Ciempozuelos--piece--3-1--gCloud","number_of_ads_buy":8,"average_prize_buy":1579.68,"number_of_ads_rent":0,"average_prize_rent":0,"normalized_prize_buy":0.8505982316895873,"normalized_ads_buy":0.26666666666666666,"normalized_prize_rent":null,"normalized_ads_rent":0,"date":"2018-12-03T17:19:25.000Z","fill-opacity":0.6804785853516698,"fill":"#ff0000"},"bbox":[-3.61303,40.161,-3.61882,40.166],"geometry":{"type":"Polygon","coordinates":[[[-3.61303,40.166],[-3.61882,40.166],[-3.61882,40.161],[-3.61303,40.161],[-3.61303,40.166]]]}},{"type":"Feature","properties":{"name":"Ciempozuelos--piece--3-2--gCloud","number_of_ads_buy":29,"average_prize_buy":1303.99,"number_of_ads_rent":2,"average_prize_rent":20.8333,"normalized_prize_buy":0.7021495417685257,"normalized_ads_buy":0.9666666666666667,"normalized_prize_rent":null,"normalized_ads_rent":0.06666666666666667,"date":"2018-12-03T17:19:33.000Z","fill-opacity":0.5617196334148206,"fill":"#ff0000"},"bbox":[-3.61303,40.1561,-3.61882,40.161],"geometry":{"type":"Polygon","coordinates":[[[-3.61303,40.161],[-3.61882,40.161],[-3.61882,40.1561],[-3.61303,40.1561],[-3.61303,40.161]]]}},{"type":"Feature","properties":{"name":"Ciempozuelos--piece--3-3--gCloud","number_of_ads_buy":9,"average_prize_buy":1089.67,"number_of_ads_rent":0,"average_prize_rent":0,"normalized_prize_buy":0.5867462873019804,"normalized_ads_buy":0.3,"normalized_prize_rent":null,"normalized_ads_rent":0,"date":"2018-12-03T17:19:42.000Z","fill-opacity":0.4693970298415844,"fill":"#ff0000"},"bbox":[-3.61303,40.1512,-3.61882,40.1561],"geometry":{"type":"Polygon","coordinates":[[[-3.61303,40.1561],[-3.61882,40.1561],[-3.61882,40.1512],[-3.61303,40.1512],[-3.61303,40.1561]]]}},{"type":"Feature","properties":{"name":"Ciempozuelos--piece--4-0--gCloud","number_of_ads_buy":0,"average_prize_buy":0,"number_of_ads_rent":0,"average_prize_rent":0,"normalized_prize_buy":0,"normalized_ads_buy":0,"normalized_prize_rent":null,"normalized_ads_rent":0,"date":"2018-12-03T17:19:47.000Z","fill-opacity":0,"fill":"#ff0000"},"bbox":[-3.60725,40.166,-3.61303,40.1709],"geometry":{"type":"Polygon","coordinates":[[[-3.60725,40.1709],[-3.61303,40.1709],[-3.61303,40.166],[-3.60725,40.166],[-3.60725,40.1709]]]}},{"type":"Feature","properties":{"name":"Ciempozuelos--piece--4-1--gCloud","number_of_ads_buy":0,"average_prize_buy":0,"number_of_ads_rent":0,"average_prize_rent":0,"normalized_prize_buy":0,"normalized_ads_buy":0,"normalized_prize_rent":null,"normalized_ads_rent":0,"date":"2018-12-03T17:19:55.000Z","fill-opacity":0,"fill":"#ff0000"},"bbox":[-3.60725,40.161,-3.61303,40.166],"geometry":{"type":"Polygon","coordinates":[[[-3.60725,40.166],[-3.61303,40.166],[-3.61303,40.161],[-3.60725,40.161],[-3.60725,40.166]]]}},{"type":"Feature","properties":{"name":"Ciempozuelos--piece--4-2--gCloud","number_of_ads_buy":0,"average_prize_buy":0,"number_of_ads_rent":0,"average_prize_rent":0,"normalized_prize_buy":0,"normalized_ads_buy":0,"normalized_prize_rent":null,"normalized_ads_rent":0,"date":"2018-12-03T17:20:01.000Z","fill-opacity":0,"fill":"#ff0000"},"bbox":[-3.60725,40.1561,-3.61303,40.161],"geometry":{"type":"Polygon","coordinates":[[[-3.60725,40.161],[-3.61303,40.161],[-3.61303,40.1561],[-3.60725,40.1561],[-3.60725,40.161]]]}},{"type":"Feature","properties":{"name":"Ciempozuelos--piece--4-3--gCloud","number_of_ads_buy":3,"average_prize_buy":963.617,"number_of_ads_rent":0,"average_prize_rent":0,"normalized_prize_buy":0.5188714905715239,"normalized_ads_buy":0.1,"normalized_prize_rent":null,"normalized_ads_rent":0,"date":"2018-12-03T17:20:06.000Z","fill-opacity":0.41509719245721916,"fill":"#ff0000"},"bbox":[-3.60725,40.1512,-3.61303,40.1561],"geometry":{"type":"Polygon","coordinates":[[[-3.60725,40.1561],[-3.61303,40.1561],[-3.61303,40.1512],[-3.60725,40.1512],[-3.60725,40.1561]]]}}]}