{"type":"FeatureCollection","features":[{"type":"Feature","properties":{"name":"Collado Villalba--piece--0-0--gCloud","number_of_ads_buy":0,"average_prize_buy":0,"number_of_ads_rent":0,"average_prize_rent":0,"normalized_prize_buy":0,"normalized_ads_buy":0,"normalized_prize_rent":null,"normalized_ads_rent":0,"date":"2018-12-07T09:57:12.000Z","fill-opacity":0,"fill":"#ff0000"},"bbox":[-4.02449,40.6487,-4.02967,40.6541],"geometry":{"type":"Polygon","coordinates":[[[-4.02449,40.6541],[-4.02967,40.6541],[-4.02967,40.6487],[-4.02449,40.6487],[-4.02449,40.6541]]]}},{"type":"Feature","properties":{"name":"Collado Villalba--piece--0-1--gCloud","number_of_ads_buy":1,"average_prize_buy":1695,"number_of_ads_rent":0,"average_prize_rent":0,"normalized_prize_buy":0.47459981016007596,"normalized_ads_buy":0.03333333333333333,"normalized_prize_rent":null,"normalized_ads_rent":0,"date":"2018-12-07T09:57:23.000Z","fill-opacity":0.37967984812806077,"fill":"#ff0000"},"bbox":[-4.02449,40.6433,-4.02967,40.6487],"geometry":{"type":"Polygon","coordinates":[[[-4.02449,40.6487],[-4.02967,40.6487],[-4.02967,40.6433],[-4.02449,40.6433],[-4.02449,40.6487]]]}},{"type":"Feature","properties":{"name":"Collado Villalba--piece--0-2--gCloud","number_of_ads_buy":1,"average_prize_buy":3571.43,"number_of_ads_rent":0,"average_prize_rent":0,"normalized_prize_buy":1,"normalized_ads_buy":0.03333333333333333,"normalized_prize_rent":null,"normalized_ads_rent":0,"date":"2018-12-07T09:57:28.000Z","fill-opacity":0.8,"fill":"#ff0000"},"bbox":[-4.02449,40.6378,-4.02967,40.6433],"geometry":{"type":"Polygon","coordinates":[[[-4.02449,40.6433],[-4.02967,40.6433],[-4.02967,40.6378],[-4.02449,40.6378],[-4.02449,40.6433]]]}},{"type":"Feature","properties":{"name":"Collado Villalba--piece--0-3--gCloud","number_of_ads_buy":2,"average_prize_buy":1106.39,"number_of_ads_rent":0,"average_prize_rent":0,"normalized_prize_buy":0.3097890760843696,"normalized_ads_buy":0.06666666666666667,"normalized_prize_rent":null,"normalized_ads_rent":0,"date":"2018-12-07T09:57:38.000Z","fill-opacity":0.2478312608674957,"fill":"#ff0000"},"bbox":[-4.02449,40.6324,-4.02967,40.6378],"geometry":{"type":"Polygon","coordinates":[[[-4.02449,40.6378],[-4.02967,40.6378],[-4.02967,40.6324],[-4.02449,40.6324],[-4.02449,40.6378]]]}},{"type":"Feature","properties":{"name":"Collado Villalba--piece--0-4--gCloud","number_of_ads_buy":3,"average_prize_buy":1532.34,"number_of_ads_rent":0,"average_prize_rent":0,"normalized_prize_buy":0.42905502837798865,"normalized_ads_buy":0.1,"normalized_prize_rent":null,"normalized_ads_rent":0,"date":"2018-12-07T09:57:44.000Z","fill-opacity":0.34324402270239096,"fill":"#ff0000"},"bbox":[-4.02449,40.627,-4.02967,40.6324],"geometry":{"type":"Polygon","coordinates":[[[-4.02449,40.6324],[-4.02967,40.6324],[-4.02967,40.627],[-4.02449,40.627],[-4.02449,40.6324]]]}},{"type":"Feature","properties":{"name":"Collado Villalba--piece--0-5--gCloud","number_of_ads_buy":15,"average_prize_buy":1486.62,"number_of_ads_rent":0,"average_prize_rent":0,"normalized_prize_buy":0.4162534334986266,"normalized_ads_buy":0.5,"normalized_prize_rent":null,"normalized_ads_rent":0,"date":"2018-12-07T09:57:53.000Z","fill-opacity":0.3330027467989013,"fill":"#ff0000"},"bbox":[-4.02449,40.6216,-4.02967,40.627],"geometry":{"type":"Polygon","coordinates":[[[-4.02449,40.627],[-4.02967,40.627],[-4.02967,40.6216],[-4.02449,40.6216],[-4.02449,40.627]]]}},{"type":"Feature","properties":{"name":"Collado Villalba--piece--0-6--gCloud","number_of_ads_buy":6,"average_prize_buy":1112.56,"number_of_ads_rent":0,"average_prize_rent":0,"normalized_prize_buy":0.31151667539332983,"normalized_ads_buy":0.2,"normalized_prize_rent":null,"normalized_ads_rent":0,"date":"2018-12-07T09:57:59.000Z","fill-opacity":0.24921334031466388,"fill":"#ff0000"},"bbox":[-4.02449,40.6162,-4.02967,40.6216],"geometry":{"type":"Polygon","coordinates":[[[-4.02449,40.6216],[-4.02967,40.6216],[-4.02967,40.6162],[-4.02449,40.6162],[-4.02449,40.6216]]]}},{"type":"Feature","properties":{"name":"Collado Villalba--piece--1-0--gCloud","number_of_ads_buy":1,"average_prize_buy":1530,"number_of_ads_rent":0,"average_prize_rent":0,"normalized_prize_buy":0.42839982864006854,"normalized_ads_buy":0.03333333333333333,"normalized_prize_rent":null,"normalized_ads_rent":0,"date":"2018-12-07T09:58:04.000Z","fill-opacity":0.34271986291205486,"fill":"#ff0000"},"bbox":[-4.01932,40.6487,-4.02449,40.6541],"geometry":{"type":"Polygon","coordinates":[[[-4.01932,40.6541],[-4.02449,40.6541],[-4.02449,40.6487],[-4.01932,40.6487],[-4.01932,40.6541]]]}},{"type":"Feature","properties":{"name":"Collado Villalba--piece--1-1--gCloud","number_of_ads_buy":22,"average_prize_buy":1593.53,"number_of_ads_rent":0,"average_prize_rent":0,"normalized_prize_buy":0.4461882215247114,"normalized_ads_buy":0.7333333333333333,"normalized_prize_rent":null,"normalized_ads_rent":0,"date":"2018-12-07T09:58:13.000Z","fill-opacity":0.35695057721976914,"fill":"#ff0000"},"bbox":[-4.01932,40.6433,-4.02449,40.6487],"geometry":{"type":"Polygon","coordinates":[[[-4.01932,40.6487],[-4.02449,40.6487],[-4.02449,40.6433],[-4.01932,40.6433],[-4.01932,40.6487]]]}},{"type":"Feature","properties":{"name":"Collado Villalba--piece--1-2--gCloud","number_of_ads_buy":22,"average_prize_buy":1550.33,"number_of_ads_rent":0,"average_prize_rent":0,"normalized_prize_buy":0.43409222636310946,"normalized_ads_buy":0.7333333333333333,"normalized_prize_rent":null,"normalized_ads_rent":0,"date":"2018-12-07T09:58:26.000Z","fill-opacity":0.34727378109048757,"fill":"#ff0000"},"bbox":[-4.01932,40.6378,-4.02449,40.6433],"geometry":{"type":"Polygon","coordinates":[[[-4.01932,40.6433],[-4.02449,40.6433],[-4.02449,40.6378],[-4.01932,40.6378],[-4.01932,40.6433]]]}},{"type":"Feature","properties":{"name":"Collado Villalba--piece--1-3--gCloud","number_of_ads_buy":6,"average_prize_buy":1485.29,"number_of_ads_rent":0,"average_prize_rent":0,"normalized_prize_buy":0.41588103364758655,"normalized_ads_buy":0.2,"normalized_prize_rent":null,"normalized_ads_rent":0,"date":"2018-12-07T09:58:31.000Z","fill-opacity":0.33270482691806924,"fill":"#ff0000"},"bbox":[-4.01932,40.6324,-4.02449,40.6378],"geometry":{"type":"Polygon","coordinates":[[[-4.01932,40.6378],[-4.02449,40.6378],[-4.02449,40.6324],[-4.01932,40.6324],[-4.01932,40.6378]]]}},{"type":"Feature","properties":{"name":"Collado Villalba--piece--1-4--gCloud","number_of_ads_buy":7,"average_prize_buy":1316.21,"number_of_ads_rent":0,"average_prize_rent":0,"normalized_prize_buy":0.368538652584539,"normalized_ads_buy":0.23333333333333334,"normalized_prize_rent":null,"normalized_ads_rent":0,"date":"2018-12-07T09:58:40.000Z","fill-opacity":0.29483092206763123,"fill":"#ff0000"},"bbox":[-4.01932,40.627,-4.02449,40.6324],"geometry":{"type":"Polygon","coordinates":[[[-4.01932,40.6324],[-4.02449,40.6324],[-4.02449,40.627],[-4.01932,40.627],[-4.01932,40.6324]]]}},{"type":"Feature","properties":{"name":"Collado Villalba--piece--1-5--gCloud","number_of_ads_buy":0,"average_prize_buy":0,"number_of_ads_rent":0,"average_prize_rent":0,"normalized_prize_buy":0,"normalized_ads_buy":0,"normalized_prize_rent":null,"normalized_ads_rent":0,"date":"2018-12-07T09:58:45.000Z","fill-opacity":0,"fill":"#ff0000"},"bbox":[-4.01932,40.6216,-4.02449,40.627],"geometry":{"type":"Polygon","coordinates":[[[-4.01932,40.627],[-4.02449,40.627],[-4.02449,40.6216],[-4.01932,40.6216],[-4.01932,40.627]]]}},{"type":"Feature","properties":{"name":"Collado Villalba--piece--1-6--gCloud","number_of_ads_buy":11,"average_prize_buy":1832.3,"number_of_ads_rent":2,"average_prize_rent":11.5,"normalized_prize_buy":0.5130437947824821,"normalized_ads_buy":0.36666666666666664,"normalized_prize_rent":null,"normalized_ads_rent":0.06666666666666667,"date":"2018-12-07T09:58:51.000Z","fill-opacity":0.4104350358259857,"fill":"#ff0000"},"bbox":[-4.01932,40.6162,-4.02449,40.6216],"geometry":{"type":"Polygon","coordinates":[[[-4.01932,40.6216],[-4.02449,40.6216],[-4.02449,40.6162],[-4.01932,40.6162],[-4.01932,40.6216]]]}},{"type":"Feature","properties":{"name":"Collado Villalba--piece--2-0--gCloud","number_of_ads_buy":4,"average_prize_buy":1945.08,"number_of_ads_rent":0,"average_prize_rent":0,"normalized_prize_buy":0.5446221821511271,"normalized_ads_buy":0.13333333333333333,"normalized_prize_rent":null,"normalized_ads_rent":0,"date":"2018-12-07T09:59:02.000Z","fill-opacity":0.4356977457209017,"fill":"#ff0000"},"bbox":[-4.01414,40.6487,-4.01932,40.6541],"geometry":{"type":"Polygon","coordinates":[[[-4.01414,40.6541],[-4.01932,40.6541],[-4.01932,40.6487],[-4.01414,40.6487],[-4.01414,40.6541]]]}},{"type":"Feature","properties":{"name":"Collado Villalba--piece--2-1--gCloud","number_of_ads_buy":0,"average_prize_buy":0,"number_of_ads_rent":0,"average_prize_rent":0,"normalized_prize_buy":0,"normalized_ads_buy":0,"normalized_prize_rent":null,"normalized_ads_rent":0,"date":"2018-12-07T09:59:10.000Z","fill-opacity":0,"fill":"#ff0000"},"bbox":[-4.01414,40.6433,-4.01932,40.6487],"geometry":{"type":"Polygon","coordinates":[[[-4.01414,40.6487],[-4.01932,40.6487],[-4.01932,40.6433],[-4.01414,40.6433],[-4.01414,40.6487]]]}},{"type":"Feature","properties":{"name":"Collado Villalba--piece--2-2--gCloud","number_of_ads_buy":1,"average_prize_buy":1729.32,"number_of_ads_rent":0,"average_prize_rent":0,"normalized_prize_buy":0.4842094063162375,"normalized_ads_buy":0.03333333333333333,"normalized_prize_rent":null,"normalized_ads_rent":0,"date":"2018-12-07T09:59:21.000Z","fill-opacity":0.38736752505299,"fill":"#ff0000"},"bbox":[-4.01414,40.6378,-4.01932,40.6433],"geometry":{"type":"Polygon","coordinates":[[[-4.01414,40.6433],[-4.01932,40.6433],[-4.01932,40.6378],[-4.01414,40.6378],[-4.01414,40.6433]]]}},{"type":"Feature","properties":{"name":"Collado Villalba--piece--2-3--gCloud","number_of_ads_buy":16,"average_prize_buy":1844.89,"number_of_ads_rent":0,"average_prize_rent":0,"normalized_prize_buy":0.5165689933724027,"normalized_ads_buy":0.5333333333333333,"normalized_prize_rent":null,"normalized_ads_rent":0,"date":"2018-12-07T09:59:27.000Z","fill-opacity":0.41325519469792216,"fill":"#ff0000"},"bbox":[-4.01414,40.6324,-4.01932,40.6378],"geometry":{"type":"Polygon","coordinates":[[[-4.01414,40.6378],[-4.01932,40.6378],[-4.01932,40.6324],[-4.01414,40.6324],[-4.01414,40.6378]]]}},{"type":"Feature","properties":{"name":"Collado Villalba--piece--2-4--gCloud","number_of_ads_buy":30,"average_prize_buy":1841.87,"number_of_ads_rent":0,"average_prize_rent":0,"normalized_prize_buy":0.5157233937106425,"normalized_ads_buy":1,"normalized_prize_rent":null,"normalized_ads_rent":0,"date":"2018-12-07T09:59:36.000Z","fill-opacity":0.412578714968514,"fill":"#ff0000"},"bbox":[-4.01414,40.627,-4.01932,40.6324],"geometry":{"type":"Polygon","coordinates":[[[-4.01414,40.6324],[-4.01932,40.6324],[-4.01932,40.627],[-4.01414,40.627],[-4.01414,40.6324]]]}},{"type":"Feature","properties":{"name":"Collado Villalba--piece--2-5--gCloud","number_of_ads_buy":3,"average_prize_buy":1345.77,"number_of_ads_rent":0,"average_prize_rent":0,"normalized_prize_buy":0.3768154492738203,"normalized_ads_buy":0.1,"normalized_prize_rent":null,"normalized_ads_rent":0,"date":"2018-12-07T09:59:42.000Z","fill-opacity":0.3014523594190563,"fill":"#ff0000"},"bbox":[-4.01414,40.6216,-4.01932,40.627],"geometry":{"type":"Polygon","coordinates":[[[-4.01414,40.627],[-4.01932,40.627],[-4.01932,40.6216],[-4.01414,40.6216],[-4.01414,40.627]]]}},{"type":"Feature","properties":{"name":"Collado Villalba--piece--2-6--gCloud","number_of_ads_buy":14,"average_prize_buy":1587.28,"number_of_ads_rent":3,"average_prize_rent":8.56404,"normalized_prize_buy":0.44443822222471113,"normalized_ads_buy":0.4666666666666667,"normalized_prize_rent":null,"normalized_ads_rent":0.1,"date":"2018-12-07T09:59:47.000Z","fill-opacity":0.35555057777976895,"fill":"#ff0000"},"bbox":[-4.01414,40.6162,-4.01932,40.6216],"geometry":{"type":"Polygon","coordinates":[[[-4.01414,40.6216],[-4.01932,40.6216],[-4.01932,40.6162],[-4.01414,40.6162],[-4.01414,40.6216]]]}},{"type":"Feature","properties":{"name":"Collado Villalba--piece--3-0--gCloud","number_of_ads_buy":5,"average_prize_buy":1725.41,"number_of_ads_rent":0,"average_prize_rent":0,"normalized_prize_buy":0.48311460675415735,"normalized_ads_buy":0.16666666666666666,"normalized_prize_rent":null,"normalized_ads_rent":0,"date":"2018-12-07T09:59:53.000Z","fill-opacity":0.3864916854033259,"fill":"#ff0000"},"bbox":[-4.00896,40.6487,-4.01414,40.6541],"geometry":{"type":"Polygon","coordinates":[[[-4.00896,40.6541],[-4.01414,40.6541],[-4.01414,40.6487],[-4.00896,40.6487],[-4.00896,40.6541]]]}},{"type":"Feature","properties":{"name":"Collado Villalba--piece--3-1--gCloud","number_of_ads_buy":1,"average_prize_buy":2350,"number_of_ads_rent":0,"average_prize_rent":0,"normalized_prize_buy":0.6579997368001053,"normalized_ads_buy":0.03333333333333333,"normalized_prize_rent":null,"normalized_ads_rent":0,"date":"2018-12-07T10:00:13.000Z","fill-opacity":0.5263997894400843,"fill":"#ff0000"},"bbox":[-4.00896,40.6433,-4.01414,40.6487],"geometry":{"type":"Polygon","coordinates":[[[-4.00896,40.6487],[-4.01414,40.6487],[-4.01414,40.6433],[-4.00896,40.6433],[-4.00896,40.6487]]]}},{"type":"Feature","properties":{"name":"Collado Villalba--piece--3-2--gCloud","number_of_ads_buy":15,"average_prize_buy":1658.26,"number_of_ads_rent":2,"average_prize_rent":9.24167,"normalized_prize_buy":0.4643126142749543,"normalized_ads_buy":0.5,"normalized_prize_rent":null,"normalized_ads_rent":0.06666666666666667,"date":"2018-12-07T10:00:26.000Z","fill-opacity":0.37145009141996344,"fill":"#ff0000"},"bbox":[-4.00896,40.6378,-4.01414,40.6433],"geometry":{"type":"Polygon","coordinates":[[[-4.00896,40.6433],[-4.01414,40.6433],[-4.01414,40.6378],[-4.00896,40.6378],[-4.00896,40.6433]]]}},{"type":"Feature","properties":{"name":"Collado Villalba--piece--3-3--gCloud","number_of_ads_buy":12,"average_prize_buy":1503.13,"number_of_ads_rent":3,"average_prize_rent":9,"normalized_prize_buy":0.4208762316495074,"normalized_ads_buy":0.4,"normalized_prize_rent":null,"normalized_ads_rent":0.1,"date":"2018-12-07T10:00:32.000Z","fill-opacity":0.3367009853196059,"fill":"#ff0000"},"bbox":[-4.00896,40.6324,-4.01414,40.6378],"geometry":{"type":"Polygon","coordinates":[[[-4.00896,40.6378],[-4.01414,40.6378],[-4.01414,40.6324],[-4.00896,40.6324],[-4.00896,40.6378]]]}},{"type":"Feature","properties":{"name":"Collado Villalba--piece--3-4--gCloud","number_of_ads_buy":28,"average_prize_buy":1547.71,"number_of_ads_rent":1,"average_prize_rent":8.33333,"normalized_prize_buy":0.4333586266565494,"normalized_ads_buy":0.9333333333333333,"normalized_prize_rent":null,"normalized_ads_rent":0.03333333333333333,"date":"2018-12-07T10:00:42.000Z","fill-opacity":0.34668690132523955,"fill":"#ff0000"},"bbox":[-4.00896,40.627,-4.01414,40.6324],"geometry":{"type":"Polygon","coordinates":[[[-4.00896,40.6324],[-4.01414,40.6324],[-4.01414,40.627],[-4.00896,40.627],[-4.00896,40.6324]]]}},{"type":"Feature","properties":{"name":"Collado Villalba--piece--3-5--gCloud","number_of_ads_buy":13,"average_prize_buy":1908.48,"number_of_ads_rent":0,"average_prize_rent":0,"normalized_prize_buy":0.5343741862503255,"normalized_ads_buy":0.43333333333333335,"normalized_prize_rent":null,"normalized_ads_rent":0,"date":"2018-12-07T10:00:50.000Z","fill-opacity":0.42749934900026043,"fill":"#ff0000"},"bbox":[-4.00896,40.6216,-4.01414,40.627],"geometry":{"type":"Polygon","coordinates":[[[-4.00896,40.627],[-4.01414,40.627],[-4.01414,40.6216],[-4.00896,40.6216],[-4.00896,40.627]]]}},{"type":"Feature","properties":{"name":"Collado Villalba--piece--3-6--gCloud","number_of_ads_buy":30,"average_prize_buy":1522.51,"number_of_ads_rent":0,"average_prize_rent":0,"normalized_prize_buy":0.4263026294789482,"normalized_ads_buy":1,"normalized_prize_rent":null,"normalized_ads_rent":0,"date":"2018-12-07T10:01:02.000Z","fill-opacity":0.34104210358315856,"fill":"#ff0000"},"bbox":[-4.00896,40.6162,-4.01414,40.6216],"geometry":{"type":"Polygon","coordinates":[[[-4.00896,40.6216],[-4.01414,40.6216],[-4.01414,40.6162],[-4.00896,40.6162],[-4.00896,40.6216]]]}},{"type":"Feature","properties":{"name":"Collado Villalba--piece--4-0--gCloud","number_of_ads_buy":0,"average_prize_buy":0,"number_of_ads_rent":0,"average_prize_rent":0,"normalized_prize_buy":0,"normalized_ads_buy":0,"normalized_prize_rent":null,"normalized_ads_rent":0,"date":"2018-12-07T10:01:10.000Z","fill-opacity":0,"fill":"#ff0000"},"bbox":[-4.00379,40.6487,-4.00896,40.6541],"geometry":{"type":"Polygon","coordinates":[[[-4.00379,40.6541],[-4.00896,40.6541],[-4.00896,40.6487],[-4.00379,40.6487],[-4.00379,40.6541]]]}},{"type":"Feature","properties":{"name":"Collado Villalba--piece--4-1--gCloud","number_of_ads_buy":0,"average_prize_buy":0,"number_of_ads_rent":0,"average_prize_rent":0,"normalized_prize_buy":0,"normalized_ads_buy":0,"normalized_prize_rent":null,"normalized_ads_rent":0,"date":"2018-12-07T10:01:15.000Z","fill-opacity":0,"fill":"#ff0000"},"bbox":[-4.00379,40.6433,-4.00896,40.6487],"geometry":{"type":"Polygon","coordinates":[[[-4.00379,40.6487],[-4.00896,40.6487],[-4.00896,40.6433],[-4.00379,40.6433],[-4.00379,40.6487]]]}},{"type":"Feature","properties":{"name":"Collado Villalba--piece--4-2--gCloud","number_of_ads_buy":20,"average_prize_buy":2150.05,"number_of_ads_rent":2,"average_prize_rent":9.4,"normalized_prize_buy":0.6020137591944964,"normalized_ads_buy":0.6666666666666666,"normalized_prize_rent":null,"normalized_ads_rent":0.06666666666666667,"date":"2018-12-07T10:01:25.000Z","fill-opacity":0.48161100735559714,"fill":"#ff0000"},"bbox":[-4.00379,40.6378,-4.00896,40.6433],"geometry":{"type":"Polygon","coordinates":[[[-4.00379,40.6433],[-4.00896,40.6433],[-4.00896,40.6378],[-4.00379,40.6378],[-4.00379,40.6433]]]}},{"type":"Feature","properties":{"name":"Collado Villalba--piece--4-3--gCloud","number_of_ads_buy":5,"average_prize_buy":1576.48,"number_of_ads_rent":0,"average_prize_rent":0,"normalized_prize_buy":0.44141422343431064,"normalized_ads_buy":0.16666666666666666,"normalized_prize_rent":null,"normalized_ads_rent":0,"date":"2018-12-07T10:01:33.000Z","fill-opacity":0.35313137874744854,"fill":"#ff0000"},"bbox":[-4.00379,40.6324,-4.00896,40.6378],"geometry":{"type":"Polygon","coordinates":[[[-4.00379,40.6378],[-4.00896,40.6378],[-4.00896,40.6324],[-4.00379,40.6324],[-4.00379,40.6378]]]}},{"type":"Feature","properties":{"name":"Collado Villalba--piece--4-4--gCloud","number_of_ads_buy":29,"average_prize_buy":1765.57,"number_of_ads_rent":3,"average_prize_rent":9.63208,"normalized_prize_buy":0.4943594022562391,"normalized_ads_buy":0.9666666666666667,"normalized_prize_rent":null,"normalized_ads_rent":0.1,"date":"2018-12-07T10:01:43.000Z","fill-opacity":0.3954875218049913,"fill":"#ff0000"},"bbox":[-4.00379,40.627,-4.00896,40.6324],"geometry":{"type":"Polygon","coordinates":[[[-4.00379,40.6324],[-4.00896,40.6324],[-4.00896,40.627],[-4.00379,40.627],[-4.00379,40.6324]]]}},{"type":"Feature","properties":{"name":"Collado Villalba--piece--4-5--gCloud","number_of_ads_buy":5,"average_prize_buy":1653.36,"number_of_ads_rent":1,"average_prize_rent":8.85417,"normalized_prize_buy":0.46294061482375404,"normalized_ads_buy":0.16666666666666666,"normalized_prize_rent":null,"normalized_ads_rent":0.03333333333333333,"date":"2018-12-07T10:01:49.000Z","fill-opacity":0.37035249185900326,"fill":"#ff0000"},"bbox":[-4.00379,40.6216,-4.00896,40.627],"geometry":{"type":"Polygon","coordinates":[[[-4.00379,40.627],[-4.00896,40.627],[-4.00896,40.6216],[-4.00379,40.6216],[-4.00379,40.627]]]}},{"type":"Feature","properties":{"name":"Collado Villalba--piece--4-6--gCloud","number_of_ads_buy":26,"average_prize_buy":1507.85,"number_of_ads_rent":1,"average_prize_rent":6.66667,"normalized_prize_buy":0.42219783112086756,"normalized_ads_buy":0.8666666666666667,"normalized_prize_rent":null,"normalized_ads_rent":0.03333333333333333,"date":"2018-12-07T10:01:56.000Z","fill-opacity":0.3377582648966941,"fill":"#ff0000"},"bbox":[-4.00379,40.6162,-4.00896,40.6216],"geometry":{"type":"Polygon","coordinates":[[[-4.00379,40.6216],[-4.00896,40.6216],[-4.00896,40.6162],[-4.00379,40.6162],[-4.00379,40.6216]]]}},{"type":"Feature","properties":{"name":"Collado Villalba--piece--5-0--gCloud","number_of_ads_buy":7,"average_prize_buy":1774.42,"number_of_ads_rent":0,"average_prize_rent":0,"normalized_prize_buy":0.49683740126503956,"normalized_ads_buy":0.23333333333333334,"normalized_prize_rent":null,"normalized_ads_rent":0,"date":"2018-12-07T10:02:05.000Z","fill-opacity":0.39746992101203166,"fill":"#ff0000"},"bbox":[-3.99861,40.6487,-4.00379,40.6541],"geometry":{"type":"Polygon","coordinates":[[[-3.99861,40.6541],[-4.00379,40.6541],[-4.00379,40.6487],[-3.99861,40.6487],[-3.99861,40.6541]]]}},{"type":"Feature","properties":{"name":"Collado Villalba--piece--5-1--gCloud","number_of_ads_buy":0,"average_prize_buy":0,"number_of_ads_rent":0,"average_prize_rent":0,"normalized_prize_buy":0,"normalized_ads_buy":0,"normalized_prize_rent":null,"normalized_ads_rent":0,"date":"2018-12-07T10:02:10.000Z","fill-opacity":0,"fill":"#ff0000"},"bbox":[-3.99861,40.6433,-4.00379,40.6487],"geometry":{"type":"Polygon","coordinates":[[[-3.99861,40.6487],[-4.00379,40.6487],[-4.00379,40.6433],[-3.99861,40.6433],[-3.99861,40.6487]]]}},{"type":"Feature","properties":{"name":"Collado Villalba--piece--5-2--gCloud","number_of_ads_buy":1,"average_prize_buy":1067.86,"number_of_ads_rent":0,"average_prize_rent":0,"normalized_prize_buy":0.2990006803997278,"normalized_ads_buy":0.03333333333333333,"normalized_prize_rent":null,"normalized_ads_rent":0,"date":"2018-12-07T10:02:21.000Z","fill-opacity":0.23920054431978227,"fill":"#ff0000"},"bbox":[-3.99861,40.6378,-4.00379,40.6433],"geometry":{"type":"Polygon","coordinates":[[[-3.99861,40.6433],[-4.00379,40.6433],[-4.00379,40.6378],[-3.99861,40.6378],[-3.99861,40.6433]]]}},{"type":"Feature","properties":{"name":"Collado Villalba--piece--5-3--gCloud","number_of_ads_buy":9,"average_prize_buy":1950.34,"number_of_ads_rent":1,"average_prize_rent":6.84211,"normalized_prize_buy":0.5460949815620074,"normalized_ads_buy":0.3,"normalized_prize_rent":null,"normalized_ads_rent":0.03333333333333333,"date":"2018-12-07T10:02:27.000Z","fill-opacity":0.43687598524960597,"fill":"#ff0000"},"bbox":[-3.99861,40.6324,-4.00379,40.6378],"geometry":{"type":"Polygon","coordinates":[[[-3.99861,40.6378],[-4.00379,40.6378],[-4.00379,40.6324],[-3.99861,40.6324],[-3.99861,40.6378]]]}},{"type":"Feature","properties":{"name":"Collado Villalba--piece--5-4--gCloud","number_of_ads_buy":29,"average_prize_buy":1651.2,"number_of_ads_rent":4,"average_prize_rent":9.90284,"normalized_prize_buy":0.462335815065674,"normalized_ads_buy":0.9666666666666667,"normalized_prize_rent":null,"normalized_ads_rent":0.13333333333333333,"date":"2018-12-07T10:02:33.000Z","fill-opacity":0.3698686520525392,"fill":"#ff0000"},"bbox":[-3.99861,40.627,-4.00379,40.6324],"geometry":{"type":"Polygon","coordinates":[[[-3.99861,40.6324],[-4.00379,40.6324],[-4.00379,40.627],[-3.99861,40.627],[-3.99861,40.6324]]]}},{"type":"Feature","properties":{"name":"Collado Villalba--piece--5-5--gCloud","number_of_ads_buy":8,"average_prize_buy":1726.7,"number_of_ads_rent":0,"average_prize_rent":0,"normalized_prize_buy":0.48347580660967737,"normalized_ads_buy":0.26666666666666666,"normalized_prize_rent":null,"normalized_ads_rent":0,"date":"2018-12-07T10:02:42.000Z","fill-opacity":0.3867806452877419,"fill":"#ff0000"},"bbox":[-3.99861,40.6216,-4.00379,40.627],"geometry":{"type":"Polygon","coordinates":[[[-3.99861,40.627],[-4.00379,40.627],[-4.00379,40.6216],[-3.99861,40.6216],[-3.99861,40.627]]]}},{"type":"Feature","properties":{"name":"Collado Villalba--piece--5-6--gCloud","number_of_ads_buy":4,"average_prize_buy":1917.63,"number_of_ads_rent":1,"average_prize_rent":9.67391,"normalized_prize_buy":0.536936185225526,"normalized_ads_buy":0.13333333333333333,"normalized_prize_rent":null,"normalized_ads_rent":0.03333333333333333,"date":"2018-12-07T10:02:51.000Z","fill-opacity":0.42954894818042083,"fill":"#ff0000"},"bbox":[-3.99861,40.6162,-4.00379,40.6216],"geometry":{"type":"Polygon","coordinates":[[[-3.99861,40.6216],[-4.00379,40.6216],[-4.00379,40.6162],[-3.99861,40.6162],[-3.99861,40.6216]]]}},{"type":"Feature","properties":{"name":"Collado Villalba--piece--6-0--gCloud","number_of_ads_buy":17,"average_prize_buy":1716.87,"number_of_ads_rent":0,"average_prize_rent":0,"normalized_prize_buy":0.48072340771063693,"normalized_ads_buy":0.5666666666666667,"normalized_prize_rent":null,"normalized_ads_rent":0,"date":"2018-12-07T10:03:01.000Z","fill-opacity":0.3845787261685096,"fill":"#ff0000"},"bbox":[-3.99343,40.6487,-3.99861,40.6541],"geometry":{"type":"Polygon","coordinates":[[[-3.99343,40.6541],[-3.99861,40.6541],[-3.99861,40.6487],[-3.99343,40.6487],[-3.99343,40.6541]]]}},{"type":"Feature","properties":{"name":"Collado Villalba--piece--6-1--gCloud","number_of_ads_buy":20,"average_prize_buy":1777.3,"number_of_ads_rent":2,"average_prize_rent":7.03849,"normalized_prize_buy":0.4976438009424796,"normalized_ads_buy":0.6666666666666666,"normalized_prize_rent":null,"normalized_ads_rent":0.06666666666666667,"date":"2018-12-07T10:03:07.000Z","fill-opacity":0.39811504075398374,"fill":"#ff0000"},"bbox":[-3.99343,40.6433,-3.99861,40.6487],"geometry":{"type":"Polygon","coordinates":[[[-3.99343,40.6487],[-3.99861,40.6487],[-3.99861,40.6433],[-3.99343,40.6433],[-3.99343,40.6487]]]}},{"type":"Feature","properties":{"name":"Collado Villalba--piece--6-2--gCloud","number_of_ads_buy":2,"average_prize_buy":1168.52,"number_of_ads_rent":0,"average_prize_rent":0,"normalized_prize_buy":0.32718546912581237,"normalized_ads_buy":0.06666666666666667,"normalized_prize_rent":null,"normalized_ads_rent":0,"date":"2018-12-07T10:03:15.000Z","fill-opacity":0.2617483753006499,"fill":"#ff0000"},"bbox":[-3.99343,40.6378,-3.99861,40.6433],"geometry":{"type":"Polygon","coordinates":[[[-3.99343,40.6433],[-3.99861,40.6433],[-3.99861,40.6378],[-3.99343,40.6378],[-3.99343,40.6433]]]}},{"type":"Feature","properties":{"name":"Collado Villalba--piece--6-3--gCloud","number_of_ads_buy":14,"average_prize_buy":1340.32,"number_of_ads_rent":1,"average_prize_rent":7.77778,"normalized_prize_buy":0.37528944988422,"normalized_ads_buy":0.4666666666666667,"normalized_prize_rent":null,"normalized_ads_rent":0.03333333333333333,"date":"2018-12-07T10:03:27.000Z","fill-opacity":0.30023155990737604,"fill":"#ff0000"},"bbox":[-3.99343,40.6324,-3.99861,40.6378],"geometry":{"type":"Polygon","coordinates":[[[-3.99343,40.6378],[-3.99861,40.6378],[-3.99861,40.6324],[-3.99343,40.6324],[-3.99343,40.6378]]]}},{"type":"Feature","properties":{"name":"Collado Villalba--piece--6-4--gCloud","number_of_ads_buy":20,"average_prize_buy":1475.64,"number_of_ads_rent":1,"average_prize_rent":7.72358,"normalized_prize_buy":0.41317903472838613,"normalized_ads_buy":0.6666666666666666,"normalized_prize_rent":null,"normalized_ads_rent":0.03333333333333333,"date":"2018-12-07T10:03:41.000Z","fill-opacity":0.33054322778270895,"fill":"#ff0000"},"bbox":[-3.99343,40.627,-3.99861,40.6324],"geometry":{"type":"Polygon","coordinates":[[[-3.99343,40.6324],[-3.99861,40.6324],[-3.99861,40.627],[-3.99343,40.627],[-3.99343,40.6324]]]}},{"type":"Feature","properties":{"name":"Collado Villalba--piece--6-5--gCloud","number_of_ads_buy":9,"average_prize_buy":1547.38,"number_of_ads_rent":2,"average_prize_rent":8.85714,"normalized_prize_buy":0.4332662266935094,"normalized_ads_buy":0.3,"normalized_prize_rent":null,"normalized_ads_rent":0.06666666666666667,"date":"2018-12-07T10:03:49.000Z","fill-opacity":0.34661298135480756,"fill":"#ff0000"},"bbox":[-3.99343,40.6216,-3.99861,40.627],"geometry":{"type":"Polygon","coordinates":[[[-3.99343,40.627],[-3.99861,40.627],[-3.99861,40.6216],[-3.99343,40.6216],[-3.99343,40.627]]]}},{"type":"Feature","properties":{"name":"Collado Villalba--piece--6-6--gCloud","number_of_ads_buy":2,"average_prize_buy":1575.16,"number_of_ads_rent":0,"average_prize_rent":0,"normalized_prize_buy":0.44104462358215063,"normalized_ads_buy":0.06666666666666667,"normalized_prize_rent":null,"normalized_ads_rent":0,"date":"2018-12-07T10:03:57.000Z","fill-opacity":0.3528356988657205,"fill":"#ff0000"},"bbox":[-3.99343,40.6162,-3.99861,40.6216],"geometry":{"type":"Polygon","coordinates":[[[-3.99343,40.6216],[-3.99861,40.6216],[-3.99861,40.6162],[-3.99343,40.6162],[-3.99343,40.6216]]]}},{"type":"Feature","properties":{"name":"Collado Villalba--piece--7-0--gCloud","number_of_ads_buy":0,"average_prize_buy":0,"number_of_ads_rent":0,"average_prize_rent":0,"normalized_prize_buy":0,"normalized_ads_buy":0,"normalized_prize_rent":null,"normalized_ads_rent":0,"date":"2018-12-07T10:04:08.000Z","fill-opacity":0,"fill":"#ff0000"},"bbox":[-3.98826,40.6487,-3.99343,40.6541],"geometry":{"type":"Polygon","coordinates":[[[-3.98826,40.6541],[-3.99343,40.6541],[-3.99343,40.6487],[-3.98826,40.6487],[-3.98826,40.6541]]]}},{"type":"Feature","properties":{"name":"Collado Villalba--piece--7-1--gCloud","number_of_ads_buy":29,"average_prize_buy":1882.23,"number_of_ads_rent":3,"average_prize_rent":8.44974,"normalized_prize_buy":0.5270241891903243,"normalized_ads_buy":0.9666666666666667,"normalized_prize_rent":null,"normalized_ads_rent":0.1,"date":"2018-12-07T10:04:22.000Z","fill-opacity":0.4216193513522595,"fill":"#ff0000"},"bbox":[-3.98826,40.6433,-3.99343,40.6487],"geometry":{"type":"Polygon","coordinates":[[[-3.98826,40.6487],[-3.99343,40.6487],[-3.99343,40.6433],[-3.98826,40.6433],[-3.98826,40.6487]]]}},{"type":"Feature","properties":{"name":"Collado Villalba--piece--7-2--gCloud","number_of_ads_buy":21,"average_prize_buy":1800.82,"number_of_ads_rent":0,"average_prize_rent":0,"normalized_prize_buy":0.5042293983082407,"normalized_ads_buy":0.7,"normalized_prize_rent":null,"normalized_ads_rent":0,"date":"2018-12-07T10:04:34.000Z","fill-opacity":0.40338351864659255,"fill":"#ff0000"},"bbox":[-3.98826,40.6378,-3.99343,40.6433],"geometry":{"type":"Polygon","coordinates":[[[-3.98826,40.6433],[-3.99343,40.6433],[-3.99343,40.6378],[-3.98826,40.6378],[-3.98826,40.6433]]]}},{"type":"Feature","properties":{"name":"Collado Villalba--piece--7-3--gCloud","number_of_ads_buy":2,"average_prize_buy":2806.29,"number_of_ads_rent":0,"average_prize_rent":0,"normalized_prize_buy":0.7857608856956457,"normalized_ads_buy":0.06666666666666667,"normalized_prize_rent":null,"normalized_ads_rent":0,"date":"2018-12-07T10:04:43.000Z","fill-opacity":0.6286087085565166,"fill":"#ff0000"},"bbox":[-3.98826,40.6324,-3.99343,40.6378],"geometry":{"type":"Polygon","coordinates":[[[-3.98826,40.6378],[-3.99343,40.6378],[-3.99343,40.6324],[-3.98826,40.6324],[-3.98826,40.6378]]]}},{"type":"Feature","properties":{"name":"Collado Villalba--piece--7-4--gCloud","number_of_ads_buy":0,"average_prize_buy":0,"number_of_ads_rent":0,"average_prize_rent":0,"normalized_prize_buy":0,"normalized_ads_buy":0,"normalized_prize_rent":null,"normalized_ads_rent":0,"date":"2018-12-07T10:04:51.000Z","fill-opacity":0,"fill":"#ff0000"},"bbox":[-3.98826,40.627,-3.99343,40.6324],"geometry":{"type":"Polygon","coordinates":[[[-3.98826,40.6324],[-3.99343,40.6324],[-3.99343,40.627],[-3.98826,40.627],[-3.98826,40.6324]]]}},{"type":"Feature","properties":{"name":"Collado Villalba--piece--7-5--gCloud","number_of_ads_buy":0,"average_prize_buy":0,"number_of_ads_rent":0,"average_prize_rent":0,"normalized_prize_buy":0,"normalized_ads_buy":0,"normalized_prize_rent":null,"normalized_ads_rent":0,"date":"2018-12-07T10:04:57.000Z","fill-opacity":0,"fill":"#ff0000"},"bbox":[-3.98826,40.6216,-3.99343,40.627],"geometry":{"type":"Polygon","coordinates":[[[-3.98826,40.627],[-3.99343,40.627],[-3.99343,40.6216],[-3.98826,40.6216],[-3.98826,40.627]]]}},{"type":"Feature","properties":{"name":"Collado Villalba--piece--7-6--gCloud","number_of_ads_buy":0,"average_prize_buy":0,"number_of_ads_rent":0,"average_prize_rent":0,"normalized_prize_buy":0,"normalized_ads_buy":0,"normalized_prize_rent":null,"normalized_ads_rent":0,"date":"2018-12-07T10:05:02.000Z","fill-opacity":0,"fill":"#ff0000"},"bbox":[-3.98826,40.6162,-3.99343,40.6216],"geometry":{"type":"Polygon","coordinates":[[[-3.98826,40.6216],[-3.99343,40.6216],[-3.99343,40.6162],[-3.98826,40.6162],[-3.98826,40.6216]]]}},{"type":"Feature","properties":{"name":"Collado Villalba--piece--8-0--gCloud","number_of_ads_buy":0,"average_prize_buy":0,"number_of_ads_rent":0,"average_prize_rent":0,"normalized_prize_buy":0,"normalized_ads_buy":0,"normalized_prize_rent":null,"normalized_ads_rent":0,"date":"2018-12-07T10:05:13.000Z","fill-opacity":0,"fill":"#ff0000"},"bbox":[-3.98308,40.6487,-3.98826,40.6541],"geometry":{"type":"Polygon","coordinates":[[[-3.98308,40.6541],[-3.98826,40.6541],[-3.98826,40.6487],[-3.98308,40.6487],[-3.98308,40.6541]]]}},{"type":"Feature","properties":{"name":"Collado Villalba--piece--8-1--gCloud","number_of_ads_buy":30,"average_prize_buy":1793.08,"number_of_ads_rent":0,"average_prize_rent":0,"normalized_prize_buy":0.5020621991751203,"normalized_ads_buy":1,"normalized_prize_rent":null,"normalized_ads_rent":0,"date":"2018-12-07T10:05:20.000Z","fill-opacity":0.4016497593400963,"fill":"#ff0000"},"bbox":[-3.98308,40.6433,-3.98826,40.6487],"geometry":{"type":"Polygon","coordinates":[[[-3.98308,40.6487],[-3.98826,40.6487],[-3.98826,40.6433],[-3.98308,40.6433],[-3.98308,40.6487]]]}},{"type":"Feature","properties":{"name":"Collado Villalba--piece--8-2--gCloud","number_of_ads_buy":6,"average_prize_buy":1470.19,"number_of_ads_rent":0,"average_prize_rent":0,"normalized_prize_buy":0.4116530353387859,"normalized_ads_buy":0.2,"normalized_prize_rent":null,"normalized_ads_rent":0,"date":"2018-12-07T10:05:29.000Z","fill-opacity":0.32932242827102876,"fill":"#ff0000"},"bbox":[-3.98308,40.6378,-3.98826,40.6433],"geometry":{"type":"Polygon","coordinates":[[[-3.98308,40.6433],[-3.98826,40.6433],[-3.98826,40.6378],[-3.98308,40.6378],[-3.98308,40.6433]]]}},{"type":"Feature","properties":{"name":"Collado Villalba--piece--8-3--gCloud","number_of_ads_buy":0,"average_prize_buy":0,"number_of_ads_rent":0,"average_prize_rent":0,"normalized_prize_buy":0,"normalized_ads_buy":0,"normalized_prize_rent":null,"normalized_ads_rent":0,"date":"2018-12-07T10:05:37.000Z","fill-opacity":0,"fill":"#ff0000"},"bbox":[-3.98308,40.6324,-3.98826,40.6378],"geometry":{"type":"Polygon","coordinates":[[[-3.98308,40.6378],[-3.98826,40.6378],[-3.98826,40.6324],[-3.98308,40.6324],[-3.98308,40.6378]]]}},{"type":"Feature","properties":{"name":"Collado Villalba--piece--8-4--gCloud","number_of_ads_buy":0,"average_prize_buy":0,"number_of_ads_rent":0,"average_prize_rent":0,"normalized_prize_buy":0,"normalized_ads_buy":0,"normalized_prize_rent":null,"normalized_ads_rent":0,"date":"2018-12-07T10:05:42.000Z","fill-opacity":0,"fill":"#ff0000"},"bbox":[-3.98308,40.627,-3.98826,40.6324],"geometry":{"type":"Polygon","coordinates":[[[-3.98308,40.6324],[-3.98826,40.6324],[-3.98826,40.627],[-3.98308,40.627],[-3.98308,40.6324]]]}},{"type":"Feature","properties":{"name":"Collado Villalba--piece--8-5--gCloud","number_of_ads_buy":0,"average_prize_buy":0,"number_of_ads_rent":0,"average_prize_rent":0,"normalized_prize_buy":0,"normalized_ads_buy":0,"normalized_prize_rent":null,"normalized_ads_rent":0,"date":"2018-12-07T10:05:47.000Z","fill-opacity":0,"fill":"#ff0000"},"bbox":[-3.98308,40.6216,-3.98826,40.627],"geometry":{"type":"Polygon","coordinates":[[[-3.98308,40.627],[-3.98826,40.627],[-3.98826,40.6216],[-3.98308,40.6216],[-3.98308,40.627]]]}},{"type":"Feature","properties":{"name":"Collado Villalba--piece--8-6--gCloud","number_of_ads_buy":0,"average_prize_buy":0,"number_of_ads_rent":0,"average_prize_rent":0,"normalized_prize_buy":0,"normalized_ads_buy":0,"normalized_prize_rent":null,"normalized_ads_rent":0,"date":"2018-12-07T10:05:58.000Z","fill-opacity":0,"fill":"#ff0000"},"bbox":[-3.98308,40.6162,-3.98826,40.6216],"geometry":{"type":"Polygon","coordinates":[[[-3.98308,40.6216],[-3.98826,40.6216],[-3.98826,40.6162],[-3.98308,40.6162],[-3.98308,40.6216]]]}}]}