{"type":"FeatureCollection","features":[{"type":"Feature","properties":{"name":"Collado Villalba--piece--0-0--raspberry3bp","number_of_ads_buy":0,"average_prize_buy":0,"number_of_ads_rent":0,"average_prize_rent":0,"normalized_prize_buy":null,"normalized_ads_buy":null,"normalized_prize_rent":null,"normalized_ads_rent":null,"date":"2018-12-06T18:39:37.000Z","fill-opacity":null,"fill":"#ff0000"},"bbox":[-4.02449,40.6487,-4.02967,40.6541],"geometry":{"type":"Polygon","coordinates":[[[-4.02449,40.6541],[-4.02967,40.6541],[-4.02967,40.6487],[-4.02449,40.6487],[-4.02449,40.6541]]]}},{"type":"Feature","properties":{"name":"Collado Villalba--piece--0-1--raspberry3bp","number_of_ads_buy":0,"average_prize_buy":0,"number_of_ads_rent":0,"average_prize_rent":0,"normalized_prize_buy":null,"normalized_ads_buy":null,"normalized_prize_rent":null,"normalized_ads_rent":null,"date":"2018-12-06T18:39:55.000Z","fill-opacity":null,"fill":"#ff0000"},"bbox":[-4.02449,40.6433,-4.02967,40.6487],"geometry":{"type":"Polygon","coordinates":[[[-4.02449,40.6487],[-4.02967,40.6487],[-4.02967,40.6433],[-4.02449,40.6433],[-4.02449,40.6487]]]}},{"type":"Feature","properties":{"name":"Collado Villalba--piece--0-2--raspberry3bp","number_of_ads_buy":0,"average_prize_buy":0,"number_of_ads_rent":0,"average_prize_rent":0,"normalized_prize_buy":null,"normalized_ads_buy":null,"normalized_prize_rent":null,"normalized_ads_rent":null,"date":"2018-12-06T18:40:16.000Z","fill-opacity":null,"fill":"#ff0000"},"bbox":[-4.02449,40.6378,-4.02967,40.6433],"geometry":{"type":"Polygon","coordinates":[[[-4.02449,40.6433],[-4.02967,40.6433],[-4.02967,40.6378],[-4.02449,40.6378],[-4.02449,40.6433]]]}},{"type":"Feature","properties":{"name":"Collado Villalba--piece--0-3--raspberry3bp","number_of_ads_buy":0,"average_prize_buy":0,"number_of_ads_rent":0,"average_prize_rent":0,"normalized_prize_buy":null,"normalized_ads_buy":null,"normalized_prize_rent":null,"normalized_ads_rent":null,"date":"2018-12-06T18:40:35.000Z","fill-opacity":null,"fill":"#ff0000"},"bbox":[-4.02449,40.6324,-4.02967,40.6378],"geometry":{"type":"Polygon","coordinates":[[[-4.02449,40.6378],[-4.02967,40.6378],[-4.02967,40.6324],[-4.02449,40.6324],[-4.02449,40.6378]]]}},{"type":"Feature","properties":{"name":"Collado Villalba--piece--0-4--raspberry3bp","number_of_ads_buy":0,"average_prize_buy":0,"number_of_ads_rent":0,"average_prize_rent":0,"normalized_prize_buy":null,"normalized_ads_buy":null,"normalized_prize_rent":null,"normalized_ads_rent":null,"date":"2018-12-06T18:41:01.000Z","fill-opacity":null,"fill":"#ff0000"},"bbox":[-4.02449,40.627,-4.02967,40.6324],"geometry":{"type":"Polygon","coordinates":[[[-4.02449,40.6324],[-4.02967,40.6324],[-4.02967,40.627],[-4.02449,40.627],[-4.02449,40.6324]]]}},{"type":"Feature","properties":{"name":"Collado Villalba--piece--0-5--raspberry3bp","number_of_ads_buy":0,"average_prize_buy":0,"number_of_ads_rent":0,"average_prize_rent":0,"normalized_prize_buy":null,"normalized_ads_buy":null,"normalized_prize_rent":null,"normalized_ads_rent":null,"date":"2018-12-06T18:41:20.000Z","fill-opacity":null,"fill":"#ff0000"},"bbox":[-4.02449,40.6216,-4.02967,40.627],"geometry":{"type":"Polygon","coordinates":[[[-4.02449,40.627],[-4.02967,40.627],[-4.02967,40.6216],[-4.02449,40.6216],[-4.02449,40.627]]]}},{"type":"Feature","properties":{"name":"Collado Villalba--piece--0-6--raspberry3bp","number_of_ads_buy":0,"average_prize_buy":0,"number_of_ads_rent":0,"average_prize_rent":0,"normalized_prize_buy":null,"normalized_ads_buy":null,"normalized_prize_rent":null,"normalized_ads_rent":null,"date":"2018-12-06T18:41:37.000Z","fill-opacity":null,"fill":"#ff0000"},"bbox":[-4.02449,40.6162,-4.02967,40.6216],"geometry":{"type":"Polygon","coordinates":[[[-4.02449,40.6216],[-4.02967,40.6216],[-4.02967,40.6162],[-4.02449,40.6162],[-4.02449,40.6216]]]}},{"type":"Feature","properties":{"name":"Collado Villalba--piece--1-0--raspberry3bp","number_of_ads_buy":0,"average_prize_buy":0,"number_of_ads_rent":1,"average_prize_rent":0,"normalized_prize_buy":null,"normalized_ads_buy":null,"normalized_prize_rent":null,"normalized_ads_rent":null,"date":"2018-12-06T18:42:00.000Z","fill-opacity":null,"fill":"#ff0000"},"bbox":[-4.01932,40.6487,-4.02449,40.6541],"geometry":{"type":"Polygon","coordinates":[[[-4.01932,40.6541],[-4.02449,40.6541],[-4.02449,40.6487],[-4.01932,40.6487],[-4.01932,40.6541]]]}},{"type":"Feature","properties":{"name":"Collado Villalba--piece--1-1--raspberry3bp","number_of_ads_buy":0,"average_prize_buy":0,"number_of_ads_rent":2,"average_prize_rent":1,"normalized_prize_buy":null,"normalized_ads_buy":null,"normalized_prize_rent":null,"normalized_ads_rent":null,"date":"2018-12-06T18:42:25.000Z","fill-opacity":null,"fill":"#ff0000"},"bbox":[-4.01932,40.6433,-4.02449,40.6487],"geometry":{"type":"Polygon","coordinates":[[[-4.01932,40.6487],[-4.02449,40.6487],[-4.02449,40.6433],[-4.01932,40.6433],[-4.01932,40.6487]]]}},{"type":"Feature","properties":{"name":"Collado Villalba--piece--1-2--raspberry3bp","number_of_ads_buy":0,"average_prize_buy":0,"number_of_ads_rent":1,"average_prize_rent":0,"normalized_prize_buy":null,"normalized_ads_buy":null,"normalized_prize_rent":null,"normalized_ads_rent":null,"date":"2018-12-06T18:42:40.000Z","fill-opacity":null,"fill":"#ff0000"},"bbox":[-4.01932,40.6378,-4.02449,40.6433],"geometry":{"type":"Polygon","coordinates":[[[-4.01932,40.6433],[-4.02449,40.6433],[-4.02449,40.6378],[-4.01932,40.6378],[-4.01932,40.6433]]]}},{"type":"Feature","properties":{"name":"Collado Villalba--piece--1-3--raspberry3bp","number_of_ads_buy":0,"average_prize_buy":0,"number_of_ads_rent":1,"average_prize_rent":3,"normalized_prize_buy":null,"normalized_ads_buy":null,"normalized_prize_rent":null,"normalized_ads_rent":null,"date":"2018-12-06T18:42:56.000Z","fill-opacity":null,"fill":"#ff0000"},"bbox":[-4.01932,40.6324,-4.02449,40.6378],"geometry":{"type":"Polygon","coordinates":[[[-4.01932,40.6378],[-4.02449,40.6378],[-4.02449,40.6324],[-4.01932,40.6324],[-4.01932,40.6378]]]}},{"type":"Feature","properties":{"name":"Collado Villalba--piece--1-4--raspberry3bp","number_of_ads_buy":0,"average_prize_buy":0,"number_of_ads_rent":0,"average_prize_rent":0,"normalized_prize_buy":null,"normalized_ads_buy":null,"normalized_prize_rent":null,"normalized_ads_rent":null,"date":"2018-12-06T18:43:18.000Z","fill-opacity":null,"fill":"#ff0000"},"bbox":[-4.01932,40.627,-4.02449,40.6324],"geometry":{"type":"Polygon","coordinates":[[[-4.01932,40.6324],[-4.02449,40.6324],[-4.02449,40.627],[-4.01932,40.627],[-4.01932,40.6324]]]}},{"type":"Feature","properties":{"name":"Collado Villalba--piece--1-5--raspberry3bp","number_of_ads_buy":0,"average_prize_buy":0,"number_of_ads_rent":0,"average_prize_rent":0,"normalized_prize_buy":null,"normalized_ads_buy":null,"normalized_prize_rent":null,"normalized_ads_rent":null,"date":"2018-12-06T18:43:41.000Z","fill-opacity":null,"fill":"#ff0000"},"bbox":[-4.01932,40.6216,-4.02449,40.627],"geometry":{"type":"Polygon","coordinates":[[[-4.01932,40.627],[-4.02449,40.627],[-4.02449,40.6216],[-4.01932,40.6216],[-4.01932,40.627]]]}},{"type":"Feature","properties":{"name":"Collado Villalba--piece--1-6--raspberry3bp","number_of_ads_buy":0,"average_prize_buy":0,"number_of_ads_rent":0,"average_prize_rent":0,"normalized_prize_buy":null,"normalized_ads_buy":null,"normalized_prize_rent":null,"normalized_ads_rent":null,"date":"2018-12-06T18:43:54.000Z","fill-opacity":null,"fill":"#ff0000"},"bbox":[-4.01932,40.6162,-4.02449,40.6216],"geometry":{"type":"Polygon","coordinates":[[[-4.01932,40.6216],[-4.02449,40.6216],[-4.02449,40.6162],[-4.01932,40.6162],[-4.01932,40.6216]]]}},{"type":"Feature","properties":{"name":"Collado Villalba--piece--2-0--raspberry3bp","number_of_ads_buy":0,"average_prize_buy":0,"number_of_ads_rent":2,"average_prize_rent":3,"normalized_prize_buy":null,"normalized_ads_buy":null,"normalized_prize_rent":null,"normalized_ads_rent":null,"date":"2018-12-06T18:44:09.000Z","fill-opacity":null,"fill":"#ff0000"},"bbox":[-4.01414,40.6487,-4.01932,40.6541],"geometry":{"type":"Polygon","coordinates":[[[-4.01414,40.6541],[-4.01932,40.6541],[-4.01932,40.6487],[-4.01414,40.6487],[-4.01414,40.6541]]]}},{"type":"Feature","properties":{"name":"Collado Villalba--piece--2-1--raspberry3bp","number_of_ads_buy":0,"average_prize_buy":0,"number_of_ads_rent":0,"average_prize_rent":0,"normalized_prize_buy":null,"normalized_ads_buy":null,"normalized_prize_rent":null,"normalized_ads_rent":null,"date":"2018-12-06T18:44:30.000Z","fill-opacity":null,"fill":"#ff0000"},"bbox":[-4.01414,40.6433,-4.01932,40.6487],"geometry":{"type":"Polygon","coordinates":[[[-4.01414,40.6487],[-4.01932,40.6487],[-4.01932,40.6433],[-4.01414,40.6433],[-4.01414,40.6487]]]}},{"type":"Feature","properties":{"name":"Collado Villalba--piece--2-2--raspberry3bp","number_of_ads_buy":0,"average_prize_buy":0,"number_of_ads_rent":0,"average_prize_rent":0,"normalized_prize_buy":null,"normalized_ads_buy":null,"normalized_prize_rent":null,"normalized_ads_rent":null,"date":"2018-12-06T18:44:51.000Z","fill-opacity":null,"fill":"#ff0000"},"bbox":[-4.01414,40.6378,-4.01932,40.6433],"geometry":{"type":"Polygon","coordinates":[[[-4.01414,40.6433],[-4.01932,40.6433],[-4.01932,40.6378],[-4.01414,40.6378],[-4.01414,40.6433]]]}},{"type":"Feature","properties":{"name":"Collado Villalba--piece--2-3--raspberry3bp","number_of_ads_buy":0,"average_prize_buy":0,"number_of_ads_rent":0,"average_prize_rent":0,"normalized_prize_buy":null,"normalized_ads_buy":null,"normalized_prize_rent":null,"normalized_ads_rent":null,"date":"2018-12-06T18:45:03.000Z","fill-opacity":null,"fill":"#ff0000"},"bbox":[-4.01414,40.6324,-4.01932,40.6378],"geometry":{"type":"Polygon","coordinates":[[[-4.01414,40.6378],[-4.01932,40.6378],[-4.01932,40.6324],[-4.01414,40.6324],[-4.01414,40.6378]]]}},{"type":"Feature","properties":{"name":"Collado Villalba--piece--2-4--raspberry3bp","number_of_ads_buy":0,"average_prize_buy":0,"number_of_ads_rent":0,"average_prize_rent":0,"normalized_prize_buy":null,"normalized_ads_buy":null,"normalized_prize_rent":null,"normalized_ads_rent":null,"date":"2018-12-06T18:45:23.000Z","fill-opacity":null,"fill":"#ff0000"},"bbox":[-4.01414,40.627,-4.01932,40.6324],"geometry":{"type":"Polygon","coordinates":[[[-4.01414,40.6324],[-4.01932,40.6324],[-4.01932,40.627],[-4.01414,40.627],[-4.01414,40.6324]]]}},{"type":"Feature","properties":{"name":"Collado Villalba--piece--2-5--raspberry3bp","number_of_ads_buy":0,"average_prize_buy":0,"number_of_ads_rent":0,"average_prize_rent":0,"normalized_prize_buy":null,"normalized_ads_buy":null,"normalized_prize_rent":null,"normalized_ads_rent":null,"date":"2018-12-06T18:45:35.000Z","fill-opacity":null,"fill":"#ff0000"},"bbox":[-4.01414,40.6216,-4.01932,40.627],"geometry":{"type":"Polygon","coordinates":[[[-4.01414,40.627],[-4.01932,40.627],[-4.01932,40.6216],[-4.01414,40.6216],[-4.01414,40.627]]]}},{"type":"Feature","properties":{"name":"Collado Villalba--piece--2-6--raspberry3bp","number_of_ads_buy":0,"average_prize_buy":0,"number_of_ads_rent":1,"average_prize_rent":1,"normalized_prize_buy":null,"normalized_ads_buy":null,"normalized_prize_rent":null,"normalized_ads_rent":null,"date":"2018-12-06T18:45:50.000Z","fill-opacity":null,"fill":"#ff0000"},"bbox":[-4.01414,40.6162,-4.01932,40.6216],"geometry":{"type":"Polygon","coordinates":[[[-4.01414,40.6216],[-4.01932,40.6216],[-4.01932,40.6162],[-4.01414,40.6162],[-4.01414,40.6216]]]}},{"type":"Feature","properties":{"name":"Collado Villalba--piece--3-0--raspberry3bp","number_of_ads_buy":0,"average_prize_buy":0,"number_of_ads_rent":1,"average_prize_rent":1,"normalized_prize_buy":null,"normalized_ads_buy":null,"normalized_prize_rent":null,"normalized_ads_rent":null,"date":"2018-12-06T18:46:08.000Z","fill-opacity":null,"fill":"#ff0000"},"bbox":[-4.00896,40.6487,-4.01414,40.6541],"geometry":{"type":"Polygon","coordinates":[[[-4.00896,40.6541],[-4.01414,40.6541],[-4.01414,40.6487],[-4.00896,40.6487],[-4.00896,40.6541]]]}},{"type":"Feature","properties":{"name":"Collado Villalba--piece--3-1--raspberry3bp","number_of_ads_buy":0,"average_prize_buy":0,"number_of_ads_rent":0,"average_prize_rent":0,"normalized_prize_buy":null,"normalized_ads_buy":null,"normalized_prize_rent":null,"normalized_ads_rent":null,"date":"2018-12-06T18:46:21.000Z","fill-opacity":null,"fill":"#ff0000"},"bbox":[-4.00896,40.6433,-4.01414,40.6487],"geometry":{"type":"Polygon","coordinates":[[[-4.00896,40.6487],[-4.01414,40.6487],[-4.01414,40.6433],[-4.00896,40.6433],[-4.00896,40.6487]]]}},{"type":"Feature","properties":{"name":"Collado Villalba--piece--3-2--raspberry3bp","number_of_ads_buy":0,"average_prize_buy":0,"number_of_ads_rent":0,"average_prize_rent":0,"normalized_prize_buy":null,"normalized_ads_buy":null,"normalized_prize_rent":null,"normalized_ads_rent":null,"date":"2018-12-06T18:46:33.000Z","fill-opacity":null,"fill":"#ff0000"},"bbox":[-4.00896,40.6378,-4.01414,40.6433],"geometry":{"type":"Polygon","coordinates":[[[-4.00896,40.6433],[-4.01414,40.6433],[-4.01414,40.6378],[-4.00896,40.6378],[-4.00896,40.6433]]]}},{"type":"Feature","properties":{"name":"Collado Villalba--piece--3-3--raspberry3bp","number_of_ads_buy":0,"average_prize_buy":0,"number_of_ads_rent":0,"average_prize_rent":0,"normalized_prize_buy":null,"normalized_ads_buy":null,"normalized_prize_rent":null,"normalized_ads_rent":null,"date":"2018-12-06T18:46:49.000Z","fill-opacity":null,"fill":"#ff0000"},"bbox":[-4.00896,40.6324,-4.01414,40.6378],"geometry":{"type":"Polygon","coordinates":[[[-4.00896,40.6378],[-4.01414,40.6378],[-4.01414,40.6324],[-4.00896,40.6324],[-4.00896,40.6378]]]}},{"type":"Feature","properties":{"name":"Collado Villalba--piece--3-4--raspberry3bp","number_of_ads_buy":0,"average_prize_buy":0,"number_of_ads_rent":0,"average_prize_rent":0,"normalized_prize_buy":null,"normalized_ads_buy":null,"normalized_prize_rent":null,"normalized_ads_rent":null,"date":"2018-12-06T18:47:04.000Z","fill-opacity":null,"fill":"#ff0000"},"bbox":[-4.00896,40.627,-4.01414,40.6324],"geometry":{"type":"Polygon","coordinates":[[[-4.00896,40.6324],[-4.01414,40.6324],[-4.01414,40.627],[-4.00896,40.627],[-4.00896,40.6324]]]}},{"type":"Feature","properties":{"name":"Collado Villalba--piece--3-5--raspberry3bp","number_of_ads_buy":0,"average_prize_buy":0,"number_of_ads_rent":2,"average_prize_rent":0,"normalized_prize_buy":null,"normalized_ads_buy":null,"normalized_prize_rent":null,"normalized_ads_rent":null,"date":"2018-12-06T18:47:21.000Z","fill-opacity":null,"fill":"#ff0000"},"bbox":[-4.00896,40.6216,-4.01414,40.627],"geometry":{"type":"Polygon","coordinates":[[[-4.00896,40.627],[-4.01414,40.627],[-4.01414,40.6216],[-4.00896,40.6216],[-4.00896,40.627]]]}},{"type":"Feature","properties":{"name":"Collado Villalba--piece--3-6--raspberry3bp","number_of_ads_buy":0,"average_prize_buy":0,"number_of_ads_rent":1,"average_prize_rent":0,"normalized_prize_buy":null,"normalized_ads_buy":null,"normalized_prize_rent":null,"normalized_ads_rent":null,"date":"2018-12-06T18:47:40.000Z","fill-opacity":null,"fill":"#ff0000"},"bbox":[-4.00896,40.6162,-4.01414,40.6216],"geometry":{"type":"Polygon","coordinates":[[[-4.00896,40.6216],[-4.01414,40.6216],[-4.01414,40.6162],[-4.00896,40.6162],[-4.00896,40.6216]]]}},{"type":"Feature","properties":{"name":"Collado Villalba--piece--4-0--raspberry3bp","number_of_ads_buy":0,"average_prize_buy":0,"number_of_ads_rent":0,"average_prize_rent":0,"normalized_prize_buy":null,"normalized_ads_buy":null,"normalized_prize_rent":null,"normalized_ads_rent":null,"date":"2018-12-06T18:47:58.000Z","fill-opacity":null,"fill":"#ff0000"},"bbox":[-4.00379,40.6487,-4.00896,40.6541],"geometry":{"type":"Polygon","coordinates":[[[-4.00379,40.6541],[-4.00896,40.6541],[-4.00896,40.6487],[-4.00379,40.6487],[-4.00379,40.6541]]]}},{"type":"Feature","properties":{"name":"Collado Villalba--piece--4-1--raspberry3bp","number_of_ads_buy":0,"average_prize_buy":0,"number_of_ads_rent":0,"average_prize_rent":0,"normalized_prize_buy":null,"normalized_ads_buy":null,"normalized_prize_rent":null,"normalized_ads_rent":null,"date":"2018-12-06T18:48:12.000Z","fill-opacity":null,"fill":"#ff0000"},"bbox":[-4.00379,40.6433,-4.00896,40.6487],"geometry":{"type":"Polygon","coordinates":[[[-4.00379,40.6487],[-4.00896,40.6487],[-4.00896,40.6433],[-4.00379,40.6433],[-4.00379,40.6487]]]}},{"type":"Feature","properties":{"name":"Collado Villalba--piece--4-2--raspberry3bp","number_of_ads_buy":0,"average_prize_buy":0,"number_of_ads_rent":0,"average_prize_rent":0,"normalized_prize_buy":null,"normalized_ads_buy":null,"normalized_prize_rent":null,"normalized_ads_rent":null,"date":"2018-12-06T18:48:32.000Z","fill-opacity":null,"fill":"#ff0000"},"bbox":[-4.00379,40.6378,-4.00896,40.6433],"geometry":{"type":"Polygon","coordinates":[[[-4.00379,40.6433],[-4.00896,40.6433],[-4.00896,40.6378],[-4.00379,40.6378],[-4.00379,40.6433]]]}},{"type":"Feature","properties":{"name":"Collado Villalba--piece--4-3--raspberry3bp","number_of_ads_buy":0,"average_prize_buy":0,"number_of_ads_rent":0,"average_prize_rent":0,"normalized_prize_buy":null,"normalized_ads_buy":null,"normalized_prize_rent":null,"normalized_ads_rent":null,"date":"2018-12-06T18:48:55.000Z","fill-opacity":null,"fill":"#ff0000"},"bbox":[-4.00379,40.6324,-4.00896,40.6378],"geometry":{"type":"Polygon","coordinates":[[[-4.00379,40.6378],[-4.00896,40.6378],[-4.00896,40.6324],[-4.00379,40.6324],[-4.00379,40.6378]]]}},{"type":"Feature","properties":{"name":"Collado Villalba--piece--4-4--raspberry3bp","number_of_ads_buy":0,"average_prize_buy":0,"number_of_ads_rent":1,"average_prize_rent":2,"normalized_prize_buy":null,"normalized_ads_buy":null,"normalized_prize_rent":null,"normalized_ads_rent":null,"date":"2018-12-06T18:49:14.000Z","fill-opacity":null,"fill":"#ff0000"},"bbox":[-4.00379,40.627,-4.00896,40.6324],"geometry":{"type":"Polygon","coordinates":[[[-4.00379,40.6324],[-4.00896,40.6324],[-4.00896,40.627],[-4.00379,40.627],[-4.00379,40.6324]]]}},{"type":"Feature","properties":{"name":"Collado Villalba--piece--4-5--raspberry3bp","number_of_ads_buy":0,"average_prize_buy":0,"number_of_ads_rent":0,"average_prize_rent":0,"normalized_prize_buy":null,"normalized_ads_buy":null,"normalized_prize_rent":null,"normalized_ads_rent":null,"date":"2018-12-06T18:49:34.000Z","fill-opacity":null,"fill":"#ff0000"},"bbox":[-4.00379,40.6216,-4.00896,40.627],"geometry":{"type":"Polygon","coordinates":[[[-4.00379,40.627],[-4.00896,40.627],[-4.00896,40.6216],[-4.00379,40.6216],[-4.00379,40.627]]]}},{"type":"Feature","properties":{"name":"Collado Villalba--piece--4-6--raspberry3bp","number_of_ads_buy":0,"average_prize_buy":0,"number_of_ads_rent":0,"average_prize_rent":0,"normalized_prize_buy":null,"normalized_ads_buy":null,"normalized_prize_rent":null,"normalized_ads_rent":null,"date":"2018-12-06T18:49:51.000Z","fill-opacity":null,"fill":"#ff0000"},"bbox":[-4.00379,40.6162,-4.00896,40.6216],"geometry":{"type":"Polygon","coordinates":[[[-4.00379,40.6216],[-4.00896,40.6216],[-4.00896,40.6162],[-4.00379,40.6162],[-4.00379,40.6216]]]}},{"type":"Feature","properties":{"name":"Collado Villalba--piece--5-0--raspberry3bp","number_of_ads_buy":0,"average_prize_buy":0,"number_of_ads_rent":0,"average_prize_rent":0,"normalized_prize_buy":null,"normalized_ads_buy":null,"normalized_prize_rent":null,"normalized_ads_rent":null,"date":"2018-12-06T18:50:04.000Z","fill-opacity":null,"fill":"#ff0000"},"bbox":[-3.99861,40.6487,-4.00379,40.6541],"geometry":{"type":"Polygon","coordinates":[[[-3.99861,40.6541],[-4.00379,40.6541],[-4.00379,40.6487],[-3.99861,40.6487],[-3.99861,40.6541]]]}},{"type":"Feature","properties":{"name":"Collado Villalba--piece--5-1--raspberry3bp","number_of_ads_buy":0,"average_prize_buy":0,"number_of_ads_rent":0,"average_prize_rent":0,"normalized_prize_buy":null,"normalized_ads_buy":null,"normalized_prize_rent":null,"normalized_ads_rent":null,"date":"2018-12-06T18:50:17.000Z","fill-opacity":null,"fill":"#ff0000"},"bbox":[-3.99861,40.6433,-4.00379,40.6487],"geometry":{"type":"Polygon","coordinates":[[[-3.99861,40.6487],[-4.00379,40.6487],[-4.00379,40.6433],[-3.99861,40.6433],[-3.99861,40.6487]]]}},{"type":"Feature","properties":{"name":"Collado Villalba--piece--5-2--raspberry3bp","number_of_ads_buy":0,"average_prize_buy":0,"number_of_ads_rent":0,"average_prize_rent":0,"normalized_prize_buy":null,"normalized_ads_buy":null,"normalized_prize_rent":null,"normalized_ads_rent":null,"date":"2018-12-06T18:50:30.000Z","fill-opacity":null,"fill":"#ff0000"},"bbox":[-3.99861,40.6378,-4.00379,40.6433],"geometry":{"type":"Polygon","coordinates":[[[-3.99861,40.6433],[-4.00379,40.6433],[-4.00379,40.6378],[-3.99861,40.6378],[-3.99861,40.6433]]]}},{"type":"Feature","properties":{"name":"Collado Villalba--piece--5-3--raspberry3bp","number_of_ads_buy":0,"average_prize_buy":0,"number_of_ads_rent":0,"average_prize_rent":0,"normalized_prize_buy":null,"normalized_ads_buy":null,"normalized_prize_rent":null,"normalized_ads_rent":null,"date":"2018-12-06T18:50:51.000Z","fill-opacity":null,"fill":"#ff0000"},"bbox":[-3.99861,40.6324,-4.00379,40.6378],"geometry":{"type":"Polygon","coordinates":[[[-3.99861,40.6378],[-4.00379,40.6378],[-4.00379,40.6324],[-3.99861,40.6324],[-3.99861,40.6378]]]}},{"type":"Feature","properties":{"name":"Collado Villalba--piece--5-4--raspberry3bp","number_of_ads_buy":0,"average_prize_buy":0,"number_of_ads_rent":0,"average_prize_rent":0,"normalized_prize_buy":null,"normalized_ads_buy":null,"normalized_prize_rent":null,"normalized_ads_rent":null,"date":"2018-12-06T18:51:10.000Z","fill-opacity":null,"fill":"#ff0000"},"bbox":[-3.99861,40.627,-4.00379,40.6324],"geometry":{"type":"Polygon","coordinates":[[[-3.99861,40.6324],[-4.00379,40.6324],[-4.00379,40.627],[-3.99861,40.627],[-3.99861,40.6324]]]}},{"type":"Feature","properties":{"name":"Collado Villalba--piece--5-5--raspberry3bp","number_of_ads_buy":0,"average_prize_buy":0,"number_of_ads_rent":0,"average_prize_rent":0,"normalized_prize_buy":null,"normalized_ads_buy":null,"normalized_prize_rent":null,"normalized_ads_rent":null,"date":"2018-12-06T18:51:26.000Z","fill-opacity":null,"fill":"#ff0000"},"bbox":[-3.99861,40.6216,-4.00379,40.627],"geometry":{"type":"Polygon","coordinates":[[[-3.99861,40.627],[-4.00379,40.627],[-4.00379,40.6216],[-3.99861,40.6216],[-3.99861,40.627]]]}},{"type":"Feature","properties":{"name":"Collado Villalba--piece--5-6--raspberry3bp","number_of_ads_buy":0,"average_prize_buy":0,"number_of_ads_rent":0,"average_prize_rent":0,"normalized_prize_buy":null,"normalized_ads_buy":null,"normalized_prize_rent":null,"normalized_ads_rent":null,"date":"2018-12-06T18:51:43.000Z","fill-opacity":null,"fill":"#ff0000"},"bbox":[-3.99861,40.6162,-4.00379,40.6216],"geometry":{"type":"Polygon","coordinates":[[[-3.99861,40.6216],[-4.00379,40.6216],[-4.00379,40.6162],[-3.99861,40.6162],[-3.99861,40.6216]]]}},{"type":"Feature","properties":{"name":"Collado Villalba--piece--6-0--raspberry3bp","number_of_ads_buy":0,"average_prize_buy":0,"number_of_ads_rent":1,"average_prize_rent":0,"normalized_prize_buy":null,"normalized_ads_buy":null,"normalized_prize_rent":null,"normalized_ads_rent":null,"date":"2018-12-06T18:51:58.000Z","fill-opacity":null,"fill":"#ff0000"},"bbox":[-3.99343,40.6487,-3.99861,40.6541],"geometry":{"type":"Polygon","coordinates":[[[-3.99343,40.6541],[-3.99861,40.6541],[-3.99861,40.6487],[-3.99343,40.6487],[-3.99343,40.6541]]]}},{"type":"Feature","properties":{"name":"Collado Villalba--piece--6-1--raspberry3bp","number_of_ads_buy":0,"average_prize_buy":0,"number_of_ads_rent":0,"average_prize_rent":0,"normalized_prize_buy":null,"normalized_ads_buy":null,"normalized_prize_rent":null,"normalized_ads_rent":null,"date":"2018-12-06T18:52:15.000Z","fill-opacity":null,"fill":"#ff0000"},"bbox":[-3.99343,40.6433,-3.99861,40.6487],"geometry":{"type":"Polygon","coordinates":[[[-3.99343,40.6487],[-3.99861,40.6487],[-3.99861,40.6433],[-3.99343,40.6433],[-3.99343,40.6487]]]}},{"type":"Feature","properties":{"name":"Collado Villalba--piece--6-2--raspberry3bp","number_of_ads_buy":0,"average_prize_buy":0,"number_of_ads_rent":0,"average_prize_rent":0,"normalized_prize_buy":null,"normalized_ads_buy":null,"normalized_prize_rent":null,"normalized_ads_rent":null,"date":"2018-12-06T18:52:33.000Z","fill-opacity":null,"fill":"#ff0000"},"bbox":[-3.99343,40.6378,-3.99861,40.6433],"geometry":{"type":"Polygon","coordinates":[[[-3.99343,40.6433],[-3.99861,40.6433],[-3.99861,40.6378],[-3.99343,40.6378],[-3.99343,40.6433]]]}},{"type":"Feature","properties":{"name":"Collado Villalba--piece--6-3--raspberry3bp","number_of_ads_buy":0,"average_prize_buy":0,"number_of_ads_rent":0,"average_prize_rent":0,"normalized_prize_buy":null,"normalized_ads_buy":null,"normalized_prize_rent":null,"normalized_ads_rent":null,"date":"2018-12-06T18:52:51.000Z","fill-opacity":null,"fill":"#ff0000"},"bbox":[-3.99343,40.6324,-3.99861,40.6378],"geometry":{"type":"Polygon","coordinates":[[[-3.99343,40.6378],[-3.99861,40.6378],[-3.99861,40.6324],[-3.99343,40.6324],[-3.99343,40.6378]]]}},{"type":"Feature","properties":{"name":"Collado Villalba--piece--6-4--raspberry3bp","number_of_ads_buy":0,"average_prize_buy":0,"number_of_ads_rent":0,"average_prize_rent":0,"normalized_prize_buy":null,"normalized_ads_buy":null,"normalized_prize_rent":null,"normalized_ads_rent":null,"date":"2018-12-06T18:53:12.000Z","fill-opacity":null,"fill":"#ff0000"},"bbox":[-3.99343,40.627,-3.99861,40.6324],"geometry":{"type":"Polygon","coordinates":[[[-3.99343,40.6324],[-3.99861,40.6324],[-3.99861,40.627],[-3.99343,40.627],[-3.99343,40.6324]]]}},{"type":"Feature","properties":{"name":"Collado Villalba--piece--6-5--raspberry3bp","number_of_ads_buy":0,"average_prize_buy":0,"number_of_ads_rent":1,"average_prize_rent":2,"normalized_prize_buy":null,"normalized_ads_buy":null,"normalized_prize_rent":null,"normalized_ads_rent":null,"date":"2018-12-06T18:53:26.000Z","fill-opacity":null,"fill":"#ff0000"},"bbox":[-3.99343,40.6216,-3.99861,40.627],"geometry":{"type":"Polygon","coordinates":[[[-3.99343,40.627],[-3.99861,40.627],[-3.99861,40.6216],[-3.99343,40.6216],[-3.99343,40.627]]]}},{"type":"Feature","properties":{"name":"Collado Villalba--piece--6-6--raspberry3bp","number_of_ads_buy":0,"average_prize_buy":0,"number_of_ads_rent":0,"average_prize_rent":0,"normalized_prize_buy":null,"normalized_ads_buy":null,"normalized_prize_rent":null,"normalized_ads_rent":null,"date":"2018-12-06T18:53:54.000Z","fill-opacity":null,"fill":"#ff0000"},"bbox":[-3.99343,40.6162,-3.99861,40.6216],"geometry":{"type":"Polygon","coordinates":[[[-3.99343,40.6216],[-3.99861,40.6216],[-3.99861,40.6162],[-3.99343,40.6162],[-3.99343,40.6216]]]}},{"type":"Feature","properties":{"name":"Collado Villalba--piece--7-0--raspberry3bp","number_of_ads_buy":0,"average_prize_buy":0,"number_of_ads_rent":0,"average_prize_rent":0,"normalized_prize_buy":null,"normalized_ads_buy":null,"normalized_prize_rent":null,"normalized_ads_rent":null,"date":"2018-12-06T18:54:12.000Z","fill-opacity":null,"fill":"#ff0000"},"bbox":[-3.98826,40.6487,-3.99343,40.6541],"geometry":{"type":"Polygon","coordinates":[[[-3.98826,40.6541],[-3.99343,40.6541],[-3.99343,40.6487],[-3.98826,40.6487],[-3.98826,40.6541]]]}},{"type":"Feature","properties":{"name":"Collado Villalba--piece--7-1--raspberry3bp","number_of_ads_buy":0,"average_prize_buy":0,"number_of_ads_rent":1,"average_prize_rent":2,"normalized_prize_buy":null,"normalized_ads_buy":null,"normalized_prize_rent":null,"normalized_ads_rent":null,"date":"2018-12-06T18:54:33.000Z","fill-opacity":null,"fill":"#ff0000"},"bbox":[-3.98826,40.6433,-3.99343,40.6487],"geometry":{"type":"Polygon","coordinates":[[[-3.98826,40.6487],[-3.99343,40.6487],[-3.99343,40.6433],[-3.98826,40.6433],[-3.98826,40.6487]]]}},{"type":"Feature","properties":{"name":"Collado Villalba--piece--7-2--raspberry3bp","number_of_ads_buy":0,"average_prize_buy":0,"number_of_ads_rent":0,"average_prize_rent":0,"normalized_prize_buy":null,"normalized_ads_buy":null,"normalized_prize_rent":null,"normalized_ads_rent":null,"date":"2018-12-06T18:54:55.000Z","fill-opacity":null,"fill":"#ff0000"},"bbox":[-3.98826,40.6378,-3.99343,40.6433],"geometry":{"type":"Polygon","coordinates":[[[-3.98826,40.6433],[-3.99343,40.6433],[-3.99343,40.6378],[-3.98826,40.6378],[-3.98826,40.6433]]]}},{"type":"Feature","properties":{"name":"Collado Villalba--piece--7-3--raspberry3bp","number_of_ads_buy":0,"average_prize_buy":0,"number_of_ads_rent":0,"average_prize_rent":0,"normalized_prize_buy":null,"normalized_ads_buy":null,"normalized_prize_rent":null,"normalized_ads_rent":null,"date":"2018-12-06T18:55:11.000Z","fill-opacity":null,"fill":"#ff0000"},"bbox":[-3.98826,40.6324,-3.99343,40.6378],"geometry":{"type":"Polygon","coordinates":[[[-3.98826,40.6378],[-3.99343,40.6378],[-3.99343,40.6324],[-3.98826,40.6324],[-3.98826,40.6378]]]}},{"type":"Feature","properties":{"name":"Collado Villalba--piece--7-4--raspberry3bp","number_of_ads_buy":0,"average_prize_buy":0,"number_of_ads_rent":0,"average_prize_rent":0,"normalized_prize_buy":null,"normalized_ads_buy":null,"normalized_prize_rent":null,"normalized_ads_rent":null,"date":"2018-12-06T18:55:30.000Z","fill-opacity":null,"fill":"#ff0000"},"bbox":[-3.98826,40.627,-3.99343,40.6324],"geometry":{"type":"Polygon","coordinates":[[[-3.98826,40.6324],[-3.99343,40.6324],[-3.99343,40.627],[-3.98826,40.627],[-3.98826,40.6324]]]}},{"type":"Feature","properties":{"name":"Collado Villalba--piece--7-5--raspberry3bp","number_of_ads_buy":0,"average_prize_buy":0,"number_of_ads_rent":1,"average_prize_rent":0,"normalized_prize_buy":null,"normalized_ads_buy":null,"normalized_prize_rent":null,"normalized_ads_rent":null,"date":"2018-12-06T18:55:45.000Z","fill-opacity":null,"fill":"#ff0000"},"bbox":[-3.98826,40.6216,-3.99343,40.627],"geometry":{"type":"Polygon","coordinates":[[[-3.98826,40.627],[-3.99343,40.627],[-3.99343,40.6216],[-3.98826,40.6216],[-3.98826,40.627]]]}},{"type":"Feature","properties":{"name":"Collado Villalba--piece--7-6--raspberry3bp","number_of_ads_buy":0,"average_prize_buy":0,"number_of_ads_rent":0,"average_prize_rent":0,"normalized_prize_buy":null,"normalized_ads_buy":null,"normalized_prize_rent":null,"normalized_ads_rent":null,"date":"2018-12-06T18:55:59.000Z","fill-opacity":null,"fill":"#ff0000"},"bbox":[-3.98826,40.6162,-3.99343,40.6216],"geometry":{"type":"Polygon","coordinates":[[[-3.98826,40.6216],[-3.99343,40.6216],[-3.99343,40.6162],[-3.98826,40.6162],[-3.98826,40.6216]]]}},{"type":"Feature","properties":{"name":"Collado Villalba--piece--8-0--raspberry3bp","number_of_ads_buy":0,"average_prize_buy":0,"number_of_ads_rent":0,"average_prize_rent":0,"normalized_prize_buy":null,"normalized_ads_buy":null,"normalized_prize_rent":null,"normalized_ads_rent":null,"date":"2018-12-06T18:56:19.000Z","fill-opacity":null,"fill":"#ff0000"},"bbox":[-3.98308,40.6487,-3.98826,40.6541],"geometry":{"type":"Polygon","coordinates":[[[-3.98308,40.6541],[-3.98826,40.6541],[-3.98826,40.6487],[-3.98308,40.6487],[-3.98308,40.6541]]]}},{"type":"Feature","properties":{"name":"Collado Villalba--piece--8-1--raspberry3bp","number_of_ads_buy":0,"average_prize_buy":0,"number_of_ads_rent":2,"average_prize_rent":2,"normalized_prize_buy":null,"normalized_ads_buy":null,"normalized_prize_rent":null,"normalized_ads_rent":null,"date":"2018-12-06T18:56:38.000Z","fill-opacity":null,"fill":"#ff0000"},"bbox":[-3.98308,40.6433,-3.98826,40.6487],"geometry":{"type":"Polygon","coordinates":[[[-3.98308,40.6487],[-3.98826,40.6487],[-3.98826,40.6433],[-3.98308,40.6433],[-3.98308,40.6487]]]}},{"type":"Feature","properties":{"name":"Collado Villalba--piece--8-2--raspberry3bp","number_of_ads_buy":0,"average_prize_buy":0,"number_of_ads_rent":0,"average_prize_rent":0,"normalized_prize_buy":null,"normalized_ads_buy":null,"normalized_prize_rent":null,"normalized_ads_rent":null,"date":"2018-12-06T18:56:58.000Z","fill-opacity":null,"fill":"#ff0000"},"bbox":[-3.98308,40.6378,-3.98826,40.6433],"geometry":{"type":"Polygon","coordinates":[[[-3.98308,40.6433],[-3.98826,40.6433],[-3.98826,40.6378],[-3.98308,40.6378],[-3.98308,40.6433]]]}},{"type":"Feature","properties":{"name":"Collado Villalba--piece--8-3--raspberry3bp","number_of_ads_buy":0,"average_prize_buy":0,"number_of_ads_rent":0,"average_prize_rent":0,"normalized_prize_buy":null,"normalized_ads_buy":null,"normalized_prize_rent":null,"normalized_ads_rent":null,"date":"2018-12-06T18:57:25.000Z","fill-opacity":null,"fill":"#ff0000"},"bbox":[-3.98308,40.6324,-3.98826,40.6378],"geometry":{"type":"Polygon","coordinates":[[[-3.98308,40.6378],[-3.98826,40.6378],[-3.98826,40.6324],[-3.98308,40.6324],[-3.98308,40.6378]]]}},{"type":"Feature","properties":{"name":"Collado Villalba--piece--8-4--raspberry3bp","number_of_ads_buy":0,"average_prize_buy":0,"number_of_ads_rent":0,"average_prize_rent":0,"normalized_prize_buy":null,"normalized_ads_buy":null,"normalized_prize_rent":null,"normalized_ads_rent":null,"date":"2018-12-06T18:57:45.000Z","fill-opacity":null,"fill":"#ff0000"},"bbox":[-3.98308,40.627,-3.98826,40.6324],"geometry":{"type":"Polygon","coordinates":[[[-3.98308,40.6324],[-3.98826,40.6324],[-3.98826,40.627],[-3.98308,40.627],[-3.98308,40.6324]]]}},{"type":"Feature","properties":{"name":"Collado Villalba--piece--8-5--raspberry3bp","number_of_ads_buy":0,"average_prize_buy":0,"number_of_ads_rent":0,"average_prize_rent":0,"normalized_prize_buy":null,"normalized_ads_buy":null,"normalized_prize_rent":null,"normalized_ads_rent":null,"date":"2018-12-06T18:58:07.000Z","fill-opacity":null,"fill":"#ff0000"},"bbox":[-3.98308,40.6216,-3.98826,40.627],"geometry":{"type":"Polygon","coordinates":[[[-3.98308,40.627],[-3.98826,40.627],[-3.98826,40.6216],[-3.98308,40.6216],[-3.98308,40.627]]]}},{"type":"Feature","properties":{"name":"Collado Villalba--piece--8-6--raspberry3bp","number_of_ads_buy":0,"average_prize_buy":0,"number_of_ads_rent":0,"average_prize_rent":0,"normalized_prize_buy":null,"normalized_ads_buy":null,"normalized_prize_rent":null,"normalized_ads_rent":null,"date":"2018-12-06T18:58:35.000Z","fill-opacity":null,"fill":"#ff0000"},"bbox":[-3.98308,40.6162,-3.98826,40.6216],"geometry":{"type":"Polygon","coordinates":[[[-3.98308,40.6216],[-3.98826,40.6216],[-3.98826,40.6162],[-3.98308,40.6162],[-3.98308,40.6216]]]}}]}