{"type":"FeatureCollection","features":[{"type":"Feature","properties":{"name":"Collado Villalba--piece--0-0--gCloud","number_of_ads_buy":0,"average_prize_buy":0,"number_of_ads_rent":0,"average_prize_rent":0,"normalized_prize_buy":0,"normalized_ads_buy":0,"normalized_prize_rent":null,"normalized_ads_rent":0,"date":"2018-12-03T17:20:15.000Z","fill-opacity":0,"fill":"#ff0000"},"bbox":[-4.02449,40.6487,-4.02967,40.6541],"geometry":{"type":"Polygon","coordinates":[[[-4.02449,40.6541],[-4.02967,40.6541],[-4.02967,40.6487],[-4.02449,40.6487],[-4.02449,40.6541]]]}},{"type":"Feature","properties":{"name":"Collado Villalba--piece--0-1--gCloud","number_of_ads_buy":1,"average_prize_buy":1695,"number_of_ads_rent":0,"average_prize_rent":0,"normalized_prize_buy":0.4282108869144311,"normalized_ads_buy":0.03333333333333333,"normalized_prize_rent":null,"normalized_ads_rent":0,"date":"2018-12-03T17:20:27.000Z","fill-opacity":0.3425687095315449,"fill":"#ff0000"},"bbox":[-4.02449,40.6433,-4.02967,40.6487],"geometry":{"type":"Polygon","coordinates":[[[-4.02449,40.6487],[-4.02967,40.6487],[-4.02967,40.6433],[-4.02449,40.6433],[-4.02449,40.6487]]]}},{"type":"Feature","properties":{"name":"Collado Villalba--piece--0-2--gCloud","number_of_ads_buy":2,"average_prize_buy":2373.02,"number_of_ads_rent":0,"average_prize_rent":0,"normalized_prize_buy":0.5995002943160374,"normalized_ads_buy":0.06666666666666667,"normalized_prize_rent":null,"normalized_ads_rent":0,"date":"2018-12-03T17:20:32.000Z","fill-opacity":0.4796002354528299,"fill":"#ff0000"},"bbox":[-4.02449,40.6378,-4.02967,40.6433],"geometry":{"type":"Polygon","coordinates":[[[-4.02449,40.6433],[-4.02967,40.6433],[-4.02967,40.6378],[-4.02449,40.6378],[-4.02449,40.6433]]]}},{"type":"Feature","properties":{"name":"Collado Villalba--piece--0-3--gCloud","number_of_ads_buy":2,"average_prize_buy":1106.39,"number_of_ads_rent":0,"average_prize_rent":0,"normalized_prize_buy":0.2795092880078215,"normalized_ads_buy":0.06666666666666667,"normalized_prize_rent":null,"normalized_ads_rent":0,"date":"2018-12-03T17:20:41.000Z","fill-opacity":0.2236074304062572,"fill":"#ff0000"},"bbox":[-4.02449,40.6324,-4.02967,40.6378],"geometry":{"type":"Polygon","coordinates":[[[-4.02449,40.6378],[-4.02967,40.6378],[-4.02967,40.6324],[-4.02449,40.6324],[-4.02449,40.6378]]]}},{"type":"Feature","properties":{"name":"Collado Villalba--piece--0-4--gCloud","number_of_ads_buy":3,"average_prize_buy":1532.34,"number_of_ads_rent":0,"average_prize_rent":0,"normalized_prize_buy":0.3871177996781471,"normalized_ads_buy":0.1,"normalized_prize_rent":null,"normalized_ads_rent":0,"date":"2018-12-03T17:20:50.000Z","fill-opacity":0.3096942397425177,"fill":"#ff0000"},"bbox":[-4.02449,40.627,-4.02967,40.6324],"geometry":{"type":"Polygon","coordinates":[[[-4.02449,40.6324],[-4.02967,40.6324],[-4.02967,40.627],[-4.02449,40.627],[-4.02449,40.6324]]]}},{"type":"Feature","properties":{"name":"Collado Villalba--piece--0-5--gCloud","number_of_ads_buy":14,"average_prize_buy":1472.29,"number_of_ads_rent":0,"average_prize_rent":0,"normalized_prize_buy":0.3719472605871668,"normalized_ads_buy":0.4666666666666667,"normalized_prize_rent":null,"normalized_ads_rent":0,"date":"2018-12-03T17:21:00.000Z","fill-opacity":0.29755780846973345,"fill":"#ff0000"},"bbox":[-4.02449,40.6216,-4.02967,40.627],"geometry":{"type":"Polygon","coordinates":[[[-4.02449,40.627],[-4.02967,40.627],[-4.02967,40.6216],[-4.02449,40.6216],[-4.02449,40.627]]]}},{"type":"Feature","properties":{"name":"Collado Villalba--piece--0-6--gCloud","number_of_ads_buy":6,"average_prize_buy":1112.56,"number_of_ads_rent":0,"average_prize_rent":0,"normalized_prize_buy":0.28106802616254833,"normalized_ads_buy":0.2,"normalized_prize_rent":null,"normalized_ads_rent":0,"date":"2018-12-03T17:21:06.000Z","fill-opacity":0.22485442093003868,"fill":"#ff0000"},"bbox":[-4.02449,40.6162,-4.02967,40.6216],"geometry":{"type":"Polygon","coordinates":[[[-4.02449,40.6216],[-4.02967,40.6216],[-4.02967,40.6162],[-4.02449,40.6162],[-4.02449,40.6216]]]}},{"type":"Feature","properties":{"name":"Collado Villalba--piece--1-0--gCloud","number_of_ads_buy":3,"average_prize_buy":1291.25,"number_of_ads_rent":0,"average_prize_rent":0,"normalized_prize_buy":0.3262108010196219,"normalized_ads_buy":0.1,"normalized_prize_rent":null,"normalized_ads_rent":0,"date":"2018-12-03T17:21:19.000Z","fill-opacity":0.26096864081569754,"fill":"#ff0000"},"bbox":[-4.01932,40.6487,-4.02449,40.6541],"geometry":{"type":"Polygon","coordinates":[[[-4.01932,40.6541],[-4.02449,40.6541],[-4.02449,40.6487],[-4.01932,40.6487],[-4.01932,40.6541]]]}},{"type":"Feature","properties":{"name":"Collado Villalba--piece--1-1--gCloud","number_of_ads_buy":19,"average_prize_buy":1655.99,"number_of_ads_rent":0,"average_prize_rent":0,"normalized_prize_buy":0.41835572072060695,"normalized_ads_buy":0.6333333333333333,"normalized_prize_rent":null,"normalized_ads_rent":0,"date":"2018-12-03T17:21:34.000Z","fill-opacity":0.3346845765764856,"fill":"#ff0000"},"bbox":[-4.01932,40.6433,-4.02449,40.6487],"geometry":{"type":"Polygon","coordinates":[[[-4.01932,40.6487],[-4.02449,40.6487],[-4.02449,40.6433],[-4.01932,40.6433],[-4.01932,40.6487]]]}},{"type":"Feature","properties":{"name":"Collado Villalba--piece--1-2--gCloud","number_of_ads_buy":21,"average_prize_buy":1554.79,"number_of_ads_rent":0,"average_prize_rent":0,"normalized_prize_buy":0.39278938340158603,"normalized_ads_buy":0.7,"normalized_prize_rent":null,"normalized_ads_rent":0,"date":"2018-12-03T17:21:40.000Z","fill-opacity":0.31423150672126887,"fill":"#ff0000"},"bbox":[-4.01932,40.6378,-4.02449,40.6433],"geometry":{"type":"Polygon","coordinates":[[[-4.01932,40.6433],[-4.02449,40.6433],[-4.02449,40.6378],[-4.01932,40.6378],[-4.01932,40.6433]]]}},{"type":"Feature","properties":{"name":"Collado Villalba--piece--1-3--gCloud","number_of_ads_buy":6,"average_prize_buy":1485.29,"number_of_ads_rent":0,"average_prize_rent":0,"normalized_prize_buy":0.3752314738791359,"normalized_ads_buy":0.2,"normalized_prize_rent":null,"normalized_ads_rent":0,"date":"2018-12-03T17:21:51.000Z","fill-opacity":0.3001851791033088,"fill":"#ff0000"},"bbox":[-4.01932,40.6324,-4.02449,40.6378],"geometry":{"type":"Polygon","coordinates":[[[-4.01932,40.6378],[-4.02449,40.6378],[-4.02449,40.6324],[-4.01932,40.6324],[-4.01932,40.6378]]]}},{"type":"Feature","properties":{"name":"Collado Villalba--piece--1-4--gCloud","number_of_ads_buy":7,"average_prize_buy":1316.21,"number_of_ads_rent":0,"average_prize_rent":0,"normalized_prize_buy":0.3325164905402026,"normalized_ads_buy":0.23333333333333334,"normalized_prize_rent":null,"normalized_ads_rent":0,"date":"2018-12-03T17:22:13.000Z","fill-opacity":0.2660131924321621,"fill":"#ff0000"},"bbox":[-4.01932,40.627,-4.02449,40.6324],"geometry":{"type":"Polygon","coordinates":[[[-4.01932,40.6324],[-4.02449,40.6324],[-4.02449,40.627],[-4.01932,40.627],[-4.01932,40.6324]]]}},{"type":"Feature","properties":{"name":"Collado Villalba--piece--1-5--gCloud","number_of_ads_buy":0,"average_prize_buy":0,"number_of_ads_rent":0,"average_prize_rent":0,"normalized_prize_buy":0,"normalized_ads_buy":0,"normalized_prize_rent":null,"normalized_ads_rent":0,"date":"2018-12-03T17:22:19.000Z","fill-opacity":0,"fill":"#ff0000"},"bbox":[-4.01932,40.6216,-4.02449,40.627],"geometry":{"type":"Polygon","coordinates":[[[-4.01932,40.627],[-4.02449,40.627],[-4.02449,40.6216],[-4.01932,40.6216],[-4.01932,40.627]]]}},{"type":"Feature","properties":{"name":"Collado Villalba--piece--1-6--gCloud","number_of_ads_buy":11,"average_prize_buy":1832.3,"number_of_ads_rent":3,"average_prize_rent":9.71914,"normalized_prize_buy":0.46289723191345844,"normalized_ads_buy":0.36666666666666664,"normalized_prize_rent":null,"normalized_ads_rent":0.1,"date":"2018-12-03T17:22:24.000Z","fill-opacity":0.3703177855307668,"fill":"#ff0000"},"bbox":[-4.01932,40.6162,-4.02449,40.6216],"geometry":{"type":"Polygon","coordinates":[[[-4.01932,40.6216],[-4.02449,40.6216],[-4.02449,40.6162],[-4.01932,40.6162],[-4.01932,40.6216]]]}},{"type":"Feature","properties":{"name":"Collado Villalba--piece--2-0--gCloud","number_of_ads_buy":4,"average_prize_buy":1945.08,"number_of_ads_rent":0,"average_prize_rent":0,"normalized_prize_buy":0.49138904538024875,"normalized_ads_buy":0.13333333333333333,"normalized_prize_rent":null,"normalized_ads_rent":0,"date":"2018-12-03T17:22:35.000Z","fill-opacity":0.39311123630419903,"fill":"#ff0000"},"bbox":[-4.01414,40.6487,-4.01932,40.6541],"geometry":{"type":"Polygon","coordinates":[[[-4.01414,40.6541],[-4.01932,40.6541],[-4.01932,40.6487],[-4.01414,40.6487],[-4.01414,40.6541]]]}},{"type":"Feature","properties":{"name":"Collado Villalba--piece--2-1--gCloud","number_of_ads_buy":0,"average_prize_buy":0,"number_of_ads_rent":0,"average_prize_rent":0,"normalized_prize_buy":0,"normalized_ads_buy":0,"normalized_prize_rent":null,"normalized_ads_rent":0,"date":"2018-12-03T17:22:45.000Z","fill-opacity":0,"fill":"#ff0000"},"bbox":[-4.01414,40.6433,-4.01932,40.6487],"geometry":{"type":"Polygon","coordinates":[[[-4.01414,40.6487],[-4.01932,40.6487],[-4.01932,40.6433],[-4.01414,40.6433],[-4.01414,40.6487]]]}},{"type":"Feature","properties":{"name":"Collado Villalba--piece--2-2--gCloud","number_of_ads_buy":1,"average_prize_buy":1729.32,"number_of_ads_rent":0,"average_prize_rent":0,"normalized_prize_buy":0.43688121000522945,"normalized_ads_buy":0.03333333333333333,"normalized_prize_rent":null,"normalized_ads_rent":0,"date":"2018-12-03T17:22:56.000Z","fill-opacity":0.34950496800418357,"fill":"#ff0000"},"bbox":[-4.01414,40.6378,-4.01932,40.6433],"geometry":{"type":"Polygon","coordinates":[[[-4.01414,40.6433],[-4.01932,40.6433],[-4.01932,40.6378],[-4.01414,40.6378],[-4.01414,40.6433]]]}},{"type":"Feature","properties":{"name":"Collado Villalba--piece--2-3--gCloud","number_of_ads_buy":15,"average_prize_buy":1872.3,"number_of_ads_rent":0,"average_prize_rent":0,"normalized_prize_buy":0.47300250358105567,"normalized_ads_buy":0.5,"normalized_prize_rent":null,"normalized_ads_rent":0,"date":"2018-12-03T17:23:09.000Z","fill-opacity":0.37840200286484454,"fill":"#ff0000"},"bbox":[-4.01414,40.6324,-4.01932,40.6378],"geometry":{"type":"Polygon","coordinates":[[[-4.01414,40.6378],[-4.01932,40.6378],[-4.01932,40.6324],[-4.01414,40.6324],[-4.01414,40.6378]]]}},{"type":"Feature","properties":{"name":"Collado Villalba--piece--2-4--gCloud","number_of_ads_buy":30,"average_prize_buy":1841.87,"number_of_ads_rent":1,"average_prize_rent":6.81818,"normalized_prize_buy":0.4653149181599311,"normalized_ads_buy":1,"normalized_prize_rent":null,"normalized_ads_rent":0.03333333333333333,"date":"2018-12-03T17:23:17.000Z","fill-opacity":0.3722519345279449,"fill":"#ff0000"},"bbox":[-4.01414,40.627,-4.01932,40.6324],"geometry":{"type":"Polygon","coordinates":[[[-4.01414,40.6324],[-4.01932,40.6324],[-4.01932,40.627],[-4.01414,40.627],[-4.01414,40.6324]]]}},{"type":"Feature","properties":{"name":"Collado Villalba--piece--2-5--gCloud","number_of_ads_buy":3,"average_prize_buy":1345.77,"number_of_ads_rent":0,"average_prize_rent":0,"normalized_prize_buy":0.3399842863025569,"normalized_ads_buy":0.1,"normalized_prize_rent":null,"normalized_ads_rent":0,"date":"2018-12-03T17:23:25.000Z","fill-opacity":0.27198742904204554,"fill":"#ff0000"},"bbox":[-4.01414,40.6216,-4.01932,40.627],"geometry":{"type":"Polygon","coordinates":[[[-4.01414,40.627],[-4.01932,40.627],[-4.01932,40.6216],[-4.01414,40.6216],[-4.01414,40.627]]]}},{"type":"Feature","properties":{"name":"Collado Villalba--piece--2-6--gCloud","number_of_ads_buy":15,"average_prize_buy":1559.52,"number_of_ads_rent":3,"average_prize_rent":8.89738,"normalized_prize_buy":0.3939843317762794,"normalized_ads_buy":0.5,"normalized_prize_rent":null,"normalized_ads_rent":0.1,"date":"2018-12-03T17:23:38.000Z","fill-opacity":0.31518746542102355,"fill":"#ff0000"},"bbox":[-4.01414,40.6162,-4.01932,40.6216],"geometry":{"type":"Polygon","coordinates":[[[-4.01414,40.6216],[-4.01932,40.6216],[-4.01932,40.6162],[-4.01414,40.6162],[-4.01414,40.6216]]]}},{"type":"Feature","properties":{"name":"Collado Villalba--piece--3-0--gCloud","number_of_ads_buy":5,"average_prize_buy":1725.41,"number_of_ads_rent":0,"average_prize_rent":0,"normalized_prize_buy":0.4358934196997219,"normalized_ads_buy":0.16666666666666666,"normalized_prize_rent":null,"normalized_ads_rent":0,"date":"2018-12-03T17:23:44.000Z","fill-opacity":0.3487147357597775,"fill":"#ff0000"},"bbox":[-4.00896,40.6487,-4.01414,40.6541],"geometry":{"type":"Polygon","coordinates":[[[-4.00896,40.6541],[-4.01414,40.6541],[-4.01414,40.6487],[-4.00896,40.6487],[-4.00896,40.6541]]]}},{"type":"Feature","properties":{"name":"Collado Villalba--piece--3-1--gCloud","number_of_ads_buy":0,"average_prize_buy":0,"number_of_ads_rent":0,"average_prize_rent":0,"normalized_prize_buy":0,"normalized_ads_buy":0,"normalized_prize_rent":null,"normalized_ads_rent":0,"date":"2018-12-03T17:23:52.000Z","fill-opacity":0,"fill":"#ff0000"},"bbox":[-4.00896,40.6433,-4.01414,40.6487],"geometry":{"type":"Polygon","coordinates":[[[-4.00896,40.6487],[-4.01414,40.6487],[-4.01414,40.6433],[-4.00896,40.6433],[-4.00896,40.6487]]]}},{"type":"Feature","properties":{"name":"Collado Villalba--piece--3-2--gCloud","number_of_ads_buy":15,"average_prize_buy":1704.51,"number_of_ads_rent":1,"average_prize_rent":7.65,"normalized_prize_buy":0.4306134152534023,"normalized_ads_buy":0.5,"normalized_prize_rent":null,"normalized_ads_rent":0.03333333333333333,"date":"2018-12-03T17:24:03.000Z","fill-opacity":0.34449073220272186,"fill":"#ff0000"},"bbox":[-4.00896,40.6378,-4.01414,40.6433],"geometry":{"type":"Polygon","coordinates":[[[-4.00896,40.6433],[-4.01414,40.6433],[-4.01414,40.6378],[-4.00896,40.6378],[-4.00896,40.6433]]]}},{"type":"Feature","properties":{"name":"Collado Villalba--piece--3-3--gCloud","number_of_ads_buy":12,"average_prize_buy":1541.51,"number_of_ads_rent":2,"average_prize_rent":7.6,"normalized_prize_buy":0.38943443320794374,"normalized_ads_buy":0.4,"normalized_prize_rent":null,"normalized_ads_rent":0.06666666666666667,"date":"2018-12-03T17:24:12.000Z","fill-opacity":0.311547546566355,"fill":"#ff0000"},"bbox":[-4.00896,40.6324,-4.01414,40.6378],"geometry":{"type":"Polygon","coordinates":[[[-4.00896,40.6378],[-4.01414,40.6378],[-4.01414,40.6324],[-4.00896,40.6324],[-4.00896,40.6378]]]}},{"type":"Feature","properties":{"name":"Collado Villalba--piece--3-4--gCloud","number_of_ads_buy":29,"average_prize_buy":1646.02,"number_of_ads_rent":1,"average_prize_rent":8.33333,"normalized_prize_buy":0.4158369817574583,"normalized_ads_buy":0.9666666666666667,"normalized_prize_rent":null,"normalized_ads_rent":0.03333333333333333,"date":"2018-12-03T17:24:22.000Z","fill-opacity":0.3326695854059667,"fill":"#ff0000"},"bbox":[-4.00896,40.627,-4.01414,40.6324],"geometry":{"type":"Polygon","coordinates":[[[-4.00896,40.6324],[-4.01414,40.6324],[-4.01414,40.627],[-4.00896,40.627],[-4.00896,40.6324]]]}},{"type":"Feature","properties":{"name":"Collado Villalba--piece--3-5--gCloud","number_of_ads_buy":14,"average_prize_buy":1849.14,"number_of_ads_rent":0,"average_prize_rent":0,"normalized_prize_buy":0.4671515512855169,"normalized_ads_buy":0.4666666666666667,"normalized_prize_rent":null,"normalized_ads_rent":0,"date":"2018-12-03T17:24:28.000Z","fill-opacity":0.37372124102841353,"fill":"#ff0000"},"bbox":[-4.00896,40.6216,-4.01414,40.627],"geometry":{"type":"Polygon","coordinates":[[[-4.00896,40.627],[-4.01414,40.627],[-4.01414,40.6216],[-4.00896,40.6216],[-4.00896,40.627]]]}},{"type":"Feature","properties":{"name":"Collado Villalba--piece--3-6--gCloud","number_of_ads_buy":30,"average_prize_buy":1521.92,"number_of_ads_rent":0,"average_prize_rent":0,"normalized_prize_buy":0.38448537640873803,"normalized_ads_buy":1,"normalized_prize_rent":null,"normalized_ads_rent":0,"date":"2018-12-03T17:24:36.000Z","fill-opacity":0.3075883011269904,"fill":"#ff0000"},"bbox":[-4.00896,40.6162,-4.01414,40.6216],"geometry":{"type":"Polygon","coordinates":[[[-4.00896,40.6216],[-4.01414,40.6216],[-4.01414,40.6162],[-4.00896,40.6162],[-4.00896,40.6216]]]}},{"type":"Feature","properties":{"name":"Collado Villalba--piece--4-0--gCloud","number_of_ads_buy":0,"average_prize_buy":0,"number_of_ads_rent":0,"average_prize_rent":0,"normalized_prize_buy":0,"normalized_ads_buy":0,"normalized_prize_rent":null,"normalized_ads_rent":0,"date":"2018-12-03T17:24:42.000Z","fill-opacity":0,"fill":"#ff0000"},"bbox":[-4.00379,40.6487,-4.00896,40.6541],"geometry":{"type":"Polygon","coordinates":[[[-4.00379,40.6541],[-4.00896,40.6541],[-4.00896,40.6487],[-4.00379,40.6487],[-4.00379,40.6541]]]}},{"type":"Feature","properties":{"name":"Collado Villalba--piece--4-1--gCloud","number_of_ads_buy":0,"average_prize_buy":0,"number_of_ads_rent":0,"average_prize_rent":0,"normalized_prize_buy":0,"normalized_ads_buy":0,"normalized_prize_rent":null,"normalized_ads_rent":0,"date":"2018-12-03T17:24:57.000Z","fill-opacity":0,"fill":"#ff0000"},"bbox":[-4.00379,40.6433,-4.00896,40.6487],"geometry":{"type":"Polygon","coordinates":[[[-4.00379,40.6487],[-4.00896,40.6487],[-4.00896,40.6433],[-4.00379,40.6433],[-4.00379,40.6487]]]}},{"type":"Feature","properties":{"name":"Collado Villalba--piece--4-2--gCloud","number_of_ads_buy":21,"average_prize_buy":2126.53,"number_of_ads_rent":2,"average_prize_rent":9.4,"normalized_prize_buy":0.5372290839823866,"normalized_ads_buy":0.7,"normalized_prize_rent":null,"normalized_ads_rent":0.06666666666666667,"date":"2018-12-03T17:25:03.000Z","fill-opacity":0.42978326718590926,"fill":"#ff0000"},"bbox":[-4.00379,40.6378,-4.00896,40.6433],"geometry":{"type":"Polygon","coordinates":[[[-4.00379,40.6433],[-4.00896,40.6433],[-4.00896,40.6378],[-4.00379,40.6378],[-4.00379,40.6433]]]}},{"type":"Feature","properties":{"name":"Collado Villalba--piece--4-3--gCloud","number_of_ads_buy":5,"average_prize_buy":1730.59,"number_of_ads_rent":0,"average_prize_rent":0,"normalized_prize_buy":0.43720205238067567,"normalized_ads_buy":0.16666666666666666,"normalized_prize_rent":null,"normalized_ads_rent":0,"date":"2018-12-03T17:25:12.000Z","fill-opacity":0.34976164190454057,"fill":"#ff0000"},"bbox":[-4.00379,40.6324,-4.00896,40.6378],"geometry":{"type":"Polygon","coordinates":[[[-4.00379,40.6378],[-4.00896,40.6378],[-4.00896,40.6324],[-4.00379,40.6324],[-4.00379,40.6378]]]}},{"type":"Feature","properties":{"name":"Collado Villalba--piece--4-4--gCloud","number_of_ads_buy":29,"average_prize_buy":1759.81,"number_of_ads_rent":5,"average_prize_rent":10.4619,"normalized_prize_buy":0.4445839533338554,"normalized_ads_buy":0.9666666666666667,"normalized_prize_rent":null,"normalized_ads_rent":0.16666666666666666,"date":"2018-12-03T17:25:19.000Z","fill-opacity":0.35566716266708437,"fill":"#ff0000"},"bbox":[-4.00379,40.627,-4.00896,40.6324],"geometry":{"type":"Polygon","coordinates":[[[-4.00379,40.6324],[-4.00896,40.6324],[-4.00896,40.627],[-4.00379,40.627],[-4.00379,40.6324]]]}},{"type":"Feature","properties":{"name":"Collado Villalba--piece--4-5--gCloud","number_of_ads_buy":4,"average_prize_buy":1619.73,"number_of_ads_rent":1,"average_prize_rent":8.85417,"normalized_prize_buy":0.40919529195393006,"normalized_ads_buy":0.13333333333333333,"normalized_prize_rent":null,"normalized_ads_rent":0.03333333333333333,"date":"2018-12-03T17:25:28.000Z","fill-opacity":0.3273562335631441,"fill":"#ff0000"},"bbox":[-4.00379,40.6216,-4.00896,40.627],"geometry":{"type":"Polygon","coordinates":[[[-4.00379,40.627],[-4.00896,40.627],[-4.00896,40.6216],[-4.00379,40.6216],[-4.00379,40.627]]]}},{"type":"Feature","properties":{"name":"Collado Villalba--piece--4-6--gCloud","number_of_ads_buy":26,"average_prize_buy":1508.81,"number_of_ads_rent":3,"average_prize_rent":7.79798,"normalized_prize_buy":0.38117337361968306,"normalized_ads_buy":0.8666666666666667,"normalized_prize_rent":null,"normalized_ads_rent":0.1,"date":"2018-12-03T17:25:37.000Z","fill-opacity":0.3049386988957465,"fill":"#ff0000"},"bbox":[-4.00379,40.6162,-4.00896,40.6216],"geometry":{"type":"Polygon","coordinates":[[[-4.00379,40.6216],[-4.00896,40.6216],[-4.00896,40.6162],[-4.00379,40.6162],[-4.00379,40.6216]]]}},{"type":"Feature","properties":{"name":"Collado Villalba--piece--5-0--gCloud","number_of_ads_buy":8,"average_prize_buy":1771.74,"number_of_ads_rent":0,"average_prize_rent":0,"normalized_prize_buy":0.4475978506087163,"normalized_ads_buy":0.26666666666666666,"normalized_prize_rent":null,"normalized_ads_rent":0,"date":"2018-12-03T17:25:47.000Z","fill-opacity":0.3580782804869731,"fill":"#ff0000"},"bbox":[-3.99861,40.6487,-4.00379,40.6541],"geometry":{"type":"Polygon","coordinates":[[[-3.99861,40.6541],[-4.00379,40.6541],[-4.00379,40.6487],[-3.99861,40.6487],[-3.99861,40.6541]]]}},{"type":"Feature","properties":{"name":"Collado Villalba--piece--5-1--gCloud","number_of_ads_buy":0,"average_prize_buy":0,"number_of_ads_rent":0,"average_prize_rent":0,"normalized_prize_buy":0,"normalized_ads_buy":0,"normalized_prize_rent":null,"normalized_ads_rent":0,"date":"2018-12-03T17:25:56.000Z","fill-opacity":0,"fill":"#ff0000"},"bbox":[-3.99861,40.6433,-4.00379,40.6487],"geometry":{"type":"Polygon","coordinates":[[[-3.99861,40.6487],[-4.00379,40.6487],[-4.00379,40.6433],[-3.99861,40.6433],[-3.99861,40.6487]]]}},{"type":"Feature","properties":{"name":"Collado Villalba--piece--5-2--gCloud","number_of_ads_buy":2,"average_prize_buy":1067.86,"number_of_ads_rent":0,"average_prize_rent":0,"normalized_prize_buy":0.26977538507400844,"normalized_ads_buy":0.06666666666666667,"normalized_prize_rent":null,"normalized_ads_rent":0,"date":"2018-12-03T17:26:04.000Z","fill-opacity":0.21582030805920677,"fill":"#ff0000"},"bbox":[-3.99861,40.6378,-4.00379,40.6433],"geometry":{"type":"Polygon","coordinates":[[[-3.99861,40.6433],[-4.00379,40.6433],[-4.00379,40.6378],[-3.99861,40.6378],[-3.99861,40.6433]]]}},{"type":"Feature","properties":{"name":"Collado Villalba--piece--5-3--gCloud","number_of_ads_buy":7,"average_prize_buy":2020.39,"number_of_ads_rent":1,"average_prize_rent":6.84211,"normalized_prize_buy":0.5104147456124174,"normalized_ads_buy":0.23333333333333334,"normalized_prize_rent":null,"normalized_ads_rent":0.03333333333333333,"date":"2018-12-03T17:26:10.000Z","fill-opacity":0.40833179648993395,"fill":"#ff0000"},"bbox":[-3.99861,40.6324,-4.00379,40.6378],"geometry":{"type":"Polygon","coordinates":[[[-3.99861,40.6378],[-4.00379,40.6378],[-4.00379,40.6324],[-3.99861,40.6324],[-3.99861,40.6378]]]}},{"type":"Feature","properties":{"name":"Collado Villalba--piece--5-4--gCloud","number_of_ads_buy":29,"average_prize_buy":1699.25,"number_of_ads_rent":3,"average_prize_rent":9.45378,"normalized_prize_buy":0.4292845720291133,"normalized_ads_buy":0.9666666666666667,"normalized_prize_rent":null,"normalized_ads_rent":0.1,"date":"2018-12-03T17:26:20.000Z","fill-opacity":0.34342765762329064,"fill":"#ff0000"},"bbox":[-3.99861,40.627,-4.00379,40.6324],"geometry":{"type":"Polygon","coordinates":[[[-3.99861,40.6324],[-4.00379,40.6324],[-4.00379,40.627],[-3.99861,40.627],[-3.99861,40.6324]]]}},{"type":"Feature","properties":{"name":"Collado Villalba--piece--5-5--gCloud","number_of_ads_buy":9,"average_prize_buy":1682.63,"number_of_ads_rent":0,"average_prize_rent":0,"normalized_prize_buy":0.4250858316512267,"normalized_ads_buy":0.3,"normalized_prize_rent":null,"normalized_ads_rent":0,"date":"2018-12-03T17:26:29.000Z","fill-opacity":0.3400686653209814,"fill":"#ff0000"},"bbox":[-3.99861,40.6216,-4.00379,40.627],"geometry":{"type":"Polygon","coordinates":[[[-3.99861,40.627],[-4.00379,40.627],[-4.00379,40.6216],[-3.99861,40.6216],[-3.99861,40.627]]]}},{"type":"Feature","properties":{"name":"Collado Villalba--piece--5-6--gCloud","number_of_ads_buy":4,"average_prize_buy":1917.63,"number_of_ads_rent":1,"average_prize_rent":9.67391,"normalized_prize_buy":0.4844543026983602,"normalized_ads_buy":0.13333333333333333,"normalized_prize_rent":null,"normalized_ads_rent":0.03333333333333333,"date":"2018-12-03T17:26:35.000Z","fill-opacity":0.3875634421586882,"fill":"#ff0000"},"bbox":[-3.99861,40.6162,-4.00379,40.6216],"geometry":{"type":"Polygon","coordinates":[[[-3.99861,40.6216],[-4.00379,40.6216],[-4.00379,40.6162],[-3.99861,40.6162],[-3.99861,40.6216]]]}},{"type":"Feature","properties":{"name":"Collado Villalba--piece--6-0--gCloud","number_of_ads_buy":16,"average_prize_buy":1720.5,"number_of_ads_rent":0,"average_prize_rent":0,"normalized_prize_buy":0.4346529976025243,"normalized_ads_buy":0.5333333333333333,"normalized_prize_rent":null,"normalized_ads_rent":0,"date":"2018-12-03T17:26:43.000Z","fill-opacity":0.34772239808201943,"fill":"#ff0000"},"bbox":[-3.99343,40.6487,-3.99861,40.6541],"geometry":{"type":"Polygon","coordinates":[[[-3.99343,40.6541],[-3.99861,40.6541],[-3.99861,40.6487],[-3.99343,40.6487],[-3.99343,40.6541]]]}},{"type":"Feature","properties":{"name":"Collado Villalba--piece--6-1--gCloud","number_of_ads_buy":22,"average_prize_buy":1780.38,"number_of_ads_rent":2,"average_prize_rent":7.03849,"normalized_prize_buy":0.44978058928891734,"normalized_ads_buy":0.7333333333333333,"normalized_prize_rent":null,"normalized_ads_rent":0.06666666666666667,"date":"2018-12-03T17:26:49.000Z","fill-opacity":0.3598244714311339,"fill":"#ff0000"},"bbox":[-3.99343,40.6433,-3.99861,40.6487],"geometry":{"type":"Polygon","coordinates":[[[-3.99343,40.6487],[-3.99861,40.6487],[-3.99861,40.6433],[-3.99343,40.6433],[-3.99343,40.6487]]]}},{"type":"Feature","properties":{"name":"Collado Villalba--piece--6-2--gCloud","number_of_ads_buy":2,"average_prize_buy":1168.52,"number_of_ads_rent":0,"average_prize_rent":0,"normalized_prize_buy":0.2952053012255168,"normalized_ads_buy":0.06666666666666667,"normalized_prize_rent":null,"normalized_ads_rent":0,"date":"2018-12-03T17:26:55.000Z","fill-opacity":0.23616424098041344,"fill":"#ff0000"},"bbox":[-3.99343,40.6378,-3.99861,40.6433],"geometry":{"type":"Polygon","coordinates":[[[-3.99343,40.6433],[-3.99861,40.6433],[-3.99861,40.6378],[-3.99343,40.6378],[-3.99343,40.6433]]]}},{"type":"Feature","properties":{"name":"Collado Villalba--piece--6-3--gCloud","number_of_ads_buy":14,"average_prize_buy":1340.32,"number_of_ads_rent":1,"average_prize_rent":7.77778,"normalized_prize_buy":0.33860744303784673,"normalized_ads_buy":0.4666666666666667,"normalized_prize_rent":null,"normalized_ads_rent":0.03333333333333333,"date":"2018-12-03T17:27:01.000Z","fill-opacity":0.2708859544302774,"fill":"#ff0000"},"bbox":[-3.99343,40.6324,-3.99861,40.6378],"geometry":{"type":"Polygon","coordinates":[[[-3.99343,40.6378],[-3.99861,40.6378],[-3.99861,40.6324],[-3.99343,40.6324],[-3.99343,40.6378]]]}},{"type":"Feature","properties":{"name":"Collado Villalba--piece--6-4--gCloud","number_of_ads_buy":21,"average_prize_buy":1450.61,"number_of_ads_rent":1,"average_prize_rent":7.72358,"normalized_prize_buy":0.36647020334332914,"normalized_ads_buy":0.7,"normalized_prize_rent":null,"normalized_ads_rent":0.03333333333333333,"date":"2018-12-03T17:27:12.000Z","fill-opacity":0.29317616267466334,"fill":"#ff0000"},"bbox":[-3.99343,40.627,-3.99861,40.6324],"geometry":{"type":"Polygon","coordinates":[[[-3.99343,40.6324],[-3.99861,40.6324],[-3.99861,40.627],[-3.99343,40.627],[-3.99343,40.6324]]]}},{"type":"Feature","properties":{"name":"Collado Villalba--piece--6-5--gCloud","number_of_ads_buy":9,"average_prize_buy":1547.38,"number_of_ads_rent":2,"average_prize_rent":8.85714,"normalized_prize_buy":0.39091738182516367,"normalized_ads_buy":0.3,"normalized_prize_rent":null,"normalized_ads_rent":0.06666666666666667,"date":"2018-12-03T17:27:25.000Z","fill-opacity":0.31273390546013097,"fill":"#ff0000"},"bbox":[-3.99343,40.6216,-3.99861,40.627],"geometry":{"type":"Polygon","coordinates":[[[-3.99343,40.627],[-3.99861,40.627],[-3.99861,40.6216],[-3.99343,40.6216],[-3.99343,40.627]]]}},{"type":"Feature","properties":{"name":"Collado Villalba--piece--6-6--gCloud","number_of_ads_buy":2,"average_prize_buy":1575.16,"number_of_ads_rent":0,"average_prize_rent":0,"normalized_prize_buy":0.39793549299830994,"normalized_ads_buy":0.06666666666666667,"normalized_prize_rent":null,"normalized_ads_rent":0,"date":"2018-12-03T17:27:37.000Z","fill-opacity":0.318348394398648,"fill":"#ff0000"},"bbox":[-3.99343,40.6162,-3.99861,40.6216],"geometry":{"type":"Polygon","coordinates":[[[-3.99343,40.6216],[-3.99861,40.6216],[-3.99861,40.6162],[-3.99343,40.6162],[-3.99343,40.6216]]]}},{"type":"Feature","properties":{"name":"Collado Villalba--piece--7-0--gCloud","number_of_ads_buy":0,"average_prize_buy":0,"number_of_ads_rent":0,"average_prize_rent":0,"normalized_prize_buy":0,"normalized_ads_buy":0,"normalized_prize_rent":null,"normalized_ads_rent":0,"date":"2018-12-03T17:27:42.000Z","fill-opacity":0,"fill":"#ff0000"},"bbox":[-3.98826,40.6487,-3.99343,40.6541],"geometry":{"type":"Polygon","coordinates":[[[-3.98826,40.6541],[-3.99343,40.6541],[-3.99343,40.6487],[-3.98826,40.6487],[-3.98826,40.6541]]]}},{"type":"Feature","properties":{"name":"Collado Villalba--piece--7-1--gCloud","number_of_ads_buy":29,"average_prize_buy":1859.88,"number_of_ads_rent":2,"average_prize_rent":8.1746,"normalized_prize_buy":0.46986481672826674,"normalized_ads_buy":0.9666666666666667,"normalized_prize_rent":null,"normalized_ads_rent":0.06666666666666667,"date":"2018-12-03T17:27:49.000Z","fill-opacity":0.37589185338261344,"fill":"#ff0000"},"bbox":[-3.98826,40.6433,-3.99343,40.6487],"geometry":{"type":"Polygon","coordinates":[[[-3.98826,40.6487],[-3.99343,40.6487],[-3.99343,40.6433],[-3.98826,40.6433],[-3.98826,40.6487]]]}},{"type":"Feature","properties":{"name":"Collado Villalba--piece--7-2--gCloud","number_of_ads_buy":22,"average_prize_buy":1794.16,"number_of_ads_rent":0,"average_prize_rent":0,"normalized_prize_buy":0.4532618553784046,"normalized_ads_buy":0.7333333333333333,"normalized_prize_rent":null,"normalized_ads_rent":0,"date":"2018-12-03T17:27:55.000Z","fill-opacity":0.36260948430272366,"fill":"#ff0000"},"bbox":[-3.98826,40.6378,-3.99343,40.6433],"geometry":{"type":"Polygon","coordinates":[[[-3.98826,40.6433],[-3.99343,40.6433],[-3.99343,40.6378],[-3.98826,40.6378],[-3.98826,40.6433]]]}},{"type":"Feature","properties":{"name":"Collado Villalba--piece--7-3--gCloud","number_of_ads_buy":1,"average_prize_buy":3958.33,"number_of_ads_rent":0,"average_prize_rent":0,"normalized_prize_buy":1,"normalized_ads_buy":0.03333333333333333,"normalized_prize_rent":null,"normalized_ads_rent":0,"date":"2018-12-03T17:28:05.000Z","fill-opacity":0.8,"fill":"#ff0000"},"bbox":[-3.98826,40.6324,-3.99343,40.6378],"geometry":{"type":"Polygon","coordinates":[[[-3.98826,40.6378],[-3.99343,40.6378],[-3.99343,40.6324],[-3.98826,40.6324],[-3.98826,40.6378]]]}},{"type":"Feature","properties":{"name":"Collado Villalba--piece--7-4--gCloud","number_of_ads_buy":0,"average_prize_buy":0,"number_of_ads_rent":0,"average_prize_rent":0,"normalized_prize_buy":0,"normalized_ads_buy":0,"normalized_prize_rent":null,"normalized_ads_rent":0,"date":"2018-12-03T17:28:24.000Z","fill-opacity":0,"fill":"#ff0000"},"bbox":[-3.98826,40.627,-3.99343,40.6324],"geometry":{"type":"Polygon","coordinates":[[[-3.98826,40.6324],[-3.99343,40.6324],[-3.99343,40.627],[-3.98826,40.627],[-3.98826,40.6324]]]}},{"type":"Feature","properties":{"name":"Collado Villalba--piece--7-5--gCloud","number_of_ads_buy":0,"average_prize_buy":0,"number_of_ads_rent":0,"average_prize_rent":0,"normalized_prize_buy":0,"normalized_ads_buy":0,"normalized_prize_rent":null,"normalized_ads_rent":0,"date":"2018-12-03T17:28:30.000Z","fill-opacity":0,"fill":"#ff0000"},"bbox":[-3.98826,40.6216,-3.99343,40.627],"geometry":{"type":"Polygon","coordinates":[[[-3.98826,40.627],[-3.99343,40.627],[-3.99343,40.6216],[-3.98826,40.6216],[-3.98826,40.627]]]}},{"type":"Feature","properties":{"name":"Collado Villalba--piece--7-6--gCloud","number_of_ads_buy":0,"average_prize_buy":0,"number_of_ads_rent":0,"average_prize_rent":0,"normalized_prize_buy":0,"normalized_ads_buy":0,"normalized_prize_rent":null,"normalized_ads_rent":0,"date":"2018-12-03T17:28:35.000Z","fill-opacity":0,"fill":"#ff0000"},"bbox":[-3.98826,40.6162,-3.99343,40.6216],"geometry":{"type":"Polygon","coordinates":[[[-3.98826,40.6216],[-3.99343,40.6216],[-3.99343,40.6162],[-3.98826,40.6162],[-3.98826,40.6216]]]}},{"type":"Feature","properties":{"name":"Collado Villalba--piece--8-0--gCloud","number_of_ads_buy":0,"average_prize_buy":0,"number_of_ads_rent":0,"average_prize_rent":0,"normalized_prize_buy":0,"normalized_ads_buy":0,"normalized_prize_rent":null,"normalized_ads_rent":0,"date":"2018-12-03T17:28:41.000Z","fill-opacity":0,"fill":"#ff0000"},"bbox":[-3.98308,40.6487,-3.98826,40.6541],"geometry":{"type":"Polygon","coordinates":[[[-3.98308,40.6541],[-3.98826,40.6541],[-3.98826,40.6487],[-3.98308,40.6487],[-3.98308,40.6541]]]}},{"type":"Feature","properties":{"name":"Collado Villalba--piece--8-1--gCloud","number_of_ads_buy":30,"average_prize_buy":1780.68,"number_of_ads_rent":0,"average_prize_rent":0,"normalized_prize_buy":0.4498563788264243,"normalized_ads_buy":1,"normalized_prize_rent":null,"normalized_ads_rent":0,"date":"2018-12-03T17:28:48.000Z","fill-opacity":0.35988510306113947,"fill":"#ff0000"},"bbox":[-3.98308,40.6433,-3.98826,40.6487],"geometry":{"type":"Polygon","coordinates":[[[-3.98308,40.6487],[-3.98826,40.6487],[-3.98826,40.6433],[-3.98308,40.6433],[-3.98308,40.6487]]]}},{"type":"Feature","properties":{"name":"Collado Villalba--piece--8-2--gCloud","number_of_ads_buy":6,"average_prize_buy":1470.19,"number_of_ads_rent":0,"average_prize_rent":0,"normalized_prize_buy":0.371416733824618,"normalized_ads_buy":0.2,"normalized_prize_rent":null,"normalized_ads_rent":0,"date":"2018-12-03T17:28:57.000Z","fill-opacity":0.2971333870596944,"fill":"#ff0000"},"bbox":[-3.98308,40.6378,-3.98826,40.6433],"geometry":{"type":"Polygon","coordinates":[[[-3.98308,40.6433],[-3.98826,40.6433],[-3.98826,40.6378],[-3.98308,40.6378],[-3.98308,40.6433]]]}},{"type":"Feature","properties":{"name":"Collado Villalba--piece--8-3--gCloud","number_of_ads_buy":0,"average_prize_buy":0,"number_of_ads_rent":0,"average_prize_rent":0,"normalized_prize_buy":0,"normalized_ads_buy":0,"normalized_prize_rent":null,"normalized_ads_rent":0,"date":"2018-12-03T17:29:07.000Z","fill-opacity":0,"fill":"#ff0000"},"bbox":[-3.98308,40.6324,-3.98826,40.6378],"geometry":{"type":"Polygon","coordinates":[[[-3.98308,40.6378],[-3.98826,40.6378],[-3.98826,40.6324],[-3.98308,40.6324],[-3.98308,40.6378]]]}},{"type":"Feature","properties":{"name":"Collado Villalba--piece--8-4--gCloud","number_of_ads_buy":0,"average_prize_buy":0,"number_of_ads_rent":0,"average_prize_rent":0,"normalized_prize_buy":0,"normalized_ads_buy":0,"normalized_prize_rent":null,"normalized_ads_rent":0,"date":"2018-12-03T17:29:13.000Z","fill-opacity":0,"fill":"#ff0000"},"bbox":[-3.98308,40.627,-3.98826,40.6324],"geometry":{"type":"Polygon","coordinates":[[[-3.98308,40.6324],[-3.98826,40.6324],[-3.98826,40.627],[-3.98308,40.627],[-3.98308,40.6324]]]}},{"type":"Feature","properties":{"name":"Collado Villalba--piece--8-5--gCloud","number_of_ads_buy":0,"average_prize_buy":0,"number_of_ads_rent":0,"average_prize_rent":0,"normalized_prize_buy":0,"normalized_ads_buy":0,"normalized_prize_rent":null,"normalized_ads_rent":0,"date":"2018-12-03T17:29:24.000Z","fill-opacity":0,"fill":"#ff0000"},"bbox":[-3.98308,40.6216,-3.98826,40.627],"geometry":{"type":"Polygon","coordinates":[[[-3.98308,40.627],[-3.98826,40.627],[-3.98826,40.6216],[-3.98308,40.6216],[-3.98308,40.627]]]}},{"type":"Feature","properties":{"name":"Collado Villalba--piece--8-6--gCloud","number_of_ads_buy":0,"average_prize_buy":0,"number_of_ads_rent":0,"average_prize_rent":0,"normalized_prize_buy":0,"normalized_ads_buy":0,"normalized_prize_rent":null,"normalized_ads_rent":0,"date":"2018-12-03T17:29:29.000Z","fill-opacity":0,"fill":"#ff0000"},"bbox":[-3.98308,40.6162,-3.98826,40.6216],"geometry":{"type":"Polygon","coordinates":[[[-3.98308,40.6216],[-3.98826,40.6216],[-3.98826,40.6162],[-3.98308,40.6162],[-3.98308,40.6216]]]}}]}