{"type":"FeatureCollection","features":[{"type":"Feature","properties":{"name":"Collado Villalba--2804701001--raspberryOld","number_of_ads_buy":30,"average_prize_buy":1929.49,"number_of_ads_rent":5,"average_prize_rent":8.74538,"normalized_prize_buy":0.9267616728387057,"normalized_ads_buy":1,"normalized_prize_rent":null,"normalized_ads_rent":0.16666666666666666,"date":"2018-12-07T08:01:01.000Z","fill-opacity":0.7414093382709646,"fill":"#ff0000"},"bbox":[-3.99412,40.6341,-4.00928,40.6525],"geometry":{"type":"Polygon","coordinates":[[[-3.99412,40.6525],[-4.00928,40.6525],[-4.00928,40.6341],[-3.99412,40.6341],[-3.99412,40.6525]]]}},{"type":"Feature","properties":{"name":"Collado Villalba--2804701002--raspberryOld","number_of_ads_buy":25,"average_prize_buy":1856.07,"number_of_ads_rent":1,"average_prize_rent":9.59677,"normalized_prize_buy":0.8914969956339429,"normalized_ads_buy":0.8333333333333334,"normalized_prize_rent":null,"normalized_ads_rent":0.03333333333333333,"date":"2018-12-07T08:01:24.000Z","fill-opacity":0.7131975965071544,"fill":"#ff0000"},"bbox":[-4.00689,40.626,-4.00993,40.6304],"geometry":{"type":"Polygon","coordinates":[[[-4.00689,40.6304],[-4.00993,40.6304],[-4.00993,40.626],[-4.00689,40.626],[-4.00689,40.6304]]]}},{"type":"Feature","properties":{"name":"Collado Villalba--2804701003--raspberryOld","number_of_ads_buy":29,"average_prize_buy":1806.31,"number_of_ads_rent":4,"average_prize_rent":7.60655,"normalized_prize_buy":0.8675965551857135,"normalized_ads_buy":0.9666666666666667,"normalized_prize_rent":null,"normalized_ads_rent":0.13333333333333333,"date":"2018-12-07T08:01:50.000Z","fill-opacity":0.6940772441485709,"fill":"#ff0000"},"bbox":[-3.98751,40.6382,-3.99641,40.6451],"geometry":{"type":"Polygon","coordinates":[[[-3.98751,40.6451],[-3.99641,40.6451],[-3.99641,40.6382],[-3.98751,40.6382],[-3.98751,40.6451]]]}},{"type":"Feature","properties":{"name":"Collado Villalba--2804701004--raspberryOld","number_of_ads_buy":30,"average_prize_buy":1591.38,"number_of_ads_rent":8,"average_prize_rent":9.3789,"normalized_prize_buy":0.7643625988847103,"normalized_ads_buy":1,"normalized_prize_rent":null,"normalized_ads_rent":0.26666666666666666,"date":"2018-12-07T08:02:14.000Z","fill-opacity":0.6114900791077682,"fill":"#ff0000"},"bbox":[-3.99375,40.6267,-4.00543,40.6341],"geometry":{"type":"Polygon","coordinates":[[[-3.99375,40.6341],[-4.00543,40.6341],[-4.00543,40.6267],[-3.99375,40.6267],[-3.99375,40.6341]]]}},{"type":"Feature","properties":{"name":"Collado Villalba--2804701005--raspberryOld","number_of_ads_buy":30,"average_prize_buy":1708.47,"number_of_ads_rent":6,"average_prize_rent":9.62749,"normalized_prize_buy":0.8206026023429733,"normalized_ads_buy":1,"normalized_prize_rent":null,"normalized_ads_rent":0.2,"date":"2018-12-07T08:02:39.000Z","fill-opacity":0.6564820818743787,"fill":"#ff0000"},"bbox":[-4.00079,40.6259,-4.00719,40.6309],"geometry":{"type":"Polygon","coordinates":[[[-4.00079,40.6309],[-4.00719,40.6309],[-4.00719,40.6259],[-4.00079,40.6259],[-4.00079,40.6309]]]}},{"type":"Feature","properties":{"name":"Collado Villalba--2804701006--raspberryOld","number_of_ads_buy":6,"average_prize_buy":1471.39,"number_of_ads_rent":0,"average_prize_rent":0,"normalized_prize_buy":0.7067296839051477,"normalized_ads_buy":0.2,"normalized_prize_rent":null,"normalized_ads_rent":0,"date":"2018-12-07T08:02:57.000Z","fill-opacity":0.5653837471241182,"fill":"#ff0000"},"bbox":[-4.0093,40.6286,-4.01348,40.6308],"geometry":{"type":"Polygon","coordinates":[[[-4.0093,40.6308],[-4.01348,40.6308],[-4.01348,40.6286],[-4.0093,40.6286],[-4.0093,40.6308]]]}},{"type":"Feature","properties":{"name":"Collado Villalba--2804701007--raspberryOld","number_of_ads_buy":17,"average_prize_buy":1492.15,"number_of_ads_rent":0,"average_prize_rent":0,"normalized_prize_buy":0.7167010091403816,"normalized_ads_buy":0.5666666666666667,"normalized_prize_rent":null,"normalized_ads_rent":0,"date":"2018-12-07T08:03:16.000Z","fill-opacity":0.5733608073123053,"fill":"#ff0000"},"bbox":[-4.00606,40.6195,-4.0138,40.6217],"geometry":{"type":"Polygon","coordinates":[[[-4.00606,40.6217],[-4.0138,40.6217],[-4.0138,40.6195],[-4.00606,40.6195],[-4.00606,40.6217]]]}},{"type":"Feature","properties":{"name":"Collado Villalba--2804701008--raspberryOld","number_of_ads_buy":12,"average_prize_buy":1997.98,"number_of_ads_rent":0,"average_prize_rent":0,"normalized_prize_buy":0.9596584004572594,"normalized_ads_buy":0.4,"normalized_prize_rent":null,"normalized_ads_rent":0,"date":"2018-12-07T08:03:39.000Z","fill-opacity":0.7677267203658076,"fill":"#ff0000"},"bbox":[-4.00179,40.6215,-4.01033,40.6263],"geometry":{"type":"Polygon","coordinates":[[[-4.00179,40.6263],[-4.01033,40.6263],[-4.01033,40.6215],[-4.00179,40.6215],[-4.00179,40.6263]]]}},{"type":"Feature","properties":{"name":"Collado Villalba--2804701009--raspberryOld","number_of_ads_buy":29,"average_prize_buy":1642.92,"number_of_ads_rent":3,"average_prize_rent":8.88889,"normalized_prize_buy":0.7891179988184269,"normalized_ads_buy":0.9666666666666667,"normalized_prize_rent":null,"normalized_ads_rent":0.1,"date":"2018-12-07T08:04:02.000Z","fill-opacity":0.6312943990547416,"fill":"#ff0000"},"bbox":[-4.00944,40.6216,-4.02967,40.6363],"geometry":{"type":"Polygon","coordinates":[[[-4.00944,40.6363],[-4.02967,40.6363],[-4.02967,40.6216],[-4.00944,40.6216],[-4.00944,40.6363]]]}},{"type":"Feature","properties":{"name":"Collado Villalba--2804701010--raspberryOld","number_of_ads_buy":29,"average_prize_buy":1757.12,"number_of_ads_rent":1,"average_prize_rent":8.33333,"normalized_prize_buy":0.8439698938985672,"normalized_ads_buy":0.9666666666666667,"normalized_prize_rent":null,"normalized_ads_rent":0.03333333333333333,"date":"2018-12-07T08:04:28.000Z","fill-opacity":0.6751759151188539,"fill":"#ff0000"},"bbox":[-4.00962,40.6265,-4.01418,40.6289],"geometry":{"type":"Polygon","coordinates":[[[-4.00962,40.6289],[-4.01418,40.6289],[-4.01418,40.6265],[-4.00962,40.6265],[-4.00962,40.6289]]]}},{"type":"Feature","properties":{"name":"Collado Villalba--2804701011--raspberryOld","number_of_ads_buy":26,"average_prize_buy":1825.95,"number_of_ads_rent":2,"average_prize_rent":9.22547,"normalized_prize_buy":0.8770299283851354,"normalized_ads_buy":0.8666666666666667,"normalized_prize_rent":null,"normalized_ads_rent":0.06666666666666667,"date":"2018-12-07T08:04:55.000Z","fill-opacity":0.7016239427081084,"fill":"#ff0000"},"bbox":[-4.00365,40.6254,-4.00871,40.6294],"geometry":{"type":"Polygon","coordinates":[[[-4.00365,40.6294],[-4.00871,40.6294],[-4.00871,40.6254],[-4.00365,40.6254],[-4.00365,40.6294]]]}},{"type":"Feature","properties":{"name":"Collado Villalba--2804701012--raspberryOld","number_of_ads_buy":30,"average_prize_buy":1819.07,"number_of_ads_rent":0,"average_prize_rent":0,"normalized_prize_buy":0.8737253658794315,"normalized_ads_buy":1,"normalized_prize_rent":null,"normalized_ads_rent":0,"date":"2018-12-07T08:05:17.000Z","fill-opacity":0.6989802927035452,"fill":"#ff0000"},"bbox":[-4.01301,40.6274,-4.01679,40.6313],"geometry":{"type":"Polygon","coordinates":[[[-4.01301,40.6313],[-4.01679,40.6313],[-4.01679,40.6274],[-4.01301,40.6274],[-4.01301,40.6313]]]}},{"type":"Feature","properties":{"name":"Collado Villalba--2804701013--raspberryOld","number_of_ads_buy":28,"average_prize_buy":1531.71,"number_of_ads_rent":3,"average_prize_rent":9.76648,"normalized_prize_buy":0.735702243548178,"normalized_ads_buy":0.9333333333333333,"normalized_prize_rent":null,"normalized_ads_rent":0.1,"date":"2018-12-07T08:05:42.000Z","fill-opacity":0.5885617948385424,"fill":"#ff0000"},"bbox":[-4.00326,40.6296,-4.01166,40.6352],"geometry":{"type":"Polygon","coordinates":[[[-4.00326,40.6352],[-4.01166,40.6352],[-4.01166,40.6296],[-4.00326,40.6296],[-4.00326,40.6352]]]}},{"type":"Feature","properties":{"name":"Collado Villalba--2804701014--raspberryOld","number_of_ads_buy":29,"average_prize_buy":1675.22,"number_of_ads_rent":1,"average_prize_rent":8.33333,"normalized_prize_buy":0.8046321512797976,"normalized_ads_buy":0.9666666666666667,"normalized_prize_rent":null,"normalized_ads_rent":0.03333333333333333,"date":"2018-12-07T08:06:10.000Z","fill-opacity":0.6437057210238382,"fill":"#ff0000"},"bbox":[-4.01079,40.6321,-4.02032,40.6372],"geometry":{"type":"Polygon","coordinates":[[[-4.01079,40.6372],[-4.02032,40.6372],[-4.02032,40.6321],[-4.01079,40.6321],[-4.01079,40.6372]]]}},{"type":"Feature","properties":{"name":"Collado Villalba--2804701015--raspberryOld","number_of_ads_buy":29,"average_prize_buy":1825.82,"number_of_ads_rent":0,"average_prize_rent":0,"normalized_prize_buy":0.8769674875238357,"normalized_ads_buy":0.9666666666666667,"normalized_prize_rent":null,"normalized_ads_rent":0,"date":"2018-12-07T08:06:32.000Z","fill-opacity":0.7015739900190686,"fill":"#ff0000"},"bbox":[-4.01111,40.6306,-4.01735,40.6322],"geometry":{"type":"Polygon","coordinates":[[[-4.01111,40.6322],[-4.01735,40.6322],[-4.01735,40.6306],[-4.01111,40.6306],[-4.01111,40.6322]]]}},{"type":"Feature","properties":{"name":"Collado Villalba--2804701016--raspberryOld","number_of_ads_buy":30,"average_prize_buy":1524.95,"number_of_ads_rent":0,"average_prize_rent":0,"normalized_prize_buy":0.732455318760597,"normalized_ads_buy":1,"normalized_prize_rent":null,"normalized_ads_rent":0,"date":"2018-12-07T08:06:57.000Z","fill-opacity":0.5859642550084776,"fill":"#ff0000"},"bbox":[-4.00612,40.6163,-4.01395,40.6203],"geometry":{"type":"Polygon","coordinates":[[[-4.00612,40.6203],[-4.01395,40.6203],[-4.01395,40.6163],[-4.00612,40.6163],[-4.00612,40.6203]]]}},{"type":"Feature","properties":{"name":"Collado Villalba--2804701017--raspberryOld","number_of_ads_buy":30,"average_prize_buy":1499.46,"number_of_ads_rent":6,"average_prize_rent":5.90158,"normalized_prize_buy":0.7202121068026918,"normalized_ads_buy":1,"normalized_prize_rent":null,"normalized_ads_rent":0.2,"date":"2018-12-07T08:07:24.000Z","fill-opacity":0.5761696854421534,"fill":"#ff0000"},"bbox":[-3.95268,40.6442,-3.9889,40.6627],"geometry":{"type":"Polygon","coordinates":[[[-3.95268,40.6627],[-3.9889,40.6627],[-3.9889,40.6442],[-3.95268,40.6442],[-3.95268,40.6627]]]}},{"type":"Feature","properties":{"name":"Collado Villalba--2804701018--raspberryOld","number_of_ads_buy":29,"average_prize_buy":1577.51,"number_of_ads_rent":8,"average_prize_rent":6.52341,"normalized_prize_buy":0.757700639298357,"normalized_ads_buy":0.9666666666666667,"normalized_prize_rent":null,"normalized_ads_rent":0.26666666666666666,"date":"2018-12-07T08:07:48.000Z","fill-opacity":0.6061605114386857,"fill":"#ff0000"},"bbox":[-3.94651,40.6257,-3.99255,40.6577],"geometry":{"type":"Polygon","coordinates":[[[-3.94651,40.6577],[-3.99255,40.6577],[-3.99255,40.6257],[-3.94651,40.6257],[-3.94651,40.6577]]]}},{"type":"Feature","properties":{"name":"Collado Villalba--2804701019--raspberryOld","number_of_ads_buy":30,"average_prize_buy":1996.9,"number_of_ads_rent":5,"average_prize_rent":9.19,"normalized_prize_buy":0.9591396609941547,"normalized_ads_buy":1,"normalized_prize_rent":null,"normalized_ads_rent":0.16666666666666666,"date":"2018-12-07T08:08:11.000Z","fill-opacity":0.7673117287953238,"fill":"#ff0000"},"bbox":[-4.00514,40.6351,-4.02159,40.655],"geometry":{"type":"Polygon","coordinates":[[[-4.00514,40.655],[-4.02159,40.655],[-4.02159,40.6351],[-4.00514,40.6351],[-4.00514,40.655]]]}},{"type":"Feature","properties":{"name":"Collado Villalba--2804701020--raspberryOld","number_of_ads_buy":30,"average_prize_buy":1627.67,"number_of_ads_rent":2,"average_prize_rent":8.85714,"normalized_prize_buy":0.781793205473662,"normalized_ads_buy":1,"normalized_prize_rent":null,"normalized_ads_rent":0.06666666666666667,"date":"2018-12-07T08:08:34.000Z","fill-opacity":0.6254345643789296,"fill":"#ff0000"},"bbox":[-3.98501,40.6186,-4.00373,40.6289],"geometry":{"type":"Polygon","coordinates":[[[-3.98501,40.6289],[-4.00373,40.6289],[-4.00373,40.6186],[-3.98501,40.6186],[-3.98501,40.6289]]]}},{"type":"Feature","properties":{"name":"Collado Villalba--2804701021--raspberryOld","number_of_ads_buy":19,"average_prize_buy":1721.34,"number_of_ads_rent":6,"average_prize_rent":9.14159,"normalized_prize_buy":0.826784247611637,"normalized_ads_buy":0.6333333333333333,"normalized_prize_rent":null,"normalized_ads_rent":0.2,"date":"2018-12-07T08:08:57.000Z","fill-opacity":0.6614273980893097,"fill":"#ff0000"},"bbox":[-4.01559,40.6181,-4.0231,40.625],"geometry":{"type":"Polygon","coordinates":[[[-4.01559,40.625],[-4.0231,40.625],[-4.0231,40.6181],[-4.01559,40.6181],[-4.01559,40.625]]]}},{"type":"Feature","properties":{"name":"Collado Villalba--2804701022--raspberryOld","number_of_ads_buy":5,"average_prize_buy":2081.97,"number_of_ads_rent":0,"average_prize_rent":0,"normalized_prize_buy":1,"normalized_ads_buy":0.16666666666666666,"normalized_prize_rent":null,"normalized_ads_rent":0,"date":"2018-12-07T08:09:14.000Z","fill-opacity":0.8,"fill":"#ff0000"},"bbox":[-4.00896,40.6216,-4.0137,40.6236],"geometry":{"type":"Polygon","coordinates":[[[-4.00896,40.6236],[-4.0137,40.6236],[-4.0137,40.6216],[-4.00896,40.6216],[-4.00896,40.6236]]]}},{"type":"Feature","properties":{"name":"Collado Villalba--2804701023--raspberryOld","number_of_ads_buy":7,"average_prize_buy":1651.73,"number_of_ads_rent":0,"average_prize_rent":0,"normalized_prize_buy":0.7933495679572713,"normalized_ads_buy":0.23333333333333334,"normalized_prize_rent":null,"normalized_ads_rent":0,"date":"2018-12-07T08:09:34.000Z","fill-opacity":0.6346796543658171,"fill":"#ff0000"},"bbox":[-4.00171,40.619,-4.0065,40.6232],"geometry":{"type":"Polygon","coordinates":[[[-4.00171,40.6232],[-4.0065,40.6232],[-4.0065,40.619],[-4.00171,40.619],[-4.00171,40.6232]]]}},{"type":"Feature","properties":{"name":"Collado Villalba--2804701024--raspberryOld","number_of_ads_buy":30,"average_prize_buy":1618.11,"number_of_ads_rent":3,"average_prize_rent":7.35162,"normalized_prize_buy":0.7772014005965504,"normalized_ads_buy":1,"normalized_prize_rent":null,"normalized_ads_rent":0.1,"date":"2018-12-07T08:09:56.000Z","fill-opacity":0.6217611204772404,"fill":"#ff0000"},"bbox":[-3.99355,40.6162,-4.00623,40.625],"geometry":{"type":"Polygon","coordinates":[[[-3.99355,40.625],[-4.00623,40.625],[-4.00623,40.6162],[-3.99355,40.6162],[-3.99355,40.625]]]}},{"type":"Feature","properties":{"name":"Collado Villalba--2804701025--raspberryOld","number_of_ads_buy":30,"average_prize_buy":1720.88,"number_of_ads_rent":0,"average_prize_rent":0,"normalized_prize_buy":0.8265633030255001,"normalized_ads_buy":1,"normalized_prize_rent":null,"normalized_ads_rent":0,"date":"2018-12-07T08:10:22.000Z","fill-opacity":0.6612506424204001,"fill":"#ff0000"},"bbox":[-3.98078,40.647,-4.00931,40.6811],"geometry":{"type":"Polygon","coordinates":[[[-3.98078,40.6811],[-4.00931,40.6811],[-4.00931,40.647],[-3.98078,40.647],[-3.98078,40.6811]]]}},{"type":"Feature","properties":{"name":"Collado Villalba--2804701026--raspberryOld","number_of_ads_buy":30,"average_prize_buy":1514.03,"number_of_ads_rent":8,"average_prize_rent":9.00275,"normalized_prize_buy":0.7272102864114277,"normalized_ads_buy":1,"normalized_prize_rent":null,"normalized_ads_rent":0.26666666666666666,"date":"2018-12-07T08:10:47.000Z","fill-opacity":0.5817682291291422,"fill":"#ff0000"},"bbox":[-3.97512,40.6193,-4.00326,40.6406],"geometry":{"type":"Polygon","coordinates":[[[-3.97512,40.6406],[-4.00326,40.6406],[-4.00326,40.6193],[-3.97512,40.6193],[-3.97512,40.6406]]]}},{"type":"Feature","properties":{"name":"Collado Villalba--2804701027--raspberryOld","number_of_ads_buy":20,"average_prize_buy":1483.84,"number_of_ads_rent":2,"average_prize_rent":10.0519,"normalized_prize_buy":0.7127095971603817,"normalized_ads_buy":0.6666666666666666,"normalized_prize_rent":null,"normalized_ads_rent":0.06666666666666667,"date":"2018-12-07T08:11:14.000Z","fill-opacity":0.5701676777283055,"fill":"#ff0000"},"bbox":[-4.01358,40.6173,-4.01673,40.6237],"geometry":{"type":"Polygon","coordinates":[[[-4.01358,40.6237],[-4.01673,40.6237],[-4.01673,40.6173],[-4.01358,40.6173],[-4.01358,40.6237]]]}},{"type":"Feature","properties":{"name":"Collado Villalba--2804701028--raspberryOld","number_of_ads_buy":29,"average_prize_buy":1730.73,"number_of_ads_rent":5,"average_prize_rent":7.88524,"normalized_prize_buy":0.8312943990547416,"normalized_ads_buy":0.9666666666666667,"normalized_prize_rent":null,"normalized_ads_rent":0.16666666666666666,"date":"2018-12-07T08:11:39.000Z","fill-opacity":0.6650355192437933,"fill":"#ff0000"},"bbox":[-3.98591,40.6422,-3.99616,40.6509],"geometry":{"type":"Polygon","coordinates":[[[-3.98591,40.6509],[-3.99616,40.6509],[-3.99616,40.6422],[-3.98591,40.6422],[-3.98591,40.6509]]]}},{"type":"Feature","properties":{"name":"Collado Villalba--2804701029--raspberryOld","number_of_ads_buy":30,"average_prize_buy":1744.55,"number_of_ads_rent":2,"average_prize_rent":9.16667,"normalized_prize_buy":0.8379323429252103,"normalized_ads_buy":1,"normalized_prize_rent":null,"normalized_ads_rent":0.06666666666666667,"date":"2018-12-07T08:12:10.000Z","fill-opacity":0.6703458743401683,"fill":"#ff0000"},"bbox":[-4.00785,40.63,-4.01765,40.6346],"geometry":{"type":"Polygon","coordinates":[[[-4.00785,40.6346],[-4.01765,40.6346],[-4.01765,40.63],[-4.00785,40.63],[-4.00785,40.6346]]]}},{"type":"Feature","properties":{"name":"Collado Villalba--2804701030--raspberryOld","number_of_ads_buy":30,"average_prize_buy":1958.79,"number_of_ads_rent":2,"average_prize_rent":8.83333,"normalized_prize_buy":0.940834882347008,"normalized_ads_buy":1,"normalized_prize_rent":null,"normalized_ads_rent":0.06666666666666667,"date":"2018-12-07T08:12:40.000Z","fill-opacity":0.7526679058776065,"fill":"#ff0000"},"bbox":[-4.00517,40.635,-4.01445,40.6414],"geometry":{"type":"Polygon","coordinates":[[[-4.00517,40.6414],[-4.01445,40.6414],[-4.01445,40.635],[-4.00517,40.635],[-4.00517,40.6414]]]}}]}