{"type":"FeatureCollection","features":[{"type":"Feature","properties":{"name":"Colmenar Viejo--piece--0-0--gCloud","number_of_ads_buy":0,"average_prize_buy":0,"number_of_ads_rent":0,"average_prize_rent":0,"normalized_prize_buy":0,"normalized_ads_buy":0,"normalized_prize_rent":null,"normalized_ads_rent":0,"date":"2018-12-07T10:06:03.000Z","fill-opacity":0,"fill":"#ff0000"},"bbox":[-3.78827,40.6708,-3.79352,40.6763],"geometry":{"type":"Polygon","coordinates":[[[-3.78827,40.6763],[-3.79352,40.6763],[-3.79352,40.6708],[-3.78827,40.6708],[-3.78827,40.6763]]]}},{"type":"Feature","properties":{"name":"Colmenar Viejo--piece--0-1--gCloud","number_of_ads_buy":0,"average_prize_buy":0,"number_of_ads_rent":0,"average_prize_rent":0,"normalized_prize_buy":0,"normalized_ads_buy":0,"normalized_prize_rent":null,"normalized_ads_rent":0,"date":"2018-12-07T10:06:08.000Z","fill-opacity":0,"fill":"#ff0000"},"bbox":[-3.78827,40.6653,-3.79352,40.6708],"geometry":{"type":"Polygon","coordinates":[[[-3.78827,40.6708],[-3.79352,40.6708],[-3.79352,40.6653],[-3.78827,40.6653],[-3.78827,40.6708]]]}},{"type":"Feature","properties":{"name":"Colmenar Viejo--piece--0-2--gCloud","number_of_ads_buy":0,"average_prize_buy":0,"number_of_ads_rent":0,"average_prize_rent":0,"normalized_prize_buy":0,"normalized_ads_buy":0,"normalized_prize_rent":null,"normalized_ads_rent":0,"date":"2018-12-07T10:06:16.000Z","fill-opacity":0,"fill":"#ff0000"},"bbox":[-3.78827,40.6598,-3.79352,40.6653],"geometry":{"type":"Polygon","coordinates":[[[-3.78827,40.6653],[-3.79352,40.6653],[-3.79352,40.6598],[-3.78827,40.6598],[-3.78827,40.6653]]]}},{"type":"Feature","properties":{"name":"Colmenar Viejo--piece--0-3--gCloud","number_of_ads_buy":0,"average_prize_buy":0,"number_of_ads_rent":0,"average_prize_rent":0,"normalized_prize_buy":0,"normalized_ads_buy":0,"normalized_prize_rent":null,"normalized_ads_rent":0,"date":"2018-12-07T10:06:22.000Z","fill-opacity":0,"fill":"#ff0000"},"bbox":[-3.78827,40.6543,-3.79352,40.6598],"geometry":{"type":"Polygon","coordinates":[[[-3.78827,40.6598],[-3.79352,40.6598],[-3.79352,40.6543],[-3.78827,40.6543],[-3.78827,40.6598]]]}},{"type":"Feature","properties":{"name":"Colmenar Viejo--piece--0-4--gCloud","number_of_ads_buy":4,"average_prize_buy":2312.14,"number_of_ads_rent":2,"average_prize_rent":9.60227,"normalized_prize_buy":0.9443049037986366,"normalized_ads_buy":0.13333333333333333,"normalized_prize_rent":null,"normalized_ads_rent":0.06666666666666667,"date":"2018-12-07T10:06:33.000Z","fill-opacity":0.7554439230389094,"fill":"#ff0000"},"bbox":[-3.78827,40.6488,-3.79352,40.6543],"geometry":{"type":"Polygon","coordinates":[[[-3.78827,40.6543],[-3.79352,40.6543],[-3.79352,40.6488],[-3.78827,40.6488],[-3.78827,40.6543]]]}},{"type":"Feature","properties":{"name":"Colmenar Viejo--piece--0-5--gCloud","number_of_ads_buy":1,"average_prize_buy":2309.09,"number_of_ads_rent":0,"average_prize_rent":0,"normalized_prize_buy":0.9430592482775239,"normalized_ads_buy":0.03333333333333333,"normalized_prize_rent":null,"normalized_ads_rent":0,"date":"2018-12-07T10:06:41.000Z","fill-opacity":0.7544473986220191,"fill":"#ff0000"},"bbox":[-3.78827,40.6432,-3.79352,40.6488],"geometry":{"type":"Polygon","coordinates":[[[-3.78827,40.6488],[-3.79352,40.6488],[-3.79352,40.6432],[-3.78827,40.6432],[-3.78827,40.6488]]]}},{"type":"Feature","properties":{"name":"Colmenar Viejo--piece--0-6--gCloud","number_of_ads_buy":0,"average_prize_buy":0,"number_of_ads_rent":0,"average_prize_rent":0,"normalized_prize_buy":0,"normalized_ads_buy":0,"normalized_prize_rent":null,"normalized_ads_rent":0,"date":"2018-12-07T10:06:49.000Z","fill-opacity":0,"fill":"#ff0000"},"bbox":[-3.78827,40.6377,-3.79352,40.6432],"geometry":{"type":"Polygon","coordinates":[[[-3.78827,40.6432],[-3.79352,40.6432],[-3.79352,40.6377],[-3.78827,40.6377],[-3.78827,40.6432]]]}},{"type":"Feature","properties":{"name":"Colmenar Viejo--piece--1-0--gCloud","number_of_ads_buy":2,"average_prize_buy":1372.97,"number_of_ads_rent":0,"average_prize_rent":0,"normalized_prize_buy":0.5607369379745233,"normalized_ads_buy":0.06666666666666667,"normalized_prize_rent":null,"normalized_ads_rent":0,"date":"2018-12-07T10:06:55.000Z","fill-opacity":0.4485895503796187,"fill":"#ff0000"},"bbox":[-3.78302,40.6708,-3.78827,40.6763],"geometry":{"type":"Polygon","coordinates":[[[-3.78302,40.6763],[-3.78827,40.6763],[-3.78827,40.6708],[-3.78302,40.6708],[-3.78302,40.6763]]]}},{"type":"Feature","properties":{"name":"Colmenar Viejo--piece--1-1--gCloud","number_of_ads_buy":1,"average_prize_buy":1854.84,"number_of_ads_rent":0,"average_prize_rent":0,"normalized_prize_buy":0.757538257960964,"normalized_ads_buy":0.03333333333333333,"normalized_prize_rent":null,"normalized_ads_rent":0,"date":"2018-12-07T10:07:03.000Z","fill-opacity":0.6060306063687713,"fill":"#ff0000"},"bbox":[-3.78302,40.6653,-3.78827,40.6708],"geometry":{"type":"Polygon","coordinates":[[[-3.78302,40.6708],[-3.78827,40.6708],[-3.78827,40.6653],[-3.78302,40.6653],[-3.78302,40.6708]]]}},{"type":"Feature","properties":{"name":"Colmenar Viejo--piece--1-2--gCloud","number_of_ads_buy":0,"average_prize_buy":0,"number_of_ads_rent":1,"average_prize_rent":10.7143,"normalized_prize_buy":0,"normalized_ads_buy":0,"normalized_prize_rent":null,"normalized_ads_rent":0.03333333333333333,"date":"2018-12-07T10:07:14.000Z","fill-opacity":0,"fill":"#ff0000"},"bbox":[-3.78302,40.6598,-3.78827,40.6653],"geometry":{"type":"Polygon","coordinates":[[[-3.78302,40.6653],[-3.78827,40.6653],[-3.78827,40.6598],[-3.78302,40.6598],[-3.78302,40.6653]]]}},{"type":"Feature","properties":{"name":"Colmenar Viejo--piece--1-3--gCloud","number_of_ads_buy":0,"average_prize_buy":0,"number_of_ads_rent":0,"average_prize_rent":0,"normalized_prize_buy":0,"normalized_ads_buy":0,"normalized_prize_rent":null,"normalized_ads_rent":0,"date":"2018-12-07T10:07:23.000Z","fill-opacity":0,"fill":"#ff0000"},"bbox":[-3.78302,40.6543,-3.78827,40.6598],"geometry":{"type":"Polygon","coordinates":[[[-3.78302,40.6598],[-3.78827,40.6598],[-3.78827,40.6543],[-3.78302,40.6543],[-3.78302,40.6598]]]}},{"type":"Feature","properties":{"name":"Colmenar Viejo--piece--1-4--gCloud","number_of_ads_buy":0,"average_prize_buy":0,"number_of_ads_rent":0,"average_prize_rent":0,"normalized_prize_buy":0,"normalized_ads_buy":0,"normalized_prize_rent":null,"normalized_ads_rent":0,"date":"2018-12-07T10:07:31.000Z","fill-opacity":0,"fill":"#ff0000"},"bbox":[-3.78302,40.6488,-3.78827,40.6543],"geometry":{"type":"Polygon","coordinates":[[[-3.78302,40.6543],[-3.78827,40.6543],[-3.78827,40.6488],[-3.78302,40.6488],[-3.78302,40.6543]]]}},{"type":"Feature","properties":{"name":"Colmenar Viejo--piece--1-5--gCloud","number_of_ads_buy":9,"average_prize_buy":1664.81,"number_of_ads_rent":0,"average_prize_rent":0,"normalized_prize_buy":0.67992779282094,"normalized_ads_buy":0.3,"normalized_prize_rent":null,"normalized_ads_rent":0,"date":"2018-12-07T10:07:39.000Z","fill-opacity":0.543942234256752,"fill":"#ff0000"},"bbox":[-3.78302,40.6432,-3.78827,40.6488],"geometry":{"type":"Polygon","coordinates":[[[-3.78302,40.6488],[-3.78827,40.6488],[-3.78827,40.6432],[-3.78302,40.6432],[-3.78302,40.6488]]]}},{"type":"Feature","properties":{"name":"Colmenar Viejo--piece--1-6--gCloud","number_of_ads_buy":0,"average_prize_buy":0,"number_of_ads_rent":0,"average_prize_rent":0,"normalized_prize_buy":0,"normalized_ads_buy":0,"normalized_prize_rent":null,"normalized_ads_rent":0,"date":"2018-12-07T10:07:45.000Z","fill-opacity":0,"fill":"#ff0000"},"bbox":[-3.78302,40.6377,-3.78827,40.6432],"geometry":{"type":"Polygon","coordinates":[[[-3.78302,40.6432],[-3.78827,40.6432],[-3.78827,40.6377],[-3.78302,40.6377],[-3.78302,40.6432]]]}},{"type":"Feature","properties":{"name":"Colmenar Viejo--piece--2-0--gCloud","number_of_ads_buy":5,"average_prize_buy":983.714,"number_of_ads_rent":0,"average_prize_rent":0,"normalized_prize_buy":0.4017602541954086,"normalized_ads_buy":0.16666666666666666,"normalized_prize_rent":null,"normalized_ads_rent":0,"date":"2018-12-07T10:07:53.000Z","fill-opacity":0.3214082033563269,"fill":"#ff0000"},"bbox":[-3.77777,40.6708,-3.78302,40.6763],"geometry":{"type":"Polygon","coordinates":[[[-3.77777,40.6763],[-3.78302,40.6763],[-3.78302,40.6708],[-3.77777,40.6708],[-3.77777,40.6763]]]}},{"type":"Feature","properties":{"name":"Colmenar Viejo--piece--2-1--gCloud","number_of_ads_buy":25,"average_prize_buy":1529.59,"number_of_ads_rent":0,"average_prize_rent":0,"normalized_prize_buy":0.6247023700127832,"normalized_ads_buy":0.8333333333333334,"normalized_prize_rent":null,"normalized_ads_rent":0,"date":"2018-12-07T10:08:02.000Z","fill-opacity":0.4997618960102266,"fill":"#ff0000"},"bbox":[-3.77777,40.6653,-3.78302,40.6708],"geometry":{"type":"Polygon","coordinates":[[[-3.77777,40.6708],[-3.78302,40.6708],[-3.78302,40.6653],[-3.77777,40.6653],[-3.77777,40.6708]]]}},{"type":"Feature","properties":{"name":"Colmenar Viejo--piece--2-2--gCloud","number_of_ads_buy":3,"average_prize_buy":1469.16,"number_of_ads_rent":0,"average_prize_rent":0,"normalized_prize_buy":0.6000220542288983,"normalized_ads_buy":0.1,"normalized_prize_rent":null,"normalized_ads_rent":0,"date":"2018-12-07T10:08:08.000Z","fill-opacity":0.4800176433831187,"fill":"#ff0000"},"bbox":[-3.77777,40.6598,-3.78302,40.6653],"geometry":{"type":"Polygon","coordinates":[[[-3.77777,40.6653],[-3.78302,40.6653],[-3.78302,40.6598],[-3.77777,40.6598],[-3.77777,40.6653]]]}},{"type":"Feature","properties":{"name":"Colmenar Viejo--piece--2-3--gCloud","number_of_ads_buy":3,"average_prize_buy":1662.44,"number_of_ads_rent":0,"average_prize_rent":0,"normalized_prize_buy":0.6789598572192884,"normalized_ads_buy":0.1,"normalized_prize_rent":null,"normalized_ads_rent":0,"date":"2018-12-07T10:08:20.000Z","fill-opacity":0.5431678857754307,"fill":"#ff0000"},"bbox":[-3.77777,40.6543,-3.78302,40.6598],"geometry":{"type":"Polygon","coordinates":[[[-3.77777,40.6598],[-3.78302,40.6598],[-3.78302,40.6543],[-3.77777,40.6543],[-3.77777,40.6598]]]}},{"type":"Feature","properties":{"name":"Colmenar Viejo--piece--2-4--gCloud","number_of_ads_buy":9,"average_prize_buy":1611.64,"number_of_ads_rent":0,"average_prize_rent":0,"normalized_prize_buy":0.65821254558895,"normalized_ads_buy":0.3,"normalized_prize_rent":null,"normalized_ads_rent":0,"date":"2018-12-07T10:08:29.000Z","fill-opacity":0.5265700364711601,"fill":"#ff0000"},"bbox":[-3.77777,40.6488,-3.78302,40.6543],"geometry":{"type":"Polygon","coordinates":[[[-3.77777,40.6543],[-3.78302,40.6543],[-3.78302,40.6488],[-3.77777,40.6488],[-3.77777,40.6543]]]}},{"type":"Feature","properties":{"name":"Colmenar Viejo--piece--2-5--gCloud","number_of_ads_buy":1,"average_prize_buy":1969.7,"number_of_ads_rent":0,"average_prize_rent":0,"normalized_prize_buy":0.8044484196511347,"normalized_ads_buy":0.03333333333333333,"normalized_prize_rent":null,"normalized_ads_rent":0,"date":"2018-12-07T10:08:37.000Z","fill-opacity":0.6435587357209078,"fill":"#ff0000"},"bbox":[-3.77777,40.6432,-3.78302,40.6488],"geometry":{"type":"Polygon","coordinates":[[[-3.77777,40.6488],[-3.78302,40.6488],[-3.78302,40.6432],[-3.77777,40.6432],[-3.77777,40.6488]]]}},{"type":"Feature","properties":{"name":"Colmenar Viejo--piece--2-6--gCloud","number_of_ads_buy":0,"average_prize_buy":0,"number_of_ads_rent":0,"average_prize_rent":0,"normalized_prize_buy":0,"normalized_ads_buy":0,"normalized_prize_rent":null,"normalized_ads_rent":0,"date":"2018-12-07T10:08:43.000Z","fill-opacity":0,"fill":"#ff0000"},"bbox":[-3.77777,40.6377,-3.78302,40.6432],"geometry":{"type":"Polygon","coordinates":[[[-3.77777,40.6432],[-3.78302,40.6432],[-3.78302,40.6377],[-3.77777,40.6377],[-3.77777,40.6432]]]}},{"type":"Feature","properties":{"name":"Colmenar Viejo--piece--3-0--gCloud","number_of_ads_buy":5,"average_prize_buy":2035.98,"number_of_ads_rent":0,"average_prize_rent":0,"normalized_prize_buy":0.8315179435656787,"normalized_ads_buy":0.16666666666666666,"normalized_prize_rent":null,"normalized_ads_rent":0,"date":"2018-12-07T10:08:51.000Z","fill-opacity":0.665214354852543,"fill":"#ff0000"},"bbox":[-3.77252,40.6708,-3.77777,40.6763],"geometry":{"type":"Polygon","coordinates":[[[-3.77252,40.6763],[-3.77777,40.6763],[-3.77777,40.6708],[-3.77252,40.6708],[-3.77252,40.6763]]]}},{"type":"Feature","properties":{"name":"Colmenar Viejo--piece--3-1--gCloud","number_of_ads_buy":5,"average_prize_buy":2448.51,"number_of_ads_rent":0,"average_prize_rent":0,"normalized_prize_buy":1,"normalized_ads_buy":0.16666666666666666,"normalized_prize_rent":null,"normalized_ads_rent":0,"date":"2018-12-07T10:09:02.000Z","fill-opacity":0.8,"fill":"#ff0000"},"bbox":[-3.77252,40.6653,-3.77777,40.6708],"geometry":{"type":"Polygon","coordinates":[[[-3.77252,40.6708],[-3.77777,40.6708],[-3.77777,40.6653],[-3.77252,40.6653],[-3.77252,40.6708]]]}},{"type":"Feature","properties":{"name":"Colmenar Viejo--piece--3-2--gCloud","number_of_ads_buy":6,"average_prize_buy":1605.33,"number_of_ads_rent":1,"average_prize_rent":4.53333,"normalized_prize_buy":0.6556354681010083,"normalized_ads_buy":0.2,"normalized_prize_rent":null,"normalized_ads_rent":0.03333333333333333,"date":"2018-12-07T10:09:11.000Z","fill-opacity":0.5245083744808067,"fill":"#ff0000"},"bbox":[-3.77252,40.6598,-3.77777,40.6653],"geometry":{"type":"Polygon","coordinates":[[[-3.77252,40.6653],[-3.77777,40.6653],[-3.77777,40.6598],[-3.77252,40.6598],[-3.77252,40.6653]]]}},{"type":"Feature","properties":{"name":"Colmenar Viejo--piece--3-3--gCloud","number_of_ads_buy":11,"average_prize_buy":1890.78,"number_of_ads_rent":0,"average_prize_rent":0,"normalized_prize_buy":0.7722165725277821,"normalized_ads_buy":0.36666666666666664,"normalized_prize_rent":null,"normalized_ads_rent":0,"date":"2018-12-07T10:09:20.000Z","fill-opacity":0.6177732580222257,"fill":"#ff0000"},"bbox":[-3.77252,40.6543,-3.77777,40.6598],"geometry":{"type":"Polygon","coordinates":[[[-3.77252,40.6598],[-3.77777,40.6598],[-3.77777,40.6543],[-3.77252,40.6543],[-3.77252,40.6598]]]}},{"type":"Feature","properties":{"name":"Colmenar Viejo--piece--3-4--gCloud","number_of_ads_buy":29,"average_prize_buy":1399.47,"number_of_ads_rent":0,"average_prize_rent":0,"normalized_prize_buy":0.5715598466005857,"normalized_ads_buy":0.9666666666666667,"normalized_prize_rent":null,"normalized_ads_rent":0,"date":"2018-12-07T10:09:29.000Z","fill-opacity":0.45724787728046856,"fill":"#ff0000"},"bbox":[-3.77252,40.6488,-3.77777,40.6543],"geometry":{"type":"Polygon","coordinates":[[[-3.77252,40.6543],[-3.77777,40.6543],[-3.77777,40.6488],[-3.77252,40.6488],[-3.77252,40.6543]]]}},{"type":"Feature","properties":{"name":"Colmenar Viejo--piece--3-5--gCloud","number_of_ads_buy":1,"average_prize_buy":2118.06,"number_of_ads_rent":0,"average_prize_rent":0,"normalized_prize_buy":0.8650403714912334,"normalized_ads_buy":0.03333333333333333,"normalized_prize_rent":null,"normalized_ads_rent":0,"date":"2018-12-07T10:09:40.000Z","fill-opacity":0.6920322971929868,"fill":"#ff0000"},"bbox":[-3.77252,40.6432,-3.77777,40.6488],"geometry":{"type":"Polygon","coordinates":[[[-3.77252,40.6488],[-3.77777,40.6488],[-3.77777,40.6432],[-3.77252,40.6432],[-3.77252,40.6488]]]}},{"type":"Feature","properties":{"name":"Colmenar Viejo--piece--3-6--gCloud","number_of_ads_buy":0,"average_prize_buy":0,"number_of_ads_rent":0,"average_prize_rent":0,"normalized_prize_buy":0,"normalized_ads_buy":0,"normalized_prize_rent":null,"normalized_ads_rent":0,"date":"2018-12-07T10:09:45.000Z","fill-opacity":0,"fill":"#ff0000"},"bbox":[-3.77252,40.6377,-3.77777,40.6432],"geometry":{"type":"Polygon","coordinates":[[[-3.77252,40.6432],[-3.77777,40.6432],[-3.77777,40.6377],[-3.77252,40.6377],[-3.77252,40.6432]]]}},{"type":"Feature","properties":{"name":"Colmenar Viejo--piece--4-0--gCloud","number_of_ads_buy":0,"average_prize_buy":0,"number_of_ads_rent":0,"average_prize_rent":0,"normalized_prize_buy":0,"normalized_ads_buy":0,"normalized_prize_rent":null,"normalized_ads_rent":0,"date":"2018-12-07T10:09:52.000Z","fill-opacity":0,"fill":"#ff0000"},"bbox":[-3.76727,40.6708,-3.77252,40.6763],"geometry":{"type":"Polygon","coordinates":[[[-3.76727,40.6763],[-3.77252,40.6763],[-3.77252,40.6708],[-3.76727,40.6708],[-3.76727,40.6763]]]}},{"type":"Feature","properties":{"name":"Colmenar Viejo--piece--4-1--gCloud","number_of_ads_buy":1,"average_prize_buy":0,"number_of_ads_rent":0,"average_prize_rent":0,"normalized_prize_buy":0,"normalized_ads_buy":0.03333333333333333,"normalized_prize_rent":null,"normalized_ads_rent":0,"date":"2018-12-07T10:10:01.000Z","fill-opacity":0,"fill":"#ff0000"},"bbox":[-3.76727,40.6653,-3.77252,40.6708],"geometry":{"type":"Polygon","coordinates":[[[-3.76727,40.6708],[-3.77252,40.6708],[-3.77252,40.6653],[-3.76727,40.6653],[-3.76727,40.6708]]]}},{"type":"Feature","properties":{"name":"Colmenar Viejo--piece--4-2--gCloud","number_of_ads_buy":19,"average_prize_buy":1522.22,"number_of_ads_rent":2,"average_prize_rent":6.75036,"normalized_prize_buy":0.6216923761797991,"normalized_ads_buy":0.6333333333333333,"normalized_prize_rent":null,"normalized_ads_rent":0.06666666666666667,"date":"2018-12-07T10:10:14.000Z","fill-opacity":0.4973539009438393,"fill":"#ff0000"},"bbox":[-3.76727,40.6598,-3.77252,40.6653],"geometry":{"type":"Polygon","coordinates":[[[-3.76727,40.6653],[-3.77252,40.6653],[-3.77252,40.6598],[-3.76727,40.6598],[-3.76727,40.6653]]]}},{"type":"Feature","properties":{"name":"Colmenar Viejo--piece--4-3--gCloud","number_of_ads_buy":30,"average_prize_buy":1559.55,"number_of_ads_rent":1,"average_prize_rent":11.6,"normalized_prize_buy":0.6369383829349277,"normalized_ads_buy":1,"normalized_prize_rent":null,"normalized_ads_rent":0.03333333333333333,"date":"2018-12-07T10:10:21.000Z","fill-opacity":0.5095507063479422,"fill":"#ff0000"},"bbox":[-3.76727,40.6543,-3.77252,40.6598],"geometry":{"type":"Polygon","coordinates":[[[-3.76727,40.6598],[-3.77252,40.6598],[-3.77252,40.6543],[-3.76727,40.6543],[-3.76727,40.6598]]]}},{"type":"Feature","properties":{"name":"Colmenar Viejo--piece--4-4--gCloud","number_of_ads_buy":8,"average_prize_buy":1707.94,"number_of_ads_rent":0,"average_prize_rent":0,"normalized_prize_buy":0.6975425871244144,"normalized_ads_buy":0.26666666666666666,"normalized_prize_rent":null,"normalized_ads_rent":0,"date":"2018-12-07T10:10:33.000Z","fill-opacity":0.5580340696995315,"fill":"#ff0000"},"bbox":[-3.76727,40.6488,-3.77252,40.6543],"geometry":{"type":"Polygon","coordinates":[[[-3.76727,40.6543],[-3.77252,40.6543],[-3.77252,40.6488],[-3.76727,40.6488],[-3.76727,40.6543]]]}},{"type":"Feature","properties":{"name":"Colmenar Viejo--piece--4-5--gCloud","number_of_ads_buy":2,"average_prize_buy":1810.85,"number_of_ads_rent":0,"average_prize_rent":0,"normalized_prize_buy":0.7395722296417003,"normalized_ads_buy":0.06666666666666667,"normalized_prize_rent":null,"normalized_ads_rent":0,"date":"2018-12-07T10:10:41.000Z","fill-opacity":0.5916577837133603,"fill":"#ff0000"},"bbox":[-3.76727,40.6432,-3.77252,40.6488],"geometry":{"type":"Polygon","coordinates":[[[-3.76727,40.6488],[-3.77252,40.6488],[-3.77252,40.6432],[-3.76727,40.6432],[-3.76727,40.6488]]]}},{"type":"Feature","properties":{"name":"Colmenar Viejo--piece--4-6--gCloud","number_of_ads_buy":0,"average_prize_buy":0,"number_of_ads_rent":0,"average_prize_rent":0,"normalized_prize_buy":0,"normalized_ads_buy":0,"normalized_prize_rent":null,"normalized_ads_rent":0,"date":"2018-12-07T10:10:46.000Z","fill-opacity":0,"fill":"#ff0000"},"bbox":[-3.76727,40.6377,-3.77252,40.6432],"geometry":{"type":"Polygon","coordinates":[[[-3.76727,40.6432],[-3.77252,40.6432],[-3.77252,40.6377],[-3.76727,40.6377],[-3.76727,40.6432]]]}},{"type":"Feature","properties":{"name":"Colmenar Viejo--piece--5-0--gCloud","number_of_ads_buy":25,"average_prize_buy":1785.37,"number_of_ads_rent":0,"average_prize_rent":0,"normalized_prize_buy":0.7291659008948298,"normalized_ads_buy":0.8333333333333334,"normalized_prize_rent":null,"normalized_ads_rent":0,"date":"2018-12-07T10:10:56.000Z","fill-opacity":0.5833327207158638,"fill":"#ff0000"},"bbox":[-3.76202,40.6708,-3.76727,40.6763],"geometry":{"type":"Polygon","coordinates":[[[-3.76202,40.6763],[-3.76727,40.6763],[-3.76727,40.6708],[-3.76202,40.6708],[-3.76202,40.6763]]]}},{"type":"Feature","properties":{"name":"Colmenar Viejo--piece--5-1--gCloud","number_of_ads_buy":6,"average_prize_buy":1524.42,"number_of_ads_rent":0,"average_prize_rent":0,"normalized_prize_buy":0.6225908818015854,"normalized_ads_buy":0.2,"normalized_prize_rent":null,"normalized_ads_rent":0,"date":"2018-12-07T10:11:04.000Z","fill-opacity":0.49807270544126836,"fill":"#ff0000"},"bbox":[-3.76202,40.6653,-3.76727,40.6708],"geometry":{"type":"Polygon","coordinates":[[[-3.76202,40.6708],[-3.76727,40.6708],[-3.76727,40.6653],[-3.76202,40.6653],[-3.76202,40.6708]]]}},{"type":"Feature","properties":{"name":"Colmenar Viejo--piece--5-2--gCloud","number_of_ads_buy":9,"average_prize_buy":1621.45,"number_of_ads_rent":0,"average_prize_rent":0,"normalized_prize_buy":0.6622190638388243,"normalized_ads_buy":0.3,"normalized_prize_rent":null,"normalized_ads_rent":0,"date":"2018-12-07T10:11:13.000Z","fill-opacity":0.5297752510710595,"fill":"#ff0000"},"bbox":[-3.76202,40.6598,-3.76727,40.6653],"geometry":{"type":"Polygon","coordinates":[[[-3.76202,40.6653],[-3.76727,40.6653],[-3.76727,40.6598],[-3.76202,40.6598],[-3.76202,40.6653]]]}},{"type":"Feature","properties":{"name":"Colmenar Viejo--piece--5-3--gCloud","number_of_ads_buy":30,"average_prize_buy":1653.48,"number_of_ads_rent":4,"average_prize_rent":12.6379,"normalized_prize_buy":0.6753004888687405,"normalized_ads_buy":1,"normalized_prize_rent":null,"normalized_ads_rent":0.13333333333333333,"date":"2018-12-07T10:11:23.000Z","fill-opacity":0.5402403910949924,"fill":"#ff0000"},"bbox":[-3.76202,40.6543,-3.76727,40.6598],"geometry":{"type":"Polygon","coordinates":[[[-3.76202,40.6598],[-3.76727,40.6598],[-3.76727,40.6543],[-3.76202,40.6543],[-3.76202,40.6598]]]}},{"type":"Feature","properties":{"name":"Colmenar Viejo--piece--5-4--gCloud","number_of_ads_buy":3,"average_prize_buy":1816.65,"number_of_ads_rent":0,"average_prize_rent":0,"normalized_prize_buy":0.7419410171900461,"normalized_ads_buy":0.1,"normalized_prize_rent":null,"normalized_ads_rent":0,"date":"2018-12-07T10:11:31.000Z","fill-opacity":0.593552813752037,"fill":"#ff0000"},"bbox":[-3.76202,40.6488,-3.76727,40.6543],"geometry":{"type":"Polygon","coordinates":[[[-3.76202,40.6543],[-3.76727,40.6543],[-3.76727,40.6488],[-3.76202,40.6488],[-3.76202,40.6543]]]}},{"type":"Feature","properties":{"name":"Colmenar Viejo--piece--5-5--gCloud","number_of_ads_buy":0,"average_prize_buy":0,"number_of_ads_rent":0,"average_prize_rent":0,"normalized_prize_buy":0,"normalized_ads_buy":0,"normalized_prize_rent":null,"normalized_ads_rent":0,"date":"2018-12-07T10:11:39.000Z","fill-opacity":0,"fill":"#ff0000"},"bbox":[-3.76202,40.6432,-3.76727,40.6488],"geometry":{"type":"Polygon","coordinates":[[[-3.76202,40.6488],[-3.76727,40.6488],[-3.76727,40.6432],[-3.76202,40.6432],[-3.76202,40.6488]]]}},{"type":"Feature","properties":{"name":"Colmenar Viejo--piece--5-6--gCloud","number_of_ads_buy":0,"average_prize_buy":0,"number_of_ads_rent":0,"average_prize_rent":0,"normalized_prize_buy":0,"normalized_ads_buy":0,"normalized_prize_rent":null,"normalized_ads_rent":0,"date":"2018-12-07T10:11:45.000Z","fill-opacity":0,"fill":"#ff0000"},"bbox":[-3.76202,40.6377,-3.76727,40.6432],"geometry":{"type":"Polygon","coordinates":[[[-3.76202,40.6432],[-3.76727,40.6432],[-3.76727,40.6377],[-3.76202,40.6377],[-3.76202,40.6432]]]}},{"type":"Feature","properties":{"name":"Colmenar Viejo--piece--6-0--gCloud","number_of_ads_buy":0,"average_prize_buy":0,"number_of_ads_rent":0,"average_prize_rent":0,"normalized_prize_buy":0,"normalized_ads_buy":0,"normalized_prize_rent":null,"normalized_ads_rent":0,"date":"2018-12-07T10:11:53.000Z","fill-opacity":0,"fill":"#ff0000"},"bbox":[-3.75677,40.6708,-3.76202,40.6763],"geometry":{"type":"Polygon","coordinates":[[[-3.75677,40.6763],[-3.76202,40.6763],[-3.76202,40.6708],[-3.75677,40.6708],[-3.75677,40.6763]]]}},{"type":"Feature","properties":{"name":"Colmenar Viejo--piece--6-1--gCloud","number_of_ads_buy":13,"average_prize_buy":2152.85,"number_of_ads_rent":0,"average_prize_rent":0,"normalized_prize_buy":0.879249012664845,"normalized_ads_buy":0.43333333333333335,"normalized_prize_rent":null,"normalized_ads_rent":0,"date":"2018-12-07T10:12:01.000Z","fill-opacity":0.703399210131876,"fill":"#ff0000"},"bbox":[-3.75677,40.6653,-3.76202,40.6708],"geometry":{"type":"Polygon","coordinates":[[[-3.75677,40.6708],[-3.76202,40.6708],[-3.76202,40.6653],[-3.75677,40.6653],[-3.75677,40.6708]]]}},{"type":"Feature","properties":{"name":"Colmenar Viejo--piece--6-2--gCloud","number_of_ads_buy":5,"average_prize_buy":2017.08,"number_of_ads_rent":0,"average_prize_rent":0,"normalized_prize_buy":0.8237989634512417,"normalized_ads_buy":0.16666666666666666,"normalized_prize_rent":null,"normalized_ads_rent":0,"date":"2018-12-07T10:12:09.000Z","fill-opacity":0.6590391707609934,"fill":"#ff0000"},"bbox":[-3.75677,40.6598,-3.76202,40.6653],"geometry":{"type":"Polygon","coordinates":[[[-3.75677,40.6653],[-3.76202,40.6653],[-3.76202,40.6598],[-3.75677,40.6598],[-3.75677,40.6653]]]}},{"type":"Feature","properties":{"name":"Colmenar Viejo--piece--6-3--gCloud","number_of_ads_buy":3,"average_prize_buy":1440.5,"number_of_ads_rent":0,"average_prize_rent":0,"normalized_prize_buy":0.5883169764469003,"normalized_ads_buy":0.1,"normalized_prize_rent":null,"normalized_ads_rent":0,"date":"2018-12-07T10:12:15.000Z","fill-opacity":0.47065358115752026,"fill":"#ff0000"},"bbox":[-3.75677,40.6543,-3.76202,40.6598],"geometry":{"type":"Polygon","coordinates":[[[-3.75677,40.6598],[-3.76202,40.6598],[-3.76202,40.6543],[-3.75677,40.6543],[-3.75677,40.6598]]]}},{"type":"Feature","properties":{"name":"Colmenar Viejo--piece--6-4--gCloud","number_of_ads_buy":0,"average_prize_buy":0,"number_of_ads_rent":0,"average_prize_rent":0,"normalized_prize_buy":0,"normalized_ads_buy":0,"normalized_prize_rent":null,"normalized_ads_rent":0,"date":"2018-12-07T10:12:20.000Z","fill-opacity":0,"fill":"#ff0000"},"bbox":[-3.75677,40.6488,-3.76202,40.6543],"geometry":{"type":"Polygon","coordinates":[[[-3.75677,40.6543],[-3.76202,40.6543],[-3.76202,40.6488],[-3.75677,40.6488],[-3.75677,40.6543]]]}},{"type":"Feature","properties":{"name":"Colmenar Viejo--piece--6-5--gCloud","number_of_ads_buy":0,"average_prize_buy":0,"number_of_ads_rent":0,"average_prize_rent":0,"normalized_prize_buy":0,"normalized_ads_buy":0,"normalized_prize_rent":null,"normalized_ads_rent":0,"date":"2018-12-07T10:12:29.000Z","fill-opacity":0,"fill":"#ff0000"},"bbox":[-3.75677,40.6432,-3.76202,40.6488],"geometry":{"type":"Polygon","coordinates":[[[-3.75677,40.6488],[-3.76202,40.6488],[-3.76202,40.6432],[-3.75677,40.6432],[-3.75677,40.6488]]]}},{"type":"Feature","properties":{"name":"Colmenar Viejo--piece--6-6--gCloud","number_of_ads_buy":0,"average_prize_buy":0,"number_of_ads_rent":0,"average_prize_rent":0,"normalized_prize_buy":0,"normalized_ads_buy":0,"normalized_prize_rent":null,"normalized_ads_rent":0,"date":"2018-12-07T10:12:34.000Z","fill-opacity":0,"fill":"#ff0000"},"bbox":[-3.75677,40.6377,-3.76202,40.6432],"geometry":{"type":"Polygon","coordinates":[[[-3.75677,40.6432],[-3.76202,40.6432],[-3.76202,40.6377],[-3.75677,40.6377],[-3.75677,40.6432]]]}},{"type":"Feature","properties":{"name":"Colmenar Viejo--piece--7-0--gCloud","number_of_ads_buy":0,"average_prize_buy":0,"number_of_ads_rent":0,"average_prize_rent":0,"normalized_prize_buy":0,"normalized_ads_buy":0,"normalized_prize_rent":null,"normalized_ads_rent":0,"date":"2018-12-07T10:12:45.000Z","fill-opacity":0,"fill":"#ff0000"},"bbox":[-3.75152,40.6708,-3.75677,40.6763],"geometry":{"type":"Polygon","coordinates":[[[-3.75152,40.6763],[-3.75677,40.6763],[-3.75677,40.6708],[-3.75152,40.6708],[-3.75152,40.6763]]]}},{"type":"Feature","properties":{"name":"Colmenar Viejo--piece--7-1--gCloud","number_of_ads_buy":0,"average_prize_buy":0,"number_of_ads_rent":0,"average_prize_rent":0,"normalized_prize_buy":0,"normalized_ads_buy":0,"normalized_prize_rent":null,"normalized_ads_rent":0,"date":"2018-12-07T10:12:50.000Z","fill-opacity":0,"fill":"#ff0000"},"bbox":[-3.75152,40.6653,-3.75677,40.6708],"geometry":{"type":"Polygon","coordinates":[[[-3.75152,40.6708],[-3.75677,40.6708],[-3.75677,40.6653],[-3.75152,40.6653],[-3.75152,40.6708]]]}},{"type":"Feature","properties":{"name":"Colmenar Viejo--piece--7-2--gCloud","number_of_ads_buy":0,"average_prize_buy":0,"number_of_ads_rent":0,"average_prize_rent":0,"normalized_prize_buy":0,"normalized_ads_buy":0,"normalized_prize_rent":null,"normalized_ads_rent":0,"date":"2018-12-07T10:12:58.000Z","fill-opacity":0,"fill":"#ff0000"},"bbox":[-3.75152,40.6598,-3.75677,40.6653],"geometry":{"type":"Polygon","coordinates":[[[-3.75152,40.6653],[-3.75677,40.6653],[-3.75677,40.6598],[-3.75152,40.6598],[-3.75152,40.6653]]]}},{"type":"Feature","properties":{"name":"Colmenar Viejo--piece--7-3--gCloud","number_of_ads_buy":0,"average_prize_buy":0,"number_of_ads_rent":0,"average_prize_rent":0,"normalized_prize_buy":0,"normalized_ads_buy":0,"normalized_prize_rent":null,"normalized_ads_rent":0,"date":"2018-12-07T10:13:06.000Z","fill-opacity":0,"fill":"#ff0000"},"bbox":[-3.75152,40.6543,-3.75677,40.6598],"geometry":{"type":"Polygon","coordinates":[[[-3.75152,40.6598],[-3.75677,40.6598],[-3.75677,40.6543],[-3.75152,40.6543],[-3.75152,40.6598]]]}},{"type":"Feature","properties":{"name":"Colmenar Viejo--piece--7-4--gCloud","number_of_ads_buy":0,"average_prize_buy":0,"number_of_ads_rent":0,"average_prize_rent":0,"normalized_prize_buy":0,"normalized_ads_buy":0,"normalized_prize_rent":null,"normalized_ads_rent":0,"date":"2018-12-07T10:13:14.000Z","fill-opacity":0,"fill":"#ff0000"},"bbox":[-3.75152,40.6488,-3.75677,40.6543],"geometry":{"type":"Polygon","coordinates":[[[-3.75152,40.6543],[-3.75677,40.6543],[-3.75677,40.6488],[-3.75152,40.6488],[-3.75152,40.6543]]]}},{"type":"Feature","properties":{"name":"Colmenar Viejo--piece--7-5--gCloud","number_of_ads_buy":0,"average_prize_buy":0,"number_of_ads_rent":0,"average_prize_rent":0,"normalized_prize_buy":0,"normalized_ads_buy":0,"normalized_prize_rent":null,"normalized_ads_rent":0,"date":"2018-12-07T10:13:25.000Z","fill-opacity":0,"fill":"#ff0000"},"bbox":[-3.75152,40.6432,-3.75677,40.6488],"geometry":{"type":"Polygon","coordinates":[[[-3.75152,40.6488],[-3.75677,40.6488],[-3.75677,40.6432],[-3.75152,40.6432],[-3.75152,40.6488]]]}},{"type":"Feature","properties":{"name":"Colmenar Viejo--piece--7-6--gCloud","number_of_ads_buy":0,"average_prize_buy":0,"number_of_ads_rent":0,"average_prize_rent":0,"normalized_prize_buy":0,"normalized_ads_buy":0,"normalized_prize_rent":null,"normalized_ads_rent":0,"date":"2018-12-07T10:13:34.000Z","fill-opacity":0,"fill":"#ff0000"},"bbox":[-3.75152,40.6377,-3.75677,40.6432],"geometry":{"type":"Polygon","coordinates":[[[-3.75152,40.6432],[-3.75677,40.6432],[-3.75677,40.6377],[-3.75152,40.6377],[-3.75152,40.6432]]]}}]}