{"type":"FeatureCollection","features":[{"type":"Feature","properties":{"name":"Colmenar Viejo--piece--0-0--raspberry3bp","number_of_ads_buy":0,"average_prize_buy":0,"number_of_ads_rent":0,"average_prize_rent":0,"normalized_prize_buy":null,"normalized_ads_buy":null,"normalized_prize_rent":null,"normalized_ads_rent":null,"date":"2018-12-06T18:58:54.000Z","fill-opacity":null,"fill":"#ff0000"},"bbox":[-3.78827,40.6708,-3.79352,40.6763],"geometry":{"type":"Polygon","coordinates":[[[-3.78827,40.6763],[-3.79352,40.6763],[-3.79352,40.6708],[-3.78827,40.6708],[-3.78827,40.6763]]]}},{"type":"Feature","properties":{"name":"Colmenar Viejo--piece--0-1--raspberry3bp","number_of_ads_buy":0,"average_prize_buy":0,"number_of_ads_rent":0,"average_prize_rent":0,"normalized_prize_buy":null,"normalized_ads_buy":null,"normalized_prize_rent":null,"normalized_ads_rent":null,"date":"2018-12-06T18:59:09.000Z","fill-opacity":null,"fill":"#ff0000"},"bbox":[-3.78827,40.6653,-3.79352,40.6708],"geometry":{"type":"Polygon","coordinates":[[[-3.78827,40.6708],[-3.79352,40.6708],[-3.79352,40.6653],[-3.78827,40.6653],[-3.78827,40.6708]]]}},{"type":"Feature","properties":{"name":"Colmenar Viejo--piece--0-2--raspberry3bp","number_of_ads_buy":0,"average_prize_buy":0,"number_of_ads_rent":0,"average_prize_rent":0,"normalized_prize_buy":null,"normalized_ads_buy":null,"normalized_prize_rent":null,"normalized_ads_rent":null,"date":"2018-12-06T18:59:24.000Z","fill-opacity":null,"fill":"#ff0000"},"bbox":[-3.78827,40.6598,-3.79352,40.6653],"geometry":{"type":"Polygon","coordinates":[[[-3.78827,40.6653],[-3.79352,40.6653],[-3.79352,40.6598],[-3.78827,40.6598],[-3.78827,40.6653]]]}},{"type":"Feature","properties":{"name":"Colmenar Viejo--piece--0-3--raspberry3bp","number_of_ads_buy":0,"average_prize_buy":0,"number_of_ads_rent":0,"average_prize_rent":0,"normalized_prize_buy":null,"normalized_ads_buy":null,"normalized_prize_rent":null,"normalized_ads_rent":null,"date":"2018-12-06T18:59:39.000Z","fill-opacity":null,"fill":"#ff0000"},"bbox":[-3.78827,40.6543,-3.79352,40.6598],"geometry":{"type":"Polygon","coordinates":[[[-3.78827,40.6598],[-3.79352,40.6598],[-3.79352,40.6543],[-3.78827,40.6543],[-3.78827,40.6598]]]}},{"type":"Feature","properties":{"name":"Colmenar Viejo--piece--0-4--raspberry3bp","number_of_ads_buy":0,"average_prize_buy":0,"number_of_ads_rent":0,"average_prize_rent":0,"normalized_prize_buy":null,"normalized_ads_buy":null,"normalized_prize_rent":null,"normalized_ads_rent":null,"date":"2018-12-06T18:59:56.000Z","fill-opacity":null,"fill":"#ff0000"},"bbox":[-3.78827,40.6488,-3.79352,40.6543],"geometry":{"type":"Polygon","coordinates":[[[-3.78827,40.6543],[-3.79352,40.6543],[-3.79352,40.6488],[-3.78827,40.6488],[-3.78827,40.6543]]]}},{"type":"Feature","properties":{"name":"Colmenar Viejo--piece--0-5--raspberry3bp","number_of_ads_buy":0,"average_prize_buy":0,"number_of_ads_rent":0,"average_prize_rent":0,"normalized_prize_buy":null,"normalized_ads_buy":null,"normalized_prize_rent":null,"normalized_ads_rent":null,"date":"2018-12-06T19:00:15.000Z","fill-opacity":null,"fill":"#ff0000"},"bbox":[-3.78827,40.6432,-3.79352,40.6488],"geometry":{"type":"Polygon","coordinates":[[[-3.78827,40.6488],[-3.79352,40.6488],[-3.79352,40.6432],[-3.78827,40.6432],[-3.78827,40.6488]]]}},{"type":"Feature","properties":{"name":"Colmenar Viejo--piece--0-6--raspberry3bp","number_of_ads_buy":0,"average_prize_buy":0,"number_of_ads_rent":0,"average_prize_rent":0,"normalized_prize_buy":null,"normalized_ads_buy":null,"normalized_prize_rent":null,"normalized_ads_rent":null,"date":"2018-12-06T19:00:38.000Z","fill-opacity":null,"fill":"#ff0000"},"bbox":[-3.78827,40.6377,-3.79352,40.6432],"geometry":{"type":"Polygon","coordinates":[[[-3.78827,40.6432],[-3.79352,40.6432],[-3.79352,40.6377],[-3.78827,40.6377],[-3.78827,40.6432]]]}},{"type":"Feature","properties":{"name":"Colmenar Viejo--piece--1-0--raspberry3bp","number_of_ads_buy":0,"average_prize_buy":0,"number_of_ads_rent":0,"average_prize_rent":0,"normalized_prize_buy":null,"normalized_ads_buy":null,"normalized_prize_rent":null,"normalized_ads_rent":null,"date":"2018-12-06T19:00:56.000Z","fill-opacity":null,"fill":"#ff0000"},"bbox":[-3.78302,40.6708,-3.78827,40.6763],"geometry":{"type":"Polygon","coordinates":[[[-3.78302,40.6763],[-3.78827,40.6763],[-3.78827,40.6708],[-3.78302,40.6708],[-3.78302,40.6763]]]}},{"type":"Feature","properties":{"name":"Colmenar Viejo--piece--1-1--raspberry3bp","number_of_ads_buy":0,"average_prize_buy":0,"number_of_ads_rent":0,"average_prize_rent":0,"normalized_prize_buy":null,"normalized_ads_buy":null,"normalized_prize_rent":null,"normalized_ads_rent":null,"date":"2018-12-06T19:01:20.000Z","fill-opacity":null,"fill":"#ff0000"},"bbox":[-3.78302,40.6653,-3.78827,40.6708],"geometry":{"type":"Polygon","coordinates":[[[-3.78302,40.6708],[-3.78827,40.6708],[-3.78827,40.6653],[-3.78302,40.6653],[-3.78302,40.6708]]]}},{"type":"Feature","properties":{"name":"Colmenar Viejo--piece--1-2--raspberry3bp","number_of_ads_buy":0,"average_prize_buy":0,"number_of_ads_rent":0,"average_prize_rent":0,"normalized_prize_buy":null,"normalized_ads_buy":null,"normalized_prize_rent":null,"normalized_ads_rent":null,"date":"2018-12-06T19:01:35.000Z","fill-opacity":null,"fill":"#ff0000"},"bbox":[-3.78302,40.6598,-3.78827,40.6653],"geometry":{"type":"Polygon","coordinates":[[[-3.78302,40.6653],[-3.78827,40.6653],[-3.78827,40.6598],[-3.78302,40.6598],[-3.78302,40.6653]]]}},{"type":"Feature","properties":{"name":"Colmenar Viejo--piece--1-3--raspberry3bp","number_of_ads_buy":0,"average_prize_buy":0,"number_of_ads_rent":0,"average_prize_rent":0,"normalized_prize_buy":null,"normalized_ads_buy":null,"normalized_prize_rent":null,"normalized_ads_rent":null,"date":"2018-12-06T19:01:50.000Z","fill-opacity":null,"fill":"#ff0000"},"bbox":[-3.78302,40.6543,-3.78827,40.6598],"geometry":{"type":"Polygon","coordinates":[[[-3.78302,40.6598],[-3.78827,40.6598],[-3.78827,40.6543],[-3.78302,40.6543],[-3.78302,40.6598]]]}},{"type":"Feature","properties":{"name":"Colmenar Viejo--piece--1-4--raspberry3bp","number_of_ads_buy":0,"average_prize_buy":0,"number_of_ads_rent":0,"average_prize_rent":0,"normalized_prize_buy":null,"normalized_ads_buy":null,"normalized_prize_rent":null,"normalized_ads_rent":null,"date":"2018-12-06T19:02:02.000Z","fill-opacity":null,"fill":"#ff0000"},"bbox":[-3.78302,40.6488,-3.78827,40.6543],"geometry":{"type":"Polygon","coordinates":[[[-3.78302,40.6543],[-3.78827,40.6543],[-3.78827,40.6488],[-3.78302,40.6488],[-3.78302,40.6543]]]}},{"type":"Feature","properties":{"name":"Colmenar Viejo--piece--1-5--raspberry3bp","number_of_ads_buy":0,"average_prize_buy":0,"number_of_ads_rent":0,"average_prize_rent":0,"normalized_prize_buy":null,"normalized_ads_buy":null,"normalized_prize_rent":null,"normalized_ads_rent":null,"date":"2018-12-06T19:02:18.000Z","fill-opacity":null,"fill":"#ff0000"},"bbox":[-3.78302,40.6432,-3.78827,40.6488],"geometry":{"type":"Polygon","coordinates":[[[-3.78302,40.6488],[-3.78827,40.6488],[-3.78827,40.6432],[-3.78302,40.6432],[-3.78302,40.6488]]]}},{"type":"Feature","properties":{"name":"Colmenar Viejo--piece--1-6--raspberry3bp","number_of_ads_buy":0,"average_prize_buy":0,"number_of_ads_rent":0,"average_prize_rent":0,"normalized_prize_buy":null,"normalized_ads_buy":null,"normalized_prize_rent":null,"normalized_ads_rent":null,"date":"2018-12-06T19:02:31.000Z","fill-opacity":null,"fill":"#ff0000"},"bbox":[-3.78302,40.6377,-3.78827,40.6432],"geometry":{"type":"Polygon","coordinates":[[[-3.78302,40.6432],[-3.78827,40.6432],[-3.78827,40.6377],[-3.78302,40.6377],[-3.78302,40.6432]]]}},{"type":"Feature","properties":{"name":"Colmenar Viejo--piece--2-0--raspberry3bp","number_of_ads_buy":0,"average_prize_buy":0,"number_of_ads_rent":0,"average_prize_rent":0,"normalized_prize_buy":null,"normalized_ads_buy":null,"normalized_prize_rent":null,"normalized_ads_rent":null,"date":"2018-12-06T19:02:43.000Z","fill-opacity":null,"fill":"#ff0000"},"bbox":[-3.77777,40.6708,-3.78302,40.6763],"geometry":{"type":"Polygon","coordinates":[[[-3.77777,40.6763],[-3.78302,40.6763],[-3.78302,40.6708],[-3.77777,40.6708],[-3.77777,40.6763]]]}},{"type":"Feature","properties":{"name":"Colmenar Viejo--piece--2-1--raspberry3bp","number_of_ads_buy":0,"average_prize_buy":0,"number_of_ads_rent":0,"average_prize_rent":0,"normalized_prize_buy":null,"normalized_ads_buy":null,"normalized_prize_rent":null,"normalized_ads_rent":null,"date":"2018-12-06T19:02:58.000Z","fill-opacity":null,"fill":"#ff0000"},"bbox":[-3.77777,40.6653,-3.78302,40.6708],"geometry":{"type":"Polygon","coordinates":[[[-3.77777,40.6708],[-3.78302,40.6708],[-3.78302,40.6653],[-3.77777,40.6653],[-3.77777,40.6708]]]}},{"type":"Feature","properties":{"name":"Colmenar Viejo--piece--2-2--raspberry3bp","number_of_ads_buy":0,"average_prize_buy":0,"number_of_ads_rent":0,"average_prize_rent":0,"normalized_prize_buy":null,"normalized_ads_buy":null,"normalized_prize_rent":null,"normalized_ads_rent":null,"date":"2018-12-06T19:03:17.000Z","fill-opacity":null,"fill":"#ff0000"},"bbox":[-3.77777,40.6598,-3.78302,40.6653],"geometry":{"type":"Polygon","coordinates":[[[-3.77777,40.6653],[-3.78302,40.6653],[-3.78302,40.6598],[-3.77777,40.6598],[-3.77777,40.6653]]]}},{"type":"Feature","properties":{"name":"Colmenar Viejo--piece--2-3--raspberry3bp","number_of_ads_buy":0,"average_prize_buy":0,"number_of_ads_rent":1,"average_prize_rent":2,"normalized_prize_buy":null,"normalized_ads_buy":null,"normalized_prize_rent":null,"normalized_ads_rent":null,"date":"2018-12-06T19:03:34.000Z","fill-opacity":null,"fill":"#ff0000"},"bbox":[-3.77777,40.6543,-3.78302,40.6598],"geometry":{"type":"Polygon","coordinates":[[[-3.77777,40.6598],[-3.78302,40.6598],[-3.78302,40.6543],[-3.77777,40.6543],[-3.77777,40.6598]]]}},{"type":"Feature","properties":{"name":"Colmenar Viejo--piece--2-4--raspberry3bp","number_of_ads_buy":0,"average_prize_buy":0,"number_of_ads_rent":3,"average_prize_rent":0,"normalized_prize_buy":null,"normalized_ads_buy":null,"normalized_prize_rent":null,"normalized_ads_rent":null,"date":"2018-12-06T19:03:53.000Z","fill-opacity":null,"fill":"#ff0000"},"bbox":[-3.77777,40.6488,-3.78302,40.6543],"geometry":{"type":"Polygon","coordinates":[[[-3.77777,40.6543],[-3.78302,40.6543],[-3.78302,40.6488],[-3.77777,40.6488],[-3.77777,40.6543]]]}},{"type":"Feature","properties":{"name":"Colmenar Viejo--piece--2-5--raspberry3bp","number_of_ads_buy":0,"average_prize_buy":0,"number_of_ads_rent":0,"average_prize_rent":0,"normalized_prize_buy":null,"normalized_ads_buy":null,"normalized_prize_rent":null,"normalized_ads_rent":null,"date":"2018-12-06T19:04:10.000Z","fill-opacity":null,"fill":"#ff0000"},"bbox":[-3.77777,40.6432,-3.78302,40.6488],"geometry":{"type":"Polygon","coordinates":[[[-3.77777,40.6488],[-3.78302,40.6488],[-3.78302,40.6432],[-3.77777,40.6432],[-3.77777,40.6488]]]}},{"type":"Feature","properties":{"name":"Colmenar Viejo--piece--2-6--raspberry3bp","number_of_ads_buy":0,"average_prize_buy":0,"number_of_ads_rent":0,"average_prize_rent":0,"normalized_prize_buy":null,"normalized_ads_buy":null,"normalized_prize_rent":null,"normalized_ads_rent":null,"date":"2018-12-06T19:04:24.000Z","fill-opacity":null,"fill":"#ff0000"},"bbox":[-3.77777,40.6377,-3.78302,40.6432],"geometry":{"type":"Polygon","coordinates":[[[-3.77777,40.6432],[-3.78302,40.6432],[-3.78302,40.6377],[-3.77777,40.6377],[-3.77777,40.6432]]]}},{"type":"Feature","properties":{"name":"Colmenar Viejo--piece--3-0--raspberry3bp","number_of_ads_buy":0,"average_prize_buy":0,"number_of_ads_rent":4,"average_prize_rent":0,"normalized_prize_buy":null,"normalized_ads_buy":null,"normalized_prize_rent":null,"normalized_ads_rent":null,"date":"2018-12-06T19:04:50.000Z","fill-opacity":null,"fill":"#ff0000"},"bbox":[-3.77252,40.6708,-3.77777,40.6763],"geometry":{"type":"Polygon","coordinates":[[[-3.77252,40.6763],[-3.77777,40.6763],[-3.77777,40.6708],[-3.77252,40.6708],[-3.77252,40.6763]]]}},{"type":"Feature","properties":{"name":"Colmenar Viejo--piece--3-1--raspberry3bp","number_of_ads_buy":0,"average_prize_buy":0,"number_of_ads_rent":0,"average_prize_rent":0,"normalized_prize_buy":null,"normalized_ads_buy":null,"normalized_prize_rent":null,"normalized_ads_rent":null,"date":"2018-12-06T19:05:22.000Z","fill-opacity":null,"fill":"#ff0000"},"bbox":[-3.77252,40.6653,-3.77777,40.6708],"geometry":{"type":"Polygon","coordinates":[[[-3.77252,40.6708],[-3.77777,40.6708],[-3.77777,40.6653],[-3.77252,40.6653],[-3.77252,40.6708]]]}},{"type":"Feature","properties":{"name":"Colmenar Viejo--piece--3-2--raspberry3bp","number_of_ads_buy":0,"average_prize_buy":0,"number_of_ads_rent":0,"average_prize_rent":0,"normalized_prize_buy":null,"normalized_ads_buy":null,"normalized_prize_rent":null,"normalized_ads_rent":null,"date":"2018-12-06T19:05:50.000Z","fill-opacity":null,"fill":"#ff0000"},"bbox":[-3.77252,40.6598,-3.77777,40.6653],"geometry":{"type":"Polygon","coordinates":[[[-3.77252,40.6653],[-3.77777,40.6653],[-3.77777,40.6598],[-3.77252,40.6598],[-3.77252,40.6653]]]}},{"type":"Feature","properties":{"name":"Colmenar Viejo--piece--3-3--raspberry3bp","number_of_ads_buy":0,"average_prize_buy":0,"number_of_ads_rent":0,"average_prize_rent":0,"normalized_prize_buy":null,"normalized_ads_buy":null,"normalized_prize_rent":null,"normalized_ads_rent":null,"date":"2018-12-06T19:06:05.000Z","fill-opacity":null,"fill":"#ff0000"},"bbox":[-3.77252,40.6543,-3.77777,40.6598],"geometry":{"type":"Polygon","coordinates":[[[-3.77252,40.6598],[-3.77777,40.6598],[-3.77777,40.6543],[-3.77252,40.6543],[-3.77252,40.6598]]]}},{"type":"Feature","properties":{"name":"Colmenar Viejo--piece--3-4--raspberry3bp","number_of_ads_buy":0,"average_prize_buy":0,"number_of_ads_rent":0,"average_prize_rent":0,"normalized_prize_buy":null,"normalized_ads_buy":null,"normalized_prize_rent":null,"normalized_ads_rent":null,"date":"2018-12-06T19:06:20.000Z","fill-opacity":null,"fill":"#ff0000"},"bbox":[-3.77252,40.6488,-3.77777,40.6543],"geometry":{"type":"Polygon","coordinates":[[[-3.77252,40.6543],[-3.77777,40.6543],[-3.77777,40.6488],[-3.77252,40.6488],[-3.77252,40.6543]]]}},{"type":"Feature","properties":{"name":"Colmenar Viejo--piece--3-5--raspberry3bp","number_of_ads_buy":0,"average_prize_buy":0,"number_of_ads_rent":0,"average_prize_rent":0,"normalized_prize_buy":null,"normalized_ads_buy":null,"normalized_prize_rent":null,"normalized_ads_rent":null,"date":"2018-12-06T19:06:33.000Z","fill-opacity":null,"fill":"#ff0000"},"bbox":[-3.77252,40.6432,-3.77777,40.6488],"geometry":{"type":"Polygon","coordinates":[[[-3.77252,40.6488],[-3.77777,40.6488],[-3.77777,40.6432],[-3.77252,40.6432],[-3.77252,40.6488]]]}},{"type":"Feature","properties":{"name":"Colmenar Viejo--piece--3-6--raspberry3bp","number_of_ads_buy":0,"average_prize_buy":0,"number_of_ads_rent":0,"average_prize_rent":0,"normalized_prize_buy":null,"normalized_ads_buy":null,"normalized_prize_rent":null,"normalized_ads_rent":null,"date":"2018-12-06T19:06:53.000Z","fill-opacity":null,"fill":"#ff0000"},"bbox":[-3.77252,40.6377,-3.77777,40.6432],"geometry":{"type":"Polygon","coordinates":[[[-3.77252,40.6432],[-3.77777,40.6432],[-3.77777,40.6377],[-3.77252,40.6377],[-3.77252,40.6432]]]}},{"type":"Feature","properties":{"name":"Colmenar Viejo--piece--4-0--raspberry3bp","number_of_ads_buy":0,"average_prize_buy":0,"number_of_ads_rent":1,"average_prize_rent":0,"normalized_prize_buy":null,"normalized_ads_buy":null,"normalized_prize_rent":null,"normalized_ads_rent":null,"date":"2018-12-06T19:07:19.000Z","fill-opacity":null,"fill":"#ff0000"},"bbox":[-3.76727,40.6708,-3.77252,40.6763],"geometry":{"type":"Polygon","coordinates":[[[-3.76727,40.6763],[-3.77252,40.6763],[-3.77252,40.6708],[-3.76727,40.6708],[-3.76727,40.6763]]]}},{"type":"Feature","properties":{"name":"Colmenar Viejo--piece--4-1--raspberry3bp","number_of_ads_buy":0,"average_prize_buy":0,"number_of_ads_rent":1,"average_prize_rent":0,"normalized_prize_buy":null,"normalized_ads_buy":null,"normalized_prize_rent":null,"normalized_ads_rent":null,"date":"2018-12-06T19:07:35.000Z","fill-opacity":null,"fill":"#ff0000"},"bbox":[-3.76727,40.6653,-3.77252,40.6708],"geometry":{"type":"Polygon","coordinates":[[[-3.76727,40.6708],[-3.77252,40.6708],[-3.77252,40.6653],[-3.76727,40.6653],[-3.76727,40.6708]]]}},{"type":"Feature","properties":{"name":"Colmenar Viejo--piece--4-2--raspberry3bp","number_of_ads_buy":0,"average_prize_buy":0,"number_of_ads_rent":3,"average_prize_rent":0,"normalized_prize_buy":null,"normalized_ads_buy":null,"normalized_prize_rent":null,"normalized_ads_rent":null,"date":"2018-12-06T19:07:54.000Z","fill-opacity":null,"fill":"#ff0000"},"bbox":[-3.76727,40.6598,-3.77252,40.6653],"geometry":{"type":"Polygon","coordinates":[[[-3.76727,40.6653],[-3.77252,40.6653],[-3.77252,40.6598],[-3.76727,40.6598],[-3.76727,40.6653]]]}},{"type":"Feature","properties":{"name":"Colmenar Viejo--piece--4-3--raspberry3bp","number_of_ads_buy":0,"average_prize_buy":0,"number_of_ads_rent":0,"average_prize_rent":0,"normalized_prize_buy":null,"normalized_ads_buy":null,"normalized_prize_rent":null,"normalized_ads_rent":null,"date":"2018-12-06T19:08:19.000Z","fill-opacity":null,"fill":"#ff0000"},"bbox":[-3.76727,40.6543,-3.77252,40.6598],"geometry":{"type":"Polygon","coordinates":[[[-3.76727,40.6598],[-3.77252,40.6598],[-3.77252,40.6543],[-3.76727,40.6543],[-3.76727,40.6598]]]}},{"type":"Feature","properties":{"name":"Colmenar Viejo--piece--4-4--raspberry3bp","number_of_ads_buy":0,"average_prize_buy":0,"number_of_ads_rent":0,"average_prize_rent":0,"normalized_prize_buy":null,"normalized_ads_buy":null,"normalized_prize_rent":null,"normalized_ads_rent":null,"date":"2018-12-06T19:08:35.000Z","fill-opacity":null,"fill":"#ff0000"},"bbox":[-3.76727,40.6488,-3.77252,40.6543],"geometry":{"type":"Polygon","coordinates":[[[-3.76727,40.6543],[-3.77252,40.6543],[-3.77252,40.6488],[-3.76727,40.6488],[-3.76727,40.6543]]]}},{"type":"Feature","properties":{"name":"Colmenar Viejo--piece--4-5--raspberry3bp","number_of_ads_buy":0,"average_prize_buy":0,"number_of_ads_rent":0,"average_prize_rent":0,"normalized_prize_buy":null,"normalized_ads_buy":null,"normalized_prize_rent":null,"normalized_ads_rent":null,"date":"2018-12-06T19:08:57.000Z","fill-opacity":null,"fill":"#ff0000"},"bbox":[-3.76727,40.6432,-3.77252,40.6488],"geometry":{"type":"Polygon","coordinates":[[[-3.76727,40.6488],[-3.77252,40.6488],[-3.77252,40.6432],[-3.76727,40.6432],[-3.76727,40.6488]]]}},{"type":"Feature","properties":{"name":"Colmenar Viejo--piece--4-6--raspberry3bp","number_of_ads_buy":0,"average_prize_buy":0,"number_of_ads_rent":0,"average_prize_rent":0,"normalized_prize_buy":null,"normalized_ads_buy":null,"normalized_prize_rent":null,"normalized_ads_rent":null,"date":"2018-12-06T19:09:09.000Z","fill-opacity":null,"fill":"#ff0000"},"bbox":[-3.76727,40.6377,-3.77252,40.6432],"geometry":{"type":"Polygon","coordinates":[[[-3.76727,40.6432],[-3.77252,40.6432],[-3.77252,40.6377],[-3.76727,40.6377],[-3.76727,40.6432]]]}},{"type":"Feature","properties":{"name":"Colmenar Viejo--piece--5-0--raspberry3bp","number_of_ads_buy":0,"average_prize_buy":0,"number_of_ads_rent":0,"average_prize_rent":0,"normalized_prize_buy":null,"normalized_ads_buy":null,"normalized_prize_rent":null,"normalized_ads_rent":null,"date":"2018-12-06T19:09:33.000Z","fill-opacity":null,"fill":"#ff0000"},"bbox":[-3.76202,40.6708,-3.76727,40.6763],"geometry":{"type":"Polygon","coordinates":[[[-3.76202,40.6763],[-3.76727,40.6763],[-3.76727,40.6708],[-3.76202,40.6708],[-3.76202,40.6763]]]}},{"type":"Feature","properties":{"name":"Colmenar Viejo--piece--5-1--raspberry3bp","number_of_ads_buy":0,"average_prize_buy":0,"number_of_ads_rent":0,"average_prize_rent":0,"normalized_prize_buy":null,"normalized_ads_buy":null,"normalized_prize_rent":null,"normalized_ads_rent":null,"date":"2018-12-06T19:09:46.000Z","fill-opacity":null,"fill":"#ff0000"},"bbox":[-3.76202,40.6653,-3.76727,40.6708],"geometry":{"type":"Polygon","coordinates":[[[-3.76202,40.6708],[-3.76727,40.6708],[-3.76727,40.6653],[-3.76202,40.6653],[-3.76202,40.6708]]]}},{"type":"Feature","properties":{"name":"Colmenar Viejo--piece--5-2--raspberry3bp","number_of_ads_buy":0,"average_prize_buy":0,"number_of_ads_rent":1,"average_prize_rent":2,"normalized_prize_buy":null,"normalized_ads_buy":null,"normalized_prize_rent":null,"normalized_ads_rent":null,"date":"2018-12-06T19:10:00.000Z","fill-opacity":null,"fill":"#ff0000"},"bbox":[-3.76202,40.6598,-3.76727,40.6653],"geometry":{"type":"Polygon","coordinates":[[[-3.76202,40.6653],[-3.76727,40.6653],[-3.76727,40.6598],[-3.76202,40.6598],[-3.76202,40.6653]]]}},{"type":"Feature","properties":{"name":"Colmenar Viejo--piece--5-3--raspberry3bp","number_of_ads_buy":0,"average_prize_buy":0,"number_of_ads_rent":1,"average_prize_rent":2,"normalized_prize_buy":null,"normalized_ads_buy":null,"normalized_prize_rent":null,"normalized_ads_rent":null,"date":"2018-12-06T19:10:16.000Z","fill-opacity":null,"fill":"#ff0000"},"bbox":[-3.76202,40.6543,-3.76727,40.6598],"geometry":{"type":"Polygon","coordinates":[[[-3.76202,40.6598],[-3.76727,40.6598],[-3.76727,40.6543],[-3.76202,40.6543],[-3.76202,40.6598]]]}},{"type":"Feature","properties":{"name":"Colmenar Viejo--piece--5-4--raspberry3bp","number_of_ads_buy":0,"average_prize_buy":0,"number_of_ads_rent":0,"average_prize_rent":0,"normalized_prize_buy":null,"normalized_ads_buy":null,"normalized_prize_rent":null,"normalized_ads_rent":null,"date":"2018-12-06T19:10:37.000Z","fill-opacity":null,"fill":"#ff0000"},"bbox":[-3.76202,40.6488,-3.76727,40.6543],"geometry":{"type":"Polygon","coordinates":[[[-3.76202,40.6543],[-3.76727,40.6543],[-3.76727,40.6488],[-3.76202,40.6488],[-3.76202,40.6543]]]}},{"type":"Feature","properties":{"name":"Colmenar Viejo--piece--5-5--raspberry3bp","number_of_ads_buy":0,"average_prize_buy":0,"number_of_ads_rent":0,"average_prize_rent":0,"normalized_prize_buy":null,"normalized_ads_buy":null,"normalized_prize_rent":null,"normalized_ads_rent":null,"date":"2018-12-06T19:10:54.000Z","fill-opacity":null,"fill":"#ff0000"},"bbox":[-3.76202,40.6432,-3.76727,40.6488],"geometry":{"type":"Polygon","coordinates":[[[-3.76202,40.6488],[-3.76727,40.6488],[-3.76727,40.6432],[-3.76202,40.6432],[-3.76202,40.6488]]]}},{"type":"Feature","properties":{"name":"Colmenar Viejo--piece--5-6--raspberry3bp","number_of_ads_buy":0,"average_prize_buy":0,"number_of_ads_rent":0,"average_prize_rent":0,"normalized_prize_buy":null,"normalized_ads_buy":null,"normalized_prize_rent":null,"normalized_ads_rent":null,"date":"2018-12-06T19:11:08.000Z","fill-opacity":null,"fill":"#ff0000"},"bbox":[-3.76202,40.6377,-3.76727,40.6432],"geometry":{"type":"Polygon","coordinates":[[[-3.76202,40.6432],[-3.76727,40.6432],[-3.76727,40.6377],[-3.76202,40.6377],[-3.76202,40.6432]]]}},{"type":"Feature","properties":{"name":"Colmenar Viejo--piece--6-0--raspberry3bp","number_of_ads_buy":0,"average_prize_buy":0,"number_of_ads_rent":0,"average_prize_rent":0,"normalized_prize_buy":null,"normalized_ads_buy":null,"normalized_prize_rent":null,"normalized_ads_rent":null,"date":"2018-12-06T19:11:28.000Z","fill-opacity":null,"fill":"#ff0000"},"bbox":[-3.75677,40.6708,-3.76202,40.6763],"geometry":{"type":"Polygon","coordinates":[[[-3.75677,40.6763],[-3.76202,40.6763],[-3.76202,40.6708],[-3.75677,40.6708],[-3.75677,40.6763]]]}},{"type":"Feature","properties":{"name":"Colmenar Viejo--piece--6-1--raspberry3bp","number_of_ads_buy":0,"average_prize_buy":0,"number_of_ads_rent":0,"average_prize_rent":0,"normalized_prize_buy":null,"normalized_ads_buy":null,"normalized_prize_rent":null,"normalized_ads_rent":null,"date":"2018-12-06T19:11:39.000Z","fill-opacity":null,"fill":"#ff0000"},"bbox":[-3.75677,40.6653,-3.76202,40.6708],"geometry":{"type":"Polygon","coordinates":[[[-3.75677,40.6708],[-3.76202,40.6708],[-3.76202,40.6653],[-3.75677,40.6653],[-3.75677,40.6708]]]}},{"type":"Feature","properties":{"name":"Colmenar Viejo--piece--6-2--raspberry3bp","number_of_ads_buy":0,"average_prize_buy":0,"number_of_ads_rent":0,"average_prize_rent":0,"normalized_prize_buy":null,"normalized_ads_buy":null,"normalized_prize_rent":null,"normalized_ads_rent":null,"date":"2018-12-06T19:11:52.000Z","fill-opacity":null,"fill":"#ff0000"},"bbox":[-3.75677,40.6598,-3.76202,40.6653],"geometry":{"type":"Polygon","coordinates":[[[-3.75677,40.6653],[-3.76202,40.6653],[-3.76202,40.6598],[-3.75677,40.6598],[-3.75677,40.6653]]]}},{"type":"Feature","properties":{"name":"Colmenar Viejo--piece--6-3--raspberry3bp","number_of_ads_buy":0,"average_prize_buy":0,"number_of_ads_rent":0,"average_prize_rent":0,"normalized_prize_buy":null,"normalized_ads_buy":null,"normalized_prize_rent":null,"normalized_ads_rent":null,"date":"2018-12-06T19:12:14.000Z","fill-opacity":null,"fill":"#ff0000"},"bbox":[-3.75677,40.6543,-3.76202,40.6598],"geometry":{"type":"Polygon","coordinates":[[[-3.75677,40.6598],[-3.76202,40.6598],[-3.76202,40.6543],[-3.75677,40.6543],[-3.75677,40.6598]]]}},{"type":"Feature","properties":{"name":"Colmenar Viejo--piece--6-4--raspberry3bp","number_of_ads_buy":0,"average_prize_buy":0,"number_of_ads_rent":1,"average_prize_rent":2,"normalized_prize_buy":null,"normalized_ads_buy":null,"normalized_prize_rent":null,"normalized_ads_rent":null,"date":"2018-12-06T19:12:33.000Z","fill-opacity":null,"fill":"#ff0000"},"bbox":[-3.75677,40.6488,-3.76202,40.6543],"geometry":{"type":"Polygon","coordinates":[[[-3.75677,40.6543],[-3.76202,40.6543],[-3.76202,40.6488],[-3.75677,40.6488],[-3.75677,40.6543]]]}},{"type":"Feature","properties":{"name":"Colmenar Viejo--piece--6-5--raspberry3bp","number_of_ads_buy":0,"average_prize_buy":0,"number_of_ads_rent":0,"average_prize_rent":0,"normalized_prize_buy":null,"normalized_ads_buy":null,"normalized_prize_rent":null,"normalized_ads_rent":null,"date":"2018-12-06T19:12:48.000Z","fill-opacity":null,"fill":"#ff0000"},"bbox":[-3.75677,40.6432,-3.76202,40.6488],"geometry":{"type":"Polygon","coordinates":[[[-3.75677,40.6488],[-3.76202,40.6488],[-3.76202,40.6432],[-3.75677,40.6432],[-3.75677,40.6488]]]}},{"type":"Feature","properties":{"name":"Colmenar Viejo--piece--6-6--raspberry3bp","number_of_ads_buy":0,"average_prize_buy":0,"number_of_ads_rent":0,"average_prize_rent":0,"normalized_prize_buy":null,"normalized_ads_buy":null,"normalized_prize_rent":null,"normalized_ads_rent":null,"date":"2018-12-06T19:13:05.000Z","fill-opacity":null,"fill":"#ff0000"},"bbox":[-3.75677,40.6377,-3.76202,40.6432],"geometry":{"type":"Polygon","coordinates":[[[-3.75677,40.6432],[-3.76202,40.6432],[-3.76202,40.6377],[-3.75677,40.6377],[-3.75677,40.6432]]]}},{"type":"Feature","properties":{"name":"Colmenar Viejo--piece--7-0--raspberry3bp","number_of_ads_buy":0,"average_prize_buy":0,"number_of_ads_rent":0,"average_prize_rent":0,"normalized_prize_buy":null,"normalized_ads_buy":null,"normalized_prize_rent":null,"normalized_ads_rent":null,"date":"2018-12-06T19:13:18.000Z","fill-opacity":null,"fill":"#ff0000"},"bbox":[-3.75152,40.6708,-3.75677,40.6763],"geometry":{"type":"Polygon","coordinates":[[[-3.75152,40.6763],[-3.75677,40.6763],[-3.75677,40.6708],[-3.75152,40.6708],[-3.75152,40.6763]]]}},{"type":"Feature","properties":{"name":"Colmenar Viejo--piece--7-1--raspberry3bp","number_of_ads_buy":0,"average_prize_buy":0,"number_of_ads_rent":0,"average_prize_rent":0,"normalized_prize_buy":null,"normalized_ads_buy":null,"normalized_prize_rent":null,"normalized_ads_rent":null,"date":"2018-12-06T19:13:36.000Z","fill-opacity":null,"fill":"#ff0000"},"bbox":[-3.75152,40.6653,-3.75677,40.6708],"geometry":{"type":"Polygon","coordinates":[[[-3.75152,40.6708],[-3.75677,40.6708],[-3.75677,40.6653],[-3.75152,40.6653],[-3.75152,40.6708]]]}},{"type":"Feature","properties":{"name":"Colmenar Viejo--piece--7-2--raspberry3bp","number_of_ads_buy":0,"average_prize_buy":0,"number_of_ads_rent":0,"average_prize_rent":0,"normalized_prize_buy":null,"normalized_ads_buy":null,"normalized_prize_rent":null,"normalized_ads_rent":null,"date":"2018-12-06T19:13:55.000Z","fill-opacity":null,"fill":"#ff0000"},"bbox":[-3.75152,40.6598,-3.75677,40.6653],"geometry":{"type":"Polygon","coordinates":[[[-3.75152,40.6653],[-3.75677,40.6653],[-3.75677,40.6598],[-3.75152,40.6598],[-3.75152,40.6653]]]}},{"type":"Feature","properties":{"name":"Colmenar Viejo--piece--7-3--raspberry3bp","number_of_ads_buy":0,"average_prize_buy":0,"number_of_ads_rent":0,"average_prize_rent":0,"normalized_prize_buy":null,"normalized_ads_buy":null,"normalized_prize_rent":null,"normalized_ads_rent":null,"date":"2018-12-06T19:14:15.000Z","fill-opacity":null,"fill":"#ff0000"},"bbox":[-3.75152,40.6543,-3.75677,40.6598],"geometry":{"type":"Polygon","coordinates":[[[-3.75152,40.6598],[-3.75677,40.6598],[-3.75677,40.6543],[-3.75152,40.6543],[-3.75152,40.6598]]]}},{"type":"Feature","properties":{"name":"Colmenar Viejo--piece--7-4--raspberry3bp","number_of_ads_buy":0,"average_prize_buy":0,"number_of_ads_rent":0,"average_prize_rent":0,"normalized_prize_buy":null,"normalized_ads_buy":null,"normalized_prize_rent":null,"normalized_ads_rent":null,"date":"2018-12-06T19:14:35.000Z","fill-opacity":null,"fill":"#ff0000"},"bbox":[-3.75152,40.6488,-3.75677,40.6543],"geometry":{"type":"Polygon","coordinates":[[[-3.75152,40.6543],[-3.75677,40.6543],[-3.75677,40.6488],[-3.75152,40.6488],[-3.75152,40.6543]]]}},{"type":"Feature","properties":{"name":"Colmenar Viejo--piece--7-5--raspberry3bp","number_of_ads_buy":0,"average_prize_buy":0,"number_of_ads_rent":0,"average_prize_rent":0,"normalized_prize_buy":null,"normalized_ads_buy":null,"normalized_prize_rent":null,"normalized_ads_rent":null,"date":"2018-12-06T19:14:59.000Z","fill-opacity":null,"fill":"#ff0000"},"bbox":[-3.75152,40.6432,-3.75677,40.6488],"geometry":{"type":"Polygon","coordinates":[[[-3.75152,40.6488],[-3.75677,40.6488],[-3.75677,40.6432],[-3.75152,40.6432],[-3.75152,40.6488]]]}},{"type":"Feature","properties":{"name":"Colmenar Viejo--piece--7-6--raspberry3bp","number_of_ads_buy":0,"average_prize_buy":0,"number_of_ads_rent":0,"average_prize_rent":0,"normalized_prize_buy":null,"normalized_ads_buy":null,"normalized_prize_rent":null,"normalized_ads_rent":null,"date":"2018-12-06T19:15:13.000Z","fill-opacity":null,"fill":"#ff0000"},"bbox":[-3.75152,40.6377,-3.75677,40.6432],"geometry":{"type":"Polygon","coordinates":[[[-3.75152,40.6432],[-3.75677,40.6432],[-3.75677,40.6377],[-3.75152,40.6377],[-3.75152,40.6432]]]}}]}