{"type":"FeatureCollection","features":[{"type":"Feature","properties":{"name":"Colmenar Viejo--2804501001--raspberryOld","number_of_ads_buy":23,"average_prize_buy":1487.08,"number_of_ads_rent":2,"average_prize_rent":8.27586,"normalized_prize_buy":0.629334642436964,"normalized_ads_buy":0.7666666666666667,"normalized_prize_rent":null,"normalized_ads_rent":0.06666666666666667,"date":"2018-12-07T08:13:03.000Z","fill-opacity":0.5034677139495712,"fill":"#ff0000"},"bbox":[-3.75768,40.6528,-3.76558,40.659],"geometry":{"type":"Polygon","coordinates":[[[-3.75768,40.659],[-3.76558,40.659],[-3.76558,40.6528],[-3.75768,40.6528],[-3.75768,40.659]]]}},{"type":"Feature","properties":{"name":"Colmenar Viejo--2804501002--raspberryOld","number_of_ads_buy":30,"average_prize_buy":1680.62,"number_of_ads_rent":2,"average_prize_rent":17,"normalized_prize_buy":0.7112410810261792,"normalized_ads_buy":1,"normalized_prize_rent":null,"normalized_ads_rent":0.06666666666666667,"date":"2018-12-07T08:13:30.000Z","fill-opacity":0.5689928648209434,"fill":"#ff0000"},"bbox":[-3.76498,40.6525,-3.77135,40.6592],"geometry":{"type":"Polygon","coordinates":[[[-3.76498,40.6592],[-3.77135,40.6592],[-3.77135,40.6525],[-3.76498,40.6525],[-3.76498,40.6592]]]}},{"type":"Feature","properties":{"name":"Colmenar Viejo--2804501003--raspberryOld","number_of_ads_buy":30,"average_prize_buy":1655.51,"number_of_ads_rent":0,"average_prize_rent":0,"normalized_prize_buy":0.7006144887301412,"normalized_ads_buy":1,"normalized_prize_rent":null,"normalized_ads_rent":0,"date":"2018-12-07T08:13:54.000Z","fill-opacity":0.5604915909841129,"fill":"#ff0000"},"bbox":[-3.76717,40.6532,-3.77276,40.6583],"geometry":{"type":"Polygon","coordinates":[[[-3.76717,40.6583],[-3.77276,40.6583],[-3.77276,40.6532],[-3.76717,40.6532],[-3.76717,40.6583]]]}},{"type":"Feature","properties":{"name":"Colmenar Viejo--2804501004--raspberryOld","number_of_ads_buy":19,"average_prize_buy":1777.38,"number_of_ads_rent":0,"average_prize_rent":0,"normalized_prize_buy":0.752190068304739,"normalized_ads_buy":0.6333333333333333,"normalized_prize_rent":null,"normalized_ads_rent":0,"date":"2018-12-07T08:14:15.000Z","fill-opacity":0.6017520546437912,"fill":"#ff0000"},"bbox":[-3.76999,40.6538,-3.77453,40.6583],"geometry":{"type":"Polygon","coordinates":[[[-3.76999,40.6583],[-3.77453,40.6583],[-3.77453,40.6538],[-3.76999,40.6538],[-3.76999,40.6583]]]}},{"type":"Feature","properties":{"name":"Colmenar Viejo--2804501005--raspberryOld","number_of_ads_buy":11,"average_prize_buy":1730.28,"number_of_ads_rent":0,"average_prize_rent":0,"normalized_prize_buy":0.7322572727195781,"normalized_ads_buy":0.36666666666666664,"normalized_prize_rent":null,"normalized_ads_rent":0,"date":"2018-12-07T08:14:38.000Z","fill-opacity":0.5858058181756625,"fill":"#ff0000"},"bbox":[-3.7717,40.6544,-3.77665,40.6608],"geometry":{"type":"Polygon","coordinates":[[[-3.7717,40.6608],[-3.77665,40.6608],[-3.77665,40.6544],[-3.7717,40.6544],[-3.7717,40.6608]]]}},{"type":"Feature","properties":{"name":"Colmenar Viejo--2804501006--raspberryOld","number_of_ads_buy":21,"average_prize_buy":1457.34,"number_of_ads_rent":2,"average_prize_rent":7.35556,"normalized_prize_buy":0.6167486267107924,"normalized_ads_buy":0.7,"normalized_prize_rent":null,"normalized_ads_rent":0.06666666666666667,"date":"2018-12-07T08:14:58.000Z","fill-opacity":0.49339890136863396,"fill":"#ff0000"},"bbox":[-3.76726,40.6578,-3.77665,40.6617],"geometry":{"type":"Polygon","coordinates":[[[-3.76726,40.6617],[-3.77665,40.6617],[-3.77665,40.6578],[-3.76726,40.6578],[-3.76726,40.6617]]]}},{"type":"Feature","properties":{"name":"Colmenar Viejo--2804501007--raspberryOld","number_of_ads_buy":11,"average_prize_buy":1622.29,"number_of_ads_rent":1,"average_prize_rent":10.3896,"normalized_prize_buy":0.6865557314193335,"normalized_ads_buy":0.36666666666666664,"normalized_prize_rent":null,"normalized_ads_rent":0.03333333333333333,"date":"2018-12-07T08:15:17.000Z","fill-opacity":0.5492445851354668,"fill":"#ff0000"},"bbox":[-3.76689,40.6591,-3.77072,40.6635],"geometry":{"type":"Polygon","coordinates":[[[-3.76689,40.6635],[-3.77072,40.6635],[-3.77072,40.6591],[-3.76689,40.6591],[-3.76689,40.6635]]]}},{"type":"Feature","properties":{"name":"Colmenar Viejo--2804501008--raspberryOld","number_of_ads_buy":17,"average_prize_buy":1495.33,"number_of_ads_rent":2,"average_prize_rent":7.35556,"normalized_prize_buy":0.632826055676403,"normalized_ads_buy":0.5666666666666667,"normalized_prize_rent":null,"normalized_ads_rent":0.06666666666666667,"date":"2018-12-07T08:15:39.000Z","fill-opacity":0.5062608445411224,"fill":"#ff0000"},"bbox":[-3.77003,40.6591,-3.78227,40.6637],"geometry":{"type":"Polygon","coordinates":[[[-3.77003,40.6637],[-3.78227,40.6637],[-3.78227,40.6591],[-3.77003,40.6591],[-3.77003,40.6637]]]}},{"type":"Feature","properties":{"name":"Colmenar Viejo--2804501009--raspberryOld","number_of_ads_buy":3,"average_prize_buy":1377.27,"number_of_ads_rent":0,"average_prize_rent":0,"normalized_prize_buy":0.582862874216019,"normalized_ads_buy":0.1,"normalized_prize_rent":null,"normalized_ads_rent":0,"date":"2018-12-07T08:16:01.000Z","fill-opacity":0.46629029937281524,"fill":"#ff0000"},"bbox":[-3.77049,40.6614,-3.77541,40.6639],"geometry":{"type":"Polygon","coordinates":[[[-3.77049,40.6639],[-3.77541,40.6639],[-3.77541,40.6614],[-3.77049,40.6614],[-3.77049,40.6639]]]}},{"type":"Feature","properties":{"name":"Colmenar Viejo--2804501010--raspberryOld","number_of_ads_buy":1,"average_prize_buy":1724.14,"number_of_ads_rent":0,"average_prize_rent":0,"normalized_prize_buy":0.729658814866226,"normalized_ads_buy":0.03333333333333333,"normalized_prize_rent":null,"normalized_ads_rent":0,"date":"2018-12-07T08:16:23.000Z","fill-opacity":0.5837270518929808,"fill":"#ff0000"},"bbox":[-3.76894,40.6632,-3.7742,40.6665],"geometry":{"type":"Polygon","coordinates":[[[-3.76894,40.6665],[-3.7742,40.6665],[-3.7742,40.6632],[-3.76894,40.6632],[-3.76894,40.6665]]]}},{"type":"Feature","properties":{"name":"Colmenar Viejo--2804501011--raspberryOld","number_of_ads_buy":15,"average_prize_buy":1852.42,"number_of_ads_rent":0,"average_prize_rent":0,"normalized_prize_buy":0.7839471167274666,"normalized_ads_buy":0.5,"normalized_prize_rent":null,"normalized_ads_rent":0,"date":"2018-12-07T08:16:42.000Z","fill-opacity":0.6271576933819734,"fill":"#ff0000"},"bbox":[-3.77103,40.6646,-3.77942,40.6725],"geometry":{"type":"Polygon","coordinates":[[[-3.77103,40.6725],[-3.77942,40.6725],[-3.77942,40.6646],[-3.77103,40.6646],[-3.77103,40.6725]]]}},{"type":"Feature","properties":{"name":"Colmenar Viejo--2804501012--raspberryOld","number_of_ads_buy":9,"average_prize_buy":2362.94,"number_of_ads_rent":0,"average_prize_rent":0,"normalized_prize_buy":1,"normalized_ads_buy":0.3,"normalized_prize_rent":null,"normalized_ads_rent":0,"date":"2018-12-07T08:17:03.000Z","fill-opacity":0.8,"fill":"#ff0000"},"bbox":[-3.76965,40.6692,-3.77866,40.676],"geometry":{"type":"Polygon","coordinates":[[[-3.76965,40.676],[-3.77866,40.676],[-3.77866,40.6692],[-3.76965,40.6692],[-3.76965,40.676]]]}},{"type":"Feature","properties":{"name":"Colmenar Viejo--2804501013--raspberryOld","number_of_ads_buy":30,"average_prize_buy":1829.78,"number_of_ads_rent":0,"average_prize_rent":0,"normalized_prize_buy":0.7743658323952364,"normalized_ads_buy":1,"normalized_prize_rent":null,"normalized_ads_rent":0,"date":"2018-12-07T08:17:30.000Z","fill-opacity":0.6194926659161891,"fill":"#ff0000"},"bbox":[-3.76212,40.6649,-3.77283,40.6762],"geometry":{"type":"Polygon","coordinates":[[[-3.76212,40.6762],[-3.77283,40.6762],[-3.77283,40.6649],[-3.76212,40.6649],[-3.76212,40.6762]]]}},{"type":"Feature","properties":{"name":"Colmenar Viejo--2804501014--raspberryOld","number_of_ads_buy":9,"average_prize_buy":1809.08,"number_of_ads_rent":1,"average_prize_rent":10.3896,"normalized_prize_buy":0.7656055591762804,"normalized_ads_buy":0.3,"normalized_prize_rent":null,"normalized_ads_rent":0.03333333333333333,"date":"2018-12-07T08:17:49.000Z","fill-opacity":0.6124844473410244,"fill":"#ff0000"},"bbox":[-3.76435,40.6618,-3.76965,40.6658],"geometry":{"type":"Polygon","coordinates":[[[-3.76435,40.6658],[-3.76965,40.6658],[-3.76965,40.6618],[-3.76435,40.6618],[-3.76435,40.6658]]]}},{"type":"Feature","properties":{"name":"Colmenar Viejo--2804501015--raspberryOld","number_of_ads_buy":13,"average_prize_buy":1741.38,"number_of_ads_rent":0,"average_prize_rent":0,"normalized_prize_buy":0.7369548105326416,"normalized_ads_buy":0.43333333333333335,"normalized_prize_rent":null,"normalized_ads_rent":0,"date":"2018-12-07T08:18:08.000Z","fill-opacity":0.5895638484261133,"fill":"#ff0000"},"bbox":[-3.76043,40.6602,-3.76805,40.6658],"geometry":{"type":"Polygon","coordinates":[[[-3.76043,40.6658],[-3.76805,40.6658],[-3.76805,40.6602],[-3.76043,40.6602],[-3.76043,40.6658]]]}},{"type":"Feature","properties":{"name":"Colmenar Viejo--2804501016--raspberryOld","number_of_ads_buy":30,"average_prize_buy":1654.28,"number_of_ads_rent":28,"average_prize_rent":9.9942,"normalized_prize_buy":0.7000939507562612,"normalized_ads_buy":1,"normalized_prize_rent":null,"normalized_ads_rent":0.9333333333333333,"date":"2018-12-07T08:18:45.000Z","fill-opacity":0.5600751606050091,"fill":"#ff0000"},"bbox":[-3.58456,40.5913,-3.86568,40.732],"geometry":{"type":"Polygon","coordinates":[[[-3.58456,40.732],[-3.86568,40.732],[-3.86568,40.5913],[-3.58456,40.5913],[-3.58456,40.732]]]}},{"type":"Feature","properties":{"name":"Colmenar Viejo--2804501017--raspberryOld","number_of_ads_buy":23,"average_prize_buy":1591.77,"number_of_ads_rent":0,"average_prize_rent":0,"normalized_prize_buy":0.673639618441433,"normalized_ads_buy":0.7666666666666667,"normalized_prize_rent":null,"normalized_ads_rent":0,"date":"2018-12-07T08:19:05.000Z","fill-opacity":0.5389116947531465,"fill":"#ff0000"},"bbox":[-3.75758,40.6581,-3.76589,40.662],"geometry":{"type":"Polygon","coordinates":[[[-3.75758,40.662],[-3.76589,40.662],[-3.76589,40.6581],[-3.75758,40.6581],[-3.75758,40.662]]]}},{"type":"Feature","properties":{"name":"Colmenar Viejo--2804501018--raspberryOld","number_of_ads_buy":2,"average_prize_buy":1752.98,"number_of_ads_rent":1,"average_prize_rent":4.53333,"normalized_prize_buy":0.7418639491480952,"normalized_ads_buy":0.06666666666666667,"normalized_prize_rent":null,"normalized_ads_rent":0.03333333333333333,"date":"2018-12-07T08:19:28.000Z","fill-opacity":0.5934911593184762,"fill":"#ff0000"},"bbox":[-3.77336,40.6626,-3.77814,40.6678],"geometry":{"type":"Polygon","coordinates":[[[-3.77336,40.6678],[-3.77814,40.6678],[-3.77814,40.6626],[-3.77336,40.6626],[-3.77336,40.6678]]]}},{"type":"Feature","properties":{"name":"Colmenar Viejo--2804501019--raspberryOld","number_of_ads_buy":18,"average_prize_buy":1394.71,"number_of_ads_rent":0,"average_prize_rent":0,"normalized_prize_buy":0.5902435102033907,"normalized_ads_buy":0.6,"normalized_prize_rent":null,"normalized_ads_rent":0,"date":"2018-12-07T08:19:47.000Z","fill-opacity":0.4721948081627126,"fill":"#ff0000"},"bbox":[-3.77579,40.6687,-3.78132,40.6745],"geometry":{"type":"Polygon","coordinates":[[[-3.77579,40.6745],[-3.78132,40.6745],[-3.78132,40.6687],[-3.77579,40.6687],[-3.77579,40.6745]]]}},{"type":"Feature","properties":{"name":"Colmenar Viejo--2804501020--raspberryOld","number_of_ads_buy":13,"average_prize_buy":1746.94,"number_of_ads_rent":0,"average_prize_rent":0,"normalized_prize_buy":0.7393078114552211,"normalized_ads_buy":0.43333333333333335,"normalized_prize_rent":null,"normalized_ads_rent":0,"date":"2018-12-07T08:20:29.000Z","fill-opacity":0.5914462491641769,"fill":"#ff0000"},"bbox":[-3.77476,40.654,-3.78195,40.6623],"geometry":{"type":"Polygon","coordinates":[[[-3.77476,40.6623],[-3.78195,40.6623],[-3.78195,40.654],[-3.77476,40.654],[-3.77476,40.6623]]]}},{"type":"Feature","properties":{"name":"Colmenar Viejo--2804501021--raspberryOld","number_of_ads_buy":24,"average_prize_buy":1575.32,"number_of_ads_rent":1,"average_prize_rent":4.53333,"normalized_prize_buy":0.6666779520427941,"normalized_ads_buy":0.8,"normalized_prize_rent":null,"normalized_ads_rent":0.03333333333333333,"date":"2018-12-07T08:20:52.000Z","fill-opacity":0.5333423616342353,"fill":"#ff0000"},"bbox":[-3.77638,40.6633,-3.7859,40.6704],"geometry":{"type":"Polygon","coordinates":[[[-3.77638,40.6704],[-3.7859,40.6704],[-3.7859,40.6633],[-3.77638,40.6633],[-3.77638,40.6704]]]}},{"type":"Feature","properties":{"name":"Colmenar Viejo--2804501022--raspberryOld","number_of_ads_buy":17,"average_prize_buy":1297.44,"number_of_ads_rent":0,"average_prize_rent":0,"normalized_prize_buy":0.5490786901063929,"normalized_ads_buy":0.5666666666666667,"normalized_prize_rent":null,"normalized_ads_rent":0,"date":"2018-12-07T08:21:12.000Z","fill-opacity":0.43926295208511434,"fill":"#ff0000"},"bbox":[-3.7779,40.6693,-3.78556,40.6763],"geometry":{"type":"Polygon","coordinates":[[[-3.7779,40.6763],[-3.78556,40.6763],[-3.78556,40.6693],[-3.7779,40.6693],[-3.7779,40.6763]]]}},{"type":"Feature","properties":{"name":"Colmenar Viejo--2804501023--raspberryOld","number_of_ads_buy":30,"average_prize_buy":1725.51,"number_of_ads_rent":2,"average_prize_rent":9.60227,"normalized_prize_buy":0.7302386010647752,"normalized_ads_buy":1,"normalized_prize_rent":null,"normalized_ads_rent":0.06666666666666667,"date":"2018-12-07T08:21:40.000Z","fill-opacity":0.5841908808518202,"fill":"#ff0000"},"bbox":[-3.76558,40.6448,-3.79352,40.6545],"geometry":{"type":"Polygon","coordinates":[[[-3.76558,40.6545],[-3.79352,40.6545],[-3.79352,40.6448],[-3.76558,40.6448],[-3.76558,40.6545]]]}}]}