{"type":"FeatureCollection","features":[{"type":"Feature","properties":{"name":"Colmenar Viejo--piece--0-0--gCloud","number_of_ads_buy":0,"average_prize_buy":0,"number_of_ads_rent":0,"average_prize_rent":0,"normalized_prize_buy":0,"normalized_ads_buy":0,"normalized_prize_rent":null,"normalized_ads_rent":0,"date":"2018-12-03T17:29:38.000Z","fill-opacity":0,"fill":"#ff0000"},"bbox":[-3.78827,40.6708,-3.79352,40.6763],"geometry":{"type":"Polygon","coordinates":[[[-3.78827,40.6763],[-3.79352,40.6763],[-3.79352,40.6708],[-3.78827,40.6708],[-3.78827,40.6763]]]}},{"type":"Feature","properties":{"name":"Colmenar Viejo--piece--0-1--gCloud","number_of_ads_buy":0,"average_prize_buy":0,"number_of_ads_rent":0,"average_prize_rent":0,"normalized_prize_buy":0,"normalized_ads_buy":0,"normalized_prize_rent":null,"normalized_ads_rent":0,"date":"2018-12-03T17:29:46.000Z","fill-opacity":0,"fill":"#ff0000"},"bbox":[-3.78827,40.6653,-3.79352,40.6708],"geometry":{"type":"Polygon","coordinates":[[[-3.78827,40.6708],[-3.79352,40.6708],[-3.79352,40.6653],[-3.78827,40.6653],[-3.78827,40.6708]]]}},{"type":"Feature","properties":{"name":"Colmenar Viejo--piece--0-2--gCloud","number_of_ads_buy":0,"average_prize_buy":0,"number_of_ads_rent":0,"average_prize_rent":0,"normalized_prize_buy":0,"normalized_ads_buy":0,"normalized_prize_rent":null,"normalized_ads_rent":0,"date":"2018-12-03T17:29:56.000Z","fill-opacity":0,"fill":"#ff0000"},"bbox":[-3.78827,40.6598,-3.79352,40.6653],"geometry":{"type":"Polygon","coordinates":[[[-3.78827,40.6653],[-3.79352,40.6653],[-3.79352,40.6598],[-3.78827,40.6598],[-3.78827,40.6653]]]}},{"type":"Feature","properties":{"name":"Colmenar Viejo--piece--0-3--gCloud","number_of_ads_buy":0,"average_prize_buy":0,"number_of_ads_rent":0,"average_prize_rent":0,"normalized_prize_buy":0,"normalized_ads_buy":0,"normalized_prize_rent":null,"normalized_ads_rent":0,"date":"2018-12-03T17:30:28.000Z","fill-opacity":0,"fill":"#ff0000"},"bbox":[-3.78827,40.6543,-3.79352,40.6598],"geometry":{"type":"Polygon","coordinates":[[[-3.78827,40.6598],[-3.79352,40.6598],[-3.79352,40.6543],[-3.78827,40.6543],[-3.78827,40.6598]]]}},{"type":"Feature","properties":{"name":"Colmenar Viejo--piece--0-4--gCloud","number_of_ads_buy":4,"average_prize_buy":2312.14,"number_of_ads_rent":2,"average_prize_rent":9.60227,"normalized_prize_buy":1,"normalized_ads_buy":0.13333333333333333,"normalized_prize_rent":null,"normalized_ads_rent":0.06666666666666667,"date":"2018-12-03T17:30:34.000Z","fill-opacity":0.8,"fill":"#ff0000"},"bbox":[-3.78827,40.6488,-3.79352,40.6543],"geometry":{"type":"Polygon","coordinates":[[[-3.78827,40.6543],[-3.79352,40.6543],[-3.79352,40.6488],[-3.78827,40.6488],[-3.78827,40.6543]]]}},{"type":"Feature","properties":{"name":"Colmenar Viejo--piece--0-5--gCloud","number_of_ads_buy":1,"average_prize_buy":2309.09,"number_of_ads_rent":0,"average_prize_rent":0,"normalized_prize_buy":0.9986808757255184,"normalized_ads_buy":0.03333333333333333,"normalized_prize_rent":null,"normalized_ads_rent":0,"date":"2018-12-03T17:30:40.000Z","fill-opacity":0.7989447005804148,"fill":"#ff0000"},"bbox":[-3.78827,40.6432,-3.79352,40.6488],"geometry":{"type":"Polygon","coordinates":[[[-3.78827,40.6488],[-3.79352,40.6488],[-3.79352,40.6432],[-3.78827,40.6432],[-3.78827,40.6488]]]}},{"type":"Feature","properties":{"name":"Colmenar Viejo--piece--0-6--gCloud","number_of_ads_buy":0,"average_prize_buy":0,"number_of_ads_rent":0,"average_prize_rent":0,"normalized_prize_buy":0,"normalized_ads_buy":0,"normalized_prize_rent":null,"normalized_ads_rent":0,"date":"2018-12-03T17:31:04.000Z","fill-opacity":0,"fill":"#ff0000"},"bbox":[-3.78827,40.6377,-3.79352,40.6432],"geometry":{"type":"Polygon","coordinates":[[[-3.78827,40.6432],[-3.79352,40.6432],[-3.79352,40.6377],[-3.78827,40.6377],[-3.78827,40.6432]]]}},{"type":"Feature","properties":{"name":"Colmenar Viejo--piece--1-0--gCloud","number_of_ads_buy":1,"average_prize_buy":1410.93,"number_of_ads_rent":0,"average_prize_rent":0,"normalized_prize_buy":0.6102268893752109,"normalized_ads_buy":0.03333333333333333,"normalized_prize_rent":null,"normalized_ads_rent":0,"date":"2018-12-03T17:31:19.000Z","fill-opacity":0.4881815115001687,"fill":"#ff0000"},"bbox":[-3.78302,40.6708,-3.78827,40.6763],"geometry":{"type":"Polygon","coordinates":[[[-3.78302,40.6763],[-3.78827,40.6763],[-3.78827,40.6708],[-3.78302,40.6708],[-3.78302,40.6763]]]}},{"type":"Feature","properties":{"name":"Colmenar Viejo--piece--1-1--gCloud","number_of_ads_buy":0,"average_prize_buy":0,"number_of_ads_rent":0,"average_prize_rent":0,"normalized_prize_buy":0,"normalized_ads_buy":0,"normalized_prize_rent":null,"normalized_ads_rent":0,"date":"2018-12-03T17:31:29.000Z","fill-opacity":0,"fill":"#ff0000"},"bbox":[-3.78302,40.6653,-3.78827,40.6708],"geometry":{"type":"Polygon","coordinates":[[[-3.78302,40.6708],[-3.78827,40.6708],[-3.78827,40.6653],[-3.78302,40.6653],[-3.78302,40.6708]]]}},{"type":"Feature","properties":{"name":"Colmenar Viejo--piece--1-2--gCloud","number_of_ads_buy":0,"average_prize_buy":0,"number_of_ads_rent":1,"average_prize_rent":10.7143,"normalized_prize_buy":0,"normalized_ads_buy":0,"normalized_prize_rent":null,"normalized_ads_rent":0.03333333333333333,"date":"2018-12-03T17:31:50.000Z","fill-opacity":0,"fill":"#ff0000"},"bbox":[-3.78302,40.6598,-3.78827,40.6653],"geometry":{"type":"Polygon","coordinates":[[[-3.78302,40.6653],[-3.78827,40.6653],[-3.78827,40.6598],[-3.78302,40.6598],[-3.78302,40.6653]]]}},{"type":"Feature","properties":{"name":"Colmenar Viejo--piece--1-3--gCloud","number_of_ads_buy":0,"average_prize_buy":0,"number_of_ads_rent":0,"average_prize_rent":0,"normalized_prize_buy":0,"normalized_ads_buy":0,"normalized_prize_rent":null,"normalized_ads_rent":0,"date":"2018-12-03T17:32:16.000Z","fill-opacity":0,"fill":"#ff0000"},"bbox":[-3.78302,40.6543,-3.78827,40.6598],"geometry":{"type":"Polygon","coordinates":[[[-3.78302,40.6598],[-3.78827,40.6598],[-3.78827,40.6543],[-3.78302,40.6543],[-3.78302,40.6598]]]}},{"type":"Feature","properties":{"name":"Colmenar Viejo--piece--1-4--gCloud","number_of_ads_buy":0,"average_prize_buy":0,"number_of_ads_rent":0,"average_prize_rent":0,"normalized_prize_buy":0,"normalized_ads_buy":0,"normalized_prize_rent":null,"normalized_ads_rent":0,"date":"2018-12-03T17:32:35.000Z","fill-opacity":0,"fill":"#ff0000"},"bbox":[-3.78302,40.6488,-3.78827,40.6543],"geometry":{"type":"Polygon","coordinates":[[[-3.78302,40.6543],[-3.78827,40.6543],[-3.78827,40.6488],[-3.78302,40.6488],[-3.78302,40.6543]]]}},{"type":"Feature","properties":{"name":"Colmenar Viejo--piece--1-5--gCloud","number_of_ads_buy":9,"average_prize_buy":1664.81,"number_of_ads_rent":0,"average_prize_rent":0,"normalized_prize_buy":0.7200299289835391,"normalized_ads_buy":0.3,"normalized_prize_rent":null,"normalized_ads_rent":0,"date":"2018-12-03T17:32:47.000Z","fill-opacity":0.5760239431868314,"fill":"#ff0000"},"bbox":[-3.78302,40.6432,-3.78827,40.6488],"geometry":{"type":"Polygon","coordinates":[[[-3.78302,40.6488],[-3.78827,40.6488],[-3.78827,40.6432],[-3.78302,40.6432],[-3.78302,40.6488]]]}},{"type":"Feature","properties":{"name":"Colmenar Viejo--piece--1-6--gCloud","number_of_ads_buy":0,"average_prize_buy":0,"number_of_ads_rent":0,"average_prize_rent":0,"normalized_prize_buy":0,"normalized_ads_buy":0,"normalized_prize_rent":null,"normalized_ads_rent":0,"date":"2018-12-03T17:32:57.000Z","fill-opacity":0,"fill":"#ff0000"},"bbox":[-3.78302,40.6377,-3.78827,40.6432],"geometry":{"type":"Polygon","coordinates":[[[-3.78302,40.6432],[-3.78827,40.6432],[-3.78827,40.6377],[-3.78302,40.6377],[-3.78302,40.6432]]]}},{"type":"Feature","properties":{"name":"Colmenar Viejo--piece--2-0--gCloud","number_of_ads_buy":5,"average_prize_buy":1011.13,"number_of_ads_rent":0,"average_prize_rent":0,"normalized_prize_buy":0.43731348447758356,"normalized_ads_buy":0.16666666666666666,"normalized_prize_rent":null,"normalized_ads_rent":0,"date":"2018-12-03T17:33:15.000Z","fill-opacity":0.3498507875820669,"fill":"#ff0000"},"bbox":[-3.77777,40.6708,-3.78302,40.6763],"geometry":{"type":"Polygon","coordinates":[[[-3.77777,40.6763],[-3.78302,40.6763],[-3.78302,40.6708],[-3.77777,40.6708],[-3.77777,40.6763]]]}},{"type":"Feature","properties":{"name":"Colmenar Viejo--piece--2-1--gCloud","number_of_ads_buy":23,"average_prize_buy":1560.01,"number_of_ads_rent":0,"average_prize_rent":0,"normalized_prize_buy":0.6747039539128253,"normalized_ads_buy":0.7666666666666667,"normalized_prize_rent":null,"normalized_ads_rent":0,"date":"2018-12-03T17:33:21.000Z","fill-opacity":0.5397631631302603,"fill":"#ff0000"},"bbox":[-3.77777,40.6653,-3.78302,40.6708],"geometry":{"type":"Polygon","coordinates":[[[-3.77777,40.6708],[-3.78302,40.6708],[-3.78302,40.6653],[-3.77777,40.6653],[-3.77777,40.6708]]]}},{"type":"Feature","properties":{"name":"Colmenar Viejo--piece--2-2--gCloud","number_of_ads_buy":3,"average_prize_buy":1469.16,"number_of_ads_rent":0,"average_prize_rent":0,"normalized_prize_buy":0.6354113505237573,"normalized_ads_buy":0.1,"normalized_prize_rent":null,"normalized_ads_rent":0,"date":"2018-12-03T17:33:34.000Z","fill-opacity":0.5083290804190058,"fill":"#ff0000"},"bbox":[-3.77777,40.6598,-3.78302,40.6653],"geometry":{"type":"Polygon","coordinates":[[[-3.77777,40.6653],[-3.78302,40.6653],[-3.78302,40.6598],[-3.77777,40.6598],[-3.77777,40.6653]]]}},{"type":"Feature","properties":{"name":"Colmenar Viejo--piece--2-3--gCloud","number_of_ads_buy":4,"average_prize_buy":1661.83,"number_of_ads_rent":0,"average_prize_rent":0,"normalized_prize_buy":0.7187410796924062,"normalized_ads_buy":0.13333333333333333,"normalized_prize_rent":null,"normalized_ads_rent":0,"date":"2018-12-03T17:33:40.000Z","fill-opacity":0.574992863753925,"fill":"#ff0000"},"bbox":[-3.77777,40.6543,-3.78302,40.6598],"geometry":{"type":"Polygon","coordinates":[[[-3.77777,40.6598],[-3.78302,40.6598],[-3.78302,40.6543],[-3.77777,40.6543],[-3.77777,40.6598]]]}},{"type":"Feature","properties":{"name":"Colmenar Viejo--piece--2-4--gCloud","number_of_ads_buy":7,"average_prize_buy":2016.9,"number_of_ads_rent":0,"average_prize_rent":0,"normalized_prize_buy":0.8723087702301765,"normalized_ads_buy":0.23333333333333334,"normalized_prize_rent":null,"normalized_ads_rent":0,"date":"2018-12-03T17:34:18.000Z","fill-opacity":0.6978470161841412,"fill":"#ff0000"},"bbox":[-3.77777,40.6488,-3.78302,40.6543],"geometry":{"type":"Polygon","coordinates":[[[-3.77777,40.6543],[-3.78302,40.6543],[-3.78302,40.6488],[-3.77777,40.6488],[-3.77777,40.6543]]]}},{"type":"Feature","properties":{"name":"Colmenar Viejo--piece--2-5--gCloud","number_of_ads_buy":1,"average_prize_buy":1969.7,"number_of_ads_rent":0,"average_prize_rent":0,"normalized_prize_buy":0.8518947814578702,"normalized_ads_buy":0.03333333333333333,"normalized_prize_rent":null,"normalized_ads_rent":0,"date":"2018-12-03T17:34:36.000Z","fill-opacity":0.6815158251662963,"fill":"#ff0000"},"bbox":[-3.77777,40.6432,-3.78302,40.6488],"geometry":{"type":"Polygon","coordinates":[[[-3.77777,40.6488],[-3.78302,40.6488],[-3.78302,40.6432],[-3.77777,40.6432],[-3.77777,40.6488]]]}},{"type":"Feature","properties":{"name":"Colmenar Viejo--piece--2-6--gCloud","number_of_ads_buy":0,"average_prize_buy":0,"number_of_ads_rent":0,"average_prize_rent":0,"normalized_prize_buy":0,"normalized_ads_buy":0,"normalized_prize_rent":null,"normalized_ads_rent":0,"date":"2018-12-03T17:34:54.000Z","fill-opacity":0,"fill":"#ff0000"},"bbox":[-3.77777,40.6377,-3.78302,40.6432],"geometry":{"type":"Polygon","coordinates":[[[-3.77777,40.6432],[-3.78302,40.6432],[-3.78302,40.6377],[-3.77777,40.6377],[-3.77777,40.6432]]]}},{"type":"Feature","properties":{"name":"Colmenar Viejo--piece--3-0--gCloud","number_of_ads_buy":5,"average_prize_buy":2035.98,"number_of_ads_rent":0,"average_prize_rent":0,"normalized_prize_buy":0.8805608656915239,"normalized_ads_buy":0.16666666666666666,"normalized_prize_rent":null,"normalized_ads_rent":0,"date":"2018-12-03T17:35:00.000Z","fill-opacity":0.7044486925532192,"fill":"#ff0000"},"bbox":[-3.77252,40.6708,-3.77777,40.6763],"geometry":{"type":"Polygon","coordinates":[[[-3.77252,40.6763],[-3.77777,40.6763],[-3.77777,40.6708],[-3.77252,40.6708],[-3.77252,40.6763]]]}},{"type":"Feature","properties":{"name":"Colmenar Viejo--piece--3-1--gCloud","number_of_ads_buy":6,"average_prize_buy":2253.07,"number_of_ads_rent":0,"average_prize_rent":0,"normalized_prize_buy":0.9744522390512687,"normalized_ads_buy":0.2,"normalized_prize_rent":null,"normalized_ads_rent":0,"date":"2018-12-03T17:35:06.000Z","fill-opacity":0.779561791241015,"fill":"#ff0000"},"bbox":[-3.77252,40.6653,-3.77777,40.6708],"geometry":{"type":"Polygon","coordinates":[[[-3.77252,40.6708],[-3.77777,40.6708],[-3.77777,40.6653],[-3.77252,40.6653],[-3.77252,40.6708]]]}},{"type":"Feature","properties":{"name":"Colmenar Viejo--piece--3-2--gCloud","number_of_ads_buy":6,"average_prize_buy":1605.33,"number_of_ads_rent":1,"average_prize_rent":4.53333,"normalized_prize_buy":0.6943048431323363,"normalized_ads_buy":0.2,"normalized_prize_rent":null,"normalized_ads_rent":0.03333333333333333,"date":"2018-12-03T17:35:15.000Z","fill-opacity":0.5554438745058691,"fill":"#ff0000"},"bbox":[-3.77252,40.6598,-3.77777,40.6653],"geometry":{"type":"Polygon","coordinates":[[[-3.77252,40.6653],[-3.77777,40.6653],[-3.77777,40.6598],[-3.77252,40.6598],[-3.77252,40.6653]]]}},{"type":"Feature","properties":{"name":"Colmenar Viejo--piece--3-3--gCloud","number_of_ads_buy":10,"average_prize_buy":1916.08,"number_of_ads_rent":0,"average_prize_rent":0,"normalized_prize_buy":0.8287041442127207,"normalized_ads_buy":0.3333333333333333,"normalized_prize_rent":null,"normalized_ads_rent":0,"date":"2018-12-03T17:35:23.000Z","fill-opacity":0.6629633153701766,"fill":"#ff0000"},"bbox":[-3.77252,40.6543,-3.77777,40.6598],"geometry":{"type":"Polygon","coordinates":[[[-3.77252,40.6598],[-3.77777,40.6598],[-3.77777,40.6543],[-3.77252,40.6543],[-3.77252,40.6598]]]}},{"type":"Feature","properties":{"name":"Colmenar Viejo--piece--3-4--gCloud","number_of_ads_buy":30,"average_prize_buy":1415.45,"number_of_ads_rent":0,"average_prize_rent":0,"normalized_prize_buy":0.6121817883000165,"normalized_ads_buy":1,"normalized_prize_rent":null,"normalized_ads_rent":0,"date":"2018-12-03T17:35:29.000Z","fill-opacity":0.4897454306400132,"fill":"#ff0000"},"bbox":[-3.77252,40.6488,-3.77777,40.6543],"geometry":{"type":"Polygon","coordinates":[[[-3.77252,40.6543],[-3.77777,40.6543],[-3.77777,40.6488],[-3.77252,40.6488],[-3.77252,40.6543]]]}},{"type":"Feature","properties":{"name":"Colmenar Viejo--piece--3-5--gCloud","number_of_ads_buy":1,"average_prize_buy":2118.06,"number_of_ads_rent":0,"average_prize_rent":0,"normalized_prize_buy":0.9160604461667546,"normalized_ads_buy":0.03333333333333333,"normalized_prize_rent":null,"normalized_ads_rent":0,"date":"2018-12-03T17:35:42.000Z","fill-opacity":0.7328483569334038,"fill":"#ff0000"},"bbox":[-3.77252,40.6432,-3.77777,40.6488],"geometry":{"type":"Polygon","coordinates":[[[-3.77252,40.6488],[-3.77777,40.6488],[-3.77777,40.6432],[-3.77252,40.6432],[-3.77252,40.6488]]]}},{"type":"Feature","properties":{"name":"Colmenar Viejo--piece--3-6--gCloud","number_of_ads_buy":0,"average_prize_buy":0,"number_of_ads_rent":0,"average_prize_rent":0,"normalized_prize_buy":0,"normalized_ads_buy":0,"normalized_prize_rent":null,"normalized_ads_rent":0,"date":"2018-12-03T17:35:47.000Z","fill-opacity":0,"fill":"#ff0000"},"bbox":[-3.77252,40.6377,-3.77777,40.6432],"geometry":{"type":"Polygon","coordinates":[[[-3.77252,40.6432],[-3.77777,40.6432],[-3.77777,40.6377],[-3.77252,40.6377],[-3.77252,40.6432]]]}},{"type":"Feature","properties":{"name":"Colmenar Viejo--piece--4-0--gCloud","number_of_ads_buy":1,"average_prize_buy":1612.9,"number_of_ads_rent":0,"average_prize_rent":0,"normalized_prize_buy":0.6975788663316236,"normalized_ads_buy":0.03333333333333333,"normalized_prize_rent":null,"normalized_ads_rent":0,"date":"2018-12-03T17:35:55.000Z","fill-opacity":0.5580630930652989,"fill":"#ff0000"},"bbox":[-3.76727,40.6708,-3.77252,40.6763],"geometry":{"type":"Polygon","coordinates":[[[-3.76727,40.6763],[-3.77252,40.6763],[-3.77252,40.6708],[-3.76727,40.6708],[-3.76727,40.6763]]]}},{"type":"Feature","properties":{"name":"Colmenar Viejo--piece--4-1--gCloud","number_of_ads_buy":2,"average_prize_buy":1599.03,"number_of_ads_rent":0,"average_prize_rent":0,"normalized_prize_buy":0.6915800946309479,"normalized_ads_buy":0.06666666666666667,"normalized_prize_rent":null,"normalized_ads_rent":0,"date":"2018-12-03T17:36:03.000Z","fill-opacity":0.5532640757047583,"fill":"#ff0000"},"bbox":[-3.76727,40.6653,-3.77252,40.6708],"geometry":{"type":"Polygon","coordinates":[[[-3.76727,40.6708],[-3.77252,40.6708],[-3.77252,40.6653],[-3.76727,40.6653],[-3.76727,40.6708]]]}},{"type":"Feature","properties":{"name":"Colmenar Viejo--piece--4-2--gCloud","number_of_ads_buy":21,"average_prize_buy":1565.07,"number_of_ads_rent":2,"average_prize_rent":6.75036,"normalized_prize_buy":0.6768924027091785,"normalized_ads_buy":0.7,"normalized_prize_rent":null,"normalized_ads_rent":0.06666666666666667,"date":"2018-12-03T17:36:12.000Z","fill-opacity":0.5415139221673428,"fill":"#ff0000"},"bbox":[-3.76727,40.6598,-3.77252,40.6653],"geometry":{"type":"Polygon","coordinates":[[[-3.76727,40.6653],[-3.77252,40.6653],[-3.77252,40.6598],[-3.76727,40.6598],[-3.76727,40.6653]]]}},{"type":"Feature","properties":{"name":"Colmenar Viejo--piece--4-3--gCloud","number_of_ads_buy":30,"average_prize_buy":1521.17,"number_of_ads_rent":1,"average_prize_rent":11.6,"normalized_prize_buy":0.6579056631518854,"normalized_ads_buy":1,"normalized_prize_rent":null,"normalized_ads_rent":0.03333333333333333,"date":"2018-12-03T17:36:22.000Z","fill-opacity":0.5263245305215083,"fill":"#ff0000"},"bbox":[-3.76727,40.6543,-3.77252,40.6598],"geometry":{"type":"Polygon","coordinates":[[[-3.76727,40.6598],[-3.77252,40.6598],[-3.77252,40.6543],[-3.76727,40.6543],[-3.76727,40.6598]]]}},{"type":"Feature","properties":{"name":"Colmenar Viejo--piece--4-4--gCloud","number_of_ads_buy":8,"average_prize_buy":1751.93,"number_of_ads_rent":0,"average_prize_rent":0,"normalized_prize_buy":0.7577093082598805,"normalized_ads_buy":0.26666666666666666,"normalized_prize_rent":null,"normalized_ads_rent":0,"date":"2018-12-03T17:36:28.000Z","fill-opacity":0.6061674466079044,"fill":"#ff0000"},"bbox":[-3.76727,40.6488,-3.77252,40.6543],"geometry":{"type":"Polygon","coordinates":[[[-3.76727,40.6543],[-3.77252,40.6543],[-3.77252,40.6488],[-3.76727,40.6488],[-3.76727,40.6543]]]}},{"type":"Feature","properties":{"name":"Colmenar Viejo--piece--4-5--gCloud","number_of_ads_buy":3,"average_prize_buy":1716.98,"number_of_ads_rent":0,"average_prize_rent":0,"normalized_prize_buy":0.7425934415736072,"normalized_ads_buy":0.1,"normalized_prize_rent":null,"normalized_ads_rent":0,"date":"2018-12-03T17:36:42.000Z","fill-opacity":0.5940747532588858,"fill":"#ff0000"},"bbox":[-3.76727,40.6432,-3.77252,40.6488],"geometry":{"type":"Polygon","coordinates":[[[-3.76727,40.6488],[-3.77252,40.6488],[-3.77252,40.6432],[-3.76727,40.6432],[-3.76727,40.6488]]]}},{"type":"Feature","properties":{"name":"Colmenar Viejo--piece--4-6--gCloud","number_of_ads_buy":0,"average_prize_buy":0,"number_of_ads_rent":0,"average_prize_rent":0,"normalized_prize_buy":0,"normalized_ads_buy":0,"normalized_prize_rent":null,"normalized_ads_rent":0,"date":"2018-12-03T17:36:51.000Z","fill-opacity":0,"fill":"#ff0000"},"bbox":[-3.76727,40.6377,-3.77252,40.6432],"geometry":{"type":"Polygon","coordinates":[[[-3.76727,40.6432],[-3.77252,40.6432],[-3.77252,40.6377],[-3.76727,40.6377],[-3.76727,40.6432]]]}},{"type":"Feature","properties":{"name":"Colmenar Viejo--piece--5-0--gCloud","number_of_ads_buy":25,"average_prize_buy":1785.37,"number_of_ads_rent":0,"average_prize_rent":0,"normalized_prize_buy":0.7721721003053448,"normalized_ads_buy":0.8333333333333334,"normalized_prize_rent":null,"normalized_ads_rent":0,"date":"2018-12-03T17:37:00.000Z","fill-opacity":0.6177376802442759,"fill":"#ff0000"},"bbox":[-3.76202,40.6708,-3.76727,40.6763],"geometry":{"type":"Polygon","coordinates":[[[-3.76202,40.6763],[-3.76727,40.6763],[-3.76727,40.6708],[-3.76202,40.6708],[-3.76202,40.6763]]]}},{"type":"Feature","properties":{"name":"Colmenar Viejo--piece--5-1--gCloud","number_of_ads_buy":4,"average_prize_buy":1483.65,"number_of_ads_rent":0,"average_prize_rent":0,"normalized_prize_buy":0.6416782720769504,"normalized_ads_buy":0.13333333333333333,"normalized_prize_rent":null,"normalized_ads_rent":0,"date":"2018-12-03T17:37:08.000Z","fill-opacity":0.5133426176615603,"fill":"#ff0000"},"bbox":[-3.76202,40.6653,-3.76727,40.6708],"geometry":{"type":"Polygon","coordinates":[[[-3.76202,40.6708],[-3.76727,40.6708],[-3.76727,40.6653],[-3.76202,40.6653],[-3.76202,40.6708]]]}},{"type":"Feature","properties":{"name":"Colmenar Viejo--piece--5-2--gCloud","number_of_ads_buy":9,"average_prize_buy":1621.45,"number_of_ads_rent":0,"average_prize_rent":0,"normalized_prize_buy":0.7012767392977934,"normalized_ads_buy":0.3,"normalized_prize_rent":null,"normalized_ads_rent":0,"date":"2018-12-03T17:37:18.000Z","fill-opacity":0.5610213914382348,"fill":"#ff0000"},"bbox":[-3.76202,40.6598,-3.76727,40.6653],"geometry":{"type":"Polygon","coordinates":[[[-3.76202,40.6653],[-3.76727,40.6653],[-3.76727,40.6598],[-3.76202,40.6598],[-3.76202,40.6653]]]}},{"type":"Feature","properties":{"name":"Colmenar Viejo--piece--5-3--gCloud","number_of_ads_buy":30,"average_prize_buy":1630.32,"number_of_ads_rent":3,"average_prize_rent":13.5172,"normalized_prize_buy":0.7051130121878433,"normalized_ads_buy":1,"normalized_prize_rent":null,"normalized_ads_rent":0.1,"date":"2018-12-03T17:37:29.000Z","fill-opacity":0.5640904097502747,"fill":"#ff0000"},"bbox":[-3.76202,40.6543,-3.76727,40.6598],"geometry":{"type":"Polygon","coordinates":[[[-3.76202,40.6598],[-3.76727,40.6598],[-3.76727,40.6543],[-3.76202,40.6543],[-3.76202,40.6598]]]}},{"type":"Feature","properties":{"name":"Colmenar Viejo--piece--5-4--gCloud","number_of_ads_buy":2,"average_prize_buy":1736.84,"number_of_ads_rent":0,"average_prize_rent":0,"normalized_prize_buy":0.7511828868494123,"normalized_ads_buy":0.06666666666666667,"normalized_prize_rent":null,"normalized_ads_rent":0,"date":"2018-12-03T17:37:52.000Z","fill-opacity":0.6009463094795299,"fill":"#ff0000"},"bbox":[-3.76202,40.6488,-3.76727,40.6543],"geometry":{"type":"Polygon","coordinates":[[[-3.76202,40.6543],[-3.76727,40.6543],[-3.76727,40.6488],[-3.76202,40.6488],[-3.76202,40.6543]]]}},{"type":"Feature","properties":{"name":"Colmenar Viejo--piece--5-5--gCloud","number_of_ads_buy":0,"average_prize_buy":0,"number_of_ads_rent":0,"average_prize_rent":0,"normalized_prize_buy":0,"normalized_ads_buy":0,"normalized_prize_rent":null,"normalized_ads_rent":0,"date":"2018-12-03T17:38:03.000Z","fill-opacity":0,"fill":"#ff0000"},"bbox":[-3.76202,40.6432,-3.76727,40.6488],"geometry":{"type":"Polygon","coordinates":[[[-3.76202,40.6488],[-3.76727,40.6488],[-3.76727,40.6432],[-3.76202,40.6432],[-3.76202,40.6488]]]}},{"type":"Feature","properties":{"name":"Colmenar Viejo--piece--5-6--gCloud","number_of_ads_buy":0,"average_prize_buy":0,"number_of_ads_rent":0,"average_prize_rent":0,"normalized_prize_buy":0,"normalized_ads_buy":0,"normalized_prize_rent":null,"normalized_ads_rent":0,"date":"2018-12-03T17:38:11.000Z","fill-opacity":0,"fill":"#ff0000"},"bbox":[-3.76202,40.6377,-3.76727,40.6432],"geometry":{"type":"Polygon","coordinates":[[[-3.76202,40.6432],[-3.76727,40.6432],[-3.76727,40.6377],[-3.76202,40.6377],[-3.76202,40.6432]]]}},{"type":"Feature","properties":{"name":"Colmenar Viejo--piece--6-0--gCloud","number_of_ads_buy":0,"average_prize_buy":0,"number_of_ads_rent":0,"average_prize_rent":0,"normalized_prize_buy":0,"normalized_ads_buy":0,"normalized_prize_rent":null,"normalized_ads_rent":0,"date":"2018-12-03T17:38:17.000Z","fill-opacity":0,"fill":"#ff0000"},"bbox":[-3.75677,40.6708,-3.76202,40.6763],"geometry":{"type":"Polygon","coordinates":[[[-3.75677,40.6763],[-3.76202,40.6763],[-3.76202,40.6708],[-3.75677,40.6708],[-3.75677,40.6763]]]}},{"type":"Feature","properties":{"name":"Colmenar Viejo--piece--6-1--gCloud","number_of_ads_buy":12,"average_prize_buy":2171.16,"number_of_ads_rent":0,"average_prize_rent":0,"normalized_prize_buy":0.9390261835355991,"normalized_ads_buy":0.4,"normalized_prize_rent":null,"normalized_ads_rent":0,"date":"2018-12-03T17:38:23.000Z","fill-opacity":0.7512209468284793,"fill":"#ff0000"},"bbox":[-3.75677,40.6653,-3.76202,40.6708],"geometry":{"type":"Polygon","coordinates":[[[-3.75677,40.6708],[-3.76202,40.6708],[-3.76202,40.6653],[-3.75677,40.6653],[-3.75677,40.6708]]]}},{"type":"Feature","properties":{"name":"Colmenar Viejo--piece--6-2--gCloud","number_of_ads_buy":4,"average_prize_buy":1896.35,"number_of_ads_rent":0,"average_prize_rent":0,"normalized_prize_buy":0.8201709239059919,"normalized_ads_buy":0.13333333333333333,"normalized_prize_rent":null,"normalized_ads_rent":0,"date":"2018-12-03T17:38:28.000Z","fill-opacity":0.6561367391247935,"fill":"#ff0000"},"bbox":[-3.75677,40.6598,-3.76202,40.6653],"geometry":{"type":"Polygon","coordinates":[[[-3.75677,40.6653],[-3.76202,40.6653],[-3.76202,40.6598],[-3.75677,40.6598],[-3.75677,40.6653]]]}},{"type":"Feature","properties":{"name":"Colmenar Viejo--piece--6-3--gCloud","number_of_ads_buy":3,"average_prize_buy":1440.5,"number_of_ads_rent":0,"average_prize_rent":0,"normalized_prize_buy":0.623015907341251,"normalized_ads_buy":0.1,"normalized_prize_rent":null,"normalized_ads_rent":0,"date":"2018-12-03T17:38:37.000Z","fill-opacity":0.49841272587300084,"fill":"#ff0000"},"bbox":[-3.75677,40.6543,-3.76202,40.6598],"geometry":{"type":"Polygon","coordinates":[[[-3.75677,40.6598],[-3.76202,40.6598],[-3.76202,40.6543],[-3.75677,40.6543],[-3.75677,40.6598]]]}},{"type":"Feature","properties":{"name":"Colmenar Viejo--piece--6-4--gCloud","number_of_ads_buy":0,"average_prize_buy":0,"number_of_ads_rent":0,"average_prize_rent":0,"normalized_prize_buy":0,"normalized_ads_buy":0,"normalized_prize_rent":null,"normalized_ads_rent":0,"date":"2018-12-03T17:38:45.000Z","fill-opacity":0,"fill":"#ff0000"},"bbox":[-3.75677,40.6488,-3.76202,40.6543],"geometry":{"type":"Polygon","coordinates":[[[-3.75677,40.6543],[-3.76202,40.6543],[-3.76202,40.6488],[-3.75677,40.6488],[-3.75677,40.6543]]]}},{"type":"Feature","properties":{"name":"Colmenar Viejo--piece--6-5--gCloud","number_of_ads_buy":0,"average_prize_buy":0,"number_of_ads_rent":0,"average_prize_rent":0,"normalized_prize_buy":0,"normalized_ads_buy":0,"normalized_prize_rent":null,"normalized_ads_rent":0,"date":"2018-12-03T17:38:56.000Z","fill-opacity":0,"fill":"#ff0000"},"bbox":[-3.75677,40.6432,-3.76202,40.6488],"geometry":{"type":"Polygon","coordinates":[[[-3.75677,40.6488],[-3.76202,40.6488],[-3.76202,40.6432],[-3.75677,40.6432],[-3.75677,40.6488]]]}},{"type":"Feature","properties":{"name":"Colmenar Viejo--piece--6-6--gCloud","number_of_ads_buy":0,"average_prize_buy":0,"number_of_ads_rent":0,"average_prize_rent":0,"normalized_prize_buy":0,"normalized_ads_buy":0,"normalized_prize_rent":null,"normalized_ads_rent":0,"date":"2018-12-03T17:39:07.000Z","fill-opacity":0,"fill":"#ff0000"},"bbox":[-3.75677,40.6377,-3.76202,40.6432],"geometry":{"type":"Polygon","coordinates":[[[-3.75677,40.6432],[-3.76202,40.6432],[-3.76202,40.6377],[-3.75677,40.6377],[-3.75677,40.6432]]]}},{"type":"Feature","properties":{"name":"Colmenar Viejo--piece--7-0--gCloud","number_of_ads_buy":0,"average_prize_buy":0,"number_of_ads_rent":0,"average_prize_rent":0,"normalized_prize_buy":0,"normalized_ads_buy":0,"normalized_prize_rent":null,"normalized_ads_rent":0,"date":"2018-12-03T17:39:15.000Z","fill-opacity":0,"fill":"#ff0000"},"bbox":[-3.75152,40.6708,-3.75677,40.6763],"geometry":{"type":"Polygon","coordinates":[[[-3.75152,40.6763],[-3.75677,40.6763],[-3.75677,40.6708],[-3.75152,40.6708],[-3.75152,40.6763]]]}},{"type":"Feature","properties":{"name":"Colmenar Viejo--piece--7-1--gCloud","number_of_ads_buy":0,"average_prize_buy":0,"number_of_ads_rent":0,"average_prize_rent":0,"normalized_prize_buy":0,"normalized_ads_buy":0,"normalized_prize_rent":null,"normalized_ads_rent":0,"date":"2018-12-03T17:39:23.000Z","fill-opacity":0,"fill":"#ff0000"},"bbox":[-3.75152,40.6653,-3.75677,40.6708],"geometry":{"type":"Polygon","coordinates":[[[-3.75152,40.6708],[-3.75677,40.6708],[-3.75677,40.6653],[-3.75152,40.6653],[-3.75152,40.6708]]]}},{"type":"Feature","properties":{"name":"Colmenar Viejo--piece--7-2--gCloud","number_of_ads_buy":0,"average_prize_buy":0,"number_of_ads_rent":0,"average_prize_rent":0,"normalized_prize_buy":0,"normalized_ads_buy":0,"normalized_prize_rent":null,"normalized_ads_rent":0,"date":"2018-12-03T17:39:35.000Z","fill-opacity":0,"fill":"#ff0000"},"bbox":[-3.75152,40.6598,-3.75677,40.6653],"geometry":{"type":"Polygon","coordinates":[[[-3.75152,40.6653],[-3.75677,40.6653],[-3.75677,40.6598],[-3.75152,40.6598],[-3.75152,40.6653]]]}},{"type":"Feature","properties":{"name":"Colmenar Viejo--piece--7-3--gCloud","number_of_ads_buy":0,"average_prize_buy":0,"number_of_ads_rent":0,"average_prize_rent":0,"normalized_prize_buy":0,"normalized_ads_buy":0,"normalized_prize_rent":null,"normalized_ads_rent":0,"date":"2018-12-03T17:39:40.000Z","fill-opacity":0,"fill":"#ff0000"},"bbox":[-3.75152,40.6543,-3.75677,40.6598],"geometry":{"type":"Polygon","coordinates":[[[-3.75152,40.6598],[-3.75677,40.6598],[-3.75677,40.6543],[-3.75152,40.6543],[-3.75152,40.6598]]]}},{"type":"Feature","properties":{"name":"Colmenar Viejo--piece--7-4--gCloud","number_of_ads_buy":0,"average_prize_buy":0,"number_of_ads_rent":0,"average_prize_rent":0,"normalized_prize_buy":0,"normalized_ads_buy":0,"normalized_prize_rent":null,"normalized_ads_rent":0,"date":"2018-12-03T17:39:48.000Z","fill-opacity":0,"fill":"#ff0000"},"bbox":[-3.75152,40.6488,-3.75677,40.6543],"geometry":{"type":"Polygon","coordinates":[[[-3.75152,40.6543],[-3.75677,40.6543],[-3.75677,40.6488],[-3.75152,40.6488],[-3.75152,40.6543]]]}},{"type":"Feature","properties":{"name":"Colmenar Viejo--piece--7-5--gCloud","number_of_ads_buy":0,"average_prize_buy":0,"number_of_ads_rent":0,"average_prize_rent":0,"normalized_prize_buy":0,"normalized_ads_buy":0,"normalized_prize_rent":null,"normalized_ads_rent":0,"date":"2018-12-03T17:39:56.000Z","fill-opacity":0,"fill":"#ff0000"},"bbox":[-3.75152,40.6432,-3.75677,40.6488],"geometry":{"type":"Polygon","coordinates":[[[-3.75152,40.6488],[-3.75677,40.6488],[-3.75677,40.6432],[-3.75152,40.6432],[-3.75152,40.6488]]]}},{"type":"Feature","properties":{"name":"Colmenar Viejo--piece--7-6--gCloud","number_of_ads_buy":0,"average_prize_buy":0,"number_of_ads_rent":0,"average_prize_rent":0,"normalized_prize_buy":0,"normalized_ads_buy":0,"normalized_prize_rent":null,"normalized_ads_rent":0,"date":"2018-12-03T17:40:04.000Z","fill-opacity":0,"fill":"#ff0000"},"bbox":[-3.75152,40.6377,-3.75677,40.6432],"geometry":{"type":"Polygon","coordinates":[[[-3.75152,40.6432],[-3.75677,40.6432],[-3.75677,40.6377],[-3.75152,40.6377],[-3.75152,40.6432]]]}}]}