{"type":"FeatureCollection","features":[{"type":"Feature","properties":{"name":"Coslada--piece--0-0--gCloud","number_of_ads_buy":30,"average_prize_buy":3134.34,"number_of_ads_rent":30,"average_prize_rent":11.3082,"normalized_prize_buy":0.9751266998310669,"normalized_ads_buy":1,"normalized_prize_rent":null,"normalized_ads_rent":1,"date":"2018-12-03T17:40:13.000Z","fill-opacity":0.7801013598648536,"fill":"#ff0000"},"bbox":[-3.57423,40.4417,-3.57953,40.4469],"geometry":{"type":"Polygon","coordinates":[[[-3.57423,40.4469],[-3.57953,40.4469],[-3.57953,40.4417],[-3.57423,40.4417],[-3.57423,40.4469]]]}},{"type":"Feature","properties":{"name":"Coslada--piece--0-1--gCloud","number_of_ads_buy":2,"average_prize_buy":2865.27,"number_of_ads_rent":2,"average_prize_rent":12.0621,"normalized_prize_buy":0.8914161447784736,"normalized_ads_buy":0.06666666666666667,"normalized_prize_rent":null,"normalized_ads_rent":0.06666666666666667,"date":"2018-12-03T17:40:22.000Z","fill-opacity":0.7131329158227789,"fill":"#ff0000"},"bbox":[-3.57423,40.4365,-3.57953,40.4417],"geometry":{"type":"Polygon","coordinates":[[[-3.57423,40.4417],[-3.57953,40.4417],[-3.57953,40.4365],[-3.57423,40.4365],[-3.57423,40.4417]]]}},{"type":"Feature","properties":{"name":"Coslada--piece--0-2--gCloud","number_of_ads_buy":0,"average_prize_buy":0,"number_of_ads_rent":0,"average_prize_rent":0,"normalized_prize_buy":0,"normalized_ads_buy":0,"normalized_prize_rent":null,"normalized_ads_rent":0,"date":"2018-12-03T17:40:28.000Z","fill-opacity":0,"fill":"#ff0000"},"bbox":[-3.57423,40.4313,-3.57953,40.4365],"geometry":{"type":"Polygon","coordinates":[[[-3.57423,40.4365],[-3.57953,40.4365],[-3.57953,40.4313],[-3.57423,40.4313],[-3.57423,40.4365]]]}},{"type":"Feature","properties":{"name":"Coslada--piece--0-3--gCloud","number_of_ads_buy":0,"average_prize_buy":0,"number_of_ads_rent":0,"average_prize_rent":0,"normalized_prize_buy":0,"normalized_ads_buy":0,"normalized_prize_rent":null,"normalized_ads_rent":0,"date":"2018-12-03T17:40:33.000Z","fill-opacity":0,"fill":"#ff0000"},"bbox":[-3.57423,40.426,-3.57953,40.4313],"geometry":{"type":"Polygon","coordinates":[[[-3.57423,40.4313],[-3.57953,40.4313],[-3.57953,40.426],[-3.57423,40.426],[-3.57423,40.4313]]]}},{"type":"Feature","properties":{"name":"Coslada--piece--0-4--gCloud","number_of_ads_buy":0,"average_prize_buy":0,"number_of_ads_rent":0,"average_prize_rent":0,"normalized_prize_buy":0,"normalized_ads_buy":0,"normalized_prize_rent":null,"normalized_ads_rent":0,"date":"2018-12-03T17:40:42.000Z","fill-opacity":0,"fill":"#ff0000"},"bbox":[-3.57423,40.4208,-3.57953,40.426],"geometry":{"type":"Polygon","coordinates":[[[-3.57423,40.426],[-3.57953,40.426],[-3.57953,40.4208],[-3.57423,40.4208],[-3.57423,40.426]]]}},{"type":"Feature","properties":{"name":"Coslada--piece--0-5--gCloud","number_of_ads_buy":0,"average_prize_buy":0,"number_of_ads_rent":0,"average_prize_rent":0,"normalized_prize_buy":0,"normalized_ads_buy":0,"normalized_prize_rent":null,"normalized_ads_rent":0,"date":"2018-12-03T17:40:48.000Z","fill-opacity":0,"fill":"#ff0000"},"bbox":[-3.57423,40.4156,-3.57953,40.4208],"geometry":{"type":"Polygon","coordinates":[[[-3.57423,40.4208],[-3.57953,40.4208],[-3.57953,40.4156],[-3.57423,40.4156],[-3.57423,40.4208]]]}},{"type":"Feature","properties":{"name":"Coslada--piece--0-6--gCloud","number_of_ads_buy":1,"average_prize_buy":2524.75,"number_of_ads_rent":0,"average_prize_rent":0,"normalized_prize_buy":0.7854767304754705,"normalized_ads_buy":0.03333333333333333,"normalized_prize_rent":null,"normalized_ads_rent":0,"date":"2018-12-03T17:40:53.000Z","fill-opacity":0.6283813843803765,"fill":"#ff0000"},"bbox":[-3.57423,40.4104,-3.57953,40.4156],"geometry":{"type":"Polygon","coordinates":[[[-3.57423,40.4156],[-3.57953,40.4156],[-3.57953,40.4104],[-3.57423,40.4104],[-3.57423,40.4156]]]}},{"type":"Feature","properties":{"name":"Coslada--piece--1-0--gCloud","number_of_ads_buy":8,"average_prize_buy":2696.96,"number_of_ads_rent":1,"average_prize_rent":8.63636,"normalized_prize_buy":0.8390531034847509,"normalized_ads_buy":0.26666666666666666,"normalized_prize_rent":null,"normalized_ads_rent":0.03333333333333333,"date":"2018-12-03T17:41:02.000Z","fill-opacity":0.6712424827878007,"fill":"#ff0000"},"bbox":[-3.56893,40.4417,-3.57423,40.4469],"geometry":{"type":"Polygon","coordinates":[[[-3.56893,40.4469],[-3.57423,40.4469],[-3.57423,40.4417],[-3.56893,40.4417],[-3.56893,40.4469]]]}},{"type":"Feature","properties":{"name":"Coslada--piece--1-1--gCloud","number_of_ads_buy":0,"average_prize_buy":0,"number_of_ads_rent":0,"average_prize_rent":0,"normalized_prize_buy":0,"normalized_ads_buy":0,"normalized_prize_rent":null,"normalized_ads_rent":0,"date":"2018-12-03T17:41:10.000Z","fill-opacity":0,"fill":"#ff0000"},"bbox":[-3.56893,40.4365,-3.57423,40.4417],"geometry":{"type":"Polygon","coordinates":[[[-3.56893,40.4417],[-3.57423,40.4417],[-3.57423,40.4365],[-3.56893,40.4365],[-3.56893,40.4417]]]}},{"type":"Feature","properties":{"name":"Coslada--piece--1-2--gCloud","number_of_ads_buy":0,"average_prize_buy":0,"number_of_ads_rent":0,"average_prize_rent":0,"normalized_prize_buy":0,"normalized_ads_buy":0,"normalized_prize_rent":null,"normalized_ads_rent":0,"date":"2018-12-03T17:41:19.000Z","fill-opacity":0,"fill":"#ff0000"},"bbox":[-3.56893,40.4313,-3.57423,40.4365],"geometry":{"type":"Polygon","coordinates":[[[-3.56893,40.4365],[-3.57423,40.4365],[-3.57423,40.4313],[-3.56893,40.4313],[-3.56893,40.4365]]]}},{"type":"Feature","properties":{"name":"Coslada--piece--1-3--gCloud","number_of_ads_buy":1,"average_prize_buy":2075,"number_of_ads_rent":0,"average_prize_rent":0,"normalized_prize_buy":0.6455546948159625,"normalized_ads_buy":0.03333333333333333,"normalized_prize_rent":null,"normalized_ads_rent":0,"date":"2018-12-03T17:41:27.000Z","fill-opacity":0.51644375585277,"fill":"#ff0000"},"bbox":[-3.56893,40.426,-3.57423,40.4313],"geometry":{"type":"Polygon","coordinates":[[[-3.56893,40.4313],[-3.57423,40.4313],[-3.57423,40.426],[-3.56893,40.426],[-3.56893,40.4313]]]}},{"type":"Feature","properties":{"name":"Coslada--piece--1-4--gCloud","number_of_ads_buy":16,"average_prize_buy":2210.43,"number_of_ads_rent":1,"average_prize_rent":10,"normalized_prize_buy":0.6876884164154448,"normalized_ads_buy":0.5333333333333333,"normalized_prize_rent":null,"normalized_ads_rent":0.03333333333333333,"date":"2018-12-03T17:41:40.000Z","fill-opacity":0.5501507331323559,"fill":"#ff0000"},"bbox":[-3.56893,40.4208,-3.57423,40.426],"geometry":{"type":"Polygon","coordinates":[[[-3.56893,40.426],[-3.57423,40.426],[-3.57423,40.4208],[-3.56893,40.4208],[-3.56893,40.426]]]}},{"type":"Feature","properties":{"name":"Coslada--piece--1-5--gCloud","number_of_ads_buy":11,"average_prize_buy":2679.61,"number_of_ads_rent":4,"average_prize_rent":10.3553,"normalized_prize_buy":0.8336553329040006,"normalized_ads_buy":0.36666666666666664,"normalized_prize_rent":null,"normalized_ads_rent":0.13333333333333333,"date":"2018-12-03T17:41:46.000Z","fill-opacity":0.6669242663232006,"fill":"#ff0000"},"bbox":[-3.56893,40.4156,-3.57423,40.4208],"geometry":{"type":"Polygon","coordinates":[[[-3.56893,40.4208],[-3.57423,40.4208],[-3.57423,40.4156],[-3.56893,40.4156],[-3.56893,40.4208]]]}},{"type":"Feature","properties":{"name":"Coslada--piece--1-6--gCloud","number_of_ads_buy":0,"average_prize_buy":0,"number_of_ads_rent":0,"average_prize_rent":0,"normalized_prize_buy":0,"normalized_ads_buy":0,"normalized_prize_rent":null,"normalized_ads_rent":0,"date":"2018-12-03T17:41:52.000Z","fill-opacity":0,"fill":"#ff0000"},"bbox":[-3.56893,40.4104,-3.57423,40.4156],"geometry":{"type":"Polygon","coordinates":[[[-3.56893,40.4156],[-3.57423,40.4156],[-3.57423,40.4104],[-3.56893,40.4104],[-3.56893,40.4156]]]}},{"type":"Feature","properties":{"name":"Coslada--piece--2-0--gCloud","number_of_ads_buy":5,"average_prize_buy":1788.49,"number_of_ads_rent":3,"average_prize_rent":7.24018,"normalized_prize_buy":0.5564183692199521,"normalized_ads_buy":0.16666666666666666,"normalized_prize_rent":null,"normalized_ads_rent":0.1,"date":"2018-12-03T17:41:58.000Z","fill-opacity":0.44513469537596173,"fill":"#ff0000"},"bbox":[-3.56362,40.4417,-3.56893,40.4469],"geometry":{"type":"Polygon","coordinates":[[[-3.56362,40.4469],[-3.56893,40.4469],[-3.56893,40.4417],[-3.56362,40.4417],[-3.56362,40.4469]]]}},{"type":"Feature","properties":{"name":"Coslada--piece--2-1--gCloud","number_of_ads_buy":1,"average_prize_buy":2080.42,"number_of_ads_rent":0,"average_prize_rent":0,"normalized_prize_buy":0.6472409147898914,"normalized_ads_buy":0.03333333333333333,"normalized_prize_rent":null,"normalized_ads_rent":0,"date":"2018-12-03T17:42:03.000Z","fill-opacity":0.5177927318319132,"fill":"#ff0000"},"bbox":[-3.56362,40.4365,-3.56893,40.4417],"geometry":{"type":"Polygon","coordinates":[[[-3.56362,40.4417],[-3.56893,40.4417],[-3.56893,40.4365],[-3.56362,40.4365],[-3.56362,40.4417]]]}},{"type":"Feature","properties":{"name":"Coslada--piece--2-2--gCloud","number_of_ads_buy":0,"average_prize_buy":0,"number_of_ads_rent":0,"average_prize_rent":0,"normalized_prize_buy":0,"normalized_ads_buy":0,"normalized_prize_rent":null,"normalized_ads_rent":0,"date":"2018-12-03T17:42:13.000Z","fill-opacity":0,"fill":"#ff0000"},"bbox":[-3.56362,40.4313,-3.56893,40.4365],"geometry":{"type":"Polygon","coordinates":[[[-3.56362,40.4365],[-3.56893,40.4365],[-3.56893,40.4313],[-3.56362,40.4313],[-3.56362,40.4365]]]}},{"type":"Feature","properties":{"name":"Coslada--piece--2-3--gCloud","number_of_ads_buy":5,"average_prize_buy":1760.92,"number_of_ads_rent":0,"average_prize_rent":0,"normalized_prize_buy":0.5478410473230481,"normalized_ads_buy":0.16666666666666666,"normalized_prize_rent":null,"normalized_ads_rent":0,"date":"2018-12-03T17:42:21.000Z","fill-opacity":0.43827283785843846,"fill":"#ff0000"},"bbox":[-3.56362,40.426,-3.56893,40.4313],"geometry":{"type":"Polygon","coordinates":[[[-3.56362,40.4313],[-3.56893,40.4313],[-3.56893,40.426],[-3.56362,40.426],[-3.56362,40.4313]]]}},{"type":"Feature","properties":{"name":"Coslada--piece--2-4--gCloud","number_of_ads_buy":27,"average_prize_buy":1968.34,"number_of_ads_rent":3,"average_prize_rent":10.1702,"normalized_prize_buy":0.6123716279489405,"normalized_ads_buy":0.9,"normalized_prize_rent":null,"normalized_ads_rent":0.1,"date":"2018-12-03T17:42:31.000Z","fill-opacity":0.4898973023591524,"fill":"#ff0000"},"bbox":[-3.56362,40.4208,-3.56893,40.426],"geometry":{"type":"Polygon","coordinates":[[[-3.56362,40.426],[-3.56893,40.426],[-3.56893,40.4208],[-3.56362,40.4208],[-3.56362,40.426]]]}},{"type":"Feature","properties":{"name":"Coslada--piece--2-5--gCloud","number_of_ads_buy":5,"average_prize_buy":2546.55,"number_of_ads_rent":0,"average_prize_rent":0,"normalized_prize_buy":0.7922589436547418,"normalized_ads_buy":0.16666666666666666,"normalized_prize_rent":null,"normalized_ads_rent":0,"date":"2018-12-03T17:42:36.000Z","fill-opacity":0.6338071549237935,"fill":"#ff0000"},"bbox":[-3.56362,40.4156,-3.56893,40.4208],"geometry":{"type":"Polygon","coordinates":[[[-3.56362,40.4208],[-3.56893,40.4208],[-3.56893,40.4156],[-3.56362,40.4156],[-3.56362,40.4208]]]}},{"type":"Feature","properties":{"name":"Coslada--piece--2-6--gCloud","number_of_ads_buy":0,"average_prize_buy":0,"number_of_ads_rent":0,"average_prize_rent":0,"normalized_prize_buy":0,"normalized_ads_buy":0,"normalized_prize_rent":null,"normalized_ads_rent":0,"date":"2018-12-03T17:42:41.000Z","fill-opacity":0,"fill":"#ff0000"},"bbox":[-3.56362,40.4104,-3.56893,40.4156],"geometry":{"type":"Polygon","coordinates":[[[-3.56362,40.4156],[-3.56893,40.4156],[-3.56893,40.4104],[-3.56362,40.4104],[-3.56362,40.4156]]]}},{"type":"Feature","properties":{"name":"Coslada--piece--3-0--gCloud","number_of_ads_buy":0,"average_prize_buy":0,"number_of_ads_rent":0,"average_prize_rent":0,"normalized_prize_buy":0,"normalized_ads_buy":0,"normalized_prize_rent":null,"normalized_ads_rent":0,"date":"2018-12-03T17:42:49.000Z","fill-opacity":0,"fill":"#ff0000"},"bbox":[-3.55832,40.4417,-3.56362,40.4469],"geometry":{"type":"Polygon","coordinates":[[[-3.55832,40.4469],[-3.56362,40.4469],[-3.56362,40.4417],[-3.55832,40.4417],[-3.55832,40.4469]]]}},{"type":"Feature","properties":{"name":"Coslada--piece--3-1--gCloud","number_of_ads_buy":0,"average_prize_buy":0,"number_of_ads_rent":0,"average_prize_rent":0,"normalized_prize_buy":0,"normalized_ads_buy":0,"normalized_prize_rent":null,"normalized_ads_rent":0,"date":"2018-12-03T17:42:55.000Z","fill-opacity":0,"fill":"#ff0000"},"bbox":[-3.55832,40.4365,-3.56362,40.4417],"geometry":{"type":"Polygon","coordinates":[[[-3.55832,40.4417],[-3.56362,40.4417],[-3.56362,40.4365],[-3.55832,40.4365],[-3.55832,40.4417]]]}},{"type":"Feature","properties":{"name":"Coslada--piece--3-2--gCloud","number_of_ads_buy":1,"average_prize_buy":3214.29,"number_of_ads_rent":0,"average_prize_rent":0,"normalized_prize_buy":1,"normalized_ads_buy":0.03333333333333333,"normalized_prize_rent":null,"normalized_ads_rent":0,"date":"2018-12-03T17:43:30.000Z","fill-opacity":0.8,"fill":"#ff0000"},"bbox":[-3.55832,40.4313,-3.56362,40.4365],"geometry":{"type":"Polygon","coordinates":[[[-3.55832,40.4365],[-3.56362,40.4365],[-3.56362,40.4313],[-3.55832,40.4313],[-3.55832,40.4365]]]}},{"type":"Feature","properties":{"name":"Coslada--piece--3-3--gCloud","number_of_ads_buy":18,"average_prize_buy":2702.8,"number_of_ads_rent":1,"average_prize_rent":9.81013,"normalized_prize_buy":0.8408699899511246,"normalized_ads_buy":0.6,"normalized_prize_rent":null,"normalized_ads_rent":0.03333333333333333,"date":"2018-12-03T17:43:49.000Z","fill-opacity":0.6726959919608997,"fill":"#ff0000"},"bbox":[-3.55832,40.426,-3.56362,40.4313],"geometry":{"type":"Polygon","coordinates":[[[-3.55832,40.4313],[-3.56362,40.4313],[-3.56362,40.426],[-3.55832,40.426],[-3.55832,40.4313]]]}},{"type":"Feature","properties":{"name":"Coslada--piece--3-4--gCloud","number_of_ads_buy":20,"average_prize_buy":2015.9,"number_of_ads_rent":0,"average_prize_rent":0,"normalized_prize_buy":0.6271680526648187,"normalized_ads_buy":0.6666666666666666,"normalized_prize_rent":null,"normalized_ads_rent":0,"date":"2018-12-03T17:43:55.000Z","fill-opacity":0.5017344421318549,"fill":"#ff0000"},"bbox":[-3.55832,40.4208,-3.56362,40.426],"geometry":{"type":"Polygon","coordinates":[[[-3.55832,40.426],[-3.56362,40.426],[-3.56362,40.4208],[-3.55832,40.4208],[-3.55832,40.426]]]}},{"type":"Feature","properties":{"name":"Coslada--piece--3-5--gCloud","number_of_ads_buy":6,"average_prize_buy":1968.48,"number_of_ads_rent":0,"average_prize_rent":0,"normalized_prize_buy":0.6124151834464221,"normalized_ads_buy":0.2,"normalized_prize_rent":null,"normalized_ads_rent":0,"date":"2018-12-03T17:44:04.000Z","fill-opacity":0.4899321467571377,"fill":"#ff0000"},"bbox":[-3.55832,40.4156,-3.56362,40.4208],"geometry":{"type":"Polygon","coordinates":[[[-3.55832,40.4208],[-3.56362,40.4208],[-3.56362,40.4156],[-3.55832,40.4156],[-3.55832,40.4208]]]}},{"type":"Feature","properties":{"name":"Coslada--piece--3-6--gCloud","number_of_ads_buy":2,"average_prize_buy":1977.5,"number_of_ads_rent":0,"average_prize_rent":0,"normalized_prize_buy":0.6152214019270197,"normalized_ads_buy":0.06666666666666667,"normalized_prize_rent":null,"normalized_ads_rent":0,"date":"2018-12-03T17:44:12.000Z","fill-opacity":0.49217712154161575,"fill":"#ff0000"},"bbox":[-3.55832,40.4104,-3.56362,40.4156],"geometry":{"type":"Polygon","coordinates":[[[-3.55832,40.4156],[-3.56362,40.4156],[-3.56362,40.4104],[-3.55832,40.4104],[-3.55832,40.4156]]]}},{"type":"Feature","properties":{"name":"Coslada--piece--4-0--gCloud","number_of_ads_buy":0,"average_prize_buy":0,"number_of_ads_rent":0,"average_prize_rent":0,"normalized_prize_buy":0,"normalized_ads_buy":0,"normalized_prize_rent":null,"normalized_ads_rent":0,"date":"2018-12-03T17:44:24.000Z","fill-opacity":0,"fill":"#ff0000"},"bbox":[-3.55302,40.4417,-3.55832,40.4469],"geometry":{"type":"Polygon","coordinates":[[[-3.55302,40.4469],[-3.55832,40.4469],[-3.55832,40.4417],[-3.55302,40.4417],[-3.55302,40.4469]]]}},{"type":"Feature","properties":{"name":"Coslada--piece--4-1--gCloud","number_of_ads_buy":0,"average_prize_buy":0,"number_of_ads_rent":0,"average_prize_rent":0,"normalized_prize_buy":0,"normalized_ads_buy":0,"normalized_prize_rent":null,"normalized_ads_rent":0,"date":"2018-12-03T17:44:32.000Z","fill-opacity":0,"fill":"#ff0000"},"bbox":[-3.55302,40.4365,-3.55832,40.4417],"geometry":{"type":"Polygon","coordinates":[[[-3.55302,40.4417],[-3.55832,40.4417],[-3.55832,40.4365],[-3.55302,40.4365],[-3.55302,40.4417]]]}},{"type":"Feature","properties":{"name":"Coslada--piece--4-2--gCloud","number_of_ads_buy":0,"average_prize_buy":0,"number_of_ads_rent":0,"average_prize_rent":0,"normalized_prize_buy":0,"normalized_ads_buy":0,"normalized_prize_rent":null,"normalized_ads_rent":0,"date":"2018-12-03T17:44:40.000Z","fill-opacity":0,"fill":"#ff0000"},"bbox":[-3.55302,40.4313,-3.55832,40.4365],"geometry":{"type":"Polygon","coordinates":[[[-3.55302,40.4365],[-3.55832,40.4365],[-3.55832,40.4313],[-3.55302,40.4313],[-3.55302,40.4365]]]}},{"type":"Feature","properties":{"name":"Coslada--piece--4-3--gCloud","number_of_ads_buy":4,"average_prize_buy":2474.35,"number_of_ads_rent":1,"average_prize_rent":15,"normalized_prize_buy":0.7697967513821092,"normalized_ads_buy":0.13333333333333333,"normalized_prize_rent":null,"normalized_ads_rent":0.03333333333333333,"date":"2018-12-03T17:44:51.000Z","fill-opacity":0.6158374011056874,"fill":"#ff0000"},"bbox":[-3.55302,40.426,-3.55832,40.4313],"geometry":{"type":"Polygon","coordinates":[[[-3.55302,40.4313],[-3.55832,40.4313],[-3.55832,40.426],[-3.55302,40.426],[-3.55302,40.4313]]]}},{"type":"Feature","properties":{"name":"Coslada--piece--4-4--gCloud","number_of_ads_buy":15,"average_prize_buy":1770.8,"number_of_ads_rent":2,"average_prize_rent":7.96296,"normalized_prize_buy":0.5509148210024609,"normalized_ads_buy":0.5,"normalized_prize_rent":null,"normalized_ads_rent":0.06666666666666667,"date":"2018-12-03T17:45:04.000Z","fill-opacity":0.44073185680196875,"fill":"#ff0000"},"bbox":[-3.55302,40.4208,-3.55832,40.426],"geometry":{"type":"Polygon","coordinates":[[[-3.55302,40.426],[-3.55832,40.426],[-3.55832,40.4208],[-3.55302,40.4208],[-3.55302,40.426]]]}},{"type":"Feature","properties":{"name":"Coslada--piece--4-5--gCloud","number_of_ads_buy":6,"average_prize_buy":1813.46,"number_of_ads_rent":0,"average_prize_rent":0,"normalized_prize_buy":0.5641868033064845,"normalized_ads_buy":0.2,"normalized_prize_rent":null,"normalized_ads_rent":0,"date":"2018-12-03T17:45:10.000Z","fill-opacity":0.4513494426451876,"fill":"#ff0000"},"bbox":[-3.55302,40.4156,-3.55832,40.4208],"geometry":{"type":"Polygon","coordinates":[[[-3.55302,40.4208],[-3.55832,40.4208],[-3.55832,40.4156],[-3.55302,40.4156],[-3.55302,40.4208]]]}},{"type":"Feature","properties":{"name":"Coslada--piece--4-6--gCloud","number_of_ads_buy":4,"average_prize_buy":2129.73,"number_of_ads_rent":0,"average_prize_rent":0,"normalized_prize_buy":0.6625817832242891,"normalized_ads_buy":0.13333333333333333,"normalized_prize_rent":null,"normalized_ads_rent":0,"date":"2018-12-03T17:45:29.000Z","fill-opacity":0.5300654265794312,"fill":"#ff0000"},"bbox":[-3.55302,40.4104,-3.55832,40.4156],"geometry":{"type":"Polygon","coordinates":[[[-3.55302,40.4156],[-3.55832,40.4156],[-3.55832,40.4104],[-3.55302,40.4104],[-3.55302,40.4156]]]}},{"type":"Feature","properties":{"name":"Coslada--piece--5-0--gCloud","number_of_ads_buy":0,"average_prize_buy":0,"number_of_ads_rent":0,"average_prize_rent":0,"normalized_prize_buy":0,"normalized_ads_buy":0,"normalized_prize_rent":null,"normalized_ads_rent":0,"date":"2018-12-03T17:45:34.000Z","fill-opacity":0,"fill":"#ff0000"},"bbox":[-3.54772,40.4417,-3.55302,40.4469],"geometry":{"type":"Polygon","coordinates":[[[-3.54772,40.4469],[-3.55302,40.4469],[-3.55302,40.4417],[-3.54772,40.4417],[-3.54772,40.4469]]]}},{"type":"Feature","properties":{"name":"Coslada--piece--5-1--gCloud","number_of_ads_buy":0,"average_prize_buy":0,"number_of_ads_rent":0,"average_prize_rent":0,"normalized_prize_buy":0,"normalized_ads_buy":0,"normalized_prize_rent":null,"normalized_ads_rent":0,"date":"2018-12-03T17:45:57.000Z","fill-opacity":0,"fill":"#ff0000"},"bbox":[-3.54772,40.4365,-3.55302,40.4417],"geometry":{"type":"Polygon","coordinates":[[[-3.54772,40.4417],[-3.55302,40.4417],[-3.55302,40.4365],[-3.54772,40.4365],[-3.54772,40.4417]]]}},{"type":"Feature","properties":{"name":"Coslada--piece--5-2--gCloud","number_of_ads_buy":0,"average_prize_buy":0,"number_of_ads_rent":0,"average_prize_rent":0,"normalized_prize_buy":0,"normalized_ads_buy":0,"normalized_prize_rent":null,"normalized_ads_rent":0,"date":"2018-12-03T17:46:03.000Z","fill-opacity":0,"fill":"#ff0000"},"bbox":[-3.54772,40.4313,-3.55302,40.4365],"geometry":{"type":"Polygon","coordinates":[[[-3.54772,40.4365],[-3.55302,40.4365],[-3.55302,40.4313],[-3.54772,40.4313],[-3.54772,40.4365]]]}},{"type":"Feature","properties":{"name":"Coslada--piece--5-3--gCloud","number_of_ads_buy":6,"average_prize_buy":2110.13,"number_of_ads_rent":0,"average_prize_rent":0,"normalized_prize_buy":0.6564840135768708,"normalized_ads_buy":0.2,"normalized_prize_rent":null,"normalized_ads_rent":0,"date":"2018-12-03T17:46:09.000Z","fill-opacity":0.5251872108614967,"fill":"#ff0000"},"bbox":[-3.54772,40.426,-3.55302,40.4313],"geometry":{"type":"Polygon","coordinates":[[[-3.54772,40.4313],[-3.55302,40.4313],[-3.55302,40.426],[-3.54772,40.426],[-3.54772,40.4313]]]}},{"type":"Feature","properties":{"name":"Coslada--piece--5-4--gCloud","number_of_ads_buy":10,"average_prize_buy":2098.6,"number_of_ads_rent":1,"average_prize_rent":10,"normalized_prize_buy":0.6528969072485681,"normalized_ads_buy":0.3333333333333333,"normalized_prize_rent":null,"normalized_ads_rent":0.03333333333333333,"date":"2018-12-03T17:46:15.000Z","fill-opacity":0.5223175257988545,"fill":"#ff0000"},"bbox":[-3.54772,40.4208,-3.55302,40.426],"geometry":{"type":"Polygon","coordinates":[[[-3.54772,40.426],[-3.55302,40.426],[-3.55302,40.4208],[-3.54772,40.4208],[-3.54772,40.426]]]}},{"type":"Feature","properties":{"name":"Coslada--piece--5-5--gCloud","number_of_ads_buy":8,"average_prize_buy":1662.18,"number_of_ads_rent":0,"average_prize_rent":0,"normalized_prize_buy":0.5171219771706971,"normalized_ads_buy":0.26666666666666666,"normalized_prize_rent":null,"normalized_ads_rent":0,"date":"2018-12-03T17:46:20.000Z","fill-opacity":0.4136975817365577,"fill":"#ff0000"},"bbox":[-3.54772,40.4156,-3.55302,40.4208],"geometry":{"type":"Polygon","coordinates":[[[-3.54772,40.4208],[-3.55302,40.4208],[-3.55302,40.4156],[-3.54772,40.4156],[-3.54772,40.4208]]]}},{"type":"Feature","properties":{"name":"Coslada--piece--5-6--gCloud","number_of_ads_buy":13,"average_prize_buy":1757.57,"number_of_ads_rent":0,"average_prize_rent":0,"normalized_prize_buy":0.5467988264904535,"normalized_ads_buy":0.43333333333333335,"normalized_prize_rent":null,"normalized_ads_rent":0,"date":"2018-12-03T17:46:59.000Z","fill-opacity":0.43743906119236287,"fill":"#ff0000"},"bbox":[-3.54772,40.4104,-3.55302,40.4156],"geometry":{"type":"Polygon","coordinates":[[[-3.54772,40.4156],[-3.55302,40.4156],[-3.55302,40.4104],[-3.54772,40.4104],[-3.54772,40.4156]]]}},{"type":"Feature","properties":{"name":"Coslada--piece--6-0--gCloud","number_of_ads_buy":1,"average_prize_buy":388.106,"number_of_ads_rent":3,"average_prize_rent":12.2727,"normalized_prize_buy":0.12074392789698503,"normalized_ads_buy":0.03333333333333333,"normalized_prize_rent":null,"normalized_ads_rent":0.1,"date":"2018-12-03T17:47:08.000Z","fill-opacity":0.09659514231758803,"fill":"#ff0000"},"bbox":[-3.54241,40.4417,-3.54772,40.4469],"geometry":{"type":"Polygon","coordinates":[[[-3.54241,40.4469],[-3.54772,40.4469],[-3.54772,40.4417],[-3.54241,40.4417],[-3.54241,40.4469]]]}},{"type":"Feature","properties":{"name":"Coslada--piece--6-1--gCloud","number_of_ads_buy":0,"average_prize_buy":0,"number_of_ads_rent":0,"average_prize_rent":0,"normalized_prize_buy":0,"normalized_ads_buy":0,"normalized_prize_rent":null,"normalized_ads_rent":0,"date":"2018-12-03T17:47:13.000Z","fill-opacity":0,"fill":"#ff0000"},"bbox":[-3.54241,40.4365,-3.54772,40.4417],"geometry":{"type":"Polygon","coordinates":[[[-3.54241,40.4417],[-3.54772,40.4417],[-3.54772,40.4365],[-3.54241,40.4365],[-3.54241,40.4417]]]}},{"type":"Feature","properties":{"name":"Coslada--piece--6-2--gCloud","number_of_ads_buy":0,"average_prize_buy":0,"number_of_ads_rent":0,"average_prize_rent":0,"normalized_prize_buy":0,"normalized_ads_buy":0,"normalized_prize_rent":null,"normalized_ads_rent":0,"date":"2018-12-03T17:47:21.000Z","fill-opacity":0,"fill":"#ff0000"},"bbox":[-3.54241,40.4313,-3.54772,40.4365],"geometry":{"type":"Polygon","coordinates":[[[-3.54241,40.4365],[-3.54772,40.4365],[-3.54772,40.4313],[-3.54241,40.4313],[-3.54241,40.4365]]]}},{"type":"Feature","properties":{"name":"Coslada--piece--6-3--gCloud","number_of_ads_buy":10,"average_prize_buy":2134.3,"number_of_ads_rent":0,"average_prize_rent":0,"normalized_prize_buy":0.6640035591063657,"normalized_ads_buy":0.3333333333333333,"normalized_prize_rent":null,"normalized_ads_rent":0,"date":"2018-12-03T17:47:27.000Z","fill-opacity":0.5312028472850926,"fill":"#ff0000"},"bbox":[-3.54241,40.426,-3.54772,40.4313],"geometry":{"type":"Polygon","coordinates":[[[-3.54241,40.4313],[-3.54772,40.4313],[-3.54772,40.426],[-3.54241,40.426],[-3.54241,40.4313]]]}},{"type":"Feature","properties":{"name":"Coslada--piece--6-4--gCloud","number_of_ads_buy":25,"average_prize_buy":2171.25,"number_of_ads_rent":0,"average_prize_rent":0,"normalized_prize_buy":0.6754990993345342,"normalized_ads_buy":0.8333333333333334,"normalized_prize_rent":null,"normalized_ads_rent":0,"date":"2018-12-03T17:47:34.000Z","fill-opacity":0.5403992794676274,"fill":"#ff0000"},"bbox":[-3.54241,40.4208,-3.54772,40.426],"geometry":{"type":"Polygon","coordinates":[[[-3.54241,40.426],[-3.54772,40.426],[-3.54772,40.4208],[-3.54241,40.4208],[-3.54241,40.426]]]}},{"type":"Feature","properties":{"name":"Coslada--piece--6-5--gCloud","number_of_ads_buy":15,"average_prize_buy":1742.59,"number_of_ads_rent":0,"average_prize_rent":0,"normalized_prize_buy":0.5421383882599268,"normalized_ads_buy":0.5,"normalized_prize_rent":null,"normalized_ads_rent":0,"date":"2018-12-03T17:47:42.000Z","fill-opacity":0.4337107106079414,"fill":"#ff0000"},"bbox":[-3.54241,40.4156,-3.54772,40.4208],"geometry":{"type":"Polygon","coordinates":[[[-3.54241,40.4208],[-3.54772,40.4208],[-3.54772,40.4156],[-3.54241,40.4156],[-3.54241,40.4208]]]}},{"type":"Feature","properties":{"name":"Coslada--piece--6-6--gCloud","number_of_ads_buy":6,"average_prize_buy":1498.26,"number_of_ads_rent":0,"average_prize_rent":0,"normalized_prize_buy":0.46612471183371756,"normalized_ads_buy":0.2,"normalized_prize_rent":null,"normalized_ads_rent":0,"date":"2018-12-03T17:47:48.000Z","fill-opacity":0.37289976946697406,"fill":"#ff0000"},"bbox":[-3.54241,40.4104,-3.54772,40.4156],"geometry":{"type":"Polygon","coordinates":[[[-3.54241,40.4156],[-3.54772,40.4156],[-3.54772,40.4104],[-3.54241,40.4104],[-3.54241,40.4156]]]}},{"type":"Feature","properties":{"name":"Coslada--piece--7-0--gCloud","number_of_ads_buy":0,"average_prize_buy":0,"number_of_ads_rent":0,"average_prize_rent":0,"normalized_prize_buy":0,"normalized_ads_buy":0,"normalized_prize_rent":null,"normalized_ads_rent":0,"date":"2018-12-03T17:48:20.000Z","fill-opacity":0,"fill":"#ff0000"},"bbox":[-3.53711,40.4417,-3.54241,40.4469],"geometry":{"type":"Polygon","coordinates":[[[-3.53711,40.4469],[-3.54241,40.4469],[-3.54241,40.4417],[-3.53711,40.4417],[-3.53711,40.4469]]]}},{"type":"Feature","properties":{"name":"Coslada--piece--7-1--gCloud","number_of_ads_buy":0,"average_prize_buy":0,"number_of_ads_rent":0,"average_prize_rent":0,"normalized_prize_buy":0,"normalized_ads_buy":0,"normalized_prize_rent":null,"normalized_ads_rent":0,"date":"2018-12-03T17:48:29.000Z","fill-opacity":0,"fill":"#ff0000"},"bbox":[-3.53711,40.4365,-3.54241,40.4417],"geometry":{"type":"Polygon","coordinates":[[[-3.53711,40.4417],[-3.54241,40.4417],[-3.54241,40.4365],[-3.53711,40.4365],[-3.53711,40.4417]]]}},{"type":"Feature","properties":{"name":"Coslada--piece--7-2--gCloud","number_of_ads_buy":1,"average_prize_buy":1774.19,"number_of_ads_rent":0,"average_prize_rent":0,"normalized_prize_buy":0.5519694862629072,"normalized_ads_buy":0.03333333333333333,"normalized_prize_rent":null,"normalized_ads_rent":0,"date":"2018-12-03T17:48:41.000Z","fill-opacity":0.4415755890103258,"fill":"#ff0000"},"bbox":[-3.53711,40.4313,-3.54241,40.4365],"geometry":{"type":"Polygon","coordinates":[[[-3.53711,40.4365],[-3.54241,40.4365],[-3.54241,40.4313],[-3.53711,40.4313],[-3.53711,40.4365]]]}},{"type":"Feature","properties":{"name":"Coslada--piece--7-3--gCloud","number_of_ads_buy":29,"average_prize_buy":1933.23,"number_of_ads_rent":1,"average_prize_rent":7.14286,"normalized_prize_buy":0.6014485314019582,"normalized_ads_buy":0.9666666666666667,"normalized_prize_rent":null,"normalized_ads_rent":0.03333333333333333,"date":"2018-12-03T17:48:51.000Z","fill-opacity":0.4811588251215666,"fill":"#ff0000"},"bbox":[-3.53711,40.426,-3.54241,40.4313],"geometry":{"type":"Polygon","coordinates":[[[-3.53711,40.4313],[-3.54241,40.4313],[-3.54241,40.426],[-3.53711,40.426],[-3.53711,40.4313]]]}},{"type":"Feature","properties":{"name":"Coslada--piece--7-4--gCloud","number_of_ads_buy":29,"average_prize_buy":1946.09,"number_of_ads_rent":1,"average_prize_rent":9.35897,"normalized_prize_buy":0.6054494149563356,"normalized_ads_buy":0.9666666666666667,"normalized_prize_rent":null,"normalized_ads_rent":0.03333333333333333,"date":"2018-12-03T17:49:01.000Z","fill-opacity":0.48435953196506853,"fill":"#ff0000"},"bbox":[-3.53711,40.4208,-3.54241,40.426],"geometry":{"type":"Polygon","coordinates":[[[-3.53711,40.426],[-3.54241,40.426],[-3.54241,40.4208],[-3.53711,40.4208],[-3.53711,40.426]]]}},{"type":"Feature","properties":{"name":"Coslada--piece--7-5--gCloud","number_of_ads_buy":18,"average_prize_buy":1930.86,"number_of_ads_rent":0,"average_prize_rent":0,"normalized_prize_buy":0.6007111990517345,"normalized_ads_buy":0.6,"normalized_prize_rent":null,"normalized_ads_rent":0,"date":"2018-12-03T17:49:12.000Z","fill-opacity":0.48056895924138765,"fill":"#ff0000"},"bbox":[-3.53711,40.4156,-3.54241,40.4208],"geometry":{"type":"Polygon","coordinates":[[[-3.53711,40.4208],[-3.54241,40.4208],[-3.54241,40.4156],[-3.53711,40.4156],[-3.53711,40.4208]]]}},{"type":"Feature","properties":{"name":"Coslada--piece--7-6--gCloud","number_of_ads_buy":3,"average_prize_buy":2230.9,"number_of_ads_rent":0,"average_prize_rent":0,"normalized_prize_buy":0.6940568523686413,"normalized_ads_buy":0.1,"normalized_prize_rent":null,"normalized_ads_rent":0,"date":"2018-12-03T17:49:21.000Z","fill-opacity":0.5552454818949131,"fill":"#ff0000"},"bbox":[-3.53711,40.4104,-3.54241,40.4156],"geometry":{"type":"Polygon","coordinates":[[[-3.53711,40.4156],[-3.54241,40.4156],[-3.54241,40.4104],[-3.53711,40.4104],[-3.53711,40.4156]]]}},{"type":"Feature","properties":{"name":"Coslada--piece--8-0--gCloud","number_of_ads_buy":2,"average_prize_buy":1530.3,"number_of_ads_rent":0,"average_prize_rent":0,"normalized_prize_buy":0.4760926985430686,"normalized_ads_buy":0.06666666666666667,"normalized_prize_rent":null,"normalized_ads_rent":0,"date":"2018-12-03T17:49:30.000Z","fill-opacity":0.3808741588344549,"fill":"#ff0000"},"bbox":[-3.53181,40.4417,-3.53711,40.4469],"geometry":{"type":"Polygon","coordinates":[[[-3.53181,40.4469],[-3.53711,40.4469],[-3.53711,40.4417],[-3.53181,40.4417],[-3.53181,40.4469]]]}},{"type":"Feature","properties":{"name":"Coslada--piece--8-1--gCloud","number_of_ads_buy":7,"average_prize_buy":1651.17,"number_of_ads_rent":0,"average_prize_rent":0,"normalized_prize_buy":0.5136966484044688,"normalized_ads_buy":0.23333333333333334,"normalized_prize_rent":null,"normalized_ads_rent":0,"date":"2018-12-03T17:49:41.000Z","fill-opacity":0.4109573187235751,"fill":"#ff0000"},"bbox":[-3.53181,40.4365,-3.53711,40.4417],"geometry":{"type":"Polygon","coordinates":[[[-3.53181,40.4417],[-3.53711,40.4417],[-3.53711,40.4365],[-3.53181,40.4365],[-3.53181,40.4417]]]}},{"type":"Feature","properties":{"name":"Coslada--piece--8-2--gCloud","number_of_ads_buy":1,"average_prize_buy":1600,"number_of_ads_rent":0,"average_prize_rent":0,"normalized_prize_buy":0.497777114074959,"normalized_ads_buy":0.03333333333333333,"normalized_prize_rent":null,"normalized_ads_rent":0,"date":"2018-12-03T17:49:49.000Z","fill-opacity":0.3982216912599672,"fill":"#ff0000"},"bbox":[-3.53181,40.4313,-3.53711,40.4365],"geometry":{"type":"Polygon","coordinates":[[[-3.53181,40.4365],[-3.53711,40.4365],[-3.53711,40.4313],[-3.53181,40.4313],[-3.53181,40.4365]]]}},{"type":"Feature","properties":{"name":"Coslada--piece--8-3--gCloud","number_of_ads_buy":18,"average_prize_buy":2026.07,"number_of_ads_rent":0,"average_prize_rent":0,"normalized_prize_buy":0.6303320484461576,"normalized_ads_buy":0.6,"normalized_prize_rent":null,"normalized_ads_rent":0,"date":"2018-12-03T17:49:58.000Z","fill-opacity":0.5042656387569261,"fill":"#ff0000"},"bbox":[-3.53181,40.426,-3.53711,40.4313],"geometry":{"type":"Polygon","coordinates":[[[-3.53181,40.4313],[-3.53711,40.4313],[-3.53711,40.426],[-3.53181,40.426],[-3.53181,40.4313]]]}},{"type":"Feature","properties":{"name":"Coslada--piece--8-4--gCloud","number_of_ads_buy":28,"average_prize_buy":1949.02,"number_of_ads_rent":1,"average_prize_rent":12.2807,"normalized_prize_buy":0.6063609692964854,"normalized_ads_buy":0.9333333333333333,"normalized_prize_rent":null,"normalized_ads_rent":0.03333333333333333,"date":"2018-12-03T17:50:09.000Z","fill-opacity":0.48508877543718837,"fill":"#ff0000"},"bbox":[-3.53181,40.4208,-3.53711,40.426],"geometry":{"type":"Polygon","coordinates":[[[-3.53181,40.426],[-3.53711,40.426],[-3.53711,40.4208],[-3.53181,40.4208],[-3.53181,40.426]]]}},{"type":"Feature","properties":{"name":"Coslada--piece--8-5--gCloud","number_of_ads_buy":0,"average_prize_buy":0,"number_of_ads_rent":0,"average_prize_rent":0,"normalized_prize_buy":0,"normalized_ads_buy":0,"normalized_prize_rent":null,"normalized_ads_rent":0,"date":"2018-12-03T17:50:20.000Z","fill-opacity":0,"fill":"#ff0000"},"bbox":[-3.53181,40.4156,-3.53711,40.4208],"geometry":{"type":"Polygon","coordinates":[[[-3.53181,40.4208],[-3.53711,40.4208],[-3.53711,40.4156],[-3.53181,40.4156],[-3.53181,40.4208]]]}},{"type":"Feature","properties":{"name":"Coslada--piece--8-6--gCloud","number_of_ads_buy":0,"average_prize_buy":0,"number_of_ads_rent":0,"average_prize_rent":0,"normalized_prize_buy":0,"normalized_ads_buy":0,"normalized_prize_rent":null,"normalized_ads_rent":0,"date":"2018-12-03T17:50:25.000Z","fill-opacity":0,"fill":"#ff0000"},"bbox":[-3.53181,40.4104,-3.53711,40.4156],"geometry":{"type":"Polygon","coordinates":[[[-3.53181,40.4156],[-3.53711,40.4156],[-3.53711,40.4104],[-3.53181,40.4104],[-3.53181,40.4156]]]}},{"type":"Feature","properties":{"name":"Coslada--piece--9-0--gCloud","number_of_ads_buy":1,"average_prize_buy":1915.66,"number_of_ads_rent":0,"average_prize_rent":0,"normalized_prize_buy":0.5959823164680225,"normalized_ads_buy":0.03333333333333333,"normalized_prize_rent":null,"normalized_ads_rent":0,"date":"2018-12-03T17:50:34.000Z","fill-opacity":0.476785853174418,"fill":"#ff0000"},"bbox":[-3.52651,40.4417,-3.53181,40.4469],"geometry":{"type":"Polygon","coordinates":[[[-3.52651,40.4469],[-3.53181,40.4469],[-3.53181,40.4417],[-3.52651,40.4417],[-3.52651,40.4469]]]}},{"type":"Feature","properties":{"name":"Coslada--piece--9-1--gCloud","number_of_ads_buy":4,"average_prize_buy":1700.7,"number_of_ads_rent":0,"average_prize_rent":0,"normalized_prize_buy":0.5291059611920518,"normalized_ads_buy":0.13333333333333333,"normalized_prize_rent":null,"normalized_ads_rent":0,"date":"2018-12-03T17:50:45.000Z","fill-opacity":0.4232847689536414,"fill":"#ff0000"},"bbox":[-3.52651,40.4365,-3.53181,40.4417],"geometry":{"type":"Polygon","coordinates":[[[-3.52651,40.4417],[-3.53181,40.4417],[-3.53181,40.4365],[-3.52651,40.4365],[-3.52651,40.4417]]]}},{"type":"Feature","properties":{"name":"Coslada--piece--9-2--gCloud","number_of_ads_buy":2,"average_prize_buy":1660.19,"number_of_ads_rent":1,"average_prize_rent":9.66667,"normalized_prize_buy":0.5165028668850664,"normalized_ads_buy":0.06666666666666667,"normalized_prize_rent":null,"normalized_ads_rent":0.03333333333333333,"date":"2018-12-03T17:50:52.000Z","fill-opacity":0.41320229350805315,"fill":"#ff0000"},"bbox":[-3.52651,40.4313,-3.53181,40.4365],"geometry":{"type":"Polygon","coordinates":[[[-3.52651,40.4365],[-3.53181,40.4365],[-3.53181,40.4313],[-3.52651,40.4313],[-3.52651,40.4365]]]}},{"type":"Feature","properties":{"name":"Coslada--piece--9-3--gCloud","number_of_ads_buy":23,"average_prize_buy":2273.21,"number_of_ads_rent":4,"average_prize_rent":8.04902,"normalized_prize_buy":0.707219945928961,"normalized_ads_buy":0.7666666666666667,"normalized_prize_rent":null,"normalized_ads_rent":0.13333333333333333,"date":"2018-12-03T17:50:59.000Z","fill-opacity":0.5657759567431688,"fill":"#ff0000"},"bbox":[-3.52651,40.426,-3.53181,40.4313],"geometry":{"type":"Polygon","coordinates":[[[-3.52651,40.4313],[-3.53181,40.4313],[-3.53181,40.426],[-3.52651,40.426],[-3.52651,40.4313]]]}},{"type":"Feature","properties":{"name":"Coslada--piece--9-4--gCloud","number_of_ads_buy":10,"average_prize_buy":1724.21,"number_of_ads_rent":1,"average_prize_rent":14.4444,"normalized_prize_buy":0.5364201736619907,"normalized_ads_buy":0.3333333333333333,"normalized_prize_rent":null,"normalized_ads_rent":0.03333333333333333,"date":"2018-12-03T17:51:13.000Z","fill-opacity":0.42913613892959257,"fill":"#ff0000"},"bbox":[-3.52651,40.4208,-3.53181,40.426],"geometry":{"type":"Polygon","coordinates":[[[-3.52651,40.426],[-3.53181,40.426],[-3.53181,40.4208],[-3.52651,40.4208],[-3.52651,40.426]]]}},{"type":"Feature","properties":{"name":"Coslada--piece--9-5--gCloud","number_of_ads_buy":4,"average_prize_buy":2491.04,"number_of_ads_rent":1,"average_prize_rent":9,"normalized_prize_buy":0.7749891889033037,"normalized_ads_buy":0.13333333333333333,"normalized_prize_rent":null,"normalized_ads_rent":0.03333333333333333,"date":"2018-12-03T17:51:18.000Z","fill-opacity":0.619991351122643,"fill":"#ff0000"},"bbox":[-3.52651,40.4156,-3.53181,40.4208],"geometry":{"type":"Polygon","coordinates":[[[-3.52651,40.4208],[-3.53181,40.4208],[-3.53181,40.4156],[-3.52651,40.4156],[-3.52651,40.4208]]]}},{"type":"Feature","properties":{"name":"Coslada--piece--9-6--gCloud","number_of_ads_buy":0,"average_prize_buy":0,"number_of_ads_rent":0,"average_prize_rent":0,"normalized_prize_buy":0,"normalized_ads_buy":0,"normalized_prize_rent":null,"normalized_ads_rent":0,"date":"2018-12-03T17:51:24.000Z","fill-opacity":0,"fill":"#ff0000"},"bbox":[-3.52651,40.4104,-3.53181,40.4156],"geometry":{"type":"Polygon","coordinates":[[[-3.52651,40.4156],[-3.53181,40.4156],[-3.53181,40.4104],[-3.52651,40.4104],[-3.52651,40.4156]]]}}]}