{"type":"FeatureCollection","features":[{"type":"Feature","properties":{"name":"Coslada--piece--0-0--raspberry3bp","number_of_ads_buy":0,"average_prize_buy":0,"number_of_ads_rent":4,"average_prize_rent":0,"normalized_prize_buy":null,"normalized_ads_buy":null,"normalized_prize_rent":null,"normalized_ads_rent":null,"date":"2018-12-06T19:15:31.000Z","fill-opacity":null,"fill":"#ff0000"},"bbox":[-3.57423,40.4417,-3.57953,40.4469],"geometry":{"type":"Polygon","coordinates":[[[-3.57423,40.4469],[-3.57953,40.4469],[-3.57953,40.4417],[-3.57423,40.4417],[-3.57423,40.4469]]]}},{"type":"Feature","properties":{"name":"Coslada--piece--0-1--raspberry3bp","number_of_ads_buy":0,"average_prize_buy":0,"number_of_ads_rent":0,"average_prize_rent":0,"normalized_prize_buy":null,"normalized_ads_buy":null,"normalized_prize_rent":null,"normalized_ads_rent":null,"date":"2018-12-06T19:16:04.000Z","fill-opacity":null,"fill":"#ff0000"},"bbox":[-3.57423,40.4365,-3.57953,40.4417],"geometry":{"type":"Polygon","coordinates":[[[-3.57423,40.4417],[-3.57953,40.4417],[-3.57953,40.4365],[-3.57423,40.4365],[-3.57423,40.4417]]]}},{"type":"Feature","properties":{"name":"Coslada--piece--0-2--raspberry3bp","number_of_ads_buy":0,"average_prize_buy":0,"number_of_ads_rent":0,"average_prize_rent":0,"normalized_prize_buy":null,"normalized_ads_buy":null,"normalized_prize_rent":null,"normalized_ads_rent":null,"date":"2018-12-06T19:16:27.000Z","fill-opacity":null,"fill":"#ff0000"},"bbox":[-3.57423,40.4313,-3.57953,40.4365],"geometry":{"type":"Polygon","coordinates":[[[-3.57423,40.4365],[-3.57953,40.4365],[-3.57953,40.4313],[-3.57423,40.4313],[-3.57423,40.4365]]]}},{"type":"Feature","properties":{"name":"Coslada--piece--0-3--raspberry3bp","number_of_ads_buy":0,"average_prize_buy":0,"number_of_ads_rent":0,"average_prize_rent":0,"normalized_prize_buy":null,"normalized_ads_buy":null,"normalized_prize_rent":null,"normalized_ads_rent":null,"date":"2018-12-06T19:17:03.000Z","fill-opacity":null,"fill":"#ff0000"},"bbox":[-3.57423,40.426,-3.57953,40.4313],"geometry":{"type":"Polygon","coordinates":[[[-3.57423,40.4313],[-3.57953,40.4313],[-3.57953,40.426],[-3.57423,40.426],[-3.57423,40.4313]]]}},{"type":"Feature","properties":{"name":"Coslada--piece--0-4--raspberry3bp","number_of_ads_buy":0,"average_prize_buy":0,"number_of_ads_rent":0,"average_prize_rent":0,"normalized_prize_buy":null,"normalized_ads_buy":null,"normalized_prize_rent":null,"normalized_ads_rent":null,"date":"2018-12-06T19:17:23.000Z","fill-opacity":null,"fill":"#ff0000"},"bbox":[-3.57423,40.4208,-3.57953,40.426],"geometry":{"type":"Polygon","coordinates":[[[-3.57423,40.426],[-3.57953,40.426],[-3.57953,40.4208],[-3.57423,40.4208],[-3.57423,40.426]]]}},{"type":"Feature","properties":{"name":"Coslada--piece--0-5--raspberry3bp","number_of_ads_buy":0,"average_prize_buy":0,"number_of_ads_rent":0,"average_prize_rent":0,"normalized_prize_buy":null,"normalized_ads_buy":null,"normalized_prize_rent":null,"normalized_ads_rent":null,"date":"2018-12-06T19:17:43.000Z","fill-opacity":null,"fill":"#ff0000"},"bbox":[-3.57423,40.4156,-3.57953,40.4208],"geometry":{"type":"Polygon","coordinates":[[[-3.57423,40.4208],[-3.57953,40.4208],[-3.57953,40.4156],[-3.57423,40.4156],[-3.57423,40.4208]]]}},{"type":"Feature","properties":{"name":"Coslada--piece--0-6--raspberry3bp","number_of_ads_buy":0,"average_prize_buy":0,"number_of_ads_rent":0,"average_prize_rent":0,"normalized_prize_buy":null,"normalized_ads_buy":null,"normalized_prize_rent":null,"normalized_ads_rent":null,"date":"2018-12-06T19:17:59.000Z","fill-opacity":null,"fill":"#ff0000"},"bbox":[-3.57423,40.4104,-3.57953,40.4156],"geometry":{"type":"Polygon","coordinates":[[[-3.57423,40.4156],[-3.57953,40.4156],[-3.57953,40.4104],[-3.57423,40.4104],[-3.57423,40.4156]]]}},{"type":"Feature","properties":{"name":"Coslada--piece--1-0--raspberry3bp","number_of_ads_buy":0,"average_prize_buy":0,"number_of_ads_rent":3,"average_prize_rent":0,"normalized_prize_buy":null,"normalized_ads_buy":null,"normalized_prize_rent":null,"normalized_ads_rent":null,"date":"2018-12-06T19:18:16.000Z","fill-opacity":null,"fill":"#ff0000"},"bbox":[-3.56893,40.4417,-3.57423,40.4469],"geometry":{"type":"Polygon","coordinates":[[[-3.56893,40.4469],[-3.57423,40.4469],[-3.57423,40.4417],[-3.56893,40.4417],[-3.56893,40.4469]]]}},{"type":"Feature","properties":{"name":"Coslada--piece--1-1--raspberry3bp","number_of_ads_buy":0,"average_prize_buy":0,"number_of_ads_rent":0,"average_prize_rent":0,"normalized_prize_buy":null,"normalized_ads_buy":null,"normalized_prize_rent":null,"normalized_ads_rent":null,"date":"2018-12-06T19:18:36.000Z","fill-opacity":null,"fill":"#ff0000"},"bbox":[-3.56893,40.4365,-3.57423,40.4417],"geometry":{"type":"Polygon","coordinates":[[[-3.56893,40.4417],[-3.57423,40.4417],[-3.57423,40.4365],[-3.56893,40.4365],[-3.56893,40.4417]]]}},{"type":"Feature","properties":{"name":"Coslada--piece--1-2--raspberry3bp","number_of_ads_buy":0,"average_prize_buy":0,"number_of_ads_rent":0,"average_prize_rent":0,"normalized_prize_buy":null,"normalized_ads_buy":null,"normalized_prize_rent":null,"normalized_ads_rent":null,"date":"2018-12-06T19:18:50.000Z","fill-opacity":null,"fill":"#ff0000"},"bbox":[-3.56893,40.4313,-3.57423,40.4365],"geometry":{"type":"Polygon","coordinates":[[[-3.56893,40.4365],[-3.57423,40.4365],[-3.57423,40.4313],[-3.56893,40.4313],[-3.56893,40.4365]]]}},{"type":"Feature","properties":{"name":"Coslada--piece--1-3--raspberry3bp","number_of_ads_buy":0,"average_prize_buy":0,"number_of_ads_rent":0,"average_prize_rent":0,"normalized_prize_buy":null,"normalized_ads_buy":null,"normalized_prize_rent":null,"normalized_ads_rent":null,"date":"2018-12-06T19:19:14.000Z","fill-opacity":null,"fill":"#ff0000"},"bbox":[-3.56893,40.426,-3.57423,40.4313],"geometry":{"type":"Polygon","coordinates":[[[-3.56893,40.4313],[-3.57423,40.4313],[-3.57423,40.426],[-3.56893,40.426],[-3.56893,40.4313]]]}},{"type":"Feature","properties":{"name":"Coslada--piece--1-4--raspberry3bp","number_of_ads_buy":0,"average_prize_buy":0,"number_of_ads_rent":0,"average_prize_rent":0,"normalized_prize_buy":null,"normalized_ads_buy":null,"normalized_prize_rent":null,"normalized_ads_rent":null,"date":"2018-12-06T19:19:32.000Z","fill-opacity":null,"fill":"#ff0000"},"bbox":[-3.56893,40.4208,-3.57423,40.426],"geometry":{"type":"Polygon","coordinates":[[[-3.56893,40.426],[-3.57423,40.426],[-3.57423,40.4208],[-3.56893,40.4208],[-3.56893,40.426]]]}},{"type":"Feature","properties":{"name":"Coslada--piece--1-5--raspberry3bp","number_of_ads_buy":0,"average_prize_buy":0,"number_of_ads_rent":2,"average_prize_rent":2,"normalized_prize_buy":null,"normalized_ads_buy":null,"normalized_prize_rent":null,"normalized_ads_rent":null,"date":"2018-12-06T19:19:48.000Z","fill-opacity":null,"fill":"#ff0000"},"bbox":[-3.56893,40.4156,-3.57423,40.4208],"geometry":{"type":"Polygon","coordinates":[[[-3.56893,40.4208],[-3.57423,40.4208],[-3.57423,40.4156],[-3.56893,40.4156],[-3.56893,40.4208]]]}},{"type":"Feature","properties":{"name":"Coslada--piece--1-6--raspberry3bp","number_of_ads_buy":0,"average_prize_buy":0,"number_of_ads_rent":0,"average_prize_rent":0,"normalized_prize_buy":null,"normalized_ads_buy":null,"normalized_prize_rent":null,"normalized_ads_rent":null,"date":"2018-12-06T19:20:12.000Z","fill-opacity":null,"fill":"#ff0000"},"bbox":[-3.56893,40.4104,-3.57423,40.4156],"geometry":{"type":"Polygon","coordinates":[[[-3.56893,40.4156],[-3.57423,40.4156],[-3.57423,40.4104],[-3.56893,40.4104],[-3.56893,40.4156]]]}},{"type":"Feature","properties":{"name":"Coslada--piece--2-0--raspberry3bp","number_of_ads_buy":0,"average_prize_buy":0,"number_of_ads_rent":0,"average_prize_rent":0,"normalized_prize_buy":null,"normalized_ads_buy":null,"normalized_prize_rent":null,"normalized_ads_rent":null,"date":"2018-12-06T19:20:37.000Z","fill-opacity":null,"fill":"#ff0000"},"bbox":[-3.56362,40.4417,-3.56893,40.4469],"geometry":{"type":"Polygon","coordinates":[[[-3.56362,40.4469],[-3.56893,40.4469],[-3.56893,40.4417],[-3.56362,40.4417],[-3.56362,40.4469]]]}},{"type":"Feature","properties":{"name":"Coslada--piece--2-1--raspberry3bp","number_of_ads_buy":0,"average_prize_buy":0,"number_of_ads_rent":0,"average_prize_rent":0,"normalized_prize_buy":null,"normalized_ads_buy":null,"normalized_prize_rent":null,"normalized_ads_rent":null,"date":"2018-12-06T19:20:57.000Z","fill-opacity":null,"fill":"#ff0000"},"bbox":[-3.56362,40.4365,-3.56893,40.4417],"geometry":{"type":"Polygon","coordinates":[[[-3.56362,40.4417],[-3.56893,40.4417],[-3.56893,40.4365],[-3.56362,40.4365],[-3.56362,40.4417]]]}},{"type":"Feature","properties":{"name":"Coslada--piece--2-2--raspberry3bp","number_of_ads_buy":0,"average_prize_buy":0,"number_of_ads_rent":0,"average_prize_rent":0,"normalized_prize_buy":null,"normalized_ads_buy":null,"normalized_prize_rent":null,"normalized_ads_rent":null,"date":"2018-12-06T19:21:17.000Z","fill-opacity":null,"fill":"#ff0000"},"bbox":[-3.56362,40.4313,-3.56893,40.4365],"geometry":{"type":"Polygon","coordinates":[[[-3.56362,40.4365],[-3.56893,40.4365],[-3.56893,40.4313],[-3.56362,40.4313],[-3.56362,40.4365]]]}},{"type":"Feature","properties":{"name":"Coslada--piece--2-3--raspberry3bp","number_of_ads_buy":0,"average_prize_buy":0,"number_of_ads_rent":6,"average_prize_rent":0,"normalized_prize_buy":null,"normalized_ads_buy":null,"normalized_prize_rent":null,"normalized_ads_rent":null,"date":"2018-12-06T19:21:34.000Z","fill-opacity":null,"fill":"#ff0000"},"bbox":[-3.56362,40.426,-3.56893,40.4313],"geometry":{"type":"Polygon","coordinates":[[[-3.56362,40.4313],[-3.56893,40.4313],[-3.56893,40.426],[-3.56362,40.426],[-3.56362,40.4313]]]}},{"type":"Feature","properties":{"name":"Coslada--piece--2-4--raspberry3bp","number_of_ads_buy":0,"average_prize_buy":0,"number_of_ads_rent":2,"average_prize_rent":2,"normalized_prize_buy":null,"normalized_ads_buy":null,"normalized_prize_rent":null,"normalized_ads_rent":null,"date":"2018-12-06T19:21:52.000Z","fill-opacity":null,"fill":"#ff0000"},"bbox":[-3.56362,40.4208,-3.56893,40.426],"geometry":{"type":"Polygon","coordinates":[[[-3.56362,40.426],[-3.56893,40.426],[-3.56893,40.4208],[-3.56362,40.4208],[-3.56362,40.426]]]}},{"type":"Feature","properties":{"name":"Coslada--piece--2-5--raspberry3bp","number_of_ads_buy":0,"average_prize_buy":0,"number_of_ads_rent":2,"average_prize_rent":0,"normalized_prize_buy":null,"normalized_ads_buy":null,"normalized_prize_rent":null,"normalized_ads_rent":null,"date":"2018-12-06T19:22:27.000Z","fill-opacity":null,"fill":"#ff0000"},"bbox":[-3.56362,40.4156,-3.56893,40.4208],"geometry":{"type":"Polygon","coordinates":[[[-3.56362,40.4208],[-3.56893,40.4208],[-3.56893,40.4156],[-3.56362,40.4156],[-3.56362,40.4208]]]}},{"type":"Feature","properties":{"name":"Coslada--piece--2-6--raspberry3bp","number_of_ads_buy":0,"average_prize_buy":0,"number_of_ads_rent":0,"average_prize_rent":0,"normalized_prize_buy":null,"normalized_ads_buy":null,"normalized_prize_rent":null,"normalized_ads_rent":null,"date":"2018-12-06T19:22:46.000Z","fill-opacity":null,"fill":"#ff0000"},"bbox":[-3.56362,40.4104,-3.56893,40.4156],"geometry":{"type":"Polygon","coordinates":[[[-3.56362,40.4156],[-3.56893,40.4156],[-3.56893,40.4104],[-3.56362,40.4104],[-3.56362,40.4156]]]}},{"type":"Feature","properties":{"name":"Coslada--piece--3-0--raspberry3bp","number_of_ads_buy":0,"average_prize_buy":0,"number_of_ads_rent":0,"average_prize_rent":0,"normalized_prize_buy":null,"normalized_ads_buy":null,"normalized_prize_rent":null,"normalized_ads_rent":null,"date":"2018-12-06T19:23:04.000Z","fill-opacity":null,"fill":"#ff0000"},"bbox":[-3.55832,40.4417,-3.56362,40.4469],"geometry":{"type":"Polygon","coordinates":[[[-3.55832,40.4469],[-3.56362,40.4469],[-3.56362,40.4417],[-3.55832,40.4417],[-3.55832,40.4469]]]}},{"type":"Feature","properties":{"name":"Coslada--piece--3-1--raspberry3bp","number_of_ads_buy":0,"average_prize_buy":0,"number_of_ads_rent":0,"average_prize_rent":0,"normalized_prize_buy":null,"normalized_ads_buy":null,"normalized_prize_rent":null,"normalized_ads_rent":null,"date":"2018-12-06T19:23:25.000Z","fill-opacity":null,"fill":"#ff0000"},"bbox":[-3.55832,40.4365,-3.56362,40.4417],"geometry":{"type":"Polygon","coordinates":[[[-3.55832,40.4417],[-3.56362,40.4417],[-3.56362,40.4365],[-3.55832,40.4365],[-3.55832,40.4417]]]}},{"type":"Feature","properties":{"name":"Coslada--piece--3-2--raspberry3bp","number_of_ads_buy":0,"average_prize_buy":0,"number_of_ads_rent":0,"average_prize_rent":0,"normalized_prize_buy":null,"normalized_ads_buy":null,"normalized_prize_rent":null,"normalized_ads_rent":null,"date":"2018-12-06T19:23:42.000Z","fill-opacity":null,"fill":"#ff0000"},"bbox":[-3.55832,40.4313,-3.56362,40.4365],"geometry":{"type":"Polygon","coordinates":[[[-3.55832,40.4365],[-3.56362,40.4365],[-3.56362,40.4313],[-3.55832,40.4313],[-3.55832,40.4365]]]}},{"type":"Feature","properties":{"name":"Coslada--piece--3-3--raspberry3bp","number_of_ads_buy":0,"average_prize_buy":0,"number_of_ads_rent":3,"average_prize_rent":0,"normalized_prize_buy":null,"normalized_ads_buy":null,"normalized_prize_rent":null,"normalized_ads_rent":null,"date":"2018-12-06T19:23:55.000Z","fill-opacity":null,"fill":"#ff0000"},"bbox":[-3.55832,40.426,-3.56362,40.4313],"geometry":{"type":"Polygon","coordinates":[[[-3.55832,40.4313],[-3.56362,40.4313],[-3.56362,40.426],[-3.55832,40.426],[-3.55832,40.4313]]]}},{"type":"Feature","properties":{"name":"Coslada--piece--3-4--raspberry3bp","number_of_ads_buy":0,"average_prize_buy":0,"number_of_ads_rent":1,"average_prize_rent":2,"normalized_prize_buy":null,"normalized_ads_buy":null,"normalized_prize_rent":null,"normalized_ads_rent":null,"date":"2018-12-06T19:24:12.000Z","fill-opacity":null,"fill":"#ff0000"},"bbox":[-3.55832,40.4208,-3.56362,40.426],"geometry":{"type":"Polygon","coordinates":[[[-3.55832,40.426],[-3.56362,40.426],[-3.56362,40.4208],[-3.55832,40.4208],[-3.55832,40.426]]]}},{"type":"Feature","properties":{"name":"Coslada--piece--3-5--raspberry3bp","number_of_ads_buy":0,"average_prize_buy":0,"number_of_ads_rent":0,"average_prize_rent":0,"normalized_prize_buy":null,"normalized_ads_buy":null,"normalized_prize_rent":null,"normalized_ads_rent":null,"date":"2018-12-06T19:24:30.000Z","fill-opacity":null,"fill":"#ff0000"},"bbox":[-3.55832,40.4156,-3.56362,40.4208],"geometry":{"type":"Polygon","coordinates":[[[-3.55832,40.4208],[-3.56362,40.4208],[-3.56362,40.4156],[-3.55832,40.4156],[-3.55832,40.4208]]]}},{"type":"Feature","properties":{"name":"Coslada--piece--3-6--raspberry3bp","number_of_ads_buy":0,"average_prize_buy":0,"number_of_ads_rent":0,"average_prize_rent":0,"normalized_prize_buy":null,"normalized_ads_buy":null,"normalized_prize_rent":null,"normalized_ads_rent":null,"date":"2018-12-06T19:24:46.000Z","fill-opacity":null,"fill":"#ff0000"},"bbox":[-3.55832,40.4104,-3.56362,40.4156],"geometry":{"type":"Polygon","coordinates":[[[-3.55832,40.4156],[-3.56362,40.4156],[-3.56362,40.4104],[-3.55832,40.4104],[-3.55832,40.4156]]]}},{"type":"Feature","properties":{"name":"Coslada--piece--4-0--raspberry3bp","number_of_ads_buy":0,"average_prize_buy":0,"number_of_ads_rent":0,"average_prize_rent":0,"normalized_prize_buy":null,"normalized_ads_buy":null,"normalized_prize_rent":null,"normalized_ads_rent":null,"date":"2018-12-06T19:24:59.000Z","fill-opacity":null,"fill":"#ff0000"},"bbox":[-3.55302,40.4417,-3.55832,40.4469],"geometry":{"type":"Polygon","coordinates":[[[-3.55302,40.4469],[-3.55832,40.4469],[-3.55832,40.4417],[-3.55302,40.4417],[-3.55302,40.4469]]]}},{"type":"Feature","properties":{"name":"Coslada--piece--4-1--raspberry3bp","number_of_ads_buy":0,"average_prize_buy":0,"number_of_ads_rent":0,"average_prize_rent":0,"normalized_prize_buy":null,"normalized_ads_buy":null,"normalized_prize_rent":null,"normalized_ads_rent":null,"date":"2018-12-06T19:25:17.000Z","fill-opacity":null,"fill":"#ff0000"},"bbox":[-3.55302,40.4365,-3.55832,40.4417],"geometry":{"type":"Polygon","coordinates":[[[-3.55302,40.4417],[-3.55832,40.4417],[-3.55832,40.4365],[-3.55302,40.4365],[-3.55302,40.4417]]]}},{"type":"Feature","properties":{"name":"Coslada--piece--4-2--raspberry3bp","number_of_ads_buy":0,"average_prize_buy":0,"number_of_ads_rent":0,"average_prize_rent":0,"normalized_prize_buy":null,"normalized_ads_buy":null,"normalized_prize_rent":null,"normalized_ads_rent":null,"date":"2018-12-06T19:25:35.000Z","fill-opacity":null,"fill":"#ff0000"},"bbox":[-3.55302,40.4313,-3.55832,40.4365],"geometry":{"type":"Polygon","coordinates":[[[-3.55302,40.4365],[-3.55832,40.4365],[-3.55832,40.4313],[-3.55302,40.4313],[-3.55302,40.4365]]]}},{"type":"Feature","properties":{"name":"Coslada--piece--4-3--raspberry3bp","number_of_ads_buy":0,"average_prize_buy":0,"number_of_ads_rent":0,"average_prize_rent":0,"normalized_prize_buy":null,"normalized_ads_buy":null,"normalized_prize_rent":null,"normalized_ads_rent":null,"date":"2018-12-06T19:25:53.000Z","fill-opacity":null,"fill":"#ff0000"},"bbox":[-3.55302,40.426,-3.55832,40.4313],"geometry":{"type":"Polygon","coordinates":[[[-3.55302,40.4313],[-3.55832,40.4313],[-3.55832,40.426],[-3.55302,40.426],[-3.55302,40.4313]]]}},{"type":"Feature","properties":{"name":"Coslada--piece--4-4--raspberry3bp","number_of_ads_buy":0,"average_prize_buy":0,"number_of_ads_rent":0,"average_prize_rent":0,"normalized_prize_buy":null,"normalized_ads_buy":null,"normalized_prize_rent":null,"normalized_ads_rent":null,"date":"2018-12-06T19:26:08.000Z","fill-opacity":null,"fill":"#ff0000"},"bbox":[-3.55302,40.4208,-3.55832,40.426],"geometry":{"type":"Polygon","coordinates":[[[-3.55302,40.426],[-3.55832,40.426],[-3.55832,40.4208],[-3.55302,40.4208],[-3.55302,40.426]]]}},{"type":"Feature","properties":{"name":"Coslada--piece--4-5--raspberry3bp","number_of_ads_buy":0,"average_prize_buy":0,"number_of_ads_rent":0,"average_prize_rent":0,"normalized_prize_buy":null,"normalized_ads_buy":null,"normalized_prize_rent":null,"normalized_ads_rent":null,"date":"2018-12-06T19:26:27.000Z","fill-opacity":null,"fill":"#ff0000"},"bbox":[-3.55302,40.4156,-3.55832,40.4208],"geometry":{"type":"Polygon","coordinates":[[[-3.55302,40.4208],[-3.55832,40.4208],[-3.55832,40.4156],[-3.55302,40.4156],[-3.55302,40.4208]]]}},{"type":"Feature","properties":{"name":"Coslada--piece--4-6--raspberry3bp","number_of_ads_buy":0,"average_prize_buy":0,"number_of_ads_rent":0,"average_prize_rent":0,"normalized_prize_buy":null,"normalized_ads_buy":null,"normalized_prize_rent":null,"normalized_ads_rent":null,"date":"2018-12-06T19:26:46.000Z","fill-opacity":null,"fill":"#ff0000"},"bbox":[-3.55302,40.4104,-3.55832,40.4156],"geometry":{"type":"Polygon","coordinates":[[[-3.55302,40.4156],[-3.55832,40.4156],[-3.55832,40.4104],[-3.55302,40.4104],[-3.55302,40.4156]]]}},{"type":"Feature","properties":{"name":"Coslada--piece--5-0--raspberry3bp","number_of_ads_buy":0,"average_prize_buy":0,"number_of_ads_rent":0,"average_prize_rent":0,"normalized_prize_buy":null,"normalized_ads_buy":null,"normalized_prize_rent":null,"normalized_ads_rent":null,"date":"2018-12-06T19:27:04.000Z","fill-opacity":null,"fill":"#ff0000"},"bbox":[-3.54772,40.4417,-3.55302,40.4469],"geometry":{"type":"Polygon","coordinates":[[[-3.54772,40.4469],[-3.55302,40.4469],[-3.55302,40.4417],[-3.54772,40.4417],[-3.54772,40.4469]]]}},{"type":"Feature","properties":{"name":"Coslada--piece--5-1--raspberry3bp","number_of_ads_buy":0,"average_prize_buy":0,"number_of_ads_rent":0,"average_prize_rent":0,"normalized_prize_buy":null,"normalized_ads_buy":null,"normalized_prize_rent":null,"normalized_ads_rent":null,"date":"2018-12-06T19:27:28.000Z","fill-opacity":null,"fill":"#ff0000"},"bbox":[-3.54772,40.4365,-3.55302,40.4417],"geometry":{"type":"Polygon","coordinates":[[[-3.54772,40.4417],[-3.55302,40.4417],[-3.55302,40.4365],[-3.54772,40.4365],[-3.54772,40.4417]]]}},{"type":"Feature","properties":{"name":"Coslada--piece--5-2--raspberry3bp","number_of_ads_buy":0,"average_prize_buy":0,"number_of_ads_rent":0,"average_prize_rent":0,"normalized_prize_buy":null,"normalized_ads_buy":null,"normalized_prize_rent":null,"normalized_ads_rent":null,"date":"2018-12-06T19:27:43.000Z","fill-opacity":null,"fill":"#ff0000"},"bbox":[-3.54772,40.4313,-3.55302,40.4365],"geometry":{"type":"Polygon","coordinates":[[[-3.54772,40.4365],[-3.55302,40.4365],[-3.55302,40.4313],[-3.54772,40.4313],[-3.54772,40.4365]]]}},{"type":"Feature","properties":{"name":"Coslada--piece--5-3--raspberry3bp","number_of_ads_buy":0,"average_prize_buy":0,"number_of_ads_rent":1,"average_prize_rent":2,"normalized_prize_buy":null,"normalized_ads_buy":null,"normalized_prize_rent":null,"normalized_ads_rent":null,"date":"2018-12-06T19:28:02.000Z","fill-opacity":null,"fill":"#ff0000"},"bbox":[-3.54772,40.426,-3.55302,40.4313],"geometry":{"type":"Polygon","coordinates":[[[-3.54772,40.4313],[-3.55302,40.4313],[-3.55302,40.426],[-3.54772,40.426],[-3.54772,40.4313]]]}},{"type":"Feature","properties":{"name":"Coslada--piece--5-4--raspberry3bp","number_of_ads_buy":0,"average_prize_buy":0,"number_of_ads_rent":5,"average_prize_rent":0,"normalized_prize_buy":null,"normalized_ads_buy":null,"normalized_prize_rent":null,"normalized_ads_rent":null,"date":"2018-12-06T19:28:22.000Z","fill-opacity":null,"fill":"#ff0000"},"bbox":[-3.54772,40.4208,-3.55302,40.426],"geometry":{"type":"Polygon","coordinates":[[[-3.54772,40.426],[-3.55302,40.426],[-3.55302,40.4208],[-3.54772,40.4208],[-3.54772,40.426]]]}},{"type":"Feature","properties":{"name":"Coslada--piece--5-5--raspberry3bp","number_of_ads_buy":0,"average_prize_buy":0,"number_of_ads_rent":0,"average_prize_rent":0,"normalized_prize_buy":null,"normalized_ads_buy":null,"normalized_prize_rent":null,"normalized_ads_rent":null,"date":"2018-12-06T19:28:35.000Z","fill-opacity":null,"fill":"#ff0000"},"bbox":[-3.54772,40.4156,-3.55302,40.4208],"geometry":{"type":"Polygon","coordinates":[[[-3.54772,40.4208],[-3.55302,40.4208],[-3.55302,40.4156],[-3.54772,40.4156],[-3.54772,40.4208]]]}},{"type":"Feature","properties":{"name":"Coslada--piece--5-6--raspberry3bp","number_of_ads_buy":0,"average_prize_buy":0,"number_of_ads_rent":0,"average_prize_rent":0,"normalized_prize_buy":null,"normalized_ads_buy":null,"normalized_prize_rent":null,"normalized_ads_rent":null,"date":"2018-12-06T19:28:52.000Z","fill-opacity":null,"fill":"#ff0000"},"bbox":[-3.54772,40.4104,-3.55302,40.4156],"geometry":{"type":"Polygon","coordinates":[[[-3.54772,40.4156],[-3.55302,40.4156],[-3.55302,40.4104],[-3.54772,40.4104],[-3.54772,40.4156]]]}},{"type":"Feature","properties":{"name":"Coslada--piece--6-0--raspberry3bp","number_of_ads_buy":0,"average_prize_buy":0,"number_of_ads_rent":0,"average_prize_rent":0,"normalized_prize_buy":null,"normalized_ads_buy":null,"normalized_prize_rent":null,"normalized_ads_rent":null,"date":"2018-12-06T19:29:09.000Z","fill-opacity":null,"fill":"#ff0000"},"bbox":[-3.54241,40.4417,-3.54772,40.4469],"geometry":{"type":"Polygon","coordinates":[[[-3.54241,40.4469],[-3.54772,40.4469],[-3.54772,40.4417],[-3.54241,40.4417],[-3.54241,40.4469]]]}},{"type":"Feature","properties":{"name":"Coslada--piece--6-1--raspberry3bp","number_of_ads_buy":0,"average_prize_buy":0,"number_of_ads_rent":0,"average_prize_rent":0,"normalized_prize_buy":null,"normalized_ads_buy":null,"normalized_prize_rent":null,"normalized_ads_rent":null,"date":"2018-12-06T19:29:25.000Z","fill-opacity":null,"fill":"#ff0000"},"bbox":[-3.54241,40.4365,-3.54772,40.4417],"geometry":{"type":"Polygon","coordinates":[[[-3.54241,40.4417],[-3.54772,40.4417],[-3.54772,40.4365],[-3.54241,40.4365],[-3.54241,40.4417]]]}},{"type":"Feature","properties":{"name":"Coslada--piece--6-2--raspberry3bp","number_of_ads_buy":0,"average_prize_buy":0,"number_of_ads_rent":0,"average_prize_rent":0,"normalized_prize_buy":null,"normalized_ads_buy":null,"normalized_prize_rent":null,"normalized_ads_rent":null,"date":"2018-12-06T19:29:47.000Z","fill-opacity":null,"fill":"#ff0000"},"bbox":[-3.54241,40.4313,-3.54772,40.4365],"geometry":{"type":"Polygon","coordinates":[[[-3.54241,40.4365],[-3.54772,40.4365],[-3.54772,40.4313],[-3.54241,40.4313],[-3.54241,40.4365]]]}},{"type":"Feature","properties":{"name":"Coslada--piece--6-3--raspberry3bp","number_of_ads_buy":0,"average_prize_buy":0,"number_of_ads_rent":0,"average_prize_rent":0,"normalized_prize_buy":null,"normalized_ads_buy":null,"normalized_prize_rent":null,"normalized_ads_rent":null,"date":"2018-12-06T19:30:03.000Z","fill-opacity":null,"fill":"#ff0000"},"bbox":[-3.54241,40.426,-3.54772,40.4313],"geometry":{"type":"Polygon","coordinates":[[[-3.54241,40.4313],[-3.54772,40.4313],[-3.54772,40.426],[-3.54241,40.426],[-3.54241,40.4313]]]}},{"type":"Feature","properties":{"name":"Coslada--piece--6-4--raspberry3bp","number_of_ads_buy":0,"average_prize_buy":0,"number_of_ads_rent":0,"average_prize_rent":0,"normalized_prize_buy":null,"normalized_ads_buy":null,"normalized_prize_rent":null,"normalized_ads_rent":null,"date":"2018-12-06T19:30:24.000Z","fill-opacity":null,"fill":"#ff0000"},"bbox":[-3.54241,40.4208,-3.54772,40.426],"geometry":{"type":"Polygon","coordinates":[[[-3.54241,40.426],[-3.54772,40.426],[-3.54772,40.4208],[-3.54241,40.4208],[-3.54241,40.426]]]}},{"type":"Feature","properties":{"name":"Coslada--piece--6-5--raspberry3bp","number_of_ads_buy":0,"average_prize_buy":0,"number_of_ads_rent":0,"average_prize_rent":0,"normalized_prize_buy":null,"normalized_ads_buy":null,"normalized_prize_rent":null,"normalized_ads_rent":null,"date":"2018-12-06T19:30:42.000Z","fill-opacity":null,"fill":"#ff0000"},"bbox":[-3.54241,40.4156,-3.54772,40.4208],"geometry":{"type":"Polygon","coordinates":[[[-3.54241,40.4208],[-3.54772,40.4208],[-3.54772,40.4156],[-3.54241,40.4156],[-3.54241,40.4208]]]}},{"type":"Feature","properties":{"name":"Coslada--piece--6-6--raspberry3bp","number_of_ads_buy":0,"average_prize_buy":0,"number_of_ads_rent":0,"average_prize_rent":0,"normalized_prize_buy":null,"normalized_ads_buy":null,"normalized_prize_rent":null,"normalized_ads_rent":null,"date":"2018-12-06T19:31:12.000Z","fill-opacity":null,"fill":"#ff0000"},"bbox":[-3.54241,40.4104,-3.54772,40.4156],"geometry":{"type":"Polygon","coordinates":[[[-3.54241,40.4156],[-3.54772,40.4156],[-3.54772,40.4104],[-3.54241,40.4104],[-3.54241,40.4156]]]}},{"type":"Feature","properties":{"name":"Coslada--piece--7-0--raspberry3bp","number_of_ads_buy":0,"average_prize_buy":0,"number_of_ads_rent":0,"average_prize_rent":0,"normalized_prize_buy":null,"normalized_ads_buy":null,"normalized_prize_rent":null,"normalized_ads_rent":null,"date":"2018-12-06T19:31:33.000Z","fill-opacity":null,"fill":"#ff0000"},"bbox":[-3.53711,40.4417,-3.54241,40.4469],"geometry":{"type":"Polygon","coordinates":[[[-3.53711,40.4469],[-3.54241,40.4469],[-3.54241,40.4417],[-3.53711,40.4417],[-3.53711,40.4469]]]}},{"type":"Feature","properties":{"name":"Coslada--piece--7-1--raspberry3bp","number_of_ads_buy":0,"average_prize_buy":0,"number_of_ads_rent":0,"average_prize_rent":0,"normalized_prize_buy":null,"normalized_ads_buy":null,"normalized_prize_rent":null,"normalized_ads_rent":null,"date":"2018-12-06T19:31:52.000Z","fill-opacity":null,"fill":"#ff0000"},"bbox":[-3.53711,40.4365,-3.54241,40.4417],"geometry":{"type":"Polygon","coordinates":[[[-3.53711,40.4417],[-3.54241,40.4417],[-3.54241,40.4365],[-3.53711,40.4365],[-3.53711,40.4417]]]}},{"type":"Feature","properties":{"name":"Coslada--piece--7-2--raspberry3bp","number_of_ads_buy":0,"average_prize_buy":0,"number_of_ads_rent":0,"average_prize_rent":0,"normalized_prize_buy":null,"normalized_ads_buy":null,"normalized_prize_rent":null,"normalized_ads_rent":null,"date":"2018-12-06T19:32:16.000Z","fill-opacity":null,"fill":"#ff0000"},"bbox":[-3.53711,40.4313,-3.54241,40.4365],"geometry":{"type":"Polygon","coordinates":[[[-3.53711,40.4365],[-3.54241,40.4365],[-3.54241,40.4313],[-3.53711,40.4313],[-3.53711,40.4365]]]}},{"type":"Feature","properties":{"name":"Coslada--piece--7-3--raspberry3bp","number_of_ads_buy":0,"average_prize_buy":0,"number_of_ads_rent":0,"average_prize_rent":0,"normalized_prize_buy":null,"normalized_ads_buy":null,"normalized_prize_rent":null,"normalized_ads_rent":null,"date":"2018-12-06T19:32:39.000Z","fill-opacity":null,"fill":"#ff0000"},"bbox":[-3.53711,40.426,-3.54241,40.4313],"geometry":{"type":"Polygon","coordinates":[[[-3.53711,40.4313],[-3.54241,40.4313],[-3.54241,40.426],[-3.53711,40.426],[-3.53711,40.4313]]]}},{"type":"Feature","properties":{"name":"Coslada--piece--7-4--raspberry3bp","number_of_ads_buy":0,"average_prize_buy":0,"number_of_ads_rent":0,"average_prize_rent":0,"normalized_prize_buy":null,"normalized_ads_buy":null,"normalized_prize_rent":null,"normalized_ads_rent":null,"date":"2018-12-06T19:33:00.000Z","fill-opacity":null,"fill":"#ff0000"},"bbox":[-3.53711,40.4208,-3.54241,40.426],"geometry":{"type":"Polygon","coordinates":[[[-3.53711,40.426],[-3.54241,40.426],[-3.54241,40.4208],[-3.53711,40.4208],[-3.53711,40.426]]]}},{"type":"Feature","properties":{"name":"Coslada--piece--7-5--raspberry3bp","number_of_ads_buy":0,"average_prize_buy":0,"number_of_ads_rent":1,"average_prize_rent":2,"normalized_prize_buy":null,"normalized_ads_buy":null,"normalized_prize_rent":null,"normalized_ads_rent":null,"date":"2018-12-06T19:33:24.000Z","fill-opacity":null,"fill":"#ff0000"},"bbox":[-3.53711,40.4156,-3.54241,40.4208],"geometry":{"type":"Polygon","coordinates":[[[-3.53711,40.4208],[-3.54241,40.4208],[-3.54241,40.4156],[-3.53711,40.4156],[-3.53711,40.4208]]]}},{"type":"Feature","properties":{"name":"Coslada--piece--7-6--raspberry3bp","number_of_ads_buy":0,"average_prize_buy":0,"number_of_ads_rent":0,"average_prize_rent":0,"normalized_prize_buy":null,"normalized_ads_buy":null,"normalized_prize_rent":null,"normalized_ads_rent":null,"date":"2018-12-06T19:33:54.000Z","fill-opacity":null,"fill":"#ff0000"},"bbox":[-3.53711,40.4104,-3.54241,40.4156],"geometry":{"type":"Polygon","coordinates":[[[-3.53711,40.4156],[-3.54241,40.4156],[-3.54241,40.4104],[-3.53711,40.4104],[-3.53711,40.4156]]]}},{"type":"Feature","properties":{"name":"Coslada--piece--8-0--raspberry3bp","number_of_ads_buy":0,"average_prize_buy":0,"number_of_ads_rent":0,"average_prize_rent":0,"normalized_prize_buy":null,"normalized_ads_buy":null,"normalized_prize_rent":null,"normalized_ads_rent":null,"date":"2018-12-06T19:34:09.000Z","fill-opacity":null,"fill":"#ff0000"},"bbox":[-3.53181,40.4417,-3.53711,40.4469],"geometry":{"type":"Polygon","coordinates":[[[-3.53181,40.4469],[-3.53711,40.4469],[-3.53711,40.4417],[-3.53181,40.4417],[-3.53181,40.4469]]]}},{"type":"Feature","properties":{"name":"Coslada--piece--8-1--raspberry3bp","number_of_ads_buy":0,"average_prize_buy":0,"number_of_ads_rent":0,"average_prize_rent":0,"normalized_prize_buy":null,"normalized_ads_buy":null,"normalized_prize_rent":null,"normalized_ads_rent":null,"date":"2018-12-06T19:34:25.000Z","fill-opacity":null,"fill":"#ff0000"},"bbox":[-3.53181,40.4365,-3.53711,40.4417],"geometry":{"type":"Polygon","coordinates":[[[-3.53181,40.4417],[-3.53711,40.4417],[-3.53711,40.4365],[-3.53181,40.4365],[-3.53181,40.4417]]]}},{"type":"Feature","properties":{"name":"Coslada--piece--8-2--raspberry3bp","number_of_ads_buy":0,"average_prize_buy":0,"number_of_ads_rent":0,"average_prize_rent":0,"normalized_prize_buy":null,"normalized_ads_buy":null,"normalized_prize_rent":null,"normalized_ads_rent":null,"date":"2018-12-06T19:34:56.000Z","fill-opacity":null,"fill":"#ff0000"},"bbox":[-3.53181,40.4313,-3.53711,40.4365],"geometry":{"type":"Polygon","coordinates":[[[-3.53181,40.4365],[-3.53711,40.4365],[-3.53711,40.4313],[-3.53181,40.4313],[-3.53181,40.4365]]]}},{"type":"Feature","properties":{"name":"Coslada--piece--8-3--raspberry3bp","number_of_ads_buy":0,"average_prize_buy":0,"number_of_ads_rent":1,"average_prize_rent":0,"normalized_prize_buy":null,"normalized_ads_buy":null,"normalized_prize_rent":null,"normalized_ads_rent":null,"date":"2018-12-06T19:35:11.000Z","fill-opacity":null,"fill":"#ff0000"},"bbox":[-3.53181,40.426,-3.53711,40.4313],"geometry":{"type":"Polygon","coordinates":[[[-3.53181,40.4313],[-3.53711,40.4313],[-3.53711,40.426],[-3.53181,40.426],[-3.53181,40.4313]]]}},{"type":"Feature","properties":{"name":"Coslada--piece--8-4--raspberry3bp","number_of_ads_buy":0,"average_prize_buy":0,"number_of_ads_rent":1,"average_prize_rent":0,"normalized_prize_buy":null,"normalized_ads_buy":null,"normalized_prize_rent":null,"normalized_ads_rent":null,"date":"2018-12-06T19:35:40.000Z","fill-opacity":null,"fill":"#ff0000"},"bbox":[-3.53181,40.4208,-3.53711,40.426],"geometry":{"type":"Polygon","coordinates":[[[-3.53181,40.426],[-3.53711,40.426],[-3.53711,40.4208],[-3.53181,40.4208],[-3.53181,40.426]]]}},{"type":"Feature","properties":{"name":"Coslada--piece--8-5--raspberry3bp","number_of_ads_buy":0,"average_prize_buy":0,"number_of_ads_rent":0,"average_prize_rent":0,"normalized_prize_buy":null,"normalized_ads_buy":null,"normalized_prize_rent":null,"normalized_ads_rent":null,"date":"2018-12-06T19:35:56.000Z","fill-opacity":null,"fill":"#ff0000"},"bbox":[-3.53181,40.4156,-3.53711,40.4208],"geometry":{"type":"Polygon","coordinates":[[[-3.53181,40.4208],[-3.53711,40.4208],[-3.53711,40.4156],[-3.53181,40.4156],[-3.53181,40.4208]]]}},{"type":"Feature","properties":{"name":"Coslada--piece--8-6--raspberry3bp","number_of_ads_buy":0,"average_prize_buy":0,"number_of_ads_rent":0,"average_prize_rent":0,"normalized_prize_buy":null,"normalized_ads_buy":null,"normalized_prize_rent":null,"normalized_ads_rent":null,"date":"2018-12-06T19:36:14.000Z","fill-opacity":null,"fill":"#ff0000"},"bbox":[-3.53181,40.4104,-3.53711,40.4156],"geometry":{"type":"Polygon","coordinates":[[[-3.53181,40.4156],[-3.53711,40.4156],[-3.53711,40.4104],[-3.53181,40.4104],[-3.53181,40.4156]]]}},{"type":"Feature","properties":{"name":"Coslada--piece--9-0--raspberry3bp","number_of_ads_buy":0,"average_prize_buy":0,"number_of_ads_rent":0,"average_prize_rent":0,"normalized_prize_buy":null,"normalized_ads_buy":null,"normalized_prize_rent":null,"normalized_ads_rent":null,"date":"2018-12-06T19:36:27.000Z","fill-opacity":null,"fill":"#ff0000"},"bbox":[-3.52651,40.4417,-3.53181,40.4469],"geometry":{"type":"Polygon","coordinates":[[[-3.52651,40.4469],[-3.53181,40.4469],[-3.53181,40.4417],[-3.52651,40.4417],[-3.52651,40.4469]]]}},{"type":"Feature","properties":{"name":"Coslada--piece--9-1--raspberry3bp","number_of_ads_buy":0,"average_prize_buy":0,"number_of_ads_rent":0,"average_prize_rent":0,"normalized_prize_buy":null,"normalized_ads_buy":null,"normalized_prize_rent":null,"normalized_ads_rent":null,"date":"2018-12-06T19:36:43.000Z","fill-opacity":null,"fill":"#ff0000"},"bbox":[-3.52651,40.4365,-3.53181,40.4417],"geometry":{"type":"Polygon","coordinates":[[[-3.52651,40.4417],[-3.53181,40.4417],[-3.53181,40.4365],[-3.52651,40.4365],[-3.52651,40.4417]]]}},{"type":"Feature","properties":{"name":"Coslada--piece--9-2--raspberry3bp","number_of_ads_buy":0,"average_prize_buy":0,"number_of_ads_rent":0,"average_prize_rent":0,"normalized_prize_buy":null,"normalized_ads_buy":null,"normalized_prize_rent":null,"normalized_ads_rent":null,"date":"2018-12-06T19:37:00.000Z","fill-opacity":null,"fill":"#ff0000"},"bbox":[-3.52651,40.4313,-3.53181,40.4365],"geometry":{"type":"Polygon","coordinates":[[[-3.52651,40.4365],[-3.53181,40.4365],[-3.53181,40.4313],[-3.52651,40.4313],[-3.52651,40.4365]]]}},{"type":"Feature","properties":{"name":"Coslada--piece--9-3--raspberry3bp","number_of_ads_buy":0,"average_prize_buy":0,"number_of_ads_rent":0,"average_prize_rent":0,"normalized_prize_buy":null,"normalized_ads_buy":null,"normalized_prize_rent":null,"normalized_ads_rent":null,"date":"2018-12-06T19:37:12.000Z","fill-opacity":null,"fill":"#ff0000"},"bbox":[-3.52651,40.426,-3.53181,40.4313],"geometry":{"type":"Polygon","coordinates":[[[-3.52651,40.4313],[-3.53181,40.4313],[-3.53181,40.426],[-3.52651,40.426],[-3.52651,40.4313]]]}},{"type":"Feature","properties":{"name":"Coslada--piece--9-4--raspberry3bp","number_of_ads_buy":0,"average_prize_buy":0,"number_of_ads_rent":0,"average_prize_rent":0,"normalized_prize_buy":null,"normalized_ads_buy":null,"normalized_prize_rent":null,"normalized_ads_rent":null,"date":"2018-12-06T19:37:37.000Z","fill-opacity":null,"fill":"#ff0000"},"bbox":[-3.52651,40.4208,-3.53181,40.426],"geometry":{"type":"Polygon","coordinates":[[[-3.52651,40.426],[-3.53181,40.426],[-3.53181,40.4208],[-3.52651,40.4208],[-3.52651,40.426]]]}},{"type":"Feature","properties":{"name":"Coslada--piece--9-5--raspberry3bp","number_of_ads_buy":0,"average_prize_buy":0,"number_of_ads_rent":1,"average_prize_rent":2,"normalized_prize_buy":null,"normalized_ads_buy":null,"normalized_prize_rent":null,"normalized_ads_rent":null,"date":"2018-12-06T19:37:57.000Z","fill-opacity":null,"fill":"#ff0000"},"bbox":[-3.52651,40.4156,-3.53181,40.4208],"geometry":{"type":"Polygon","coordinates":[[[-3.52651,40.4208],[-3.53181,40.4208],[-3.53181,40.4156],[-3.52651,40.4156],[-3.52651,40.4208]]]}},{"type":"Feature","properties":{"name":"Coslada--piece--9-6--raspberry3bp","number_of_ads_buy":0,"average_prize_buy":0,"number_of_ads_rent":0,"average_prize_rent":0,"normalized_prize_buy":null,"normalized_ads_buy":null,"normalized_prize_rent":null,"normalized_ads_rent":null,"date":"2018-12-06T19:38:22.000Z","fill-opacity":null,"fill":"#ff0000"},"bbox":[-3.52651,40.4104,-3.53181,40.4156],"geometry":{"type":"Polygon","coordinates":[[[-3.52651,40.4156],[-3.53181,40.4156],[-3.53181,40.4104],[-3.52651,40.4104],[-3.52651,40.4156]]]}}]}