{"type":"FeatureCollection","features":[{"type":"Feature","properties":{"name":"Coslada--piece--0-0--gCloud","number_of_ads_buy":30,"average_prize_buy":3153.29,"number_of_ads_rent":30,"average_prize_rent":11.0654,"normalized_prize_buy":1,"normalized_ads_buy":1,"normalized_prize_rent":null,"normalized_ads_rent":1,"date":"2018-12-07T10:13:42.000Z","fill-opacity":0.8,"fill":"#ff0000"},"bbox":[-3.57423,40.4417,-3.57953,40.4469],"geometry":{"type":"Polygon","coordinates":[[[-3.57423,40.4469],[-3.57953,40.4469],[-3.57953,40.4417],[-3.57423,40.4417],[-3.57423,40.4469]]]}},{"type":"Feature","properties":{"name":"Coslada--piece--0-1--gCloud","number_of_ads_buy":5,"average_prize_buy":2985.49,"number_of_ads_rent":3,"average_prize_rent":11.1422,"normalized_prize_buy":0.9467857380703962,"normalized_ads_buy":0.16666666666666666,"normalized_prize_rent":null,"normalized_ads_rent":0.1,"date":"2018-12-07T10:13:51.000Z","fill-opacity":0.757428590456317,"fill":"#ff0000"},"bbox":[-3.57423,40.4365,-3.57953,40.4417],"geometry":{"type":"Polygon","coordinates":[[[-3.57423,40.4417],[-3.57953,40.4417],[-3.57953,40.4365],[-3.57423,40.4365],[-3.57423,40.4417]]]}},{"type":"Feature","properties":{"name":"Coslada--piece--0-2--gCloud","number_of_ads_buy":0,"average_prize_buy":0,"number_of_ads_rent":0,"average_prize_rent":0,"normalized_prize_buy":0,"normalized_ads_buy":0,"normalized_prize_rent":null,"normalized_ads_rent":0,"date":"2018-12-07T10:13:58.000Z","fill-opacity":0,"fill":"#ff0000"},"bbox":[-3.57423,40.4313,-3.57953,40.4365],"geometry":{"type":"Polygon","coordinates":[[[-3.57423,40.4365],[-3.57953,40.4365],[-3.57953,40.4313],[-3.57423,40.4313],[-3.57423,40.4365]]]}},{"type":"Feature","properties":{"name":"Coslada--piece--0-3--gCloud","number_of_ads_buy":0,"average_prize_buy":0,"number_of_ads_rent":0,"average_prize_rent":0,"normalized_prize_buy":0,"normalized_ads_buy":0,"normalized_prize_rent":null,"normalized_ads_rent":0,"date":"2018-12-07T10:14:07.000Z","fill-opacity":0,"fill":"#ff0000"},"bbox":[-3.57423,40.426,-3.57953,40.4313],"geometry":{"type":"Polygon","coordinates":[[[-3.57423,40.4313],[-3.57953,40.4313],[-3.57953,40.426],[-3.57423,40.426],[-3.57423,40.4313]]]}},{"type":"Feature","properties":{"name":"Coslada--piece--0-4--gCloud","number_of_ads_buy":0,"average_prize_buy":0,"number_of_ads_rent":0,"average_prize_rent":0,"normalized_prize_buy":0,"normalized_ads_buy":0,"normalized_prize_rent":null,"normalized_ads_rent":0,"date":"2018-12-07T10:14:18.000Z","fill-opacity":0,"fill":"#ff0000"},"bbox":[-3.57423,40.4208,-3.57953,40.426],"geometry":{"type":"Polygon","coordinates":[[[-3.57423,40.426],[-3.57953,40.426],[-3.57953,40.4208],[-3.57423,40.4208],[-3.57423,40.426]]]}},{"type":"Feature","properties":{"name":"Coslada--piece--0-5--gCloud","number_of_ads_buy":1,"average_prize_buy":2400,"number_of_ads_rent":0,"average_prize_rent":0,"normalized_prize_buy":0.7611098249764532,"normalized_ads_buy":0.03333333333333333,"normalized_prize_rent":null,"normalized_ads_rent":0,"date":"2018-12-07T10:14:23.000Z","fill-opacity":0.6088878599811626,"fill":"#ff0000"},"bbox":[-3.57423,40.4156,-3.57953,40.4208],"geometry":{"type":"Polygon","coordinates":[[[-3.57423,40.4208],[-3.57953,40.4208],[-3.57953,40.4156],[-3.57423,40.4156],[-3.57423,40.4208]]]}},{"type":"Feature","properties":{"name":"Coslada--piece--0-6--gCloud","number_of_ads_buy":1,"average_prize_buy":2524.75,"number_of_ads_rent":0,"average_prize_rent":0,"normalized_prize_buy":0.8006716794205417,"normalized_ads_buy":0.03333333333333333,"normalized_prize_rent":null,"normalized_ads_rent":0,"date":"2018-12-07T10:14:29.000Z","fill-opacity":0.6405373435364334,"fill":"#ff0000"},"bbox":[-3.57423,40.4104,-3.57953,40.4156],"geometry":{"type":"Polygon","coordinates":[[[-3.57423,40.4156],[-3.57953,40.4156],[-3.57953,40.4104],[-3.57423,40.4104],[-3.57423,40.4156]]]}},{"type":"Feature","properties":{"name":"Coslada--piece--1-0--gCloud","number_of_ads_buy":8,"average_prize_buy":2861.34,"number_of_ads_rent":1,"average_prize_rent":8.63636,"normalized_prize_buy":0.9074141610825519,"normalized_ads_buy":0.26666666666666666,"normalized_prize_rent":null,"normalized_ads_rent":0.03333333333333333,"date":"2018-12-07T10:14:35.000Z","fill-opacity":0.7259313288660416,"fill":"#ff0000"},"bbox":[-3.56893,40.4417,-3.57423,40.4469],"geometry":{"type":"Polygon","coordinates":[[[-3.56893,40.4469],[-3.57423,40.4469],[-3.57423,40.4417],[-3.56893,40.4417],[-3.56893,40.4469]]]}},{"type":"Feature","properties":{"name":"Coslada--piece--1-1--gCloud","number_of_ads_buy":1,"average_prize_buy":2583.33,"number_of_ads_rent":0,"average_prize_rent":0,"normalized_prize_buy":0.819249101731842,"normalized_ads_buy":0.03333333333333333,"normalized_prize_rent":null,"normalized_ads_rent":0,"date":"2018-12-07T10:14:40.000Z","fill-opacity":0.6553992813854737,"fill":"#ff0000"},"bbox":[-3.56893,40.4365,-3.57423,40.4417],"geometry":{"type":"Polygon","coordinates":[[[-3.56893,40.4417],[-3.57423,40.4417],[-3.57423,40.4365],[-3.56893,40.4365],[-3.56893,40.4417]]]}},{"type":"Feature","properties":{"name":"Coslada--piece--1-2--gCloud","number_of_ads_buy":0,"average_prize_buy":0,"number_of_ads_rent":0,"average_prize_rent":0,"normalized_prize_buy":0,"normalized_ads_buy":0,"normalized_prize_rent":null,"normalized_ads_rent":0,"date":"2018-12-07T10:14:48.000Z","fill-opacity":0,"fill":"#ff0000"},"bbox":[-3.56893,40.4313,-3.57423,40.4365],"geometry":{"type":"Polygon","coordinates":[[[-3.56893,40.4365],[-3.57423,40.4365],[-3.57423,40.4313],[-3.56893,40.4313],[-3.56893,40.4365]]]}},{"type":"Feature","properties":{"name":"Coslada--piece--1-3--gCloud","number_of_ads_buy":0,"average_prize_buy":0,"number_of_ads_rent":0,"average_prize_rent":0,"normalized_prize_buy":0,"normalized_ads_buy":0,"normalized_prize_rent":null,"normalized_ads_rent":0,"date":"2018-12-07T10:14:53.000Z","fill-opacity":0,"fill":"#ff0000"},"bbox":[-3.56893,40.426,-3.57423,40.4313],"geometry":{"type":"Polygon","coordinates":[[[-3.56893,40.4313],[-3.57423,40.4313],[-3.57423,40.426],[-3.56893,40.426],[-3.56893,40.4313]]]}},{"type":"Feature","properties":{"name":"Coslada--piece--1-4--gCloud","number_of_ads_buy":17,"average_prize_buy":2200.75,"number_of_ads_rent":1,"average_prize_rent":10,"normalized_prize_buy":0.6979218530487206,"normalized_ads_buy":0.5666666666666667,"normalized_prize_rent":null,"normalized_ads_rent":0.03333333333333333,"date":"2018-12-07T10:15:01.000Z","fill-opacity":0.5583374824389765,"fill":"#ff0000"},"bbox":[-3.56893,40.4208,-3.57423,40.426],"geometry":{"type":"Polygon","coordinates":[[[-3.56893,40.426],[-3.57423,40.426],[-3.57423,40.4208],[-3.56893,40.4208],[-3.56893,40.426]]]}},{"type":"Feature","properties":{"name":"Coslada--piece--1-5--gCloud","number_of_ads_buy":10,"average_prize_buy":2691.57,"number_of_ads_rent":0,"average_prize_rent":0,"normalized_prize_buy":0.8535751548382801,"normalized_ads_buy":0.3333333333333333,"normalized_prize_rent":null,"normalized_ads_rent":0,"date":"2018-12-07T10:15:06.000Z","fill-opacity":0.6828601238706241,"fill":"#ff0000"},"bbox":[-3.56893,40.4156,-3.57423,40.4208],"geometry":{"type":"Polygon","coordinates":[[[-3.56893,40.4208],[-3.57423,40.4208],[-3.57423,40.4156],[-3.56893,40.4156],[-3.56893,40.4208]]]}},{"type":"Feature","properties":{"name":"Coslada--piece--1-6--gCloud","number_of_ads_buy":0,"average_prize_buy":0,"number_of_ads_rent":0,"average_prize_rent":0,"normalized_prize_buy":0,"normalized_ads_buy":0,"normalized_prize_rent":null,"normalized_ads_rent":0,"date":"2018-12-07T10:15:13.000Z","fill-opacity":0,"fill":"#ff0000"},"bbox":[-3.56893,40.4104,-3.57423,40.4156],"geometry":{"type":"Polygon","coordinates":[[[-3.56893,40.4156],[-3.57423,40.4156],[-3.57423,40.4104],[-3.56893,40.4104],[-3.56893,40.4156]]]}},{"type":"Feature","properties":{"name":"Coslada--piece--2-0--gCloud","number_of_ads_buy":5,"average_prize_buy":1788.49,"number_of_ads_rent":2,"average_prize_rent":7.57902,"normalized_prize_buy":0.5671822128633903,"normalized_ads_buy":0.16666666666666666,"normalized_prize_rent":null,"normalized_ads_rent":0.06666666666666667,"date":"2018-12-07T10:15:21.000Z","fill-opacity":0.4537457702907123,"fill":"#ff0000"},"bbox":[-3.56362,40.4417,-3.56893,40.4469],"geometry":{"type":"Polygon","coordinates":[[[-3.56362,40.4469],[-3.56893,40.4469],[-3.56893,40.4417],[-3.56362,40.4417],[-3.56362,40.4469]]]}},{"type":"Feature","properties":{"name":"Coslada--piece--2-1--gCloud","number_of_ads_buy":1,"average_prize_buy":2080.42,"number_of_ads_rent":0,"average_prize_rent":0,"normalized_prize_buy":0.6597617091989636,"normalized_ads_buy":0.03333333333333333,"normalized_prize_rent":null,"normalized_ads_rent":0,"date":"2018-12-07T10:15:27.000Z","fill-opacity":0.527809367359171,"fill":"#ff0000"},"bbox":[-3.56362,40.4365,-3.56893,40.4417],"geometry":{"type":"Polygon","coordinates":[[[-3.56362,40.4417],[-3.56893,40.4417],[-3.56893,40.4365],[-3.56362,40.4365],[-3.56362,40.4417]]]}},{"type":"Feature","properties":{"name":"Coslada--piece--2-2--gCloud","number_of_ads_buy":0,"average_prize_buy":0,"number_of_ads_rent":0,"average_prize_rent":0,"normalized_prize_buy":0,"normalized_ads_buy":0,"normalized_prize_rent":null,"normalized_ads_rent":0,"date":"2018-12-07T10:15:32.000Z","fill-opacity":0,"fill":"#ff0000"},"bbox":[-3.56362,40.4313,-3.56893,40.4365],"geometry":{"type":"Polygon","coordinates":[[[-3.56362,40.4365],[-3.56893,40.4365],[-3.56893,40.4313],[-3.56362,40.4313],[-3.56362,40.4365]]]}},{"type":"Feature","properties":{"name":"Coslada--piece--2-3--gCloud","number_of_ads_buy":5,"average_prize_buy":1760.92,"number_of_ads_rent":0,"average_prize_rent":0,"normalized_prize_buy":0.5584389637489733,"normalized_ads_buy":0.16666666666666666,"normalized_prize_rent":null,"normalized_ads_rent":0,"date":"2018-12-07T10:15:37.000Z","fill-opacity":0.44675117099917866,"fill":"#ff0000"},"bbox":[-3.56362,40.426,-3.56893,40.4313],"geometry":{"type":"Polygon","coordinates":[[[-3.56362,40.4313],[-3.56893,40.4313],[-3.56893,40.426],[-3.56362,40.426],[-3.56362,40.4313]]]}},{"type":"Feature","properties":{"name":"Coslada--piece--2-4--gCloud","number_of_ads_buy":28,"average_prize_buy":1924.88,"number_of_ads_rent":2,"average_prize_rent":9.55357,"normalized_prize_buy":0.6104354499586147,"normalized_ads_buy":0.9333333333333333,"normalized_prize_rent":null,"normalized_ads_rent":0.06666666666666667,"date":"2018-12-07T10:15:44.000Z","fill-opacity":0.48834835996689174,"fill":"#ff0000"},"bbox":[-3.56362,40.4208,-3.56893,40.426],"geometry":{"type":"Polygon","coordinates":[[[-3.56362,40.426],[-3.56893,40.426],[-3.56893,40.4208],[-3.56362,40.4208],[-3.56362,40.426]]]}},{"type":"Feature","properties":{"name":"Coslada--piece--2-5--gCloud","number_of_ads_buy":7,"average_prize_buy":2701.01,"number_of_ads_rent":0,"average_prize_rent":0,"normalized_prize_buy":0.8565688534831875,"normalized_ads_buy":0.23333333333333334,"normalized_prize_rent":null,"normalized_ads_rent":0,"date":"2018-12-07T10:15:50.000Z","fill-opacity":0.68525508278655,"fill":"#ff0000"},"bbox":[-3.56362,40.4156,-3.56893,40.4208],"geometry":{"type":"Polygon","coordinates":[[[-3.56362,40.4208],[-3.56893,40.4208],[-3.56893,40.4156],[-3.56362,40.4156],[-3.56362,40.4208]]]}},{"type":"Feature","properties":{"name":"Coslada--piece--2-6--gCloud","number_of_ads_buy":0,"average_prize_buy":0,"number_of_ads_rent":0,"average_prize_rent":0,"normalized_prize_buy":0,"normalized_ads_buy":0,"normalized_prize_rent":null,"normalized_ads_rent":0,"date":"2018-12-07T10:15:58.000Z","fill-opacity":0,"fill":"#ff0000"},"bbox":[-3.56362,40.4104,-3.56893,40.4156],"geometry":{"type":"Polygon","coordinates":[[[-3.56362,40.4156],[-3.56893,40.4156],[-3.56893,40.4104],[-3.56362,40.4104],[-3.56362,40.4156]]]}},{"type":"Feature","properties":{"name":"Coslada--piece--3-0--gCloud","number_of_ads_buy":0,"average_prize_buy":0,"number_of_ads_rent":0,"average_prize_rent":0,"normalized_prize_buy":0,"normalized_ads_buy":0,"normalized_prize_rent":null,"normalized_ads_rent":0,"date":"2018-12-07T10:16:07.000Z","fill-opacity":0,"fill":"#ff0000"},"bbox":[-3.55832,40.4417,-3.56362,40.4469],"geometry":{"type":"Polygon","coordinates":[[[-3.55832,40.4469],[-3.56362,40.4469],[-3.56362,40.4417],[-3.55832,40.4417],[-3.55832,40.4469]]]}},{"type":"Feature","properties":{"name":"Coslada--piece--3-1--gCloud","number_of_ads_buy":0,"average_prize_buy":0,"number_of_ads_rent":0,"average_prize_rent":0,"normalized_prize_buy":0,"normalized_ads_buy":0,"normalized_prize_rent":null,"normalized_ads_rent":0,"date":"2018-12-07T10:16:13.000Z","fill-opacity":0,"fill":"#ff0000"},"bbox":[-3.55832,40.4365,-3.56362,40.4417],"geometry":{"type":"Polygon","coordinates":[[[-3.55832,40.4417],[-3.56362,40.4417],[-3.56362,40.4365],[-3.55832,40.4365],[-3.55832,40.4417]]]}},{"type":"Feature","properties":{"name":"Coslada--piece--3-2--gCloud","number_of_ads_buy":0,"average_prize_buy":0,"number_of_ads_rent":0,"average_prize_rent":0,"normalized_prize_buy":0,"normalized_ads_buy":0,"normalized_prize_rent":null,"normalized_ads_rent":0,"date":"2018-12-07T10:16:24.000Z","fill-opacity":0,"fill":"#ff0000"},"bbox":[-3.55832,40.4313,-3.56362,40.4365],"geometry":{"type":"Polygon","coordinates":[[[-3.55832,40.4365],[-3.56362,40.4365],[-3.56362,40.4313],[-3.55832,40.4313],[-3.55832,40.4365]]]}},{"type":"Feature","properties":{"name":"Coslada--piece--3-3--gCloud","number_of_ads_buy":19,"average_prize_buy":2581.78,"number_of_ads_rent":1,"average_prize_rent":9.81013,"normalized_prize_buy":0.8187575516365447,"normalized_ads_buy":0.6333333333333333,"normalized_prize_rent":null,"normalized_ads_rent":0.03333333333333333,"date":"2018-12-07T10:16:32.000Z","fill-opacity":0.6550060413092358,"fill":"#ff0000"},"bbox":[-3.55832,40.426,-3.56362,40.4313],"geometry":{"type":"Polygon","coordinates":[[[-3.55832,40.4313],[-3.56362,40.4313],[-3.56362,40.426],[-3.55832,40.426],[-3.55832,40.4313]]]}},{"type":"Feature","properties":{"name":"Coslada--piece--3-4--gCloud","number_of_ads_buy":17,"average_prize_buy":2148.94,"number_of_ads_rent":1,"average_prize_rent":9.6875,"normalized_prize_buy":0.6814913947020413,"normalized_ads_buy":0.5666666666666667,"normalized_prize_rent":null,"normalized_ads_rent":0.03333333333333333,"date":"2018-12-07T10:16:38.000Z","fill-opacity":0.5451931157616331,"fill":"#ff0000"},"bbox":[-3.55832,40.4208,-3.56362,40.426],"geometry":{"type":"Polygon","coordinates":[[[-3.55832,40.426],[-3.56362,40.426],[-3.56362,40.4208],[-3.55832,40.4208],[-3.55832,40.426]]]}},{"type":"Feature","properties":{"name":"Coslada--piece--3-5--gCloud","number_of_ads_buy":7,"average_prize_buy":1949.17,"number_of_ads_rent":0,"average_prize_rent":0,"normalized_prize_buy":0.6181385156455639,"normalized_ads_buy":0.23333333333333334,"normalized_prize_rent":null,"normalized_ads_rent":0,"date":"2018-12-07T10:16:48.000Z","fill-opacity":0.4945108125164511,"fill":"#ff0000"},"bbox":[-3.55832,40.4156,-3.56362,40.4208],"geometry":{"type":"Polygon","coordinates":[[[-3.55832,40.4208],[-3.56362,40.4208],[-3.56362,40.4156],[-3.55832,40.4156],[-3.55832,40.4208]]]}},{"type":"Feature","properties":{"name":"Coslada--piece--3-6--gCloud","number_of_ads_buy":2,"average_prize_buy":1977.5,"number_of_ads_rent":0,"average_prize_rent":0,"normalized_prize_buy":0.6271227828712234,"normalized_ads_buy":0.06666666666666667,"normalized_prize_rent":null,"normalized_ads_rent":0,"date":"2018-12-07T10:16:54.000Z","fill-opacity":0.5016982262969787,"fill":"#ff0000"},"bbox":[-3.55832,40.4104,-3.56362,40.4156],"geometry":{"type":"Polygon","coordinates":[[[-3.55832,40.4156],[-3.56362,40.4156],[-3.56362,40.4104],[-3.55832,40.4104],[-3.55832,40.4156]]]}},{"type":"Feature","properties":{"name":"Coslada--piece--4-0--gCloud","number_of_ads_buy":0,"average_prize_buy":0,"number_of_ads_rent":0,"average_prize_rent":0,"normalized_prize_buy":0,"normalized_ads_buy":0,"normalized_prize_rent":null,"normalized_ads_rent":0,"date":"2018-12-07T10:17:05.000Z","fill-opacity":0,"fill":"#ff0000"},"bbox":[-3.55302,40.4417,-3.55832,40.4469],"geometry":{"type":"Polygon","coordinates":[[[-3.55302,40.4469],[-3.55832,40.4469],[-3.55832,40.4417],[-3.55302,40.4417],[-3.55302,40.4469]]]}},{"type":"Feature","properties":{"name":"Coslada--piece--4-1--gCloud","number_of_ads_buy":0,"average_prize_buy":0,"number_of_ads_rent":0,"average_prize_rent":0,"normalized_prize_buy":0,"normalized_ads_buy":0,"normalized_prize_rent":null,"normalized_ads_rent":0,"date":"2018-12-07T10:17:10.000Z","fill-opacity":0,"fill":"#ff0000"},"bbox":[-3.55302,40.4365,-3.55832,40.4417],"geometry":{"type":"Polygon","coordinates":[[[-3.55302,40.4417],[-3.55832,40.4417],[-3.55832,40.4365],[-3.55302,40.4365],[-3.55302,40.4417]]]}},{"type":"Feature","properties":{"name":"Coslada--piece--4-2--gCloud","number_of_ads_buy":0,"average_prize_buy":0,"number_of_ads_rent":0,"average_prize_rent":0,"normalized_prize_buy":0,"normalized_ads_buy":0,"normalized_prize_rent":null,"normalized_ads_rent":0,"date":"2018-12-07T10:17:18.000Z","fill-opacity":0,"fill":"#ff0000"},"bbox":[-3.55302,40.4313,-3.55832,40.4365],"geometry":{"type":"Polygon","coordinates":[[[-3.55302,40.4365],[-3.55832,40.4365],[-3.55832,40.4313],[-3.55302,40.4313],[-3.55302,40.4365]]]}},{"type":"Feature","properties":{"name":"Coslada--piece--4-3--gCloud","number_of_ads_buy":5,"average_prize_buy":2335.03,"number_of_ads_rent":1,"average_prize_rent":16,"normalized_prize_buy":0.7405059477561532,"normalized_ads_buy":0.16666666666666666,"normalized_prize_rent":null,"normalized_ads_rent":0.03333333333333333,"date":"2018-12-07T10:17:27.000Z","fill-opacity":0.5924047582049226,"fill":"#ff0000"},"bbox":[-3.55302,40.426,-3.55832,40.4313],"geometry":{"type":"Polygon","coordinates":[[[-3.55302,40.4313],[-3.55832,40.4313],[-3.55832,40.426],[-3.55302,40.426],[-3.55302,40.4313]]]}},{"type":"Feature","properties":{"name":"Coslada--piece--4-4--gCloud","number_of_ads_buy":14,"average_prize_buy":1746.28,"number_of_ads_rent":2,"average_prize_rent":7.96296,"normalized_prize_buy":0.5537961938166169,"normalized_ads_buy":0.4666666666666667,"normalized_prize_rent":null,"normalized_ads_rent":0.06666666666666667,"date":"2018-12-07T10:17:33.000Z","fill-opacity":0.44303695505329355,"fill":"#ff0000"},"bbox":[-3.55302,40.4208,-3.55832,40.426],"geometry":{"type":"Polygon","coordinates":[[[-3.55302,40.426],[-3.55832,40.426],[-3.55832,40.4208],[-3.55302,40.4208],[-3.55302,40.426]]]}},{"type":"Feature","properties":{"name":"Coslada--piece--4-5--gCloud","number_of_ads_buy":6,"average_prize_buy":1797.8,"number_of_ads_rent":0,"average_prize_rent":0,"normalized_prize_buy":0.5701346847261114,"normalized_ads_buy":0.2,"normalized_prize_rent":null,"normalized_ads_rent":0,"date":"2018-12-07T10:17:39.000Z","fill-opacity":0.45610774778088914,"fill":"#ff0000"},"bbox":[-3.55302,40.4156,-3.55832,40.4208],"geometry":{"type":"Polygon","coordinates":[[[-3.55302,40.4208],[-3.55832,40.4208],[-3.55832,40.4156],[-3.55302,40.4156],[-3.55302,40.4208]]]}},{"type":"Feature","properties":{"name":"Coslada--piece--4-6--gCloud","number_of_ads_buy":4,"average_prize_buy":2129.73,"number_of_ads_rent":0,"average_prize_rent":0,"normalized_prize_buy":0.6753993448112924,"normalized_ads_buy":0.13333333333333333,"normalized_prize_rent":null,"normalized_ads_rent":0,"date":"2018-12-07T10:17:48.000Z","fill-opacity":0.540319475849034,"fill":"#ff0000"},"bbox":[-3.55302,40.4104,-3.55832,40.4156],"geometry":{"type":"Polygon","coordinates":[[[-3.55302,40.4156],[-3.55832,40.4156],[-3.55832,40.4104],[-3.55302,40.4104],[-3.55302,40.4156]]]}},{"type":"Feature","properties":{"name":"Coslada--piece--5-0--gCloud","number_of_ads_buy":0,"average_prize_buy":0,"number_of_ads_rent":0,"average_prize_rent":0,"normalized_prize_buy":0,"normalized_ads_buy":0,"normalized_prize_rent":null,"normalized_ads_rent":0,"date":"2018-12-07T10:17:53.000Z","fill-opacity":0,"fill":"#ff0000"},"bbox":[-3.54772,40.4417,-3.55302,40.4469],"geometry":{"type":"Polygon","coordinates":[[[-3.54772,40.4469],[-3.55302,40.4469],[-3.55302,40.4417],[-3.54772,40.4417],[-3.54772,40.4469]]]}},{"type":"Feature","properties":{"name":"Coslada--piece--5-1--gCloud","number_of_ads_buy":0,"average_prize_buy":0,"number_of_ads_rent":0,"average_prize_rent":0,"normalized_prize_buy":0,"normalized_ads_buy":0,"normalized_prize_rent":null,"normalized_ads_rent":0,"date":"2018-12-07T10:18:01.000Z","fill-opacity":0,"fill":"#ff0000"},"bbox":[-3.54772,40.4365,-3.55302,40.4417],"geometry":{"type":"Polygon","coordinates":[[[-3.54772,40.4417],[-3.55302,40.4417],[-3.55302,40.4365],[-3.54772,40.4365],[-3.54772,40.4417]]]}},{"type":"Feature","properties":{"name":"Coslada--piece--5-2--gCloud","number_of_ads_buy":0,"average_prize_buy":0,"number_of_ads_rent":0,"average_prize_rent":0,"normalized_prize_buy":0,"normalized_ads_buy":0,"normalized_prize_rent":null,"normalized_ads_rent":0,"date":"2018-12-07T10:18:09.000Z","fill-opacity":0,"fill":"#ff0000"},"bbox":[-3.54772,40.4313,-3.55302,40.4365],"geometry":{"type":"Polygon","coordinates":[[[-3.54772,40.4365],[-3.55302,40.4365],[-3.55302,40.4313],[-3.54772,40.4313],[-3.54772,40.4365]]]}},{"type":"Feature","properties":{"name":"Coslada--piece--5-3--gCloud","number_of_ads_buy":7,"average_prize_buy":2059.64,"number_of_ads_rent":0,"average_prize_rent":0,"normalized_prize_buy":0.6531717666310425,"normalized_ads_buy":0.23333333333333334,"normalized_prize_rent":null,"normalized_ads_rent":0,"date":"2018-12-07T10:18:18.000Z","fill-opacity":0.522537413304834,"fill":"#ff0000"},"bbox":[-3.54772,40.426,-3.55302,40.4313],"geometry":{"type":"Polygon","coordinates":[[[-3.54772,40.4313],[-3.55302,40.4313],[-3.55302,40.426],[-3.54772,40.426],[-3.54772,40.4313]]]}},{"type":"Feature","properties":{"name":"Coslada--piece--5-4--gCloud","number_of_ads_buy":9,"average_prize_buy":2045.12,"number_of_ads_rent":0,"average_prize_rent":0,"normalized_prize_buy":0.6485670521899349,"normalized_ads_buy":0.3,"normalized_prize_rent":null,"normalized_ads_rent":0,"date":"2018-12-07T10:18:23.000Z","fill-opacity":0.5188536417519479,"fill":"#ff0000"},"bbox":[-3.54772,40.4208,-3.55302,40.426],"geometry":{"type":"Polygon","coordinates":[[[-3.54772,40.426],[-3.55302,40.426],[-3.55302,40.4208],[-3.54772,40.4208],[-3.54772,40.426]]]}},{"type":"Feature","properties":{"name":"Coslada--piece--5-5--gCloud","number_of_ads_buy":7,"average_prize_buy":1673.52,"number_of_ads_rent":0,"average_prize_rent":0,"normalized_prize_buy":0.5307218809560807,"normalized_ads_buy":0.23333333333333334,"normalized_prize_rent":null,"normalized_ads_rent":0,"date":"2018-12-07T10:18:29.000Z","fill-opacity":0.4245775047648646,"fill":"#ff0000"},"bbox":[-3.54772,40.4156,-3.55302,40.4208],"geometry":{"type":"Polygon","coordinates":[[[-3.54772,40.4208],[-3.55302,40.4208],[-3.55302,40.4156],[-3.54772,40.4156],[-3.54772,40.4208]]]}},{"type":"Feature","properties":{"name":"Coslada--piece--5-6--gCloud","number_of_ads_buy":14,"average_prize_buy":1720.9,"number_of_ads_rent":0,"average_prize_rent":0,"normalized_prize_buy":0.545747457417491,"normalized_ads_buy":0.4666666666666667,"normalized_prize_rent":null,"normalized_ads_rent":0,"date":"2018-12-07T10:18:37.000Z","fill-opacity":0.4365979659339928,"fill":"#ff0000"},"bbox":[-3.54772,40.4104,-3.55302,40.4156],"geometry":{"type":"Polygon","coordinates":[[[-3.54772,40.4156],[-3.55302,40.4156],[-3.55302,40.4104],[-3.54772,40.4104],[-3.54772,40.4156]]]}},{"type":"Feature","properties":{"name":"Coslada--piece--6-0--gCloud","number_of_ads_buy":1,"average_prize_buy":388.106,"number_of_ads_rent":8,"average_prize_rent":11.9873,"normalized_prize_buy":0.12307970405512972,"normalized_ads_buy":0.03333333333333333,"normalized_prize_rent":null,"normalized_ads_rent":0.26666666666666666,"date":"2018-12-07T10:18:47.000Z","fill-opacity":0.09846376324410377,"fill":"#ff0000"},"bbox":[-3.54241,40.4417,-3.54772,40.4469],"geometry":{"type":"Polygon","coordinates":[[[-3.54241,40.4469],[-3.54772,40.4469],[-3.54772,40.4417],[-3.54241,40.4417],[-3.54241,40.4469]]]}},{"type":"Feature","properties":{"name":"Coslada--piece--6-1--gCloud","number_of_ads_buy":0,"average_prize_buy":0,"number_of_ads_rent":0,"average_prize_rent":0,"normalized_prize_buy":0,"normalized_ads_buy":0,"normalized_prize_rent":null,"normalized_ads_rent":0,"date":"2018-12-07T10:18:53.000Z","fill-opacity":0,"fill":"#ff0000"},"bbox":[-3.54241,40.4365,-3.54772,40.4417],"geometry":{"type":"Polygon","coordinates":[[[-3.54241,40.4417],[-3.54772,40.4417],[-3.54772,40.4365],[-3.54241,40.4365],[-3.54241,40.4417]]]}},{"type":"Feature","properties":{"name":"Coslada--piece--6-2--gCloud","number_of_ads_buy":0,"average_prize_buy":0,"number_of_ads_rent":0,"average_prize_rent":0,"normalized_prize_buy":0,"normalized_ads_buy":0,"normalized_prize_rent":null,"normalized_ads_rent":0,"date":"2018-12-07T10:19:02.000Z","fill-opacity":0,"fill":"#ff0000"},"bbox":[-3.54241,40.4313,-3.54772,40.4365],"geometry":{"type":"Polygon","coordinates":[[[-3.54241,40.4365],[-3.54772,40.4365],[-3.54772,40.4313],[-3.54241,40.4313],[-3.54241,40.4365]]]}},{"type":"Feature","properties":{"name":"Coslada--piece--6-3--gCloud","number_of_ads_buy":9,"average_prize_buy":2129.02,"number_of_ads_rent":1,"average_prize_rent":8,"normalized_prize_buy":0.6751741831547368,"normalized_ads_buy":0.3,"normalized_prize_rent":null,"normalized_ads_rent":0.03333333333333333,"date":"2018-12-07T10:19:14.000Z","fill-opacity":0.5401393465237895,"fill":"#ff0000"},"bbox":[-3.54241,40.426,-3.54772,40.4313],"geometry":{"type":"Polygon","coordinates":[[[-3.54241,40.4313],[-3.54772,40.4313],[-3.54772,40.426],[-3.54241,40.426],[-3.54241,40.4313]]]}},{"type":"Feature","properties":{"name":"Coslada--piece--6-4--gCloud","number_of_ads_buy":20,"average_prize_buy":2214.3,"number_of_ads_rent":0,"average_prize_rent":0,"normalized_prize_buy":0.7022189522689002,"normalized_ads_buy":0.6666666666666666,"normalized_prize_rent":null,"normalized_ads_rent":0,"date":"2018-12-07T10:19:20.000Z","fill-opacity":0.5617751618151202,"fill":"#ff0000"},"bbox":[-3.54241,40.4208,-3.54772,40.426],"geometry":{"type":"Polygon","coordinates":[[[-3.54241,40.426],[-3.54772,40.426],[-3.54772,40.4208],[-3.54241,40.4208],[-3.54241,40.426]]]}},{"type":"Feature","properties":{"name":"Coslada--piece--6-5--gCloud","number_of_ads_buy":14,"average_prize_buy":1750.21,"number_of_ads_rent":1,"average_prize_rent":10,"normalized_prize_buy":0.5550425111550159,"normalized_ads_buy":0.4666666666666667,"normalized_prize_rent":null,"normalized_ads_rent":0.03333333333333333,"date":"2018-12-07T10:19:25.000Z","fill-opacity":0.44403400892401274,"fill":"#ff0000"},"bbox":[-3.54241,40.4156,-3.54772,40.4208],"geometry":{"type":"Polygon","coordinates":[[[-3.54241,40.4208],[-3.54772,40.4208],[-3.54772,40.4156],[-3.54241,40.4156],[-3.54241,40.4208]]]}},{"type":"Feature","properties":{"name":"Coslada--piece--6-6--gCloud","number_of_ads_buy":6,"average_prize_buy":1484.77,"number_of_ads_rent":0,"average_prize_rent":0,"normalized_prize_buy":0.47086376451262013,"normalized_ads_buy":0.2,"normalized_prize_rent":null,"normalized_ads_rent":0,"date":"2018-12-07T10:19:31.000Z","fill-opacity":0.3766910116100961,"fill":"#ff0000"},"bbox":[-3.54241,40.4104,-3.54772,40.4156],"geometry":{"type":"Polygon","coordinates":[[[-3.54241,40.4156],[-3.54772,40.4156],[-3.54772,40.4104],[-3.54241,40.4104],[-3.54241,40.4156]]]}},{"type":"Feature","properties":{"name":"Coslada--piece--7-0--gCloud","number_of_ads_buy":0,"average_prize_buy":0,"number_of_ads_rent":0,"average_prize_rent":0,"normalized_prize_buy":0,"normalized_ads_buy":0,"normalized_prize_rent":null,"normalized_ads_rent":0,"date":"2018-12-07T10:19:37.000Z","fill-opacity":0,"fill":"#ff0000"},"bbox":[-3.53711,40.4417,-3.54241,40.4469],"geometry":{"type":"Polygon","coordinates":[[[-3.53711,40.4469],[-3.54241,40.4469],[-3.54241,40.4417],[-3.53711,40.4417],[-3.53711,40.4469]]]}},{"type":"Feature","properties":{"name":"Coslada--piece--7-1--gCloud","number_of_ads_buy":0,"average_prize_buy":0,"number_of_ads_rent":0,"average_prize_rent":0,"normalized_prize_buy":0,"normalized_ads_buy":0,"normalized_prize_rent":null,"normalized_ads_rent":0,"date":"2018-12-07T10:19:43.000Z","fill-opacity":0,"fill":"#ff0000"},"bbox":[-3.53711,40.4365,-3.54241,40.4417],"geometry":{"type":"Polygon","coordinates":[[[-3.53711,40.4417],[-3.54241,40.4417],[-3.54241,40.4365],[-3.53711,40.4365],[-3.53711,40.4417]]]}},{"type":"Feature","properties":{"name":"Coslada--piece--7-2--gCloud","number_of_ads_buy":1,"average_prize_buy":1774.19,"number_of_ads_rent":0,"average_prize_rent":0,"normalized_prize_buy":0.5626472668229057,"normalized_ads_buy":0.03333333333333333,"normalized_prize_rent":null,"normalized_ads_rent":0,"date":"2018-12-07T10:19:54.000Z","fill-opacity":0.4501178134583246,"fill":"#ff0000"},"bbox":[-3.53711,40.4313,-3.54241,40.4365],"geometry":{"type":"Polygon","coordinates":[[[-3.53711,40.4365],[-3.54241,40.4365],[-3.54241,40.4313],[-3.53711,40.4313],[-3.53711,40.4365]]]}},{"type":"Feature","properties":{"name":"Coslada--piece--7-3--gCloud","number_of_ads_buy":29,"average_prize_buy":1945.74,"number_of_ads_rent":2,"average_prize_rent":8.92857,"normalized_prize_buy":0.617050762854035,"normalized_ads_buy":0.9666666666666667,"normalized_prize_rent":null,"normalized_ads_rent":0.06666666666666667,"date":"2018-12-07T10:20:04.000Z","fill-opacity":0.49364061028322803,"fill":"#ff0000"},"bbox":[-3.53711,40.426,-3.54241,40.4313],"geometry":{"type":"Polygon","coordinates":[[[-3.53711,40.4313],[-3.54241,40.4313],[-3.54241,40.426],[-3.53711,40.426],[-3.53711,40.4313]]]}},{"type":"Feature","properties":{"name":"Coslada--piece--7-4--gCloud","number_of_ads_buy":30,"average_prize_buy":1944.67,"number_of_ads_rent":1,"average_prize_rent":9.35897,"normalized_prize_buy":0.616711434723733,"normalized_ads_buy":1,"normalized_prize_rent":null,"normalized_ads_rent":0.03333333333333333,"date":"2018-12-07T10:20:12.000Z","fill-opacity":0.49336914777898644,"fill":"#ff0000"},"bbox":[-3.53711,40.4208,-3.54241,40.426],"geometry":{"type":"Polygon","coordinates":[[[-3.53711,40.426],[-3.54241,40.426],[-3.54241,40.4208],[-3.53711,40.4208],[-3.53711,40.426]]]}},{"type":"Feature","properties":{"name":"Coslada--piece--7-5--gCloud","number_of_ads_buy":19,"average_prize_buy":1908.39,"number_of_ads_rent":0,"average_prize_rent":0,"normalized_prize_buy":0.605205991202839,"normalized_ads_buy":0.6333333333333333,"normalized_prize_rent":null,"normalized_ads_rent":0,"date":"2018-12-07T10:20:20.000Z","fill-opacity":0.4841647929622712,"fill":"#ff0000"},"bbox":[-3.53711,40.4156,-3.54241,40.4208],"geometry":{"type":"Polygon","coordinates":[[[-3.53711,40.4208],[-3.54241,40.4208],[-3.54241,40.4156],[-3.53711,40.4156],[-3.53711,40.4208]]]}},{"type":"Feature","properties":{"name":"Coslada--piece--7-6--gCloud","number_of_ads_buy":4,"average_prize_buy":2241.93,"number_of_ads_rent":0,"average_prize_rent":0,"normalized_prize_buy":0.7109812291289415,"normalized_ads_buy":0.13333333333333333,"normalized_prize_rent":null,"normalized_ads_rent":0,"date":"2018-12-07T10:20:29.000Z","fill-opacity":0.5687849833031532,"fill":"#ff0000"},"bbox":[-3.53711,40.4104,-3.54241,40.4156],"geometry":{"type":"Polygon","coordinates":[[[-3.53711,40.4156],[-3.54241,40.4156],[-3.54241,40.4104],[-3.53711,40.4104],[-3.53711,40.4156]]]}},{"type":"Feature","properties":{"name":"Coslada--piece--8-0--gCloud","number_of_ads_buy":2,"average_prize_buy":1530.3,"number_of_ads_rent":0,"average_prize_rent":0,"normalized_prize_buy":0.4853026521506109,"normalized_ads_buy":0.06666666666666667,"normalized_prize_rent":null,"normalized_ads_rent":0,"date":"2018-12-07T10:20:40.000Z","fill-opacity":0.3882421217204888,"fill":"#ff0000"},"bbox":[-3.53181,40.4417,-3.53711,40.4469],"geometry":{"type":"Polygon","coordinates":[[[-3.53181,40.4469],[-3.53711,40.4469],[-3.53711,40.4417],[-3.53181,40.4417],[-3.53181,40.4469]]]}},{"type":"Feature","properties":{"name":"Coslada--piece--8-1--gCloud","number_of_ads_buy":9,"average_prize_buy":1674.87,"number_of_ads_rent":0,"average_prize_rent":0,"normalized_prize_buy":0.53115000523263,"normalized_ads_buy":0.3,"normalized_prize_rent":null,"normalized_ads_rent":0,"date":"2018-12-07T10:20:49.000Z","fill-opacity":0.42492000418610404,"fill":"#ff0000"},"bbox":[-3.53181,40.4365,-3.53711,40.4417],"geometry":{"type":"Polygon","coordinates":[[[-3.53181,40.4417],[-3.53711,40.4417],[-3.53711,40.4365],[-3.53181,40.4365],[-3.53181,40.4417]]]}},{"type":"Feature","properties":{"name":"Coslada--piece--8-2--gCloud","number_of_ads_buy":0,"average_prize_buy":0,"number_of_ads_rent":0,"average_prize_rent":0,"normalized_prize_buy":0,"normalized_ads_buy":0,"normalized_prize_rent":null,"normalized_ads_rent":0,"date":"2018-12-07T10:20:55.000Z","fill-opacity":0,"fill":"#ff0000"},"bbox":[-3.53181,40.4313,-3.53711,40.4365],"geometry":{"type":"Polygon","coordinates":[[[-3.53181,40.4365],[-3.53711,40.4365],[-3.53711,40.4313],[-3.53181,40.4313],[-3.53181,40.4365]]]}},{"type":"Feature","properties":{"name":"Coslada--piece--8-3--gCloud","number_of_ads_buy":19,"average_prize_buy":2019.86,"number_of_ads_rent":0,"average_prize_rent":0,"normalized_prize_buy":0.6405563712820578,"normalized_ads_buy":0.6333333333333333,"normalized_prize_rent":null,"normalized_ads_rent":0,"date":"2018-12-07T10:21:01.000Z","fill-opacity":0.5124450970256462,"fill":"#ff0000"},"bbox":[-3.53181,40.426,-3.53711,40.4313],"geometry":{"type":"Polygon","coordinates":[[[-3.53181,40.4313],[-3.53711,40.4313],[-3.53711,40.426],[-3.53181,40.426],[-3.53181,40.4313]]]}},{"type":"Feature","properties":{"name":"Coslada--piece--8-4--gCloud","number_of_ads_buy":28,"average_prize_buy":1949.02,"number_of_ads_rent":2,"average_prize_rent":9.4287,"normalized_prize_buy":0.6180909462815029,"normalized_ads_buy":0.9333333333333333,"normalized_prize_rent":null,"normalized_ads_rent":0.06666666666666667,"date":"2018-12-07T10:21:08.000Z","fill-opacity":0.4944727570252023,"fill":"#ff0000"},"bbox":[-3.53181,40.4208,-3.53711,40.426],"geometry":{"type":"Polygon","coordinates":[[[-3.53181,40.426],[-3.53711,40.426],[-3.53711,40.4208],[-3.53181,40.4208],[-3.53181,40.426]]]}},{"type":"Feature","properties":{"name":"Coslada--piece--8-5--gCloud","number_of_ads_buy":0,"average_prize_buy":0,"number_of_ads_rent":0,"average_prize_rent":0,"normalized_prize_buy":0,"normalized_ads_buy":0,"normalized_prize_rent":null,"normalized_ads_rent":0,"date":"2018-12-07T10:21:17.000Z","fill-opacity":0,"fill":"#ff0000"},"bbox":[-3.53181,40.4156,-3.53711,40.4208],"geometry":{"type":"Polygon","coordinates":[[[-3.53181,40.4208],[-3.53711,40.4208],[-3.53711,40.4156],[-3.53181,40.4156],[-3.53181,40.4208]]]}},{"type":"Feature","properties":{"name":"Coslada--piece--8-6--gCloud","number_of_ads_buy":0,"average_prize_buy":0,"number_of_ads_rent":0,"average_prize_rent":0,"normalized_prize_buy":0,"normalized_ads_buy":0,"normalized_prize_rent":null,"normalized_ads_rent":0,"date":"2018-12-07T10:21:25.000Z","fill-opacity":0,"fill":"#ff0000"},"bbox":[-3.53181,40.4104,-3.53711,40.4156],"geometry":{"type":"Polygon","coordinates":[[[-3.53181,40.4156],[-3.53711,40.4156],[-3.53711,40.4104],[-3.53181,40.4104],[-3.53181,40.4156]]]}},{"type":"Feature","properties":{"name":"Coslada--piece--9-0--gCloud","number_of_ads_buy":0,"average_prize_buy":0,"number_of_ads_rent":0,"average_prize_rent":0,"normalized_prize_buy":0,"normalized_ads_buy":0,"normalized_prize_rent":null,"normalized_ads_rent":0,"date":"2018-12-07T10:21:31.000Z","fill-opacity":0,"fill":"#ff0000"},"bbox":[-3.52651,40.4417,-3.53181,40.4469],"geometry":{"type":"Polygon","coordinates":[[[-3.52651,40.4469],[-3.53181,40.4469],[-3.53181,40.4417],[-3.52651,40.4417],[-3.52651,40.4469]]]}},{"type":"Feature","properties":{"name":"Coslada--piece--9-1--gCloud","number_of_ads_buy":4,"average_prize_buy":1700.7,"number_of_ads_rent":0,"average_prize_rent":0,"normalized_prize_buy":0.5393414497239392,"normalized_ads_buy":0.13333333333333333,"normalized_prize_rent":null,"normalized_ads_rent":0,"date":"2018-12-07T10:21:39.000Z","fill-opacity":0.43147315977915135,"fill":"#ff0000"},"bbox":[-3.52651,40.4365,-3.53181,40.4417],"geometry":{"type":"Polygon","coordinates":[[[-3.52651,40.4417],[-3.53181,40.4417],[-3.53181,40.4365],[-3.52651,40.4365],[-3.52651,40.4417]]]}},{"type":"Feature","properties":{"name":"Coslada--piece--9-2--gCloud","number_of_ads_buy":2,"average_prize_buy":1660.19,"number_of_ads_rent":1,"average_prize_rent":9.66667,"normalized_prize_buy":0.5264945501365241,"normalized_ads_buy":0.06666666666666667,"normalized_prize_rent":null,"normalized_ads_rent":0.03333333333333333,"date":"2018-12-07T10:21:48.000Z","fill-opacity":0.42119564010921934,"fill":"#ff0000"},"bbox":[-3.52651,40.4313,-3.53181,40.4365],"geometry":{"type":"Polygon","coordinates":[[[-3.52651,40.4365],[-3.53181,40.4365],[-3.53181,40.4313],[-3.52651,40.4313],[-3.52651,40.4365]]]}},{"type":"Feature","properties":{"name":"Coslada--piece--9-3--gCloud","number_of_ads_buy":20,"average_prize_buy":2326.28,"number_of_ads_rent":4,"average_prize_rent":10,"normalized_prize_buy":0.7377310681859265,"normalized_ads_buy":0.6666666666666666,"normalized_prize_rent":null,"normalized_ads_rent":0.13333333333333333,"date":"2018-12-07T10:21:58.000Z","fill-opacity":0.5901848545487413,"fill":"#ff0000"},"bbox":[-3.52651,40.426,-3.53181,40.4313],"geometry":{"type":"Polygon","coordinates":[[[-3.52651,40.4313],[-3.53181,40.4313],[-3.53181,40.426],[-3.52651,40.426],[-3.52651,40.4313]]]}},{"type":"Feature","properties":{"name":"Coslada--piece--9-4--gCloud","number_of_ads_buy":13,"average_prize_buy":1720.74,"number_of_ads_rent":1,"average_prize_rent":14.4444,"normalized_prize_buy":0.5456967167624925,"normalized_ads_buy":0.43333333333333335,"normalized_prize_rent":null,"normalized_ads_rent":0.03333333333333333,"date":"2018-12-07T10:22:07.000Z","fill-opacity":0.43655737340999407,"fill":"#ff0000"},"bbox":[-3.52651,40.4208,-3.53181,40.426],"geometry":{"type":"Polygon","coordinates":[[[-3.52651,40.426],[-3.53181,40.426],[-3.53181,40.4208],[-3.52651,40.4208],[-3.52651,40.426]]]}},{"type":"Feature","properties":{"name":"Coslada--piece--9-5--gCloud","number_of_ads_buy":4,"average_prize_buy":2491.04,"number_of_ads_rent":2,"average_prize_rent":9.91667,"normalized_prize_buy":0.7899812576705599,"normalized_ads_buy":0.13333333333333333,"normalized_prize_rent":null,"normalized_ads_rent":0.06666666666666667,"date":"2018-12-07T10:22:16.000Z","fill-opacity":0.631985006136448,"fill":"#ff0000"},"bbox":[-3.52651,40.4156,-3.53181,40.4208],"geometry":{"type":"Polygon","coordinates":[[[-3.52651,40.4208],[-3.53181,40.4208],[-3.53181,40.4156],[-3.52651,40.4156],[-3.52651,40.4208]]]}},{"type":"Feature","properties":{"name":"Coslada--piece--9-6--gCloud","number_of_ads_buy":0,"average_prize_buy":0,"number_of_ads_rent":0,"average_prize_rent":0,"normalized_prize_buy":0,"normalized_ads_buy":0,"normalized_prize_rent":null,"normalized_ads_rent":0,"date":"2018-12-07T10:22:24.000Z","fill-opacity":0,"fill":"#ff0000"},"bbox":[-3.52651,40.4104,-3.53181,40.4156],"geometry":{"type":"Polygon","coordinates":[[[-3.52651,40.4156],[-3.53181,40.4156],[-3.53181,40.4104],[-3.52651,40.4104],[-3.52651,40.4156]]]}}]}