{"type":"FeatureCollection","features":[{"type":"Feature","properties":{"name":"Coslada--2804901001--raspberryOld","number_of_ads_buy":6,"average_prize_buy":2355.83,"number_of_ads_rent":0,"average_prize_rent":0,"normalized_prize_buy":0.8208810124465133,"normalized_ads_buy":0.2,"normalized_prize_rent":null,"normalized_ads_rent":0,"date":"2018-12-07T08:21:58.000Z","fill-opacity":0.6567048099572107,"fill":"#ff0000"},"bbox":[-3.56992,40.423,-3.57309,40.4247],"geometry":{"type":"Polygon","coordinates":[[[-3.56992,40.4247],[-3.57309,40.4247],[-3.57309,40.423],[-3.56992,40.423],[-3.56992,40.4247]]]}},{"type":"Feature","properties":{"name":"Coslada--2804901002--raspberryOld","number_of_ads_buy":27,"average_prize_buy":2367.72,"number_of_ads_rent":1,"average_prize_rent":10,"normalized_prize_buy":0.8250240428171212,"normalized_ads_buy":0.9,"normalized_prize_rent":null,"normalized_ads_rent":0.03333333333333333,"date":"2018-12-07T08:22:21.000Z","fill-opacity":0.660019234253697,"fill":"#ff0000"},"bbox":[-3.56905,40.4171,-3.57954,40.4271],"geometry":{"type":"Polygon","coordinates":[[[-3.56905,40.4271],[-3.57954,40.4271],[-3.57954,40.4171],[-3.56905,40.4171],[-3.56905,40.4271]]]}},{"type":"Feature","properties":{"name":"Coslada--2804901003--raspberryOld","number_of_ads_buy":6,"average_prize_buy":1749.44,"number_of_ads_rent":1,"average_prize_rent":10.5263,"normalized_prize_buy":0.609586463545514,"normalized_ads_buy":0.2,"normalized_prize_rent":null,"normalized_ads_rent":0.03333333333333333,"date":"2018-12-07T08:22:41.000Z","fill-opacity":0.48766917083641126,"fill":"#ff0000"},"bbox":[-3.56693,40.4252,-3.57181,40.43],"geometry":{"type":"Polygon","coordinates":[[[-3.56693,40.43],[-3.57181,40.43],[-3.57181,40.4252],[-3.56693,40.4252],[-3.56693,40.43]]]}},{"type":"Feature","properties":{"name":"Coslada--2804901004--raspberryOld","number_of_ads_buy":13,"average_prize_buy":1955.24,"number_of_ads_rent":0,"average_prize_rent":0,"normalized_prize_buy":0.681296778959399,"normalized_ads_buy":0.43333333333333335,"normalized_prize_rent":null,"normalized_ads_rent":0,"date":"2018-12-07T08:23:02.000Z","fill-opacity":0.5450374231675192,"fill":"#ff0000"},"bbox":[-3.56516,40.4235,-3.57016,40.4252],"geometry":{"type":"Polygon","coordinates":[[[-3.56516,40.4252],[-3.57016,40.4252],[-3.57016,40.4235],[-3.56516,40.4235],[-3.56516,40.4252]]]}},{"type":"Feature","properties":{"name":"Coslada--2804901005--raspberryOld","number_of_ads_buy":8,"average_prize_buy":1991.97,"number_of_ads_rent":1,"average_prize_rent":11.25,"normalized_prize_buy":0.6940952234936653,"normalized_ads_buy":0.26666666666666666,"normalized_prize_rent":null,"normalized_ads_rent":0.03333333333333333,"date":"2018-12-07T08:23:22.000Z","fill-opacity":0.5552761787949322,"fill":"#ff0000"},"bbox":[-3.56653,40.4222,-3.56998,40.4238],"geometry":{"type":"Polygon","coordinates":[[[-3.56653,40.4238],[-3.56998,40.4238],[-3.56998,40.4222],[-3.56653,40.4222],[-3.56653,40.4238]]]}},{"type":"Feature","properties":{"name":"Coslada--2804901006--raspberryOld","number_of_ads_buy":8,"average_prize_buy":1983.07,"number_of_ads_rent":0,"average_prize_rent":0,"normalized_prize_buy":0.6909940485316459,"normalized_ads_buy":0.26666666666666666,"normalized_prize_rent":null,"normalized_ads_rent":0,"date":"2018-12-07T08:23:40.000Z","fill-opacity":0.5527952388253168,"fill":"#ff0000"},"bbox":[-3.56342,40.4214,-3.56675,40.4239],"geometry":{"type":"Polygon","coordinates":[[[-3.56342,40.4239],[-3.56675,40.4239],[-3.56675,40.4214],[-3.56342,40.4214],[-3.56342,40.4239]]]}},{"type":"Feature","properties":{"name":"Coslada--2804901007--raspberryOld","number_of_ads_buy":5,"average_prize_buy":1776.56,"number_of_ads_rent":0,"average_prize_rent":0,"normalized_prize_buy":0.6190363360140493,"normalized_ads_buy":0.16666666666666666,"normalized_prize_rent":null,"normalized_ads_rent":0,"date":"2018-12-07T08:23:58.000Z","fill-opacity":0.49522906881123946,"fill":"#ff0000"},"bbox":[-3.56329,40.4252,-3.56697,40.4297],"geometry":{"type":"Polygon","coordinates":[[[-3.56329,40.4297],[-3.56697,40.4297],[-3.56697,40.4252],[-3.56329,40.4252],[-3.56329,40.4297]]]}},{"type":"Feature","properties":{"name":"Coslada--2804901008--raspberryOld","number_of_ads_buy":5,"average_prize_buy":1728.04,"number_of_ads_rent":0,"average_prize_rent":0,"normalized_prize_buy":0.6021297057716699,"normalized_ads_buy":0.16666666666666666,"normalized_prize_rent":null,"normalized_ads_rent":0,"date":"2018-12-07T08:24:16.000Z","fill-opacity":0.48170376461733594,"fill":"#ff0000"},"bbox":[-3.56373,40.4244,-3.56674,40.4262],"geometry":{"type":"Polygon","coordinates":[[[-3.56373,40.4262],[-3.56674,40.4262],[-3.56674,40.4244],[-3.56373,40.4244],[-3.56373,40.4262]]]}},{"type":"Feature","properties":{"name":"Coslada--2804901009--raspberryOld","number_of_ads_buy":3,"average_prize_buy":1713.61,"number_of_ads_rent":0,"average_prize_rent":0,"normalized_prize_buy":0.5971016209736992,"normalized_ads_buy":0.1,"normalized_prize_rent":null,"normalized_ads_rent":0,"date":"2018-12-07T08:24:35.000Z","fill-opacity":0.47768129677895943,"fill":"#ff0000"},"bbox":[-3.56338,40.4243,-3.56558,40.4257],"geometry":{"type":"Polygon","coordinates":[[[-3.56338,40.4257],[-3.56558,40.4257],[-3.56558,40.4243],[-3.56338,40.4243],[-3.56338,40.4257]]]}},{"type":"Feature","properties":{"name":"Coslada--2804901010--raspberryOld","number_of_ads_buy":9,"average_prize_buy":2141.33,"number_of_ads_rent":2,"average_prize_rent":8.77232,"normalized_prize_buy":0.7461392113955984,"normalized_ads_buy":0.3,"normalized_prize_rent":null,"normalized_ads_rent":0.06666666666666667,"date":"2018-12-07T08:24:57.000Z","fill-opacity":0.5969113691164787,"fill":"#ff0000"},"bbox":[-3.56178,40.4239,-3.56529,40.4258],"geometry":{"type":"Polygon","coordinates":[[[-3.56178,40.4258],[-3.56529,40.4258],[-3.56529,40.4239],[-3.56178,40.4239],[-3.56178,40.4258]]]}},{"type":"Feature","properties":{"name":"Coslada--2804901011--raspberryOld","number_of_ads_buy":4,"average_prize_buy":2037.62,"number_of_ads_rent":1,"average_prize_rent":9.81013,"normalized_prize_buy":0.7100018119224496,"normalized_ads_buy":0.13333333333333333,"normalized_prize_rent":null,"normalized_ads_rent":0.03333333333333333,"date":"2018-12-07T08:25:15.000Z","fill-opacity":0.5680014495379597,"fill":"#ff0000"},"bbox":[-3.56147,40.4253,-3.56391,40.4268],"geometry":{"type":"Polygon","coordinates":[[[-3.56147,40.4268],[-3.56391,40.4268],[-3.56391,40.4253],[-3.56147,40.4253],[-3.56147,40.4268]]]}},{"type":"Feature","properties":{"name":"Coslada--2804901013--raspberryOld","number_of_ads_buy":15,"average_prize_buy":2044.07,"number_of_ads_rent":0,"average_prize_rent":0,"normalized_prize_buy":0.7122492926533514,"normalized_ads_buy":0.5,"normalized_prize_rent":null,"normalized_ads_rent":0,"date":"2018-12-07T08:25:34.000Z","fill-opacity":0.5697994341226811,"fill":"#ff0000"},"bbox":[-3.56074,40.4213,-3.56509,40.4242],"geometry":{"type":"Polygon","coordinates":[[[-3.56074,40.4242],[-3.56509,40.4242],[-3.56509,40.4213],[-3.56074,40.4213],[-3.56074,40.4242]]]}},{"type":"Feature","properties":{"name":"Coslada--2804901014--raspberryOld","number_of_ads_buy":3,"average_prize_buy":1932.34,"number_of_ads_rent":0,"average_prize_rent":0,"normalized_prize_buy":0.6733173512481357,"normalized_ads_buy":0.1,"normalized_prize_rent":null,"normalized_ads_rent":0,"date":"2018-12-07T08:25:52.000Z","fill-opacity":0.5386538809985086,"fill":"#ff0000"},"bbox":[-3.55955,40.4241,-3.56211,40.427],"geometry":{"type":"Polygon","coordinates":[[[-3.55955,40.427],[-3.56211,40.427],[-3.56211,40.4241],[-3.55955,40.4241],[-3.55955,40.427]]]}},{"type":"Feature","properties":{"name":"Coslada--2804901015--raspberryOld","number_of_ads_buy":3,"average_prize_buy":2077.05,"number_of_ads_rent":0,"average_prize_rent":0,"normalized_prize_buy":0.7237410623440702,"normalized_ads_buy":0.1,"normalized_prize_rent":null,"normalized_ads_rent":0,"date":"2018-12-07T08:26:10.000Z","fill-opacity":0.5789928498752562,"fill":"#ff0000"},"bbox":[-3.55898,40.4256,-3.56159,40.4274],"geometry":{"type":"Polygon","coordinates":[[[-3.55898,40.4274],[-3.56159,40.4274],[-3.56159,40.4256],[-3.55898,40.4256],[-3.55898,40.4274]]]}},{"type":"Feature","properties":{"name":"Coslada--2804901016--raspberryOld","number_of_ads_buy":5,"average_prize_buy":1760.92,"number_of_ads_rent":0,"average_prize_rent":0,"normalized_prize_buy":0.6135866307998941,"normalized_ads_buy":0.16666666666666666,"normalized_prize_rent":null,"normalized_ads_rent":0,"date":"2018-12-07T08:26:28.000Z","fill-opacity":0.4908693046399153,"fill":"#ff0000"},"bbox":[-3.56596,40.4258,-3.56867,40.429],"geometry":{"type":"Polygon","coordinates":[[[-3.56596,40.429],[-3.56867,40.429],[-3.56867,40.4258],[-3.56596,40.4258],[-3.56596,40.429]]]}},{"type":"Feature","properties":{"name":"Coslada--2804901017--raspberryOld","number_of_ads_buy":11,"average_prize_buy":2243.21,"number_of_ads_rent":1,"average_prize_rent":9.81013,"normalized_prize_buy":0.7816389535450959,"normalized_ads_buy":0.36666666666666664,"normalized_prize_rent":null,"normalized_ads_rent":0.03333333333333333,"date":"2018-12-07T08:26:47.000Z","fill-opacity":0.6253111628360768,"fill":"#ff0000"},"bbox":[-3.55855,40.4261,-3.56435,40.4289],"geometry":{"type":"Polygon","coordinates":[[[-3.55855,40.4289],[-3.56435,40.4289],[-3.56435,40.4261],[-3.55855,40.4261],[-3.55855,40.4289]]]}},{"type":"Feature","properties":{"name":"Coslada--2804901018--raspberryOld","number_of_ads_buy":13,"average_prize_buy":2813.48,"number_of_ads_rent":0,"average_prize_rent":0,"normalized_prize_buy":0.9803476103530461,"normalized_ads_buy":0.43333333333333335,"normalized_prize_rent":null,"normalized_ads_rent":0,"date":"2018-12-07T08:27:09.000Z","fill-opacity":0.784278088282437,"fill":"#ff0000"},"bbox":[-3.55452,40.4276,-3.5626,40.4337],"geometry":{"type":"Polygon","coordinates":[[[-3.55452,40.4337],[-3.5626,40.4337],[-3.5626,40.4276],[-3.55452,40.4276],[-3.55452,40.4337]]]}},{"type":"Feature","properties":{"name":"Coslada--2804901019--raspberryOld","number_of_ads_buy":12,"average_prize_buy":2428.31,"number_of_ads_rent":1,"average_prize_rent":10,"normalized_prize_buy":0.8461364238225988,"normalized_ads_buy":0.4,"normalized_prize_rent":null,"normalized_ads_rent":0.03333333333333333,"date":"2018-12-07T08:27:31.000Z","fill-opacity":0.676909139058079,"fill":"#ff0000"},"bbox":[-3.56887,40.4189,-3.5742,40.4237],"geometry":{"type":"Polygon","coordinates":[[[-3.56887,40.4237],[-3.5742,40.4237],[-3.5742,40.4189],[-3.56887,40.4189],[-3.56887,40.4237]]]}},{"type":"Feature","properties":{"name":"Coslada--2804901020--raspberryOld","number_of_ads_buy":14,"average_prize_buy":2345.79,"number_of_ads_rent":0,"average_prize_rent":0,"normalized_prize_buy":0.8173826083320557,"normalized_ads_buy":0.4666666666666667,"normalized_prize_rent":null,"normalized_ads_rent":0,"date":"2018-12-07T08:27:51.000Z","fill-opacity":0.6539060866656445,"fill":"#ff0000"},"bbox":[-3.56303,40.4186,-3.57064,40.423],"geometry":{"type":"Polygon","coordinates":[[[-3.56303,40.423],[-3.57064,40.423],[-3.57064,40.4186],[-3.56303,40.4186],[-3.56303,40.423]]]}},{"type":"Feature","properties":{"name":"Coslada--2804901021--raspberryOld","number_of_ads_buy":14,"average_prize_buy":2572.39,"number_of_ads_rent":0,"average_prize_rent":0,"normalized_prize_buy":0.8963406135448171,"normalized_ads_buy":0.4666666666666667,"normalized_prize_rent":null,"normalized_ads_rent":0,"date":"2018-12-07T08:28:13.000Z","fill-opacity":0.7170724908358537,"fill":"#ff0000"},"bbox":[-3.56741,40.4166,-3.57249,40.4203],"geometry":{"type":"Polygon","coordinates":[[[-3.56741,40.4203],[-3.57249,40.4203],[-3.57249,40.4166],[-3.56741,40.4166],[-3.56741,40.4203]]]}},{"type":"Feature","properties":{"name":"Coslada--2804901022--raspberryOld","number_of_ads_buy":7,"average_prize_buy":2869.88,"number_of_ads_rent":0,"average_prize_rent":0,"normalized_prize_buy":1,"normalized_ads_buy":0.23333333333333334,"normalized_prize_rent":null,"normalized_ads_rent":0,"date":"2018-12-07T08:28:29.000Z","fill-opacity":0.8,"fill":"#ff0000"},"bbox":[-3.56036,40.4283,-3.56581,40.4319],"geometry":{"type":"Polygon","coordinates":[[[-3.56036,40.4319],[-3.56581,40.4319],[-3.56581,40.4283],[-3.56036,40.4283],[-3.56036,40.4319]]]}},{"type":"Feature","properties":{"name":"Coslada--2804901023--raspberryOld","number_of_ads_buy":9,"average_prize_buy":2583.78,"number_of_ads_rent":0,"average_prize_rent":0,"normalized_prize_buy":0.900309420602952,"normalized_ads_buy":0.3,"normalized_prize_rent":null,"normalized_ads_rent":0,"date":"2018-12-07T08:28:47.000Z","fill-opacity":0.7202475364823617,"fill":"#ff0000"},"bbox":[-3.5705,40.4146,-3.57563,40.4184],"geometry":{"type":"Polygon","coordinates":[[[-3.5705,40.4184],[-3.57563,40.4184],[-3.57563,40.4146],[-3.5705,40.4146],[-3.5705,40.4184]]]}},{"type":"Feature","properties":{"name":"Coslada--2804901024--raspberryOld","number_of_ads_buy":7,"average_prize_buy":2808.44,"number_of_ads_rent":0,"average_prize_rent":0,"normalized_prize_buy":0.9785914393633183,"normalized_ads_buy":0.23333333333333334,"normalized_prize_rent":null,"normalized_ads_rent":0,"date":"2018-12-07T08:29:05.000Z","fill-opacity":0.7828731514906546,"fill":"#ff0000"},"bbox":[-3.57168,40.4131,-3.57938,40.4213],"geometry":{"type":"Polygon","coordinates":[[[-3.57168,40.4213],[-3.57938,40.4213],[-3.57938,40.4131],[-3.57168,40.4131],[-3.57168,40.4213]]]}},{"type":"Feature","properties":{"name":"Coslada--2804902001--raspberryOld","number_of_ads_buy":20,"average_prize_buy":2028.65,"number_of_ads_rent":1,"average_prize_rent":10,"normalized_prize_buy":0.7068762456966842,"normalized_ads_buy":0.6666666666666666,"normalized_prize_rent":null,"normalized_ads_rent":0.03333333333333333,"date":"2018-12-07T08:29:26.000Z","fill-opacity":0.5655009965573473,"fill":"#ff0000"},"bbox":[-3.55659,40.4221,-3.56096,40.4276],"geometry":{"type":"Polygon","coordinates":[[[-3.55659,40.4276],[-3.56096,40.4276],[-3.56096,40.4221],[-3.55659,40.4221],[-3.55659,40.4276]]]}},{"type":"Feature","properties":{"name":"Coslada--2804902002--raspberryOld","number_of_ads_buy":1,"average_prize_buy":1647.06,"number_of_ads_rent":1,"average_prize_rent":15,"normalized_prize_buy":0.5739124980835435,"normalized_ads_buy":0.03333333333333333,"normalized_prize_rent":null,"normalized_ads_rent":0.03333333333333333,"date":"2018-12-07T08:29:48.000Z","fill-opacity":0.45912999846683483,"fill":"#ff0000"},"bbox":[-3.55348,40.4247,-3.5564,40.4272],"geometry":{"type":"Polygon","coordinates":[[[-3.55348,40.4272],[-3.5564,40.4272],[-3.5564,40.4247],[-3.55348,40.4247],[-3.55348,40.4272]]]}},{"type":"Feature","properties":{"name":"Coslada--2804902003--raspberryOld","number_of_ads_buy":0,"average_prize_buy":0,"number_of_ads_rent":0,"average_prize_rent":0,"normalized_prize_buy":0,"normalized_ads_buy":0,"normalized_prize_rent":null,"normalized_ads_rent":0,"date":"2018-12-07T08:30:28.000Z","fill-opacity":0,"fill":"#ff0000"},"bbox":[-3.55153,40.4245,-3.55415,40.4269],"geometry":{"type":"Polygon","coordinates":[[[-3.55153,40.4269],[-3.55415,40.4269],[-3.55415,40.4245],[-3.55153,40.4245],[-3.55153,40.4269]]]}},{"type":"Feature","properties":{"name":"Coslada--2804902004--raspberryOld","number_of_ads_buy":14,"average_prize_buy":2045.62,"number_of_ads_rent":0,"average_prize_rent":0,"normalized_prize_buy":0.7127893849220176,"normalized_ads_buy":0.4666666666666667,"normalized_prize_rent":null,"normalized_ads_rent":0,"date":"2018-12-07T08:30:48.000Z","fill-opacity":0.5702315079376141,"fill":"#ff0000"},"bbox":[-3.54609,40.4235,-3.5529,40.4269],"geometry":{"type":"Polygon","coordinates":[[[-3.54609,40.4269],[-3.5529,40.4269],[-3.5529,40.4235],[-3.54609,40.4235],[-3.54609,40.4269]]]}},{"type":"Feature","properties":{"name":"Coslada--2804902005--raspberryOld","number_of_ads_buy":18,"average_prize_buy":2163.06,"number_of_ads_rent":0,"average_prize_rent":0,"normalized_prize_buy":0.7537109565556748,"normalized_ads_buy":0.6,"normalized_prize_rent":null,"normalized_ads_rent":0,"date":"2018-12-07T08:31:13.000Z","fill-opacity":0.6029687652445399,"fill":"#ff0000"},"bbox":[-3.54175,40.4225,-3.54856,40.4256],"geometry":{"type":"Polygon","coordinates":[[[-3.54175,40.4256],[-3.54856,40.4256],[-3.54856,40.4225],[-3.54175,40.4225],[-3.54175,40.4256]]]}},{"type":"Feature","properties":{"name":"Coslada--2804902006--raspberryOld","number_of_ads_buy":30,"average_prize_buy":2011.18,"number_of_ads_rent":0,"average_prize_rent":0,"normalized_prize_buy":0.7007888831588778,"normalized_ads_buy":1,"normalized_prize_rent":null,"normalized_ads_rent":0,"date":"2018-12-07T08:31:40.000Z","fill-opacity":0.5606311065271022,"fill":"#ff0000"},"bbox":[-3.54163,40.4191,-3.55394,40.4243],"geometry":{"type":"Polygon","coordinates":[[[-3.54163,40.4243],[-3.55394,40.4243],[-3.55394,40.4191],[-3.54163,40.4191],[-3.54163,40.4243]]]}},{"type":"Feature","properties":{"name":"Coslada--2804902007--raspberryOld","number_of_ads_buy":16,"average_prize_buy":1930.9,"number_of_ads_rent":1,"average_prize_rent":9.35897,"normalized_prize_buy":0.6728155881082136,"normalized_ads_buy":0.5333333333333333,"normalized_prize_rent":null,"normalized_ads_rent":0.03333333333333333,"date":"2018-12-07T08:32:00.000Z","fill-opacity":0.5382524704865709,"fill":"#ff0000"},"bbox":[-3.53704,40.4224,-3.53985,40.4246],"geometry":{"type":"Polygon","coordinates":[[[-3.53704,40.4246],[-3.53985,40.4246],[-3.53985,40.4224],[-3.53704,40.4224],[-3.53704,40.4246]]]}},{"type":"Feature","properties":{"name":"Coslada--2804902008--raspberryOld","number_of_ads_buy":16,"average_prize_buy":1889.38,"number_of_ads_rent":1,"average_prize_rent":9.35897,"normalized_prize_buy":0.6583480842404561,"normalized_ads_buy":0.5333333333333333,"normalized_prize_rent":null,"normalized_ads_rent":0.03333333333333333,"date":"2018-12-07T08:32:20.000Z","fill-opacity":0.5266784673923649,"fill":"#ff0000"},"bbox":[-3.53703,40.4232,-3.54221,40.4255],"geometry":{"type":"Polygon","coordinates":[[[-3.53703,40.4255],[-3.54221,40.4255],[-3.54221,40.4232],[-3.53703,40.4232],[-3.53703,40.4255]]]}},{"type":"Feature","properties":{"name":"Coslada--2804902009--raspberryOld","number_of_ads_buy":12,"average_prize_buy":1742.36,"number_of_ads_rent":0,"average_prize_rent":0,"normalized_prize_buy":0.6071194614408965,"normalized_ads_buy":0.4,"normalized_prize_rent":null,"normalized_ads_rent":0,"date":"2018-12-07T08:32:38.000Z","fill-opacity":0.48569556915271717,"fill":"#ff0000"},"bbox":[-3.54368,40.4167,-3.55216,40.4216],"geometry":{"type":"Polygon","coordinates":[[[-3.54368,40.4216],[-3.55216,40.4216],[-3.55216,40.4167],[-3.54368,40.4167],[-3.54368,40.4216]]]}},{"type":"Feature","properties":{"name":"Coslada--2804902010--raspberryOld","number_of_ads_buy":3,"average_prize_buy":1662.03,"number_of_ads_rent":1,"average_prize_rent":10,"normalized_prize_buy":0.5791287440589851,"normalized_ads_buy":0.1,"normalized_prize_rent":null,"normalized_ads_rent":0.03333333333333333,"date":"2018-12-07T08:32:59.000Z","fill-opacity":0.4633029952471881,"fill":"#ff0000"},"bbox":[-3.54193,40.4173,-3.54398,40.4196],"geometry":{"type":"Polygon","coordinates":[[[-3.54193,40.4196],[-3.54398,40.4196],[-3.54398,40.4173],[-3.54193,40.4173],[-3.54193,40.4196]]]}},{"type":"Feature","properties":{"name":"Coslada--2804902011--raspberryOld","number_of_ads_buy":9,"average_prize_buy":2048.72,"number_of_ads_rent":0,"average_prize_rent":0,"normalized_prize_buy":0.7138695694593501,"normalized_ads_buy":0.3,"normalized_prize_rent":null,"normalized_ads_rent":0,"date":"2018-12-07T08:33:18.000Z","fill-opacity":0.5710956555674801,"fill":"#ff0000"},"bbox":[-3.54164,40.4193,-3.54783,40.4233],"geometry":{"type":"Polygon","coordinates":[[[-3.54164,40.4233],[-3.54783,40.4233],[-3.54783,40.4193],[-3.54164,40.4193],[-3.54164,40.4233]]]}},{"type":"Feature","properties":{"name":"Coslada--2804902012--raspberryOld","number_of_ads_buy":30,"average_prize_buy":1963.47,"number_of_ads_rent":1,"average_prize_rent":10,"normalized_prize_buy":0.6841644946827045,"normalized_ads_buy":1,"normalized_prize_rent":null,"normalized_ads_rent":0.03333333333333333,"date":"2018-12-07T08:33:45.000Z","fill-opacity":0.5473315957461636,"fill":"#ff0000"},"bbox":[-3.53755,40.4146,-3.54655,40.4223],"geometry":{"type":"Polygon","coordinates":[[[-3.53755,40.4223],[-3.54655,40.4223],[-3.54655,40.4146],[-3.53755,40.4146],[-3.53755,40.4223]]]}},{"type":"Feature","properties":{"name":"Coslada--2804902013--raspberryOld","number_of_ads_buy":30,"average_prize_buy":1918.27,"number_of_ads_rent":1,"average_prize_rent":10,"normalized_prize_buy":0.6684147072351457,"normalized_ads_buy":1,"normalized_prize_rent":null,"normalized_ads_rent":0.03333333333333333,"date":"2018-12-07T08:34:08.000Z","fill-opacity":0.5347317657881167,"fill":"#ff0000"},"bbox":[-3.53984,40.4137,-3.54616,40.4187],"geometry":{"type":"Polygon","coordinates":[[[-3.53984,40.4187],[-3.54616,40.4187],[-3.54616,40.4137],[-3.53984,40.4137],[-3.53984,40.4187]]]}},{"type":"Feature","properties":{"name":"Coslada--2804902014--raspberryOld","number_of_ads_buy":9,"average_prize_buy":1906.44,"number_of_ads_rent":0,"average_prize_rent":0,"normalized_prize_buy":0.6642925836620347,"normalized_ads_buy":0.3,"normalized_prize_rent":null,"normalized_ads_rent":0,"date":"2018-12-07T08:34:26.000Z","fill-opacity":0.5314340669296278,"fill":"#ff0000"},"bbox":[-3.53831,40.4182,-3.5421,40.4224],"geometry":{"type":"Polygon","coordinates":[[[-3.53831,40.4224],[-3.5421,40.4224],[-3.5421,40.4182],[-3.53831,40.4182],[-3.53831,40.4224]]]}},{"type":"Feature","properties":{"name":"Coslada--2804902015--raspberryOld","number_of_ads_buy":16,"average_prize_buy":1966.36,"number_of_ads_rent":1,"average_prize_rent":9.35897,"normalized_prize_buy":0.6851715054287983,"normalized_ads_buy":0.5333333333333333,"normalized_prize_rent":null,"normalized_ads_rent":0.03333333333333333,"date":"2018-12-07T08:34:50.000Z","fill-opacity":0.5481372043430387,"fill":"#ff0000"},"bbox":[-3.53752,40.421,-3.54205,40.4238],"geometry":{"type":"Polygon","coordinates":[[[-3.53752,40.4238],[-3.54205,40.4238],[-3.54205,40.421],[-3.53752,40.421],[-3.53752,40.4238]]]}},{"type":"Feature","properties":{"name":"Coslada--2804902016--raspberryOld","number_of_ads_buy":30,"average_prize_buy":2006.52,"number_of_ads_rent":3,"average_prize_rent":9.35495,"normalized_prize_buy":0.6991651218866294,"normalized_ads_buy":1,"normalized_prize_rent":null,"normalized_ads_rent":0.1,"date":"2018-12-07T08:35:14.000Z","fill-opacity":0.5593320975093036,"fill":"#ff0000"},"bbox":[-3.52932,40.4104,-3.54943,40.4246],"geometry":{"type":"Polygon","coordinates":[[[-3.52932,40.4246],[-3.54943,40.4246],[-3.54943,40.4104],[-3.52932,40.4104],[-3.52932,40.4246]]]}},{"type":"Feature","properties":{"name":"Coslada--2804902017--raspberryOld","number_of_ads_buy":4,"average_prize_buy":1917.12,"number_of_ads_rent":0,"average_prize_rent":0,"normalized_prize_buy":0.6680139936164577,"normalized_ads_buy":0.13333333333333333,"normalized_prize_rent":null,"normalized_ads_rent":0,"date":"2018-12-07T08:35:32.000Z","fill-opacity":0.5344111948931662,"fill":"#ff0000"},"bbox":[-3.54771,40.4225,-3.55184,40.4254],"geometry":{"type":"Polygon","coordinates":[[[-3.54771,40.4254],[-3.55184,40.4254],[-3.55184,40.4225],[-3.54771,40.4225],[-3.54771,40.4254]]]}},{"type":"Feature","properties":{"name":"Coslada--2804902018--raspberryOld","number_of_ads_buy":26,"average_prize_buy":1996.56,"number_of_ads_rent":1,"average_prize_rent":5.92593,"normalized_prize_buy":0.6956945935021673,"normalized_ads_buy":0.8666666666666667,"normalized_prize_rent":null,"normalized_ads_rent":0.03333333333333333,"date":"2018-12-07T08:35:54.000Z","fill-opacity":0.5565556748017338,"fill":"#ff0000"},"bbox":[-3.54865,40.4206,-3.56303,40.4247],"geometry":{"type":"Polygon","coordinates":[[[-3.54865,40.4247],[-3.56303,40.4247],[-3.56303,40.4206],[-3.54865,40.4206],[-3.54865,40.4247]]]}},{"type":"Feature","properties":{"name":"Coslada--2804902019--raspberryOld","number_of_ads_buy":23,"average_prize_buy":1754.21,"number_of_ads_rent":0,"average_prize_rent":0,"normalized_prize_buy":0.6112485539465065,"normalized_ads_buy":0.7666666666666667,"normalized_prize_rent":null,"normalized_ads_rent":0,"date":"2018-12-07T08:36:14.000Z","fill-opacity":0.4889988431572052,"fill":"#ff0000"},"bbox":[-3.54588,40.4122,-3.55509,40.4194],"geometry":{"type":"Polygon","coordinates":[[[-3.54588,40.4194],[-3.55509,40.4194],[-3.55509,40.4122],[-3.54588,40.4122],[-3.54588,40.4194]]]}},{"type":"Feature","properties":{"name":"Coslada--2804902020--raspberryOld","number_of_ads_buy":28,"average_prize_buy":2338.79,"number_of_ads_rent":0,"average_prize_rent":0,"normalized_prize_buy":0.8149434819574337,"normalized_ads_buy":0.9333333333333333,"normalized_prize_rent":null,"normalized_ads_rent":0,"date":"2018-12-07T08:36:36.000Z","fill-opacity":0.651954785565947,"fill":"#ff0000"},"bbox":[-3.54929,40.4117,-3.57618,40.4213],"geometry":{"type":"Polygon","coordinates":[[[-3.54929,40.4213],[-3.57618,40.4213],[-3.57618,40.4117],[-3.54929,40.4117],[-3.54929,40.4213]]]}},{"type":"Feature","properties":{"name":"Coslada--2804902021--raspberryOld","number_of_ads_buy":10,"average_prize_buy":1889.24,"number_of_ads_rent":1,"average_prize_rent":10,"normalized_prize_buy":0.6582993017129636,"normalized_ads_buy":0.3333333333333333,"normalized_prize_rent":null,"normalized_ads_rent":0.03333333333333333,"date":"2018-12-07T08:36:59.000Z","fill-opacity":0.5266394413703709,"fill":"#ff0000"},"bbox":[-3.5558,40.4243,-3.5581,40.4273],"geometry":{"type":"Polygon","coordinates":[[[-3.5558,40.4273],[-3.5581,40.4273],[-3.5581,40.4243],[-3.5558,40.4243],[-3.5558,40.4273]]]}},{"type":"Feature","properties":{"name":"Coslada--2804903001--raspberryOld","number_of_ads_buy":4,"average_prize_buy":2101.75,"number_of_ads_rent":0,"average_prize_rent":0,"normalized_prize_buy":0.732347693980236,"normalized_ads_buy":0.13333333333333333,"normalized_prize_rent":null,"normalized_ads_rent":0,"date":"2018-12-07T08:37:17.000Z","fill-opacity":0.5858781551841888,"fill":"#ff0000"},"bbox":[-3.54652,40.4262,-3.55251,40.429],"geometry":{"type":"Polygon","coordinates":[[[-3.54652,40.429],[-3.55251,40.429],[-3.55251,40.4262],[-3.54652,40.4262],[-3.54652,40.429]]]}},{"type":"Feature","properties":{"name":"Coslada--2804903002--raspberryOld","number_of_ads_buy":5,"average_prize_buy":2114.69,"number_of_ads_rent":0,"average_prize_rent":0,"normalized_prize_buy":0.7368565933070372,"normalized_ads_buy":0.16666666666666666,"normalized_prize_rent":null,"normalized_ads_rent":0,"date":"2018-12-07T08:37:34.000Z","fill-opacity":0.5894852746456298,"fill":"#ff0000"},"bbox":[-3.5455,40.4256,-3.54878,40.4278],"geometry":{"type":"Polygon","coordinates":[[[-3.5455,40.4278],[-3.54878,40.4278],[-3.54878,40.4256],[-3.5455,40.4256],[-3.5455,40.4278]]]}},{"type":"Feature","properties":{"name":"Coslada--2804903003--raspberryOld","number_of_ads_buy":13,"average_prize_buy":2171.05,"number_of_ads_rent":1,"average_prize_rent":8,"normalized_prize_buy":0.7564950450889933,"normalized_ads_buy":0.43333333333333335,"normalized_prize_rent":null,"normalized_ads_rent":0.03333333333333333,"date":"2018-12-07T08:37:54.000Z","fill-opacity":0.6051960360711948,"fill":"#ff0000"},"bbox":[-3.54236,40.4252,-3.54789,40.4302],"geometry":{"type":"Polygon","coordinates":[[[-3.54236,40.4302],[-3.54789,40.4302],[-3.54789,40.4252],[-3.54236,40.4252],[-3.54236,40.4302]]]}},{"type":"Feature","properties":{"name":"Coslada--2804903004--raspberryOld","number_of_ads_buy":13,"average_prize_buy":1763.84,"number_of_ads_rent":1,"average_prize_rent":8,"normalized_prize_buy":0.6146040949447363,"normalized_ads_buy":0.43333333333333335,"normalized_prize_rent":null,"normalized_ads_rent":0.03333333333333333,"date":"2018-12-07T08:38:14.000Z","fill-opacity":0.4916832759557891,"fill":"#ff0000"},"bbox":[-3.54,40.4267,-3.54526,40.4312],"geometry":{"type":"Polygon","coordinates":[[[-3.54,40.4312],[-3.54526,40.4312],[-3.54526,40.4267],[-3.54,40.4267],[-3.54,40.4312]]]}},{"type":"Feature","properties":{"name":"Coslada--2804903005--raspberryOld","number_of_ads_buy":11,"average_prize_buy":2061.66,"number_of_ads_rent":1,"average_prize_rent":7.14286,"normalized_prize_buy":0.7183784687861513,"normalized_ads_buy":0.36666666666666664,"normalized_prize_rent":null,"normalized_ads_rent":0.03333333333333333,"date":"2018-12-07T08:38:34.000Z","fill-opacity":0.5747027750289211,"fill":"#ff0000"},"bbox":[-3.53966,40.425,-3.54388,40.4271],"geometry":{"type":"Polygon","coordinates":[[[-3.53966,40.4271],[-3.54388,40.4271],[-3.54388,40.425],[-3.53966,40.425],[-3.53966,40.4271]]]}},{"type":"Feature","properties":{"name":"Coslada--2804903006--raspberryOld","number_of_ads_buy":4,"average_prize_buy":2182.21,"number_of_ads_rent":0,"average_prize_rent":0,"normalized_prize_buy":0.7603837094233905,"normalized_ads_buy":0.13333333333333333,"normalized_prize_rent":null,"normalized_ads_rent":0,"date":"2018-12-07T08:38:54.000Z","fill-opacity":0.6083069675387125,"fill":"#ff0000"},"bbox":[-3.53958,40.4292,-3.54273,40.4318],"geometry":{"type":"Polygon","coordinates":[[[-3.53958,40.4318],[-3.54273,40.4318],[-3.54273,40.4292],[-3.53958,40.4292],[-3.53958,40.4318]]]}},{"type":"Feature","properties":{"name":"Coslada--2804903007--raspberryOld","number_of_ads_buy":18,"average_prize_buy":1745.16,"number_of_ads_rent":2,"average_prize_rent":8.92857,"normalized_prize_buy":0.6080951119907453,"normalized_ads_buy":0.6,"normalized_prize_rent":null,"normalized_ads_rent":0.06666666666666667,"date":"2018-12-07T08:39:16.000Z","fill-opacity":0.48647608959259625,"fill":"#ff0000"},"bbox":[-3.53841,40.4254,-3.54105,40.4295],"geometry":{"type":"Polygon","coordinates":[[[-3.53841,40.4295],[-3.54105,40.4295],[-3.54105,40.4254],[-3.53841,40.4254],[-3.53841,40.4295]]]}},{"type":"Feature","properties":{"name":"Coslada--2804903008--raspberryOld","number_of_ads_buy":11,"average_prize_buy":1806.39,"number_of_ads_rent":0,"average_prize_rent":0,"normalized_prize_buy":0.6294304988361883,"normalized_ads_buy":0.36666666666666664,"normalized_prize_rent":null,"normalized_ads_rent":0,"date":"2018-12-07T08:39:34.000Z","fill-opacity":0.5035443990689507,"fill":"#ff0000"},"bbox":[-3.53707,40.4252,-3.53947,40.4298],"geometry":{"type":"Polygon","coordinates":[[[-3.53707,40.4298],[-3.53947,40.4298],[-3.53947,40.4252],[-3.53707,40.4252],[-3.53707,40.4298]]]}},{"type":"Feature","properties":{"name":"Coslada--2804903009--raspberryOld","number_of_ads_buy":23,"average_prize_buy":2145.43,"number_of_ads_rent":1,"average_prize_rent":9.66667,"normalized_prize_buy":0.7475678425578769,"normalized_ads_buy":0.7666666666666667,"normalized_prize_rent":null,"normalized_ads_rent":0.03333333333333333,"date":"2018-12-07T08:39:55.000Z","fill-opacity":0.5980542740463015,"fill":"#ff0000"},"bbox":[-3.52651,40.4294,-3.54153,40.4363],"geometry":{"type":"Polygon","coordinates":[[[-3.52651,40.4363],[-3.54153,40.4363],[-3.54153,40.4294],[-3.52651,40.4294],[-3.52651,40.4363]]]}},{"type":"Feature","properties":{"name":"Coslada--2804904002--raspberryOld","number_of_ads_buy":27,"average_prize_buy":2060.34,"number_of_ads_rent":22,"average_prize_rent":10.736,"normalized_prize_buy":0.7179185192412226,"normalized_ads_buy":0.9,"normalized_prize_rent":null,"normalized_ads_rent":0.7333333333333333,"date":"2018-12-07T08:40:24.000Z","fill-opacity":0.5743348153929781,"fill":"#ff0000"},"bbox":[-3.52786,40.4254,-3.57914,40.4431],"geometry":{"type":"Polygon","coordinates":[[[-3.52786,40.4431],[-3.57914,40.4431],[-3.57914,40.4254],[-3.52786,40.4254],[-3.52786,40.4431]]]}},{"type":"Feature","properties":{"name":"Coslada--2804904003--raspberryOld","number_of_ads_buy":8,"average_prize_buy":1512.01,"number_of_ads_rent":8,"average_prize_rent":11.9873,"normalized_prize_buy":0.5268547813845875,"normalized_ads_buy":0.26666666666666666,"normalized_prize_rent":null,"normalized_ads_rent":0.26666666666666666,"date":"2018-12-07T08:40:44.000Z","fill-opacity":0.42148382510767,"fill":"#ff0000"},"bbox":[-3.53004,40.4396,-3.54755,40.4469],"geometry":{"type":"Polygon","coordinates":[[[-3.53004,40.4469],[-3.54755,40.4469],[-3.54755,40.4396],[-3.53004,40.4396],[-3.53004,40.4469]]]}}]}