{"type":"FeatureCollection","features":[{"type":"Feature","properties":{"name":"Fuenlabrada--piece--0-0--raspberry3bp","number_of_ads_buy":0,"average_prize_buy":0,"number_of_ads_rent":0,"average_prize_rent":0,"normalized_prize_buy":null,"normalized_ads_buy":null,"normalized_prize_rent":null,"normalized_ads_rent":0,"date":"2018-12-06T19:38:43.000Z","fill-opacity":null,"fill":"#ff0000"},"bbox":[-3.8387,40.3157,-3.84404,40.321],"geometry":{"type":"Polygon","coordinates":[[[-3.8387,40.321],[-3.84404,40.321],[-3.84404,40.3157],[-3.8387,40.3157],[-3.8387,40.321]]]}},{"type":"Feature","properties":{"name":"Fuenlabrada--piece--0-1--raspberry3bp","number_of_ads_buy":0,"average_prize_buy":0,"number_of_ads_rent":0,"average_prize_rent":0,"normalized_prize_buy":null,"normalized_ads_buy":null,"normalized_prize_rent":null,"normalized_ads_rent":0,"date":"2018-12-06T19:39:14.000Z","fill-opacity":null,"fill":"#ff0000"},"bbox":[-3.8387,40.3104,-3.84404,40.3157],"geometry":{"type":"Polygon","coordinates":[[[-3.8387,40.3157],[-3.84404,40.3157],[-3.84404,40.3104],[-3.8387,40.3104],[-3.8387,40.3157]]]}},{"type":"Feature","properties":{"name":"Fuenlabrada--piece--0-2--raspberry3bp","number_of_ads_buy":0,"average_prize_buy":0,"number_of_ads_rent":0,"average_prize_rent":0,"normalized_prize_buy":null,"normalized_ads_buy":null,"normalized_prize_rent":null,"normalized_ads_rent":0,"date":"2018-12-06T19:39:41.000Z","fill-opacity":null,"fill":"#ff0000"},"bbox":[-3.8387,40.3052,-3.84404,40.3104],"geometry":{"type":"Polygon","coordinates":[[[-3.8387,40.3104],[-3.84404,40.3104],[-3.84404,40.3052],[-3.8387,40.3052],[-3.8387,40.3104]]]}},{"type":"Feature","properties":{"name":"Fuenlabrada--piece--0-3--raspberry3bp","number_of_ads_buy":0,"average_prize_buy":0,"number_of_ads_rent":0,"average_prize_rent":0,"normalized_prize_buy":null,"normalized_ads_buy":null,"normalized_prize_rent":null,"normalized_ads_rent":0,"date":"2018-12-06T19:40:02.000Z","fill-opacity":null,"fill":"#ff0000"},"bbox":[-3.8387,40.2999,-3.84404,40.3052],"geometry":{"type":"Polygon","coordinates":[[[-3.8387,40.3052],[-3.84404,40.3052],[-3.84404,40.2999],[-3.8387,40.2999],[-3.8387,40.3052]]]}},{"type":"Feature","properties":{"name":"Fuenlabrada--piece--0-4--raspberry3bp","number_of_ads_buy":0,"average_prize_buy":0,"number_of_ads_rent":0,"average_prize_rent":0,"normalized_prize_buy":null,"normalized_ads_buy":null,"normalized_prize_rent":null,"normalized_ads_rent":0,"date":"2018-12-06T19:40:21.000Z","fill-opacity":null,"fill":"#ff0000"},"bbox":[-3.8387,40.2947,-3.84404,40.2999],"geometry":{"type":"Polygon","coordinates":[[[-3.8387,40.2999],[-3.84404,40.2999],[-3.84404,40.2947],[-3.8387,40.2947],[-3.8387,40.2999]]]}},{"type":"Feature","properties":{"name":"Fuenlabrada--piece--0-5--raspberry3bp","number_of_ads_buy":0,"average_prize_buy":0,"number_of_ads_rent":4,"average_prize_rent":1,"normalized_prize_buy":null,"normalized_ads_buy":null,"normalized_prize_rent":null,"normalized_ads_rent":4,"date":"2018-12-06T19:40:46.000Z","fill-opacity":null,"fill":"#ff0000"},"bbox":[-3.8387,40.2894,-3.84404,40.2947],"geometry":{"type":"Polygon","coordinates":[[[-3.8387,40.2947],[-3.84404,40.2947],[-3.84404,40.2894],[-3.8387,40.2894],[-3.8387,40.2947]]]}},{"type":"Feature","properties":{"name":"Fuenlabrada--piece--0-6--raspberry3bp","number_of_ads_buy":0,"average_prize_buy":0,"number_of_ads_rent":0,"average_prize_rent":0,"normalized_prize_buy":null,"normalized_ads_buy":null,"normalized_prize_rent":null,"normalized_ads_rent":0,"date":"2018-12-06T19:41:14.000Z","fill-opacity":null,"fill":"#ff0000"},"bbox":[-3.8387,40.2842,-3.84404,40.2894],"geometry":{"type":"Polygon","coordinates":[[[-3.8387,40.2894],[-3.84404,40.2894],[-3.84404,40.2842],[-3.8387,40.2842],[-3.8387,40.2894]]]}},{"type":"Feature","properties":{"name":"Fuenlabrada--piece--0-7--raspberry3bp","number_of_ads_buy":0,"average_prize_buy":0,"number_of_ads_rent":0,"average_prize_rent":0,"normalized_prize_buy":null,"normalized_ads_buy":null,"normalized_prize_rent":null,"normalized_ads_rent":0,"date":"2018-12-06T19:41:32.000Z","fill-opacity":null,"fill":"#ff0000"},"bbox":[-3.8387,40.2789,-3.84404,40.2842],"geometry":{"type":"Polygon","coordinates":[[[-3.8387,40.2842],[-3.84404,40.2842],[-3.84404,40.2789],[-3.8387,40.2789],[-3.8387,40.2842]]]}},{"type":"Feature","properties":{"name":"Fuenlabrada--piece--0-8--raspberry3bp","number_of_ads_buy":0,"average_prize_buy":0,"number_of_ads_rent":0,"average_prize_rent":0,"normalized_prize_buy":null,"normalized_ads_buy":null,"normalized_prize_rent":null,"normalized_ads_rent":0,"date":"2018-12-06T19:41:49.000Z","fill-opacity":null,"fill":"#ff0000"},"bbox":[-3.8387,40.2736,-3.84404,40.2789],"geometry":{"type":"Polygon","coordinates":[[[-3.8387,40.2789],[-3.84404,40.2789],[-3.84404,40.2736],[-3.8387,40.2736],[-3.8387,40.2789]]]}},{"type":"Feature","properties":{"name":"Fuenlabrada--piece--1-0--raspberry3bp","number_of_ads_buy":0,"average_prize_buy":0,"number_of_ads_rent":0,"average_prize_rent":0,"normalized_prize_buy":null,"normalized_ads_buy":null,"normalized_prize_rent":null,"normalized_ads_rent":0,"date":"2018-12-06T19:42:04.000Z","fill-opacity":null,"fill":"#ff0000"},"bbox":[-3.83337,40.3157,-3.8387,40.321],"geometry":{"type":"Polygon","coordinates":[[[-3.83337,40.321],[-3.8387,40.321],[-3.8387,40.3157],[-3.83337,40.3157],[-3.83337,40.321]]]}},{"type":"Feature","properties":{"name":"Fuenlabrada--piece--1-1--raspberry3bp","number_of_ads_buy":0,"average_prize_buy":0,"number_of_ads_rent":0,"average_prize_rent":0,"normalized_prize_buy":null,"normalized_ads_buy":null,"normalized_prize_rent":null,"normalized_ads_rent":0,"date":"2018-12-06T19:42:20.000Z","fill-opacity":null,"fill":"#ff0000"},"bbox":[-3.83337,40.3104,-3.8387,40.3157],"geometry":{"type":"Polygon","coordinates":[[[-3.83337,40.3157],[-3.8387,40.3157],[-3.8387,40.3104],[-3.83337,40.3104],[-3.83337,40.3157]]]}},{"type":"Feature","properties":{"name":"Fuenlabrada--piece--1-2--raspberry3bp","number_of_ads_buy":0,"average_prize_buy":0,"number_of_ads_rent":0,"average_prize_rent":0,"normalized_prize_buy":null,"normalized_ads_buy":null,"normalized_prize_rent":null,"normalized_ads_rent":0,"date":"2018-12-06T19:42:40.000Z","fill-opacity":null,"fill":"#ff0000"},"bbox":[-3.83337,40.3052,-3.8387,40.3104],"geometry":{"type":"Polygon","coordinates":[[[-3.83337,40.3104],[-3.8387,40.3104],[-3.8387,40.3052],[-3.83337,40.3052],[-3.83337,40.3104]]]}},{"type":"Feature","properties":{"name":"Fuenlabrada--piece--1-3--raspberry3bp","number_of_ads_buy":0,"average_prize_buy":0,"number_of_ads_rent":0,"average_prize_rent":0,"normalized_prize_buy":null,"normalized_ads_buy":null,"normalized_prize_rent":null,"normalized_ads_rent":0,"date":"2018-12-06T19:42:55.000Z","fill-opacity":null,"fill":"#ff0000"},"bbox":[-3.83337,40.2999,-3.8387,40.3052],"geometry":{"type":"Polygon","coordinates":[[[-3.83337,40.3052],[-3.8387,40.3052],[-3.8387,40.2999],[-3.83337,40.2999],[-3.83337,40.3052]]]}},{"type":"Feature","properties":{"name":"Fuenlabrada--piece--1-4--raspberry3bp","number_of_ads_buy":0,"average_prize_buy":0,"number_of_ads_rent":2,"average_prize_rent":1,"normalized_prize_buy":null,"normalized_ads_buy":null,"normalized_prize_rent":null,"normalized_ads_rent":2,"date":"2018-12-06T19:43:11.000Z","fill-opacity":null,"fill":"#ff0000"},"bbox":[-3.83337,40.2947,-3.8387,40.2999],"geometry":{"type":"Polygon","coordinates":[[[-3.83337,40.2999],[-3.8387,40.2999],[-3.8387,40.2947],[-3.83337,40.2947],[-3.83337,40.2999]]]}},{"type":"Feature","properties":{"name":"Fuenlabrada--piece--1-5--raspberry3bp","number_of_ads_buy":0,"average_prize_buy":0,"number_of_ads_rent":2,"average_prize_rent":0,"normalized_prize_buy":null,"normalized_ads_buy":null,"normalized_prize_rent":null,"normalized_ads_rent":2,"date":"2018-12-06T19:43:31.000Z","fill-opacity":null,"fill":"#ff0000"},"bbox":[-3.83337,40.2894,-3.8387,40.2947],"geometry":{"type":"Polygon","coordinates":[[[-3.83337,40.2947],[-3.8387,40.2947],[-3.8387,40.2894],[-3.83337,40.2894],[-3.83337,40.2947]]]}},{"type":"Feature","properties":{"name":"Fuenlabrada--piece--1-6--raspberry3bp","number_of_ads_buy":0,"average_prize_buy":0,"number_of_ads_rent":0,"average_prize_rent":0,"normalized_prize_buy":null,"normalized_ads_buy":null,"normalized_prize_rent":null,"normalized_ads_rent":0,"date":"2018-12-06T19:43:51.000Z","fill-opacity":null,"fill":"#ff0000"},"bbox":[-3.83337,40.2842,-3.8387,40.2894],"geometry":{"type":"Polygon","coordinates":[[[-3.83337,40.2894],[-3.8387,40.2894],[-3.8387,40.2842],[-3.83337,40.2842],[-3.83337,40.2894]]]}},{"type":"Feature","properties":{"name":"Fuenlabrada--piece--1-7--raspberry3bp","number_of_ads_buy":0,"average_prize_buy":0,"number_of_ads_rent":0,"average_prize_rent":0,"normalized_prize_buy":null,"normalized_ads_buy":null,"normalized_prize_rent":null,"normalized_ads_rent":0,"date":"2018-12-06T19:44:10.000Z","fill-opacity":null,"fill":"#ff0000"},"bbox":[-3.83337,40.2789,-3.8387,40.2842],"geometry":{"type":"Polygon","coordinates":[[[-3.83337,40.2842],[-3.8387,40.2842],[-3.8387,40.2789],[-3.83337,40.2789],[-3.83337,40.2842]]]}},{"type":"Feature","properties":{"name":"Fuenlabrada--piece--1-8--raspberry3bp","number_of_ads_buy":0,"average_prize_buy":0,"number_of_ads_rent":0,"average_prize_rent":0,"normalized_prize_buy":null,"normalized_ads_buy":null,"normalized_prize_rent":null,"normalized_ads_rent":0,"date":"2018-12-06T19:44:44.000Z","fill-opacity":null,"fill":"#ff0000"},"bbox":[-3.83337,40.2736,-3.8387,40.2789],"geometry":{"type":"Polygon","coordinates":[[[-3.83337,40.2789],[-3.8387,40.2789],[-3.8387,40.2736],[-3.83337,40.2736],[-3.83337,40.2789]]]}},{"type":"Feature","properties":{"name":"Fuenlabrada--piece--10-0--raspberry3bp","number_of_ads_buy":0,"average_prize_buy":0,"number_of_ads_rent":0,"average_prize_rent":0,"normalized_prize_buy":null,"normalized_ads_buy":null,"normalized_prize_rent":null,"normalized_ads_rent":0,"date":"2018-12-06T19:45:01.000Z","fill-opacity":null,"fill":"#ff0000"},"bbox":[-3.78537,40.3157,-3.79071,40.321],"geometry":{"type":"Polygon","coordinates":[[[-3.78537,40.321],[-3.79071,40.321],[-3.79071,40.3157],[-3.78537,40.3157],[-3.78537,40.321]]]}},{"type":"Feature","properties":{"name":"Fuenlabrada--piece--10-1--raspberry3bp","number_of_ads_buy":0,"average_prize_buy":0,"number_of_ads_rent":0,"average_prize_rent":0,"normalized_prize_buy":null,"normalized_ads_buy":null,"normalized_prize_rent":null,"normalized_ads_rent":0,"date":"2018-12-06T19:45:15.000Z","fill-opacity":null,"fill":"#ff0000"},"bbox":[-3.78537,40.3104,-3.79071,40.3157],"geometry":{"type":"Polygon","coordinates":[[[-3.78537,40.3157],[-3.79071,40.3157],[-3.79071,40.3104],[-3.78537,40.3104],[-3.78537,40.3157]]]}},{"type":"Feature","properties":{"name":"Fuenlabrada--piece--10-2--raspberry3bp","number_of_ads_buy":0,"average_prize_buy":0,"number_of_ads_rent":0,"average_prize_rent":0,"normalized_prize_buy":null,"normalized_ads_buy":null,"normalized_prize_rent":null,"normalized_ads_rent":0,"date":"2018-12-06T19:45:40.000Z","fill-opacity":null,"fill":"#ff0000"},"bbox":[-3.78537,40.3052,-3.79071,40.3104],"geometry":{"type":"Polygon","coordinates":[[[-3.78537,40.3104],[-3.79071,40.3104],[-3.79071,40.3052],[-3.78537,40.3052],[-3.78537,40.3104]]]}},{"type":"Feature","properties":{"name":"Fuenlabrada--piece--10-3--raspberry3bp","number_of_ads_buy":0,"average_prize_buy":0,"number_of_ads_rent":0,"average_prize_rent":0,"normalized_prize_buy":null,"normalized_ads_buy":null,"normalized_prize_rent":null,"normalized_ads_rent":0,"date":"2018-12-06T19:45:59.000Z","fill-opacity":null,"fill":"#ff0000"},"bbox":[-3.78537,40.2999,-3.79071,40.3052],"geometry":{"type":"Polygon","coordinates":[[[-3.78537,40.3052],[-3.79071,40.3052],[-3.79071,40.2999],[-3.78537,40.2999],[-3.78537,40.3052]]]}},{"type":"Feature","properties":{"name":"Fuenlabrada--piece--10-4--raspberry3bp","number_of_ads_buy":0,"average_prize_buy":0,"number_of_ads_rent":0,"average_prize_rent":0,"normalized_prize_buy":null,"normalized_ads_buy":null,"normalized_prize_rent":null,"normalized_ads_rent":0,"date":"2018-12-06T19:46:19.000Z","fill-opacity":null,"fill":"#ff0000"},"bbox":[-3.78537,40.2947,-3.79071,40.2999],"geometry":{"type":"Polygon","coordinates":[[[-3.78537,40.2999],[-3.79071,40.2999],[-3.79071,40.2947],[-3.78537,40.2947],[-3.78537,40.2999]]]}},{"type":"Feature","properties":{"name":"Fuenlabrada--piece--10-5--raspberry3bp","number_of_ads_buy":0,"average_prize_buy":0,"number_of_ads_rent":1,"average_prize_rent":2,"normalized_prize_buy":null,"normalized_ads_buy":null,"normalized_prize_rent":null,"normalized_ads_rent":1,"date":"2018-12-06T19:46:40.000Z","fill-opacity":null,"fill":"#ff0000"},"bbox":[-3.78537,40.2894,-3.79071,40.2947],"geometry":{"type":"Polygon","coordinates":[[[-3.78537,40.2947],[-3.79071,40.2947],[-3.79071,40.2894],[-3.78537,40.2894],[-3.78537,40.2947]]]}},{"type":"Feature","properties":{"name":"Fuenlabrada--piece--10-6--raspberry3bp","number_of_ads_buy":0,"average_prize_buy":0,"number_of_ads_rent":1,"average_prize_rent":0,"normalized_prize_buy":null,"normalized_ads_buy":null,"normalized_prize_rent":null,"normalized_ads_rent":1,"date":"2018-12-06T19:46:59.000Z","fill-opacity":null,"fill":"#ff0000"},"bbox":[-3.78537,40.2842,-3.79071,40.2894],"geometry":{"type":"Polygon","coordinates":[[[-3.78537,40.2894],[-3.79071,40.2894],[-3.79071,40.2842],[-3.78537,40.2842],[-3.78537,40.2894]]]}},{"type":"Feature","properties":{"name":"Fuenlabrada--piece--10-7--raspberry3bp","number_of_ads_buy":0,"average_prize_buy":0,"number_of_ads_rent":0,"average_prize_rent":0,"normalized_prize_buy":null,"normalized_ads_buy":null,"normalized_prize_rent":null,"normalized_ads_rent":0,"date":"2018-12-06T19:47:18.000Z","fill-opacity":null,"fill":"#ff0000"},"bbox":[-3.78537,40.2789,-3.79071,40.2842],"geometry":{"type":"Polygon","coordinates":[[[-3.78537,40.2842],[-3.79071,40.2842],[-3.79071,40.2789],[-3.78537,40.2789],[-3.78537,40.2842]]]}},{"type":"Feature","properties":{"name":"Fuenlabrada--piece--10-8--raspberry3bp","number_of_ads_buy":0,"average_prize_buy":0,"number_of_ads_rent":0,"average_prize_rent":0,"normalized_prize_buy":null,"normalized_ads_buy":null,"normalized_prize_rent":null,"normalized_ads_rent":0,"date":"2018-12-06T19:47:38.000Z","fill-opacity":null,"fill":"#ff0000"},"bbox":[-3.78537,40.2736,-3.79071,40.2789],"geometry":{"type":"Polygon","coordinates":[[[-3.78537,40.2789],[-3.79071,40.2789],[-3.79071,40.2736],[-3.78537,40.2736],[-3.78537,40.2789]]]}},{"type":"Feature","properties":{"name":"Fuenlabrada--piece--11-0--raspberry3bp","number_of_ads_buy":0,"average_prize_buy":0,"number_of_ads_rent":2,"average_prize_rent":0,"normalized_prize_buy":null,"normalized_ads_buy":null,"normalized_prize_rent":null,"normalized_ads_rent":2,"date":"2018-12-06T19:47:59.000Z","fill-opacity":null,"fill":"#ff0000"},"bbox":[-3.78004,40.3157,-3.78537,40.321],"geometry":{"type":"Polygon","coordinates":[[[-3.78004,40.321],[-3.78537,40.321],[-3.78537,40.3157],[-3.78004,40.3157],[-3.78004,40.321]]]}},{"type":"Feature","properties":{"name":"Fuenlabrada--piece--11-1--raspberry3bp","number_of_ads_buy":0,"average_prize_buy":0,"number_of_ads_rent":0,"average_prize_rent":0,"normalized_prize_buy":null,"normalized_ads_buy":null,"normalized_prize_rent":null,"normalized_ads_rent":0,"date":"2018-12-06T19:48:15.000Z","fill-opacity":null,"fill":"#ff0000"},"bbox":[-3.78004,40.3104,-3.78537,40.3157],"geometry":{"type":"Polygon","coordinates":[[[-3.78004,40.3157],[-3.78537,40.3157],[-3.78537,40.3104],[-3.78004,40.3104],[-3.78004,40.3157]]]}},{"type":"Feature","properties":{"name":"Fuenlabrada--piece--11-2--raspberry3bp","number_of_ads_buy":0,"average_prize_buy":0,"number_of_ads_rent":0,"average_prize_rent":0,"normalized_prize_buy":null,"normalized_ads_buy":null,"normalized_prize_rent":null,"normalized_ads_rent":0,"date":"2018-12-06T19:48:43.000Z","fill-opacity":null,"fill":"#ff0000"},"bbox":[-3.78004,40.3052,-3.78537,40.3104],"geometry":{"type":"Polygon","coordinates":[[[-3.78004,40.3104],[-3.78537,40.3104],[-3.78537,40.3052],[-3.78004,40.3052],[-3.78004,40.3104]]]}},{"type":"Feature","properties":{"name":"Fuenlabrada--piece--11-3--raspberry3bp","number_of_ads_buy":0,"average_prize_buy":0,"number_of_ads_rent":0,"average_prize_rent":0,"normalized_prize_buy":null,"normalized_ads_buy":null,"normalized_prize_rent":null,"normalized_ads_rent":0,"date":"2018-12-06T19:49:07.000Z","fill-opacity":null,"fill":"#ff0000"},"bbox":[-3.78004,40.2999,-3.78537,40.3052],"geometry":{"type":"Polygon","coordinates":[[[-3.78004,40.3052],[-3.78537,40.3052],[-3.78537,40.2999],[-3.78004,40.2999],[-3.78004,40.3052]]]}},{"type":"Feature","properties":{"name":"Fuenlabrada--piece--11-4--raspberry3bp","number_of_ads_buy":0,"average_prize_buy":0,"number_of_ads_rent":0,"average_prize_rent":0,"normalized_prize_buy":null,"normalized_ads_buy":null,"normalized_prize_rent":null,"normalized_ads_rent":0,"date":"2018-12-06T19:49:23.000Z","fill-opacity":null,"fill":"#ff0000"},"bbox":[-3.78004,40.2947,-3.78537,40.2999],"geometry":{"type":"Polygon","coordinates":[[[-3.78004,40.2999],[-3.78537,40.2999],[-3.78537,40.2947],[-3.78004,40.2947],[-3.78004,40.2999]]]}},{"type":"Feature","properties":{"name":"Fuenlabrada--piece--11-5--raspberry3bp","number_of_ads_buy":0,"average_prize_buy":0,"number_of_ads_rent":0,"average_prize_rent":0,"normalized_prize_buy":null,"normalized_ads_buy":null,"normalized_prize_rent":null,"normalized_ads_rent":0,"date":"2018-12-06T19:49:50.000Z","fill-opacity":null,"fill":"#ff0000"},"bbox":[-3.78004,40.2894,-3.78537,40.2947],"geometry":{"type":"Polygon","coordinates":[[[-3.78004,40.2947],[-3.78537,40.2947],[-3.78537,40.2894],[-3.78004,40.2894],[-3.78004,40.2947]]]}},{"type":"Feature","properties":{"name":"Fuenlabrada--piece--11-6--raspberry3bp","number_of_ads_buy":0,"average_prize_buy":0,"number_of_ads_rent":1,"average_prize_rent":2,"normalized_prize_buy":null,"normalized_ads_buy":null,"normalized_prize_rent":null,"normalized_ads_rent":1,"date":"2018-12-06T19:50:12.000Z","fill-opacity":null,"fill":"#ff0000"},"bbox":[-3.78004,40.2842,-3.78537,40.2894],"geometry":{"type":"Polygon","coordinates":[[[-3.78004,40.2894],[-3.78537,40.2894],[-3.78537,40.2842],[-3.78004,40.2842],[-3.78004,40.2894]]]}},{"type":"Feature","properties":{"name":"Fuenlabrada--piece--11-7--raspberry3bp","number_of_ads_buy":0,"average_prize_buy":0,"number_of_ads_rent":0,"average_prize_rent":0,"normalized_prize_buy":null,"normalized_ads_buy":null,"normalized_prize_rent":null,"normalized_ads_rent":0,"date":"2018-12-06T19:50:30.000Z","fill-opacity":null,"fill":"#ff0000"},"bbox":[-3.78004,40.2789,-3.78537,40.2842],"geometry":{"type":"Polygon","coordinates":[[[-3.78004,40.2842],[-3.78537,40.2842],[-3.78537,40.2789],[-3.78004,40.2789],[-3.78004,40.2842]]]}},{"type":"Feature","properties":{"name":"Fuenlabrada--piece--11-8--raspberry3bp","number_of_ads_buy":0,"average_prize_buy":0,"number_of_ads_rent":0,"average_prize_rent":0,"normalized_prize_buy":null,"normalized_ads_buy":null,"normalized_prize_rent":null,"normalized_ads_rent":0,"date":"2018-12-06T19:50:44.000Z","fill-opacity":null,"fill":"#ff0000"},"bbox":[-3.78004,40.2736,-3.78537,40.2789],"geometry":{"type":"Polygon","coordinates":[[[-3.78004,40.2789],[-3.78537,40.2789],[-3.78537,40.2736],[-3.78004,40.2736],[-3.78004,40.2789]]]}},{"type":"Feature","properties":{"name":"Fuenlabrada--piece--2-0--raspberry3bp","number_of_ads_buy":0,"average_prize_buy":0,"number_of_ads_rent":0,"average_prize_rent":0,"normalized_prize_buy":null,"normalized_ads_buy":null,"normalized_prize_rent":null,"normalized_ads_rent":0,"date":"2018-12-06T19:50:58.000Z","fill-opacity":null,"fill":"#ff0000"},"bbox":[-3.82804,40.3157,-3.83337,40.321],"geometry":{"type":"Polygon","coordinates":[[[-3.82804,40.321],[-3.83337,40.321],[-3.83337,40.3157],[-3.82804,40.3157],[-3.82804,40.321]]]}},{"type":"Feature","properties":{"name":"Fuenlabrada--piece--2-1--raspberry3bp","number_of_ads_buy":0,"average_prize_buy":0,"number_of_ads_rent":0,"average_prize_rent":0,"normalized_prize_buy":null,"normalized_ads_buy":null,"normalized_prize_rent":null,"normalized_ads_rent":0,"date":"2018-12-06T19:51:10.000Z","fill-opacity":null,"fill":"#ff0000"},"bbox":[-3.82804,40.3104,-3.83337,40.3157],"geometry":{"type":"Polygon","coordinates":[[[-3.82804,40.3157],[-3.83337,40.3157],[-3.83337,40.3104],[-3.82804,40.3104],[-3.82804,40.3157]]]}},{"type":"Feature","properties":{"name":"Fuenlabrada--piece--2-2--raspberry3bp","number_of_ads_buy":0,"average_prize_buy":0,"number_of_ads_rent":0,"average_prize_rent":0,"normalized_prize_buy":null,"normalized_ads_buy":null,"normalized_prize_rent":null,"normalized_ads_rent":0,"date":"2018-12-06T19:51:26.000Z","fill-opacity":null,"fill":"#ff0000"},"bbox":[-3.82804,40.3052,-3.83337,40.3104],"geometry":{"type":"Polygon","coordinates":[[[-3.82804,40.3104],[-3.83337,40.3104],[-3.83337,40.3052],[-3.82804,40.3052],[-3.82804,40.3104]]]}},{"type":"Feature","properties":{"name":"Fuenlabrada--piece--2-3--raspberry3bp","number_of_ads_buy":0,"average_prize_buy":0,"number_of_ads_rent":0,"average_prize_rent":0,"normalized_prize_buy":null,"normalized_ads_buy":null,"normalized_prize_rent":null,"normalized_ads_rent":0,"date":"2018-12-06T19:51:41.000Z","fill-opacity":null,"fill":"#ff0000"},"bbox":[-3.82804,40.2999,-3.83337,40.3052],"geometry":{"type":"Polygon","coordinates":[[[-3.82804,40.3052],[-3.83337,40.3052],[-3.83337,40.2999],[-3.82804,40.2999],[-3.82804,40.3052]]]}},{"type":"Feature","properties":{"name":"Fuenlabrada--piece--2-4--raspberry3bp","number_of_ads_buy":0,"average_prize_buy":0,"number_of_ads_rent":0,"average_prize_rent":0,"normalized_prize_buy":null,"normalized_ads_buy":null,"normalized_prize_rent":null,"normalized_ads_rent":0,"date":"2018-12-06T19:52:01.000Z","fill-opacity":null,"fill":"#ff0000"},"bbox":[-3.82804,40.2947,-3.83337,40.2999],"geometry":{"type":"Polygon","coordinates":[[[-3.82804,40.2999],[-3.83337,40.2999],[-3.83337,40.2947],[-3.82804,40.2947],[-3.82804,40.2999]]]}},{"type":"Feature","properties":{"name":"Fuenlabrada--piece--2-5--raspberry3bp","number_of_ads_buy":0,"average_prize_buy":0,"number_of_ads_rent":0,"average_prize_rent":0,"normalized_prize_buy":null,"normalized_ads_buy":null,"normalized_prize_rent":null,"normalized_ads_rent":0,"date":"2018-12-06T19:52:24.000Z","fill-opacity":null,"fill":"#ff0000"},"bbox":[-3.82804,40.2894,-3.83337,40.2947],"geometry":{"type":"Polygon","coordinates":[[[-3.82804,40.2947],[-3.83337,40.2947],[-3.83337,40.2894],[-3.82804,40.2894],[-3.82804,40.2947]]]}},{"type":"Feature","properties":{"name":"Fuenlabrada--piece--2-6--raspberry3bp","number_of_ads_buy":0,"average_prize_buy":0,"number_of_ads_rent":0,"average_prize_rent":0,"normalized_prize_buy":null,"normalized_ads_buy":null,"normalized_prize_rent":null,"normalized_ads_rent":0,"date":"2018-12-06T19:52:48.000Z","fill-opacity":null,"fill":"#ff0000"},"bbox":[-3.82804,40.2842,-3.83337,40.2894],"geometry":{"type":"Polygon","coordinates":[[[-3.82804,40.2894],[-3.83337,40.2894],[-3.83337,40.2842],[-3.82804,40.2842],[-3.82804,40.2894]]]}},{"type":"Feature","properties":{"name":"Fuenlabrada--piece--2-7--raspberry3bp","number_of_ads_buy":0,"average_prize_buy":0,"number_of_ads_rent":0,"average_prize_rent":0,"normalized_prize_buy":null,"normalized_ads_buy":null,"normalized_prize_rent":null,"normalized_ads_rent":0,"date":"2018-12-06T19:53:05.000Z","fill-opacity":null,"fill":"#ff0000"},"bbox":[-3.82804,40.2789,-3.83337,40.2842],"geometry":{"type":"Polygon","coordinates":[[[-3.82804,40.2842],[-3.83337,40.2842],[-3.83337,40.2789],[-3.82804,40.2789],[-3.82804,40.2842]]]}},{"type":"Feature","properties":{"name":"Fuenlabrada--piece--2-8--raspberry3bp","number_of_ads_buy":0,"average_prize_buy":0,"number_of_ads_rent":0,"average_prize_rent":0,"normalized_prize_buy":null,"normalized_ads_buy":null,"normalized_prize_rent":null,"normalized_ads_rent":0,"date":"2018-12-06T19:53:21.000Z","fill-opacity":null,"fill":"#ff0000"},"bbox":[-3.82804,40.2736,-3.83337,40.2789],"geometry":{"type":"Polygon","coordinates":[[[-3.82804,40.2789],[-3.83337,40.2789],[-3.83337,40.2736],[-3.82804,40.2736],[-3.82804,40.2789]]]}},{"type":"Feature","properties":{"name":"Fuenlabrada--piece--3-0--raspberry3bp","number_of_ads_buy":0,"average_prize_buy":0,"number_of_ads_rent":0,"average_prize_rent":0,"normalized_prize_buy":null,"normalized_ads_buy":null,"normalized_prize_rent":null,"normalized_ads_rent":0,"date":"2018-12-06T19:53:44.000Z","fill-opacity":null,"fill":"#ff0000"},"bbox":[-3.82271,40.3157,-3.82804,40.321],"geometry":{"type":"Polygon","coordinates":[[[-3.82271,40.321],[-3.82804,40.321],[-3.82804,40.3157],[-3.82271,40.3157],[-3.82271,40.321]]]}},{"type":"Feature","properties":{"name":"Fuenlabrada--piece--3-1--raspberry3bp","number_of_ads_buy":0,"average_prize_buy":0,"number_of_ads_rent":0,"average_prize_rent":0,"normalized_prize_buy":null,"normalized_ads_buy":null,"normalized_prize_rent":null,"normalized_ads_rent":0,"date":"2018-12-06T19:53:58.000Z","fill-opacity":null,"fill":"#ff0000"},"bbox":[-3.82271,40.3104,-3.82804,40.3157],"geometry":{"type":"Polygon","coordinates":[[[-3.82271,40.3157],[-3.82804,40.3157],[-3.82804,40.3104],[-3.82271,40.3104],[-3.82271,40.3157]]]}},{"type":"Feature","properties":{"name":"Fuenlabrada--piece--3-2--raspberry3bp","number_of_ads_buy":0,"average_prize_buy":0,"number_of_ads_rent":0,"average_prize_rent":0,"normalized_prize_buy":null,"normalized_ads_buy":null,"normalized_prize_rent":null,"normalized_ads_rent":0,"date":"2018-12-06T19:54:14.000Z","fill-opacity":null,"fill":"#ff0000"},"bbox":[-3.82271,40.3052,-3.82804,40.3104],"geometry":{"type":"Polygon","coordinates":[[[-3.82271,40.3104],[-3.82804,40.3104],[-3.82804,40.3052],[-3.82271,40.3052],[-3.82271,40.3104]]]}},{"type":"Feature","properties":{"name":"Fuenlabrada--piece--3-3--raspberry3bp","number_of_ads_buy":0,"average_prize_buy":0,"number_of_ads_rent":0,"average_prize_rent":0,"normalized_prize_buy":null,"normalized_ads_buy":null,"normalized_prize_rent":null,"normalized_ads_rent":0,"date":"2018-12-06T19:54:36.000Z","fill-opacity":null,"fill":"#ff0000"},"bbox":[-3.82271,40.2999,-3.82804,40.3052],"geometry":{"type":"Polygon","coordinates":[[[-3.82271,40.3052],[-3.82804,40.3052],[-3.82804,40.2999],[-3.82271,40.2999],[-3.82271,40.3052]]]}},{"type":"Feature","properties":{"name":"Fuenlabrada--piece--3-4--raspberry3bp","number_of_ads_buy":0,"average_prize_buy":0,"number_of_ads_rent":0,"average_prize_rent":0,"normalized_prize_buy":null,"normalized_ads_buy":null,"normalized_prize_rent":null,"normalized_ads_rent":0,"date":"2018-12-06T19:54:58.000Z","fill-opacity":null,"fill":"#ff0000"},"bbox":[-3.82271,40.2947,-3.82804,40.2999],"geometry":{"type":"Polygon","coordinates":[[[-3.82271,40.2999],[-3.82804,40.2999],[-3.82804,40.2947],[-3.82271,40.2947],[-3.82271,40.2999]]]}},{"type":"Feature","properties":{"name":"Fuenlabrada--piece--3-5--raspberry3bp","number_of_ads_buy":0,"average_prize_buy":0,"number_of_ads_rent":0,"average_prize_rent":0,"normalized_prize_buy":null,"normalized_ads_buy":null,"normalized_prize_rent":null,"normalized_ads_rent":0,"date":"2018-12-06T19:55:11.000Z","fill-opacity":null,"fill":"#ff0000"},"bbox":[-3.82271,40.2894,-3.82804,40.2947],"geometry":{"type":"Polygon","coordinates":[[[-3.82271,40.2947],[-3.82804,40.2947],[-3.82804,40.2894],[-3.82271,40.2894],[-3.82271,40.2947]]]}},{"type":"Feature","properties":{"name":"Fuenlabrada--piece--3-6--raspberry3bp","number_of_ads_buy":0,"average_prize_buy":0,"number_of_ads_rent":0,"average_prize_rent":0,"normalized_prize_buy":null,"normalized_ads_buy":null,"normalized_prize_rent":null,"normalized_ads_rent":0,"date":"2018-12-06T19:55:36.000Z","fill-opacity":null,"fill":"#ff0000"},"bbox":[-3.82271,40.2842,-3.82804,40.2894],"geometry":{"type":"Polygon","coordinates":[[[-3.82271,40.2894],[-3.82804,40.2894],[-3.82804,40.2842],[-3.82271,40.2842],[-3.82271,40.2894]]]}},{"type":"Feature","properties":{"name":"Fuenlabrada--piece--3-7--raspberry3bp","number_of_ads_buy":0,"average_prize_buy":0,"number_of_ads_rent":0,"average_prize_rent":0,"normalized_prize_buy":null,"normalized_ads_buy":null,"normalized_prize_rent":null,"normalized_ads_rent":0,"date":"2018-12-06T19:55:53.000Z","fill-opacity":null,"fill":"#ff0000"},"bbox":[-3.82271,40.2789,-3.82804,40.2842],"geometry":{"type":"Polygon","coordinates":[[[-3.82271,40.2842],[-3.82804,40.2842],[-3.82804,40.2789],[-3.82271,40.2789],[-3.82271,40.2842]]]}},{"type":"Feature","properties":{"name":"Fuenlabrada--piece--3-8--raspberry3bp","number_of_ads_buy":0,"average_prize_buy":0,"number_of_ads_rent":0,"average_prize_rent":0,"normalized_prize_buy":null,"normalized_ads_buy":null,"normalized_prize_rent":null,"normalized_ads_rent":0,"date":"2018-12-06T19:56:13.000Z","fill-opacity":null,"fill":"#ff0000"},"bbox":[-3.82271,40.2736,-3.82804,40.2789],"geometry":{"type":"Polygon","coordinates":[[[-3.82271,40.2789],[-3.82804,40.2789],[-3.82804,40.2736],[-3.82271,40.2736],[-3.82271,40.2789]]]}},{"type":"Feature","properties":{"name":"Fuenlabrada--piece--4-0--raspberry3bp","number_of_ads_buy":0,"average_prize_buy":0,"number_of_ads_rent":0,"average_prize_rent":0,"normalized_prize_buy":null,"normalized_ads_buy":null,"normalized_prize_rent":null,"normalized_ads_rent":0,"date":"2018-12-06T19:56:38.000Z","fill-opacity":null,"fill":"#ff0000"},"bbox":[-3.81737,40.3157,-3.82271,40.321],"geometry":{"type":"Polygon","coordinates":[[[-3.81737,40.321],[-3.82271,40.321],[-3.82271,40.3157],[-3.81737,40.3157],[-3.81737,40.321]]]}},{"type":"Feature","properties":{"name":"Fuenlabrada--piece--4-1--raspberry3bp","number_of_ads_buy":0,"average_prize_buy":0,"number_of_ads_rent":0,"average_prize_rent":0,"normalized_prize_buy":null,"normalized_ads_buy":null,"normalized_prize_rent":null,"normalized_ads_rent":0,"date":"2018-12-06T19:57:02.000Z","fill-opacity":null,"fill":"#ff0000"},"bbox":[-3.81737,40.3104,-3.82271,40.3157],"geometry":{"type":"Polygon","coordinates":[[[-3.81737,40.3157],[-3.82271,40.3157],[-3.82271,40.3104],[-3.81737,40.3104],[-3.81737,40.3157]]]}},{"type":"Feature","properties":{"name":"Fuenlabrada--piece--4-2--raspberry3bp","number_of_ads_buy":0,"average_prize_buy":0,"number_of_ads_rent":0,"average_prize_rent":0,"normalized_prize_buy":null,"normalized_ads_buy":null,"normalized_prize_rent":null,"normalized_ads_rent":0,"date":"2018-12-06T19:57:21.000Z","fill-opacity":null,"fill":"#ff0000"},"bbox":[-3.81737,40.3052,-3.82271,40.3104],"geometry":{"type":"Polygon","coordinates":[[[-3.81737,40.3104],[-3.82271,40.3104],[-3.82271,40.3052],[-3.81737,40.3052],[-3.81737,40.3104]]]}},{"type":"Feature","properties":{"name":"Fuenlabrada--piece--4-3--raspberry3bp","number_of_ads_buy":0,"average_prize_buy":0,"number_of_ads_rent":0,"average_prize_rent":0,"normalized_prize_buy":null,"normalized_ads_buy":null,"normalized_prize_rent":null,"normalized_ads_rent":0,"date":"2018-12-06T19:57:35.000Z","fill-opacity":null,"fill":"#ff0000"},"bbox":[-3.81737,40.2999,-3.82271,40.3052],"geometry":{"type":"Polygon","coordinates":[[[-3.81737,40.3052],[-3.82271,40.3052],[-3.82271,40.2999],[-3.81737,40.2999],[-3.81737,40.3052]]]}},{"type":"Feature","properties":{"name":"Fuenlabrada--piece--4-4--raspberry3bp","number_of_ads_buy":0,"average_prize_buy":0,"number_of_ads_rent":0,"average_prize_rent":0,"normalized_prize_buy":null,"normalized_ads_buy":null,"normalized_prize_rent":null,"normalized_ads_rent":0,"date":"2018-12-06T19:57:49.000Z","fill-opacity":null,"fill":"#ff0000"},"bbox":[-3.81737,40.2947,-3.82271,40.2999],"geometry":{"type":"Polygon","coordinates":[[[-3.81737,40.2999],[-3.82271,40.2999],[-3.82271,40.2947],[-3.81737,40.2947],[-3.81737,40.2999]]]}},{"type":"Feature","properties":{"name":"Fuenlabrada--piece--4-5--raspberry3bp","number_of_ads_buy":0,"average_prize_buy":0,"number_of_ads_rent":1,"average_prize_rent":0,"normalized_prize_buy":null,"normalized_ads_buy":null,"normalized_prize_rent":null,"normalized_ads_rent":1,"date":"2018-12-06T19:58:02.000Z","fill-opacity":null,"fill":"#ff0000"},"bbox":[-3.81737,40.2894,-3.82271,40.2947],"geometry":{"type":"Polygon","coordinates":[[[-3.81737,40.2947],[-3.82271,40.2947],[-3.82271,40.2894],[-3.81737,40.2894],[-3.81737,40.2947]]]}},{"type":"Feature","properties":{"name":"Fuenlabrada--piece--4-6--raspberry3bp","number_of_ads_buy":0,"average_prize_buy":0,"number_of_ads_rent":1,"average_prize_rent":0,"normalized_prize_buy":null,"normalized_ads_buy":null,"normalized_prize_rent":null,"normalized_ads_rent":1,"date":"2018-12-06T19:58:36.000Z","fill-opacity":null,"fill":"#ff0000"},"bbox":[-3.81737,40.2842,-3.82271,40.2894],"geometry":{"type":"Polygon","coordinates":[[[-3.81737,40.2894],[-3.82271,40.2894],[-3.82271,40.2842],[-3.81737,40.2842],[-3.81737,40.2894]]]}},{"type":"Feature","properties":{"name":"Fuenlabrada--piece--4-7--raspberry3bp","number_of_ads_buy":0,"average_prize_buy":0,"number_of_ads_rent":0,"average_prize_rent":0,"normalized_prize_buy":null,"normalized_ads_buy":null,"normalized_prize_rent":null,"normalized_ads_rent":0,"date":"2018-12-06T19:58:55.000Z","fill-opacity":null,"fill":"#ff0000"},"bbox":[-3.81737,40.2789,-3.82271,40.2842],"geometry":{"type":"Polygon","coordinates":[[[-3.81737,40.2842],[-3.82271,40.2842],[-3.82271,40.2789],[-3.81737,40.2789],[-3.81737,40.2842]]]}},{"type":"Feature","properties":{"name":"Fuenlabrada--piece--4-8--raspberry3bp","number_of_ads_buy":0,"average_prize_buy":0,"number_of_ads_rent":0,"average_prize_rent":0,"normalized_prize_buy":null,"normalized_ads_buy":null,"normalized_prize_rent":null,"normalized_ads_rent":0,"date":"2018-12-06T19:59:11.000Z","fill-opacity":null,"fill":"#ff0000"},"bbox":[-3.81737,40.2736,-3.82271,40.2789],"geometry":{"type":"Polygon","coordinates":[[[-3.81737,40.2789],[-3.82271,40.2789],[-3.82271,40.2736],[-3.81737,40.2736],[-3.81737,40.2789]]]}},{"type":"Feature","properties":{"name":"Fuenlabrada--piece--5-0--raspberry3bp","number_of_ads_buy":0,"average_prize_buy":0,"number_of_ads_rent":0,"average_prize_rent":0,"normalized_prize_buy":null,"normalized_ads_buy":null,"normalized_prize_rent":null,"normalized_ads_rent":0,"date":"2018-12-06T19:59:30.000Z","fill-opacity":null,"fill":"#ff0000"},"bbox":[-3.81204,40.3157,-3.81737,40.321],"geometry":{"type":"Polygon","coordinates":[[[-3.81204,40.321],[-3.81737,40.321],[-3.81737,40.3157],[-3.81204,40.3157],[-3.81204,40.321]]]}},{"type":"Feature","properties":{"name":"Fuenlabrada--piece--5-1--raspberry3bp","number_of_ads_buy":0,"average_prize_buy":0,"number_of_ads_rent":0,"average_prize_rent":0,"normalized_prize_buy":null,"normalized_ads_buy":null,"normalized_prize_rent":null,"normalized_ads_rent":0,"date":"2018-12-06T19:59:57.000Z","fill-opacity":null,"fill":"#ff0000"},"bbox":[-3.81204,40.3104,-3.81737,40.3157],"geometry":{"type":"Polygon","coordinates":[[[-3.81204,40.3157],[-3.81737,40.3157],[-3.81737,40.3104],[-3.81204,40.3104],[-3.81204,40.3157]]]}},{"type":"Feature","properties":{"name":"Fuenlabrada--piece--5-2--raspberry3bp","number_of_ads_buy":0,"average_prize_buy":0,"number_of_ads_rent":0,"average_prize_rent":0,"normalized_prize_buy":null,"normalized_ads_buy":null,"normalized_prize_rent":null,"normalized_ads_rent":0,"date":"2018-12-06T20:00:20.000Z","fill-opacity":null,"fill":"#ff0000"},"bbox":[-3.81204,40.3052,-3.81737,40.3104],"geometry":{"type":"Polygon","coordinates":[[[-3.81204,40.3104],[-3.81737,40.3104],[-3.81737,40.3052],[-3.81204,40.3052],[-3.81204,40.3104]]]}},{"type":"Feature","properties":{"name":"Fuenlabrada--piece--5-3--raspberry3bp","number_of_ads_buy":0,"average_prize_buy":0,"number_of_ads_rent":0,"average_prize_rent":0,"normalized_prize_buy":null,"normalized_ads_buy":null,"normalized_prize_rent":null,"normalized_ads_rent":0,"date":"2018-12-06T20:00:32.000Z","fill-opacity":null,"fill":"#ff0000"},"bbox":[-3.81204,40.2999,-3.81737,40.3052],"geometry":{"type":"Polygon","coordinates":[[[-3.81204,40.3052],[-3.81737,40.3052],[-3.81737,40.2999],[-3.81204,40.2999],[-3.81204,40.3052]]]}},{"type":"Feature","properties":{"name":"Fuenlabrada--piece--5-4--raspberry3bp","number_of_ads_buy":0,"average_prize_buy":0,"number_of_ads_rent":0,"average_prize_rent":0,"normalized_prize_buy":null,"normalized_ads_buy":null,"normalized_prize_rent":null,"normalized_ads_rent":0,"date":"2018-12-06T20:00:57.000Z","fill-opacity":null,"fill":"#ff0000"},"bbox":[-3.81204,40.2947,-3.81737,40.2999],"geometry":{"type":"Polygon","coordinates":[[[-3.81204,40.2999],[-3.81737,40.2999],[-3.81737,40.2947],[-3.81204,40.2947],[-3.81204,40.2999]]]}},{"type":"Feature","properties":{"name":"Fuenlabrada--piece--5-5--raspberry3bp","number_of_ads_buy":0,"average_prize_buy":0,"number_of_ads_rent":0,"average_prize_rent":0,"normalized_prize_buy":null,"normalized_ads_buy":null,"normalized_prize_rent":null,"normalized_ads_rent":0,"date":"2018-12-06T20:01:11.000Z","fill-opacity":null,"fill":"#ff0000"},"bbox":[-3.81204,40.2894,-3.81737,40.2947],"geometry":{"type":"Polygon","coordinates":[[[-3.81204,40.2947],[-3.81737,40.2947],[-3.81737,40.2894],[-3.81204,40.2894],[-3.81204,40.2947]]]}},{"type":"Feature","properties":{"name":"Fuenlabrada--piece--5-6--raspberry3bp","number_of_ads_buy":0,"average_prize_buy":0,"number_of_ads_rent":0,"average_prize_rent":0,"normalized_prize_buy":null,"normalized_ads_buy":null,"normalized_prize_rent":null,"normalized_ads_rent":0,"date":"2018-12-06T20:01:43.000Z","fill-opacity":null,"fill":"#ff0000"},"bbox":[-3.81204,40.2842,-3.81737,40.2894],"geometry":{"type":"Polygon","coordinates":[[[-3.81204,40.2894],[-3.81737,40.2894],[-3.81737,40.2842],[-3.81204,40.2842],[-3.81204,40.2894]]]}},{"type":"Feature","properties":{"name":"Fuenlabrada--piece--5-7--raspberry3bp","number_of_ads_buy":0,"average_prize_buy":0,"number_of_ads_rent":1,"average_prize_rent":0,"normalized_prize_buy":null,"normalized_ads_buy":null,"normalized_prize_rent":null,"normalized_ads_rent":1,"date":"2018-12-06T20:02:07.000Z","fill-opacity":null,"fill":"#ff0000"},"bbox":[-3.81204,40.2789,-3.81737,40.2842],"geometry":{"type":"Polygon","coordinates":[[[-3.81204,40.2842],[-3.81737,40.2842],[-3.81737,40.2789],[-3.81204,40.2789],[-3.81204,40.2842]]]}},{"type":"Feature","properties":{"name":"Fuenlabrada--piece--5-8--raspberry3bp","number_of_ads_buy":0,"average_prize_buy":0,"number_of_ads_rent":0,"average_prize_rent":0,"normalized_prize_buy":null,"normalized_ads_buy":null,"normalized_prize_rent":null,"normalized_ads_rent":0,"date":"2018-12-06T20:02:27.000Z","fill-opacity":null,"fill":"#ff0000"},"bbox":[-3.81204,40.2736,-3.81737,40.2789],"geometry":{"type":"Polygon","coordinates":[[[-3.81204,40.2789],[-3.81737,40.2789],[-3.81737,40.2736],[-3.81204,40.2736],[-3.81204,40.2789]]]}},{"type":"Feature","properties":{"name":"Fuenlabrada--piece--6-0--raspberry3bp","number_of_ads_buy":0,"average_prize_buy":0,"number_of_ads_rent":0,"average_prize_rent":0,"normalized_prize_buy":null,"normalized_ads_buy":null,"normalized_prize_rent":null,"normalized_ads_rent":0,"date":"2018-12-06T20:03:00.000Z","fill-opacity":null,"fill":"#ff0000"},"bbox":[-3.80671,40.3157,-3.81204,40.321],"geometry":{"type":"Polygon","coordinates":[[[-3.80671,40.321],[-3.81204,40.321],[-3.81204,40.3157],[-3.80671,40.3157],[-3.80671,40.321]]]}},{"type":"Feature","properties":{"name":"Fuenlabrada--piece--6-1--raspberry3bp","number_of_ads_buy":0,"average_prize_buy":0,"number_of_ads_rent":0,"average_prize_rent":0,"normalized_prize_buy":null,"normalized_ads_buy":null,"normalized_prize_rent":null,"normalized_ads_rent":0,"date":"2018-12-06T20:03:22.000Z","fill-opacity":null,"fill":"#ff0000"},"bbox":[-3.80671,40.3104,-3.81204,40.3157],"geometry":{"type":"Polygon","coordinates":[[[-3.80671,40.3157],[-3.81204,40.3157],[-3.81204,40.3104],[-3.80671,40.3104],[-3.80671,40.3157]]]}},{"type":"Feature","properties":{"name":"Fuenlabrada--piece--6-2--raspberry3bp","number_of_ads_buy":0,"average_prize_buy":0,"number_of_ads_rent":1,"average_prize_rent":0,"normalized_prize_buy":null,"normalized_ads_buy":null,"normalized_prize_rent":null,"normalized_ads_rent":1,"date":"2018-12-06T20:03:50.000Z","fill-opacity":null,"fill":"#ff0000"},"bbox":[-3.80671,40.3052,-3.81204,40.3104],"geometry":{"type":"Polygon","coordinates":[[[-3.80671,40.3104],[-3.81204,40.3104],[-3.81204,40.3052],[-3.80671,40.3052],[-3.80671,40.3104]]]}},{"type":"Feature","properties":{"name":"Fuenlabrada--piece--6-3--raspberry3bp","number_of_ads_buy":0,"average_prize_buy":0,"number_of_ads_rent":0,"average_prize_rent":0,"normalized_prize_buy":null,"normalized_ads_buy":null,"normalized_prize_rent":null,"normalized_ads_rent":0,"date":"2018-12-06T20:04:08.000Z","fill-opacity":null,"fill":"#ff0000"},"bbox":[-3.80671,40.2999,-3.81204,40.3052],"geometry":{"type":"Polygon","coordinates":[[[-3.80671,40.3052],[-3.81204,40.3052],[-3.81204,40.2999],[-3.80671,40.2999],[-3.80671,40.3052]]]}},{"type":"Feature","properties":{"name":"Fuenlabrada--piece--6-4--raspberry3bp","number_of_ads_buy":0,"average_prize_buy":0,"number_of_ads_rent":0,"average_prize_rent":0,"normalized_prize_buy":null,"normalized_ads_buy":null,"normalized_prize_rent":null,"normalized_ads_rent":0,"date":"2018-12-06T20:04:29.000Z","fill-opacity":null,"fill":"#ff0000"},"bbox":[-3.80671,40.2947,-3.81204,40.2999],"geometry":{"type":"Polygon","coordinates":[[[-3.80671,40.2999],[-3.81204,40.2999],[-3.81204,40.2947],[-3.80671,40.2947],[-3.80671,40.2999]]]}},{"type":"Feature","properties":{"name":"Fuenlabrada--piece--6-5--raspberry3bp","number_of_ads_buy":0,"average_prize_buy":0,"number_of_ads_rent":0,"average_prize_rent":0,"normalized_prize_buy":null,"normalized_ads_buy":null,"normalized_prize_rent":null,"normalized_ads_rent":0,"date":"2018-12-06T20:04:59.000Z","fill-opacity":null,"fill":"#ff0000"},"bbox":[-3.80671,40.2894,-3.81204,40.2947],"geometry":{"type":"Polygon","coordinates":[[[-3.80671,40.2947],[-3.81204,40.2947],[-3.81204,40.2894],[-3.80671,40.2894],[-3.80671,40.2947]]]}},{"type":"Feature","properties":{"name":"Fuenlabrada--piece--6-6--raspberry3bp","number_of_ads_buy":0,"average_prize_buy":0,"number_of_ads_rent":1,"average_prize_rent":2,"normalized_prize_buy":null,"normalized_ads_buy":null,"normalized_prize_rent":null,"normalized_ads_rent":1,"date":"2018-12-06T20:05:23.000Z","fill-opacity":null,"fill":"#ff0000"},"bbox":[-3.80671,40.2842,-3.81204,40.2894],"geometry":{"type":"Polygon","coordinates":[[[-3.80671,40.2894],[-3.81204,40.2894],[-3.81204,40.2842],[-3.80671,40.2842],[-3.80671,40.2894]]]}},{"type":"Feature","properties":{"name":"Fuenlabrada--piece--6-7--raspberry3bp","number_of_ads_buy":0,"average_prize_buy":0,"number_of_ads_rent":0,"average_prize_rent":0,"normalized_prize_buy":null,"normalized_ads_buy":null,"normalized_prize_rent":null,"normalized_ads_rent":0,"date":"2018-12-06T20:05:46.000Z","fill-opacity":null,"fill":"#ff0000"},"bbox":[-3.80671,40.2789,-3.81204,40.2842],"geometry":{"type":"Polygon","coordinates":[[[-3.80671,40.2842],[-3.81204,40.2842],[-3.81204,40.2789],[-3.80671,40.2789],[-3.80671,40.2842]]]}},{"type":"Feature","properties":{"name":"Fuenlabrada--piece--6-8--raspberry3bp","number_of_ads_buy":0,"average_prize_buy":0,"number_of_ads_rent":0,"average_prize_rent":0,"normalized_prize_buy":null,"normalized_ads_buy":null,"normalized_prize_rent":null,"normalized_ads_rent":0,"date":"2018-12-06T20:06:03.000Z","fill-opacity":null,"fill":"#ff0000"},"bbox":[-3.80671,40.2736,-3.81204,40.2789],"geometry":{"type":"Polygon","coordinates":[[[-3.80671,40.2789],[-3.81204,40.2789],[-3.81204,40.2736],[-3.80671,40.2736],[-3.80671,40.2789]]]}},{"type":"Feature","properties":{"name":"Fuenlabrada--piece--7-0--raspberry3bp","number_of_ads_buy":0,"average_prize_buy":0,"number_of_ads_rent":0,"average_prize_rent":0,"normalized_prize_buy":null,"normalized_ads_buy":null,"normalized_prize_rent":null,"normalized_ads_rent":0,"date":"2018-12-06T20:06:23.000Z","fill-opacity":null,"fill":"#ff0000"},"bbox":[-3.80137,40.3157,-3.80671,40.321],"geometry":{"type":"Polygon","coordinates":[[[-3.80137,40.321],[-3.80671,40.321],[-3.80671,40.3157],[-3.80137,40.3157],[-3.80137,40.321]]]}},{"type":"Feature","properties":{"name":"Fuenlabrada--piece--7-1--raspberry3bp","number_of_ads_buy":0,"average_prize_buy":0,"number_of_ads_rent":0,"average_prize_rent":0,"normalized_prize_buy":null,"normalized_ads_buy":null,"normalized_prize_rent":null,"normalized_ads_rent":0,"date":"2018-12-06T20:06:48.000Z","fill-opacity":null,"fill":"#ff0000"},"bbox":[-3.80137,40.3104,-3.80671,40.3157],"geometry":{"type":"Polygon","coordinates":[[[-3.80137,40.3157],[-3.80671,40.3157],[-3.80671,40.3104],[-3.80137,40.3104],[-3.80137,40.3157]]]}},{"type":"Feature","properties":{"name":"Fuenlabrada--piece--7-2--raspberry3bp","number_of_ads_buy":0,"average_prize_buy":0,"number_of_ads_rent":0,"average_prize_rent":0,"normalized_prize_buy":null,"normalized_ads_buy":null,"normalized_prize_rent":null,"normalized_ads_rent":0,"date":"2018-12-06T20:07:07.000Z","fill-opacity":null,"fill":"#ff0000"},"bbox":[-3.80137,40.3052,-3.80671,40.3104],"geometry":{"type":"Polygon","coordinates":[[[-3.80137,40.3104],[-3.80671,40.3104],[-3.80671,40.3052],[-3.80137,40.3052],[-3.80137,40.3104]]]}},{"type":"Feature","properties":{"name":"Fuenlabrada--piece--7-3--raspberry3bp","number_of_ads_buy":0,"average_prize_buy":0,"number_of_ads_rent":0,"average_prize_rent":0,"normalized_prize_buy":null,"normalized_ads_buy":null,"normalized_prize_rent":null,"normalized_ads_rent":0,"date":"2018-12-06T20:07:27.000Z","fill-opacity":null,"fill":"#ff0000"},"bbox":[-3.80137,40.2999,-3.80671,40.3052],"geometry":{"type":"Polygon","coordinates":[[[-3.80137,40.3052],[-3.80671,40.3052],[-3.80671,40.2999],[-3.80137,40.2999],[-3.80137,40.3052]]]}},{"type":"Feature","properties":{"name":"Fuenlabrada--piece--7-4--raspberry3bp","number_of_ads_buy":0,"average_prize_buy":0,"number_of_ads_rent":0,"average_prize_rent":0,"normalized_prize_buy":null,"normalized_ads_buy":null,"normalized_prize_rent":null,"normalized_ads_rent":0,"date":"2018-12-06T20:07:42.000Z","fill-opacity":null,"fill":"#ff0000"},"bbox":[-3.80137,40.2947,-3.80671,40.2999],"geometry":{"type":"Polygon","coordinates":[[[-3.80137,40.2999],[-3.80671,40.2999],[-3.80671,40.2947],[-3.80137,40.2947],[-3.80137,40.2999]]]}},{"type":"Feature","properties":{"name":"Fuenlabrada--piece--7-5--raspberry3bp","number_of_ads_buy":0,"average_prize_buy":0,"number_of_ads_rent":0,"average_prize_rent":0,"normalized_prize_buy":null,"normalized_ads_buy":null,"normalized_prize_rent":null,"normalized_ads_rent":0,"date":"2018-12-06T20:07:57.000Z","fill-opacity":null,"fill":"#ff0000"},"bbox":[-3.80137,40.2894,-3.80671,40.2947],"geometry":{"type":"Polygon","coordinates":[[[-3.80137,40.2947],[-3.80671,40.2947],[-3.80671,40.2894],[-3.80137,40.2894],[-3.80137,40.2947]]]}},{"type":"Feature","properties":{"name":"Fuenlabrada--piece--7-6--raspberry3bp","number_of_ads_buy":0,"average_prize_buy":0,"number_of_ads_rent":2,"average_prize_rent":2,"normalized_prize_buy":null,"normalized_ads_buy":null,"normalized_prize_rent":null,"normalized_ads_rent":2,"date":"2018-12-06T20:08:15.000Z","fill-opacity":null,"fill":"#ff0000"},"bbox":[-3.80137,40.2842,-3.80671,40.2894],"geometry":{"type":"Polygon","coordinates":[[[-3.80137,40.2894],[-3.80671,40.2894],[-3.80671,40.2842],[-3.80137,40.2842],[-3.80137,40.2894]]]}},{"type":"Feature","properties":{"name":"Fuenlabrada--piece--7-7--raspberry3bp","number_of_ads_buy":0,"average_prize_buy":0,"number_of_ads_rent":1,"average_prize_rent":0,"normalized_prize_buy":null,"normalized_ads_buy":null,"normalized_prize_rent":null,"normalized_ads_rent":1,"date":"2018-12-06T20:08:33.000Z","fill-opacity":null,"fill":"#ff0000"},"bbox":[-3.80137,40.2789,-3.80671,40.2842],"geometry":{"type":"Polygon","coordinates":[[[-3.80137,40.2842],[-3.80671,40.2842],[-3.80671,40.2789],[-3.80137,40.2789],[-3.80137,40.2842]]]}},{"type":"Feature","properties":{"name":"Fuenlabrada--piece--7-8--raspberry3bp","number_of_ads_buy":0,"average_prize_buy":0,"number_of_ads_rent":0,"average_prize_rent":0,"normalized_prize_buy":null,"normalized_ads_buy":null,"normalized_prize_rent":null,"normalized_ads_rent":0,"date":"2018-12-06T20:08:59.000Z","fill-opacity":null,"fill":"#ff0000"},"bbox":[-3.80137,40.2736,-3.80671,40.2789],"geometry":{"type":"Polygon","coordinates":[[[-3.80137,40.2789],[-3.80671,40.2789],[-3.80671,40.2736],[-3.80137,40.2736],[-3.80137,40.2789]]]}},{"type":"Feature","properties":{"name":"Fuenlabrada--piece--8-0--raspberry3bp","number_of_ads_buy":0,"average_prize_buy":0,"number_of_ads_rent":0,"average_prize_rent":0,"normalized_prize_buy":null,"normalized_ads_buy":null,"normalized_prize_rent":null,"normalized_ads_rent":0,"date":"2018-12-06T20:09:18.000Z","fill-opacity":null,"fill":"#ff0000"},"bbox":[-3.79604,40.3157,-3.80137,40.321],"geometry":{"type":"Polygon","coordinates":[[[-3.79604,40.321],[-3.80137,40.321],[-3.80137,40.3157],[-3.79604,40.3157],[-3.79604,40.321]]]}},{"type":"Feature","properties":{"name":"Fuenlabrada--piece--8-1--raspberry3bp","number_of_ads_buy":0,"average_prize_buy":0,"number_of_ads_rent":0,"average_prize_rent":0,"normalized_prize_buy":null,"normalized_ads_buy":null,"normalized_prize_rent":null,"normalized_ads_rent":0,"date":"2018-12-06T20:09:45.000Z","fill-opacity":null,"fill":"#ff0000"},"bbox":[-3.79604,40.3104,-3.80137,40.3157],"geometry":{"type":"Polygon","coordinates":[[[-3.79604,40.3157],[-3.80137,40.3157],[-3.80137,40.3104],[-3.79604,40.3104],[-3.79604,40.3157]]]}},{"type":"Feature","properties":{"name":"Fuenlabrada--piece--8-2--raspberry3bp","number_of_ads_buy":0,"average_prize_buy":0,"number_of_ads_rent":0,"average_prize_rent":0,"normalized_prize_buy":null,"normalized_ads_buy":null,"normalized_prize_rent":null,"normalized_ads_rent":0,"date":"2018-12-06T20:10:01.000Z","fill-opacity":null,"fill":"#ff0000"},"bbox":[-3.79604,40.3052,-3.80137,40.3104],"geometry":{"type":"Polygon","coordinates":[[[-3.79604,40.3104],[-3.80137,40.3104],[-3.80137,40.3052],[-3.79604,40.3052],[-3.79604,40.3104]]]}},{"type":"Feature","properties":{"name":"Fuenlabrada--piece--8-3--raspberry3bp","number_of_ads_buy":0,"average_prize_buy":0,"number_of_ads_rent":0,"average_prize_rent":0,"normalized_prize_buy":null,"normalized_ads_buy":null,"normalized_prize_rent":null,"normalized_ads_rent":0,"date":"2018-12-06T20:10:15.000Z","fill-opacity":null,"fill":"#ff0000"},"bbox":[-3.79604,40.2999,-3.80137,40.3052],"geometry":{"type":"Polygon","coordinates":[[[-3.79604,40.3052],[-3.80137,40.3052],[-3.80137,40.2999],[-3.79604,40.2999],[-3.79604,40.3052]]]}},{"type":"Feature","properties":{"name":"Fuenlabrada--piece--8-4--raspberry3bp","number_of_ads_buy":0,"average_prize_buy":0,"number_of_ads_rent":1,"average_prize_rent":2,"normalized_prize_buy":null,"normalized_ads_buy":null,"normalized_prize_rent":null,"normalized_ads_rent":1,"date":"2018-12-06T20:10:41.000Z","fill-opacity":null,"fill":"#ff0000"},"bbox":[-3.79604,40.2947,-3.80137,40.2999],"geometry":{"type":"Polygon","coordinates":[[[-3.79604,40.2999],[-3.80137,40.2999],[-3.80137,40.2947],[-3.79604,40.2947],[-3.79604,40.2999]]]}},{"type":"Feature","properties":{"name":"Fuenlabrada--piece--8-5--raspberry3bp","number_of_ads_buy":0,"average_prize_buy":0,"number_of_ads_rent":0,"average_prize_rent":0,"normalized_prize_buy":null,"normalized_ads_buy":null,"normalized_prize_rent":null,"normalized_ads_rent":0,"date":"2018-12-06T20:11:01.000Z","fill-opacity":null,"fill":"#ff0000"},"bbox":[-3.79604,40.2894,-3.80137,40.2947],"geometry":{"type":"Polygon","coordinates":[[[-3.79604,40.2947],[-3.80137,40.2947],[-3.80137,40.2894],[-3.79604,40.2894],[-3.79604,40.2947]]]}},{"type":"Feature","properties":{"name":"Fuenlabrada--piece--8-6--raspberry3bp","number_of_ads_buy":0,"average_prize_buy":0,"number_of_ads_rent":1,"average_prize_rent":2,"normalized_prize_buy":null,"normalized_ads_buy":null,"normalized_prize_rent":null,"normalized_ads_rent":1,"date":"2018-12-06T20:11:21.000Z","fill-opacity":null,"fill":"#ff0000"},"bbox":[-3.79604,40.2842,-3.80137,40.2894],"geometry":{"type":"Polygon","coordinates":[[[-3.79604,40.2894],[-3.80137,40.2894],[-3.80137,40.2842],[-3.79604,40.2842],[-3.79604,40.2894]]]}},{"type":"Feature","properties":{"name":"Fuenlabrada--piece--8-7--raspberry3bp","number_of_ads_buy":0,"average_prize_buy":0,"number_of_ads_rent":1,"average_prize_rent":2,"normalized_prize_buy":null,"normalized_ads_buy":null,"normalized_prize_rent":null,"normalized_ads_rent":1,"date":"2018-12-06T20:11:41.000Z","fill-opacity":null,"fill":"#ff0000"},"bbox":[-3.79604,40.2789,-3.80137,40.2842],"geometry":{"type":"Polygon","coordinates":[[[-3.79604,40.2842],[-3.80137,40.2842],[-3.80137,40.2789],[-3.79604,40.2789],[-3.79604,40.2842]]]}},{"type":"Feature","properties":{"name":"Fuenlabrada--piece--8-8--raspberry3bp","number_of_ads_buy":0,"average_prize_buy":0,"number_of_ads_rent":0,"average_prize_rent":0,"normalized_prize_buy":null,"normalized_ads_buy":null,"normalized_prize_rent":null,"normalized_ads_rent":0,"date":"2018-12-06T20:11:55.000Z","fill-opacity":null,"fill":"#ff0000"},"bbox":[-3.79604,40.2736,-3.80137,40.2789],"geometry":{"type":"Polygon","coordinates":[[[-3.79604,40.2789],[-3.80137,40.2789],[-3.80137,40.2736],[-3.79604,40.2736],[-3.79604,40.2789]]]}},{"type":"Feature","properties":{"name":"Fuenlabrada--piece--9-0--raspberry3bp","number_of_ads_buy":0,"average_prize_buy":0,"number_of_ads_rent":0,"average_prize_rent":0,"normalized_prize_buy":null,"normalized_ads_buy":null,"normalized_prize_rent":null,"normalized_ads_rent":0,"date":"2018-12-06T20:12:21.000Z","fill-opacity":null,"fill":"#ff0000"},"bbox":[-3.79071,40.3157,-3.79604,40.321],"geometry":{"type":"Polygon","coordinates":[[[-3.79071,40.321],[-3.79604,40.321],[-3.79604,40.3157],[-3.79071,40.3157],[-3.79071,40.321]]]}},{"type":"Feature","properties":{"name":"Fuenlabrada--piece--9-1--raspberry3bp","number_of_ads_buy":0,"average_prize_buy":0,"number_of_ads_rent":0,"average_prize_rent":0,"normalized_prize_buy":null,"normalized_ads_buy":null,"normalized_prize_rent":null,"normalized_ads_rent":0,"date":"2018-12-06T20:12:42.000Z","fill-opacity":null,"fill":"#ff0000"},"bbox":[-3.79071,40.3104,-3.79604,40.3157],"geometry":{"type":"Polygon","coordinates":[[[-3.79071,40.3157],[-3.79604,40.3157],[-3.79604,40.3104],[-3.79071,40.3104],[-3.79071,40.3157]]]}},{"type":"Feature","properties":{"name":"Fuenlabrada--piece--9-2--raspberry3bp","number_of_ads_buy":0,"average_prize_buy":0,"number_of_ads_rent":0,"average_prize_rent":0,"normalized_prize_buy":null,"normalized_ads_buy":null,"normalized_prize_rent":null,"normalized_ads_rent":0,"date":"2018-12-06T20:13:04.000Z","fill-opacity":null,"fill":"#ff0000"},"bbox":[-3.79071,40.3052,-3.79604,40.3104],"geometry":{"type":"Polygon","coordinates":[[[-3.79071,40.3104],[-3.79604,40.3104],[-3.79604,40.3052],[-3.79071,40.3052],[-3.79071,40.3104]]]}},{"type":"Feature","properties":{"name":"Fuenlabrada--piece--9-3--raspberry3bp","number_of_ads_buy":0,"average_prize_buy":0,"number_of_ads_rent":0,"average_prize_rent":0,"normalized_prize_buy":null,"normalized_ads_buy":null,"normalized_prize_rent":null,"normalized_ads_rent":0,"date":"2018-12-06T20:13:20.000Z","fill-opacity":null,"fill":"#ff0000"},"bbox":[-3.79071,40.2999,-3.79604,40.3052],"geometry":{"type":"Polygon","coordinates":[[[-3.79071,40.3052],[-3.79604,40.3052],[-3.79604,40.2999],[-3.79071,40.2999],[-3.79071,40.3052]]]}},{"type":"Feature","properties":{"name":"Fuenlabrada--piece--9-4--raspberry3bp","number_of_ads_buy":0,"average_prize_buy":0,"number_of_ads_rent":0,"average_prize_rent":0,"normalized_prize_buy":null,"normalized_ads_buy":null,"normalized_prize_rent":null,"normalized_ads_rent":0,"date":"2018-12-06T20:13:38.000Z","fill-opacity":null,"fill":"#ff0000"},"bbox":[-3.79071,40.2947,-3.79604,40.2999],"geometry":{"type":"Polygon","coordinates":[[[-3.79071,40.2999],[-3.79604,40.2999],[-3.79604,40.2947],[-3.79071,40.2947],[-3.79071,40.2999]]]}},{"type":"Feature","properties":{"name":"Fuenlabrada--piece--9-5--raspberry3bp","number_of_ads_buy":0,"average_prize_buy":0,"number_of_ads_rent":0,"average_prize_rent":0,"normalized_prize_buy":null,"normalized_ads_buy":null,"normalized_prize_rent":null,"normalized_ads_rent":0,"date":"2018-12-06T20:13:57.000Z","fill-opacity":null,"fill":"#ff0000"},"bbox":[-3.79071,40.2894,-3.79604,40.2947],"geometry":{"type":"Polygon","coordinates":[[[-3.79071,40.2947],[-3.79604,40.2947],[-3.79604,40.2894],[-3.79071,40.2894],[-3.79071,40.2947]]]}},{"type":"Feature","properties":{"name":"Fuenlabrada--piece--9-6--raspberry3bp","number_of_ads_buy":0,"average_prize_buy":0,"number_of_ads_rent":0,"average_prize_rent":0,"normalized_prize_buy":null,"normalized_ads_buy":null,"normalized_prize_rent":null,"normalized_ads_rent":0,"date":"2018-12-06T20:14:16.000Z","fill-opacity":null,"fill":"#ff0000"},"bbox":[-3.79071,40.2842,-3.79604,40.2894],"geometry":{"type":"Polygon","coordinates":[[[-3.79071,40.2894],[-3.79604,40.2894],[-3.79604,40.2842],[-3.79071,40.2842],[-3.79071,40.2894]]]}},{"type":"Feature","properties":{"name":"Fuenlabrada--piece--9-7--raspberry3bp","number_of_ads_buy":0,"average_prize_buy":0,"number_of_ads_rent":0,"average_prize_rent":0,"normalized_prize_buy":null,"normalized_ads_buy":null,"normalized_prize_rent":null,"normalized_ads_rent":0,"date":"2018-12-06T20:14:28.000Z","fill-opacity":null,"fill":"#ff0000"},"bbox":[-3.79071,40.2789,-3.79604,40.2842],"geometry":{"type":"Polygon","coordinates":[[[-3.79071,40.2842],[-3.79604,40.2842],[-3.79604,40.2789],[-3.79071,40.2789],[-3.79071,40.2842]]]}},{"type":"Feature","properties":{"name":"Fuenlabrada--piece--9-8--raspberry3bp","number_of_ads_buy":0,"average_prize_buy":0,"number_of_ads_rent":1,"average_prize_rent":0,"normalized_prize_buy":null,"normalized_ads_buy":null,"normalized_prize_rent":null,"normalized_ads_rent":1,"date":"2018-12-06T20:14:48.000Z","fill-opacity":null,"fill":"#ff0000"},"bbox":[-3.79071,40.2736,-3.79604,40.2789],"geometry":{"type":"Polygon","coordinates":[[[-3.79071,40.2789],[-3.79604,40.2789],[-3.79604,40.2736],[-3.79071,40.2736],[-3.79071,40.2789]]]}}]}