{"type":"FeatureCollection","features":[{"type":"Feature","properties":{"name":"Fuenlabrada--piece--0-0--gCloud","number_of_ads_buy":0,"average_prize_buy":0,"number_of_ads_rent":0,"average_prize_rent":0,"normalized_prize_buy":0,"normalized_ads_buy":0,"normalized_prize_rent":null,"normalized_ads_rent":0,"date":"2018-12-03T17:51:35.000Z","fill-opacity":0,"fill":"#ff0000"},"bbox":[-3.8387,40.3157,-3.84404,40.321],"geometry":{"type":"Polygon","coordinates":[[[-3.8387,40.321],[-3.84404,40.321],[-3.84404,40.3157],[-3.8387,40.3157],[-3.8387,40.321]]]}},{"type":"Feature","properties":{"name":"Fuenlabrada--piece--0-1--gCloud","number_of_ads_buy":1,"average_prize_buy":1670.21,"number_of_ads_rent":0,"average_prize_rent":0,"normalized_prize_buy":0.5795557066914653,"normalized_ads_buy":0.03333333333333333,"normalized_prize_rent":null,"normalized_ads_rent":0,"date":"2018-12-03T17:51:45.000Z","fill-opacity":0.4636445653531722,"fill":"#ff0000"},"bbox":[-3.8387,40.3104,-3.84404,40.3157],"geometry":{"type":"Polygon","coordinates":[[[-3.8387,40.3157],[-3.84404,40.3157],[-3.84404,40.3104],[-3.8387,40.3104],[-3.8387,40.3157]]]}},{"type":"Feature","properties":{"name":"Fuenlabrada--piece--0-2--gCloud","number_of_ads_buy":0,"average_prize_buy":0,"number_of_ads_rent":0,"average_prize_rent":0,"normalized_prize_buy":0,"normalized_ads_buy":0,"normalized_prize_rent":null,"normalized_ads_rent":0,"date":"2018-12-03T17:51:58.000Z","fill-opacity":0,"fill":"#ff0000"},"bbox":[-3.8387,40.3052,-3.84404,40.3104],"geometry":{"type":"Polygon","coordinates":[[[-3.8387,40.3104],[-3.84404,40.3104],[-3.84404,40.3052],[-3.8387,40.3052],[-3.8387,40.3104]]]}},{"type":"Feature","properties":{"name":"Fuenlabrada--piece--0-3--gCloud","number_of_ads_buy":5,"average_prize_buy":1747.77,"number_of_ads_rent":0,"average_prize_rent":0,"normalized_prize_buy":0.6064686940469416,"normalized_ads_buy":0.16666666666666666,"normalized_prize_rent":null,"normalized_ads_rent":0,"date":"2018-12-03T17:52:07.000Z","fill-opacity":0.4851749552375533,"fill":"#ff0000"},"bbox":[-3.8387,40.2999,-3.84404,40.3052],"geometry":{"type":"Polygon","coordinates":[[[-3.8387,40.3052],[-3.84404,40.3052],[-3.84404,40.2999],[-3.8387,40.2999],[-3.8387,40.3052]]]}},{"type":"Feature","properties":{"name":"Fuenlabrada--piece--0-4--gCloud","number_of_ads_buy":3,"average_prize_buy":1931.02,"number_of_ads_rent":1,"average_prize_rent":6.94444,"normalized_prize_buy":0.6700556581120657,"normalized_ads_buy":0.1,"normalized_prize_rent":null,"normalized_ads_rent":0.03333333333333333,"date":"2018-12-03T17:52:13.000Z","fill-opacity":0.5360445264896526,"fill":"#ff0000"},"bbox":[-3.8387,40.2947,-3.84404,40.2999],"geometry":{"type":"Polygon","coordinates":[[[-3.8387,40.2999],[-3.84404,40.2999],[-3.84404,40.2947],[-3.8387,40.2947],[-3.8387,40.2999]]]}},{"type":"Feature","properties":{"name":"Fuenlabrada--piece--0-5--gCloud","number_of_ads_buy":9,"average_prize_buy":1905.9,"number_of_ads_rent":4,"average_prize_rent":7.56436,"normalized_prize_buy":0.6613391258484045,"normalized_ads_buy":0.3,"normalized_prize_rent":null,"normalized_ads_rent":0.13333333333333333,"date":"2018-12-03T17:52:18.000Z","fill-opacity":0.5290713006787237,"fill":"#ff0000"},"bbox":[-3.8387,40.2894,-3.84404,40.2947],"geometry":{"type":"Polygon","coordinates":[[[-3.8387,40.2947],[-3.84404,40.2947],[-3.84404,40.2894],[-3.8387,40.2894],[-3.8387,40.2947]]]}},{"type":"Feature","properties":{"name":"Fuenlabrada--piece--0-6--gCloud","number_of_ads_buy":0,"average_prize_buy":0,"number_of_ads_rent":0,"average_prize_rent":0,"normalized_prize_buy":0,"normalized_ads_buy":0,"normalized_prize_rent":null,"normalized_ads_rent":0,"date":"2018-12-03T17:52:27.000Z","fill-opacity":0,"fill":"#ff0000"},"bbox":[-3.8387,40.2842,-3.84404,40.2894],"geometry":{"type":"Polygon","coordinates":[[[-3.8387,40.2894],[-3.84404,40.2894],[-3.84404,40.2842],[-3.8387,40.2842],[-3.8387,40.2894]]]}},{"type":"Feature","properties":{"name":"Fuenlabrada--piece--0-7--gCloud","number_of_ads_buy":0,"average_prize_buy":0,"number_of_ads_rent":0,"average_prize_rent":0,"normalized_prize_buy":0,"normalized_ads_buy":0,"normalized_prize_rent":null,"normalized_ads_rent":0,"date":"2018-12-03T17:52:34.000Z","fill-opacity":0,"fill":"#ff0000"},"bbox":[-3.8387,40.2789,-3.84404,40.2842],"geometry":{"type":"Polygon","coordinates":[[[-3.8387,40.2842],[-3.84404,40.2842],[-3.84404,40.2789],[-3.8387,40.2789],[-3.8387,40.2842]]]}},{"type":"Feature","properties":{"name":"Fuenlabrada--piece--0-8--gCloud","number_of_ads_buy":0,"average_prize_buy":0,"number_of_ads_rent":0,"average_prize_rent":0,"normalized_prize_buy":0,"normalized_ads_buy":0,"normalized_prize_rent":null,"normalized_ads_rent":0,"date":"2018-12-03T17:52:43.000Z","fill-opacity":0,"fill":"#ff0000"},"bbox":[-3.8387,40.2736,-3.84404,40.2789],"geometry":{"type":"Polygon","coordinates":[[[-3.8387,40.2789],[-3.84404,40.2789],[-3.84404,40.2736],[-3.8387,40.2736],[-3.8387,40.2789]]]}},{"type":"Feature","properties":{"name":"Fuenlabrada--piece--1-0--gCloud","number_of_ads_buy":0,"average_prize_buy":0,"number_of_ads_rent":0,"average_prize_rent":0,"normalized_prize_buy":0,"normalized_ads_buy":0,"normalized_prize_rent":null,"normalized_ads_rent":0,"date":"2018-12-03T17:52:51.000Z","fill-opacity":0,"fill":"#ff0000"},"bbox":[-3.83337,40.3157,-3.8387,40.321],"geometry":{"type":"Polygon","coordinates":[[[-3.83337,40.321],[-3.8387,40.321],[-3.8387,40.3157],[-3.83337,40.3157],[-3.83337,40.321]]]}},{"type":"Feature","properties":{"name":"Fuenlabrada--piece--1-1--gCloud","number_of_ads_buy":14,"average_prize_buy":1592.07,"number_of_ads_rent":0,"average_prize_rent":0,"normalized_prize_buy":0.5524414618235318,"normalized_ads_buy":0.4666666666666667,"normalized_prize_rent":null,"normalized_ads_rent":0,"date":"2018-12-03T17:52:57.000Z","fill-opacity":0.44195316945882546,"fill":"#ff0000"},"bbox":[-3.83337,40.3104,-3.8387,40.3157],"geometry":{"type":"Polygon","coordinates":[[[-3.83337,40.3157],[-3.8387,40.3157],[-3.8387,40.3104],[-3.83337,40.3104],[-3.83337,40.3157]]]}},{"type":"Feature","properties":{"name":"Fuenlabrada--piece--1-2--gCloud","number_of_ads_buy":0,"average_prize_buy":0,"number_of_ads_rent":0,"average_prize_rent":0,"normalized_prize_buy":0,"normalized_ads_buy":0,"normalized_prize_rent":null,"normalized_ads_rent":0,"date":"2018-12-03T17:53:06.000Z","fill-opacity":0,"fill":"#ff0000"},"bbox":[-3.83337,40.3052,-3.8387,40.3104],"geometry":{"type":"Polygon","coordinates":[[[-3.83337,40.3104],[-3.8387,40.3104],[-3.8387,40.3052],[-3.83337,40.3052],[-3.83337,40.3104]]]}},{"type":"Feature","properties":{"name":"Fuenlabrada--piece--1-3--gCloud","number_of_ads_buy":6,"average_prize_buy":1484.79,"number_of_ads_rent":0,"average_prize_rent":0,"normalized_prize_buy":0.5152157619331825,"normalized_ads_buy":0.2,"normalized_prize_rent":null,"normalized_ads_rent":0,"date":"2018-12-03T17:53:13.000Z","fill-opacity":0.41217260954654605,"fill":"#ff0000"},"bbox":[-3.83337,40.2999,-3.8387,40.3052],"geometry":{"type":"Polygon","coordinates":[[[-3.83337,40.3052],[-3.8387,40.3052],[-3.8387,40.2999],[-3.83337,40.2999],[-3.83337,40.3052]]]}},{"type":"Feature","properties":{"name":"Fuenlabrada--piece--1-4--gCloud","number_of_ads_buy":9,"average_prize_buy":1665.48,"number_of_ads_rent":2,"average_prize_rent":6.875,"normalized_prize_buy":0.5779144169778061,"normalized_ads_buy":0.3,"normalized_prize_rent":null,"normalized_ads_rent":0.06666666666666667,"date":"2018-12-03T17:53:19.000Z","fill-opacity":0.4623315335822449,"fill":"#ff0000"},"bbox":[-3.83337,40.2947,-3.8387,40.2999],"geometry":{"type":"Polygon","coordinates":[[[-3.83337,40.2999],[-3.8387,40.2999],[-3.8387,40.2947],[-3.83337,40.2947],[-3.83337,40.2999]]]}},{"type":"Feature","properties":{"name":"Fuenlabrada--piece--1-5--gCloud","number_of_ads_buy":11,"average_prize_buy":1697.71,"number_of_ads_rent":8,"average_prize_rent":7.97182,"normalized_prize_buy":0.589098088747623,"normalized_ads_buy":0.36666666666666664,"normalized_prize_rent":null,"normalized_ads_rent":0.26666666666666666,"date":"2018-12-03T17:53:33.000Z","fill-opacity":0.47127847099809844,"fill":"#ff0000"},"bbox":[-3.83337,40.2894,-3.8387,40.2947],"geometry":{"type":"Polygon","coordinates":[[[-3.83337,40.2947],[-3.8387,40.2947],[-3.8387,40.2894],[-3.83337,40.2894],[-3.83337,40.2947]]]}},{"type":"Feature","properties":{"name":"Fuenlabrada--piece--1-6--gCloud","number_of_ads_buy":0,"average_prize_buy":0,"number_of_ads_rent":0,"average_prize_rent":0,"normalized_prize_buy":0,"normalized_ads_buy":0,"normalized_prize_rent":null,"normalized_ads_rent":0,"date":"2018-12-03T17:53:44.000Z","fill-opacity":0,"fill":"#ff0000"},"bbox":[-3.83337,40.2842,-3.8387,40.2894],"geometry":{"type":"Polygon","coordinates":[[[-3.83337,40.2894],[-3.8387,40.2894],[-3.8387,40.2842],[-3.83337,40.2842],[-3.83337,40.2894]]]}},{"type":"Feature","properties":{"name":"Fuenlabrada--piece--1-7--gCloud","number_of_ads_buy":0,"average_prize_buy":0,"number_of_ads_rent":0,"average_prize_rent":0,"normalized_prize_buy":0,"normalized_ads_buy":0,"normalized_prize_rent":null,"normalized_ads_rent":0,"date":"2018-12-03T17:53:54.000Z","fill-opacity":0,"fill":"#ff0000"},"bbox":[-3.83337,40.2789,-3.8387,40.2842],"geometry":{"type":"Polygon","coordinates":[[[-3.83337,40.2842],[-3.8387,40.2842],[-3.8387,40.2789],[-3.83337,40.2789],[-3.83337,40.2842]]]}},{"type":"Feature","properties":{"name":"Fuenlabrada--piece--1-8--gCloud","number_of_ads_buy":0,"average_prize_buy":0,"number_of_ads_rent":0,"average_prize_rent":0,"normalized_prize_buy":0,"normalized_ads_buy":0,"normalized_prize_rent":null,"normalized_ads_rent":0,"date":"2018-12-03T17:54:00.000Z","fill-opacity":0,"fill":"#ff0000"},"bbox":[-3.83337,40.2736,-3.8387,40.2789],"geometry":{"type":"Polygon","coordinates":[[[-3.83337,40.2789],[-3.8387,40.2789],[-3.8387,40.2736],[-3.83337,40.2736],[-3.83337,40.2789]]]}},{"type":"Feature","properties":{"name":"Fuenlabrada--piece--10-0--gCloud","number_of_ads_buy":7,"average_prize_buy":1661.09,"number_of_ads_rent":0,"average_prize_rent":0,"normalized_prize_buy":0.5763911058059322,"normalized_ads_buy":0.23333333333333334,"normalized_prize_rent":null,"normalized_ads_rent":0,"date":"2018-12-03T17:54:06.000Z","fill-opacity":0.4611128846447458,"fill":"#ff0000"},"bbox":[-3.78537,40.3157,-3.79071,40.321],"geometry":{"type":"Polygon","coordinates":[[[-3.78537,40.321],[-3.79071,40.321],[-3.79071,40.3157],[-3.78537,40.3157],[-3.78537,40.321]]]}},{"type":"Feature","properties":{"name":"Fuenlabrada--piece--10-1--gCloud","number_of_ads_buy":6,"average_prize_buy":2049.43,"number_of_ads_rent":1,"average_prize_rent":8.94737,"normalized_prize_buy":0.7111434202673255,"normalized_ads_buy":0.2,"normalized_prize_rent":null,"normalized_ads_rent":0.03333333333333333,"date":"2018-12-03T17:54:14.000Z","fill-opacity":0.5689147362138604,"fill":"#ff0000"},"bbox":[-3.78537,40.3104,-3.79071,40.3157],"geometry":{"type":"Polygon","coordinates":[[[-3.78537,40.3157],[-3.79071,40.3157],[-3.79071,40.3104],[-3.78537,40.3104],[-3.78537,40.3157]]]}},{"type":"Feature","properties":{"name":"Fuenlabrada--piece--10-2--gCloud","number_of_ads_buy":3,"average_prize_buy":1700.02,"number_of_ads_rent":0,"average_prize_rent":0,"normalized_prize_buy":0.5898996488403403,"normalized_ads_buy":0.1,"normalized_prize_rent":null,"normalized_ads_rent":0,"date":"2018-12-03T17:54:25.000Z","fill-opacity":0.47191971907227226,"fill":"#ff0000"},"bbox":[-3.78537,40.3052,-3.79071,40.3104],"geometry":{"type":"Polygon","coordinates":[[[-3.78537,40.3104],[-3.79071,40.3104],[-3.79071,40.3052],[-3.78537,40.3052],[-3.78537,40.3104]]]}},{"type":"Feature","properties":{"name":"Fuenlabrada--piece--10-3--gCloud","number_of_ads_buy":0,"average_prize_buy":0,"number_of_ads_rent":0,"average_prize_rent":0,"normalized_prize_buy":0,"normalized_ads_buy":0,"normalized_prize_rent":null,"normalized_ads_rent":0,"date":"2018-12-03T17:54:30.000Z","fill-opacity":0,"fill":"#ff0000"},"bbox":[-3.78537,40.2999,-3.79071,40.3052],"geometry":{"type":"Polygon","coordinates":[[[-3.78537,40.3052],[-3.79071,40.3052],[-3.79071,40.2999],[-3.78537,40.2999],[-3.78537,40.3052]]]}},{"type":"Feature","properties":{"name":"Fuenlabrada--piece--10-4--gCloud","number_of_ads_buy":2,"average_prize_buy":1508.98,"number_of_ads_rent":0,"average_prize_rent":0,"normalized_prize_buy":0.52360958818549,"normalized_ads_buy":0.06666666666666667,"normalized_prize_rent":null,"normalized_ads_rent":0,"date":"2018-12-03T17:54:39.000Z","fill-opacity":0.418887670548392,"fill":"#ff0000"},"bbox":[-3.78537,40.2947,-3.79071,40.2999],"geometry":{"type":"Polygon","coordinates":[[[-3.78537,40.2999],[-3.79071,40.2999],[-3.79071,40.2947],[-3.78537,40.2947],[-3.78537,40.2999]]]}},{"type":"Feature","properties":{"name":"Fuenlabrada--piece--10-5--gCloud","number_of_ads_buy":20,"average_prize_buy":1614.18,"number_of_ads_rent":0,"average_prize_rent":0,"normalized_prize_buy":0.5601135369966828,"normalized_ads_buy":0.6666666666666666,"normalized_prize_rent":null,"normalized_ads_rent":0,"date":"2018-12-03T17:54:45.000Z","fill-opacity":0.44809082959734625,"fill":"#ff0000"},"bbox":[-3.78537,40.2894,-3.79071,40.2947],"geometry":{"type":"Polygon","coordinates":[[[-3.78537,40.2947],[-3.79071,40.2947],[-3.79071,40.2894],[-3.78537,40.2894],[-3.78537,40.2947]]]}},{"type":"Feature","properties":{"name":"Fuenlabrada--piece--10-6--gCloud","number_of_ads_buy":28,"average_prize_buy":1644.13,"number_of_ads_rent":1,"average_prize_rent":8.53659,"normalized_prize_buy":0.5705060585451164,"normalized_ads_buy":0.9333333333333333,"normalized_prize_rent":null,"normalized_ads_rent":0.03333333333333333,"date":"2018-12-03T17:55:05.000Z","fill-opacity":0.4564048468360931,"fill":"#ff0000"},"bbox":[-3.78537,40.2842,-3.79071,40.2894],"geometry":{"type":"Polygon","coordinates":[[[-3.78537,40.2894],[-3.79071,40.2894],[-3.79071,40.2842],[-3.78537,40.2842],[-3.78537,40.2894]]]}},{"type":"Feature","properties":{"name":"Fuenlabrada--piece--10-7--gCloud","number_of_ads_buy":30,"average_prize_buy":1717.43,"number_of_ads_rent":3,"average_prize_rent":8.28623,"normalized_prize_buy":0.595940844171166,"normalized_ads_buy":1,"normalized_prize_rent":null,"normalized_ads_rent":0.1,"date":"2018-12-03T17:55:23.000Z","fill-opacity":0.47675267533693283,"fill":"#ff0000"},"bbox":[-3.78537,40.2789,-3.79071,40.2842],"geometry":{"type":"Polygon","coordinates":[[[-3.78537,40.2842],[-3.79071,40.2842],[-3.79071,40.2789],[-3.78537,40.2789],[-3.78537,40.2842]]]}},{"type":"Feature","properties":{"name":"Fuenlabrada--piece--10-8--gCloud","number_of_ads_buy":10,"average_prize_buy":1687.77,"number_of_ads_rent":0,"average_prize_rent":0,"normalized_prize_buy":0.5856489513789609,"normalized_ads_buy":0.3333333333333333,"normalized_prize_rent":null,"normalized_ads_rent":0,"date":"2018-12-03T17:55:42.000Z","fill-opacity":0.4685191611031687,"fill":"#ff0000"},"bbox":[-3.78537,40.2736,-3.79071,40.2789],"geometry":{"type":"Polygon","coordinates":[[[-3.78537,40.2789],[-3.79071,40.2789],[-3.79071,40.2736],[-3.78537,40.2736],[-3.78537,40.2789]]]}},{"type":"Feature","properties":{"name":"Fuenlabrada--piece--11-0--gCloud","number_of_ads_buy":6,"average_prize_buy":1803.97,"number_of_ads_rent":3,"average_prize_rent":5.64513,"normalized_prize_buy":0.6259698530126168,"normalized_ads_buy":0.2,"normalized_prize_rent":null,"normalized_ads_rent":0.1,"date":"2018-12-03T17:56:04.000Z","fill-opacity":0.5007758824100934,"fill":"#ff0000"},"bbox":[-3.78004,40.3157,-3.78537,40.321],"geometry":{"type":"Polygon","coordinates":[[[-3.78004,40.321],[-3.78537,40.321],[-3.78537,40.3157],[-3.78004,40.3157],[-3.78004,40.321]]]}},{"type":"Feature","properties":{"name":"Fuenlabrada--piece--11-1--gCloud","number_of_ads_buy":3,"average_prize_buy":1724.51,"number_of_ads_rent":0,"average_prize_rent":0,"normalized_prize_buy":0.5983975738059877,"normalized_ads_buy":0.1,"normalized_prize_rent":null,"normalized_ads_rent":0,"date":"2018-12-03T17:56:19.000Z","fill-opacity":0.47871805904479015,"fill":"#ff0000"},"bbox":[-3.78004,40.3104,-3.78537,40.3157],"geometry":{"type":"Polygon","coordinates":[[[-3.78004,40.3157],[-3.78537,40.3157],[-3.78537,40.3104],[-3.78004,40.3104],[-3.78004,40.3157]]]}},{"type":"Feature","properties":{"name":"Fuenlabrada--piece--11-2--gCloud","number_of_ads_buy":0,"average_prize_buy":0,"number_of_ads_rent":0,"average_prize_rent":0,"normalized_prize_buy":0,"normalized_ads_buy":0,"normalized_prize_rent":null,"normalized_ads_rent":0,"date":"2018-12-03T17:56:37.000Z","fill-opacity":0,"fill":"#ff0000"},"bbox":[-3.78004,40.3052,-3.78537,40.3104],"geometry":{"type":"Polygon","coordinates":[[[-3.78004,40.3104],[-3.78537,40.3104],[-3.78537,40.3052],[-3.78004,40.3052],[-3.78004,40.3104]]]}},{"type":"Feature","properties":{"name":"Fuenlabrada--piece--11-3--gCloud","number_of_ads_buy":0,"average_prize_buy":0,"number_of_ads_rent":0,"average_prize_rent":0,"normalized_prize_buy":0,"normalized_ads_buy":0,"normalized_prize_rent":null,"normalized_ads_rent":0,"date":"2018-12-03T17:56:43.000Z","fill-opacity":0,"fill":"#ff0000"},"bbox":[-3.78004,40.2999,-3.78537,40.3052],"geometry":{"type":"Polygon","coordinates":[[[-3.78004,40.3052],[-3.78537,40.3052],[-3.78537,40.2999],[-3.78004,40.2999],[-3.78004,40.3052]]]}},{"type":"Feature","properties":{"name":"Fuenlabrada--piece--11-4--gCloud","number_of_ads_buy":1,"average_prize_buy":1462.5,"number_of_ads_rent":0,"average_prize_rent":0,"normalized_prize_buy":0.5074812275320277,"normalized_ads_buy":0.03333333333333333,"normalized_prize_rent":null,"normalized_ads_rent":0,"date":"2018-12-03T17:56:51.000Z","fill-opacity":0.4059849820256222,"fill":"#ff0000"},"bbox":[-3.78004,40.2947,-3.78537,40.2999],"geometry":{"type":"Polygon","coordinates":[[[-3.78004,40.2999],[-3.78537,40.2999],[-3.78537,40.2947],[-3.78004,40.2947],[-3.78004,40.2999]]]}},{"type":"Feature","properties":{"name":"Fuenlabrada--piece--11-5--gCloud","number_of_ads_buy":9,"average_prize_buy":1518.57,"number_of_ads_rent":0,"average_prize_rent":0,"normalized_prize_buy":0.5269372770552555,"normalized_ads_buy":0.3,"normalized_prize_rent":null,"normalized_ads_rent":0,"date":"2018-12-03T17:57:00.000Z","fill-opacity":0.4215498216442044,"fill":"#ff0000"},"bbox":[-3.78004,40.2894,-3.78537,40.2947],"geometry":{"type":"Polygon","coordinates":[[[-3.78004,40.2947],[-3.78537,40.2947],[-3.78537,40.2894],[-3.78004,40.2894],[-3.78004,40.2947]]]}},{"type":"Feature","properties":{"name":"Fuenlabrada--piece--11-6--gCloud","number_of_ads_buy":12,"average_prize_buy":1322.76,"number_of_ads_rent":0,"average_prize_rent":0,"normalized_prize_buy":0.4589920468583008,"normalized_ads_buy":0.4,"normalized_prize_rent":null,"normalized_ads_rent":0,"date":"2018-12-03T17:57:06.000Z","fill-opacity":0.3671936374866407,"fill":"#ff0000"},"bbox":[-3.78004,40.2842,-3.78537,40.2894],"geometry":{"type":"Polygon","coordinates":[[[-3.78004,40.2894],[-3.78537,40.2894],[-3.78537,40.2842],[-3.78004,40.2842],[-3.78004,40.2894]]]}},{"type":"Feature","properties":{"name":"Fuenlabrada--piece--11-7--gCloud","number_of_ads_buy":1,"average_prize_buy":1812.5,"number_of_ads_rent":0,"average_prize_rent":0,"normalized_prize_buy":0.6289297264285814,"normalized_ads_buy":0.03333333333333333,"normalized_prize_rent":null,"normalized_ads_rent":0,"date":"2018-12-03T17:57:11.000Z","fill-opacity":0.5031437811428651,"fill":"#ff0000"},"bbox":[-3.78004,40.2789,-3.78537,40.2842],"geometry":{"type":"Polygon","coordinates":[[[-3.78004,40.2842],[-3.78537,40.2842],[-3.78537,40.2789],[-3.78004,40.2789],[-3.78004,40.2842]]]}},{"type":"Feature","properties":{"name":"Fuenlabrada--piece--11-8--gCloud","number_of_ads_buy":0,"average_prize_buy":0,"number_of_ads_rent":0,"average_prize_rent":0,"normalized_prize_buy":0,"normalized_ads_buy":0,"normalized_prize_rent":null,"normalized_ads_rent":0,"date":"2018-12-03T17:57:23.000Z","fill-opacity":0,"fill":"#ff0000"},"bbox":[-3.78004,40.2736,-3.78537,40.2789],"geometry":{"type":"Polygon","coordinates":[[[-3.78004,40.2789],[-3.78537,40.2789],[-3.78537,40.2736],[-3.78004,40.2736],[-3.78004,40.2789]]]}},{"type":"Feature","properties":{"name":"Fuenlabrada--piece--2-0--gCloud","number_of_ads_buy":0,"average_prize_buy":0,"number_of_ads_rent":0,"average_prize_rent":0,"normalized_prize_buy":0,"normalized_ads_buy":0,"normalized_prize_rent":null,"normalized_ads_rent":0,"date":"2018-12-03T17:57:29.000Z","fill-opacity":0,"fill":"#ff0000"},"bbox":[-3.82804,40.3157,-3.83337,40.321],"geometry":{"type":"Polygon","coordinates":[[[-3.82804,40.321],[-3.83337,40.321],[-3.83337,40.3157],[-3.82804,40.3157],[-3.82804,40.321]]]}},{"type":"Feature","properties":{"name":"Fuenlabrada--piece--2-1--gCloud","number_of_ads_buy":0,"average_prize_buy":0,"number_of_ads_rent":0,"average_prize_rent":0,"normalized_prize_buy":0,"normalized_ads_buy":0,"normalized_prize_rent":null,"normalized_ads_rent":0,"date":"2018-12-03T17:57:34.000Z","fill-opacity":0,"fill":"#ff0000"},"bbox":[-3.82804,40.3104,-3.83337,40.3157],"geometry":{"type":"Polygon","coordinates":[[[-3.82804,40.3157],[-3.83337,40.3157],[-3.83337,40.3104],[-3.82804,40.3104],[-3.82804,40.3157]]]}},{"type":"Feature","properties":{"name":"Fuenlabrada--piece--2-2--gCloud","number_of_ads_buy":0,"average_prize_buy":0,"number_of_ads_rent":0,"average_prize_rent":0,"normalized_prize_buy":0,"normalized_ads_buy":0,"normalized_prize_rent":null,"normalized_ads_rent":0,"date":"2018-12-03T17:57:42.000Z","fill-opacity":0,"fill":"#ff0000"},"bbox":[-3.82804,40.3052,-3.83337,40.3104],"geometry":{"type":"Polygon","coordinates":[[[-3.82804,40.3104],[-3.83337,40.3104],[-3.83337,40.3052],[-3.82804,40.3052],[-3.82804,40.3104]]]}},{"type":"Feature","properties":{"name":"Fuenlabrada--piece--2-3--gCloud","number_of_ads_buy":0,"average_prize_buy":0,"number_of_ads_rent":0,"average_prize_rent":0,"normalized_prize_buy":0,"normalized_ads_buy":0,"normalized_prize_rent":null,"normalized_ads_rent":0,"date":"2018-12-03T17:57:52.000Z","fill-opacity":0,"fill":"#ff0000"},"bbox":[-3.82804,40.2999,-3.83337,40.3052],"geometry":{"type":"Polygon","coordinates":[[[-3.82804,40.3052],[-3.83337,40.3052],[-3.83337,40.2999],[-3.82804,40.2999],[-3.82804,40.3052]]]}},{"type":"Feature","properties":{"name":"Fuenlabrada--piece--2-4--gCloud","number_of_ads_buy":4,"average_prize_buy":1715.82,"number_of_ads_rent":1,"average_prize_rent":8.82353,"normalized_prize_buy":0.5953821810762419,"normalized_ads_buy":0.13333333333333333,"normalized_prize_rent":null,"normalized_ads_rent":0.03333333333333333,"date":"2018-12-03T17:58:04.000Z","fill-opacity":0.47630574486099353,"fill":"#ff0000"},"bbox":[-3.82804,40.2947,-3.83337,40.2999],"geometry":{"type":"Polygon","coordinates":[[[-3.82804,40.2999],[-3.83337,40.2999],[-3.83337,40.2947],[-3.82804,40.2947],[-3.82804,40.2999]]]}},{"type":"Feature","properties":{"name":"Fuenlabrada--piece--2-5--gCloud","number_of_ads_buy":22,"average_prize_buy":1911.84,"number_of_ads_rent":0,"average_prize_rent":0,"normalized_prize_buy":0.6634002803725345,"normalized_ads_buy":0.7333333333333333,"normalized_prize_rent":null,"normalized_ads_rent":0,"date":"2018-12-03T17:58:13.000Z","fill-opacity":0.5307202242980277,"fill":"#ff0000"},"bbox":[-3.82804,40.2894,-3.83337,40.2947],"geometry":{"type":"Polygon","coordinates":[[[-3.82804,40.2947],[-3.83337,40.2947],[-3.83337,40.2894],[-3.82804,40.2894],[-3.82804,40.2947]]]}},{"type":"Feature","properties":{"name":"Fuenlabrada--piece--2-6--gCloud","number_of_ads_buy":0,"average_prize_buy":0,"number_of_ads_rent":0,"average_prize_rent":0,"normalized_prize_buy":0,"normalized_ads_buy":0,"normalized_prize_rent":null,"normalized_ads_rent":0,"date":"2018-12-03T17:58:21.000Z","fill-opacity":0,"fill":"#ff0000"},"bbox":[-3.82804,40.2842,-3.83337,40.2894],"geometry":{"type":"Polygon","coordinates":[[[-3.82804,40.2894],[-3.83337,40.2894],[-3.83337,40.2842],[-3.82804,40.2842],[-3.82804,40.2894]]]}},{"type":"Feature","properties":{"name":"Fuenlabrada--piece--2-7--gCloud","number_of_ads_buy":0,"average_prize_buy":0,"number_of_ads_rent":0,"average_prize_rent":0,"normalized_prize_buy":0,"normalized_ads_buy":0,"normalized_prize_rent":null,"normalized_ads_rent":0,"date":"2018-12-03T17:58:26.000Z","fill-opacity":0,"fill":"#ff0000"},"bbox":[-3.82804,40.2789,-3.83337,40.2842],"geometry":{"type":"Polygon","coordinates":[[[-3.82804,40.2842],[-3.83337,40.2842],[-3.83337,40.2789],[-3.82804,40.2789],[-3.82804,40.2842]]]}},{"type":"Feature","properties":{"name":"Fuenlabrada--piece--2-8--gCloud","number_of_ads_buy":0,"average_prize_buy":0,"number_of_ads_rent":0,"average_prize_rent":0,"normalized_prize_buy":0,"normalized_ads_buy":0,"normalized_prize_rent":null,"normalized_ads_rent":0,"date":"2018-12-03T17:58:32.000Z","fill-opacity":0,"fill":"#ff0000"},"bbox":[-3.82804,40.2736,-3.83337,40.2789],"geometry":{"type":"Polygon","coordinates":[[[-3.82804,40.2789],[-3.83337,40.2789],[-3.83337,40.2736],[-3.82804,40.2736],[-3.82804,40.2789]]]}},{"type":"Feature","properties":{"name":"Fuenlabrada--piece--3-0--gCloud","number_of_ads_buy":0,"average_prize_buy":0,"number_of_ads_rent":0,"average_prize_rent":0,"normalized_prize_buy":0,"normalized_ads_buy":0,"normalized_prize_rent":null,"normalized_ads_rent":0,"date":"2018-12-03T17:58:37.000Z","fill-opacity":0,"fill":"#ff0000"},"bbox":[-3.82271,40.3157,-3.82804,40.321],"geometry":{"type":"Polygon","coordinates":[[[-3.82271,40.321],[-3.82804,40.321],[-3.82804,40.3157],[-3.82271,40.3157],[-3.82271,40.321]]]}},{"type":"Feature","properties":{"name":"Fuenlabrada--piece--3-1--gCloud","number_of_ads_buy":0,"average_prize_buy":0,"number_of_ads_rent":0,"average_prize_rent":0,"normalized_prize_buy":0,"normalized_ads_buy":0,"normalized_prize_rent":null,"normalized_ads_rent":0,"date":"2018-12-03T17:58:46.000Z","fill-opacity":0,"fill":"#ff0000"},"bbox":[-3.82271,40.3104,-3.82804,40.3157],"geometry":{"type":"Polygon","coordinates":[[[-3.82271,40.3157],[-3.82804,40.3157],[-3.82804,40.3104],[-3.82271,40.3104],[-3.82271,40.3157]]]}},{"type":"Feature","properties":{"name":"Fuenlabrada--piece--3-2--gCloud","number_of_ads_buy":0,"average_prize_buy":0,"number_of_ads_rent":0,"average_prize_rent":0,"normalized_prize_buy":0,"normalized_ads_buy":0,"normalized_prize_rent":null,"normalized_ads_rent":0,"date":"2018-12-03T17:58:54.000Z","fill-opacity":0,"fill":"#ff0000"},"bbox":[-3.82271,40.3052,-3.82804,40.3104],"geometry":{"type":"Polygon","coordinates":[[[-3.82271,40.3104],[-3.82804,40.3104],[-3.82804,40.3052],[-3.82271,40.3052],[-3.82271,40.3104]]]}},{"type":"Feature","properties":{"name":"Fuenlabrada--piece--3-3--gCloud","number_of_ads_buy":0,"average_prize_buy":0,"number_of_ads_rent":0,"average_prize_rent":0,"normalized_prize_buy":0,"normalized_ads_buy":0,"normalized_prize_rent":null,"normalized_ads_rent":0,"date":"2018-12-03T17:59:03.000Z","fill-opacity":0,"fill":"#ff0000"},"bbox":[-3.82271,40.2999,-3.82804,40.3052],"geometry":{"type":"Polygon","coordinates":[[[-3.82271,40.3052],[-3.82804,40.3052],[-3.82804,40.2999],[-3.82271,40.2999],[-3.82271,40.3052]]]}},{"type":"Feature","properties":{"name":"Fuenlabrada--piece--3-4--gCloud","number_of_ads_buy":0,"average_prize_buy":0,"number_of_ads_rent":0,"average_prize_rent":0,"normalized_prize_buy":0,"normalized_ads_buy":0,"normalized_prize_rent":null,"normalized_ads_rent":0,"date":"2018-12-03T17:59:14.000Z","fill-opacity":0,"fill":"#ff0000"},"bbox":[-3.82271,40.2947,-3.82804,40.2999],"geometry":{"type":"Polygon","coordinates":[[[-3.82271,40.2999],[-3.82804,40.2999],[-3.82804,40.2947],[-3.82271,40.2947],[-3.82271,40.2999]]]}},{"type":"Feature","properties":{"name":"Fuenlabrada--piece--3-5--gCloud","number_of_ads_buy":11,"average_prize_buy":2741.58,"number_of_ads_rent":4,"average_prize_rent":9.11833,"normalized_prize_buy":0.9513165017280386,"normalized_ads_buy":0.36666666666666664,"normalized_prize_rent":null,"normalized_ads_rent":0.13333333333333333,"date":"2018-12-03T17:59:23.000Z","fill-opacity":0.7610532013824309,"fill":"#ff0000"},"bbox":[-3.82271,40.2894,-3.82804,40.2947],"geometry":{"type":"Polygon","coordinates":[[[-3.82271,40.2947],[-3.82804,40.2947],[-3.82804,40.2894],[-3.82271,40.2894],[-3.82271,40.2947]]]}},{"type":"Feature","properties":{"name":"Fuenlabrada--piece--3-6--gCloud","number_of_ads_buy":2,"average_prize_buy":1444.44,"number_of_ads_rent":0,"average_prize_rent":0,"normalized_prize_buy":0.5012144849889656,"normalized_ads_buy":0.06666666666666667,"normalized_prize_rent":null,"normalized_ads_rent":0,"date":"2018-12-03T17:59:32.000Z","fill-opacity":0.4009715879911725,"fill":"#ff0000"},"bbox":[-3.82271,40.2842,-3.82804,40.2894],"geometry":{"type":"Polygon","coordinates":[[[-3.82271,40.2894],[-3.82804,40.2894],[-3.82804,40.2842],[-3.82271,40.2842],[-3.82271,40.2894]]]}},{"type":"Feature","properties":{"name":"Fuenlabrada--piece--3-7--gCloud","number_of_ads_buy":0,"average_prize_buy":0,"number_of_ads_rent":0,"average_prize_rent":0,"normalized_prize_buy":0,"normalized_ads_buy":0,"normalized_prize_rent":null,"normalized_ads_rent":0,"date":"2018-12-03T17:59:43.000Z","fill-opacity":0,"fill":"#ff0000"},"bbox":[-3.82271,40.2789,-3.82804,40.2842],"geometry":{"type":"Polygon","coordinates":[[[-3.82271,40.2842],[-3.82804,40.2842],[-3.82804,40.2789],[-3.82271,40.2789],[-3.82271,40.2842]]]}},{"type":"Feature","properties":{"name":"Fuenlabrada--piece--3-8--gCloud","number_of_ads_buy":0,"average_prize_buy":0,"number_of_ads_rent":0,"average_prize_rent":0,"normalized_prize_buy":0,"normalized_ads_buy":0,"normalized_prize_rent":null,"normalized_ads_rent":0,"date":"2018-12-03T17:59:51.000Z","fill-opacity":0,"fill":"#ff0000"},"bbox":[-3.82271,40.2736,-3.82804,40.2789],"geometry":{"type":"Polygon","coordinates":[[[-3.82271,40.2789],[-3.82804,40.2789],[-3.82804,40.2736],[-3.82271,40.2736],[-3.82271,40.2789]]]}},{"type":"Feature","properties":{"name":"Fuenlabrada--piece--4-0--gCloud","number_of_ads_buy":0,"average_prize_buy":0,"number_of_ads_rent":0,"average_prize_rent":0,"normalized_prize_buy":0,"normalized_ads_buy":0,"normalized_prize_rent":null,"normalized_ads_rent":0,"date":"2018-12-03T17:59:59.000Z","fill-opacity":0,"fill":"#ff0000"},"bbox":[-3.81737,40.3157,-3.82271,40.321],"geometry":{"type":"Polygon","coordinates":[[[-3.81737,40.321],[-3.82271,40.321],[-3.82271,40.3157],[-3.81737,40.3157],[-3.81737,40.321]]]}},{"type":"Feature","properties":{"name":"Fuenlabrada--piece--4-1--gCloud","number_of_ads_buy":0,"average_prize_buy":0,"number_of_ads_rent":0,"average_prize_rent":0,"normalized_prize_buy":0,"normalized_ads_buy":0,"normalized_prize_rent":null,"normalized_ads_rent":0,"date":"2018-12-03T18:00:11.000Z","fill-opacity":0,"fill":"#ff0000"},"bbox":[-3.81737,40.3104,-3.82271,40.3157],"geometry":{"type":"Polygon","coordinates":[[[-3.81737,40.3157],[-3.82271,40.3157],[-3.82271,40.3104],[-3.81737,40.3104],[-3.81737,40.3157]]]}},{"type":"Feature","properties":{"name":"Fuenlabrada--piece--4-2--gCloud","number_of_ads_buy":0,"average_prize_buy":0,"number_of_ads_rent":0,"average_prize_rent":0,"normalized_prize_buy":0,"normalized_ads_buy":0,"normalized_prize_rent":null,"normalized_ads_rent":0,"date":"2018-12-03T18:00:36.000Z","fill-opacity":0,"fill":"#ff0000"},"bbox":[-3.81737,40.3052,-3.82271,40.3104],"geometry":{"type":"Polygon","coordinates":[[[-3.81737,40.3104],[-3.82271,40.3104],[-3.82271,40.3052],[-3.81737,40.3052],[-3.81737,40.3104]]]}},{"type":"Feature","properties":{"name":"Fuenlabrada--piece--4-3--gCloud","number_of_ads_buy":0,"average_prize_buy":0,"number_of_ads_rent":0,"average_prize_rent":0,"normalized_prize_buy":0,"normalized_ads_buy":0,"normalized_prize_rent":null,"normalized_ads_rent":0,"date":"2018-12-03T18:00:55.000Z","fill-opacity":0,"fill":"#ff0000"},"bbox":[-3.81737,40.2999,-3.82271,40.3052],"geometry":{"type":"Polygon","coordinates":[[[-3.81737,40.3052],[-3.82271,40.3052],[-3.82271,40.2999],[-3.81737,40.2999],[-3.81737,40.3052]]]}},{"type":"Feature","properties":{"name":"Fuenlabrada--piece--4-4--gCloud","number_of_ads_buy":0,"average_prize_buy":0,"number_of_ads_rent":0,"average_prize_rent":0,"normalized_prize_buy":0,"normalized_ads_buy":0,"normalized_prize_rent":null,"normalized_ads_rent":0,"date":"2018-12-03T18:01:14.000Z","fill-opacity":0,"fill":"#ff0000"},"bbox":[-3.81737,40.2947,-3.82271,40.2999],"geometry":{"type":"Polygon","coordinates":[[[-3.81737,40.2999],[-3.82271,40.2999],[-3.82271,40.2947],[-3.81737,40.2947],[-3.81737,40.2999]]]}},{"type":"Feature","properties":{"name":"Fuenlabrada--piece--4-5--gCloud","number_of_ads_buy":9,"average_prize_buy":1685.76,"number_of_ads_rent":0,"average_prize_rent":0,"normalized_prize_buy":0.5849514899995836,"normalized_ads_buy":0.3,"normalized_prize_rent":null,"normalized_ads_rent":0,"date":"2018-12-03T18:01:20.000Z","fill-opacity":0.4679611919996669,"fill":"#ff0000"},"bbox":[-3.81737,40.2894,-3.82271,40.2947],"geometry":{"type":"Polygon","coordinates":[[[-3.81737,40.2947],[-3.82271,40.2947],[-3.82271,40.2894],[-3.81737,40.2894],[-3.81737,40.2947]]]}},{"type":"Feature","properties":{"name":"Fuenlabrada--piece--4-6--gCloud","number_of_ads_buy":6,"average_prize_buy":2041.93,"number_of_ads_rent":0,"average_prize_rent":0,"normalized_prize_buy":0.7085409524338279,"normalized_ads_buy":0.2,"normalized_prize_rent":null,"normalized_ads_rent":0,"date":"2018-12-03T18:01:39.000Z","fill-opacity":0.5668327619470623,"fill":"#ff0000"},"bbox":[-3.81737,40.2842,-3.82271,40.2894],"geometry":{"type":"Polygon","coordinates":[[[-3.81737,40.2894],[-3.82271,40.2894],[-3.82271,40.2842],[-3.81737,40.2842],[-3.81737,40.2894]]]}},{"type":"Feature","properties":{"name":"Fuenlabrada--piece--4-7--gCloud","number_of_ads_buy":0,"average_prize_buy":0,"number_of_ads_rent":0,"average_prize_rent":0,"normalized_prize_buy":0,"normalized_ads_buy":0,"normalized_prize_rent":null,"normalized_ads_rent":0,"date":"2018-12-03T18:01:48.000Z","fill-opacity":0,"fill":"#ff0000"},"bbox":[-3.81737,40.2789,-3.82271,40.2842],"geometry":{"type":"Polygon","coordinates":[[[-3.81737,40.2842],[-3.82271,40.2842],[-3.82271,40.2789],[-3.81737,40.2789],[-3.81737,40.2842]]]}},{"type":"Feature","properties":{"name":"Fuenlabrada--piece--4-8--gCloud","number_of_ads_buy":0,"average_prize_buy":0,"number_of_ads_rent":0,"average_prize_rent":0,"normalized_prize_buy":0,"normalized_ads_buy":0,"normalized_prize_rent":null,"normalized_ads_rent":0,"date":"2018-12-03T18:01:53.000Z","fill-opacity":0,"fill":"#ff0000"},"bbox":[-3.81737,40.2736,-3.82271,40.2789],"geometry":{"type":"Polygon","coordinates":[[[-3.81737,40.2789],[-3.82271,40.2789],[-3.82271,40.2736],[-3.81737,40.2736],[-3.81737,40.2789]]]}},{"type":"Feature","properties":{"name":"Fuenlabrada--piece--5-0--gCloud","number_of_ads_buy":0,"average_prize_buy":0,"number_of_ads_rent":0,"average_prize_rent":0,"normalized_prize_buy":0,"normalized_ads_buy":0,"normalized_prize_rent":null,"normalized_ads_rent":0,"date":"2018-12-03T18:02:05.000Z","fill-opacity":0,"fill":"#ff0000"},"bbox":[-3.81204,40.3157,-3.81737,40.321],"geometry":{"type":"Polygon","coordinates":[[[-3.81204,40.321],[-3.81737,40.321],[-3.81737,40.3157],[-3.81204,40.3157],[-3.81204,40.321]]]}},{"type":"Feature","properties":{"name":"Fuenlabrada--piece--5-1--gCloud","number_of_ads_buy":0,"average_prize_buy":0,"number_of_ads_rent":0,"average_prize_rent":0,"normalized_prize_buy":0,"normalized_ads_buy":0,"normalized_prize_rent":null,"normalized_ads_rent":0,"date":"2018-12-03T18:02:10.000Z","fill-opacity":0,"fill":"#ff0000"},"bbox":[-3.81204,40.3104,-3.81737,40.3157],"geometry":{"type":"Polygon","coordinates":[[[-3.81204,40.3157],[-3.81737,40.3157],[-3.81737,40.3104],[-3.81204,40.3104],[-3.81204,40.3157]]]}},{"type":"Feature","properties":{"name":"Fuenlabrada--piece--5-2--gCloud","number_of_ads_buy":0,"average_prize_buy":0,"number_of_ads_rent":0,"average_prize_rent":0,"normalized_prize_buy":0,"normalized_ads_buy":0,"normalized_prize_rent":null,"normalized_ads_rent":0,"date":"2018-12-03T18:02:20.000Z","fill-opacity":0,"fill":"#ff0000"},"bbox":[-3.81204,40.3052,-3.81737,40.3104],"geometry":{"type":"Polygon","coordinates":[[[-3.81204,40.3104],[-3.81737,40.3104],[-3.81737,40.3052],[-3.81204,40.3052],[-3.81204,40.3104]]]}},{"type":"Feature","properties":{"name":"Fuenlabrada--piece--5-3--gCloud","number_of_ads_buy":2,"average_prize_buy":1674.7,"number_of_ads_rent":0,"average_prize_rent":0,"normalized_prize_buy":0.5811137174344525,"normalized_ads_buy":0.06666666666666667,"normalized_prize_rent":null,"normalized_ads_rent":0,"date":"2018-12-03T18:02:34.000Z","fill-opacity":0.464890973947562,"fill":"#ff0000"},"bbox":[-3.81204,40.2999,-3.81737,40.3052],"geometry":{"type":"Polygon","coordinates":[[[-3.81204,40.3052],[-3.81737,40.3052],[-3.81737,40.2999],[-3.81204,40.2999],[-3.81204,40.3052]]]}},{"type":"Feature","properties":{"name":"Fuenlabrada--piece--5-4--gCloud","number_of_ads_buy":1,"average_prize_buy":1988.24,"number_of_ads_rent":0,"average_prize_rent":0,"normalized_prize_buy":0.6899107527030965,"normalized_ads_buy":0.03333333333333333,"normalized_prize_rent":null,"normalized_ads_rent":0,"date":"2018-12-03T18:02:39.000Z","fill-opacity":0.5519286021624773,"fill":"#ff0000"},"bbox":[-3.81204,40.2947,-3.81737,40.2999],"geometry":{"type":"Polygon","coordinates":[[[-3.81204,40.2999],[-3.81737,40.2999],[-3.81737,40.2947],[-3.81204,40.2947],[-3.81204,40.2999]]]}},{"type":"Feature","properties":{"name":"Fuenlabrada--piece--5-5--gCloud","number_of_ads_buy":6,"average_prize_buy":1845.01,"number_of_ads_rent":0,"average_prize_rent":0,"normalized_prize_buy":0.6402105569975155,"normalized_ads_buy":0.2,"normalized_prize_rent":null,"normalized_ads_rent":0,"date":"2018-12-03T18:02:45.000Z","fill-opacity":0.5121684455980124,"fill":"#ff0000"},"bbox":[-3.81204,40.2894,-3.81737,40.2947],"geometry":{"type":"Polygon","coordinates":[[[-3.81204,40.2947],[-3.81737,40.2947],[-3.81737,40.2894],[-3.81204,40.2894],[-3.81204,40.2947]]]}},{"type":"Feature","properties":{"name":"Fuenlabrada--piece--5-6--gCloud","number_of_ads_buy":3,"average_prize_buy":1346.49,"number_of_ads_rent":0,"average_prize_rent":0,"normalized_prize_buy":0.46722625508348714,"normalized_ads_buy":0.1,"normalized_prize_rent":null,"normalized_ads_rent":0,"date":"2018-12-03T18:02:56.000Z","fill-opacity":0.3737810040667897,"fill":"#ff0000"},"bbox":[-3.81204,40.2842,-3.81737,40.2894],"geometry":{"type":"Polygon","coordinates":[[[-3.81204,40.2894],[-3.81737,40.2894],[-3.81737,40.2842],[-3.81204,40.2842],[-3.81204,40.2894]]]}},{"type":"Feature","properties":{"name":"Fuenlabrada--piece--5-7--gCloud","number_of_ads_buy":2,"average_prize_buy":2881.88,"number_of_ads_rent":1,"average_prize_rent":7.14286,"normalized_prize_buy":1,"normalized_ads_buy":0.06666666666666667,"normalized_prize_rent":null,"normalized_ads_rent":0.03333333333333333,"date":"2018-12-03T18:03:04.000Z","fill-opacity":0.8,"fill":"#ff0000"},"bbox":[-3.81204,40.2789,-3.81737,40.2842],"geometry":{"type":"Polygon","coordinates":[[[-3.81204,40.2842],[-3.81737,40.2842],[-3.81737,40.2789],[-3.81204,40.2789],[-3.81204,40.2842]]]}},{"type":"Feature","properties":{"name":"Fuenlabrada--piece--5-8--gCloud","number_of_ads_buy":0,"average_prize_buy":0,"number_of_ads_rent":0,"average_prize_rent":0,"normalized_prize_buy":0,"normalized_ads_buy":0,"normalized_prize_rent":null,"normalized_ads_rent":0,"date":"2018-12-03T18:03:13.000Z","fill-opacity":0,"fill":"#ff0000"},"bbox":[-3.81204,40.2736,-3.81737,40.2789],"geometry":{"type":"Polygon","coordinates":[[[-3.81204,40.2789],[-3.81737,40.2789],[-3.81737,40.2736],[-3.81204,40.2736],[-3.81204,40.2789]]]}},{"type":"Feature","properties":{"name":"Fuenlabrada--piece--6-0--gCloud","number_of_ads_buy":0,"average_prize_buy":0,"number_of_ads_rent":0,"average_prize_rent":0,"normalized_prize_buy":0,"normalized_ads_buy":0,"normalized_prize_rent":null,"normalized_ads_rent":0,"date":"2018-12-03T18:03:18.000Z","fill-opacity":0,"fill":"#ff0000"},"bbox":[-3.80671,40.3157,-3.81204,40.321],"geometry":{"type":"Polygon","coordinates":[[[-3.80671,40.321],[-3.81204,40.321],[-3.81204,40.3157],[-3.80671,40.3157],[-3.80671,40.321]]]}},{"type":"Feature","properties":{"name":"Fuenlabrada--piece--6-1--gCloud","number_of_ads_buy":0,"average_prize_buy":0,"number_of_ads_rent":0,"average_prize_rent":0,"normalized_prize_buy":0,"normalized_ads_buy":0,"normalized_prize_rent":null,"normalized_ads_rent":0,"date":"2018-12-03T18:03:23.000Z","fill-opacity":0,"fill":"#ff0000"},"bbox":[-3.80671,40.3104,-3.81204,40.3157],"geometry":{"type":"Polygon","coordinates":[[[-3.80671,40.3157],[-3.81204,40.3157],[-3.81204,40.3104],[-3.80671,40.3104],[-3.80671,40.3157]]]}},{"type":"Feature","properties":{"name":"Fuenlabrada--piece--6-2--gCloud","number_of_ads_buy":1,"average_prize_buy":2317.07,"number_of_ads_rent":0,"average_prize_rent":0,"normalized_prize_buy":0.8040133523949644,"normalized_ads_buy":0.03333333333333333,"normalized_prize_rent":null,"normalized_ads_rent":0,"date":"2018-12-03T18:03:29.000Z","fill-opacity":0.6432106819159715,"fill":"#ff0000"},"bbox":[-3.80671,40.3052,-3.81204,40.3104],"geometry":{"type":"Polygon","coordinates":[[[-3.80671,40.3104],[-3.81204,40.3104],[-3.81204,40.3052],[-3.80671,40.3052],[-3.80671,40.3104]]]}},{"type":"Feature","properties":{"name":"Fuenlabrada--piece--6-3--gCloud","number_of_ads_buy":6,"average_prize_buy":1649.88,"number_of_ads_rent":0,"average_prize_rent":0,"normalized_prize_buy":0.5725012838841312,"normalized_ads_buy":0.2,"normalized_prize_rent":null,"normalized_ads_rent":0,"date":"2018-12-03T18:03:41.000Z","fill-opacity":0.458001027107305,"fill":"#ff0000"},"bbox":[-3.80671,40.2999,-3.81204,40.3052],"geometry":{"type":"Polygon","coordinates":[[[-3.80671,40.3052],[-3.81204,40.3052],[-3.81204,40.2999],[-3.80671,40.2999],[-3.80671,40.3052]]]}},{"type":"Feature","properties":{"name":"Fuenlabrada--piece--6-4--gCloud","number_of_ads_buy":29,"average_prize_buy":1518.29,"number_of_ads_rent":3,"average_prize_rent":6.98883,"normalized_prize_buy":0.5268401182561383,"normalized_ads_buy":0.9666666666666667,"normalized_prize_rent":null,"normalized_ads_rent":0.1,"date":"2018-12-03T18:03:48.000Z","fill-opacity":0.42147209460491064,"fill":"#ff0000"},"bbox":[-3.80671,40.2947,-3.81204,40.2999],"geometry":{"type":"Polygon","coordinates":[[[-3.80671,40.2999],[-3.81204,40.2999],[-3.81204,40.2947],[-3.80671,40.2947],[-3.80671,40.2999]]]}},{"type":"Feature","properties":{"name":"Fuenlabrada--piece--6-5--gCloud","number_of_ads_buy":25,"average_prize_buy":1635.69,"number_of_ads_rent":0,"average_prize_rent":0,"normalized_prize_buy":0.5675774147431538,"normalized_ads_buy":0.8333333333333334,"normalized_prize_rent":null,"normalized_ads_rent":0,"date":"2018-12-03T18:03:57.000Z","fill-opacity":0.4540619317945231,"fill":"#ff0000"},"bbox":[-3.80671,40.2894,-3.81204,40.2947],"geometry":{"type":"Polygon","coordinates":[[[-3.80671,40.2947],[-3.81204,40.2947],[-3.81204,40.2894],[-3.80671,40.2894],[-3.80671,40.2947]]]}},{"type":"Feature","properties":{"name":"Fuenlabrada--piece--6-6--gCloud","number_of_ads_buy":24,"average_prize_buy":1616.93,"number_of_ads_rent":1,"average_prize_rent":7.94118,"normalized_prize_buy":0.5610677752022984,"normalized_ads_buy":0.8,"normalized_prize_rent":null,"normalized_ads_rent":0.03333333333333333,"date":"2018-12-03T18:04:07.000Z","fill-opacity":0.4488542201618388,"fill":"#ff0000"},"bbox":[-3.80671,40.2842,-3.81204,40.2894],"geometry":{"type":"Polygon","coordinates":[[[-3.80671,40.2894],[-3.81204,40.2894],[-3.81204,40.2842],[-3.80671,40.2842],[-3.80671,40.2894]]]}},{"type":"Feature","properties":{"name":"Fuenlabrada--piece--6-7--gCloud","number_of_ads_buy":24,"average_prize_buy":1525.63,"number_of_ads_rent":1,"average_prize_rent":7.05882,"normalized_prize_buy":0.5293870667758547,"normalized_ads_buy":0.8,"normalized_prize_rent":null,"normalized_ads_rent":0.03333333333333333,"date":"2018-12-03T18:04:14.000Z","fill-opacity":0.42350965342068375,"fill":"#ff0000"},"bbox":[-3.80671,40.2789,-3.81204,40.2842],"geometry":{"type":"Polygon","coordinates":[[[-3.80671,40.2842],[-3.81204,40.2842],[-3.81204,40.2789],[-3.80671,40.2789],[-3.80671,40.2842]]]}},{"type":"Feature","properties":{"name":"Fuenlabrada--piece--6-8--gCloud","number_of_ads_buy":12,"average_prize_buy":1599.3,"number_of_ads_rent":0,"average_prize_rent":0,"normalized_prize_buy":0.5549502408150235,"normalized_ads_buy":0.4,"normalized_prize_rent":null,"normalized_ads_rent":0,"date":"2018-12-03T18:04:22.000Z","fill-opacity":0.44396019265201886,"fill":"#ff0000"},"bbox":[-3.80671,40.2736,-3.81204,40.2789],"geometry":{"type":"Polygon","coordinates":[[[-3.80671,40.2789],[-3.81204,40.2789],[-3.81204,40.2736],[-3.80671,40.2736],[-3.80671,40.2789]]]}},{"type":"Feature","properties":{"name":"Fuenlabrada--piece--7-0--gCloud","number_of_ads_buy":1,"average_prize_buy":0,"number_of_ads_rent":0,"average_prize_rent":0,"normalized_prize_buy":0,"normalized_ads_buy":0.03333333333333333,"normalized_prize_rent":null,"normalized_ads_rent":0,"date":"2018-12-03T18:04:33.000Z","fill-opacity":0,"fill":"#ff0000"},"bbox":[-3.80137,40.3157,-3.80671,40.321],"geometry":{"type":"Polygon","coordinates":[[[-3.80137,40.321],[-3.80671,40.321],[-3.80671,40.3157],[-3.80137,40.3157],[-3.80137,40.321]]]}},{"type":"Feature","properties":{"name":"Fuenlabrada--piece--7-1--gCloud","number_of_ads_buy":0,"average_prize_buy":0,"number_of_ads_rent":0,"average_prize_rent":0,"normalized_prize_buy":0,"normalized_ads_buy":0,"normalized_prize_rent":null,"normalized_ads_rent":0,"date":"2018-12-03T18:04:38.000Z","fill-opacity":0,"fill":"#ff0000"},"bbox":[-3.80137,40.3104,-3.80671,40.3157],"geometry":{"type":"Polygon","coordinates":[[[-3.80137,40.3157],[-3.80671,40.3157],[-3.80671,40.3104],[-3.80137,40.3104],[-3.80137,40.3157]]]}},{"type":"Feature","properties":{"name":"Fuenlabrada--piece--7-2--gCloud","number_of_ads_buy":0,"average_prize_buy":0,"number_of_ads_rent":0,"average_prize_rent":0,"normalized_prize_buy":0,"normalized_ads_buy":0,"normalized_prize_rent":null,"normalized_ads_rent":0,"date":"2018-12-03T18:04:49.000Z","fill-opacity":0,"fill":"#ff0000"},"bbox":[-3.80137,40.3052,-3.80671,40.3104],"geometry":{"type":"Polygon","coordinates":[[[-3.80137,40.3104],[-3.80671,40.3104],[-3.80671,40.3052],[-3.80137,40.3052],[-3.80137,40.3104]]]}},{"type":"Feature","properties":{"name":"Fuenlabrada--piece--7-3--gCloud","number_of_ads_buy":0,"average_prize_buy":0,"number_of_ads_rent":0,"average_prize_rent":0,"normalized_prize_buy":0,"normalized_ads_buy":0,"normalized_prize_rent":null,"normalized_ads_rent":0,"date":"2018-12-03T18:04:54.000Z","fill-opacity":0,"fill":"#ff0000"},"bbox":[-3.80137,40.2999,-3.80671,40.3052],"geometry":{"type":"Polygon","coordinates":[[[-3.80137,40.3052],[-3.80671,40.3052],[-3.80671,40.2999],[-3.80137,40.2999],[-3.80137,40.3052]]]}},{"type":"Feature","properties":{"name":"Fuenlabrada--piece--7-4--gCloud","number_of_ads_buy":18,"average_prize_buy":1796.03,"number_of_ads_rent":3,"average_prize_rent":7.95676,"normalized_prize_buy":0.6232147070662206,"normalized_ads_buy":0.6,"normalized_prize_rent":null,"normalized_ads_rent":0.1,"date":"2018-12-03T18:05:03.000Z","fill-opacity":0.4985717656529765,"fill":"#ff0000"},"bbox":[-3.80137,40.2947,-3.80671,40.2999],"geometry":{"type":"Polygon","coordinates":[[[-3.80137,40.2999],[-3.80671,40.2999],[-3.80671,40.2947],[-3.80137,40.2947],[-3.80137,40.2999]]]}},{"type":"Feature","properties":{"name":"Fuenlabrada--piece--7-5--gCloud","number_of_ads_buy":20,"average_prize_buy":1650.16,"number_of_ads_rent":3,"average_prize_rent":9.55093,"normalized_prize_buy":0.5725984426832484,"normalized_ads_buy":0.6666666666666666,"normalized_prize_rent":null,"normalized_ads_rent":0.1,"date":"2018-12-03T18:05:13.000Z","fill-opacity":0.45807875414659877,"fill":"#ff0000"},"bbox":[-3.80137,40.2894,-3.80671,40.2947],"geometry":{"type":"Polygon","coordinates":[[[-3.80137,40.2947],[-3.80671,40.2947],[-3.80671,40.2894],[-3.80137,40.2894],[-3.80137,40.2947]]]}},{"type":"Feature","properties":{"name":"Fuenlabrada--piece--7-6--gCloud","number_of_ads_buy":15,"average_prize_buy":1948.33,"number_of_ads_rent":4,"average_prize_rent":8.70585,"normalized_prize_buy":0.6760621538717781,"normalized_ads_buy":0.5,"normalized_prize_rent":null,"normalized_ads_rent":0.13333333333333333,"date":"2018-12-03T18:05:22.000Z","fill-opacity":0.5408497230974225,"fill":"#ff0000"},"bbox":[-3.80137,40.2842,-3.80671,40.2894],"geometry":{"type":"Polygon","coordinates":[[[-3.80137,40.2894],[-3.80671,40.2894],[-3.80671,40.2842],[-3.80137,40.2842],[-3.80137,40.2894]]]}},{"type":"Feature","properties":{"name":"Fuenlabrada--piece--7-7--gCloud","number_of_ads_buy":28,"average_prize_buy":1733.54,"number_of_ads_rent":1,"average_prize_rent":8.82353,"normalized_prize_buy":0.6015309450775188,"normalized_ads_buy":0.9333333333333333,"normalized_prize_rent":null,"normalized_ads_rent":0.03333333333333333,"date":"2018-12-03T18:05:29.000Z","fill-opacity":0.4812247560620151,"fill":"#ff0000"},"bbox":[-3.80137,40.2789,-3.80671,40.2842],"geometry":{"type":"Polygon","coordinates":[[[-3.80137,40.2842],[-3.80671,40.2842],[-3.80671,40.2789],[-3.80137,40.2789],[-3.80137,40.2842]]]}},{"type":"Feature","properties":{"name":"Fuenlabrada--piece--7-8--gCloud","number_of_ads_buy":21,"average_prize_buy":1961.29,"number_of_ads_rent":0,"average_prize_rent":0,"normalized_prize_buy":0.6805592182880619,"normalized_ads_buy":0.7,"normalized_prize_rent":null,"normalized_ads_rent":0,"date":"2018-12-03T18:05:38.000Z","fill-opacity":0.5444473746304496,"fill":"#ff0000"},"bbox":[-3.80137,40.2736,-3.80671,40.2789],"geometry":{"type":"Polygon","coordinates":[[[-3.80137,40.2789],[-3.80671,40.2789],[-3.80671,40.2736],[-3.80137,40.2736],[-3.80137,40.2789]]]}},{"type":"Feature","properties":{"name":"Fuenlabrada--piece--8-0--gCloud","number_of_ads_buy":0,"average_prize_buy":0,"number_of_ads_rent":0,"average_prize_rent":0,"normalized_prize_buy":0,"normalized_ads_buy":0,"normalized_prize_rent":null,"normalized_ads_rent":0,"date":"2018-12-03T18:05:44.000Z","fill-opacity":0,"fill":"#ff0000"},"bbox":[-3.79604,40.3157,-3.80137,40.321],"geometry":{"type":"Polygon","coordinates":[[[-3.79604,40.321],[-3.80137,40.321],[-3.80137,40.3157],[-3.79604,40.3157],[-3.79604,40.321]]]}},{"type":"Feature","properties":{"name":"Fuenlabrada--piece--8-1--gCloud","number_of_ads_buy":0,"average_prize_buy":0,"number_of_ads_rent":0,"average_prize_rent":0,"normalized_prize_buy":0,"normalized_ads_buy":0,"normalized_prize_rent":null,"normalized_ads_rent":0,"date":"2018-12-03T18:05:49.000Z","fill-opacity":0,"fill":"#ff0000"},"bbox":[-3.79604,40.3104,-3.80137,40.3157],"geometry":{"type":"Polygon","coordinates":[[[-3.79604,40.3157],[-3.80137,40.3157],[-3.80137,40.3104],[-3.79604,40.3104],[-3.79604,40.3157]]]}},{"type":"Feature","properties":{"name":"Fuenlabrada--piece--8-2--gCloud","number_of_ads_buy":0,"average_prize_buy":0,"number_of_ads_rent":0,"average_prize_rent":0,"normalized_prize_buy":0,"normalized_ads_buy":0,"normalized_prize_rent":null,"normalized_ads_rent":0,"date":"2018-12-03T18:05:57.000Z","fill-opacity":0,"fill":"#ff0000"},"bbox":[-3.79604,40.3052,-3.80137,40.3104],"geometry":{"type":"Polygon","coordinates":[[[-3.79604,40.3104],[-3.80137,40.3104],[-3.80137,40.3052],[-3.79604,40.3052],[-3.79604,40.3104]]]}},{"type":"Feature","properties":{"name":"Fuenlabrada--piece--8-3--gCloud","number_of_ads_buy":0,"average_prize_buy":0,"number_of_ads_rent":0,"average_prize_rent":0,"normalized_prize_buy":0,"normalized_ads_buy":0,"normalized_prize_rent":null,"normalized_ads_rent":0,"date":"2018-12-03T18:06:02.000Z","fill-opacity":0,"fill":"#ff0000"},"bbox":[-3.79604,40.2999,-3.80137,40.3052],"geometry":{"type":"Polygon","coordinates":[[[-3.79604,40.3052],[-3.80137,40.3052],[-3.80137,40.2999],[-3.79604,40.2999],[-3.79604,40.3052]]]}},{"type":"Feature","properties":{"name":"Fuenlabrada--piece--8-4--gCloud","number_of_ads_buy":2,"average_prize_buy":1991.51,"number_of_ads_rent":0,"average_prize_rent":0,"normalized_prize_buy":0.6910454286785015,"normalized_ads_buy":0.06666666666666667,"normalized_prize_rent":null,"normalized_ads_rent":0,"date":"2018-12-03T18:06:09.000Z","fill-opacity":0.5528363429428013,"fill":"#ff0000"},"bbox":[-3.79604,40.2947,-3.80137,40.2999],"geometry":{"type":"Polygon","coordinates":[[[-3.79604,40.2999],[-3.80137,40.2999],[-3.80137,40.2947],[-3.79604,40.2947],[-3.79604,40.2999]]]}},{"type":"Feature","properties":{"name":"Fuenlabrada--piece--8-5--gCloud","number_of_ads_buy":23,"average_prize_buy":1762.08,"number_of_ads_rent":2,"average_prize_rent":8.15476,"normalized_prize_buy":0.6114342026732549,"normalized_ads_buy":0.7666666666666667,"normalized_prize_rent":null,"normalized_ads_rent":0.06666666666666667,"date":"2018-12-03T18:06:15.000Z","fill-opacity":0.48914736213860394,"fill":"#ff0000"},"bbox":[-3.79604,40.2894,-3.80137,40.2947],"geometry":{"type":"Polygon","coordinates":[[[-3.79604,40.2947],[-3.80137,40.2947],[-3.80137,40.2894],[-3.79604,40.2894],[-3.79604,40.2947]]]}},{"type":"Feature","properties":{"name":"Fuenlabrada--piece--8-6--gCloud","number_of_ads_buy":30,"average_prize_buy":1652.76,"number_of_ads_rent":3,"average_prize_rent":9.52269,"normalized_prize_buy":0.5735006315321942,"normalized_ads_buy":1,"normalized_prize_rent":null,"normalized_ads_rent":0.1,"date":"2018-12-03T18:06:25.000Z","fill-opacity":0.4588005052257554,"fill":"#ff0000"},"bbox":[-3.79604,40.2842,-3.80137,40.2894],"geometry":{"type":"Polygon","coordinates":[[[-3.79604,40.2894],[-3.80137,40.2894],[-3.80137,40.2842],[-3.79604,40.2842],[-3.79604,40.2894]]]}},{"type":"Feature","properties":{"name":"Fuenlabrada--piece--8-7--gCloud","number_of_ads_buy":25,"average_prize_buy":1728.66,"number_of_ads_rent":1,"average_prize_rent":7.73438,"normalized_prize_buy":0.5998376060071897,"normalized_ads_buy":0.8333333333333334,"normalized_prize_rent":null,"normalized_ads_rent":0.03333333333333333,"date":"2018-12-03T18:06:32.000Z","fill-opacity":0.4798700848057518,"fill":"#ff0000"},"bbox":[-3.79604,40.2789,-3.80137,40.2842],"geometry":{"type":"Polygon","coordinates":[[[-3.79604,40.2842],[-3.80137,40.2842],[-3.80137,40.2789],[-3.79604,40.2789],[-3.79604,40.2842]]]}},{"type":"Feature","properties":{"name":"Fuenlabrada--piece--8-8--gCloud","number_of_ads_buy":30,"average_prize_buy":1685.87,"number_of_ads_rent":5,"average_prize_rent":8.71937,"normalized_prize_buy":0.5849896595278081,"normalized_ads_buy":1,"normalized_prize_rent":null,"normalized_ads_rent":0.16666666666666666,"date":"2018-12-03T18:06:39.000Z","fill-opacity":0.4679917276222465,"fill":"#ff0000"},"bbox":[-3.79604,40.2736,-3.80137,40.2789],"geometry":{"type":"Polygon","coordinates":[[[-3.79604,40.2789],[-3.80137,40.2789],[-3.80137,40.2736],[-3.79604,40.2736],[-3.79604,40.2789]]]}},{"type":"Feature","properties":{"name":"Fuenlabrada--piece--9-0--gCloud","number_of_ads_buy":0,"average_prize_buy":0,"number_of_ads_rent":0,"average_prize_rent":0,"normalized_prize_buy":0,"normalized_ads_buy":0,"normalized_prize_rent":null,"normalized_ads_rent":0,"date":"2018-12-03T18:06:47.000Z","fill-opacity":0,"fill":"#ff0000"},"bbox":[-3.79071,40.3157,-3.79604,40.321],"geometry":{"type":"Polygon","coordinates":[[[-3.79071,40.321],[-3.79604,40.321],[-3.79604,40.3157],[-3.79071,40.3157],[-3.79071,40.321]]]}},{"type":"Feature","properties":{"name":"Fuenlabrada--piece--9-1--gCloud","number_of_ads_buy":2,"average_prize_buy":1672.46,"number_of_ads_rent":0,"average_prize_rent":0,"normalized_prize_buy":0.5803364470415145,"normalized_ads_buy":0.06666666666666667,"normalized_prize_rent":null,"normalized_ads_rent":0,"date":"2018-12-03T18:06:59.000Z","fill-opacity":0.46426915763321164,"fill":"#ff0000"},"bbox":[-3.79071,40.3104,-3.79604,40.3157],"geometry":{"type":"Polygon","coordinates":[[[-3.79071,40.3157],[-3.79604,40.3157],[-3.79604,40.3104],[-3.79071,40.3104],[-3.79071,40.3157]]]}},{"type":"Feature","properties":{"name":"Fuenlabrada--piece--9-2--gCloud","number_of_ads_buy":0,"average_prize_buy":0,"number_of_ads_rent":0,"average_prize_rent":0,"normalized_prize_buy":0,"normalized_ads_buy":0,"normalized_prize_rent":null,"normalized_ads_rent":0,"date":"2018-12-03T18:07:04.000Z","fill-opacity":0,"fill":"#ff0000"},"bbox":[-3.79071,40.3052,-3.79604,40.3104],"geometry":{"type":"Polygon","coordinates":[[[-3.79071,40.3104],[-3.79604,40.3104],[-3.79604,40.3052],[-3.79071,40.3052],[-3.79071,40.3104]]]}},{"type":"Feature","properties":{"name":"Fuenlabrada--piece--9-3--gCloud","number_of_ads_buy":0,"average_prize_buy":0,"number_of_ads_rent":0,"average_prize_rent":0,"normalized_prize_buy":0,"normalized_ads_buy":0,"normalized_prize_rent":null,"normalized_ads_rent":0,"date":"2018-12-03T18:07:10.000Z","fill-opacity":0,"fill":"#ff0000"},"bbox":[-3.79071,40.2999,-3.79604,40.3052],"geometry":{"type":"Polygon","coordinates":[[[-3.79071,40.3052],[-3.79604,40.3052],[-3.79604,40.2999],[-3.79071,40.2999],[-3.79071,40.3052]]]}},{"type":"Feature","properties":{"name":"Fuenlabrada--piece--9-4--gCloud","number_of_ads_buy":4,"average_prize_buy":1767.04,"number_of_ads_rent":0,"average_prize_rent":0,"normalized_prize_buy":0.6131553014004747,"normalized_ads_buy":0.13333333333333333,"normalized_prize_rent":null,"normalized_ads_rent":0,"date":"2018-12-03T18:07:18.000Z","fill-opacity":0.4905242411203798,"fill":"#ff0000"},"bbox":[-3.79071,40.2947,-3.79604,40.2999],"geometry":{"type":"Polygon","coordinates":[[[-3.79071,40.2999],[-3.79604,40.2999],[-3.79604,40.2947],[-3.79071,40.2947],[-3.79071,40.2999]]]}},{"type":"Feature","properties":{"name":"Fuenlabrada--piece--9-5--gCloud","number_of_ads_buy":29,"average_prize_buy":1887.61,"number_of_ads_rent":2,"average_prize_rent":9.44444,"normalized_prize_buy":0.6549925742917817,"normalized_ads_buy":0.9666666666666667,"normalized_prize_rent":null,"normalized_ads_rent":0.06666666666666667,"date":"2018-12-03T18:07:25.000Z","fill-opacity":0.5239940594334254,"fill":"#ff0000"},"bbox":[-3.79071,40.2894,-3.79604,40.2947],"geometry":{"type":"Polygon","coordinates":[[[-3.79071,40.2947],[-3.79604,40.2947],[-3.79604,40.2894],[-3.79071,40.2894],[-3.79071,40.2947]]]}},{"type":"Feature","properties":{"name":"Fuenlabrada--piece--9-6--gCloud","number_of_ads_buy":30,"average_prize_buy":1603.8,"number_of_ads_rent":5,"average_prize_rent":8.60621,"normalized_prize_buy":0.5565117215151221,"normalized_ads_buy":1,"normalized_prize_rent":null,"normalized_ads_rent":0.16666666666666666,"date":"2018-12-03T18:07:33.000Z","fill-opacity":0.4452093772120977,"fill":"#ff0000"},"bbox":[-3.79071,40.2842,-3.79604,40.2894],"geometry":{"type":"Polygon","coordinates":[[[-3.79071,40.2894],[-3.79604,40.2894],[-3.79604,40.2842],[-3.79071,40.2842],[-3.79071,40.2894]]]}},{"type":"Feature","properties":{"name":"Fuenlabrada--piece--9-7--gCloud","number_of_ads_buy":28,"average_prize_buy":1614.23,"number_of_ads_rent":2,"average_prize_rent":6.72511,"normalized_prize_buy":0.5601308867822393,"normalized_ads_buy":0.9333333333333333,"normalized_prize_rent":null,"normalized_ads_rent":0.06666666666666667,"date":"2018-12-03T18:07:43.000Z","fill-opacity":0.4481047094257915,"fill":"#ff0000"},"bbox":[-3.79071,40.2789,-3.79604,40.2842],"geometry":{"type":"Polygon","coordinates":[[[-3.79071,40.2842],[-3.79604,40.2842],[-3.79604,40.2789],[-3.79071,40.2789],[-3.79071,40.2842]]]}},{"type":"Feature","properties":{"name":"Fuenlabrada--piece--9-8--gCloud","number_of_ads_buy":19,"average_prize_buy":1758.84,"number_of_ads_rent":0,"average_prize_rent":0,"normalized_prize_buy":0.610309936569184,"normalized_ads_buy":0.6333333333333333,"normalized_prize_rent":null,"normalized_ads_rent":0,"date":"2018-12-03T18:07:53.000Z","fill-opacity":0.4882479492553472,"fill":"#ff0000"},"bbox":[-3.79071,40.2736,-3.79604,40.2789],"geometry":{"type":"Polygon","coordinates":[[[-3.79071,40.2789],[-3.79604,40.2789],[-3.79604,40.2736],[-3.79071,40.2736],[-3.79071,40.2789]]]}}]}