{"type":"FeatureCollection","features":[{"type":"Feature","properties":{"name":"Fuenlabrada--piece--0-0--gCloud","number_of_ads_buy":0,"average_prize_buy":0,"number_of_ads_rent":0,"average_prize_rent":0,"normalized_prize_buy":0,"normalized_ads_buy":0,"normalized_prize_rent":null,"normalized_ads_rent":0,"date":"2018-12-07T10:22:30.000Z","fill-opacity":0,"fill":"#ff0000"},"bbox":[-3.8387,40.3157,-3.84404,40.321],"geometry":{"type":"Polygon","coordinates":[[[-3.8387,40.321],[-3.84404,40.321],[-3.84404,40.3157],[-3.8387,40.3157],[-3.8387,40.321]]]}},{"type":"Feature","properties":{"name":"Fuenlabrada--piece--0-1--gCloud","number_of_ads_buy":1,"average_prize_buy":1670.21,"number_of_ads_rent":0,"average_prize_rent":0,"normalized_prize_buy":0.5795557066914653,"normalized_ads_buy":0.03333333333333333,"normalized_prize_rent":null,"normalized_ads_rent":0,"date":"2018-12-07T10:22:38.000Z","fill-opacity":0.4636445653531722,"fill":"#ff0000"},"bbox":[-3.8387,40.3104,-3.84404,40.3157],"geometry":{"type":"Polygon","coordinates":[[[-3.8387,40.3157],[-3.84404,40.3157],[-3.84404,40.3104],[-3.8387,40.3104],[-3.8387,40.3157]]]}},{"type":"Feature","properties":{"name":"Fuenlabrada--piece--0-2--gCloud","number_of_ads_buy":0,"average_prize_buy":0,"number_of_ads_rent":0,"average_prize_rent":0,"normalized_prize_buy":0,"normalized_ads_buy":0,"normalized_prize_rent":null,"normalized_ads_rent":0,"date":"2018-12-07T10:22:43.000Z","fill-opacity":0,"fill":"#ff0000"},"bbox":[-3.8387,40.3052,-3.84404,40.3104],"geometry":{"type":"Polygon","coordinates":[[[-3.8387,40.3104],[-3.84404,40.3104],[-3.84404,40.3052],[-3.8387,40.3052],[-3.8387,40.3104]]]}},{"type":"Feature","properties":{"name":"Fuenlabrada--piece--0-3--gCloud","number_of_ads_buy":6,"average_prize_buy":1678.9,"number_of_ads_rent":0,"average_prize_rent":0,"normalized_prize_buy":0.5825710994212112,"normalized_ads_buy":0.2,"normalized_prize_rent":null,"normalized_ads_rent":0,"date":"2018-12-07T10:22:49.000Z","fill-opacity":0.466056879536969,"fill":"#ff0000"},"bbox":[-3.8387,40.2999,-3.84404,40.3052],"geometry":{"type":"Polygon","coordinates":[[[-3.8387,40.3052],[-3.84404,40.3052],[-3.84404,40.2999],[-3.8387,40.2999],[-3.8387,40.3052]]]}},{"type":"Feature","properties":{"name":"Fuenlabrada--piece--0-4--gCloud","number_of_ads_buy":5,"average_prize_buy":2100.99,"number_of_ads_rent":0,"average_prize_rent":0,"normalized_prize_buy":0.7290345191333434,"normalized_ads_buy":0.16666666666666666,"normalized_prize_rent":null,"normalized_ads_rent":0,"date":"2018-12-07T10:22:57.000Z","fill-opacity":0.5832276153066748,"fill":"#ff0000"},"bbox":[-3.8387,40.2947,-3.84404,40.2999],"geometry":{"type":"Polygon","coordinates":[[[-3.8387,40.2999],[-3.84404,40.2999],[-3.84404,40.2947],[-3.8387,40.2947],[-3.8387,40.2999]]]}},{"type":"Feature","properties":{"name":"Fuenlabrada--piece--0-5--gCloud","number_of_ads_buy":11,"average_prize_buy":1893.79,"number_of_ads_rent":7,"average_prize_rent":7.69905,"normalized_prize_buy":0.6571370077865837,"normalized_ads_buy":0.36666666666666664,"normalized_prize_rent":null,"normalized_ads_rent":0.23333333333333334,"date":"2018-12-07T10:23:06.000Z","fill-opacity":0.525709606229267,"fill":"#ff0000"},"bbox":[-3.8387,40.2894,-3.84404,40.2947],"geometry":{"type":"Polygon","coordinates":[[[-3.8387,40.2947],[-3.84404,40.2947],[-3.84404,40.2894],[-3.8387,40.2894],[-3.8387,40.2947]]]}},{"type":"Feature","properties":{"name":"Fuenlabrada--piece--0-6--gCloud","number_of_ads_buy":0,"average_prize_buy":0,"number_of_ads_rent":0,"average_prize_rent":0,"normalized_prize_buy":0,"normalized_ads_buy":0,"normalized_prize_rent":null,"normalized_ads_rent":0,"date":"2018-12-07T10:23:14.000Z","fill-opacity":0,"fill":"#ff0000"},"bbox":[-3.8387,40.2842,-3.84404,40.2894],"geometry":{"type":"Polygon","coordinates":[[[-3.8387,40.2894],[-3.84404,40.2894],[-3.84404,40.2842],[-3.8387,40.2842],[-3.8387,40.2894]]]}},{"type":"Feature","properties":{"name":"Fuenlabrada--piece--0-7--gCloud","number_of_ads_buy":0,"average_prize_buy":0,"number_of_ads_rent":0,"average_prize_rent":0,"normalized_prize_buy":0,"normalized_ads_buy":0,"normalized_prize_rent":null,"normalized_ads_rent":0,"date":"2018-12-07T10:23:22.000Z","fill-opacity":0,"fill":"#ff0000"},"bbox":[-3.8387,40.2789,-3.84404,40.2842],"geometry":{"type":"Polygon","coordinates":[[[-3.8387,40.2842],[-3.84404,40.2842],[-3.84404,40.2789],[-3.8387,40.2789],[-3.8387,40.2842]]]}},{"type":"Feature","properties":{"name":"Fuenlabrada--piece--0-8--gCloud","number_of_ads_buy":0,"average_prize_buy":0,"number_of_ads_rent":0,"average_prize_rent":0,"normalized_prize_buy":0,"normalized_ads_buy":0,"normalized_prize_rent":null,"normalized_ads_rent":0,"date":"2018-12-07T10:23:28.000Z","fill-opacity":0,"fill":"#ff0000"},"bbox":[-3.8387,40.2736,-3.84404,40.2789],"geometry":{"type":"Polygon","coordinates":[[[-3.8387,40.2789],[-3.84404,40.2789],[-3.84404,40.2736],[-3.8387,40.2736],[-3.8387,40.2789]]]}},{"type":"Feature","properties":{"name":"Fuenlabrada--piece--1-0--gCloud","number_of_ads_buy":0,"average_prize_buy":0,"number_of_ads_rent":0,"average_prize_rent":0,"normalized_prize_buy":0,"normalized_ads_buy":0,"normalized_prize_rent":null,"normalized_ads_rent":0,"date":"2018-12-07T10:23:34.000Z","fill-opacity":0,"fill":"#ff0000"},"bbox":[-3.83337,40.3157,-3.8387,40.321],"geometry":{"type":"Polygon","coordinates":[[[-3.83337,40.321],[-3.8387,40.321],[-3.8387,40.3157],[-3.83337,40.3157],[-3.83337,40.321]]]}},{"type":"Feature","properties":{"name":"Fuenlabrada--piece--1-1--gCloud","number_of_ads_buy":12,"average_prize_buy":1605.51,"number_of_ads_rent":0,"average_prize_rent":0,"normalized_prize_buy":0.5571050841811594,"normalized_ads_buy":0.4,"normalized_prize_rent":null,"normalized_ads_rent":0,"date":"2018-12-07T10:23:46.000Z","fill-opacity":0.4456840673449276,"fill":"#ff0000"},"bbox":[-3.83337,40.3104,-3.8387,40.3157],"geometry":{"type":"Polygon","coordinates":[[[-3.83337,40.3157],[-3.8387,40.3157],[-3.8387,40.3104],[-3.83337,40.3104],[-3.83337,40.3157]]]}},{"type":"Feature","properties":{"name":"Fuenlabrada--piece--1-2--gCloud","number_of_ads_buy":0,"average_prize_buy":0,"number_of_ads_rent":0,"average_prize_rent":0,"normalized_prize_buy":0,"normalized_ads_buy":0,"normalized_prize_rent":null,"normalized_ads_rent":0,"date":"2018-12-07T10:23:55.000Z","fill-opacity":0,"fill":"#ff0000"},"bbox":[-3.83337,40.3052,-3.8387,40.3104],"geometry":{"type":"Polygon","coordinates":[[[-3.83337,40.3104],[-3.8387,40.3104],[-3.8387,40.3052],[-3.83337,40.3052],[-3.83337,40.3104]]]}},{"type":"Feature","properties":{"name":"Fuenlabrada--piece--1-3--gCloud","number_of_ads_buy":4,"average_prize_buy":1429.17,"number_of_ads_rent":0,"average_prize_rent":0,"normalized_prize_buy":0.4959158604799645,"normalized_ads_buy":0.13333333333333333,"normalized_prize_rent":null,"normalized_ads_rent":0,"date":"2018-12-07T10:24:00.000Z","fill-opacity":0.39673268838397163,"fill":"#ff0000"},"bbox":[-3.83337,40.2999,-3.8387,40.3052],"geometry":{"type":"Polygon","coordinates":[[[-3.83337,40.3052],[-3.8387,40.3052],[-3.8387,40.2999],[-3.83337,40.2999],[-3.83337,40.3052]]]}},{"type":"Feature","properties":{"name":"Fuenlabrada--piece--1-4--gCloud","number_of_ads_buy":9,"average_prize_buy":1617.01,"number_of_ads_rent":2,"average_prize_rent":6.875,"normalized_prize_buy":0.5610955348591892,"normalized_ads_buy":0.3,"normalized_prize_rent":null,"normalized_ads_rent":0.06666666666666667,"date":"2018-12-07T10:24:12.000Z","fill-opacity":0.4488764278873514,"fill":"#ff0000"},"bbox":[-3.83337,40.2947,-3.8387,40.2999],"geometry":{"type":"Polygon","coordinates":[[[-3.83337,40.2999],[-3.8387,40.2999],[-3.8387,40.2947],[-3.83337,40.2947],[-3.83337,40.2999]]]}},{"type":"Feature","properties":{"name":"Fuenlabrada--piece--1-5--gCloud","number_of_ads_buy":8,"average_prize_buy":1691.55,"number_of_ads_rent":6,"average_prize_rent":7.87124,"normalized_prize_buy":0.5869605951670437,"normalized_ads_buy":0.26666666666666666,"normalized_prize_rent":null,"normalized_ads_rent":0.2,"date":"2018-12-07T10:24:21.000Z","fill-opacity":0.46956847613363495,"fill":"#ff0000"},"bbox":[-3.83337,40.2894,-3.8387,40.2947],"geometry":{"type":"Polygon","coordinates":[[[-3.83337,40.2947],[-3.8387,40.2947],[-3.8387,40.2894],[-3.83337,40.2894],[-3.83337,40.2947]]]}},{"type":"Feature","properties":{"name":"Fuenlabrada--piece--1-6--gCloud","number_of_ads_buy":0,"average_prize_buy":0,"number_of_ads_rent":0,"average_prize_rent":0,"normalized_prize_buy":0,"normalized_ads_buy":0,"normalized_prize_rent":null,"normalized_ads_rent":0,"date":"2018-12-07T10:24:29.000Z","fill-opacity":0,"fill":"#ff0000"},"bbox":[-3.83337,40.2842,-3.8387,40.2894],"geometry":{"type":"Polygon","coordinates":[[[-3.83337,40.2894],[-3.8387,40.2894],[-3.8387,40.2842],[-3.83337,40.2842],[-3.83337,40.2894]]]}},{"type":"Feature","properties":{"name":"Fuenlabrada--piece--1-7--gCloud","number_of_ads_buy":0,"average_prize_buy":0,"number_of_ads_rent":0,"average_prize_rent":0,"normalized_prize_buy":0,"normalized_ads_buy":0,"normalized_prize_rent":null,"normalized_ads_rent":0,"date":"2018-12-07T10:24:38.000Z","fill-opacity":0,"fill":"#ff0000"},"bbox":[-3.83337,40.2789,-3.8387,40.2842],"geometry":{"type":"Polygon","coordinates":[[[-3.83337,40.2842],[-3.8387,40.2842],[-3.8387,40.2789],[-3.83337,40.2789],[-3.83337,40.2842]]]}},{"type":"Feature","properties":{"name":"Fuenlabrada--piece--1-8--gCloud","number_of_ads_buy":0,"average_prize_buy":0,"number_of_ads_rent":0,"average_prize_rent":0,"normalized_prize_buy":0,"normalized_ads_buy":0,"normalized_prize_rent":null,"normalized_ads_rent":0,"date":"2018-12-07T10:24:43.000Z","fill-opacity":0,"fill":"#ff0000"},"bbox":[-3.83337,40.2736,-3.8387,40.2789],"geometry":{"type":"Polygon","coordinates":[[[-3.83337,40.2789],[-3.8387,40.2789],[-3.8387,40.2736],[-3.83337,40.2736],[-3.83337,40.2789]]]}},{"type":"Feature","properties":{"name":"Fuenlabrada--piece--10-0--gCloud","number_of_ads_buy":6,"average_prize_buy":1518.4,"number_of_ads_rent":0,"average_prize_rent":0,"normalized_prize_buy":0.526878287784363,"normalized_ads_buy":0.2,"normalized_prize_rent":null,"normalized_ads_rent":0,"date":"2018-12-07T10:24:49.000Z","fill-opacity":0.4215026302274904,"fill":"#ff0000"},"bbox":[-3.78537,40.3157,-3.79071,40.321],"geometry":{"type":"Polygon","coordinates":[[[-3.78537,40.321],[-3.79071,40.321],[-3.79071,40.3157],[-3.78537,40.3157],[-3.78537,40.321]]]}},{"type":"Feature","properties":{"name":"Fuenlabrada--piece--10-1--gCloud","number_of_ads_buy":6,"average_prize_buy":2049.43,"number_of_ads_rent":0,"average_prize_rent":0,"normalized_prize_buy":0.7111434202673255,"normalized_ads_buy":0.2,"normalized_prize_rent":null,"normalized_ads_rent":0,"date":"2018-12-07T10:24:54.000Z","fill-opacity":0.5689147362138604,"fill":"#ff0000"},"bbox":[-3.78537,40.3104,-3.79071,40.3157],"geometry":{"type":"Polygon","coordinates":[[[-3.78537,40.3157],[-3.79071,40.3157],[-3.79071,40.3104],[-3.78537,40.3104],[-3.78537,40.3157]]]}},{"type":"Feature","properties":{"name":"Fuenlabrada--piece--10-2--gCloud","number_of_ads_buy":3,"average_prize_buy":1700.02,"number_of_ads_rent":0,"average_prize_rent":0,"normalized_prize_buy":0.5898996488403403,"normalized_ads_buy":0.1,"normalized_prize_rent":null,"normalized_ads_rent":0,"date":"2018-12-07T10:25:05.000Z","fill-opacity":0.47191971907227226,"fill":"#ff0000"},"bbox":[-3.78537,40.3052,-3.79071,40.3104],"geometry":{"type":"Polygon","coordinates":[[[-3.78537,40.3104],[-3.79071,40.3104],[-3.79071,40.3052],[-3.78537,40.3052],[-3.78537,40.3104]]]}},{"type":"Feature","properties":{"name":"Fuenlabrada--piece--10-3--gCloud","number_of_ads_buy":0,"average_prize_buy":0,"number_of_ads_rent":0,"average_prize_rent":0,"normalized_prize_buy":0,"normalized_ads_buy":0,"normalized_prize_rent":null,"normalized_ads_rent":0,"date":"2018-12-07T10:25:14.000Z","fill-opacity":0,"fill":"#ff0000"},"bbox":[-3.78537,40.2999,-3.79071,40.3052],"geometry":{"type":"Polygon","coordinates":[[[-3.78537,40.3052],[-3.79071,40.3052],[-3.79071,40.2999],[-3.78537,40.2999],[-3.78537,40.3052]]]}},{"type":"Feature","properties":{"name":"Fuenlabrada--piece--10-4--gCloud","number_of_ads_buy":3,"average_prize_buy":1438.22,"number_of_ads_rent":0,"average_prize_rent":0,"normalized_prize_buy":0.4990561716657182,"normalized_ads_buy":0.1,"normalized_prize_rent":null,"normalized_ads_rent":0,"date":"2018-12-07T10:25:22.000Z","fill-opacity":0.3992449373325746,"fill":"#ff0000"},"bbox":[-3.78537,40.2947,-3.79071,40.2999],"geometry":{"type":"Polygon","coordinates":[[[-3.78537,40.2999],[-3.79071,40.2999],[-3.79071,40.2947],[-3.78537,40.2947],[-3.78537,40.2999]]]}},{"type":"Feature","properties":{"name":"Fuenlabrada--piece--10-5--gCloud","number_of_ads_buy":17,"average_prize_buy":1597.19,"number_of_ads_rent":0,"average_prize_rent":0,"normalized_prize_buy":0.5542180798645329,"normalized_ads_buy":0.5666666666666667,"normalized_prize_rent":null,"normalized_ads_rent":0,"date":"2018-12-07T10:25:28.000Z","fill-opacity":0.4433744638916263,"fill":"#ff0000"},"bbox":[-3.78537,40.2894,-3.79071,40.2947],"geometry":{"type":"Polygon","coordinates":[[[-3.78537,40.2947],[-3.79071,40.2947],[-3.79071,40.2894],[-3.78537,40.2894],[-3.78537,40.2947]]]}},{"type":"Feature","properties":{"name":"Fuenlabrada--piece--10-6--gCloud","number_of_ads_buy":29,"average_prize_buy":1594.83,"number_of_ads_rent":1,"average_prize_rent":8.53659,"normalized_prize_buy":0.5533991699862589,"normalized_ads_buy":0.9666666666666667,"normalized_prize_rent":null,"normalized_ads_rent":0.03333333333333333,"date":"2018-12-07T10:25:41.000Z","fill-opacity":0.44271933598900715,"fill":"#ff0000"},"bbox":[-3.78537,40.2842,-3.79071,40.2894],"geometry":{"type":"Polygon","coordinates":[[[-3.78537,40.2894],[-3.79071,40.2894],[-3.79071,40.2842],[-3.78537,40.2842],[-3.78537,40.2894]]]}},{"type":"Feature","properties":{"name":"Fuenlabrada--piece--10-7--gCloud","number_of_ads_buy":30,"average_prize_buy":1760.75,"number_of_ads_rent":1,"average_prize_rent":6.5678,"normalized_prize_buy":0.610972698377448,"normalized_ads_buy":1,"normalized_prize_rent":null,"normalized_ads_rent":0.03333333333333333,"date":"2018-12-07T10:25:48.000Z","fill-opacity":0.48877815870195845,"fill":"#ff0000"},"bbox":[-3.78537,40.2789,-3.79071,40.2842],"geometry":{"type":"Polygon","coordinates":[[[-3.78537,40.2842],[-3.79071,40.2842],[-3.79071,40.2789],[-3.78537,40.2789],[-3.78537,40.2842]]]}},{"type":"Feature","properties":{"name":"Fuenlabrada--piece--10-8--gCloud","number_of_ads_buy":11,"average_prize_buy":1604.28,"number_of_ads_rent":0,"average_prize_rent":0,"normalized_prize_buy":0.5566782794564659,"normalized_ads_buy":0.36666666666666664,"normalized_prize_rent":null,"normalized_ads_rent":0,"date":"2018-12-07T10:25:56.000Z","fill-opacity":0.44534262356517273,"fill":"#ff0000"},"bbox":[-3.78537,40.2736,-3.79071,40.2789],"geometry":{"type":"Polygon","coordinates":[[[-3.78537,40.2789],[-3.79071,40.2789],[-3.79071,40.2736],[-3.78537,40.2736],[-3.78537,40.2789]]]}},{"type":"Feature","properties":{"name":"Fuenlabrada--piece--11-0--gCloud","number_of_ads_buy":6,"average_prize_buy":1803.97,"number_of_ads_rent":5,"average_prize_rent":5.9436,"normalized_prize_buy":0.6259698530126168,"normalized_ads_buy":0.2,"normalized_prize_rent":null,"normalized_ads_rent":0.16666666666666666,"date":"2018-12-07T10:26:05.000Z","fill-opacity":0.5007758824100934,"fill":"#ff0000"},"bbox":[-3.78004,40.3157,-3.78537,40.321],"geometry":{"type":"Polygon","coordinates":[[[-3.78004,40.321],[-3.78537,40.321],[-3.78537,40.3157],[-3.78004,40.3157],[-3.78004,40.321]]]}},{"type":"Feature","properties":{"name":"Fuenlabrada--piece--11-1--gCloud","number_of_ads_buy":3,"average_prize_buy":1724.51,"number_of_ads_rent":0,"average_prize_rent":0,"normalized_prize_buy":0.5983975738059877,"normalized_ads_buy":0.1,"normalized_prize_rent":null,"normalized_ads_rent":0,"date":"2018-12-07T10:26:16.000Z","fill-opacity":0.47871805904479015,"fill":"#ff0000"},"bbox":[-3.78004,40.3104,-3.78537,40.3157],"geometry":{"type":"Polygon","coordinates":[[[-3.78004,40.3157],[-3.78537,40.3157],[-3.78537,40.3104],[-3.78004,40.3104],[-3.78004,40.3157]]]}},{"type":"Feature","properties":{"name":"Fuenlabrada--piece--11-2--gCloud","number_of_ads_buy":0,"average_prize_buy":0,"number_of_ads_rent":0,"average_prize_rent":0,"normalized_prize_buy":0,"normalized_ads_buy":0,"normalized_prize_rent":null,"normalized_ads_rent":0,"date":"2018-12-07T10:26:24.000Z","fill-opacity":0,"fill":"#ff0000"},"bbox":[-3.78004,40.3052,-3.78537,40.3104],"geometry":{"type":"Polygon","coordinates":[[[-3.78004,40.3104],[-3.78537,40.3104],[-3.78537,40.3052],[-3.78004,40.3052],[-3.78004,40.3104]]]}},{"type":"Feature","properties":{"name":"Fuenlabrada--piece--11-3--gCloud","number_of_ads_buy":0,"average_prize_buy":0,"number_of_ads_rent":0,"average_prize_rent":0,"normalized_prize_buy":0,"normalized_ads_buy":0,"normalized_prize_rent":null,"normalized_ads_rent":0,"date":"2018-12-07T10:26:32.000Z","fill-opacity":0,"fill":"#ff0000"},"bbox":[-3.78004,40.2999,-3.78537,40.3052],"geometry":{"type":"Polygon","coordinates":[[[-3.78004,40.3052],[-3.78537,40.3052],[-3.78537,40.2999],[-3.78004,40.2999],[-3.78004,40.3052]]]}},{"type":"Feature","properties":{"name":"Fuenlabrada--piece--11-4--gCloud","number_of_ads_buy":1,"average_prize_buy":1462.5,"number_of_ads_rent":0,"average_prize_rent":0,"normalized_prize_buy":0.5074812275320277,"normalized_ads_buy":0.03333333333333333,"normalized_prize_rent":null,"normalized_ads_rent":0,"date":"2018-12-07T10:26:37.000Z","fill-opacity":0.4059849820256222,"fill":"#ff0000"},"bbox":[-3.78004,40.2947,-3.78537,40.2999],"geometry":{"type":"Polygon","coordinates":[[[-3.78004,40.2999],[-3.78537,40.2999],[-3.78537,40.2947],[-3.78004,40.2947],[-3.78004,40.2999]]]}},{"type":"Feature","properties":{"name":"Fuenlabrada--piece--11-5--gCloud","number_of_ads_buy":7,"average_prize_buy":1531.36,"number_of_ads_rent":0,"average_prize_rent":0,"normalized_prize_buy":0.5313753522006468,"normalized_ads_buy":0.23333333333333334,"normalized_prize_rent":null,"normalized_ads_rent":0,"date":"2018-12-07T10:26:43.000Z","fill-opacity":0.42510028176051745,"fill":"#ff0000"},"bbox":[-3.78004,40.2894,-3.78537,40.2947],"geometry":{"type":"Polygon","coordinates":[[[-3.78004,40.2947],[-3.78537,40.2947],[-3.78537,40.2894],[-3.78004,40.2894],[-3.78004,40.2947]]]}},{"type":"Feature","properties":{"name":"Fuenlabrada--piece--11-6--gCloud","number_of_ads_buy":12,"average_prize_buy":1322.76,"number_of_ads_rent":0,"average_prize_rent":0,"normalized_prize_buy":0.4589920468583008,"normalized_ads_buy":0.4,"normalized_prize_rent":null,"normalized_ads_rent":0,"date":"2018-12-07T10:26:50.000Z","fill-opacity":0.3671936374866407,"fill":"#ff0000"},"bbox":[-3.78004,40.2842,-3.78537,40.2894],"geometry":{"type":"Polygon","coordinates":[[[-3.78004,40.2894],[-3.78537,40.2894],[-3.78537,40.2842],[-3.78004,40.2842],[-3.78004,40.2894]]]}},{"type":"Feature","properties":{"name":"Fuenlabrada--piece--11-7--gCloud","number_of_ads_buy":1,"average_prize_buy":1812.5,"number_of_ads_rent":0,"average_prize_rent":0,"normalized_prize_buy":0.6289297264285814,"normalized_ads_buy":0.03333333333333333,"normalized_prize_rent":null,"normalized_ads_rent":0,"date":"2018-12-07T10:26:55.000Z","fill-opacity":0.5031437811428651,"fill":"#ff0000"},"bbox":[-3.78004,40.2789,-3.78537,40.2842],"geometry":{"type":"Polygon","coordinates":[[[-3.78004,40.2842],[-3.78537,40.2842],[-3.78537,40.2789],[-3.78004,40.2789],[-3.78004,40.2842]]]}},{"type":"Feature","properties":{"name":"Fuenlabrada--piece--11-8--gCloud","number_of_ads_buy":0,"average_prize_buy":0,"number_of_ads_rent":0,"average_prize_rent":0,"normalized_prize_buy":0,"normalized_ads_buy":0,"normalized_prize_rent":null,"normalized_ads_rent":0,"date":"2018-12-07T10:27:00.000Z","fill-opacity":0,"fill":"#ff0000"},"bbox":[-3.78004,40.2736,-3.78537,40.2789],"geometry":{"type":"Polygon","coordinates":[[[-3.78004,40.2789],[-3.78537,40.2789],[-3.78537,40.2736],[-3.78004,40.2736],[-3.78004,40.2789]]]}},{"type":"Feature","properties":{"name":"Fuenlabrada--piece--2-0--gCloud","number_of_ads_buy":0,"average_prize_buy":0,"number_of_ads_rent":0,"average_prize_rent":0,"normalized_prize_buy":0,"normalized_ads_buy":0,"normalized_prize_rent":null,"normalized_ads_rent":0,"date":"2018-12-07T10:27:06.000Z","fill-opacity":0,"fill":"#ff0000"},"bbox":[-3.82804,40.3157,-3.83337,40.321],"geometry":{"type":"Polygon","coordinates":[[[-3.82804,40.321],[-3.83337,40.321],[-3.83337,40.3157],[-3.82804,40.3157],[-3.82804,40.321]]]}},{"type":"Feature","properties":{"name":"Fuenlabrada--piece--2-1--gCloud","number_of_ads_buy":0,"average_prize_buy":0,"number_of_ads_rent":0,"average_prize_rent":0,"normalized_prize_buy":0,"normalized_ads_buy":0,"normalized_prize_rent":null,"normalized_ads_rent":0,"date":"2018-12-07T10:27:11.000Z","fill-opacity":0,"fill":"#ff0000"},"bbox":[-3.82804,40.3104,-3.83337,40.3157],"geometry":{"type":"Polygon","coordinates":[[[-3.82804,40.3157],[-3.83337,40.3157],[-3.83337,40.3104],[-3.82804,40.3104],[-3.82804,40.3157]]]}},{"type":"Feature","properties":{"name":"Fuenlabrada--piece--2-2--gCloud","number_of_ads_buy":0,"average_prize_buy":0,"number_of_ads_rent":0,"average_prize_rent":0,"normalized_prize_buy":0,"normalized_ads_buy":0,"normalized_prize_rent":null,"normalized_ads_rent":0,"date":"2018-12-07T10:27:16.000Z","fill-opacity":0,"fill":"#ff0000"},"bbox":[-3.82804,40.3052,-3.83337,40.3104],"geometry":{"type":"Polygon","coordinates":[[[-3.82804,40.3104],[-3.83337,40.3104],[-3.83337,40.3052],[-3.82804,40.3052],[-3.82804,40.3104]]]}},{"type":"Feature","properties":{"name":"Fuenlabrada--piece--2-3--gCloud","number_of_ads_buy":0,"average_prize_buy":0,"number_of_ads_rent":0,"average_prize_rent":0,"normalized_prize_buy":0,"normalized_ads_buy":0,"normalized_prize_rent":null,"normalized_ads_rent":0,"date":"2018-12-07T10:27:22.000Z","fill-opacity":0,"fill":"#ff0000"},"bbox":[-3.82804,40.2999,-3.83337,40.3052],"geometry":{"type":"Polygon","coordinates":[[[-3.82804,40.3052],[-3.83337,40.3052],[-3.83337,40.2999],[-3.82804,40.2999],[-3.82804,40.3052]]]}},{"type":"Feature","properties":{"name":"Fuenlabrada--piece--2-4--gCloud","number_of_ads_buy":4,"average_prize_buy":1715.82,"number_of_ads_rent":0,"average_prize_rent":0,"normalized_prize_buy":0.5953821810762419,"normalized_ads_buy":0.13333333333333333,"normalized_prize_rent":null,"normalized_ads_rent":0,"date":"2018-12-07T10:27:27.000Z","fill-opacity":0.47630574486099353,"fill":"#ff0000"},"bbox":[-3.82804,40.2947,-3.83337,40.2999],"geometry":{"type":"Polygon","coordinates":[[[-3.82804,40.2999],[-3.83337,40.2999],[-3.83337,40.2947],[-3.82804,40.2947],[-3.82804,40.2999]]]}},{"type":"Feature","properties":{"name":"Fuenlabrada--piece--2-5--gCloud","number_of_ads_buy":23,"average_prize_buy":1890.27,"number_of_ads_rent":0,"average_prize_rent":0,"normalized_prize_buy":0.6559155828833956,"normalized_ads_buy":0.7666666666666667,"normalized_prize_rent":null,"normalized_ads_rent":0,"date":"2018-12-07T10:27:33.000Z","fill-opacity":0.5247324663067164,"fill":"#ff0000"},"bbox":[-3.82804,40.2894,-3.83337,40.2947],"geometry":{"type":"Polygon","coordinates":[[[-3.82804,40.2947],[-3.83337,40.2947],[-3.83337,40.2894],[-3.82804,40.2894],[-3.82804,40.2947]]]}},{"type":"Feature","properties":{"name":"Fuenlabrada--piece--2-6--gCloud","number_of_ads_buy":0,"average_prize_buy":0,"number_of_ads_rent":0,"average_prize_rent":0,"normalized_prize_buy":0,"normalized_ads_buy":0,"normalized_prize_rent":null,"normalized_ads_rent":0,"date":"2018-12-07T10:27:38.000Z","fill-opacity":0,"fill":"#ff0000"},"bbox":[-3.82804,40.2842,-3.83337,40.2894],"geometry":{"type":"Polygon","coordinates":[[[-3.82804,40.2894],[-3.83337,40.2894],[-3.83337,40.2842],[-3.82804,40.2842],[-3.82804,40.2894]]]}},{"type":"Feature","properties":{"name":"Fuenlabrada--piece--2-7--gCloud","number_of_ads_buy":0,"average_prize_buy":0,"number_of_ads_rent":0,"average_prize_rent":0,"normalized_prize_buy":0,"normalized_ads_buy":0,"normalized_prize_rent":null,"normalized_ads_rent":0,"date":"2018-12-07T10:27:43.000Z","fill-opacity":0,"fill":"#ff0000"},"bbox":[-3.82804,40.2789,-3.83337,40.2842],"geometry":{"type":"Polygon","coordinates":[[[-3.82804,40.2842],[-3.83337,40.2842],[-3.83337,40.2789],[-3.82804,40.2789],[-3.82804,40.2842]]]}},{"type":"Feature","properties":{"name":"Fuenlabrada--piece--2-8--gCloud","number_of_ads_buy":0,"average_prize_buy":0,"number_of_ads_rent":0,"average_prize_rent":0,"normalized_prize_buy":0,"normalized_ads_buy":0,"normalized_prize_rent":null,"normalized_ads_rent":0,"date":"2018-12-07T10:27:52.000Z","fill-opacity":0,"fill":"#ff0000"},"bbox":[-3.82804,40.2736,-3.83337,40.2789],"geometry":{"type":"Polygon","coordinates":[[[-3.82804,40.2789],[-3.83337,40.2789],[-3.83337,40.2736],[-3.82804,40.2736],[-3.82804,40.2789]]]}},{"type":"Feature","properties":{"name":"Fuenlabrada--piece--3-0--gCloud","number_of_ads_buy":0,"average_prize_buy":0,"number_of_ads_rent":0,"average_prize_rent":0,"normalized_prize_buy":0,"normalized_ads_buy":0,"normalized_prize_rent":null,"normalized_ads_rent":0,"date":"2018-12-07T10:28:00.000Z","fill-opacity":0,"fill":"#ff0000"},"bbox":[-3.82271,40.3157,-3.82804,40.321],"geometry":{"type":"Polygon","coordinates":[[[-3.82271,40.321],[-3.82804,40.321],[-3.82804,40.3157],[-3.82271,40.3157],[-3.82271,40.321]]]}},{"type":"Feature","properties":{"name":"Fuenlabrada--piece--3-1--gCloud","number_of_ads_buy":0,"average_prize_buy":0,"number_of_ads_rent":0,"average_prize_rent":0,"normalized_prize_buy":0,"normalized_ads_buy":0,"normalized_prize_rent":null,"normalized_ads_rent":0,"date":"2018-12-07T10:28:11.000Z","fill-opacity":0,"fill":"#ff0000"},"bbox":[-3.82271,40.3104,-3.82804,40.3157],"geometry":{"type":"Polygon","coordinates":[[[-3.82271,40.3157],[-3.82804,40.3157],[-3.82804,40.3104],[-3.82271,40.3104],[-3.82271,40.3157]]]}},{"type":"Feature","properties":{"name":"Fuenlabrada--piece--3-2--gCloud","number_of_ads_buy":0,"average_prize_buy":0,"number_of_ads_rent":0,"average_prize_rent":0,"normalized_prize_buy":0,"normalized_ads_buy":0,"normalized_prize_rent":null,"normalized_ads_rent":0,"date":"2018-12-07T10:28:17.000Z","fill-opacity":0,"fill":"#ff0000"},"bbox":[-3.82271,40.3052,-3.82804,40.3104],"geometry":{"type":"Polygon","coordinates":[[[-3.82271,40.3104],[-3.82804,40.3104],[-3.82804,40.3052],[-3.82271,40.3052],[-3.82271,40.3104]]]}},{"type":"Feature","properties":{"name":"Fuenlabrada--piece--3-3--gCloud","number_of_ads_buy":0,"average_prize_buy":0,"number_of_ads_rent":0,"average_prize_rent":0,"normalized_prize_buy":0,"normalized_ads_buy":0,"normalized_prize_rent":null,"normalized_ads_rent":0,"date":"2018-12-07T10:28:25.000Z","fill-opacity":0,"fill":"#ff0000"},"bbox":[-3.82271,40.2999,-3.82804,40.3052],"geometry":{"type":"Polygon","coordinates":[[[-3.82271,40.3052],[-3.82804,40.3052],[-3.82804,40.2999],[-3.82271,40.2999],[-3.82271,40.3052]]]}},{"type":"Feature","properties":{"name":"Fuenlabrada--piece--3-4--gCloud","number_of_ads_buy":0,"average_prize_buy":0,"number_of_ads_rent":0,"average_prize_rent":0,"normalized_prize_buy":0,"normalized_ads_buy":0,"normalized_prize_rent":null,"normalized_ads_rent":0,"date":"2018-12-07T10:28:30.000Z","fill-opacity":0,"fill":"#ff0000"},"bbox":[-3.82271,40.2947,-3.82804,40.2999],"geometry":{"type":"Polygon","coordinates":[[[-3.82271,40.2999],[-3.82804,40.2999],[-3.82804,40.2947],[-3.82271,40.2947],[-3.82271,40.2999]]]}},{"type":"Feature","properties":{"name":"Fuenlabrada--piece--3-5--gCloud","number_of_ads_buy":12,"average_prize_buy":2603.93,"number_of_ads_rent":4,"average_prize_rent":9.11833,"normalized_prize_buy":0.9035525420905797,"normalized_ads_buy":0.4,"normalized_prize_rent":null,"normalized_ads_rent":0.13333333333333333,"date":"2018-12-07T10:28:36.000Z","fill-opacity":0.7228420336724638,"fill":"#ff0000"},"bbox":[-3.82271,40.2894,-3.82804,40.2947],"geometry":{"type":"Polygon","coordinates":[[[-3.82271,40.2947],[-3.82804,40.2947],[-3.82804,40.2894],[-3.82271,40.2894],[-3.82271,40.2947]]]}},{"type":"Feature","properties":{"name":"Fuenlabrada--piece--3-6--gCloud","number_of_ads_buy":2,"average_prize_buy":1444.44,"number_of_ads_rent":0,"average_prize_rent":0,"normalized_prize_buy":0.5012144849889656,"normalized_ads_buy":0.06666666666666667,"normalized_prize_rent":null,"normalized_ads_rent":0,"date":"2018-12-07T10:28:44.000Z","fill-opacity":0.4009715879911725,"fill":"#ff0000"},"bbox":[-3.82271,40.2842,-3.82804,40.2894],"geometry":{"type":"Polygon","coordinates":[[[-3.82271,40.2894],[-3.82804,40.2894],[-3.82804,40.2842],[-3.82271,40.2842],[-3.82271,40.2894]]]}},{"type":"Feature","properties":{"name":"Fuenlabrada--piece--3-7--gCloud","number_of_ads_buy":0,"average_prize_buy":0,"number_of_ads_rent":0,"average_prize_rent":0,"normalized_prize_buy":0,"normalized_ads_buy":0,"normalized_prize_rent":null,"normalized_ads_rent":0,"date":"2018-12-07T10:28:50.000Z","fill-opacity":0,"fill":"#ff0000"},"bbox":[-3.82271,40.2789,-3.82804,40.2842],"geometry":{"type":"Polygon","coordinates":[[[-3.82271,40.2842],[-3.82804,40.2842],[-3.82804,40.2789],[-3.82271,40.2789],[-3.82271,40.2842]]]}},{"type":"Feature","properties":{"name":"Fuenlabrada--piece--3-8--gCloud","number_of_ads_buy":0,"average_prize_buy":0,"number_of_ads_rent":0,"average_prize_rent":0,"normalized_prize_buy":0,"normalized_ads_buy":0,"normalized_prize_rent":null,"normalized_ads_rent":0,"date":"2018-12-07T10:28:55.000Z","fill-opacity":0,"fill":"#ff0000"},"bbox":[-3.82271,40.2736,-3.82804,40.2789],"geometry":{"type":"Polygon","coordinates":[[[-3.82271,40.2789],[-3.82804,40.2789],[-3.82804,40.2736],[-3.82271,40.2736],[-3.82271,40.2789]]]}},{"type":"Feature","properties":{"name":"Fuenlabrada--piece--4-0--gCloud","number_of_ads_buy":0,"average_prize_buy":0,"number_of_ads_rent":0,"average_prize_rent":0,"normalized_prize_buy":0,"normalized_ads_buy":0,"normalized_prize_rent":null,"normalized_ads_rent":0,"date":"2018-12-07T10:29:03.000Z","fill-opacity":0,"fill":"#ff0000"},"bbox":[-3.81737,40.3157,-3.82271,40.321],"geometry":{"type":"Polygon","coordinates":[[[-3.81737,40.321],[-3.82271,40.321],[-3.82271,40.3157],[-3.81737,40.3157],[-3.81737,40.321]]]}},{"type":"Feature","properties":{"name":"Fuenlabrada--piece--4-1--gCloud","number_of_ads_buy":0,"average_prize_buy":0,"number_of_ads_rent":0,"average_prize_rent":0,"normalized_prize_buy":0,"normalized_ads_buy":0,"normalized_prize_rent":null,"normalized_ads_rent":0,"date":"2018-12-07T10:29:11.000Z","fill-opacity":0,"fill":"#ff0000"},"bbox":[-3.81737,40.3104,-3.82271,40.3157],"geometry":{"type":"Polygon","coordinates":[[[-3.81737,40.3157],[-3.82271,40.3157],[-3.82271,40.3104],[-3.81737,40.3104],[-3.81737,40.3157]]]}},{"type":"Feature","properties":{"name":"Fuenlabrada--piece--4-2--gCloud","number_of_ads_buy":0,"average_prize_buy":0,"number_of_ads_rent":0,"average_prize_rent":0,"normalized_prize_buy":0,"normalized_ads_buy":0,"normalized_prize_rent":null,"normalized_ads_rent":0,"date":"2018-12-07T10:29:16.000Z","fill-opacity":0,"fill":"#ff0000"},"bbox":[-3.81737,40.3052,-3.82271,40.3104],"geometry":{"type":"Polygon","coordinates":[[[-3.81737,40.3104],[-3.82271,40.3104],[-3.82271,40.3052],[-3.81737,40.3052],[-3.81737,40.3104]]]}},{"type":"Feature","properties":{"name":"Fuenlabrada--piece--4-3--gCloud","number_of_ads_buy":0,"average_prize_buy":0,"number_of_ads_rent":0,"average_prize_rent":0,"normalized_prize_buy":0,"normalized_ads_buy":0,"normalized_prize_rent":null,"normalized_ads_rent":0,"date":"2018-12-07T10:29:24.000Z","fill-opacity":0,"fill":"#ff0000"},"bbox":[-3.81737,40.2999,-3.82271,40.3052],"geometry":{"type":"Polygon","coordinates":[[[-3.81737,40.3052],[-3.82271,40.3052],[-3.82271,40.2999],[-3.81737,40.2999],[-3.81737,40.3052]]]}},{"type":"Feature","properties":{"name":"Fuenlabrada--piece--4-4--gCloud","number_of_ads_buy":0,"average_prize_buy":0,"number_of_ads_rent":0,"average_prize_rent":0,"normalized_prize_buy":0,"normalized_ads_buy":0,"normalized_prize_rent":null,"normalized_ads_rent":0,"date":"2018-12-07T10:29:33.000Z","fill-opacity":0,"fill":"#ff0000"},"bbox":[-3.81737,40.2947,-3.82271,40.2999],"geometry":{"type":"Polygon","coordinates":[[[-3.81737,40.2999],[-3.82271,40.2999],[-3.82271,40.2947],[-3.81737,40.2947],[-3.81737,40.2999]]]}},{"type":"Feature","properties":{"name":"Fuenlabrada--piece--4-5--gCloud","number_of_ads_buy":8,"average_prize_buy":1598.61,"number_of_ads_rent":0,"average_prize_rent":0,"normalized_prize_buy":0.5547108137743417,"normalized_ads_buy":0.26666666666666666,"normalized_prize_rent":null,"normalized_ads_rent":0,"date":"2018-12-07T10:29:38.000Z","fill-opacity":0.4437686510194734,"fill":"#ff0000"},"bbox":[-3.81737,40.2894,-3.82271,40.2947],"geometry":{"type":"Polygon","coordinates":[[[-3.81737,40.2947],[-3.82271,40.2947],[-3.82271,40.2894],[-3.81737,40.2894],[-3.81737,40.2947]]]}},{"type":"Feature","properties":{"name":"Fuenlabrada--piece--4-6--gCloud","number_of_ads_buy":8,"average_prize_buy":2123.95,"number_of_ads_rent":0,"average_prize_rent":0,"normalized_prize_buy":0.7370015406609574,"normalized_ads_buy":0.26666666666666666,"normalized_prize_rent":null,"normalized_ads_rent":0,"date":"2018-12-07T10:29:47.000Z","fill-opacity":0.589601232528766,"fill":"#ff0000"},"bbox":[-3.81737,40.2842,-3.82271,40.2894],"geometry":{"type":"Polygon","coordinates":[[[-3.81737,40.2894],[-3.82271,40.2894],[-3.82271,40.2842],[-3.81737,40.2842],[-3.81737,40.2894]]]}},{"type":"Feature","properties":{"name":"Fuenlabrada--piece--4-7--gCloud","number_of_ads_buy":0,"average_prize_buy":0,"number_of_ads_rent":0,"average_prize_rent":0,"normalized_prize_buy":0,"normalized_ads_buy":0,"normalized_prize_rent":null,"normalized_ads_rent":0,"date":"2018-12-07T10:29:55.000Z","fill-opacity":0,"fill":"#ff0000"},"bbox":[-3.81737,40.2789,-3.82271,40.2842],"geometry":{"type":"Polygon","coordinates":[[[-3.81737,40.2842],[-3.82271,40.2842],[-3.82271,40.2789],[-3.81737,40.2789],[-3.81737,40.2842]]]}},{"type":"Feature","properties":{"name":"Fuenlabrada--piece--4-8--gCloud","number_of_ads_buy":0,"average_prize_buy":0,"number_of_ads_rent":0,"average_prize_rent":0,"normalized_prize_buy":0,"normalized_ads_buy":0,"normalized_prize_rent":null,"normalized_ads_rent":0,"date":"2018-12-07T10:30:12.000Z","fill-opacity":0,"fill":"#ff0000"},"bbox":[-3.81737,40.2736,-3.82271,40.2789],"geometry":{"type":"Polygon","coordinates":[[[-3.81737,40.2789],[-3.82271,40.2789],[-3.82271,40.2736],[-3.81737,40.2736],[-3.81737,40.2789]]]}},{"type":"Feature","properties":{"name":"Fuenlabrada--piece--5-0--gCloud","number_of_ads_buy":0,"average_prize_buy":0,"number_of_ads_rent":0,"average_prize_rent":0,"normalized_prize_buy":0,"normalized_ads_buy":0,"normalized_prize_rent":null,"normalized_ads_rent":0,"date":"2018-12-07T10:30:24.000Z","fill-opacity":0,"fill":"#ff0000"},"bbox":[-3.81204,40.3157,-3.81737,40.321],"geometry":{"type":"Polygon","coordinates":[[[-3.81204,40.321],[-3.81737,40.321],[-3.81737,40.3157],[-3.81204,40.3157],[-3.81204,40.321]]]}},{"type":"Feature","properties":{"name":"Fuenlabrada--piece--5-1--gCloud","number_of_ads_buy":0,"average_prize_buy":0,"number_of_ads_rent":0,"average_prize_rent":0,"normalized_prize_buy":0,"normalized_ads_buy":0,"normalized_prize_rent":null,"normalized_ads_rent":0,"date":"2018-12-07T10:30:33.000Z","fill-opacity":0,"fill":"#ff0000"},"bbox":[-3.81204,40.3104,-3.81737,40.3157],"geometry":{"type":"Polygon","coordinates":[[[-3.81204,40.3157],[-3.81737,40.3157],[-3.81737,40.3104],[-3.81204,40.3104],[-3.81204,40.3157]]]}},{"type":"Feature","properties":{"name":"Fuenlabrada--piece--5-2--gCloud","number_of_ads_buy":0,"average_prize_buy":0,"number_of_ads_rent":0,"average_prize_rent":0,"normalized_prize_buy":0,"normalized_ads_buy":0,"normalized_prize_rent":null,"normalized_ads_rent":0,"date":"2018-12-07T10:30:41.000Z","fill-opacity":0,"fill":"#ff0000"},"bbox":[-3.81204,40.3052,-3.81737,40.3104],"geometry":{"type":"Polygon","coordinates":[[[-3.81204,40.3104],[-3.81737,40.3104],[-3.81737,40.3052],[-3.81204,40.3052],[-3.81204,40.3104]]]}},{"type":"Feature","properties":{"name":"Fuenlabrada--piece--5-3--gCloud","number_of_ads_buy":0,"average_prize_buy":0,"number_of_ads_rent":0,"average_prize_rent":0,"normalized_prize_buy":0,"normalized_ads_buy":0,"normalized_prize_rent":null,"normalized_ads_rent":0,"date":"2018-12-07T10:30:46.000Z","fill-opacity":0,"fill":"#ff0000"},"bbox":[-3.81204,40.2999,-3.81737,40.3052],"geometry":{"type":"Polygon","coordinates":[[[-3.81204,40.3052],[-3.81737,40.3052],[-3.81737,40.2999],[-3.81204,40.2999],[-3.81204,40.3052]]]}},{"type":"Feature","properties":{"name":"Fuenlabrada--piece--5-4--gCloud","number_of_ads_buy":1,"average_prize_buy":1988.24,"number_of_ads_rent":0,"average_prize_rent":0,"normalized_prize_buy":0.6899107527030965,"normalized_ads_buy":0.03333333333333333,"normalized_prize_rent":null,"normalized_ads_rent":0,"date":"2018-12-07T10:30:52.000Z","fill-opacity":0.5519286021624773,"fill":"#ff0000"},"bbox":[-3.81204,40.2947,-3.81737,40.2999],"geometry":{"type":"Polygon","coordinates":[[[-3.81204,40.2999],[-3.81737,40.2999],[-3.81737,40.2947],[-3.81204,40.2947],[-3.81204,40.2999]]]}},{"type":"Feature","properties":{"name":"Fuenlabrada--piece--5-5--gCloud","number_of_ads_buy":7,"average_prize_buy":2001.52,"number_of_ads_rent":0,"average_prize_rent":0,"normalized_prize_buy":0.6945188557469429,"normalized_ads_buy":0.23333333333333334,"normalized_prize_rent":null,"normalized_ads_rent":0,"date":"2018-12-07T10:31:00.000Z","fill-opacity":0.5556150845975544,"fill":"#ff0000"},"bbox":[-3.81204,40.2894,-3.81737,40.2947],"geometry":{"type":"Polygon","coordinates":[[[-3.81204,40.2947],[-3.81737,40.2947],[-3.81737,40.2894],[-3.81204,40.2894],[-3.81204,40.2947]]]}},{"type":"Feature","properties":{"name":"Fuenlabrada--piece--5-6--gCloud","number_of_ads_buy":4,"average_prize_buy":1552.16,"number_of_ads_rent":0,"average_prize_rent":0,"normalized_prize_buy":0.5385928629922134,"normalized_ads_buy":0.13333333333333333,"normalized_prize_rent":null,"normalized_ads_rent":0,"date":"2018-12-07T10:31:12.000Z","fill-opacity":0.4308742903937708,"fill":"#ff0000"},"bbox":[-3.81204,40.2842,-3.81737,40.2894],"geometry":{"type":"Polygon","coordinates":[[[-3.81204,40.2894],[-3.81737,40.2894],[-3.81737,40.2842],[-3.81204,40.2842],[-3.81204,40.2894]]]}},{"type":"Feature","properties":{"name":"Fuenlabrada--piece--5-7--gCloud","number_of_ads_buy":2,"average_prize_buy":2881.88,"number_of_ads_rent":1,"average_prize_rent":7.14286,"normalized_prize_buy":1,"normalized_ads_buy":0.06666666666666667,"normalized_prize_rent":null,"normalized_ads_rent":0.03333333333333333,"date":"2018-12-07T10:31:21.000Z","fill-opacity":0.8,"fill":"#ff0000"},"bbox":[-3.81204,40.2789,-3.81737,40.2842],"geometry":{"type":"Polygon","coordinates":[[[-3.81204,40.2842],[-3.81737,40.2842],[-3.81737,40.2789],[-3.81204,40.2789],[-3.81204,40.2842]]]}},{"type":"Feature","properties":{"name":"Fuenlabrada--piece--5-8--gCloud","number_of_ads_buy":0,"average_prize_buy":0,"number_of_ads_rent":0,"average_prize_rent":0,"normalized_prize_buy":0,"normalized_ads_buy":0,"normalized_prize_rent":null,"normalized_ads_rent":0,"date":"2018-12-07T10:31:29.000Z","fill-opacity":0,"fill":"#ff0000"},"bbox":[-3.81204,40.2736,-3.81737,40.2789],"geometry":{"type":"Polygon","coordinates":[[[-3.81204,40.2789],[-3.81737,40.2789],[-3.81737,40.2736],[-3.81204,40.2736],[-3.81204,40.2789]]]}},{"type":"Feature","properties":{"name":"Fuenlabrada--piece--6-0--gCloud","number_of_ads_buy":0,"average_prize_buy":0,"number_of_ads_rent":0,"average_prize_rent":0,"normalized_prize_buy":0,"normalized_ads_buy":0,"normalized_prize_rent":null,"normalized_ads_rent":0,"date":"2018-12-07T10:31:34.000Z","fill-opacity":0,"fill":"#ff0000"},"bbox":[-3.80671,40.3157,-3.81204,40.321],"geometry":{"type":"Polygon","coordinates":[[[-3.80671,40.321],[-3.81204,40.321],[-3.81204,40.3157],[-3.80671,40.3157],[-3.80671,40.321]]]}},{"type":"Feature","properties":{"name":"Fuenlabrada--piece--6-1--gCloud","number_of_ads_buy":0,"average_prize_buy":0,"number_of_ads_rent":0,"average_prize_rent":0,"normalized_prize_buy":0,"normalized_ads_buy":0,"normalized_prize_rent":null,"normalized_ads_rent":0,"date":"2018-12-07T10:31:43.000Z","fill-opacity":0,"fill":"#ff0000"},"bbox":[-3.80671,40.3104,-3.81204,40.3157],"geometry":{"type":"Polygon","coordinates":[[[-3.80671,40.3157],[-3.81204,40.3157],[-3.81204,40.3104],[-3.80671,40.3104],[-3.80671,40.3157]]]}},{"type":"Feature","properties":{"name":"Fuenlabrada--piece--6-2--gCloud","number_of_ads_buy":1,"average_prize_buy":2317.07,"number_of_ads_rent":0,"average_prize_rent":0,"normalized_prize_buy":0.8040133523949644,"normalized_ads_buy":0.03333333333333333,"normalized_prize_rent":null,"normalized_ads_rent":0,"date":"2018-12-07T10:31:48.000Z","fill-opacity":0.6432106819159715,"fill":"#ff0000"},"bbox":[-3.80671,40.3052,-3.81204,40.3104],"geometry":{"type":"Polygon","coordinates":[[[-3.80671,40.3104],[-3.81204,40.3104],[-3.81204,40.3052],[-3.80671,40.3052],[-3.80671,40.3104]]]}},{"type":"Feature","properties":{"name":"Fuenlabrada--piece--6-3--gCloud","number_of_ads_buy":6,"average_prize_buy":1649.88,"number_of_ads_rent":0,"average_prize_rent":0,"normalized_prize_buy":0.5725012838841312,"normalized_ads_buy":0.2,"normalized_prize_rent":null,"normalized_ads_rent":0,"date":"2018-12-07T10:32:00.000Z","fill-opacity":0.458001027107305,"fill":"#ff0000"},"bbox":[-3.80671,40.2999,-3.81204,40.3052],"geometry":{"type":"Polygon","coordinates":[[[-3.80671,40.3052],[-3.81204,40.3052],[-3.81204,40.2999],[-3.80671,40.2999],[-3.80671,40.3052]]]}},{"type":"Feature","properties":{"name":"Fuenlabrada--piece--6-4--gCloud","number_of_ads_buy":28,"average_prize_buy":1530.97,"number_of_ads_rent":1,"average_prize_rent":6.25,"normalized_prize_buy":0.5312400238733049,"normalized_ads_buy":0.9333333333333333,"normalized_prize_rent":null,"normalized_ads_rent":0.03333333333333333,"date":"2018-12-07T10:32:10.000Z","fill-opacity":0.424992019098644,"fill":"#ff0000"},"bbox":[-3.80671,40.2947,-3.81204,40.2999],"geometry":{"type":"Polygon","coordinates":[[[-3.80671,40.2999],[-3.81204,40.2999],[-3.81204,40.2947],[-3.80671,40.2947],[-3.80671,40.2999]]]}},{"type":"Feature","properties":{"name":"Fuenlabrada--piece--6-5--gCloud","number_of_ads_buy":20,"average_prize_buy":1679.86,"number_of_ads_rent":0,"average_prize_rent":0,"normalized_prize_buy":0.5829042153038988,"normalized_ads_buy":0.6666666666666666,"normalized_prize_rent":null,"normalized_ads_rent":0,"date":"2018-12-07T10:32:19.000Z","fill-opacity":0.46632337224311904,"fill":"#ff0000"},"bbox":[-3.80671,40.2894,-3.81204,40.2947],"geometry":{"type":"Polygon","coordinates":[[[-3.80671,40.2947],[-3.81204,40.2947],[-3.81204,40.2894],[-3.80671,40.2894],[-3.80671,40.2947]]]}},{"type":"Feature","properties":{"name":"Fuenlabrada--piece--6-6--gCloud","number_of_ads_buy":30,"average_prize_buy":1592.51,"number_of_ads_rent":0,"average_prize_rent":0,"normalized_prize_buy":0.5525941399364304,"normalized_ads_buy":1,"normalized_prize_rent":null,"normalized_ads_rent":0,"date":"2018-12-07T10:32:25.000Z","fill-opacity":0.4420753119491443,"fill":"#ff0000"},"bbox":[-3.80671,40.2842,-3.81204,40.2894],"geometry":{"type":"Polygon","coordinates":[[[-3.80671,40.2894],[-3.81204,40.2894],[-3.81204,40.2842],[-3.80671,40.2842],[-3.80671,40.2894]]]}},{"type":"Feature","properties":{"name":"Fuenlabrada--piece--6-7--gCloud","number_of_ads_buy":21,"average_prize_buy":1578.85,"number_of_ads_rent":1,"average_prize_rent":7.05882,"normalized_prize_buy":0.5478541785223534,"normalized_ads_buy":0.7,"normalized_prize_rent":null,"normalized_ads_rent":0.03333333333333333,"date":"2018-12-07T10:32:36.000Z","fill-opacity":0.4382833428178827,"fill":"#ff0000"},"bbox":[-3.80671,40.2789,-3.81204,40.2842],"geometry":{"type":"Polygon","coordinates":[[[-3.80671,40.2842],[-3.81204,40.2842],[-3.81204,40.2789],[-3.80671,40.2789],[-3.80671,40.2842]]]}},{"type":"Feature","properties":{"name":"Fuenlabrada--piece--6-8--gCloud","number_of_ads_buy":13,"average_prize_buy":1580.91,"number_of_ads_rent":0,"average_prize_rent":0,"normalized_prize_buy":0.5485689896872875,"normalized_ads_buy":0.43333333333333335,"normalized_prize_rent":null,"normalized_ads_rent":0,"date":"2018-12-07T10:32:45.000Z","fill-opacity":0.43885519174983,"fill":"#ff0000"},"bbox":[-3.80671,40.2736,-3.81204,40.2789],"geometry":{"type":"Polygon","coordinates":[[[-3.80671,40.2789],[-3.81204,40.2789],[-3.81204,40.2736],[-3.80671,40.2736],[-3.80671,40.2789]]]}},{"type":"Feature","properties":{"name":"Fuenlabrada--piece--7-0--gCloud","number_of_ads_buy":1,"average_prize_buy":0,"number_of_ads_rent":0,"average_prize_rent":0,"normalized_prize_buy":0,"normalized_ads_buy":0.03333333333333333,"normalized_prize_rent":null,"normalized_ads_rent":0,"date":"2018-12-07T10:32:52.000Z","fill-opacity":0,"fill":"#ff0000"},"bbox":[-3.80137,40.3157,-3.80671,40.321],"geometry":{"type":"Polygon","coordinates":[[[-3.80137,40.321],[-3.80671,40.321],[-3.80671,40.3157],[-3.80137,40.3157],[-3.80137,40.321]]]}},{"type":"Feature","properties":{"name":"Fuenlabrada--piece--7-1--gCloud","number_of_ads_buy":0,"average_prize_buy":0,"number_of_ads_rent":0,"average_prize_rent":0,"normalized_prize_buy":0,"normalized_ads_buy":0,"normalized_prize_rent":null,"normalized_ads_rent":0,"date":"2018-12-07T10:33:03.000Z","fill-opacity":0,"fill":"#ff0000"},"bbox":[-3.80137,40.3104,-3.80671,40.3157],"geometry":{"type":"Polygon","coordinates":[[[-3.80137,40.3157],[-3.80671,40.3157],[-3.80671,40.3104],[-3.80137,40.3104],[-3.80137,40.3157]]]}},{"type":"Feature","properties":{"name":"Fuenlabrada--piece--7-2--gCloud","number_of_ads_buy":0,"average_prize_buy":0,"number_of_ads_rent":0,"average_prize_rent":0,"normalized_prize_buy":0,"normalized_ads_buy":0,"normalized_prize_rent":null,"normalized_ads_rent":0,"date":"2018-12-07T10:33:11.000Z","fill-opacity":0,"fill":"#ff0000"},"bbox":[-3.80137,40.3052,-3.80671,40.3104],"geometry":{"type":"Polygon","coordinates":[[[-3.80137,40.3104],[-3.80671,40.3104],[-3.80671,40.3052],[-3.80137,40.3052],[-3.80137,40.3104]]]}},{"type":"Feature","properties":{"name":"Fuenlabrada--piece--7-3--gCloud","number_of_ads_buy":0,"average_prize_buy":0,"number_of_ads_rent":0,"average_prize_rent":0,"normalized_prize_buy":0,"normalized_ads_buy":0,"normalized_prize_rent":null,"normalized_ads_rent":0,"date":"2018-12-07T10:33:20.000Z","fill-opacity":0,"fill":"#ff0000"},"bbox":[-3.80137,40.2999,-3.80671,40.3052],"geometry":{"type":"Polygon","coordinates":[[[-3.80137,40.3052],[-3.80671,40.3052],[-3.80671,40.2999],[-3.80137,40.2999],[-3.80137,40.3052]]]}},{"type":"Feature","properties":{"name":"Fuenlabrada--piece--7-4--gCloud","number_of_ads_buy":13,"average_prize_buy":1833.24,"number_of_ads_rent":4,"average_prize_rent":7.84257,"normalized_prize_buy":0.63612641747748,"normalized_ads_buy":0.43333333333333335,"normalized_prize_rent":null,"normalized_ads_rent":0.13333333333333333,"date":"2018-12-07T10:33:28.000Z","fill-opacity":0.508901133981984,"fill":"#ff0000"},"bbox":[-3.80137,40.2947,-3.80671,40.2999],"geometry":{"type":"Polygon","coordinates":[[[-3.80137,40.2999],[-3.80671,40.2999],[-3.80671,40.2947],[-3.80137,40.2947],[-3.80137,40.2999]]]}},{"type":"Feature","properties":{"name":"Fuenlabrada--piece--7-5--gCloud","number_of_ads_buy":25,"average_prize_buy":1670.52,"number_of_ads_rent":3,"average_prize_rent":9.55093,"normalized_prize_buy":0.5796632753619165,"normalized_ads_buy":0.8333333333333334,"normalized_prize_rent":null,"normalized_ads_rent":0.1,"date":"2018-12-07T10:33:34.000Z","fill-opacity":0.46373062028953327,"fill":"#ff0000"},"bbox":[-3.80137,40.2894,-3.80671,40.2947],"geometry":{"type":"Polygon","coordinates":[[[-3.80137,40.2947],[-3.80671,40.2947],[-3.80671,40.2894],[-3.80137,40.2894],[-3.80137,40.2947]]]}},{"type":"Feature","properties":{"name":"Fuenlabrada--piece--7-6--gCloud","number_of_ads_buy":16,"average_prize_buy":1890.12,"number_of_ads_rent":4,"average_prize_rent":8.70585,"normalized_prize_buy":0.6558635335267256,"normalized_ads_buy":0.5333333333333333,"normalized_prize_rent":null,"normalized_ads_rent":0.13333333333333333,"date":"2018-12-07T10:33:43.000Z","fill-opacity":0.5246908268213805,"fill":"#ff0000"},"bbox":[-3.80137,40.2842,-3.80671,40.2894],"geometry":{"type":"Polygon","coordinates":[[[-3.80137,40.2894],[-3.80671,40.2894],[-3.80671,40.2842],[-3.80137,40.2842],[-3.80137,40.2894]]]}},{"type":"Feature","properties":{"name":"Fuenlabrada--piece--7-7--gCloud","number_of_ads_buy":29,"average_prize_buy":1716.54,"number_of_ads_rent":0,"average_prize_rent":0,"normalized_prize_buy":0.5956320179882576,"normalized_ads_buy":0.9666666666666667,"normalized_prize_rent":null,"normalized_ads_rent":0,"date":"2018-12-07T10:33:50.000Z","fill-opacity":0.4765056143906061,"fill":"#ff0000"},"bbox":[-3.80137,40.2789,-3.80671,40.2842],"geometry":{"type":"Polygon","coordinates":[[[-3.80137,40.2842],[-3.80671,40.2842],[-3.80671,40.2789],[-3.80137,40.2789],[-3.80137,40.2842]]]}},{"type":"Feature","properties":{"name":"Fuenlabrada--piece--7-8--gCloud","number_of_ads_buy":21,"average_prize_buy":1986.9,"number_of_ads_rent":0,"average_prize_rent":0,"normalized_prize_buy":0.6894457784501784,"normalized_ads_buy":0.7,"normalized_prize_rent":null,"normalized_ads_rent":0,"date":"2018-12-07T10:33:59.000Z","fill-opacity":0.5515566227601427,"fill":"#ff0000"},"bbox":[-3.80137,40.2736,-3.80671,40.2789],"geometry":{"type":"Polygon","coordinates":[[[-3.80137,40.2789],[-3.80671,40.2789],[-3.80671,40.2736],[-3.80137,40.2736],[-3.80137,40.2789]]]}},{"type":"Feature","properties":{"name":"Fuenlabrada--piece--8-0--gCloud","number_of_ads_buy":0,"average_prize_buy":0,"number_of_ads_rent":0,"average_prize_rent":0,"normalized_prize_buy":0,"normalized_ads_buy":0,"normalized_prize_rent":null,"normalized_ads_rent":0,"date":"2018-12-07T10:34:04.000Z","fill-opacity":0,"fill":"#ff0000"},"bbox":[-3.79604,40.3157,-3.80137,40.321],"geometry":{"type":"Polygon","coordinates":[[[-3.79604,40.321],[-3.80137,40.321],[-3.80137,40.3157],[-3.79604,40.3157],[-3.79604,40.321]]]}},{"type":"Feature","properties":{"name":"Fuenlabrada--piece--8-1--gCloud","number_of_ads_buy":0,"average_prize_buy":0,"number_of_ads_rent":0,"average_prize_rent":0,"normalized_prize_buy":0,"normalized_ads_buy":0,"normalized_prize_rent":null,"normalized_ads_rent":0,"date":"2018-12-07T10:34:13.000Z","fill-opacity":0,"fill":"#ff0000"},"bbox":[-3.79604,40.3104,-3.80137,40.3157],"geometry":{"type":"Polygon","coordinates":[[[-3.79604,40.3157],[-3.80137,40.3157],[-3.80137,40.3104],[-3.79604,40.3104],[-3.79604,40.3157]]]}},{"type":"Feature","properties":{"name":"Fuenlabrada--piece--8-2--gCloud","number_of_ads_buy":0,"average_prize_buy":0,"number_of_ads_rent":0,"average_prize_rent":0,"normalized_prize_buy":0,"normalized_ads_buy":0,"normalized_prize_rent":null,"normalized_ads_rent":0,"date":"2018-12-07T10:34:18.000Z","fill-opacity":0,"fill":"#ff0000"},"bbox":[-3.79604,40.3052,-3.80137,40.3104],"geometry":{"type":"Polygon","coordinates":[[[-3.79604,40.3104],[-3.80137,40.3104],[-3.80137,40.3052],[-3.79604,40.3052],[-3.79604,40.3104]]]}},{"type":"Feature","properties":{"name":"Fuenlabrada--piece--8-3--gCloud","number_of_ads_buy":0,"average_prize_buy":0,"number_of_ads_rent":0,"average_prize_rent":0,"normalized_prize_buy":0,"normalized_ads_buy":0,"normalized_prize_rent":null,"normalized_ads_rent":0,"date":"2018-12-07T10:34:26.000Z","fill-opacity":0,"fill":"#ff0000"},"bbox":[-3.79604,40.2999,-3.80137,40.3052],"geometry":{"type":"Polygon","coordinates":[[[-3.79604,40.3052],[-3.80137,40.3052],[-3.80137,40.2999],[-3.79604,40.2999],[-3.79604,40.3052]]]}},{"type":"Feature","properties":{"name":"Fuenlabrada--piece--8-4--gCloud","number_of_ads_buy":2,"average_prize_buy":1991.51,"number_of_ads_rent":2,"average_prize_rent":10.625,"normalized_prize_buy":0.6910454286785015,"normalized_ads_buy":0.06666666666666667,"normalized_prize_rent":null,"normalized_ads_rent":0.06666666666666667,"date":"2018-12-07T10:34:35.000Z","fill-opacity":0.5528363429428013,"fill":"#ff0000"},"bbox":[-3.79604,40.2947,-3.80137,40.2999],"geometry":{"type":"Polygon","coordinates":[[[-3.79604,40.2999],[-3.80137,40.2999],[-3.80137,40.2947],[-3.79604,40.2947],[-3.79604,40.2999]]]}},{"type":"Feature","properties":{"name":"Fuenlabrada--piece--8-5--gCloud","number_of_ads_buy":23,"average_prize_buy":1721.9,"number_of_ads_rent":1,"average_prize_rent":9.16667,"normalized_prize_buy":0.5974919149999306,"normalized_ads_buy":0.7666666666666667,"normalized_prize_rent":null,"normalized_ads_rent":0.03333333333333333,"date":"2018-12-07T10:34:42.000Z","fill-opacity":0.4779935319999445,"fill":"#ff0000"},"bbox":[-3.79604,40.2894,-3.80137,40.2947],"geometry":{"type":"Polygon","coordinates":[[[-3.79604,40.2947],[-3.80137,40.2947],[-3.80137,40.2894],[-3.79604,40.2894],[-3.79604,40.2947]]]}},{"type":"Feature","properties":{"name":"Fuenlabrada--piece--8-6--gCloud","number_of_ads_buy":30,"average_prize_buy":1658.18,"number_of_ads_rent":3,"average_prize_rent":9.31435,"normalized_prize_buy":0.5753813482865352,"normalized_ads_buy":1,"normalized_prize_rent":null,"normalized_ads_rent":0.1,"date":"2018-12-07T10:34:52.000Z","fill-opacity":0.4603050786292282,"fill":"#ff0000"},"bbox":[-3.79604,40.2842,-3.80137,40.2894],"geometry":{"type":"Polygon","coordinates":[[[-3.79604,40.2894],[-3.80137,40.2894],[-3.80137,40.2842],[-3.79604,40.2842],[-3.79604,40.2894]]]}},{"type":"Feature","properties":{"name":"Fuenlabrada--piece--8-7--gCloud","number_of_ads_buy":27,"average_prize_buy":1700.87,"number_of_ads_rent":1,"average_prize_rent":7.73438,"normalized_prize_buy":0.5901945951948033,"normalized_ads_buy":0.9,"normalized_prize_rent":null,"normalized_ads_rent":0.03333333333333333,"date":"2018-12-07T10:34:58.000Z","fill-opacity":0.4721556761558427,"fill":"#ff0000"},"bbox":[-3.79604,40.2789,-3.80137,40.2842],"geometry":{"type":"Polygon","coordinates":[[[-3.79604,40.2842],[-3.80137,40.2842],[-3.80137,40.2789],[-3.79604,40.2789],[-3.79604,40.2842]]]}},{"type":"Feature","properties":{"name":"Fuenlabrada--piece--8-8--gCloud","number_of_ads_buy":30,"average_prize_buy":1715.17,"number_of_ads_rent":7,"average_prize_rent":8.59305,"normalized_prize_buy":0.5951566338640054,"normalized_ads_buy":1,"normalized_prize_rent":null,"normalized_ads_rent":0.23333333333333334,"date":"2018-12-07T10:35:05.000Z","fill-opacity":0.4761253070912044,"fill":"#ff0000"},"bbox":[-3.79604,40.2736,-3.80137,40.2789],"geometry":{"type":"Polygon","coordinates":[[[-3.79604,40.2789],[-3.80137,40.2789],[-3.80137,40.2736],[-3.79604,40.2736],[-3.79604,40.2789]]]}},{"type":"Feature","properties":{"name":"Fuenlabrada--piece--9-0--gCloud","number_of_ads_buy":0,"average_prize_buy":0,"number_of_ads_rent":0,"average_prize_rent":0,"normalized_prize_buy":0,"normalized_ads_buy":0,"normalized_prize_rent":null,"normalized_ads_rent":0,"date":"2018-12-07T10:35:11.000Z","fill-opacity":0,"fill":"#ff0000"},"bbox":[-3.79071,40.3157,-3.79604,40.321],"geometry":{"type":"Polygon","coordinates":[[[-3.79071,40.321],[-3.79604,40.321],[-3.79604,40.3157],[-3.79071,40.3157],[-3.79071,40.321]]]}},{"type":"Feature","properties":{"name":"Fuenlabrada--piece--9-1--gCloud","number_of_ads_buy":2,"average_prize_buy":1672.46,"number_of_ads_rent":0,"average_prize_rent":0,"normalized_prize_buy":0.5803364470415145,"normalized_ads_buy":0.06666666666666667,"normalized_prize_rent":null,"normalized_ads_rent":0,"date":"2018-12-07T10:35:19.000Z","fill-opacity":0.46426915763321164,"fill":"#ff0000"},"bbox":[-3.79071,40.3104,-3.79604,40.3157],"geometry":{"type":"Polygon","coordinates":[[[-3.79071,40.3157],[-3.79604,40.3157],[-3.79604,40.3104],[-3.79071,40.3104],[-3.79071,40.3157]]]}},{"type":"Feature","properties":{"name":"Fuenlabrada--piece--9-2--gCloud","number_of_ads_buy":0,"average_prize_buy":0,"number_of_ads_rent":0,"average_prize_rent":0,"normalized_prize_buy":0,"normalized_ads_buy":0,"normalized_prize_rent":null,"normalized_ads_rent":0,"date":"2018-12-07T10:35:25.000Z","fill-opacity":0,"fill":"#ff0000"},"bbox":[-3.79071,40.3052,-3.79604,40.3104],"geometry":{"type":"Polygon","coordinates":[[[-3.79071,40.3104],[-3.79604,40.3104],[-3.79604,40.3052],[-3.79071,40.3052],[-3.79071,40.3104]]]}},{"type":"Feature","properties":{"name":"Fuenlabrada--piece--9-3--gCloud","number_of_ads_buy":0,"average_prize_buy":0,"number_of_ads_rent":0,"average_prize_rent":0,"normalized_prize_buy":0,"normalized_ads_buy":0,"normalized_prize_rent":null,"normalized_ads_rent":0,"date":"2018-12-07T10:35:31.000Z","fill-opacity":0,"fill":"#ff0000"},"bbox":[-3.79071,40.2999,-3.79604,40.3052],"geometry":{"type":"Polygon","coordinates":[[[-3.79071,40.3052],[-3.79604,40.3052],[-3.79604,40.2999],[-3.79071,40.2999],[-3.79071,40.3052]]]}},{"type":"Feature","properties":{"name":"Fuenlabrada--piece--9-4--gCloud","number_of_ads_buy":2,"average_prize_buy":1680.79,"number_of_ads_rent":0,"average_prize_rent":0,"normalized_prize_buy":0.5832269213152526,"normalized_ads_buy":0.06666666666666667,"normalized_prize_rent":null,"normalized_ads_rent":0,"date":"2018-12-07T10:35:36.000Z","fill-opacity":0.46658153705220207,"fill":"#ff0000"},"bbox":[-3.79071,40.2947,-3.79604,40.2999],"geometry":{"type":"Polygon","coordinates":[[[-3.79071,40.2999],[-3.79604,40.2999],[-3.79604,40.2947],[-3.79071,40.2947],[-3.79071,40.2999]]]}},{"type":"Feature","properties":{"name":"Fuenlabrada--piece--9-5--gCloud","number_of_ads_buy":29,"average_prize_buy":1914.79,"number_of_ads_rent":2,"average_prize_rent":9.44444,"normalized_prize_buy":0.6644239177203769,"normalized_ads_buy":0.9666666666666667,"normalized_prize_rent":null,"normalized_ads_rent":0.06666666666666667,"date":"2018-12-07T10:35:45.000Z","fill-opacity":0.5315391341763015,"fill":"#ff0000"},"bbox":[-3.79071,40.2894,-3.79604,40.2947],"geometry":{"type":"Polygon","coordinates":[[[-3.79071,40.2947],[-3.79604,40.2947],[-3.79604,40.2894],[-3.79071,40.2894],[-3.79071,40.2947]]]}},{"type":"Feature","properties":{"name":"Fuenlabrada--piece--9-6--gCloud","number_of_ads_buy":30,"average_prize_buy":1598.8,"number_of_ads_rent":5,"average_prize_rent":7.73333,"normalized_prize_buy":0.554776742959457,"normalized_ads_buy":1,"normalized_prize_rent":null,"normalized_ads_rent":0.16666666666666666,"date":"2018-12-07T10:35:53.000Z","fill-opacity":0.4438213943675656,"fill":"#ff0000"},"bbox":[-3.79071,40.2842,-3.79604,40.2894],"geometry":{"type":"Polygon","coordinates":[[[-3.79071,40.2894],[-3.79604,40.2894],[-3.79604,40.2842],[-3.79071,40.2842],[-3.79071,40.2894]]]}},{"type":"Feature","properties":{"name":"Fuenlabrada--piece--9-7--gCloud","number_of_ads_buy":29,"average_prize_buy":1628.58,"number_of_ads_rent":3,"average_prize_rent":8.46762,"normalized_prize_buy":0.565110275236998,"normalized_ads_buy":0.9666666666666667,"normalized_prize_rent":null,"normalized_ads_rent":0.1,"date":"2018-12-07T10:36:00.000Z","fill-opacity":0.4520882201895984,"fill":"#ff0000"},"bbox":[-3.79071,40.2789,-3.79604,40.2842],"geometry":{"type":"Polygon","coordinates":[[[-3.79071,40.2842],[-3.79604,40.2842],[-3.79604,40.2789],[-3.79071,40.2789],[-3.79071,40.2842]]]}},{"type":"Feature","properties":{"name":"Fuenlabrada--piece--9-8--gCloud","number_of_ads_buy":20,"average_prize_buy":1750.39,"number_of_ads_rent":0,"average_prize_rent":0,"normalized_prize_buy":0.6073778228101101,"normalized_ads_buy":0.6666666666666666,"normalized_prize_rent":null,"normalized_ads_rent":0,"date":"2018-12-07T10:36:08.000Z","fill-opacity":0.4859022582480881,"fill":"#ff0000"},"bbox":[-3.79071,40.2736,-3.79604,40.2789],"geometry":{"type":"Polygon","coordinates":[[[-3.79071,40.2789],[-3.79604,40.2789],[-3.79604,40.2736],[-3.79071,40.2736],[-3.79071,40.2789]]]}}]}