{"type":"FeatureCollection","features":[{"type":"Feature","properties":{"name":"Galapagar--piece--0-0--raspberry3bp","number_of_ads_buy":0,"average_prize_buy":0,"number_of_ads_rent":0,"average_prize_rent":0,"normalized_prize_buy":null,"normalized_ads_buy":null,"normalized_prize_rent":null,"normalized_ads_rent":null,"date":"2018-12-06T20:15:06.000Z","fill-opacity":null,"fill":"#ff0000"},"bbox":[-4.01085,40.583,-4.01612,40.5881],"geometry":{"type":"Polygon","coordinates":[[[-4.01085,40.5881],[-4.01612,40.5881],[-4.01612,40.583],[-4.01085,40.583],[-4.01085,40.5881]]]}},{"type":"Feature","properties":{"name":"Galapagar--piece--0-1--raspberry3bp","number_of_ads_buy":0,"average_prize_buy":0,"number_of_ads_rent":0,"average_prize_rent":0,"normalized_prize_buy":null,"normalized_ads_buy":null,"normalized_prize_rent":null,"normalized_ads_rent":null,"date":"2018-12-06T20:15:28.000Z","fill-opacity":null,"fill":"#ff0000"},"bbox":[-4.01085,40.5778,-4.01612,40.583],"geometry":{"type":"Polygon","coordinates":[[[-4.01085,40.583],[-4.01612,40.583],[-4.01612,40.5778],[-4.01085,40.5778],[-4.01085,40.583]]]}},{"type":"Feature","properties":{"name":"Galapagar--piece--0-2--raspberry3bp","number_of_ads_buy":0,"average_prize_buy":0,"number_of_ads_rent":0,"average_prize_rent":0,"normalized_prize_buy":null,"normalized_ads_buy":null,"normalized_prize_rent":null,"normalized_ads_rent":null,"date":"2018-12-06T20:15:43.000Z","fill-opacity":null,"fill":"#ff0000"},"bbox":[-4.01085,40.5726,-4.01612,40.5778],"geometry":{"type":"Polygon","coordinates":[[[-4.01085,40.5778],[-4.01612,40.5778],[-4.01612,40.5726],[-4.01085,40.5726],[-4.01085,40.5778]]]}},{"type":"Feature","properties":{"name":"Galapagar--piece--0-3--raspberry3bp","number_of_ads_buy":0,"average_prize_buy":0,"number_of_ads_rent":0,"average_prize_rent":0,"normalized_prize_buy":null,"normalized_ads_buy":null,"normalized_prize_rent":null,"normalized_ads_rent":null,"date":"2018-12-06T20:16:03.000Z","fill-opacity":null,"fill":"#ff0000"},"bbox":[-4.01085,40.5674,-4.01612,40.5726],"geometry":{"type":"Polygon","coordinates":[[[-4.01085,40.5726],[-4.01612,40.5726],[-4.01612,40.5674],[-4.01085,40.5674],[-4.01085,40.5726]]]}},{"type":"Feature","properties":{"name":"Galapagar--piece--0-4--raspberry3bp","number_of_ads_buy":0,"average_prize_buy":0,"number_of_ads_rent":0,"average_prize_rent":0,"normalized_prize_buy":null,"normalized_ads_buy":null,"normalized_prize_rent":null,"normalized_ads_rent":null,"date":"2018-12-06T20:16:17.000Z","fill-opacity":null,"fill":"#ff0000"},"bbox":[-4.01085,40.5623,-4.01612,40.5674],"geometry":{"type":"Polygon","coordinates":[[[-4.01085,40.5674],[-4.01612,40.5674],[-4.01612,40.5623],[-4.01085,40.5623],[-4.01085,40.5674]]]}},{"type":"Feature","properties":{"name":"Galapagar--piece--1-0--raspberry3bp","number_of_ads_buy":0,"average_prize_buy":0,"number_of_ads_rent":0,"average_prize_rent":0,"normalized_prize_buy":null,"normalized_ads_buy":null,"normalized_prize_rent":null,"normalized_ads_rent":null,"date":"2018-12-06T20:16:31.000Z","fill-opacity":null,"fill":"#ff0000"},"bbox":[-4.00559,40.583,-4.01085,40.5881],"geometry":{"type":"Polygon","coordinates":[[[-4.00559,40.5881],[-4.01085,40.5881],[-4.01085,40.583],[-4.00559,40.583],[-4.00559,40.5881]]]}},{"type":"Feature","properties":{"name":"Galapagar--piece--1-1--raspberry3bp","number_of_ads_buy":0,"average_prize_buy":0,"number_of_ads_rent":2,"average_prize_rent":6,"normalized_prize_buy":null,"normalized_ads_buy":null,"normalized_prize_rent":null,"normalized_ads_rent":null,"date":"2018-12-06T20:16:49.000Z","fill-opacity":null,"fill":"#ff0000"},"bbox":[-4.00559,40.5778,-4.01085,40.583],"geometry":{"type":"Polygon","coordinates":[[[-4.00559,40.583],[-4.01085,40.583],[-4.01085,40.5778],[-4.00559,40.5778],[-4.00559,40.583]]]}},{"type":"Feature","properties":{"name":"Galapagar--piece--1-2--raspberry3bp","number_of_ads_buy":0,"average_prize_buy":0,"number_of_ads_rent":0,"average_prize_rent":0,"normalized_prize_buy":null,"normalized_ads_buy":null,"normalized_prize_rent":null,"normalized_ads_rent":null,"date":"2018-12-06T20:17:10.000Z","fill-opacity":null,"fill":"#ff0000"},"bbox":[-4.00559,40.5726,-4.01085,40.5778],"geometry":{"type":"Polygon","coordinates":[[[-4.00559,40.5778],[-4.01085,40.5778],[-4.01085,40.5726],[-4.00559,40.5726],[-4.00559,40.5778]]]}},{"type":"Feature","properties":{"name":"Galapagar--piece--1-3--raspberry3bp","number_of_ads_buy":0,"average_prize_buy":0,"number_of_ads_rent":0,"average_prize_rent":0,"normalized_prize_buy":null,"normalized_ads_buy":null,"normalized_prize_rent":null,"normalized_ads_rent":null,"date":"2018-12-06T20:17:26.000Z","fill-opacity":null,"fill":"#ff0000"},"bbox":[-4.00559,40.5674,-4.01085,40.5726],"geometry":{"type":"Polygon","coordinates":[[[-4.00559,40.5726],[-4.01085,40.5726],[-4.01085,40.5674],[-4.00559,40.5674],[-4.00559,40.5726]]]}},{"type":"Feature","properties":{"name":"Galapagar--piece--1-4--raspberry3bp","number_of_ads_buy":0,"average_prize_buy":0,"number_of_ads_rent":1,"average_prize_rent":0,"normalized_prize_buy":null,"normalized_ads_buy":null,"normalized_prize_rent":null,"normalized_ads_rent":null,"date":"2018-12-06T20:17:55.000Z","fill-opacity":null,"fill":"#ff0000"},"bbox":[-4.00559,40.5623,-4.01085,40.5674],"geometry":{"type":"Polygon","coordinates":[[[-4.00559,40.5674],[-4.01085,40.5674],[-4.01085,40.5623],[-4.00559,40.5623],[-4.00559,40.5674]]]}},{"type":"Feature","properties":{"name":"Galapagar--piece--2-0--raspberry3bp","number_of_ads_buy":0,"average_prize_buy":0,"number_of_ads_rent":0,"average_prize_rent":0,"normalized_prize_buy":null,"normalized_ads_buy":null,"normalized_prize_rent":null,"normalized_ads_rent":null,"date":"2018-12-06T20:18:08.000Z","fill-opacity":null,"fill":"#ff0000"},"bbox":[-4.00033,40.583,-4.00559,40.5881],"geometry":{"type":"Polygon","coordinates":[[[-4.00033,40.5881],[-4.00559,40.5881],[-4.00559,40.583],[-4.00033,40.583],[-4.00033,40.5881]]]}},{"type":"Feature","properties":{"name":"Galapagar--piece--2-1--raspberry3bp","number_of_ads_buy":0,"average_prize_buy":0,"number_of_ads_rent":0,"average_prize_rent":0,"normalized_prize_buy":null,"normalized_ads_buy":null,"normalized_prize_rent":null,"normalized_ads_rent":null,"date":"2018-12-06T20:18:37.000Z","fill-opacity":null,"fill":"#ff0000"},"bbox":[-4.00033,40.5778,-4.00559,40.583],"geometry":{"type":"Polygon","coordinates":[[[-4.00033,40.583],[-4.00559,40.583],[-4.00559,40.5778],[-4.00033,40.5778],[-4.00033,40.583]]]}},{"type":"Feature","properties":{"name":"Galapagar--piece--2-2--raspberry3bp","number_of_ads_buy":0,"average_prize_buy":0,"number_of_ads_rent":4,"average_prize_rent":0,"normalized_prize_buy":null,"normalized_ads_buy":null,"normalized_prize_rent":null,"normalized_ads_rent":null,"date":"2018-12-06T20:18:52.000Z","fill-opacity":null,"fill":"#ff0000"},"bbox":[-4.00033,40.5726,-4.00559,40.5778],"geometry":{"type":"Polygon","coordinates":[[[-4.00033,40.5778],[-4.00559,40.5778],[-4.00559,40.5726],[-4.00033,40.5726],[-4.00033,40.5778]]]}},{"type":"Feature","properties":{"name":"Galapagar--piece--2-3--raspberry3bp","number_of_ads_buy":0,"average_prize_buy":0,"number_of_ads_rent":1,"average_prize_rent":6,"normalized_prize_buy":null,"normalized_ads_buy":null,"normalized_prize_rent":null,"normalized_ads_rent":null,"date":"2018-12-06T20:19:11.000Z","fill-opacity":null,"fill":"#ff0000"},"bbox":[-4.00033,40.5674,-4.00559,40.5726],"geometry":{"type":"Polygon","coordinates":[[[-4.00033,40.5726],[-4.00559,40.5726],[-4.00559,40.5674],[-4.00033,40.5674],[-4.00033,40.5726]]]}},{"type":"Feature","properties":{"name":"Galapagar--piece--2-4--raspberry3bp","number_of_ads_buy":0,"average_prize_buy":0,"number_of_ads_rent":0,"average_prize_rent":0,"normalized_prize_buy":null,"normalized_ads_buy":null,"normalized_prize_rent":null,"normalized_ads_rent":null,"date":"2018-12-06T20:19:31.000Z","fill-opacity":null,"fill":"#ff0000"},"bbox":[-4.00033,40.5623,-4.00559,40.5674],"geometry":{"type":"Polygon","coordinates":[[[-4.00033,40.5674],[-4.00559,40.5674],[-4.00559,40.5623],[-4.00033,40.5623],[-4.00033,40.5674]]]}},{"type":"Feature","properties":{"name":"Galapagar--piece--3-0--raspberry3bp","number_of_ads_buy":0,"average_prize_buy":0,"number_of_ads_rent":0,"average_prize_rent":0,"normalized_prize_buy":null,"normalized_ads_buy":null,"normalized_prize_rent":null,"normalized_ads_rent":null,"date":"2018-12-06T20:19:49.000Z","fill-opacity":null,"fill":"#ff0000"},"bbox":[-3.99507,40.583,-4.00033,40.5881],"geometry":{"type":"Polygon","coordinates":[[[-3.99507,40.5881],[-4.00033,40.5881],[-4.00033,40.583],[-3.99507,40.583],[-3.99507,40.5881]]]}},{"type":"Feature","properties":{"name":"Galapagar--piece--3-1--raspberry3bp","number_of_ads_buy":0,"average_prize_buy":0,"number_of_ads_rent":0,"average_prize_rent":0,"normalized_prize_buy":null,"normalized_ads_buy":null,"normalized_prize_rent":null,"normalized_ads_rent":null,"date":"2018-12-06T20:20:07.000Z","fill-opacity":null,"fill":"#ff0000"},"bbox":[-3.99507,40.5778,-4.00033,40.583],"geometry":{"type":"Polygon","coordinates":[[[-3.99507,40.583],[-4.00033,40.583],[-4.00033,40.5778],[-3.99507,40.5778],[-3.99507,40.583]]]}},{"type":"Feature","properties":{"name":"Galapagar--piece--3-2--raspberry3bp","number_of_ads_buy":0,"average_prize_buy":0,"number_of_ads_rent":0,"average_prize_rent":0,"normalized_prize_buy":null,"normalized_ads_buy":null,"normalized_prize_rent":null,"normalized_ads_rent":null,"date":"2018-12-06T20:20:30.000Z","fill-opacity":null,"fill":"#ff0000"},"bbox":[-3.99507,40.5726,-4.00033,40.5778],"geometry":{"type":"Polygon","coordinates":[[[-3.99507,40.5778],[-4.00033,40.5778],[-4.00033,40.5726],[-3.99507,40.5726],[-3.99507,40.5778]]]}},{"type":"Feature","properties":{"name":"Galapagar--piece--3-3--raspberry3bp","number_of_ads_buy":0,"average_prize_buy":0,"number_of_ads_rent":3,"average_prize_rent":0,"normalized_prize_buy":null,"normalized_ads_buy":null,"normalized_prize_rent":null,"normalized_ads_rent":null,"date":"2018-12-06T20:20:43.000Z","fill-opacity":null,"fill":"#ff0000"},"bbox":[-3.99507,40.5674,-4.00033,40.5726],"geometry":{"type":"Polygon","coordinates":[[[-3.99507,40.5726],[-4.00033,40.5726],[-4.00033,40.5674],[-3.99507,40.5674],[-3.99507,40.5726]]]}},{"type":"Feature","properties":{"name":"Galapagar--piece--3-4--raspberry3bp","number_of_ads_buy":0,"average_prize_buy":0,"number_of_ads_rent":0,"average_prize_rent":0,"normalized_prize_buy":null,"normalized_ads_buy":null,"normalized_prize_rent":null,"normalized_ads_rent":null,"date":"2018-12-06T20:21:07.000Z","fill-opacity":null,"fill":"#ff0000"},"bbox":[-3.99507,40.5623,-4.00033,40.5674],"geometry":{"type":"Polygon","coordinates":[[[-3.99507,40.5674],[-4.00033,40.5674],[-4.00033,40.5623],[-3.99507,40.5623],[-3.99507,40.5674]]]}},{"type":"Feature","properties":{"name":"Galapagar--piece--4-0--raspberry3bp","number_of_ads_buy":0,"average_prize_buy":0,"number_of_ads_rent":1,"average_prize_rent":0,"normalized_prize_buy":null,"normalized_ads_buy":null,"normalized_prize_rent":null,"normalized_ads_rent":null,"date":"2018-12-06T20:21:21.000Z","fill-opacity":null,"fill":"#ff0000"},"bbox":[-3.98981,40.583,-3.99507,40.5881],"geometry":{"type":"Polygon","coordinates":[[[-3.98981,40.5881],[-3.99507,40.5881],[-3.99507,40.583],[-3.98981,40.583],[-3.98981,40.5881]]]}},{"type":"Feature","properties":{"name":"Galapagar--piece--4-1--raspberry3bp","number_of_ads_buy":0,"average_prize_buy":0,"number_of_ads_rent":0,"average_prize_rent":0,"normalized_prize_buy":null,"normalized_ads_buy":null,"normalized_prize_rent":null,"normalized_ads_rent":null,"date":"2018-12-06T20:21:38.000Z","fill-opacity":null,"fill":"#ff0000"},"bbox":[-3.98981,40.5778,-3.99507,40.583],"geometry":{"type":"Polygon","coordinates":[[[-3.98981,40.583],[-3.99507,40.583],[-3.99507,40.5778],[-3.98981,40.5778],[-3.98981,40.583]]]}},{"type":"Feature","properties":{"name":"Galapagar--piece--4-2--raspberry3bp","number_of_ads_buy":0,"average_prize_buy":0,"number_of_ads_rent":0,"average_prize_rent":0,"normalized_prize_buy":null,"normalized_ads_buy":null,"normalized_prize_rent":null,"normalized_ads_rent":null,"date":"2018-12-06T20:22:00.000Z","fill-opacity":null,"fill":"#ff0000"},"bbox":[-3.98981,40.5726,-3.99507,40.5778],"geometry":{"type":"Polygon","coordinates":[[[-3.98981,40.5778],[-3.99507,40.5778],[-3.99507,40.5726],[-3.98981,40.5726],[-3.98981,40.5778]]]}},{"type":"Feature","properties":{"name":"Galapagar--piece--4-3--raspberry3bp","number_of_ads_buy":0,"average_prize_buy":0,"number_of_ads_rent":1,"average_prize_rent":6,"normalized_prize_buy":null,"normalized_ads_buy":null,"normalized_prize_rent":null,"normalized_ads_rent":null,"date":"2018-12-06T20:22:16.000Z","fill-opacity":null,"fill":"#ff0000"},"bbox":[-3.98981,40.5674,-3.99507,40.5726],"geometry":{"type":"Polygon","coordinates":[[[-3.98981,40.5726],[-3.99507,40.5726],[-3.99507,40.5674],[-3.98981,40.5674],[-3.98981,40.5726]]]}},{"type":"Feature","properties":{"name":"Galapagar--piece--4-4--raspberry3bp","number_of_ads_buy":0,"average_prize_buy":0,"number_of_ads_rent":0,"average_prize_rent":0,"normalized_prize_buy":null,"normalized_ads_buy":null,"normalized_prize_rent":null,"normalized_ads_rent":null,"date":"2018-12-06T20:22:32.000Z","fill-opacity":null,"fill":"#ff0000"},"bbox":[-3.98981,40.5623,-3.99507,40.5674],"geometry":{"type":"Polygon","coordinates":[[[-3.98981,40.5674],[-3.99507,40.5674],[-3.99507,40.5623],[-3.98981,40.5623],[-3.98981,40.5674]]]}},{"type":"Feature","properties":{"name":"Galapagar--piece--5-0--raspberry3bp","number_of_ads_buy":0,"average_prize_buy":0,"number_of_ads_rent":1,"average_prize_rent":0,"normalized_prize_buy":null,"normalized_ads_buy":null,"normalized_prize_rent":null,"normalized_ads_rent":null,"date":"2018-12-06T20:22:49.000Z","fill-opacity":null,"fill":"#ff0000"},"bbox":[-3.98454,40.583,-3.98981,40.5881],"geometry":{"type":"Polygon","coordinates":[[[-3.98454,40.5881],[-3.98981,40.5881],[-3.98981,40.583],[-3.98454,40.583],[-3.98454,40.5881]]]}},{"type":"Feature","properties":{"name":"Galapagar--piece--5-1--raspberry3bp","number_of_ads_buy":0,"average_prize_buy":0,"number_of_ads_rent":0,"average_prize_rent":0,"normalized_prize_buy":null,"normalized_ads_buy":null,"normalized_prize_rent":null,"normalized_ads_rent":null,"date":"2018-12-06T20:23:01.000Z","fill-opacity":null,"fill":"#ff0000"},"bbox":[-3.98454,40.5778,-3.98981,40.583],"geometry":{"type":"Polygon","coordinates":[[[-3.98454,40.583],[-3.98981,40.583],[-3.98981,40.5778],[-3.98454,40.5778],[-3.98454,40.583]]]}},{"type":"Feature","properties":{"name":"Galapagar--piece--5-2--raspberry3bp","number_of_ads_buy":0,"average_prize_buy":0,"number_of_ads_rent":0,"average_prize_rent":0,"normalized_prize_buy":null,"normalized_ads_buy":null,"normalized_prize_rent":null,"normalized_ads_rent":null,"date":"2018-12-06T20:23:19.000Z","fill-opacity":null,"fill":"#ff0000"},"bbox":[-3.98454,40.5726,-3.98981,40.5778],"geometry":{"type":"Polygon","coordinates":[[[-3.98454,40.5778],[-3.98981,40.5778],[-3.98981,40.5726],[-3.98454,40.5726],[-3.98454,40.5778]]]}},{"type":"Feature","properties":{"name":"Galapagar--piece--5-3--raspberry3bp","number_of_ads_buy":0,"average_prize_buy":0,"number_of_ads_rent":0,"average_prize_rent":0,"normalized_prize_buy":null,"normalized_ads_buy":null,"normalized_prize_rent":null,"normalized_ads_rent":null,"date":"2018-12-06T20:23:37.000Z","fill-opacity":null,"fill":"#ff0000"},"bbox":[-3.98454,40.5674,-3.98981,40.5726],"geometry":{"type":"Polygon","coordinates":[[[-3.98454,40.5726],[-3.98981,40.5726],[-3.98981,40.5674],[-3.98454,40.5674],[-3.98454,40.5726]]]}},{"type":"Feature","properties":{"name":"Galapagar--piece--5-4--raspberry3bp","number_of_ads_buy":0,"average_prize_buy":0,"number_of_ads_rent":0,"average_prize_rent":0,"normalized_prize_buy":null,"normalized_ads_buy":null,"normalized_prize_rent":null,"normalized_ads_rent":null,"date":"2018-12-06T20:23:57.000Z","fill-opacity":null,"fill":"#ff0000"},"bbox":[-3.98454,40.5623,-3.98981,40.5674],"geometry":{"type":"Polygon","coordinates":[[[-3.98454,40.5674],[-3.98981,40.5674],[-3.98981,40.5623],[-3.98454,40.5623],[-3.98454,40.5674]]]}}]}