{"type":"FeatureCollection","features":[{"type":"Feature","properties":{"name":"Galapagar--piece--0-0--gCloud","number_of_ads_buy":3,"average_prize_buy":1051.25,"number_of_ads_rent":0,"average_prize_rent":0,"normalized_prize_buy":0.4841279709684402,"normalized_ads_buy":0.1,"normalized_prize_rent":null,"normalized_ads_rent":0,"date":"2018-12-03T18:08:02.000Z","fill-opacity":0.38730237677475216,"fill":"#ff0000"},"bbox":[-4.01085,40.583,-4.01612,40.5881],"geometry":{"type":"Polygon","coordinates":[[[-4.01085,40.5881],[-4.01612,40.5881],[-4.01612,40.583],[-4.01085,40.583],[-4.01085,40.5881]]]}},{"type":"Feature","properties":{"name":"Galapagar--piece--0-1--gCloud","number_of_ads_buy":3,"average_prize_buy":1765.07,"number_of_ads_rent":0,"average_prize_rent":0,"normalized_prize_buy":0.8128606494337833,"normalized_ads_buy":0.1,"normalized_prize_rent":null,"normalized_ads_rent":0,"date":"2018-12-03T18:08:08.000Z","fill-opacity":0.6502885195470267,"fill":"#ff0000"},"bbox":[-4.01085,40.5778,-4.01612,40.583],"geometry":{"type":"Polygon","coordinates":[[[-4.01085,40.583],[-4.01612,40.583],[-4.01612,40.5778],[-4.01085,40.5778],[-4.01085,40.583]]]}},{"type":"Feature","properties":{"name":"Galapagar--piece--0-2--gCloud","number_of_ads_buy":7,"average_prize_buy":1531.96,"number_of_ads_rent":0,"average_prize_rent":0,"normalized_prize_buy":0.7055074305872168,"normalized_ads_buy":0.23333333333333334,"normalized_prize_rent":null,"normalized_ads_rent":0,"date":"2018-12-03T18:08:20.000Z","fill-opacity":0.5644059444697734,"fill":"#ff0000"},"bbox":[-4.01085,40.5726,-4.01612,40.5778],"geometry":{"type":"Polygon","coordinates":[[[-4.01085,40.5778],[-4.01612,40.5778],[-4.01612,40.5726],[-4.01085,40.5726],[-4.01085,40.5778]]]}},{"type":"Feature","properties":{"name":"Galapagar--piece--0-3--gCloud","number_of_ads_buy":0,"average_prize_buy":0,"number_of_ads_rent":0,"average_prize_rent":0,"normalized_prize_buy":0,"normalized_ads_buy":0,"normalized_prize_rent":null,"normalized_ads_rent":0,"date":"2018-12-03T18:08:28.000Z","fill-opacity":0,"fill":"#ff0000"},"bbox":[-4.01085,40.5674,-4.01612,40.5726],"geometry":{"type":"Polygon","coordinates":[[[-4.01085,40.5726],[-4.01612,40.5726],[-4.01612,40.5674],[-4.01085,40.5674],[-4.01085,40.5726]]]}},{"type":"Feature","properties":{"name":"Galapagar--piece--0-4--gCloud","number_of_ads_buy":1,"average_prize_buy":1.51777,"number_of_ads_rent":0,"average_prize_rent":0,"normalized_prize_buy":0.0006989725664654169,"normalized_ads_buy":0.03333333333333333,"normalized_prize_rent":null,"normalized_ads_rent":0,"date":"2018-12-03T18:08:33.000Z","fill-opacity":0.0005591780531723335,"fill":"#ff0000"},"bbox":[-4.01085,40.5623,-4.01612,40.5674],"geometry":{"type":"Polygon","coordinates":[[[-4.01085,40.5674],[-4.01612,40.5674],[-4.01612,40.5623],[-4.01085,40.5623],[-4.01085,40.5674]]]}},{"type":"Feature","properties":{"name":"Galapagar--piece--1-0--gCloud","number_of_ads_buy":0,"average_prize_buy":0,"number_of_ads_rent":1,"average_prize_rent":9,"normalized_prize_buy":0,"normalized_ads_buy":0,"normalized_prize_rent":null,"normalized_ads_rent":0.03333333333333333,"date":"2018-12-03T18:08:41.000Z","fill-opacity":0,"fill":"#ff0000"},"bbox":[-4.00559,40.583,-4.01085,40.5881],"geometry":{"type":"Polygon","coordinates":[[[-4.00559,40.5881],[-4.01085,40.5881],[-4.01085,40.583],[-4.00559,40.583],[-4.00559,40.5881]]]}},{"type":"Feature","properties":{"name":"Galapagar--piece--1-1--gCloud","number_of_ads_buy":18,"average_prize_buy":1734.64,"number_of_ads_rent":0,"average_prize_rent":0,"normalized_prize_buy":0.7988468428639193,"normalized_ads_buy":0.6,"normalized_prize_rent":null,"normalized_ads_rent":0,"date":"2018-12-03T18:08:50.000Z","fill-opacity":0.6390774742911355,"fill":"#ff0000"},"bbox":[-4.00559,40.5778,-4.01085,40.583],"geometry":{"type":"Polygon","coordinates":[[[-4.00559,40.583],[-4.01085,40.583],[-4.01085,40.5778],[-4.00559,40.5778],[-4.00559,40.583]]]}},{"type":"Feature","properties":{"name":"Galapagar--piece--1-2--gCloud","number_of_ads_buy":30,"average_prize_buy":1565.81,"number_of_ads_rent":1,"average_prize_rent":9.54545,"normalized_prize_buy":0.7210962361208973,"normalized_ads_buy":1,"normalized_prize_rent":null,"normalized_ads_rent":0.03333333333333333,"date":"2018-12-03T18:09:01.000Z","fill-opacity":0.5768769888967179,"fill":"#ff0000"},"bbox":[-4.00559,40.5726,-4.01085,40.5778],"geometry":{"type":"Polygon","coordinates":[[[-4.00559,40.5778],[-4.01085,40.5778],[-4.01085,40.5726],[-4.00559,40.5726],[-4.00559,40.5778]]]}},{"type":"Feature","properties":{"name":"Galapagar--piece--1-3--gCloud","number_of_ads_buy":4,"average_prize_buy":1571.67,"number_of_ads_rent":0,"average_prize_rent":0,"normalized_prize_buy":0.7237949185559748,"normalized_ads_buy":0.13333333333333333,"normalized_prize_rent":null,"normalized_ads_rent":0,"date":"2018-12-03T18:09:06.000Z","fill-opacity":0.5790359348447799,"fill":"#ff0000"},"bbox":[-4.00559,40.5674,-4.01085,40.5726],"geometry":{"type":"Polygon","coordinates":[[[-4.00559,40.5726],[-4.01085,40.5726],[-4.01085,40.5674],[-4.00559,40.5674],[-4.00559,40.5726]]]}},{"type":"Feature","properties":{"name":"Galapagar--piece--1-4--gCloud","number_of_ads_buy":3,"average_prize_buy":1543.33,"number_of_ads_rent":0,"average_prize_rent":0,"normalized_prize_buy":0.7107436113528873,"normalized_ads_buy":0.1,"normalized_prize_rent":null,"normalized_ads_rent":0,"date":"2018-12-03T18:09:12.000Z","fill-opacity":0.5685948890823099,"fill":"#ff0000"},"bbox":[-4.00559,40.5623,-4.01085,40.5674],"geometry":{"type":"Polygon","coordinates":[[[-4.00559,40.5674],[-4.01085,40.5674],[-4.01085,40.5623],[-4.00559,40.5623],[-4.00559,40.5674]]]}},{"type":"Feature","properties":{"name":"Galapagar--piece--2-0--gCloud","number_of_ads_buy":0,"average_prize_buy":0,"number_of_ads_rent":0,"average_prize_rent":0,"normalized_prize_buy":0,"normalized_ads_buy":0,"normalized_prize_rent":null,"normalized_ads_rent":0,"date":"2018-12-03T18:09:20.000Z","fill-opacity":0,"fill":"#ff0000"},"bbox":[-4.00033,40.583,-4.00559,40.5881],"geometry":{"type":"Polygon","coordinates":[[[-4.00033,40.5881],[-4.00559,40.5881],[-4.00559,40.583],[-4.00033,40.583],[-4.00033,40.5881]]]}},{"type":"Feature","properties":{"name":"Galapagar--piece--2-1--gCloud","number_of_ads_buy":30,"average_prize_buy":1611.02,"number_of_ads_rent":1,"average_prize_rent":10.5769,"normalized_prize_buy":0.7419166171601204,"normalized_ads_buy":1,"normalized_prize_rent":null,"normalized_ads_rent":0.03333333333333333,"date":"2018-12-03T18:09:27.000Z","fill-opacity":0.5935332937280963,"fill":"#ff0000"},"bbox":[-4.00033,40.5778,-4.00559,40.583],"geometry":{"type":"Polygon","coordinates":[[[-4.00033,40.583],[-4.00559,40.583],[-4.00559,40.5778],[-4.00033,40.5778],[-4.00033,40.583]]]}},{"type":"Feature","properties":{"name":"Galapagar--piece--2-2--gCloud","number_of_ads_buy":28,"average_prize_buy":1424.93,"number_of_ads_rent":10,"average_prize_rent":8.68327,"normalized_prize_buy":0.6562173314359663,"normalized_ads_buy":0.9333333333333333,"normalized_prize_rent":null,"normalized_ads_rent":0.3333333333333333,"date":"2018-12-03T18:09:37.000Z","fill-opacity":0.5249738651487731,"fill":"#ff0000"},"bbox":[-4.00033,40.5726,-4.00559,40.5778],"geometry":{"type":"Polygon","coordinates":[[[-4.00033,40.5778],[-4.00559,40.5778],[-4.00559,40.5726],[-4.00033,40.5726],[-4.00033,40.5778]]]}},{"type":"Feature","properties":{"name":"Galapagar--piece--2-3--gCloud","number_of_ads_buy":3,"average_prize_buy":1490.13,"number_of_ads_rent":1,"average_prize_rent":4.5,"normalized_prize_buy":0.6862436274712979,"normalized_ads_buy":0.1,"normalized_prize_rent":null,"normalized_ads_rent":0.03333333333333333,"date":"2018-12-03T18:09:50.000Z","fill-opacity":0.5489949019770383,"fill":"#ff0000"},"bbox":[-4.00033,40.5674,-4.00559,40.5726],"geometry":{"type":"Polygon","coordinates":[[[-4.00033,40.5726],[-4.00559,40.5726],[-4.00559,40.5674],[-4.00033,40.5674],[-4.00033,40.5726]]]}},{"type":"Feature","properties":{"name":"Galapagar--piece--2-4--gCloud","number_of_ads_buy":4,"average_prize_buy":1061.31,"number_of_ads_rent":0,"average_prize_rent":0,"normalized_prize_buy":0.4887608626573272,"normalized_ads_buy":0.13333333333333333,"normalized_prize_rent":null,"normalized_ads_rent":0,"date":"2018-12-03T18:10:00.000Z","fill-opacity":0.3910086901258618,"fill":"#ff0000"},"bbox":[-4.00033,40.5623,-4.00559,40.5674],"geometry":{"type":"Polygon","coordinates":[[[-4.00033,40.5674],[-4.00559,40.5674],[-4.00559,40.5623],[-4.00033,40.5623],[-4.00033,40.5674]]]}},{"type":"Feature","properties":{"name":"Galapagar--piece--3-0--gCloud","number_of_ads_buy":1,"average_prize_buy":1333.33,"number_of_ads_rent":0,"average_prize_rent":0,"normalized_prize_buy":0.6140331486624022,"normalized_ads_buy":0.03333333333333333,"normalized_prize_rent":null,"normalized_ads_rent":0,"date":"2018-12-03T18:10:15.000Z","fill-opacity":0.4912265189299218,"fill":"#ff0000"},"bbox":[-3.99507,40.583,-4.00033,40.5881],"geometry":{"type":"Polygon","coordinates":[[[-3.99507,40.5881],[-4.00033,40.5881],[-4.00033,40.583],[-3.99507,40.583],[-3.99507,40.5881]]]}},{"type":"Feature","properties":{"name":"Galapagar--piece--3-1--gCloud","number_of_ads_buy":1,"average_prize_buy":2171.43,"number_of_ads_rent":0,"average_prize_rent":0,"normalized_prize_buy":1,"normalized_ads_buy":0.03333333333333333,"normalized_prize_rent":null,"normalized_ads_rent":0,"date":"2018-12-03T18:10:23.000Z","fill-opacity":0.8,"fill":"#ff0000"},"bbox":[-3.99507,40.5778,-4.00033,40.583],"geometry":{"type":"Polygon","coordinates":[[[-3.99507,40.583],[-4.00033,40.583],[-4.00033,40.5778],[-3.99507,40.5778],[-3.99507,40.583]]]}},{"type":"Feature","properties":{"name":"Galapagar--piece--3-2--gCloud","number_of_ads_buy":9,"average_prize_buy":2031.24,"number_of_ads_rent":3,"average_prize_rent":24.8594,"normalized_prize_buy":0.9354388582639092,"normalized_ads_buy":0.3,"normalized_prize_rent":null,"normalized_ads_rent":0.1,"date":"2018-12-03T18:10:32.000Z","fill-opacity":0.7483510866111274,"fill":"#ff0000"},"bbox":[-3.99507,40.5726,-4.00033,40.5778],"geometry":{"type":"Polygon","coordinates":[[[-3.99507,40.5778],[-4.00033,40.5778],[-4.00033,40.5726],[-3.99507,40.5726],[-3.99507,40.5778]]]}},{"type":"Feature","properties":{"name":"Galapagar--piece--3-3--gCloud","number_of_ads_buy":5,"average_prize_buy":1663.27,"number_of_ads_rent":0,"average_prize_rent":0,"normalized_prize_buy":0.7659791013295386,"normalized_ads_buy":0.16666666666666666,"normalized_prize_rent":null,"normalized_ads_rent":0,"date":"2018-12-03T18:10:38.000Z","fill-opacity":0.6127832810636309,"fill":"#ff0000"},"bbox":[-3.99507,40.5674,-4.00033,40.5726],"geometry":{"type":"Polygon","coordinates":[[[-3.99507,40.5726],[-4.00033,40.5726],[-4.00033,40.5674],[-3.99507,40.5674],[-3.99507,40.5726]]]}},{"type":"Feature","properties":{"name":"Galapagar--piece--3-4--gCloud","number_of_ads_buy":4,"average_prize_buy":1730.47,"number_of_ads_rent":0,"average_prize_rent":0,"normalized_prize_buy":0.7969264493904938,"normalized_ads_buy":0.13333333333333333,"normalized_prize_rent":null,"normalized_ads_rent":0,"date":"2018-12-03T18:10:43.000Z","fill-opacity":0.6375411595123951,"fill":"#ff0000"},"bbox":[-3.99507,40.5623,-4.00033,40.5674],"geometry":{"type":"Polygon","coordinates":[[[-3.99507,40.5674],[-4.00033,40.5674],[-4.00033,40.5623],[-3.99507,40.5623],[-3.99507,40.5674]]]}},{"type":"Feature","properties":{"name":"Galapagar--piece--4-0--gCloud","number_of_ads_buy":4,"average_prize_buy":1503.69,"number_of_ads_rent":0,"average_prize_rent":0,"normalized_prize_buy":0.6924883602050262,"normalized_ads_buy":0.13333333333333333,"normalized_prize_rent":null,"normalized_ads_rent":0,"date":"2018-12-03T18:10:58.000Z","fill-opacity":0.553990688164021,"fill":"#ff0000"},"bbox":[-3.98981,40.583,-3.99507,40.5881],"geometry":{"type":"Polygon","coordinates":[[[-3.98981,40.5881],[-3.99507,40.5881],[-3.99507,40.583],[-3.98981,40.583],[-3.98981,40.5881]]]}},{"type":"Feature","properties":{"name":"Galapagar--piece--4-1--gCloud","number_of_ads_buy":4,"average_prize_buy":1235.58,"number_of_ads_rent":1,"average_prize_rent":4.79705,"normalized_prize_buy":0.5690167309100455,"normalized_ads_buy":0.13333333333333333,"normalized_prize_rent":null,"normalized_ads_rent":0.03333333333333333,"date":"2018-12-03T18:11:18.000Z","fill-opacity":0.4552133847280364,"fill":"#ff0000"},"bbox":[-3.98981,40.5778,-3.99507,40.583],"geometry":{"type":"Polygon","coordinates":[[[-3.98981,40.583],[-3.99507,40.583],[-3.99507,40.5778],[-3.98981,40.5778],[-3.98981,40.583]]]}},{"type":"Feature","properties":{"name":"Galapagar--piece--4-2--gCloud","number_of_ads_buy":0,"average_prize_buy":0,"number_of_ads_rent":0,"average_prize_rent":0,"normalized_prize_buy":0,"normalized_ads_buy":0,"normalized_prize_rent":null,"normalized_ads_rent":0,"date":"2018-12-03T18:11:23.000Z","fill-opacity":0,"fill":"#ff0000"},"bbox":[-3.98981,40.5726,-3.99507,40.5778],"geometry":{"type":"Polygon","coordinates":[[[-3.98981,40.5778],[-3.99507,40.5778],[-3.99507,40.5726],[-3.98981,40.5726],[-3.98981,40.5778]]]}},{"type":"Feature","properties":{"name":"Galapagar--piece--4-3--gCloud","number_of_ads_buy":2,"average_prize_buy":1575,"number_of_ads_rent":0,"average_prize_rent":0,"normalized_prize_buy":0.7253284701786381,"normalized_ads_buy":0.06666666666666667,"normalized_prize_rent":null,"normalized_ads_rent":0,"date":"2018-12-03T18:11:38.000Z","fill-opacity":0.5802627761429106,"fill":"#ff0000"},"bbox":[-3.98981,40.5674,-3.99507,40.5726],"geometry":{"type":"Polygon","coordinates":[[[-3.98981,40.5726],[-3.99507,40.5726],[-3.99507,40.5674],[-3.98981,40.5674],[-3.98981,40.5726]]]}},{"type":"Feature","properties":{"name":"Galapagar--piece--4-4--gCloud","number_of_ads_buy":0,"average_prize_buy":0,"number_of_ads_rent":0,"average_prize_rent":0,"normalized_prize_buy":0,"normalized_ads_buy":0,"normalized_prize_rent":null,"normalized_ads_rent":0,"date":"2018-12-03T18:11:43.000Z","fill-opacity":0,"fill":"#ff0000"},"bbox":[-3.98981,40.5623,-3.99507,40.5674],"geometry":{"type":"Polygon","coordinates":[[[-3.98981,40.5674],[-3.99507,40.5674],[-3.99507,40.5623],[-3.98981,40.5623],[-3.98981,40.5674]]]}},{"type":"Feature","properties":{"name":"Galapagar--piece--5-0--gCloud","number_of_ads_buy":2,"average_prize_buy":1509.78,"number_of_ads_rent":1,"average_prize_rent":5.55556,"normalized_prize_buy":0.6952929636230503,"normalized_ads_buy":0.06666666666666667,"normalized_prize_rent":null,"normalized_ads_rent":0.03333333333333333,"date":"2018-12-03T18:11:52.000Z","fill-opacity":0.5562343708984402,"fill":"#ff0000"},"bbox":[-3.98454,40.583,-3.98981,40.5881],"geometry":{"type":"Polygon","coordinates":[[[-3.98454,40.5881],[-3.98981,40.5881],[-3.98981,40.583],[-3.98454,40.583],[-3.98454,40.5881]]]}},{"type":"Feature","properties":{"name":"Galapagar--piece--5-1--gCloud","number_of_ads_buy":4,"average_prize_buy":1786.73,"number_of_ads_rent":0,"average_prize_rent":0,"normalized_prize_buy":0.8228356428712876,"normalized_ads_buy":0.13333333333333333,"normalized_prize_rent":null,"normalized_ads_rent":0,"date":"2018-12-03T18:12:02.000Z","fill-opacity":0.6582685142970301,"fill":"#ff0000"},"bbox":[-3.98454,40.5778,-3.98981,40.583],"geometry":{"type":"Polygon","coordinates":[[[-3.98454,40.583],[-3.98981,40.583],[-3.98981,40.5778],[-3.98454,40.5778],[-3.98454,40.583]]]}},{"type":"Feature","properties":{"name":"Galapagar--piece--5-2--gCloud","number_of_ads_buy":0,"average_prize_buy":0,"number_of_ads_rent":0,"average_prize_rent":0,"normalized_prize_buy":0,"normalized_ads_buy":0,"normalized_prize_rent":null,"normalized_ads_rent":0,"date":"2018-12-03T18:12:10.000Z","fill-opacity":0,"fill":"#ff0000"},"bbox":[-3.98454,40.5726,-3.98981,40.5778],"geometry":{"type":"Polygon","coordinates":[[[-3.98454,40.5778],[-3.98981,40.5778],[-3.98981,40.5726],[-3.98454,40.5726],[-3.98454,40.5778]]]}},{"type":"Feature","properties":{"name":"Galapagar--piece--5-3--gCloud","number_of_ads_buy":1,"average_prize_buy":1333.33,"number_of_ads_rent":0,"average_prize_rent":0,"normalized_prize_buy":0.6140331486624022,"normalized_ads_buy":0.03333333333333333,"normalized_prize_rent":null,"normalized_ads_rent":0,"date":"2018-12-03T18:12:16.000Z","fill-opacity":0.4912265189299218,"fill":"#ff0000"},"bbox":[-3.98454,40.5674,-3.98981,40.5726],"geometry":{"type":"Polygon","coordinates":[[[-3.98454,40.5726],[-3.98981,40.5726],[-3.98981,40.5674],[-3.98454,40.5674],[-3.98454,40.5726]]]}},{"type":"Feature","properties":{"name":"Galapagar--piece--5-4--gCloud","number_of_ads_buy":0,"average_prize_buy":0,"number_of_ads_rent":0,"average_prize_rent":0,"normalized_prize_buy":0,"normalized_ads_buy":0,"normalized_prize_rent":null,"normalized_ads_rent":0,"date":"2018-12-03T18:12:25.000Z","fill-opacity":0,"fill":"#ff0000"},"bbox":[-3.98454,40.5623,-3.98981,40.5674],"geometry":{"type":"Polygon","coordinates":[[[-3.98454,40.5674],[-3.98981,40.5674],[-3.98981,40.5623],[-3.98454,40.5623],[-3.98454,40.5674]]]}}]}