{"type":"FeatureCollection","features":[{"type":"Feature","properties":{"name":"Galapagar--2806101001--raspberryOld","number_of_ads_buy":30,"average_prize_buy":1779.75,"number_of_ads_rent":13,"average_prize_rent":9.31381,"normalized_prize_buy":0.93081211690132,"normalized_ads_buy":1,"normalized_prize_rent":null,"normalized_ads_rent":0.43333333333333335,"date":"2018-12-07T08:41:09.000Z","fill-opacity":0.744649693521056,"fill":"#ff0000"},"bbox":[-3.99999,40.5777,-4.02724,40.6252],"geometry":{"type":"Polygon","coordinates":[[[-3.99999,40.6252],[-4.02724,40.6252],[-4.02724,40.5777],[-3.99999,40.5777],[-3.99999,40.6252]]]}},{"type":"Feature","properties":{"name":"Galapagar--2806101002--raspberryOld","number_of_ads_buy":28,"average_prize_buy":1585.31,"number_of_ads_rent":6,"average_prize_rent":8.63046,"normalized_prize_buy":0.8291196836886258,"normalized_ads_buy":0.9333333333333333,"normalized_prize_rent":null,"normalized_ads_rent":0.2,"date":"2018-12-07T08:41:32.000Z","fill-opacity":0.6632957469509007,"fill":"#ff0000"},"bbox":[-3.98538,40.5764,-4.00374,40.5824],"geometry":{"type":"Polygon","coordinates":[[[-3.98538,40.5824],[-4.00374,40.5824],[-4.00374,40.5764],[-3.98538,40.5764],[-3.98538,40.5824]]]}},{"type":"Feature","properties":{"name":"Galapagar--2806101003--raspberryOld","number_of_ads_buy":29,"average_prize_buy":1333.74,"number_of_ads_rent":29,"average_prize_rent":8.85256,"normalized_prize_buy":0.6975481684483589,"normalized_ads_buy":0.9666666666666667,"normalized_prize_rent":null,"normalized_ads_rent":0.9666666666666667,"date":"2018-12-07T08:42:04.000Z","fill-opacity":0.5580385347586871,"fill":"#ff0000"},"bbox":[-3.93894,40.5194,-4.00423,40.5845],"geometry":{"type":"Polygon","coordinates":[[[-3.93894,40.5845],[-4.00423,40.5845],[-4.00423,40.5194],[-3.93894,40.5194],[-3.93894,40.5845]]]}},{"type":"Feature","properties":{"name":"Galapagar--2806101004--raspberryOld","number_of_ads_buy":30,"average_prize_buy":1578.22,"number_of_ads_rent":2,"average_prize_rent":7.67045,"normalized_prize_buy":0.825411602267735,"normalized_ads_buy":1,"normalized_prize_rent":null,"normalized_ads_rent":0.06666666666666667,"date":"2018-12-07T08:42:32.000Z","fill-opacity":0.660329281814188,"fill":"#ff0000"},"bbox":[-4.00423,40.5739,-4.01072,40.5798],"geometry":{"type":"Polygon","coordinates":[[[-4.00423,40.5798],[-4.01072,40.5798],[-4.01072,40.5739],[-4.00423,40.5739],[-4.00423,40.5798]]]}},{"type":"Feature","properties":{"name":"Galapagar--2806101005--raspberryOld","number_of_ads_buy":30,"average_prize_buy":1704.57,"number_of_ads_rent":5,"average_prize_rent":8.26104,"normalized_prize_buy":0.8914928557979959,"normalized_ads_buy":1,"normalized_prize_rent":null,"normalized_ads_rent":0.16666666666666666,"date":"2018-12-07T08:42:59.000Z","fill-opacity":0.7131942846383967,"fill":"#ff0000"},"bbox":[-4.00549,40.5669,-4.04453,40.607],"geometry":{"type":"Polygon","coordinates":[[[-4.00549,40.607],[-4.04453,40.607],[-4.04453,40.5669],[-4.00549,40.5669],[-4.00549,40.607]]]}},{"type":"Feature","properties":{"name":"Galapagar--2806101006--raspberryOld","number_of_ads_buy":29,"average_prize_buy":1641.76,"number_of_ads_rent":6,"average_prize_rent":6.77538,"normalized_prize_buy":0.8586431246208238,"normalized_ads_buy":0.9666666666666667,"normalized_prize_rent":null,"normalized_ads_rent":0.2,"date":"2018-12-07T08:43:22.000Z","fill-opacity":0.6869144996966591,"fill":"#ff0000"},"bbox":[-3.97433,40.5813,-4.00669,40.6194],"geometry":{"type":"Polygon","coordinates":[[[-3.97433,40.6194],[-4.00669,40.6194],[-4.00669,40.5813],[-3.97433,40.5813],[-3.97433,40.6194]]]}},{"type":"Feature","properties":{"name":"Galapagar--2806101007--raspberryOld","number_of_ads_buy":20,"average_prize_buy":1912.04,"number_of_ads_rent":2,"average_prize_rent":6.87808,"normalized_prize_buy":1,"normalized_ads_buy":0.6666666666666666,"normalized_prize_rent":null,"normalized_ads_rent":0.06666666666666667,"date":"2018-12-07T08:43:43.000Z","fill-opacity":0.8,"fill":"#ff0000"},"bbox":[-3.97702,40.5879,-3.98948,40.6023],"geometry":{"type":"Polygon","coordinates":[[[-3.97702,40.6023],[-3.98948,40.6023],[-3.98948,40.5879],[-3.97702,40.5879],[-3.97702,40.6023]]]}},{"type":"Feature","properties":{"name":"Galapagar--2806101008--raspberryOld","number_of_ads_buy":29,"average_prize_buy":1348.5,"number_of_ads_rent":10,"average_prize_rent":7.75758,"normalized_prize_buy":0.7052676722244304,"normalized_ads_buy":0.9666666666666667,"normalized_prize_rent":null,"normalized_ads_rent":0.3333333333333333,"date":"2018-12-07T08:44:10.000Z","fill-opacity":0.5642141377795443,"fill":"#ff0000"},"bbox":[-3.95122,40.5795,-3.98501,40.633],"geometry":{"type":"Polygon","coordinates":[[[-3.95122,40.633],[-3.98501,40.633],[-3.98501,40.5795],[-3.95122,40.5795],[-3.95122,40.633]]]}},{"type":"Feature","properties":{"name":"Galapagar--2806101009--raspberryOld","number_of_ads_buy":30,"average_prize_buy":1589.36,"number_of_ads_rent":5,"average_prize_rent":7.04187,"normalized_prize_buy":0.8312378402125478,"normalized_ads_buy":1,"normalized_prize_rent":null,"normalized_ads_rent":0.16666666666666666,"date":"2018-12-07T08:44:34.000Z","fill-opacity":0.6649902721700383,"fill":"#ff0000"},"bbox":[-4.021,40.6035,-4.04234,40.6303],"geometry":{"type":"Polygon","coordinates":[[[-4.021,40.6303],[-4.04234,40.6303],[-4.04234,40.6035],[-4.021,40.6035],[-4.021,40.6303]]]}},{"type":"Feature","properties":{"name":"Galapagar--2806101010--raspberryOld","number_of_ads_buy":28,"average_prize_buy":1413.68,"number_of_ads_rent":7,"average_prize_rent":6.40329,"normalized_prize_buy":0.7393569172193051,"normalized_ads_buy":0.9333333333333333,"normalized_prize_rent":null,"normalized_ads_rent":0.23333333333333334,"date":"2018-12-07T08:44:56.000Z","fill-opacity":0.5914855337754441,"fill":"#ff0000"},"bbox":[-3.96187,40.5785,-3.99809,40.5987],"geometry":{"type":"Polygon","coordinates":[[[-3.96187,40.5987],[-3.99809,40.5987],[-3.99809,40.5785],[-3.96187,40.5785],[-3.96187,40.5987]]]}},{"type":"Feature","properties":{"name":"Galapagar--2806101011--raspberryOld","number_of_ads_buy":30,"average_prize_buy":1595.05,"number_of_ads_rent":4,"average_prize_rent":8.87997,"normalized_prize_buy":0.8342137193782557,"normalized_ads_buy":1,"normalized_prize_rent":null,"normalized_ads_rent":0.13333333333333333,"date":"2018-12-07T08:45:24.000Z","fill-opacity":0.6673709755026046,"fill":"#ff0000"},"bbox":[-4.00305,40.575,-4.01166,40.5853],"geometry":{"type":"Polygon","coordinates":[[[-4.00305,40.5853],[-4.01166,40.5853],[-4.01166,40.575],[-4.00305,40.575],[-4.00305,40.5853]]]}},{"type":"Feature","properties":{"name":"Galapagar--2806101012--raspberryOld","number_of_ads_buy":30,"average_prize_buy":1385.11,"number_of_ads_rent":15,"average_prize_rent":8.69556,"normalized_prize_buy":0.7244147611974644,"normalized_ads_buy":1,"normalized_prize_rent":null,"normalized_ads_rent":0.5,"date":"2018-12-07T08:45:48.000Z","fill-opacity":0.5795318089579715,"fill":"#ff0000"},"bbox":[-3.93744,40.5078,-4.00709,40.5754],"geometry":{"type":"Polygon","coordinates":[[[-3.93744,40.5754],[-4.00709,40.5754],[-4.00709,40.5078],[-3.93744,40.5078],[-3.93744,40.5754]]]}},{"type":"Feature","properties":{"name":"Galapagar--2806101013--raspberryOld","number_of_ads_buy":30,"average_prize_buy":1500.74,"number_of_ads_rent":5,"average_prize_rent":8.01667,"normalized_prize_buy":0.7848894374594674,"normalized_ads_buy":1,"normalized_prize_rent":null,"normalized_ads_rent":0.16666666666666666,"date":"2018-12-07T08:46:12.000Z","fill-opacity":0.6279115499675739,"fill":"#ff0000"},"bbox":[-3.99671,40.5615,-4.01303,40.575],"geometry":{"type":"Polygon","coordinates":[[[-3.99671,40.575],[-4.01303,40.575],[-4.01303,40.5615],[-3.99671,40.5615],[-3.99671,40.575]]]}}]}