{"type":"FeatureCollection","features":[{"type":"Feature","properties":{"name":"Galapagar--piece--0-0--gCloud","number_of_ads_buy":3,"average_prize_buy":1051.25,"number_of_ads_rent":0,"average_prize_rent":0,"normalized_prize_buy":0.5205676849408001,"normalized_ads_buy":0.1,"normalized_prize_rent":null,"normalized_ads_rent":0,"date":"2018-12-07T10:36:18.000Z","fill-opacity":0.4164541479526401,"fill":"#ff0000"},"bbox":[-4.01085,40.583,-4.01612,40.5881],"geometry":{"type":"Polygon","coordinates":[[[-4.01085,40.5881],[-4.01612,40.5881],[-4.01612,40.583],[-4.01085,40.583],[-4.01085,40.5881]]]}},{"type":"Feature","properties":{"name":"Galapagar--piece--0-1--gCloud","number_of_ads_buy":5,"average_prize_buy":1617.18,"number_of_ads_rent":0,"average_prize_rent":0,"normalized_prize_buy":0.8008101295910233,"normalized_ads_buy":0.16666666666666666,"normalized_prize_rent":null,"normalized_ads_rent":0,"date":"2018-12-07T10:36:24.000Z","fill-opacity":0.6406481036728187,"fill":"#ff0000"},"bbox":[-4.01085,40.5778,-4.01612,40.583],"geometry":{"type":"Polygon","coordinates":[[[-4.01085,40.583],[-4.01612,40.583],[-4.01612,40.5778],[-4.01085,40.5778],[-4.01085,40.583]]]}},{"type":"Feature","properties":{"name":"Galapagar--piece--0-2--gCloud","number_of_ads_buy":6,"average_prize_buy":1554.73,"number_of_ads_rent":0,"average_prize_rent":0,"normalized_prize_buy":0.7698855617674294,"normalized_ads_buy":0.2,"normalized_prize_rent":null,"normalized_ads_rent":0,"date":"2018-12-07T10:36:32.000Z","fill-opacity":0.6159084494139435,"fill":"#ff0000"},"bbox":[-4.01085,40.5726,-4.01612,40.5778],"geometry":{"type":"Polygon","coordinates":[[[-4.01085,40.5778],[-4.01612,40.5778],[-4.01612,40.5726],[-4.01085,40.5726],[-4.01085,40.5778]]]}},{"type":"Feature","properties":{"name":"Galapagar--piece--0-3--gCloud","number_of_ads_buy":0,"average_prize_buy":0,"number_of_ads_rent":0,"average_prize_rent":0,"normalized_prize_buy":0,"normalized_ads_buy":0,"normalized_prize_rent":null,"normalized_ads_rent":0,"date":"2018-12-07T10:36:40.000Z","fill-opacity":0,"fill":"#ff0000"},"bbox":[-4.01085,40.5674,-4.01612,40.5726],"geometry":{"type":"Polygon","coordinates":[[[-4.01085,40.5726],[-4.01612,40.5726],[-4.01612,40.5674],[-4.01085,40.5674],[-4.01085,40.5726]]]}},{"type":"Feature","properties":{"name":"Galapagar--piece--0-4--gCloud","number_of_ads_buy":1,"average_prize_buy":1.51777,"number_of_ads_rent":0,"average_prize_rent":0,"normalized_prize_buy":0.0007515833675839222,"normalized_ads_buy":0.03333333333333333,"normalized_prize_rent":null,"normalized_ads_rent":0,"date":"2018-12-07T10:36:55.000Z","fill-opacity":0.0006012666940671378,"fill":"#ff0000"},"bbox":[-4.01085,40.5623,-4.01612,40.5674],"geometry":{"type":"Polygon","coordinates":[[[-4.01085,40.5674],[-4.01612,40.5674],[-4.01612,40.5623],[-4.01085,40.5623],[-4.01085,40.5674]]]}},{"type":"Feature","properties":{"name":"Galapagar--piece--1-0--gCloud","number_of_ads_buy":0,"average_prize_buy":0,"number_of_ads_rent":1,"average_prize_rent":9,"normalized_prize_buy":0,"normalized_ads_buy":0,"normalized_prize_rent":null,"normalized_ads_rent":0.03333333333333333,"date":"2018-12-07T10:37:05.000Z","fill-opacity":0,"fill":"#ff0000"},"bbox":[-4.00559,40.583,-4.01085,40.5881],"geometry":{"type":"Polygon","coordinates":[[[-4.00559,40.5881],[-4.01085,40.5881],[-4.01085,40.583],[-4.00559,40.583],[-4.00559,40.5881]]]}},{"type":"Feature","properties":{"name":"Galapagar--piece--1-1--gCloud","number_of_ads_buy":16,"average_prize_buy":1729.45,"number_of_ads_rent":0,"average_prize_rent":0,"normalized_prize_buy":0.8564050251803726,"normalized_ads_buy":0.5333333333333333,"normalized_prize_rent":null,"normalized_ads_rent":0,"date":"2018-12-07T10:37:18.000Z","fill-opacity":0.6851240201442982,"fill":"#ff0000"},"bbox":[-4.00559,40.5778,-4.01085,40.583],"geometry":{"type":"Polygon","coordinates":[[[-4.00559,40.583],[-4.01085,40.583],[-4.01085,40.5778],[-4.00559,40.5778],[-4.00559,40.583]]]}},{"type":"Feature","properties":{"name":"Galapagar--piece--1-2--gCloud","number_of_ads_buy":30,"average_prize_buy":1555.64,"number_of_ads_rent":1,"average_prize_rent":9.09091,"normalized_prize_buy":0.7703361839727052,"normalized_ads_buy":1,"normalized_prize_rent":null,"normalized_ads_rent":0.03333333333333333,"date":"2018-12-07T10:37:30.000Z","fill-opacity":0.6162689471781642,"fill":"#ff0000"},"bbox":[-4.00559,40.5726,-4.01085,40.5778],"geometry":{"type":"Polygon","coordinates":[[[-4.00559,40.5778],[-4.01085,40.5778],[-4.01085,40.5726],[-4.00559,40.5726],[-4.00559,40.5778]]]}},{"type":"Feature","properties":{"name":"Galapagar--piece--1-3--gCloud","number_of_ads_buy":4,"average_prize_buy":1571.67,"number_of_ads_rent":0,"average_prize_rent":0,"normalized_prize_buy":0.7782740674348703,"normalized_ads_buy":0.13333333333333333,"normalized_prize_rent":null,"normalized_ads_rent":0,"date":"2018-12-07T10:37:36.000Z","fill-opacity":0.6226192539478963,"fill":"#ff0000"},"bbox":[-4.00559,40.5674,-4.01085,40.5726],"geometry":{"type":"Polygon","coordinates":[[[-4.00559,40.5726],[-4.01085,40.5726],[-4.01085,40.5674],[-4.00559,40.5674],[-4.00559,40.5726]]]}},{"type":"Feature","properties":{"name":"Galapagar--piece--1-4--gCloud","number_of_ads_buy":3,"average_prize_buy":1543.33,"number_of_ads_rent":0,"average_prize_rent":0,"normalized_prize_buy":0.7642404044705684,"normalized_ads_buy":0.1,"normalized_prize_rent":null,"normalized_ads_rent":0,"date":"2018-12-07T10:37:48.000Z","fill-opacity":0.6113923235764548,"fill":"#ff0000"},"bbox":[-4.00559,40.5623,-4.01085,40.5674],"geometry":{"type":"Polygon","coordinates":[[[-4.00559,40.5674],[-4.01085,40.5674],[-4.01085,40.5623],[-4.00559,40.5623],[-4.00559,40.5674]]]}},{"type":"Feature","properties":{"name":"Galapagar--piece--2-0--gCloud","number_of_ads_buy":0,"average_prize_buy":0,"number_of_ads_rent":0,"average_prize_rent":0,"normalized_prize_buy":0,"normalized_ads_buy":0,"normalized_prize_rent":null,"normalized_ads_rent":0,"date":"2018-12-07T10:38:00.000Z","fill-opacity":0,"fill":"#ff0000"},"bbox":[-4.00033,40.583,-4.00559,40.5881],"geometry":{"type":"Polygon","coordinates":[[[-4.00033,40.5881],[-4.00559,40.5881],[-4.00559,40.583],[-4.00033,40.583],[-4.00033,40.5881]]]}},{"type":"Feature","properties":{"name":"Galapagar--piece--2-1--gCloud","number_of_ads_buy":30,"average_prize_buy":1655.82,"number_of_ads_rent":3,"average_prize_rent":10.2965,"normalized_prize_buy":0.8199442416919626,"normalized_ads_buy":1,"normalized_prize_rent":null,"normalized_ads_rent":0.1,"date":"2018-12-07T10:38:06.000Z","fill-opacity":0.6559553933535701,"fill":"#ff0000"},"bbox":[-4.00033,40.5778,-4.00559,40.583],"geometry":{"type":"Polygon","coordinates":[[[-4.00033,40.583],[-4.00559,40.583],[-4.00559,40.5778],[-4.00033,40.5778],[-4.00033,40.583]]]}},{"type":"Feature","properties":{"name":"Galapagar--piece--2-2--gCloud","number_of_ads_buy":28,"average_prize_buy":1397.63,"number_of_ads_rent":10,"average_prize_rent":8.68327,"normalized_prize_buy":0.6920913327027924,"normalized_ads_buy":0.9333333333333333,"normalized_prize_rent":null,"normalized_ads_rent":0.3333333333333333,"date":"2018-12-07T10:38:17.000Z","fill-opacity":0.553673066162234,"fill":"#ff0000"},"bbox":[-4.00033,40.5726,-4.00559,40.5778],"geometry":{"type":"Polygon","coordinates":[[[-4.00033,40.5778],[-4.00559,40.5778],[-4.00559,40.5726],[-4.00033,40.5726],[-4.00033,40.5778]]]}},{"type":"Feature","properties":{"name":"Galapagar--piece--2-3--gCloud","number_of_ads_buy":3,"average_prize_buy":1490.13,"number_of_ads_rent":1,"average_prize_rent":4.5,"normalized_prize_buy":0.7378963370852172,"normalized_ads_buy":0.1,"normalized_prize_rent":null,"normalized_ads_rent":0.03333333333333333,"date":"2018-12-07T10:38:29.000Z","fill-opacity":0.5903170696681738,"fill":"#ff0000"},"bbox":[-4.00033,40.5674,-4.00559,40.5726],"geometry":{"type":"Polygon","coordinates":[[[-4.00033,40.5726],[-4.00559,40.5726],[-4.00559,40.5674],[-4.00033,40.5674],[-4.00033,40.5726]]]}},{"type":"Feature","properties":{"name":"Galapagar--piece--2-4--gCloud","number_of_ads_buy":4,"average_prize_buy":1061.31,"number_of_ads_rent":0,"average_prize_rent":0,"normalized_prize_buy":0.5255492886606616,"normalized_ads_buy":0.13333333333333333,"normalized_prize_rent":null,"normalized_ads_rent":0,"date":"2018-12-07T10:38:38.000Z","fill-opacity":0.4204394309285293,"fill":"#ff0000"},"bbox":[-4.00033,40.5623,-4.00559,40.5674],"geometry":{"type":"Polygon","coordinates":[[[-4.00033,40.5674],[-4.00559,40.5674],[-4.00559,40.5623],[-4.00033,40.5623],[-4.00033,40.5674]]]}},{"type":"Feature","properties":{"name":"Galapagar--piece--3-0--gCloud","number_of_ads_buy":1,"average_prize_buy":1333.33,"number_of_ads_rent":0,"average_prize_rent":0,"normalized_prize_buy":0.66025066479155,"normalized_ads_buy":0.03333333333333333,"normalized_prize_rent":null,"normalized_ads_rent":0,"date":"2018-12-07T10:38:49.000Z","fill-opacity":0.52820053183324,"fill":"#ff0000"},"bbox":[-3.99507,40.583,-4.00033,40.5881],"geometry":{"type":"Polygon","coordinates":[[[-3.99507,40.5881],[-4.00033,40.5881],[-4.00033,40.583],[-3.99507,40.583],[-3.99507,40.5881]]]}},{"type":"Feature","properties":{"name":"Galapagar--piece--3-1--gCloud","number_of_ads_buy":0,"average_prize_buy":0,"number_of_ads_rent":0,"average_prize_rent":0,"normalized_prize_buy":0,"normalized_ads_buy":0,"normalized_prize_rent":null,"normalized_ads_rent":0,"date":"2018-12-07T10:38:58.000Z","fill-opacity":0,"fill":"#ff0000"},"bbox":[-3.99507,40.5778,-4.00033,40.583],"geometry":{"type":"Polygon","coordinates":[[[-3.99507,40.583],[-4.00033,40.583],[-4.00033,40.5778],[-3.99507,40.5778],[-3.99507,40.583]]]}},{"type":"Feature","properties":{"name":"Galapagar--piece--3-2--gCloud","number_of_ads_buy":9,"average_prize_buy":2019.43,"number_of_ads_rent":3,"average_prize_rent":24.8594,"normalized_prize_buy":1,"normalized_ads_buy":0.3,"normalized_prize_rent":null,"normalized_ads_rent":0.1,"date":"2018-12-07T10:39:04.000Z","fill-opacity":0.8,"fill":"#ff0000"},"bbox":[-3.99507,40.5726,-4.00033,40.5778],"geometry":{"type":"Polygon","coordinates":[[[-3.99507,40.5778],[-4.00033,40.5778],[-4.00033,40.5726],[-3.99507,40.5726],[-3.99507,40.5778]]]}},{"type":"Feature","properties":{"name":"Galapagar--piece--3-3--gCloud","number_of_ads_buy":6,"average_prize_buy":1676.52,"number_of_ads_rent":0,"average_prize_rent":0,"normalized_prize_buy":0.8301946588888943,"normalized_ads_buy":0.2,"normalized_prize_rent":null,"normalized_ads_rent":0,"date":"2018-12-07T10:39:10.000Z","fill-opacity":0.6641557271111155,"fill":"#ff0000"},"bbox":[-3.99507,40.5674,-4.00033,40.5726],"geometry":{"type":"Polygon","coordinates":[[[-3.99507,40.5726],[-4.00033,40.5726],[-4.00033,40.5674],[-3.99507,40.5674],[-3.99507,40.5726]]]}},{"type":"Feature","properties":{"name":"Galapagar--piece--3-4--gCloud","number_of_ads_buy":4,"average_prize_buy":1730.47,"number_of_ads_rent":0,"average_prize_rent":0,"normalized_prize_buy":0.8569101182016707,"normalized_ads_buy":0.13333333333333333,"normalized_prize_rent":null,"normalized_ads_rent":0,"date":"2018-12-07T10:39:17.000Z","fill-opacity":0.6855280945613367,"fill":"#ff0000"},"bbox":[-3.99507,40.5623,-4.00033,40.5674],"geometry":{"type":"Polygon","coordinates":[[[-3.99507,40.5674],[-4.00033,40.5674],[-4.00033,40.5623],[-3.99507,40.5623],[-3.99507,40.5674]]]}},{"type":"Feature","properties":{"name":"Galapagar--piece--4-0--gCloud","number_of_ads_buy":4,"average_prize_buy":1503.69,"number_of_ads_rent":0,"average_prize_rent":0,"normalized_prize_buy":0.7446111031330623,"normalized_ads_buy":0.13333333333333333,"normalized_prize_rent":null,"normalized_ads_rent":0,"date":"2018-12-07T10:39:22.000Z","fill-opacity":0.5956888825064499,"fill":"#ff0000"},"bbox":[-3.98981,40.583,-3.99507,40.5881],"geometry":{"type":"Polygon","coordinates":[[[-3.98981,40.5881],[-3.99507,40.5881],[-3.99507,40.583],[-3.98981,40.583],[-3.98981,40.5881]]]}},{"type":"Feature","properties":{"name":"Galapagar--piece--4-1--gCloud","number_of_ads_buy":4,"average_prize_buy":1235.58,"number_of_ads_rent":1,"average_prize_rent":4.79705,"normalized_prize_buy":0.6118459169171498,"normalized_ads_buy":0.13333333333333333,"normalized_prize_rent":null,"normalized_ads_rent":0.03333333333333333,"date":"2018-12-07T10:39:34.000Z","fill-opacity":0.4894767335337199,"fill":"#ff0000"},"bbox":[-3.98981,40.5778,-3.99507,40.583],"geometry":{"type":"Polygon","coordinates":[[[-3.98981,40.583],[-3.99507,40.583],[-3.99507,40.5778],[-3.98981,40.5778],[-3.98981,40.583]]]}},{"type":"Feature","properties":{"name":"Galapagar--piece--4-2--gCloud","number_of_ads_buy":0,"average_prize_buy":0,"number_of_ads_rent":0,"average_prize_rent":0,"normalized_prize_buy":0,"normalized_ads_buy":0,"normalized_prize_rent":null,"normalized_ads_rent":0,"date":"2018-12-07T10:39:43.000Z","fill-opacity":0,"fill":"#ff0000"},"bbox":[-3.98981,40.5726,-3.99507,40.5778],"geometry":{"type":"Polygon","coordinates":[[[-3.98981,40.5778],[-3.99507,40.5778],[-3.99507,40.5726],[-3.98981,40.5726],[-3.98981,40.5778]]]}},{"type":"Feature","properties":{"name":"Galapagar--piece--4-3--gCloud","number_of_ads_buy":2,"average_prize_buy":1575,"number_of_ads_rent":0,"average_prize_rent":0,"normalized_prize_buy":0.7799230475926375,"normalized_ads_buy":0.06666666666666667,"normalized_prize_rent":null,"normalized_ads_rent":0,"date":"2018-12-07T10:39:48.000Z","fill-opacity":0.6239384380741101,"fill":"#ff0000"},"bbox":[-3.98981,40.5674,-3.99507,40.5726],"geometry":{"type":"Polygon","coordinates":[[[-3.98981,40.5726],[-3.99507,40.5726],[-3.99507,40.5674],[-3.98981,40.5674],[-3.98981,40.5726]]]}},{"type":"Feature","properties":{"name":"Galapagar--piece--4-4--gCloud","number_of_ads_buy":0,"average_prize_buy":0,"number_of_ads_rent":0,"average_prize_rent":0,"normalized_prize_buy":0,"normalized_ads_buy":0,"normalized_prize_rent":null,"normalized_ads_rent":0,"date":"2018-12-07T10:39:56.000Z","fill-opacity":0,"fill":"#ff0000"},"bbox":[-3.98981,40.5623,-3.99507,40.5674],"geometry":{"type":"Polygon","coordinates":[[[-3.98981,40.5674],[-3.99507,40.5674],[-3.99507,40.5623],[-3.98981,40.5623],[-3.98981,40.5674]]]}},{"type":"Feature","properties":{"name":"Galapagar--piece--5-0--gCloud","number_of_ads_buy":2,"average_prize_buy":1509.78,"number_of_ads_rent":1,"average_prize_rent":5.55556,"normalized_prize_buy":0.7476268055837538,"normalized_ads_buy":0.06666666666666667,"normalized_prize_rent":null,"normalized_ads_rent":0.03333333333333333,"date":"2018-12-07T10:40:04.000Z","fill-opacity":0.5981014444670031,"fill":"#ff0000"},"bbox":[-3.98454,40.583,-3.98981,40.5881],"geometry":{"type":"Polygon","coordinates":[[[-3.98454,40.5881],[-3.98981,40.5881],[-3.98981,40.583],[-3.98454,40.583],[-3.98454,40.5881]]]}},{"type":"Feature","properties":{"name":"Galapagar--piece--5-1--gCloud","number_of_ads_buy":4,"average_prize_buy":1786.73,"number_of_ads_rent":0,"average_prize_rent":0,"normalized_prize_buy":0.8847694646509163,"normalized_ads_buy":0.13333333333333333,"normalized_prize_rent":null,"normalized_ads_rent":0,"date":"2018-12-07T10:40:09.000Z","fill-opacity":0.7078155717207331,"fill":"#ff0000"},"bbox":[-3.98454,40.5778,-3.98981,40.583],"geometry":{"type":"Polygon","coordinates":[[[-3.98454,40.583],[-3.98981,40.583],[-3.98981,40.5778],[-3.98454,40.5778],[-3.98454,40.583]]]}},{"type":"Feature","properties":{"name":"Galapagar--piece--5-2--gCloud","number_of_ads_buy":0,"average_prize_buy":0,"number_of_ads_rent":0,"average_prize_rent":0,"normalized_prize_buy":0,"normalized_ads_buy":0,"normalized_prize_rent":null,"normalized_ads_rent":0,"date":"2018-12-07T10:40:15.000Z","fill-opacity":0,"fill":"#ff0000"},"bbox":[-3.98454,40.5726,-3.98981,40.5778],"geometry":{"type":"Polygon","coordinates":[[[-3.98454,40.5778],[-3.98981,40.5778],[-3.98981,40.5726],[-3.98454,40.5726],[-3.98454,40.5778]]]}},{"type":"Feature","properties":{"name":"Galapagar--piece--5-3--gCloud","number_of_ads_buy":1,"average_prize_buy":1333.33,"number_of_ads_rent":0,"average_prize_rent":0,"normalized_prize_buy":0.66025066479155,"normalized_ads_buy":0.03333333333333333,"normalized_prize_rent":null,"normalized_ads_rent":0,"date":"2018-12-07T10:40:25.000Z","fill-opacity":0.52820053183324,"fill":"#ff0000"},"bbox":[-3.98454,40.5674,-3.98981,40.5726],"geometry":{"type":"Polygon","coordinates":[[[-3.98454,40.5726],[-3.98981,40.5726],[-3.98981,40.5674],[-3.98454,40.5674],[-3.98454,40.5726]]]}},{"type":"Feature","properties":{"name":"Galapagar--piece--5-4--gCloud","number_of_ads_buy":0,"average_prize_buy":0,"number_of_ads_rent":0,"average_prize_rent":0,"normalized_prize_buy":0,"normalized_ads_buy":0,"normalized_prize_rent":null,"normalized_ads_rent":0,"date":"2018-12-07T10:40:38.000Z","fill-opacity":0,"fill":"#ff0000"},"bbox":[-3.98454,40.5623,-3.98981,40.5674],"geometry":{"type":"Polygon","coordinates":[[[-3.98454,40.5674],[-3.98981,40.5674],[-3.98981,40.5623],[-3.98454,40.5623],[-3.98454,40.5674]]]}}]}