{"type":"FeatureCollection","features":[{"type":"Feature","properties":{"name":"Getafe--piece--0-0--raspberry3bp","number_of_ads_buy":0,"average_prize_buy":0,"number_of_ads_rent":0,"average_prize_rent":0,"normalized_prize_buy":null,"normalized_ads_buy":null,"normalized_prize_rent":null,"normalized_ads_rent":null,"date":"2018-12-06T20:24:19.000Z","fill-opacity":null,"fill":"#ff0000"},"bbox":[-3.75589,40.325,-3.76126,40.33],"geometry":{"type":"Polygon","coordinates":[[[-3.75589,40.33],[-3.76126,40.33],[-3.76126,40.325],[-3.75589,40.325],[-3.75589,40.33]]]}},{"type":"Feature","properties":{"name":"Getafe--piece--0-1--raspberry3bp","number_of_ads_buy":0,"average_prize_buy":0,"number_of_ads_rent":0,"average_prize_rent":0,"normalized_prize_buy":null,"normalized_ads_buy":null,"normalized_prize_rent":null,"normalized_ads_rent":null,"date":"2018-12-06T20:24:42.000Z","fill-opacity":null,"fill":"#ff0000"},"bbox":[-3.75589,40.32,-3.76126,40.325],"geometry":{"type":"Polygon","coordinates":[[[-3.75589,40.325],[-3.76126,40.325],[-3.76126,40.32],[-3.75589,40.32],[-3.75589,40.325]]]}},{"type":"Feature","properties":{"name":"Getafe--piece--0-2--raspberry3bp","number_of_ads_buy":0,"average_prize_buy":0,"number_of_ads_rent":0,"average_prize_rent":0,"normalized_prize_buy":null,"normalized_ads_buy":null,"normalized_prize_rent":null,"normalized_ads_rent":null,"date":"2018-12-06T20:25:05.000Z","fill-opacity":null,"fill":"#ff0000"},"bbox":[-3.75589,40.315,-3.76126,40.32],"geometry":{"type":"Polygon","coordinates":[[[-3.75589,40.32],[-3.76126,40.32],[-3.76126,40.315],[-3.75589,40.315],[-3.75589,40.32]]]}},{"type":"Feature","properties":{"name":"Getafe--piece--0-3--raspberry3bp","number_of_ads_buy":0,"average_prize_buy":0,"number_of_ads_rent":0,"average_prize_rent":0,"normalized_prize_buy":null,"normalized_ads_buy":null,"normalized_prize_rent":null,"normalized_ads_rent":null,"date":"2018-12-06T20:25:25.000Z","fill-opacity":null,"fill":"#ff0000"},"bbox":[-3.75589,40.31,-3.76126,40.315],"geometry":{"type":"Polygon","coordinates":[[[-3.75589,40.315],[-3.76126,40.315],[-3.76126,40.31],[-3.75589,40.31],[-3.75589,40.315]]]}},{"type":"Feature","properties":{"name":"Getafe--piece--0-4--raspberry3bp","number_of_ads_buy":0,"average_prize_buy":0,"number_of_ads_rent":0,"average_prize_rent":0,"normalized_prize_buy":null,"normalized_ads_buy":null,"normalized_prize_rent":null,"normalized_ads_rent":null,"date":"2018-12-06T20:25:44.000Z","fill-opacity":null,"fill":"#ff0000"},"bbox":[-3.75589,40.305,-3.76126,40.31],"geometry":{"type":"Polygon","coordinates":[[[-3.75589,40.31],[-3.76126,40.31],[-3.76126,40.305],[-3.75589,40.305],[-3.75589,40.31]]]}},{"type":"Feature","properties":{"name":"Getafe--piece--0-5--raspberry3bp","number_of_ads_buy":0,"average_prize_buy":0,"number_of_ads_rent":0,"average_prize_rent":0,"normalized_prize_buy":null,"normalized_ads_buy":null,"normalized_prize_rent":null,"normalized_ads_rent":null,"date":"2018-12-06T20:26:08.000Z","fill-opacity":null,"fill":"#ff0000"},"bbox":[-3.75589,40.2999,-3.76126,40.305],"geometry":{"type":"Polygon","coordinates":[[[-3.75589,40.305],[-3.76126,40.305],[-3.76126,40.2999],[-3.75589,40.2999],[-3.75589,40.305]]]}},{"type":"Feature","properties":{"name":"Getafe--piece--0-6--raspberry3bp","number_of_ads_buy":0,"average_prize_buy":0,"number_of_ads_rent":0,"average_prize_rent":0,"normalized_prize_buy":null,"normalized_ads_buy":null,"normalized_prize_rent":null,"normalized_ads_rent":null,"date":"2018-12-06T20:26:26.000Z","fill-opacity":null,"fill":"#ff0000"},"bbox":[-3.75589,40.2949,-3.76126,40.2999],"geometry":{"type":"Polygon","coordinates":[[[-3.75589,40.2999],[-3.76126,40.2999],[-3.76126,40.2949],[-3.75589,40.2949],[-3.75589,40.2999]]]}},{"type":"Feature","properties":{"name":"Getafe--piece--0-7--raspberry3bp","number_of_ads_buy":0,"average_prize_buy":0,"number_of_ads_rent":0,"average_prize_rent":0,"normalized_prize_buy":null,"normalized_ads_buy":null,"normalized_prize_rent":null,"normalized_ads_rent":null,"date":"2018-12-06T20:26:48.000Z","fill-opacity":null,"fill":"#ff0000"},"bbox":[-3.75589,40.2899,-3.76126,40.2949],"geometry":{"type":"Polygon","coordinates":[[[-3.75589,40.2949],[-3.76126,40.2949],[-3.76126,40.2899],[-3.75589,40.2899],[-3.75589,40.2949]]]}},{"type":"Feature","properties":{"name":"Getafe--piece--0-8--raspberry3bp","number_of_ads_buy":0,"average_prize_buy":0,"number_of_ads_rent":0,"average_prize_rent":0,"normalized_prize_buy":null,"normalized_ads_buy":null,"normalized_prize_rent":null,"normalized_ads_rent":null,"date":"2018-12-06T20:27:10.000Z","fill-opacity":null,"fill":"#ff0000"},"bbox":[-3.75589,40.2849,-3.76126,40.2899],"geometry":{"type":"Polygon","coordinates":[[[-3.75589,40.2899],[-3.76126,40.2899],[-3.76126,40.2849],[-3.75589,40.2849],[-3.75589,40.2899]]]}},{"type":"Feature","properties":{"name":"Getafe--piece--0-9--raspberry3bp","number_of_ads_buy":0,"average_prize_buy":0,"number_of_ads_rent":0,"average_prize_rent":0,"normalized_prize_buy":null,"normalized_ads_buy":null,"normalized_prize_rent":null,"normalized_ads_rent":null,"date":"2018-12-06T20:27:33.000Z","fill-opacity":null,"fill":"#ff0000"},"bbox":[-3.75589,40.2799,-3.76126,40.2849],"geometry":{"type":"Polygon","coordinates":[[[-3.75589,40.2849],[-3.76126,40.2849],[-3.76126,40.2799],[-3.75589,40.2799],[-3.75589,40.2849]]]}},{"type":"Feature","properties":{"name":"Getafe--piece--1-0--raspberry3bp","number_of_ads_buy":0,"average_prize_buy":0,"number_of_ads_rent":1,"average_prize_rent":1,"normalized_prize_buy":null,"normalized_ads_buy":null,"normalized_prize_rent":null,"normalized_ads_rent":null,"date":"2018-12-06T20:27:48.000Z","fill-opacity":null,"fill":"#ff0000"},"bbox":[-3.75052,40.325,-3.75589,40.33],"geometry":{"type":"Polygon","coordinates":[[[-3.75052,40.33],[-3.75589,40.33],[-3.75589,40.325],[-3.75052,40.325],[-3.75052,40.33]]]}},{"type":"Feature","properties":{"name":"Getafe--piece--1-1--raspberry3bp","number_of_ads_buy":0,"average_prize_buy":0,"number_of_ads_rent":1,"average_prize_rent":1,"normalized_prize_buy":null,"normalized_ads_buy":null,"normalized_prize_rent":null,"normalized_ads_rent":null,"date":"2018-12-06T20:28:07.000Z","fill-opacity":null,"fill":"#ff0000"},"bbox":[-3.75052,40.32,-3.75589,40.325],"geometry":{"type":"Polygon","coordinates":[[[-3.75052,40.325],[-3.75589,40.325],[-3.75589,40.32],[-3.75052,40.32],[-3.75052,40.325]]]}},{"type":"Feature","properties":{"name":"Getafe--piece--1-2--raspberry3bp","number_of_ads_buy":0,"average_prize_buy":0,"number_of_ads_rent":0,"average_prize_rent":0,"normalized_prize_buy":null,"normalized_ads_buy":null,"normalized_prize_rent":null,"normalized_ads_rent":null,"date":"2018-12-06T20:28:22.000Z","fill-opacity":null,"fill":"#ff0000"},"bbox":[-3.75052,40.315,-3.75589,40.32],"geometry":{"type":"Polygon","coordinates":[[[-3.75052,40.32],[-3.75589,40.32],[-3.75589,40.315],[-3.75052,40.315],[-3.75052,40.32]]]}},{"type":"Feature","properties":{"name":"Getafe--piece--1-3--raspberry3bp","number_of_ads_buy":0,"average_prize_buy":0,"number_of_ads_rent":0,"average_prize_rent":0,"normalized_prize_buy":null,"normalized_ads_buy":null,"normalized_prize_rent":null,"normalized_ads_rent":null,"date":"2018-12-06T20:28:44.000Z","fill-opacity":null,"fill":"#ff0000"},"bbox":[-3.75052,40.31,-3.75589,40.315],"geometry":{"type":"Polygon","coordinates":[[[-3.75052,40.315],[-3.75589,40.315],[-3.75589,40.31],[-3.75052,40.31],[-3.75052,40.315]]]}},{"type":"Feature","properties":{"name":"Getafe--piece--1-4--raspberry3bp","number_of_ads_buy":0,"average_prize_buy":0,"number_of_ads_rent":0,"average_prize_rent":0,"normalized_prize_buy":null,"normalized_ads_buy":null,"normalized_prize_rent":null,"normalized_ads_rent":null,"date":"2018-12-06T20:29:04.000Z","fill-opacity":null,"fill":"#ff0000"},"bbox":[-3.75052,40.305,-3.75589,40.31],"geometry":{"type":"Polygon","coordinates":[[[-3.75052,40.31],[-3.75589,40.31],[-3.75589,40.305],[-3.75052,40.305],[-3.75052,40.31]]]}},{"type":"Feature","properties":{"name":"Getafe--piece--1-5--raspberry3bp","number_of_ads_buy":0,"average_prize_buy":0,"number_of_ads_rent":1,"average_prize_rent":0,"normalized_prize_buy":null,"normalized_ads_buy":null,"normalized_prize_rent":null,"normalized_ads_rent":null,"date":"2018-12-06T20:29:20.000Z","fill-opacity":null,"fill":"#ff0000"},"bbox":[-3.75052,40.2999,-3.75589,40.305],"geometry":{"type":"Polygon","coordinates":[[[-3.75052,40.305],[-3.75589,40.305],[-3.75589,40.2999],[-3.75052,40.2999],[-3.75052,40.305]]]}},{"type":"Feature","properties":{"name":"Getafe--piece--1-6--raspberry3bp","number_of_ads_buy":0,"average_prize_buy":0,"number_of_ads_rent":0,"average_prize_rent":0,"normalized_prize_buy":null,"normalized_ads_buy":null,"normalized_prize_rent":null,"normalized_ads_rent":null,"date":"2018-12-06T20:29:48.000Z","fill-opacity":null,"fill":"#ff0000"},"bbox":[-3.75052,40.2949,-3.75589,40.2999],"geometry":{"type":"Polygon","coordinates":[[[-3.75052,40.2999],[-3.75589,40.2999],[-3.75589,40.2949],[-3.75052,40.2949],[-3.75052,40.2999]]]}},{"type":"Feature","properties":{"name":"Getafe--piece--1-7--raspberry3bp","number_of_ads_buy":0,"average_prize_buy":0,"number_of_ads_rent":0,"average_prize_rent":0,"normalized_prize_buy":null,"normalized_ads_buy":null,"normalized_prize_rent":null,"normalized_ads_rent":null,"date":"2018-12-06T20:30:03.000Z","fill-opacity":null,"fill":"#ff0000"},"bbox":[-3.75052,40.2899,-3.75589,40.2949],"geometry":{"type":"Polygon","coordinates":[[[-3.75052,40.2949],[-3.75589,40.2949],[-3.75589,40.2899],[-3.75052,40.2899],[-3.75052,40.2949]]]}},{"type":"Feature","properties":{"name":"Getafe--piece--1-8--raspberry3bp","number_of_ads_buy":0,"average_prize_buy":0,"number_of_ads_rent":1,"average_prize_rent":0,"normalized_prize_buy":null,"normalized_ads_buy":null,"normalized_prize_rent":null,"normalized_ads_rent":null,"date":"2018-12-06T20:30:27.000Z","fill-opacity":null,"fill":"#ff0000"},"bbox":[-3.75052,40.2849,-3.75589,40.2899],"geometry":{"type":"Polygon","coordinates":[[[-3.75052,40.2899],[-3.75589,40.2899],[-3.75589,40.2849],[-3.75052,40.2849],[-3.75052,40.2899]]]}},{"type":"Feature","properties":{"name":"Getafe--piece--1-9--raspberry3bp","number_of_ads_buy":0,"average_prize_buy":0,"number_of_ads_rent":0,"average_prize_rent":0,"normalized_prize_buy":null,"normalized_ads_buy":null,"normalized_prize_rent":null,"normalized_ads_rent":null,"date":"2018-12-06T20:30:53.000Z","fill-opacity":null,"fill":"#ff0000"},"bbox":[-3.75052,40.2799,-3.75589,40.2849],"geometry":{"type":"Polygon","coordinates":[[[-3.75052,40.2849],[-3.75589,40.2849],[-3.75589,40.2799],[-3.75052,40.2799],[-3.75052,40.2849]]]}},{"type":"Feature","properties":{"name":"Getafe--piece--2-0--raspberry3bp","number_of_ads_buy":0,"average_prize_buy":0,"number_of_ads_rent":0,"average_prize_rent":0,"normalized_prize_buy":null,"normalized_ads_buy":null,"normalized_prize_rent":null,"normalized_ads_rent":null,"date":"2018-12-06T20:31:18.000Z","fill-opacity":null,"fill":"#ff0000"},"bbox":[-3.74514,40.325,-3.75052,40.33],"geometry":{"type":"Polygon","coordinates":[[[-3.74514,40.33],[-3.75052,40.33],[-3.75052,40.325],[-3.74514,40.325],[-3.74514,40.33]]]}},{"type":"Feature","properties":{"name":"Getafe--piece--2-1--raspberry3bp","number_of_ads_buy":0,"average_prize_buy":0,"number_of_ads_rent":0,"average_prize_rent":0,"normalized_prize_buy":null,"normalized_ads_buy":null,"normalized_prize_rent":null,"normalized_ads_rent":null,"date":"2018-12-06T20:31:39.000Z","fill-opacity":null,"fill":"#ff0000"},"bbox":[-3.74514,40.32,-3.75052,40.325],"geometry":{"type":"Polygon","coordinates":[[[-3.74514,40.325],[-3.75052,40.325],[-3.75052,40.32],[-3.74514,40.32],[-3.74514,40.325]]]}},{"type":"Feature","properties":{"name":"Getafe--piece--2-2--raspberry3bp","number_of_ads_buy":0,"average_prize_buy":0,"number_of_ads_rent":0,"average_prize_rent":0,"normalized_prize_buy":null,"normalized_ads_buy":null,"normalized_prize_rent":null,"normalized_ads_rent":null,"date":"2018-12-06T20:32:00.000Z","fill-opacity":null,"fill":"#ff0000"},"bbox":[-3.74514,40.315,-3.75052,40.32],"geometry":{"type":"Polygon","coordinates":[[[-3.74514,40.32],[-3.75052,40.32],[-3.75052,40.315],[-3.74514,40.315],[-3.74514,40.32]]]}},{"type":"Feature","properties":{"name":"Getafe--piece--2-3--raspberry3bp","number_of_ads_buy":0,"average_prize_buy":0,"number_of_ads_rent":0,"average_prize_rent":0,"normalized_prize_buy":null,"normalized_ads_buy":null,"normalized_prize_rent":null,"normalized_ads_rent":null,"date":"2018-12-06T20:32:18.000Z","fill-opacity":null,"fill":"#ff0000"},"bbox":[-3.74514,40.31,-3.75052,40.315],"geometry":{"type":"Polygon","coordinates":[[[-3.74514,40.315],[-3.75052,40.315],[-3.75052,40.31],[-3.74514,40.31],[-3.74514,40.315]]]}},{"type":"Feature","properties":{"name":"Getafe--piece--2-4--raspberry3bp","number_of_ads_buy":0,"average_prize_buy":0,"number_of_ads_rent":0,"average_prize_rent":0,"normalized_prize_buy":null,"normalized_ads_buy":null,"normalized_prize_rent":null,"normalized_ads_rent":null,"date":"2018-12-06T20:32:37.000Z","fill-opacity":null,"fill":"#ff0000"},"bbox":[-3.74514,40.305,-3.75052,40.31],"geometry":{"type":"Polygon","coordinates":[[[-3.74514,40.31],[-3.75052,40.31],[-3.75052,40.305],[-3.74514,40.305],[-3.74514,40.31]]]}},{"type":"Feature","properties":{"name":"Getafe--piece--2-5--raspberry3bp","number_of_ads_buy":0,"average_prize_buy":0,"number_of_ads_rent":0,"average_prize_rent":0,"normalized_prize_buy":null,"normalized_ads_buy":null,"normalized_prize_rent":null,"normalized_ads_rent":null,"date":"2018-12-06T20:32:58.000Z","fill-opacity":null,"fill":"#ff0000"},"bbox":[-3.74514,40.2999,-3.75052,40.305],"geometry":{"type":"Polygon","coordinates":[[[-3.74514,40.305],[-3.75052,40.305],[-3.75052,40.2999],[-3.74514,40.2999],[-3.74514,40.305]]]}},{"type":"Feature","properties":{"name":"Getafe--piece--2-6--raspberry3bp","number_of_ads_buy":0,"average_prize_buy":0,"number_of_ads_rent":0,"average_prize_rent":0,"normalized_prize_buy":null,"normalized_ads_buy":null,"normalized_prize_rent":null,"normalized_ads_rent":null,"date":"2018-12-06T20:33:15.000Z","fill-opacity":null,"fill":"#ff0000"},"bbox":[-3.74514,40.2949,-3.75052,40.2999],"geometry":{"type":"Polygon","coordinates":[[[-3.74514,40.2999],[-3.75052,40.2999],[-3.75052,40.2949],[-3.74514,40.2949],[-3.74514,40.2999]]]}},{"type":"Feature","properties":{"name":"Getafe--piece--2-7--raspberry3bp","number_of_ads_buy":0,"average_prize_buy":0,"number_of_ads_rent":0,"average_prize_rent":0,"normalized_prize_buy":null,"normalized_ads_buy":null,"normalized_prize_rent":null,"normalized_ads_rent":null,"date":"2018-12-06T20:33:37.000Z","fill-opacity":null,"fill":"#ff0000"},"bbox":[-3.74514,40.2899,-3.75052,40.2949],"geometry":{"type":"Polygon","coordinates":[[[-3.74514,40.2949],[-3.75052,40.2949],[-3.75052,40.2899],[-3.74514,40.2899],[-3.74514,40.2949]]]}},{"type":"Feature","properties":{"name":"Getafe--piece--2-8--raspberry3bp","number_of_ads_buy":0,"average_prize_buy":0,"number_of_ads_rent":0,"average_prize_rent":0,"normalized_prize_buy":null,"normalized_ads_buy":null,"normalized_prize_rent":null,"normalized_ads_rent":null,"date":"2018-12-06T20:33:54.000Z","fill-opacity":null,"fill":"#ff0000"},"bbox":[-3.74514,40.2849,-3.75052,40.2899],"geometry":{"type":"Polygon","coordinates":[[[-3.74514,40.2899],[-3.75052,40.2899],[-3.75052,40.2849],[-3.74514,40.2849],[-3.74514,40.2899]]]}},{"type":"Feature","properties":{"name":"Getafe--piece--2-9--raspberry3bp","number_of_ads_buy":0,"average_prize_buy":0,"number_of_ads_rent":0,"average_prize_rent":0,"normalized_prize_buy":null,"normalized_ads_buy":null,"normalized_prize_rent":null,"normalized_ads_rent":null,"date":"2018-12-06T20:34:22.000Z","fill-opacity":null,"fill":"#ff0000"},"bbox":[-3.74514,40.2799,-3.75052,40.2849],"geometry":{"type":"Polygon","coordinates":[[[-3.74514,40.2849],[-3.75052,40.2849],[-3.75052,40.2799],[-3.74514,40.2799],[-3.74514,40.2849]]]}},{"type":"Feature","properties":{"name":"Getafe--piece--3-0--raspberry3bp","number_of_ads_buy":0,"average_prize_buy":0,"number_of_ads_rent":0,"average_prize_rent":0,"normalized_prize_buy":null,"normalized_ads_buy":null,"normalized_prize_rent":null,"normalized_ads_rent":null,"date":"2018-12-06T20:34:38.000Z","fill-opacity":null,"fill":"#ff0000"},"bbox":[-3.73977,40.325,-3.74514,40.33],"geometry":{"type":"Polygon","coordinates":[[[-3.73977,40.33],[-3.74514,40.33],[-3.74514,40.325],[-3.73977,40.325],[-3.73977,40.33]]]}},{"type":"Feature","properties":{"name":"Getafe--piece--3-1--raspberry3bp","number_of_ads_buy":0,"average_prize_buy":0,"number_of_ads_rent":2,"average_prize_rent":0,"normalized_prize_buy":null,"normalized_ads_buy":null,"normalized_prize_rent":null,"normalized_ads_rent":null,"date":"2018-12-06T20:35:01.000Z","fill-opacity":null,"fill":"#ff0000"},"bbox":[-3.73977,40.32,-3.74514,40.325],"geometry":{"type":"Polygon","coordinates":[[[-3.73977,40.325],[-3.74514,40.325],[-3.74514,40.32],[-3.73977,40.32],[-3.73977,40.325]]]}},{"type":"Feature","properties":{"name":"Getafe--piece--3-2--raspberry3bp","number_of_ads_buy":0,"average_prize_buy":0,"number_of_ads_rent":0,"average_prize_rent":0,"normalized_prize_buy":null,"normalized_ads_buy":null,"normalized_prize_rent":null,"normalized_ads_rent":null,"date":"2018-12-06T20:35:23.000Z","fill-opacity":null,"fill":"#ff0000"},"bbox":[-3.73977,40.315,-3.74514,40.32],"geometry":{"type":"Polygon","coordinates":[[[-3.73977,40.32],[-3.74514,40.32],[-3.74514,40.315],[-3.73977,40.315],[-3.73977,40.32]]]}},{"type":"Feature","properties":{"name":"Getafe--piece--3-3--raspberry3bp","number_of_ads_buy":0,"average_prize_buy":0,"number_of_ads_rent":0,"average_prize_rent":0,"normalized_prize_buy":null,"normalized_ads_buy":null,"normalized_prize_rent":null,"normalized_ads_rent":null,"date":"2018-12-06T20:35:42.000Z","fill-opacity":null,"fill":"#ff0000"},"bbox":[-3.73977,40.31,-3.74514,40.315],"geometry":{"type":"Polygon","coordinates":[[[-3.73977,40.315],[-3.74514,40.315],[-3.74514,40.31],[-3.73977,40.31],[-3.73977,40.315]]]}},{"type":"Feature","properties":{"name":"Getafe--piece--3-4--raspberry3bp","number_of_ads_buy":0,"average_prize_buy":0,"number_of_ads_rent":0,"average_prize_rent":0,"normalized_prize_buy":null,"normalized_ads_buy":null,"normalized_prize_rent":null,"normalized_ads_rent":null,"date":"2018-12-06T20:36:06.000Z","fill-opacity":null,"fill":"#ff0000"},"bbox":[-3.73977,40.305,-3.74514,40.31],"geometry":{"type":"Polygon","coordinates":[[[-3.73977,40.31],[-3.74514,40.31],[-3.74514,40.305],[-3.73977,40.305],[-3.73977,40.31]]]}},{"type":"Feature","properties":{"name":"Getafe--piece--3-5--raspberry3bp","number_of_ads_buy":0,"average_prize_buy":0,"number_of_ads_rent":0,"average_prize_rent":0,"normalized_prize_buy":null,"normalized_ads_buy":null,"normalized_prize_rent":null,"normalized_ads_rent":null,"date":"2018-12-06T20:36:26.000Z","fill-opacity":null,"fill":"#ff0000"},"bbox":[-3.73977,40.2999,-3.74514,40.305],"geometry":{"type":"Polygon","coordinates":[[[-3.73977,40.305],[-3.74514,40.305],[-3.74514,40.2999],[-3.73977,40.2999],[-3.73977,40.305]]]}},{"type":"Feature","properties":{"name":"Getafe--piece--3-6--raspberry3bp","number_of_ads_buy":0,"average_prize_buy":0,"number_of_ads_rent":0,"average_prize_rent":0,"normalized_prize_buy":null,"normalized_ads_buy":null,"normalized_prize_rent":null,"normalized_ads_rent":null,"date":"2018-12-06T20:36:48.000Z","fill-opacity":null,"fill":"#ff0000"},"bbox":[-3.73977,40.2949,-3.74514,40.2999],"geometry":{"type":"Polygon","coordinates":[[[-3.73977,40.2999],[-3.74514,40.2999],[-3.74514,40.2949],[-3.73977,40.2949],[-3.73977,40.2999]]]}},{"type":"Feature","properties":{"name":"Getafe--piece--3-7--raspberry3bp","number_of_ads_buy":0,"average_prize_buy":0,"number_of_ads_rent":0,"average_prize_rent":0,"normalized_prize_buy":null,"normalized_ads_buy":null,"normalized_prize_rent":null,"normalized_ads_rent":null,"date":"2018-12-06T20:37:10.000Z","fill-opacity":null,"fill":"#ff0000"},"bbox":[-3.73977,40.2899,-3.74514,40.2949],"geometry":{"type":"Polygon","coordinates":[[[-3.73977,40.2949],[-3.74514,40.2949],[-3.74514,40.2899],[-3.73977,40.2899],[-3.73977,40.2949]]]}},{"type":"Feature","properties":{"name":"Getafe--piece--3-8--raspberry3bp","number_of_ads_buy":0,"average_prize_buy":0,"number_of_ads_rent":0,"average_prize_rent":0,"normalized_prize_buy":null,"normalized_ads_buy":null,"normalized_prize_rent":null,"normalized_ads_rent":null,"date":"2018-12-06T20:37:34.000Z","fill-opacity":null,"fill":"#ff0000"},"bbox":[-3.73977,40.2849,-3.74514,40.2899],"geometry":{"type":"Polygon","coordinates":[[[-3.73977,40.2899],[-3.74514,40.2899],[-3.74514,40.2849],[-3.73977,40.2849],[-3.73977,40.2899]]]}},{"type":"Feature","properties":{"name":"Getafe--piece--3-9--raspberry3bp","number_of_ads_buy":0,"average_prize_buy":0,"number_of_ads_rent":0,"average_prize_rent":0,"normalized_prize_buy":null,"normalized_ads_buy":null,"normalized_prize_rent":null,"normalized_ads_rent":null,"date":"2018-12-06T20:37:51.000Z","fill-opacity":null,"fill":"#ff0000"},"bbox":[-3.73977,40.2799,-3.74514,40.2849],"geometry":{"type":"Polygon","coordinates":[[[-3.73977,40.2849],[-3.74514,40.2849],[-3.74514,40.2799],[-3.73977,40.2799],[-3.73977,40.2849]]]}},{"type":"Feature","properties":{"name":"Getafe--piece--4-0--raspberry3bp","number_of_ads_buy":0,"average_prize_buy":0,"number_of_ads_rent":0,"average_prize_rent":0,"normalized_prize_buy":null,"normalized_ads_buy":null,"normalized_prize_rent":null,"normalized_ads_rent":null,"date":"2018-12-06T20:38:08.000Z","fill-opacity":null,"fill":"#ff0000"},"bbox":[-3.7344,40.325,-3.73977,40.33],"geometry":{"type":"Polygon","coordinates":[[[-3.7344,40.33],[-3.73977,40.33],[-3.73977,40.325],[-3.7344,40.325],[-3.7344,40.33]]]}},{"type":"Feature","properties":{"name":"Getafe--piece--4-1--raspberry3bp","number_of_ads_buy":0,"average_prize_buy":0,"number_of_ads_rent":0,"average_prize_rent":0,"normalized_prize_buy":null,"normalized_ads_buy":null,"normalized_prize_rent":null,"normalized_ads_rent":null,"date":"2018-12-06T20:38:31.000Z","fill-opacity":null,"fill":"#ff0000"},"bbox":[-3.7344,40.32,-3.73977,40.325],"geometry":{"type":"Polygon","coordinates":[[[-3.7344,40.325],[-3.73977,40.325],[-3.73977,40.32],[-3.7344,40.32],[-3.7344,40.325]]]}},{"type":"Feature","properties":{"name":"Getafe--piece--4-2--raspberry3bp","number_of_ads_buy":0,"average_prize_buy":0,"number_of_ads_rent":1,"average_prize_rent":0,"normalized_prize_buy":null,"normalized_ads_buy":null,"normalized_prize_rent":null,"normalized_ads_rent":null,"date":"2018-12-06T20:38:51.000Z","fill-opacity":null,"fill":"#ff0000"},"bbox":[-3.7344,40.315,-3.73977,40.32],"geometry":{"type":"Polygon","coordinates":[[[-3.7344,40.32],[-3.73977,40.32],[-3.73977,40.315],[-3.7344,40.315],[-3.7344,40.32]]]}},{"type":"Feature","properties":{"name":"Getafe--piece--4-3--raspberry3bp","number_of_ads_buy":0,"average_prize_buy":0,"number_of_ads_rent":0,"average_prize_rent":0,"normalized_prize_buy":null,"normalized_ads_buy":null,"normalized_prize_rent":null,"normalized_ads_rent":null,"date":"2018-12-06T20:39:04.000Z","fill-opacity":null,"fill":"#ff0000"},"bbox":[-3.7344,40.31,-3.73977,40.315],"geometry":{"type":"Polygon","coordinates":[[[-3.7344,40.315],[-3.73977,40.315],[-3.73977,40.31],[-3.7344,40.31],[-3.7344,40.315]]]}},{"type":"Feature","properties":{"name":"Getafe--piece--4-4--raspberry3bp","number_of_ads_buy":0,"average_prize_buy":0,"number_of_ads_rent":8,"average_prize_rent":2,"normalized_prize_buy":null,"normalized_ads_buy":null,"normalized_prize_rent":null,"normalized_ads_rent":null,"date":"2018-12-06T20:39:23.000Z","fill-opacity":null,"fill":"#ff0000"},"bbox":[-3.7344,40.305,-3.73977,40.31],"geometry":{"type":"Polygon","coordinates":[[[-3.7344,40.31],[-3.73977,40.31],[-3.73977,40.305],[-3.7344,40.305],[-3.7344,40.31]]]}},{"type":"Feature","properties":{"name":"Getafe--piece--4-5--raspberry3bp","number_of_ads_buy":0,"average_prize_buy":0,"number_of_ads_rent":1,"average_prize_rent":1,"normalized_prize_buy":null,"normalized_ads_buy":null,"normalized_prize_rent":null,"normalized_ads_rent":null,"date":"2018-12-06T20:39:44.000Z","fill-opacity":null,"fill":"#ff0000"},"bbox":[-3.7344,40.2999,-3.73977,40.305],"geometry":{"type":"Polygon","coordinates":[[[-3.7344,40.305],[-3.73977,40.305],[-3.73977,40.2999],[-3.7344,40.2999],[-3.7344,40.305]]]}},{"type":"Feature","properties":{"name":"Getafe--piece--4-6--raspberry3bp","number_of_ads_buy":0,"average_prize_buy":0,"number_of_ads_rent":0,"average_prize_rent":0,"normalized_prize_buy":null,"normalized_ads_buy":null,"normalized_prize_rent":null,"normalized_ads_rent":null,"date":"2018-12-06T20:40:04.000Z","fill-opacity":null,"fill":"#ff0000"},"bbox":[-3.7344,40.2949,-3.73977,40.2999],"geometry":{"type":"Polygon","coordinates":[[[-3.7344,40.2999],[-3.73977,40.2999],[-3.73977,40.2949],[-3.7344,40.2949],[-3.7344,40.2999]]]}},{"type":"Feature","properties":{"name":"Getafe--piece--4-7--raspberry3bp","number_of_ads_buy":0,"average_prize_buy":0,"number_of_ads_rent":0,"average_prize_rent":0,"normalized_prize_buy":null,"normalized_ads_buy":null,"normalized_prize_rent":null,"normalized_ads_rent":null,"date":"2018-12-06T20:40:21.000Z","fill-opacity":null,"fill":"#ff0000"},"bbox":[-3.7344,40.2899,-3.73977,40.2949],"geometry":{"type":"Polygon","coordinates":[[[-3.7344,40.2949],[-3.73977,40.2949],[-3.73977,40.2899],[-3.7344,40.2899],[-3.7344,40.2949]]]}},{"type":"Feature","properties":{"name":"Getafe--piece--4-8--raspberry3bp","number_of_ads_buy":0,"average_prize_buy":0,"number_of_ads_rent":0,"average_prize_rent":0,"normalized_prize_buy":null,"normalized_ads_buy":null,"normalized_prize_rent":null,"normalized_ads_rent":null,"date":"2018-12-06T20:40:35.000Z","fill-opacity":null,"fill":"#ff0000"},"bbox":[-3.7344,40.2849,-3.73977,40.2899],"geometry":{"type":"Polygon","coordinates":[[[-3.7344,40.2899],[-3.73977,40.2899],[-3.73977,40.2849],[-3.7344,40.2849],[-3.7344,40.2899]]]}},{"type":"Feature","properties":{"name":"Getafe--piece--4-9--raspberry3bp","number_of_ads_buy":0,"average_prize_buy":0,"number_of_ads_rent":0,"average_prize_rent":0,"normalized_prize_buy":null,"normalized_ads_buy":null,"normalized_prize_rent":null,"normalized_ads_rent":null,"date":"2018-12-06T20:40:47.000Z","fill-opacity":null,"fill":"#ff0000"},"bbox":[-3.7344,40.2799,-3.73977,40.2849],"geometry":{"type":"Polygon","coordinates":[[[-3.7344,40.2849],[-3.73977,40.2849],[-3.73977,40.2799],[-3.7344,40.2799],[-3.7344,40.2849]]]}},{"type":"Feature","properties":{"name":"Getafe--piece--5-0--raspberry3bp","number_of_ads_buy":0,"average_prize_buy":0,"number_of_ads_rent":0,"average_prize_rent":0,"normalized_prize_buy":null,"normalized_ads_buy":null,"normalized_prize_rent":null,"normalized_ads_rent":null,"date":"2018-12-06T20:41:06.000Z","fill-opacity":null,"fill":"#ff0000"},"bbox":[-3.72903,40.325,-3.7344,40.33],"geometry":{"type":"Polygon","coordinates":[[[-3.72903,40.33],[-3.7344,40.33],[-3.7344,40.325],[-3.72903,40.325],[-3.72903,40.33]]]}},{"type":"Feature","properties":{"name":"Getafe--piece--5-1--raspberry3bp","number_of_ads_buy":0,"average_prize_buy":0,"number_of_ads_rent":0,"average_prize_rent":0,"normalized_prize_buy":null,"normalized_ads_buy":null,"normalized_prize_rent":null,"normalized_ads_rent":null,"date":"2018-12-06T20:41:26.000Z","fill-opacity":null,"fill":"#ff0000"},"bbox":[-3.72903,40.32,-3.7344,40.325],"geometry":{"type":"Polygon","coordinates":[[[-3.72903,40.325],[-3.7344,40.325],[-3.7344,40.32],[-3.72903,40.32],[-3.72903,40.325]]]}},{"type":"Feature","properties":{"name":"Getafe--piece--5-2--raspberry3bp","number_of_ads_buy":0,"average_prize_buy":0,"number_of_ads_rent":2,"average_prize_rent":0,"normalized_prize_buy":null,"normalized_ads_buy":null,"normalized_prize_rent":null,"normalized_ads_rent":null,"date":"2018-12-06T20:41:40.000Z","fill-opacity":null,"fill":"#ff0000"},"bbox":[-3.72903,40.315,-3.7344,40.32],"geometry":{"type":"Polygon","coordinates":[[[-3.72903,40.32],[-3.7344,40.32],[-3.7344,40.315],[-3.72903,40.315],[-3.72903,40.32]]]}},{"type":"Feature","properties":{"name":"Getafe--piece--5-3--raspberry3bp","number_of_ads_buy":0,"average_prize_buy":0,"number_of_ads_rent":1,"average_prize_rent":0,"normalized_prize_buy":null,"normalized_ads_buy":null,"normalized_prize_rent":null,"normalized_ads_rent":null,"date":"2018-12-06T20:41:54.000Z","fill-opacity":null,"fill":"#ff0000"},"bbox":[-3.72903,40.31,-3.7344,40.315],"geometry":{"type":"Polygon","coordinates":[[[-3.72903,40.315],[-3.7344,40.315],[-3.7344,40.31],[-3.72903,40.31],[-3.72903,40.315]]]}},{"type":"Feature","properties":{"name":"Getafe--piece--5-4--raspberry3bp","number_of_ads_buy":0,"average_prize_buy":0,"number_of_ads_rent":1,"average_prize_rent":2,"normalized_prize_buy":null,"normalized_ads_buy":null,"normalized_prize_rent":null,"normalized_ads_rent":null,"date":"2018-12-06T20:42:15.000Z","fill-opacity":null,"fill":"#ff0000"},"bbox":[-3.72903,40.305,-3.7344,40.31],"geometry":{"type":"Polygon","coordinates":[[[-3.72903,40.31],[-3.7344,40.31],[-3.7344,40.305],[-3.72903,40.305],[-3.72903,40.31]]]}},{"type":"Feature","properties":{"name":"Getafe--piece--5-5--raspberry3bp","number_of_ads_buy":0,"average_prize_buy":0,"number_of_ads_rent":5,"average_prize_rent":1,"normalized_prize_buy":null,"normalized_ads_buy":null,"normalized_prize_rent":null,"normalized_ads_rent":null,"date":"2018-12-06T20:42:31.000Z","fill-opacity":null,"fill":"#ff0000"},"bbox":[-3.72903,40.2999,-3.7344,40.305],"geometry":{"type":"Polygon","coordinates":[[[-3.72903,40.305],[-3.7344,40.305],[-3.7344,40.2999],[-3.72903,40.2999],[-3.72903,40.305]]]}},{"type":"Feature","properties":{"name":"Getafe--piece--5-6--raspberry3bp","number_of_ads_buy":0,"average_prize_buy":0,"number_of_ads_rent":0,"average_prize_rent":0,"normalized_prize_buy":null,"normalized_ads_buy":null,"normalized_prize_rent":null,"normalized_ads_rent":null,"date":"2018-12-06T20:42:49.000Z","fill-opacity":null,"fill":"#ff0000"},"bbox":[-3.72903,40.2949,-3.7344,40.2999],"geometry":{"type":"Polygon","coordinates":[[[-3.72903,40.2999],[-3.7344,40.2999],[-3.7344,40.2949],[-3.72903,40.2949],[-3.72903,40.2999]]]}},{"type":"Feature","properties":{"name":"Getafe--piece--5-7--raspberry3bp","number_of_ads_buy":0,"average_prize_buy":0,"number_of_ads_rent":0,"average_prize_rent":0,"normalized_prize_buy":null,"normalized_ads_buy":null,"normalized_prize_rent":null,"normalized_ads_rent":null,"date":"2018-12-06T20:43:10.000Z","fill-opacity":null,"fill":"#ff0000"},"bbox":[-3.72903,40.2899,-3.7344,40.2949],"geometry":{"type":"Polygon","coordinates":[[[-3.72903,40.2949],[-3.7344,40.2949],[-3.7344,40.2899],[-3.72903,40.2899],[-3.72903,40.2949]]]}},{"type":"Feature","properties":{"name":"Getafe--piece--5-8--raspberry3bp","number_of_ads_buy":0,"average_prize_buy":0,"number_of_ads_rent":0,"average_prize_rent":0,"normalized_prize_buy":null,"normalized_ads_buy":null,"normalized_prize_rent":null,"normalized_ads_rent":null,"date":"2018-12-06T20:43:36.000Z","fill-opacity":null,"fill":"#ff0000"},"bbox":[-3.72903,40.2849,-3.7344,40.2899],"geometry":{"type":"Polygon","coordinates":[[[-3.72903,40.2899],[-3.7344,40.2899],[-3.7344,40.2849],[-3.72903,40.2849],[-3.72903,40.2899]]]}},{"type":"Feature","properties":{"name":"Getafe--piece--5-9--raspberry3bp","number_of_ads_buy":0,"average_prize_buy":0,"number_of_ads_rent":0,"average_prize_rent":0,"normalized_prize_buy":null,"normalized_ads_buy":null,"normalized_prize_rent":null,"normalized_ads_rent":null,"date":"2018-12-06T20:43:51.000Z","fill-opacity":null,"fill":"#ff0000"},"bbox":[-3.72903,40.2799,-3.7344,40.2849],"geometry":{"type":"Polygon","coordinates":[[[-3.72903,40.2849],[-3.7344,40.2849],[-3.7344,40.2799],[-3.72903,40.2799],[-3.72903,40.2849]]]}},{"type":"Feature","properties":{"name":"Getafe--piece--6-0--raspberry3bp","number_of_ads_buy":0,"average_prize_buy":0,"number_of_ads_rent":0,"average_prize_rent":0,"normalized_prize_buy":null,"normalized_ads_buy":null,"normalized_prize_rent":null,"normalized_ads_rent":null,"date":"2018-12-06T20:44:09.000Z","fill-opacity":null,"fill":"#ff0000"},"bbox":[-3.72366,40.325,-3.72903,40.33],"geometry":{"type":"Polygon","coordinates":[[[-3.72366,40.33],[-3.72903,40.33],[-3.72903,40.325],[-3.72366,40.325],[-3.72366,40.33]]]}},{"type":"Feature","properties":{"name":"Getafe--piece--6-1--raspberry3bp","number_of_ads_buy":0,"average_prize_buy":0,"number_of_ads_rent":0,"average_prize_rent":0,"normalized_prize_buy":null,"normalized_ads_buy":null,"normalized_prize_rent":null,"normalized_ads_rent":null,"date":"2018-12-06T20:44:26.000Z","fill-opacity":null,"fill":"#ff0000"},"bbox":[-3.72366,40.32,-3.72903,40.325],"geometry":{"type":"Polygon","coordinates":[[[-3.72366,40.325],[-3.72903,40.325],[-3.72903,40.32],[-3.72366,40.32],[-3.72366,40.325]]]}},{"type":"Feature","properties":{"name":"Getafe--piece--6-2--raspberry3bp","number_of_ads_buy":0,"average_prize_buy":0,"number_of_ads_rent":3,"average_prize_rent":2,"normalized_prize_buy":null,"normalized_ads_buy":null,"normalized_prize_rent":null,"normalized_ads_rent":null,"date":"2018-12-06T20:44:43.000Z","fill-opacity":null,"fill":"#ff0000"},"bbox":[-3.72366,40.315,-3.72903,40.32],"geometry":{"type":"Polygon","coordinates":[[[-3.72366,40.32],[-3.72903,40.32],[-3.72903,40.315],[-3.72366,40.315],[-3.72366,40.32]]]}},{"type":"Feature","properties":{"name":"Getafe--piece--6-3--raspberry3bp","number_of_ads_buy":0,"average_prize_buy":0,"number_of_ads_rent":9,"average_prize_rent":0,"normalized_prize_buy":null,"normalized_ads_buy":null,"normalized_prize_rent":null,"normalized_ads_rent":null,"date":"2018-12-06T20:45:02.000Z","fill-opacity":null,"fill":"#ff0000"},"bbox":[-3.72366,40.31,-3.72903,40.315],"geometry":{"type":"Polygon","coordinates":[[[-3.72366,40.315],[-3.72903,40.315],[-3.72903,40.31],[-3.72366,40.31],[-3.72366,40.315]]]}},{"type":"Feature","properties":{"name":"Getafe--piece--6-4--raspberry3bp","number_of_ads_buy":0,"average_prize_buy":0,"number_of_ads_rent":6,"average_prize_rent":2,"normalized_prize_buy":null,"normalized_ads_buy":null,"normalized_prize_rent":null,"normalized_ads_rent":null,"date":"2018-12-06T20:45:24.000Z","fill-opacity":null,"fill":"#ff0000"},"bbox":[-3.72366,40.305,-3.72903,40.31],"geometry":{"type":"Polygon","coordinates":[[[-3.72366,40.31],[-3.72903,40.31],[-3.72903,40.305],[-3.72366,40.305],[-3.72366,40.31]]]}},{"type":"Feature","properties":{"name":"Getafe--piece--6-5--raspberry3bp","number_of_ads_buy":0,"average_prize_buy":0,"number_of_ads_rent":1,"average_prize_rent":2,"normalized_prize_buy":null,"normalized_ads_buy":null,"normalized_prize_rent":null,"normalized_ads_rent":null,"date":"2018-12-06T20:45:46.000Z","fill-opacity":null,"fill":"#ff0000"},"bbox":[-3.72366,40.2999,-3.72903,40.305],"geometry":{"type":"Polygon","coordinates":[[[-3.72366,40.305],[-3.72903,40.305],[-3.72903,40.2999],[-3.72366,40.2999],[-3.72366,40.305]]]}},{"type":"Feature","properties":{"name":"Getafe--piece--6-6--raspberry3bp","number_of_ads_buy":0,"average_prize_buy":0,"number_of_ads_rent":0,"average_prize_rent":0,"normalized_prize_buy":null,"normalized_ads_buy":null,"normalized_prize_rent":null,"normalized_ads_rent":null,"date":"2018-12-06T20:46:08.000Z","fill-opacity":null,"fill":"#ff0000"},"bbox":[-3.72366,40.2949,-3.72903,40.2999],"geometry":{"type":"Polygon","coordinates":[[[-3.72366,40.2999],[-3.72903,40.2999],[-3.72903,40.2949],[-3.72366,40.2949],[-3.72366,40.2999]]]}},{"type":"Feature","properties":{"name":"Getafe--piece--6-7--raspberry3bp","number_of_ads_buy":0,"average_prize_buy":0,"number_of_ads_rent":0,"average_prize_rent":0,"normalized_prize_buy":null,"normalized_ads_buy":null,"normalized_prize_rent":null,"normalized_ads_rent":null,"date":"2018-12-06T20:46:26.000Z","fill-opacity":null,"fill":"#ff0000"},"bbox":[-3.72366,40.2899,-3.72903,40.2949],"geometry":{"type":"Polygon","coordinates":[[[-3.72366,40.2949],[-3.72903,40.2949],[-3.72903,40.2899],[-3.72366,40.2899],[-3.72366,40.2949]]]}},{"type":"Feature","properties":{"name":"Getafe--piece--6-8--raspberry3bp","number_of_ads_buy":0,"average_prize_buy":0,"number_of_ads_rent":0,"average_prize_rent":0,"normalized_prize_buy":null,"normalized_ads_buy":null,"normalized_prize_rent":null,"normalized_ads_rent":null,"date":"2018-12-06T20:46:41.000Z","fill-opacity":null,"fill":"#ff0000"},"bbox":[-3.72366,40.2849,-3.72903,40.2899],"geometry":{"type":"Polygon","coordinates":[[[-3.72366,40.2899],[-3.72903,40.2899],[-3.72903,40.2849],[-3.72366,40.2849],[-3.72366,40.2899]]]}},{"type":"Feature","properties":{"name":"Getafe--piece--6-9--raspberry3bp","number_of_ads_buy":0,"average_prize_buy":0,"number_of_ads_rent":0,"average_prize_rent":0,"normalized_prize_buy":null,"normalized_ads_buy":null,"normalized_prize_rent":null,"normalized_ads_rent":null,"date":"2018-12-06T20:47:02.000Z","fill-opacity":null,"fill":"#ff0000"},"bbox":[-3.72366,40.2799,-3.72903,40.2849],"geometry":{"type":"Polygon","coordinates":[[[-3.72366,40.2849],[-3.72903,40.2849],[-3.72903,40.2799],[-3.72366,40.2799],[-3.72366,40.2849]]]}},{"type":"Feature","properties":{"name":"Getafe--piece--7-0--raspberry3bp","number_of_ads_buy":0,"average_prize_buy":0,"number_of_ads_rent":0,"average_prize_rent":0,"normalized_prize_buy":null,"normalized_ads_buy":null,"normalized_prize_rent":null,"normalized_ads_rent":null,"date":"2018-12-06T20:47:21.000Z","fill-opacity":null,"fill":"#ff0000"},"bbox":[-3.71829,40.325,-3.72366,40.33],"geometry":{"type":"Polygon","coordinates":[[[-3.71829,40.33],[-3.72366,40.33],[-3.72366,40.325],[-3.71829,40.325],[-3.71829,40.33]]]}},{"type":"Feature","properties":{"name":"Getafe--piece--7-1--raspberry3bp","number_of_ads_buy":0,"average_prize_buy":0,"number_of_ads_rent":3,"average_prize_rent":0,"normalized_prize_buy":null,"normalized_ads_buy":null,"normalized_prize_rent":null,"normalized_ads_rent":null,"date":"2018-12-06T20:47:37.000Z","fill-opacity":null,"fill":"#ff0000"},"bbox":[-3.71829,40.32,-3.72366,40.325],"geometry":{"type":"Polygon","coordinates":[[[-3.71829,40.325],[-3.72366,40.325],[-3.72366,40.32],[-3.71829,40.32],[-3.71829,40.325]]]}},{"type":"Feature","properties":{"name":"Getafe--piece--7-2--raspberry3bp","number_of_ads_buy":0,"average_prize_buy":0,"number_of_ads_rent":4,"average_prize_rent":0,"normalized_prize_buy":null,"normalized_ads_buy":null,"normalized_prize_rent":null,"normalized_ads_rent":null,"date":"2018-12-06T20:47:57.000Z","fill-opacity":null,"fill":"#ff0000"},"bbox":[-3.71829,40.315,-3.72366,40.32],"geometry":{"type":"Polygon","coordinates":[[[-3.71829,40.32],[-3.72366,40.32],[-3.72366,40.315],[-3.71829,40.315],[-3.71829,40.32]]]}},{"type":"Feature","properties":{"name":"Getafe--piece--7-3--raspberry3bp","number_of_ads_buy":0,"average_prize_buy":0,"number_of_ads_rent":6,"average_prize_rent":1,"normalized_prize_buy":null,"normalized_ads_buy":null,"normalized_prize_rent":null,"normalized_ads_rent":null,"date":"2018-12-06T20:48:30.000Z","fill-opacity":null,"fill":"#ff0000"},"bbox":[-3.71829,40.31,-3.72366,40.315],"geometry":{"type":"Polygon","coordinates":[[[-3.71829,40.315],[-3.72366,40.315],[-3.72366,40.31],[-3.71829,40.31],[-3.71829,40.315]]]}},{"type":"Feature","properties":{"name":"Getafe--piece--7-4--raspberry3bp","number_of_ads_buy":0,"average_prize_buy":0,"number_of_ads_rent":1,"average_prize_rent":0,"normalized_prize_buy":null,"normalized_ads_buy":null,"normalized_prize_rent":null,"normalized_ads_rent":null,"date":"2018-12-06T20:48:44.000Z","fill-opacity":null,"fill":"#ff0000"},"bbox":[-3.71829,40.305,-3.72366,40.31],"geometry":{"type":"Polygon","coordinates":[[[-3.71829,40.31],[-3.72366,40.31],[-3.72366,40.305],[-3.71829,40.305],[-3.71829,40.31]]]}},{"type":"Feature","properties":{"name":"Getafe--piece--7-5--raspberry3bp","number_of_ads_buy":0,"average_prize_buy":0,"number_of_ads_rent":0,"average_prize_rent":0,"normalized_prize_buy":null,"normalized_ads_buy":null,"normalized_prize_rent":null,"normalized_ads_rent":null,"date":"2018-12-06T20:49:04.000Z","fill-opacity":null,"fill":"#ff0000"},"bbox":[-3.71829,40.2999,-3.72366,40.305],"geometry":{"type":"Polygon","coordinates":[[[-3.71829,40.305],[-3.72366,40.305],[-3.72366,40.2999],[-3.71829,40.2999],[-3.71829,40.305]]]}},{"type":"Feature","properties":{"name":"Getafe--piece--7-6--raspberry3bp","number_of_ads_buy":0,"average_prize_buy":0,"number_of_ads_rent":0,"average_prize_rent":0,"normalized_prize_buy":null,"normalized_ads_buy":null,"normalized_prize_rent":null,"normalized_ads_rent":null,"date":"2018-12-06T20:49:35.000Z","fill-opacity":null,"fill":"#ff0000"},"bbox":[-3.71829,40.2949,-3.72366,40.2999],"geometry":{"type":"Polygon","coordinates":[[[-3.71829,40.2999],[-3.72366,40.2999],[-3.72366,40.2949],[-3.71829,40.2949],[-3.71829,40.2999]]]}},{"type":"Feature","properties":{"name":"Getafe--piece--7-7--raspberry3bp","number_of_ads_buy":0,"average_prize_buy":0,"number_of_ads_rent":0,"average_prize_rent":0,"normalized_prize_buy":null,"normalized_ads_buy":null,"normalized_prize_rent":null,"normalized_ads_rent":null,"date":"2018-12-06T20:50:04.000Z","fill-opacity":null,"fill":"#ff0000"},"bbox":[-3.71829,40.2899,-3.72366,40.2949],"geometry":{"type":"Polygon","coordinates":[[[-3.71829,40.2949],[-3.72366,40.2949],[-3.72366,40.2899],[-3.71829,40.2899],[-3.71829,40.2949]]]}},{"type":"Feature","properties":{"name":"Getafe--piece--7-8--raspberry3bp","number_of_ads_buy":0,"average_prize_buy":0,"number_of_ads_rent":0,"average_prize_rent":0,"normalized_prize_buy":null,"normalized_ads_buy":null,"normalized_prize_rent":null,"normalized_ads_rent":null,"date":"2018-12-06T20:50:22.000Z","fill-opacity":null,"fill":"#ff0000"},"bbox":[-3.71829,40.2849,-3.72366,40.2899],"geometry":{"type":"Polygon","coordinates":[[[-3.71829,40.2899],[-3.72366,40.2899],[-3.72366,40.2849],[-3.71829,40.2849],[-3.71829,40.2899]]]}},{"type":"Feature","properties":{"name":"Getafe--piece--7-9--raspberry3bp","number_of_ads_buy":0,"average_prize_buy":0,"number_of_ads_rent":0,"average_prize_rent":0,"normalized_prize_buy":null,"normalized_ads_buy":null,"normalized_prize_rent":null,"normalized_ads_rent":null,"date":"2018-12-06T20:50:34.000Z","fill-opacity":null,"fill":"#ff0000"},"bbox":[-3.71829,40.2799,-3.72366,40.2849],"geometry":{"type":"Polygon","coordinates":[[[-3.71829,40.2849],[-3.72366,40.2849],[-3.72366,40.2799],[-3.71829,40.2799],[-3.71829,40.2849]]]}},{"type":"Feature","properties":{"name":"Getafe--piece--8-0--raspberry3bp","number_of_ads_buy":0,"average_prize_buy":0,"number_of_ads_rent":0,"average_prize_rent":0,"normalized_prize_buy":null,"normalized_ads_buy":null,"normalized_prize_rent":null,"normalized_ads_rent":null,"date":"2018-12-06T20:50:49.000Z","fill-opacity":null,"fill":"#ff0000"},"bbox":[-3.71292,40.325,-3.71829,40.33],"geometry":{"type":"Polygon","coordinates":[[[-3.71292,40.33],[-3.71829,40.33],[-3.71829,40.325],[-3.71292,40.325],[-3.71292,40.33]]]}},{"type":"Feature","properties":{"name":"Getafe--piece--8-1--raspberry3bp","number_of_ads_buy":0,"average_prize_buy":0,"number_of_ads_rent":5,"average_prize_rent":2,"normalized_prize_buy":null,"normalized_ads_buy":null,"normalized_prize_rent":null,"normalized_ads_rent":null,"date":"2018-12-06T20:51:10.000Z","fill-opacity":null,"fill":"#ff0000"},"bbox":[-3.71292,40.32,-3.71829,40.325],"geometry":{"type":"Polygon","coordinates":[[[-3.71292,40.325],[-3.71829,40.325],[-3.71829,40.32],[-3.71292,40.32],[-3.71292,40.325]]]}},{"type":"Feature","properties":{"name":"Getafe--piece--8-2--raspberry3bp","number_of_ads_buy":0,"average_prize_buy":0,"number_of_ads_rent":1,"average_prize_rent":1,"normalized_prize_buy":null,"normalized_ads_buy":null,"normalized_prize_rent":null,"normalized_ads_rent":null,"date":"2018-12-06T20:51:29.000Z","fill-opacity":null,"fill":"#ff0000"},"bbox":[-3.71292,40.315,-3.71829,40.32],"geometry":{"type":"Polygon","coordinates":[[[-3.71292,40.32],[-3.71829,40.32],[-3.71829,40.315],[-3.71292,40.315],[-3.71292,40.32]]]}},{"type":"Feature","properties":{"name":"Getafe--piece--8-3--raspberry3bp","number_of_ads_buy":0,"average_prize_buy":0,"number_of_ads_rent":5,"average_prize_rent":0,"normalized_prize_buy":null,"normalized_ads_buy":null,"normalized_prize_rent":null,"normalized_ads_rent":null,"date":"2018-12-06T20:51:56.000Z","fill-opacity":null,"fill":"#ff0000"},"bbox":[-3.71292,40.31,-3.71829,40.315],"geometry":{"type":"Polygon","coordinates":[[[-3.71292,40.315],[-3.71829,40.315],[-3.71829,40.31],[-3.71292,40.31],[-3.71292,40.315]]]}},{"type":"Feature","properties":{"name":"Getafe--piece--8-4--raspberry3bp","number_of_ads_buy":0,"average_prize_buy":0,"number_of_ads_rent":2,"average_prize_rent":0,"normalized_prize_buy":null,"normalized_ads_buy":null,"normalized_prize_rent":null,"normalized_ads_rent":null,"date":"2018-12-06T20:52:17.000Z","fill-opacity":null,"fill":"#ff0000"},"bbox":[-3.71292,40.305,-3.71829,40.31],"geometry":{"type":"Polygon","coordinates":[[[-3.71292,40.31],[-3.71829,40.31],[-3.71829,40.305],[-3.71292,40.305],[-3.71292,40.31]]]}},{"type":"Feature","properties":{"name":"Getafe--piece--8-5--raspberry3bp","number_of_ads_buy":0,"average_prize_buy":0,"number_of_ads_rent":0,"average_prize_rent":0,"normalized_prize_buy":null,"normalized_ads_buy":null,"normalized_prize_rent":null,"normalized_ads_rent":null,"date":"2018-12-06T20:52:33.000Z","fill-opacity":null,"fill":"#ff0000"},"bbox":[-3.71292,40.2999,-3.71829,40.305],"geometry":{"type":"Polygon","coordinates":[[[-3.71292,40.305],[-3.71829,40.305],[-3.71829,40.2999],[-3.71292,40.2999],[-3.71292,40.305]]]}},{"type":"Feature","properties":{"name":"Getafe--piece--8-6--raspberry3bp","number_of_ads_buy":0,"average_prize_buy":0,"number_of_ads_rent":0,"average_prize_rent":0,"normalized_prize_buy":null,"normalized_ads_buy":null,"normalized_prize_rent":null,"normalized_ads_rent":null,"date":"2018-12-06T20:52:59.000Z","fill-opacity":null,"fill":"#ff0000"},"bbox":[-3.71292,40.2949,-3.71829,40.2999],"geometry":{"type":"Polygon","coordinates":[[[-3.71292,40.2999],[-3.71829,40.2999],[-3.71829,40.2949],[-3.71292,40.2949],[-3.71292,40.2999]]]}},{"type":"Feature","properties":{"name":"Getafe--piece--8-7--raspberry3bp","number_of_ads_buy":0,"average_prize_buy":0,"number_of_ads_rent":0,"average_prize_rent":0,"normalized_prize_buy":null,"normalized_ads_buy":null,"normalized_prize_rent":null,"normalized_ads_rent":null,"date":"2018-12-06T20:53:16.000Z","fill-opacity":null,"fill":"#ff0000"},"bbox":[-3.71292,40.2899,-3.71829,40.2949],"geometry":{"type":"Polygon","coordinates":[[[-3.71292,40.2949],[-3.71829,40.2949],[-3.71829,40.2899],[-3.71292,40.2899],[-3.71292,40.2949]]]}},{"type":"Feature","properties":{"name":"Getafe--piece--8-8--raspberry3bp","number_of_ads_buy":0,"average_prize_buy":0,"number_of_ads_rent":0,"average_prize_rent":0,"normalized_prize_buy":null,"normalized_ads_buy":null,"normalized_prize_rent":null,"normalized_ads_rent":null,"date":"2018-12-06T20:53:34.000Z","fill-opacity":null,"fill":"#ff0000"},"bbox":[-3.71292,40.2849,-3.71829,40.2899],"geometry":{"type":"Polygon","coordinates":[[[-3.71292,40.2899],[-3.71829,40.2899],[-3.71829,40.2849],[-3.71292,40.2849],[-3.71292,40.2899]]]}},{"type":"Feature","properties":{"name":"Getafe--piece--8-9--raspberry3bp","number_of_ads_buy":0,"average_prize_buy":0,"number_of_ads_rent":0,"average_prize_rent":0,"normalized_prize_buy":null,"normalized_ads_buy":null,"normalized_prize_rent":null,"normalized_ads_rent":null,"date":"2018-12-06T20:53:59.000Z","fill-opacity":null,"fill":"#ff0000"},"bbox":[-3.71292,40.2799,-3.71829,40.2849],"geometry":{"type":"Polygon","coordinates":[[[-3.71292,40.2849],[-3.71829,40.2849],[-3.71829,40.2799],[-3.71292,40.2799],[-3.71292,40.2849]]]}},{"type":"Feature","properties":{"name":"Getafe--piece--9-0--raspberry3bp","number_of_ads_buy":0,"average_prize_buy":0,"number_of_ads_rent":0,"average_prize_rent":0,"normalized_prize_buy":null,"normalized_ads_buy":null,"normalized_prize_rent":null,"normalized_ads_rent":null,"date":"2018-12-06T20:54:15.000Z","fill-opacity":null,"fill":"#ff0000"},"bbox":[-3.70755,40.325,-3.71292,40.33],"geometry":{"type":"Polygon","coordinates":[[[-3.70755,40.33],[-3.71292,40.33],[-3.71292,40.325],[-3.70755,40.325],[-3.70755,40.33]]]}},{"type":"Feature","properties":{"name":"Getafe--piece--9-1--raspberry3bp","number_of_ads_buy":0,"average_prize_buy":0,"number_of_ads_rent":0,"average_prize_rent":0,"normalized_prize_buy":null,"normalized_ads_buy":null,"normalized_prize_rent":null,"normalized_ads_rent":null,"date":"2018-12-06T20:54:28.000Z","fill-opacity":null,"fill":"#ff0000"},"bbox":[-3.70755,40.32,-3.71292,40.325],"geometry":{"type":"Polygon","coordinates":[[[-3.70755,40.325],[-3.71292,40.325],[-3.71292,40.32],[-3.70755,40.32],[-3.70755,40.325]]]}},{"type":"Feature","properties":{"name":"Getafe--piece--9-2--raspberry3bp","number_of_ads_buy":0,"average_prize_buy":0,"number_of_ads_rent":0,"average_prize_rent":0,"normalized_prize_buy":null,"normalized_ads_buy":null,"normalized_prize_rent":null,"normalized_ads_rent":null,"date":"2018-12-06T20:54:41.000Z","fill-opacity":null,"fill":"#ff0000"},"bbox":[-3.70755,40.315,-3.71292,40.32],"geometry":{"type":"Polygon","coordinates":[[[-3.70755,40.32],[-3.71292,40.32],[-3.71292,40.315],[-3.70755,40.315],[-3.70755,40.32]]]}},{"type":"Feature","properties":{"name":"Getafe--piece--9-3--raspberry3bp","number_of_ads_buy":0,"average_prize_buy":0,"number_of_ads_rent":0,"average_prize_rent":0,"normalized_prize_buy":null,"normalized_ads_buy":null,"normalized_prize_rent":null,"normalized_ads_rent":null,"date":"2018-12-06T20:55:04.000Z","fill-opacity":null,"fill":"#ff0000"},"bbox":[-3.70755,40.31,-3.71292,40.315],"geometry":{"type":"Polygon","coordinates":[[[-3.70755,40.315],[-3.71292,40.315],[-3.71292,40.31],[-3.70755,40.31],[-3.70755,40.315]]]}},{"type":"Feature","properties":{"name":"Getafe--piece--9-4--raspberry3bp","number_of_ads_buy":0,"average_prize_buy":0,"number_of_ads_rent":0,"average_prize_rent":0,"normalized_prize_buy":null,"normalized_ads_buy":null,"normalized_prize_rent":null,"normalized_ads_rent":null,"date":"2018-12-06T20:55:30.000Z","fill-opacity":null,"fill":"#ff0000"},"bbox":[-3.70755,40.305,-3.71292,40.31],"geometry":{"type":"Polygon","coordinates":[[[-3.70755,40.31],[-3.71292,40.31],[-3.71292,40.305],[-3.70755,40.305],[-3.70755,40.31]]]}},{"type":"Feature","properties":{"name":"Getafe--piece--9-5--raspberry3bp","number_of_ads_buy":0,"average_prize_buy":0,"number_of_ads_rent":0,"average_prize_rent":0,"normalized_prize_buy":null,"normalized_ads_buy":null,"normalized_prize_rent":null,"normalized_ads_rent":null,"date":"2018-12-06T20:55:52.000Z","fill-opacity":null,"fill":"#ff0000"},"bbox":[-3.70755,40.2999,-3.71292,40.305],"geometry":{"type":"Polygon","coordinates":[[[-3.70755,40.305],[-3.71292,40.305],[-3.71292,40.2999],[-3.70755,40.2999],[-3.70755,40.305]]]}},{"type":"Feature","properties":{"name":"Getafe--piece--9-6--raspberry3bp","number_of_ads_buy":0,"average_prize_buy":0,"number_of_ads_rent":0,"average_prize_rent":0,"normalized_prize_buy":null,"normalized_ads_buy":null,"normalized_prize_rent":null,"normalized_ads_rent":null,"date":"2018-12-06T20:56:13.000Z","fill-opacity":null,"fill":"#ff0000"},"bbox":[-3.70755,40.2949,-3.71292,40.2999],"geometry":{"type":"Polygon","coordinates":[[[-3.70755,40.2999],[-3.71292,40.2999],[-3.71292,40.2949],[-3.70755,40.2949],[-3.70755,40.2999]]]}},{"type":"Feature","properties":{"name":"Getafe--piece--9-7--raspberry3bp","number_of_ads_buy":0,"average_prize_buy":0,"number_of_ads_rent":0,"average_prize_rent":0,"normalized_prize_buy":null,"normalized_ads_buy":null,"normalized_prize_rent":null,"normalized_ads_rent":null,"date":"2018-12-06T20:56:28.000Z","fill-opacity":null,"fill":"#ff0000"},"bbox":[-3.70755,40.2899,-3.71292,40.2949],"geometry":{"type":"Polygon","coordinates":[[[-3.70755,40.2949],[-3.71292,40.2949],[-3.71292,40.2899],[-3.70755,40.2899],[-3.70755,40.2949]]]}},{"type":"Feature","properties":{"name":"Getafe--piece--9-8--raspberry3bp","number_of_ads_buy":0,"average_prize_buy":0,"number_of_ads_rent":0,"average_prize_rent":0,"normalized_prize_buy":null,"normalized_ads_buy":null,"normalized_prize_rent":null,"normalized_ads_rent":null,"date":"2018-12-06T20:56:39.000Z","fill-opacity":null,"fill":"#ff0000"},"bbox":[-3.70755,40.2849,-3.71292,40.2899],"geometry":{"type":"Polygon","coordinates":[[[-3.70755,40.2899],[-3.71292,40.2899],[-3.71292,40.2849],[-3.70755,40.2849],[-3.70755,40.2899]]]}},{"type":"Feature","properties":{"name":"Getafe--piece--9-9--raspberry3bp","number_of_ads_buy":0,"average_prize_buy":0,"number_of_ads_rent":0,"average_prize_rent":0,"normalized_prize_buy":null,"normalized_ads_buy":null,"normalized_prize_rent":null,"normalized_ads_rent":null,"date":"2018-12-06T20:56:52.000Z","fill-opacity":null,"fill":"#ff0000"},"bbox":[-3.70755,40.2799,-3.71292,40.2849],"geometry":{"type":"Polygon","coordinates":[[[-3.70755,40.2849],[-3.71292,40.2849],[-3.71292,40.2799],[-3.70755,40.2799],[-3.70755,40.2849]]]}}]}