{"type":"FeatureCollection","features":[{"type":"Feature","properties":{"name":"Getafe--piece--0-0--gCloud","number_of_ads_buy":26,"average_prize_buy":1792.08,"number_of_ads_rent":2,"average_prize_rent":9.58974,"normalized_prize_buy":0.5944412932501417,"normalized_ads_buy":0.8666666666666667,"normalized_prize_rent":null,"normalized_ads_rent":0.06666666666666667,"date":"2018-12-07T10:40:44.000Z","fill-opacity":0.4755530346001134,"fill":"#ff0000"},"bbox":[-3.75589,40.325,-3.76126,40.33],"geometry":{"type":"Polygon","coordinates":[[[-3.75589,40.33],[-3.76126,40.33],[-3.76126,40.325],[-3.75589,40.325],[-3.75589,40.33]]]}},{"type":"Feature","properties":{"name":"Getafe--piece--0-1--gCloud","number_of_ads_buy":2,"average_prize_buy":1975.78,"number_of_ads_rent":0,"average_prize_rent":0,"normalized_prize_buy":0.6553754399233098,"normalized_ads_buy":0.06666666666666667,"normalized_prize_rent":null,"normalized_ads_rent":0,"date":"2018-12-07T10:40:56.000Z","fill-opacity":0.5243003519386479,"fill":"#ff0000"},"bbox":[-3.75589,40.32,-3.76126,40.325],"geometry":{"type":"Polygon","coordinates":[[[-3.75589,40.325],[-3.76126,40.325],[-3.76126,40.32],[-3.75589,40.32],[-3.75589,40.325]]]}},{"type":"Feature","properties":{"name":"Getafe--piece--0-2--gCloud","number_of_ads_buy":6,"average_prize_buy":2025,"number_of_ads_rent":1,"average_prize_rent":9.72222,"normalized_prize_buy":0.671701943457623,"normalized_ads_buy":0.2,"normalized_prize_rent":null,"normalized_ads_rent":0.03333333333333333,"date":"2018-12-07T10:41:10.000Z","fill-opacity":0.5373615547660985,"fill":"#ff0000"},"bbox":[-3.75589,40.315,-3.76126,40.32],"geometry":{"type":"Polygon","coordinates":[[[-3.75589,40.32],[-3.76126,40.32],[-3.76126,40.315],[-3.75589,40.315],[-3.75589,40.32]]]}},{"type":"Feature","properties":{"name":"Getafe--piece--0-3--gCloud","number_of_ads_buy":1,"average_prize_buy":1319.62,"number_of_ads_rent":0,"average_prize_rent":0,"normalized_prize_buy":0.4377241079632338,"normalized_ads_buy":0.03333333333333333,"normalized_prize_rent":null,"normalized_ads_rent":0,"date":"2018-12-07T10:41:17.000Z","fill-opacity":0.35017928637058704,"fill":"#ff0000"},"bbox":[-3.75589,40.31,-3.76126,40.315],"geometry":{"type":"Polygon","coordinates":[[[-3.75589,40.315],[-3.76126,40.315],[-3.76126,40.31],[-3.75589,40.31],[-3.75589,40.315]]]}},{"type":"Feature","properties":{"name":"Getafe--piece--0-4--gCloud","number_of_ads_buy":0,"average_prize_buy":0,"number_of_ads_rent":0,"average_prize_rent":0,"normalized_prize_buy":0,"normalized_ads_buy":0,"normalized_prize_rent":null,"normalized_ads_rent":0,"date":"2018-12-07T10:41:22.000Z","fill-opacity":0,"fill":"#ff0000"},"bbox":[-3.75589,40.305,-3.76126,40.31],"geometry":{"type":"Polygon","coordinates":[[[-3.75589,40.31],[-3.76126,40.31],[-3.76126,40.305],[-3.75589,40.305],[-3.75589,40.31]]]}},{"type":"Feature","properties":{"name":"Getafe--piece--0-5--gCloud","number_of_ads_buy":0,"average_prize_buy":0,"number_of_ads_rent":0,"average_prize_rent":0,"normalized_prize_buy":0,"normalized_ads_buy":0,"normalized_prize_rent":null,"normalized_ads_rent":0,"date":"2018-12-07T10:41:32.000Z","fill-opacity":0,"fill":"#ff0000"},"bbox":[-3.75589,40.2999,-3.76126,40.305],"geometry":{"type":"Polygon","coordinates":[[[-3.75589,40.305],[-3.76126,40.305],[-3.76126,40.2999],[-3.75589,40.2999],[-3.75589,40.305]]]}},{"type":"Feature","properties":{"name":"Getafe--piece--0-6--gCloud","number_of_ads_buy":1,"average_prize_buy":2440.7,"number_of_ads_rent":0,"average_prize_rent":0,"normalized_prize_buy":0.8095915720479113,"normalized_ads_buy":0.03333333333333333,"normalized_prize_rent":null,"normalized_ads_rent":0,"date":"2018-12-07T10:41:40.000Z","fill-opacity":0.6476732576383291,"fill":"#ff0000"},"bbox":[-3.75589,40.2949,-3.76126,40.2999],"geometry":{"type":"Polygon","coordinates":[[[-3.75589,40.2999],[-3.76126,40.2999],[-3.76126,40.2949],[-3.75589,40.2949],[-3.75589,40.2999]]]}},{"type":"Feature","properties":{"name":"Getafe--piece--0-7--gCloud","number_of_ads_buy":6,"average_prize_buy":1753.79,"number_of_ads_rent":0,"average_prize_rent":0,"normalized_prize_buy":0.5817403216871826,"normalized_ads_buy":0.2,"normalized_prize_rent":null,"normalized_ads_rent":0,"date":"2018-12-07T10:41:46.000Z","fill-opacity":0.4653922573497461,"fill":"#ff0000"},"bbox":[-3.75589,40.2899,-3.76126,40.2949],"geometry":{"type":"Polygon","coordinates":[[[-3.75589,40.2949],[-3.76126,40.2949],[-3.76126,40.2899],[-3.75589,40.2899],[-3.75589,40.2949]]]}},{"type":"Feature","properties":{"name":"Getafe--piece--0-8--gCloud","number_of_ads_buy":3,"average_prize_buy":2076.19,"number_of_ads_rent":0,"average_prize_rent":0,"normalized_prize_buy":0.6886819051789049,"normalized_ads_buy":0.1,"normalized_prize_rent":null,"normalized_ads_rent":0,"date":"2018-12-07T10:41:54.000Z","fill-opacity":0.5509455241431239,"fill":"#ff0000"},"bbox":[-3.75589,40.2849,-3.76126,40.2899],"geometry":{"type":"Polygon","coordinates":[[[-3.75589,40.2899],[-3.76126,40.2899],[-3.76126,40.2849],[-3.75589,40.2849],[-3.75589,40.2899]]]}},{"type":"Feature","properties":{"name":"Getafe--piece--0-9--gCloud","number_of_ads_buy":0,"average_prize_buy":0,"number_of_ads_rent":0,"average_prize_rent":0,"normalized_prize_buy":0,"normalized_ads_buy":0,"normalized_prize_rent":null,"normalized_ads_rent":0,"date":"2018-12-07T10:42:03.000Z","fill-opacity":0,"fill":"#ff0000"},"bbox":[-3.75589,40.2799,-3.76126,40.2849],"geometry":{"type":"Polygon","coordinates":[[[-3.75589,40.2849],[-3.76126,40.2849],[-3.76126,40.2799],[-3.75589,40.2799],[-3.75589,40.2849]]]}},{"type":"Feature","properties":{"name":"Getafe--piece--1-0--gCloud","number_of_ads_buy":11,"average_prize_buy":1969.45,"number_of_ads_rent":1,"average_prize_rent":15,"normalized_prize_buy":0.6532757494037609,"normalized_ads_buy":0.36666666666666664,"normalized_prize_rent":null,"normalized_ads_rent":0.03333333333333333,"date":"2018-12-07T10:42:11.000Z","fill-opacity":0.5226205995230088,"fill":"#ff0000"},"bbox":[-3.75052,40.325,-3.75589,40.33],"geometry":{"type":"Polygon","coordinates":[[[-3.75052,40.33],[-3.75589,40.33],[-3.75589,40.325],[-3.75052,40.325],[-3.75052,40.33]]]}},{"type":"Feature","properties":{"name":"Getafe--piece--1-1--gCloud","number_of_ads_buy":5,"average_prize_buy":2799.51,"number_of_ads_rent":1,"average_prize_rent":7.77778,"normalized_prize_buy":0.9286105223353336,"normalized_ads_buy":0.16666666666666666,"normalized_prize_rent":null,"normalized_ads_rent":0.03333333333333333,"date":"2018-12-07T10:42:20.000Z","fill-opacity":0.7428884178682669,"fill":"#ff0000"},"bbox":[-3.75052,40.32,-3.75589,40.325],"geometry":{"type":"Polygon","coordinates":[[[-3.75052,40.325],[-3.75589,40.325],[-3.75589,40.32],[-3.75052,40.32],[-3.75052,40.325]]]}},{"type":"Feature","properties":{"name":"Getafe--piece--1-2--gCloud","number_of_ads_buy":17,"average_prize_buy":2425.31,"number_of_ads_rent":0,"average_prize_rent":0,"normalized_prize_buy":0.8044866372776335,"normalized_ads_buy":0.5666666666666667,"normalized_prize_rent":null,"normalized_ads_rent":0,"date":"2018-12-07T10:42:29.000Z","fill-opacity":0.6435893098221068,"fill":"#ff0000"},"bbox":[-3.75052,40.315,-3.75589,40.32],"geometry":{"type":"Polygon","coordinates":[[[-3.75052,40.32],[-3.75589,40.32],[-3.75589,40.315],[-3.75052,40.315],[-3.75052,40.32]]]}},{"type":"Feature","properties":{"name":"Getafe--piece--1-3--gCloud","number_of_ads_buy":0,"average_prize_buy":0,"number_of_ads_rent":0,"average_prize_rent":0,"normalized_prize_buy":0,"normalized_ads_buy":0,"normalized_prize_rent":null,"normalized_ads_rent":0,"date":"2018-12-07T10:42:35.000Z","fill-opacity":0,"fill":"#ff0000"},"bbox":[-3.75052,40.31,-3.75589,40.315],"geometry":{"type":"Polygon","coordinates":[[[-3.75052,40.315],[-3.75589,40.315],[-3.75589,40.31],[-3.75052,40.31],[-3.75052,40.315]]]}},{"type":"Feature","properties":{"name":"Getafe--piece--1-4--gCloud","number_of_ads_buy":0,"average_prize_buy":0,"number_of_ads_rent":0,"average_prize_rent":0,"normalized_prize_buy":0,"normalized_ads_buy":0,"normalized_prize_rent":null,"normalized_ads_rent":0,"date":"2018-12-07T10:42:43.000Z","fill-opacity":0,"fill":"#ff0000"},"bbox":[-3.75052,40.305,-3.75589,40.31],"geometry":{"type":"Polygon","coordinates":[[[-3.75052,40.31],[-3.75589,40.31],[-3.75589,40.305],[-3.75052,40.305],[-3.75052,40.31]]]}},{"type":"Feature","properties":{"name":"Getafe--piece--1-5--gCloud","number_of_ads_buy":1,"average_prize_buy":2123,"number_of_ads_rent":1,"average_prize_rent":10.7143,"normalized_prize_buy":0.7042090004743377,"normalized_ads_buy":0.03333333333333333,"normalized_prize_rent":null,"normalized_ads_rent":0.03333333333333333,"date":"2018-12-07T10:42:49.000Z","fill-opacity":0.5633672003794702,"fill":"#ff0000"},"bbox":[-3.75052,40.2999,-3.75589,40.305],"geometry":{"type":"Polygon","coordinates":[[[-3.75052,40.305],[-3.75589,40.305],[-3.75589,40.2999],[-3.75052,40.2999],[-3.75052,40.305]]]}},{"type":"Feature","properties":{"name":"Getafe--piece--1-6--gCloud","number_of_ads_buy":7,"average_prize_buy":2423.51,"number_of_ads_rent":0,"average_prize_rent":0,"normalized_prize_buy":0.803889568883449,"normalized_ads_buy":0.23333333333333334,"normalized_prize_rent":null,"normalized_ads_rent":0,"date":"2018-12-07T10:42:57.000Z","fill-opacity":0.6431116551067593,"fill":"#ff0000"},"bbox":[-3.75052,40.2949,-3.75589,40.2999],"geometry":{"type":"Polygon","coordinates":[[[-3.75052,40.2999],[-3.75589,40.2999],[-3.75589,40.2949],[-3.75052,40.2949],[-3.75052,40.2999]]]}},{"type":"Feature","properties":{"name":"Getafe--piece--1-7--gCloud","number_of_ads_buy":1,"average_prize_buy":1972.48,"number_of_ads_rent":0,"average_prize_rent":0,"normalized_prize_buy":0.6542808145339716,"normalized_ads_buy":0.03333333333333333,"normalized_prize_rent":null,"normalized_ads_rent":0,"date":"2018-12-07T10:43:05.000Z","fill-opacity":0.5234246516271773,"fill":"#ff0000"},"bbox":[-3.75052,40.2899,-3.75589,40.2949],"geometry":{"type":"Polygon","coordinates":[[[-3.75052,40.2949],[-3.75589,40.2949],[-3.75589,40.2899],[-3.75052,40.2899],[-3.75052,40.2949]]]}},{"type":"Feature","properties":{"name":"Getafe--piece--1-8--gCloud","number_of_ads_buy":8,"average_prize_buy":1513.14,"number_of_ads_rent":0,"average_prize_rent":0,"normalized_prize_buy":0.5019155944313421,"normalized_ads_buy":0.26666666666666666,"normalized_prize_rent":null,"normalized_ads_rent":0,"date":"2018-12-07T10:43:14.000Z","fill-opacity":0.40153247554507376,"fill":"#ff0000"},"bbox":[-3.75052,40.2849,-3.75589,40.2899],"geometry":{"type":"Polygon","coordinates":[[[-3.75052,40.2899],[-3.75589,40.2899],[-3.75589,40.2849],[-3.75052,40.2849],[-3.75052,40.2899]]]}},{"type":"Feature","properties":{"name":"Getafe--piece--1-9--gCloud","number_of_ads_buy":10,"average_prize_buy":1790.56,"number_of_ads_rent":1,"average_prize_rent":6.04167,"normalized_prize_buy":0.5939371021617192,"normalized_ads_buy":0.3333333333333333,"normalized_prize_rent":null,"normalized_ads_rent":0.03333333333333333,"date":"2018-12-07T10:43:23.000Z","fill-opacity":0.47514968172937544,"fill":"#ff0000"},"bbox":[-3.75052,40.2799,-3.75589,40.2849],"geometry":{"type":"Polygon","coordinates":[[[-3.75052,40.2849],[-3.75589,40.2849],[-3.75589,40.2799],[-3.75052,40.2799],[-3.75052,40.2849]]]}},{"type":"Feature","properties":{"name":"Getafe--piece--2-0--gCloud","number_of_ads_buy":0,"average_prize_buy":0,"number_of_ads_rent":0,"average_prize_rent":0,"normalized_prize_buy":0,"normalized_ads_buy":0,"normalized_prize_rent":null,"normalized_ads_rent":0,"date":"2018-12-07T10:43:28.000Z","fill-opacity":0,"fill":"#ff0000"},"bbox":[-3.74514,40.325,-3.75052,40.33],"geometry":{"type":"Polygon","coordinates":[[[-3.74514,40.33],[-3.75052,40.33],[-3.75052,40.325],[-3.74514,40.325],[-3.74514,40.33]]]}},{"type":"Feature","properties":{"name":"Getafe--piece--2-1--gCloud","number_of_ads_buy":0,"average_prize_buy":0,"number_of_ads_rent":0,"average_prize_rent":0,"normalized_prize_buy":0,"normalized_ads_buy":0,"normalized_prize_rent":null,"normalized_ads_rent":0,"date":"2018-12-07T10:43:39.000Z","fill-opacity":0,"fill":"#ff0000"},"bbox":[-3.74514,40.32,-3.75052,40.325],"geometry":{"type":"Polygon","coordinates":[[[-3.74514,40.325],[-3.75052,40.325],[-3.75052,40.32],[-3.74514,40.32],[-3.74514,40.325]]]}},{"type":"Feature","properties":{"name":"Getafe--piece--2-2--gCloud","number_of_ads_buy":0,"average_prize_buy":0,"number_of_ads_rent":0,"average_prize_rent":0,"normalized_prize_buy":0,"normalized_ads_buy":0,"normalized_prize_rent":null,"normalized_ads_rent":0,"date":"2018-12-07T10:43:45.000Z","fill-opacity":0,"fill":"#ff0000"},"bbox":[-3.74514,40.315,-3.75052,40.32],"geometry":{"type":"Polygon","coordinates":[[[-3.74514,40.32],[-3.75052,40.32],[-3.75052,40.315],[-3.74514,40.315],[-3.74514,40.32]]]}},{"type":"Feature","properties":{"name":"Getafe--piece--2-3--gCloud","number_of_ads_buy":0,"average_prize_buy":0,"number_of_ads_rent":0,"average_prize_rent":0,"normalized_prize_buy":0,"normalized_ads_buy":0,"normalized_prize_rent":null,"normalized_ads_rent":0,"date":"2018-12-07T10:43:54.000Z","fill-opacity":0,"fill":"#ff0000"},"bbox":[-3.74514,40.31,-3.75052,40.315],"geometry":{"type":"Polygon","coordinates":[[[-3.74514,40.315],[-3.75052,40.315],[-3.75052,40.31],[-3.74514,40.31],[-3.74514,40.315]]]}},{"type":"Feature","properties":{"name":"Getafe--piece--2-4--gCloud","number_of_ads_buy":0,"average_prize_buy":0,"number_of_ads_rent":1,"average_prize_rent":9.86667,"normalized_prize_buy":0,"normalized_ads_buy":0,"normalized_prize_rent":null,"normalized_ads_rent":0.03333333333333333,"date":"2018-12-07T10:44:02.000Z","fill-opacity":0,"fill":"#ff0000"},"bbox":[-3.74514,40.305,-3.75052,40.31],"geometry":{"type":"Polygon","coordinates":[[[-3.74514,40.31],[-3.75052,40.31],[-3.75052,40.305],[-3.74514,40.305],[-3.74514,40.31]]]}},{"type":"Feature","properties":{"name":"Getafe--piece--2-5--gCloud","number_of_ads_buy":0,"average_prize_buy":0,"number_of_ads_rent":2,"average_prize_rent":7.95172,"normalized_prize_buy":0,"normalized_ads_buy":0,"normalized_prize_rent":null,"normalized_ads_rent":0.06666666666666667,"date":"2018-12-07T10:44:14.000Z","fill-opacity":0,"fill":"#ff0000"},"bbox":[-3.74514,40.2999,-3.75052,40.305],"geometry":{"type":"Polygon","coordinates":[[[-3.74514,40.305],[-3.75052,40.305],[-3.75052,40.2999],[-3.74514,40.2999],[-3.74514,40.305]]]}},{"type":"Feature","properties":{"name":"Getafe--piece--2-6--gCloud","number_of_ads_buy":2,"average_prize_buy":1236.4,"number_of_ads_rent":0,"average_prize_rent":0,"normalized_prize_buy":0.41011964587210137,"normalized_ads_buy":0.06666666666666667,"normalized_prize_rent":null,"normalized_ads_rent":0,"date":"2018-12-07T10:44:20.000Z","fill-opacity":0.3280957166976811,"fill":"#ff0000"},"bbox":[-3.74514,40.2949,-3.75052,40.2999],"geometry":{"type":"Polygon","coordinates":[[[-3.74514,40.2999],[-3.75052,40.2999],[-3.75052,40.2949],[-3.74514,40.2949],[-3.74514,40.2999]]]}},{"type":"Feature","properties":{"name":"Getafe--piece--2-7--gCloud","number_of_ads_buy":0,"average_prize_buy":0,"number_of_ads_rent":0,"average_prize_rent":0,"normalized_prize_buy":0,"normalized_ads_buy":0,"normalized_prize_rent":null,"normalized_ads_rent":0,"date":"2018-12-07T10:44:28.000Z","fill-opacity":0,"fill":"#ff0000"},"bbox":[-3.74514,40.2899,-3.75052,40.2949],"geometry":{"type":"Polygon","coordinates":[[[-3.74514,40.2949],[-3.75052,40.2949],[-3.75052,40.2899],[-3.74514,40.2899],[-3.74514,40.2949]]]}},{"type":"Feature","properties":{"name":"Getafe--piece--2-8--gCloud","number_of_ads_buy":1,"average_prize_buy":1836.16,"number_of_ads_rent":0,"average_prize_rent":0,"normalized_prize_buy":0.6090628348143947,"normalized_ads_buy":0.03333333333333333,"normalized_prize_rent":null,"normalized_ads_rent":0,"date":"2018-12-07T10:44:37.000Z","fill-opacity":0.4872502678515158,"fill":"#ff0000"},"bbox":[-3.74514,40.2849,-3.75052,40.2899],"geometry":{"type":"Polygon","coordinates":[[[-3.74514,40.2899],[-3.75052,40.2899],[-3.75052,40.2849],[-3.74514,40.2849],[-3.74514,40.2899]]]}},{"type":"Feature","properties":{"name":"Getafe--piece--2-9--gCloud","number_of_ads_buy":6,"average_prize_buy":1745.44,"number_of_ads_rent":1,"average_prize_rent":4.10959,"normalized_prize_buy":0.5789705877474931,"normalized_ads_buy":0.2,"normalized_prize_rent":null,"normalized_ads_rent":0.03333333333333333,"date":"2018-12-07T10:44:46.000Z","fill-opacity":0.4631764701979945,"fill":"#ff0000"},"bbox":[-3.74514,40.2799,-3.75052,40.2849],"geometry":{"type":"Polygon","coordinates":[[[-3.74514,40.2849],[-3.75052,40.2849],[-3.75052,40.2799],[-3.74514,40.2799],[-3.74514,40.2849]]]}},{"type":"Feature","properties":{"name":"Getafe--piece--3-0--gCloud","number_of_ads_buy":0,"average_prize_buy":0,"number_of_ads_rent":0,"average_prize_rent":0,"normalized_prize_buy":0,"normalized_ads_buy":0,"normalized_prize_rent":null,"normalized_ads_rent":0,"date":"2018-12-07T10:44:55.000Z","fill-opacity":0,"fill":"#ff0000"},"bbox":[-3.73977,40.325,-3.74514,40.33],"geometry":{"type":"Polygon","coordinates":[[[-3.73977,40.33],[-3.74514,40.33],[-3.74514,40.325],[-3.73977,40.325],[-3.73977,40.33]]]}},{"type":"Feature","properties":{"name":"Getafe--piece--3-1--gCloud","number_of_ads_buy":2,"average_prize_buy":2016.38,"number_of_ads_rent":0,"average_prize_rent":0,"normalized_prize_buy":0.668842649258806,"normalized_ads_buy":0.06666666666666667,"normalized_prize_rent":null,"normalized_ads_rent":0,"date":"2018-12-07T10:45:00.000Z","fill-opacity":0.5350741194070449,"fill":"#ff0000"},"bbox":[-3.73977,40.32,-3.74514,40.325],"geometry":{"type":"Polygon","coordinates":[[[-3.73977,40.325],[-3.74514,40.325],[-3.74514,40.32],[-3.73977,40.32],[-3.73977,40.325]]]}},{"type":"Feature","properties":{"name":"Getafe--piece--3-2--gCloud","number_of_ads_buy":12,"average_prize_buy":1606.13,"number_of_ads_rent":0,"average_prize_rent":0,"normalized_prize_buy":0.5327608110842431,"normalized_ads_buy":0.4,"normalized_prize_rent":null,"normalized_ads_rent":0,"date":"2018-12-07T10:45:09.000Z","fill-opacity":0.4262086488673945,"fill":"#ff0000"},"bbox":[-3.73977,40.315,-3.74514,40.32],"geometry":{"type":"Polygon","coordinates":[[[-3.73977,40.32],[-3.74514,40.32],[-3.74514,40.315],[-3.73977,40.315],[-3.73977,40.32]]]}},{"type":"Feature","properties":{"name":"Getafe--piece--3-3--gCloud","number_of_ads_buy":0,"average_prize_buy":0,"number_of_ads_rent":0,"average_prize_rent":0,"normalized_prize_buy":0,"normalized_ads_buy":0,"normalized_prize_rent":null,"normalized_ads_rent":0,"date":"2018-12-07T10:45:14.000Z","fill-opacity":0,"fill":"#ff0000"},"bbox":[-3.73977,40.31,-3.74514,40.315],"geometry":{"type":"Polygon","coordinates":[[[-3.73977,40.315],[-3.74514,40.315],[-3.74514,40.31],[-3.73977,40.31],[-3.73977,40.315]]]}},{"type":"Feature","properties":{"name":"Getafe--piece--3-4--gCloud","number_of_ads_buy":2,"average_prize_buy":2250.44,"number_of_ads_rent":0,"average_prize_rent":0,"normalized_prize_buy":0.7464814427826041,"normalized_ads_buy":0.06666666666666667,"normalized_prize_rent":null,"normalized_ads_rent":0,"date":"2018-12-07T10:45:22.000Z","fill-opacity":0.5971851542260833,"fill":"#ff0000"},"bbox":[-3.73977,40.305,-3.74514,40.31],"geometry":{"type":"Polygon","coordinates":[[[-3.73977,40.31],[-3.74514,40.31],[-3.74514,40.305],[-3.73977,40.305],[-3.73977,40.31]]]}},{"type":"Feature","properties":{"name":"Getafe--piece--3-5--gCloud","number_of_ads_buy":1,"average_prize_buy":1250,"number_of_ads_rent":0,"average_prize_rent":0,"normalized_prize_buy":0.41463082929482903,"normalized_ads_buy":0.03333333333333333,"normalized_prize_rent":null,"normalized_ads_rent":0,"date":"2018-12-07T10:45:27.000Z","fill-opacity":0.33170466343586325,"fill":"#ff0000"},"bbox":[-3.73977,40.2999,-3.74514,40.305],"geometry":{"type":"Polygon","coordinates":[[[-3.73977,40.305],[-3.74514,40.305],[-3.74514,40.2999],[-3.73977,40.2999],[-3.73977,40.305]]]}},{"type":"Feature","properties":{"name":"Getafe--piece--3-6--gCloud","number_of_ads_buy":5,"average_prize_buy":1594.46,"number_of_ads_rent":0,"average_prize_rent":0,"normalized_prize_buy":0.5288898176619465,"normalized_ads_buy":0.16666666666666666,"normalized_prize_rent":null,"normalized_ads_rent":0,"date":"2018-12-07T10:45:33.000Z","fill-opacity":0.42311185412955726,"fill":"#ff0000"},"bbox":[-3.73977,40.2949,-3.74514,40.2999],"geometry":{"type":"Polygon","coordinates":[[[-3.73977,40.2999],[-3.74514,40.2999],[-3.74514,40.2949],[-3.73977,40.2949],[-3.73977,40.2999]]]}},{"type":"Feature","properties":{"name":"Getafe--piece--3-7--gCloud","number_of_ads_buy":8,"average_prize_buy":1698.7,"number_of_ads_rent":0,"average_prize_rent":0,"normalized_prize_buy":0.5634667117785009,"normalized_ads_buy":0.26666666666666666,"normalized_prize_rent":null,"normalized_ads_rent":0,"date":"2018-12-07T10:45:42.000Z","fill-opacity":0.4507733694228008,"fill":"#ff0000"},"bbox":[-3.73977,40.2899,-3.74514,40.2949],"geometry":{"type":"Polygon","coordinates":[[[-3.73977,40.2949],[-3.74514,40.2949],[-3.74514,40.2899],[-3.73977,40.2899],[-3.73977,40.2949]]]}},{"type":"Feature","properties":{"name":"Getafe--piece--3-8--gCloud","number_of_ads_buy":3,"average_prize_buy":1834.44,"number_of_ads_rent":1,"average_prize_rent":6.66667,"normalized_prize_buy":0.608492302793285,"normalized_ads_buy":0.1,"normalized_prize_rent":null,"normalized_ads_rent":0.03333333333333333,"date":"2018-12-07T10:45:48.000Z","fill-opacity":0.48679384223462807,"fill":"#ff0000"},"bbox":[-3.73977,40.2849,-3.74514,40.2899],"geometry":{"type":"Polygon","coordinates":[[[-3.73977,40.2899],[-3.74514,40.2899],[-3.74514,40.2849],[-3.73977,40.2849],[-3.73977,40.2899]]]}},{"type":"Feature","properties":{"name":"Getafe--piece--3-9--gCloud","number_of_ads_buy":0,"average_prize_buy":0,"number_of_ads_rent":0,"average_prize_rent":0,"normalized_prize_buy":0,"normalized_ads_buy":0,"normalized_prize_rent":null,"normalized_ads_rent":0,"date":"2018-12-07T10:45:59.000Z","fill-opacity":0,"fill":"#ff0000"},"bbox":[-3.73977,40.2799,-3.74514,40.2849],"geometry":{"type":"Polygon","coordinates":[[[-3.73977,40.2849],[-3.74514,40.2849],[-3.74514,40.2799],[-3.73977,40.2799],[-3.73977,40.2849]]]}},{"type":"Feature","properties":{"name":"Getafe--piece--4-0--gCloud","number_of_ads_buy":1,"average_prize_buy":1909.09,"number_of_ads_rent":0,"average_prize_rent":0,"normalized_prize_buy":0.6332540559187722,"normalized_ads_buy":0.03333333333333333,"normalized_prize_rent":null,"normalized_ads_rent":0,"date":"2018-12-07T10:46:07.000Z","fill-opacity":0.5066032447350177,"fill":"#ff0000"},"bbox":[-3.7344,40.325,-3.73977,40.33],"geometry":{"type":"Polygon","coordinates":[[[-3.7344,40.33],[-3.73977,40.33],[-3.73977,40.325],[-3.7344,40.325],[-3.7344,40.33]]]}},{"type":"Feature","properties":{"name":"Getafe--piece--4-1--gCloud","number_of_ads_buy":11,"average_prize_buy":1927.76,"number_of_ads_rent":3,"average_prize_rent":11.1376,"normalized_prize_buy":0.6394469819851197,"normalized_ads_buy":0.36666666666666664,"normalized_prize_rent":null,"normalized_ads_rent":0.1,"date":"2018-12-07T10:46:14.000Z","fill-opacity":0.5115575855880958,"fill":"#ff0000"},"bbox":[-3.7344,40.32,-3.73977,40.325],"geometry":{"type":"Polygon","coordinates":[[[-3.7344,40.325],[-3.73977,40.325],[-3.73977,40.32],[-3.7344,40.32],[-3.7344,40.325]]]}},{"type":"Feature","properties":{"name":"Getafe--piece--4-2--gCloud","number_of_ads_buy":4,"average_prize_buy":2582.76,"number_of_ads_rent":1,"average_prize_rent":10.5556,"normalized_prize_buy":0.8567135365356102,"normalized_ads_buy":0.13333333333333333,"normalized_prize_rent":null,"normalized_ads_rent":0.03333333333333333,"date":"2018-12-07T10:46:25.000Z","fill-opacity":0.6853708292284882,"fill":"#ff0000"},"bbox":[-3.7344,40.315,-3.73977,40.32],"geometry":{"type":"Polygon","coordinates":[[[-3.7344,40.32],[-3.73977,40.32],[-3.73977,40.315],[-3.7344,40.315],[-3.7344,40.32]]]}},{"type":"Feature","properties":{"name":"Getafe--piece--4-3--gCloud","number_of_ads_buy":4,"average_prize_buy":1805.51,"number_of_ads_rent":1,"average_prize_rent":10.2632,"normalized_prize_buy":0.5988960868800854,"normalized_ads_buy":0.13333333333333333,"normalized_prize_rent":null,"normalized_ads_rent":0.03333333333333333,"date":"2018-12-07T10:46:31.000Z","fill-opacity":0.4791168695040684,"fill":"#ff0000"},"bbox":[-3.7344,40.31,-3.73977,40.315],"geometry":{"type":"Polygon","coordinates":[[[-3.7344,40.315],[-3.73977,40.315],[-3.73977,40.31],[-3.7344,40.31],[-3.7344,40.315]]]}},{"type":"Feature","properties":{"name":"Getafe--piece--4-4--gCloud","number_of_ads_buy":30,"average_prize_buy":1906.3,"number_of_ads_rent":0,"average_prize_rent":0,"normalized_prize_buy":0.6323285999077861,"normalized_ads_buy":1,"normalized_prize_rent":null,"normalized_ads_rent":0,"date":"2018-12-07T10:46:41.000Z","fill-opacity":0.5058628799262289,"fill":"#ff0000"},"bbox":[-3.7344,40.305,-3.73977,40.31],"geometry":{"type":"Polygon","coordinates":[[[-3.7344,40.31],[-3.73977,40.31],[-3.73977,40.305],[-3.7344,40.305],[-3.7344,40.31]]]}},{"type":"Feature","properties":{"name":"Getafe--piece--4-5--gCloud","number_of_ads_buy":30,"average_prize_buy":1835.07,"number_of_ads_rent":3,"average_prize_rent":12.4815,"normalized_prize_buy":0.6087012767312495,"normalized_ads_buy":1,"normalized_prize_rent":null,"normalized_ads_rent":0.1,"date":"2018-12-07T10:46:48.000Z","fill-opacity":0.48696102138499964,"fill":"#ff0000"},"bbox":[-3.7344,40.2999,-3.73977,40.305],"geometry":{"type":"Polygon","coordinates":[[[-3.7344,40.305],[-3.73977,40.305],[-3.73977,40.2999],[-3.7344,40.2999],[-3.7344,40.305]]]}},{"type":"Feature","properties":{"name":"Getafe--piece--4-6--gCloud","number_of_ads_buy":5,"average_prize_buy":1544.47,"number_of_ads_rent":0,"average_prize_rent":0,"normalized_prize_buy":0.5123079015367877,"normalized_ads_buy":0.16666666666666666,"normalized_prize_rent":null,"normalized_ads_rent":0,"date":"2018-12-07T10:46:54.000Z","fill-opacity":0.4098463212294302,"fill":"#ff0000"},"bbox":[-3.7344,40.2949,-3.73977,40.2999],"geometry":{"type":"Polygon","coordinates":[[[-3.7344,40.2999],[-3.73977,40.2999],[-3.73977,40.2949],[-3.7344,40.2949],[-3.7344,40.2999]]]}},{"type":"Feature","properties":{"name":"Getafe--piece--4-7--gCloud","number_of_ads_buy":1,"average_prize_buy":1875,"number_of_ads_rent":0,"average_prize_rent":0,"normalized_prize_buy":0.6219462439422436,"normalized_ads_buy":0.03333333333333333,"normalized_prize_rent":null,"normalized_ads_rent":0,"date":"2018-12-07T10:47:00.000Z","fill-opacity":0.4975569951537949,"fill":"#ff0000"},"bbox":[-3.7344,40.2899,-3.73977,40.2949],"geometry":{"type":"Polygon","coordinates":[[[-3.7344,40.2949],[-3.73977,40.2949],[-3.73977,40.2899],[-3.7344,40.2899],[-3.7344,40.2949]]]}},{"type":"Feature","properties":{"name":"Getafe--piece--4-8--gCloud","number_of_ads_buy":0,"average_prize_buy":0,"number_of_ads_rent":0,"average_prize_rent":0,"normalized_prize_buy":0,"normalized_ads_buy":0,"normalized_prize_rent":null,"normalized_ads_rent":0,"date":"2018-12-07T10:47:05.000Z","fill-opacity":0,"fill":"#ff0000"},"bbox":[-3.7344,40.2849,-3.73977,40.2899],"geometry":{"type":"Polygon","coordinates":[[[-3.7344,40.2899],[-3.73977,40.2899],[-3.73977,40.2849],[-3.7344,40.2849],[-3.7344,40.2899]]]}},{"type":"Feature","properties":{"name":"Getafe--piece--4-9--gCloud","number_of_ads_buy":0,"average_prize_buy":0,"number_of_ads_rent":0,"average_prize_rent":0,"normalized_prize_buy":0,"normalized_ads_buy":0,"normalized_prize_rent":null,"normalized_ads_rent":0,"date":"2018-12-07T10:47:13.000Z","fill-opacity":0,"fill":"#ff0000"},"bbox":[-3.7344,40.2799,-3.73977,40.2849],"geometry":{"type":"Polygon","coordinates":[[[-3.7344,40.2849],[-3.73977,40.2849],[-3.73977,40.2799],[-3.7344,40.2799],[-3.7344,40.2849]]]}},{"type":"Feature","properties":{"name":"Getafe--piece--5-0--gCloud","number_of_ads_buy":23,"average_prize_buy":2884.02,"number_of_ads_rent":3,"average_prize_rent":10.3172,"normalized_prize_buy":0.9566428834422983,"normalized_ads_buy":0.7666666666666667,"normalized_prize_rent":null,"normalized_ads_rent":0.1,"date":"2018-12-07T10:47:23.000Z","fill-opacity":0.7653143067538387,"fill":"#ff0000"},"bbox":[-3.72903,40.325,-3.7344,40.33],"geometry":{"type":"Polygon","coordinates":[[[-3.72903,40.33],[-3.7344,40.33],[-3.7344,40.325],[-3.72903,40.325],[-3.72903,40.33]]]}},{"type":"Feature","properties":{"name":"Getafe--piece--5-1--gCloud","number_of_ads_buy":4,"average_prize_buy":2642.3,"number_of_ads_rent":2,"average_prize_rent":8.12381,"normalized_prize_buy":0.8764632321965815,"normalized_ads_buy":0.13333333333333333,"normalized_prize_rent":null,"normalized_ads_rent":0.06666666666666667,"date":"2018-12-07T10:47:32.000Z","fill-opacity":0.7011705857572652,"fill":"#ff0000"},"bbox":[-3.72903,40.32,-3.7344,40.325],"geometry":{"type":"Polygon","coordinates":[[[-3.72903,40.325],[-3.7344,40.325],[-3.7344,40.32],[-3.72903,40.32],[-3.72903,40.325]]]}},{"type":"Feature","properties":{"name":"Getafe--piece--5-2--gCloud","number_of_ads_buy":7,"average_prize_buy":2546.69,"number_of_ads_rent":2,"average_prize_rent":8.82353,"normalized_prize_buy":0.8447489493254786,"normalized_ads_buy":0.23333333333333334,"normalized_prize_rent":null,"normalized_ads_rent":0.06666666666666667,"date":"2018-12-07T10:47:40.000Z","fill-opacity":0.6757991594603829,"fill":"#ff0000"},"bbox":[-3.72903,40.315,-3.7344,40.32],"geometry":{"type":"Polygon","coordinates":[[[-3.72903,40.32],[-3.7344,40.32],[-3.7344,40.315],[-3.72903,40.315],[-3.72903,40.32]]]}},{"type":"Feature","properties":{"name":"Getafe--piece--5-3--gCloud","number_of_ads_buy":15,"average_prize_buy":2118.1,"number_of_ads_rent":4,"average_prize_rent":9.96978,"normalized_prize_buy":0.7025836476235019,"normalized_ads_buy":0.5,"normalized_prize_rent":null,"normalized_ads_rent":0.13333333333333333,"date":"2018-12-07T10:47:54.000Z","fill-opacity":0.5620669180988015,"fill":"#ff0000"},"bbox":[-3.72903,40.31,-3.7344,40.315],"geometry":{"type":"Polygon","coordinates":[[[-3.72903,40.315],[-3.7344,40.315],[-3.7344,40.31],[-3.72903,40.31],[-3.72903,40.315]]]}},{"type":"Feature","properties":{"name":"Getafe--piece--5-4--gCloud","number_of_ads_buy":30,"average_prize_buy":2888.78,"number_of_ads_rent":5,"average_prize_rent":10.4582,"normalized_prize_buy":0.9582217976402531,"normalized_ads_buy":1,"normalized_prize_rent":null,"normalized_ads_rent":0.16666666666666666,"date":"2018-12-07T10:48:04.000Z","fill-opacity":0.7665774381122025,"fill":"#ff0000"},"bbox":[-3.72903,40.305,-3.7344,40.31],"geometry":{"type":"Polygon","coordinates":[[[-3.72903,40.31],[-3.7344,40.31],[-3.7344,40.305],[-3.72903,40.305],[-3.72903,40.31]]]}},{"type":"Feature","properties":{"name":"Getafe--piece--5-5--gCloud","number_of_ads_buy":29,"average_prize_buy":1820.01,"number_of_ads_rent":5,"average_prize_rent":9.26109,"normalized_prize_buy":0.6037058044999054,"normalized_ads_buy":0.9666666666666667,"normalized_prize_rent":null,"normalized_ads_rent":0.16666666666666666,"date":"2018-12-07T10:48:12.000Z","fill-opacity":0.48296464359992436,"fill":"#ff0000"},"bbox":[-3.72903,40.2999,-3.7344,40.305],"geometry":{"type":"Polygon","coordinates":[[[-3.72903,40.305],[-3.7344,40.305],[-3.7344,40.2999],[-3.72903,40.2999],[-3.72903,40.305]]]}},{"type":"Feature","properties":{"name":"Getafe--piece--5-6--gCloud","number_of_ads_buy":8,"average_prize_buy":2054.78,"number_of_ads_rent":0,"average_prize_rent":0,"normalized_prize_buy":0.6815801083347431,"normalized_ads_buy":0.26666666666666666,"normalized_prize_rent":null,"normalized_ads_rent":0,"date":"2018-12-07T10:48:21.000Z","fill-opacity":0.5452640866677946,"fill":"#ff0000"},"bbox":[-3.72903,40.2949,-3.7344,40.2999],"geometry":{"type":"Polygon","coordinates":[[[-3.72903,40.2999],[-3.7344,40.2999],[-3.7344,40.2949],[-3.72903,40.2949],[-3.72903,40.2999]]]}},{"type":"Feature","properties":{"name":"Getafe--piece--5-7--gCloud","number_of_ads_buy":0,"average_prize_buy":0,"number_of_ads_rent":0,"average_prize_rent":0,"normalized_prize_buy":0,"normalized_ads_buy":0,"normalized_prize_rent":null,"normalized_ads_rent":0,"date":"2018-12-07T10:48:26.000Z","fill-opacity":0,"fill":"#ff0000"},"bbox":[-3.72903,40.2899,-3.7344,40.2949],"geometry":{"type":"Polygon","coordinates":[[[-3.72903,40.2949],[-3.7344,40.2949],[-3.7344,40.2899],[-3.72903,40.2899],[-3.72903,40.2949]]]}},{"type":"Feature","properties":{"name":"Getafe--piece--5-8--gCloud","number_of_ads_buy":0,"average_prize_buy":0,"number_of_ads_rent":1,"average_prize_rent":9,"normalized_prize_buy":0,"normalized_ads_buy":0,"normalized_prize_rent":null,"normalized_ads_rent":0.03333333333333333,"date":"2018-12-07T10:48:37.000Z","fill-opacity":0,"fill":"#ff0000"},"bbox":[-3.72903,40.2849,-3.7344,40.2899],"geometry":{"type":"Polygon","coordinates":[[[-3.72903,40.2899],[-3.7344,40.2899],[-3.7344,40.2849],[-3.72903,40.2849],[-3.72903,40.2899]]]}},{"type":"Feature","properties":{"name":"Getafe--piece--5-9--gCloud","number_of_ads_buy":0,"average_prize_buy":0,"number_of_ads_rent":0,"average_prize_rent":0,"normalized_prize_buy":0,"normalized_ads_buy":0,"normalized_prize_rent":null,"normalized_ads_rent":0,"date":"2018-12-07T10:48:55.000Z","fill-opacity":0,"fill":"#ff0000"},"bbox":[-3.72903,40.2799,-3.7344,40.2849],"geometry":{"type":"Polygon","coordinates":[[[-3.72903,40.2849],[-3.7344,40.2849],[-3.7344,40.2799],[-3.72903,40.2799],[-3.72903,40.2849]]]}},{"type":"Feature","properties":{"name":"Getafe--piece--6-0--gCloud","number_of_ads_buy":1,"average_prize_buy":1638.36,"number_of_ads_rent":0,"average_prize_rent":0,"normalized_prize_buy":0.5434516523867808,"normalized_ads_buy":0.03333333333333333,"normalized_prize_rent":null,"normalized_ads_rent":0,"date":"2018-12-07T10:49:04.000Z","fill-opacity":0.4347613219094247,"fill":"#ff0000"},"bbox":[-3.72366,40.325,-3.72903,40.33],"geometry":{"type":"Polygon","coordinates":[[[-3.72366,40.33],[-3.72903,40.33],[-3.72903,40.325],[-3.72366,40.325],[-3.72366,40.33]]]}},{"type":"Feature","properties":{"name":"Getafe--piece--6-1--gCloud","number_of_ads_buy":3,"average_prize_buy":3014.73,"number_of_ads_rent":0,"average_prize_rent":0,"normalized_prize_buy":1,"normalized_ads_buy":0.1,"normalized_prize_rent":null,"normalized_ads_rent":0,"date":"2018-12-07T10:49:09.000Z","fill-opacity":0.8,"fill":"#ff0000"},"bbox":[-3.72366,40.32,-3.72903,40.325],"geometry":{"type":"Polygon","coordinates":[[[-3.72366,40.325],[-3.72903,40.325],[-3.72903,40.32],[-3.72366,40.32],[-3.72366,40.325]]]}},{"type":"Feature","properties":{"name":"Getafe--piece--6-2--gCloud","number_of_ads_buy":13,"average_prize_buy":2256.43,"number_of_ads_rent":3,"average_prize_rent":9.59869,"normalized_prize_buy":0.7484683537165848,"normalized_ads_buy":0.43333333333333335,"normalized_prize_rent":null,"normalized_ads_rent":0.1,"date":"2018-12-07T10:49:18.000Z","fill-opacity":0.5987746829732679,"fill":"#ff0000"},"bbox":[-3.72366,40.315,-3.72903,40.32],"geometry":{"type":"Polygon","coordinates":[[[-3.72366,40.32],[-3.72903,40.32],[-3.72903,40.315],[-3.72366,40.315],[-3.72366,40.32]]]}},{"type":"Feature","properties":{"name":"Getafe--piece--6-3--gCloud","number_of_ads_buy":30,"average_prize_buy":1953.81,"number_of_ads_rent":10,"average_prize_rent":9.48479,"normalized_prize_buy":0.648087888467624,"normalized_ads_buy":1,"normalized_prize_rent":null,"normalized_ads_rent":0.3333333333333333,"date":"2018-12-07T10:49:25.000Z","fill-opacity":0.5184703107740992,"fill":"#ff0000"},"bbox":[-3.72366,40.31,-3.72903,40.315],"geometry":{"type":"Polygon","coordinates":[[[-3.72366,40.315],[-3.72903,40.315],[-3.72903,40.31],[-3.72366,40.31],[-3.72366,40.315]]]}},{"type":"Feature","properties":{"name":"Getafe--piece--6-4--gCloud","number_of_ads_buy":30,"average_prize_buy":1952.98,"number_of_ads_rent":11,"average_prize_rent":10.3393,"normalized_prize_buy":0.6478125735969722,"normalized_ads_buy":1,"normalized_prize_rent":null,"normalized_ads_rent":0.36666666666666664,"date":"2018-12-07T10:49:35.000Z","fill-opacity":0.5182500588775778,"fill":"#ff0000"},"bbox":[-3.72366,40.305,-3.72903,40.31],"geometry":{"type":"Polygon","coordinates":[[[-3.72366,40.31],[-3.72903,40.31],[-3.72903,40.305],[-3.72366,40.305],[-3.72366,40.31]]]}},{"type":"Feature","properties":{"name":"Getafe--piece--6-5--gCloud","number_of_ads_buy":12,"average_prize_buy":1696.67,"number_of_ads_rent":1,"average_prize_rent":9.03614,"normalized_prize_buy":0.5627933513117261,"normalized_ads_buy":0.4,"normalized_prize_rent":null,"normalized_ads_rent":0.03333333333333333,"date":"2018-12-07T10:49:41.000Z","fill-opacity":0.4502346810493809,"fill":"#ff0000"},"bbox":[-3.72366,40.2999,-3.72903,40.305],"geometry":{"type":"Polygon","coordinates":[[[-3.72366,40.305],[-3.72903,40.305],[-3.72903,40.2999],[-3.72366,40.2999],[-3.72366,40.305]]]}},{"type":"Feature","properties":{"name":"Getafe--piece--6-6--gCloud","number_of_ads_buy":0,"average_prize_buy":0,"number_of_ads_rent":0,"average_prize_rent":0,"normalized_prize_buy":0,"normalized_ads_buy":0,"normalized_prize_rent":null,"normalized_ads_rent":0,"date":"2018-12-07T10:49:50.000Z","fill-opacity":0,"fill":"#ff0000"},"bbox":[-3.72366,40.2949,-3.72903,40.2999],"geometry":{"type":"Polygon","coordinates":[[[-3.72366,40.2999],[-3.72903,40.2999],[-3.72903,40.2949],[-3.72366,40.2949],[-3.72366,40.2999]]]}},{"type":"Feature","properties":{"name":"Getafe--piece--6-7--gCloud","number_of_ads_buy":0,"average_prize_buy":0,"number_of_ads_rent":0,"average_prize_rent":0,"normalized_prize_buy":0,"normalized_ads_buy":0,"normalized_prize_rent":null,"normalized_ads_rent":0,"date":"2018-12-07T10:49:55.000Z","fill-opacity":0,"fill":"#ff0000"},"bbox":[-3.72366,40.2899,-3.72903,40.2949],"geometry":{"type":"Polygon","coordinates":[[[-3.72366,40.2949],[-3.72903,40.2949],[-3.72903,40.2899],[-3.72366,40.2899],[-3.72366,40.2949]]]}},{"type":"Feature","properties":{"name":"Getafe--piece--6-8--gCloud","number_of_ads_buy":0,"average_prize_buy":0,"number_of_ads_rent":0,"average_prize_rent":0,"normalized_prize_buy":0,"normalized_ads_buy":0,"normalized_prize_rent":null,"normalized_ads_rent":0,"date":"2018-12-07T10:50:00.000Z","fill-opacity":0,"fill":"#ff0000"},"bbox":[-3.72366,40.2849,-3.72903,40.2899],"geometry":{"type":"Polygon","coordinates":[[[-3.72366,40.2899],[-3.72903,40.2899],[-3.72903,40.2849],[-3.72366,40.2849],[-3.72366,40.2899]]]}},{"type":"Feature","properties":{"name":"Getafe--piece--6-9--gCloud","number_of_ads_buy":0,"average_prize_buy":0,"number_of_ads_rent":0,"average_prize_rent":0,"normalized_prize_buy":0,"normalized_ads_buy":0,"normalized_prize_rent":null,"normalized_ads_rent":0,"date":"2018-12-07T10:50:05.000Z","fill-opacity":0,"fill":"#ff0000"},"bbox":[-3.72366,40.2799,-3.72903,40.2849],"geometry":{"type":"Polygon","coordinates":[[[-3.72366,40.2849],[-3.72903,40.2849],[-3.72903,40.2799],[-3.72366,40.2799],[-3.72366,40.2849]]]}},{"type":"Feature","properties":{"name":"Getafe--piece--7-0--gCloud","number_of_ads_buy":7,"average_prize_buy":2526.69,"number_of_ads_rent":0,"average_prize_rent":0,"normalized_prize_buy":0.8381148560567613,"normalized_ads_buy":0.23333333333333334,"normalized_prize_rent":null,"normalized_ads_rent":0,"date":"2018-12-07T10:50:14.000Z","fill-opacity":0.6704918848454091,"fill":"#ff0000"},"bbox":[-3.71829,40.325,-3.72366,40.33],"geometry":{"type":"Polygon","coordinates":[[[-3.71829,40.33],[-3.72366,40.33],[-3.72366,40.325],[-3.71829,40.325],[-3.71829,40.33]]]}},{"type":"Feature","properties":{"name":"Getafe--piece--7-1--gCloud","number_of_ads_buy":9,"average_prize_buy":1851.03,"number_of_ads_rent":4,"average_prize_rent":9.1719,"normalized_prize_buy":0.6139952831596859,"normalized_ads_buy":0.3,"normalized_prize_rent":null,"normalized_ads_rent":0.13333333333333333,"date":"2018-12-07T10:50:20.000Z","fill-opacity":0.49119622652774875,"fill":"#ff0000"},"bbox":[-3.71829,40.32,-3.72366,40.325],"geometry":{"type":"Polygon","coordinates":[[[-3.71829,40.325],[-3.72366,40.325],[-3.72366,40.32],[-3.71829,40.32],[-3.71829,40.325]]]}},{"type":"Feature","properties":{"name":"Getafe--piece--7-2--gCloud","number_of_ads_buy":11,"average_prize_buy":2007.53,"number_of_ads_rent":2,"average_prize_rent":11.1867,"normalized_prize_buy":0.6659070629873985,"normalized_ads_buy":0.36666666666666664,"normalized_prize_rent":null,"normalized_ads_rent":0.06666666666666667,"date":"2018-12-07T10:50:29.000Z","fill-opacity":0.5327256503899188,"fill":"#ff0000"},"bbox":[-3.71829,40.315,-3.72366,40.32],"geometry":{"type":"Polygon","coordinates":[[[-3.71829,40.32],[-3.72366,40.32],[-3.72366,40.315],[-3.71829,40.315],[-3.71829,40.32]]]}},{"type":"Feature","properties":{"name":"Getafe--piece--7-3--gCloud","number_of_ads_buy":26,"average_prize_buy":1883.61,"number_of_ads_rent":6,"average_prize_rent":9.2223,"normalized_prize_buy":0.6248022210944263,"normalized_ads_buy":0.8666666666666667,"normalized_prize_rent":null,"normalized_ads_rent":0.2,"date":"2018-12-07T10:50:42.000Z","fill-opacity":0.49984177687554104,"fill":"#ff0000"},"bbox":[-3.71829,40.31,-3.72366,40.315],"geometry":{"type":"Polygon","coordinates":[[[-3.71829,40.315],[-3.72366,40.315],[-3.72366,40.31],[-3.71829,40.31],[-3.71829,40.315]]]}},{"type":"Feature","properties":{"name":"Getafe--piece--7-4--gCloud","number_of_ads_buy":15,"average_prize_buy":1705.36,"number_of_ads_rent":0,"average_prize_rent":0,"normalized_prize_buy":0.5656758648369837,"normalized_ads_buy":0.5,"normalized_prize_rent":null,"normalized_ads_rent":0,"date":"2018-12-07T10:50:48.000Z","fill-opacity":0.452540691869587,"fill":"#ff0000"},"bbox":[-3.71829,40.305,-3.72366,40.31],"geometry":{"type":"Polygon","coordinates":[[[-3.71829,40.31],[-3.72366,40.31],[-3.72366,40.305],[-3.71829,40.305],[-3.71829,40.31]]]}},{"type":"Feature","properties":{"name":"Getafe--piece--7-5--gCloud","number_of_ads_buy":0,"average_prize_buy":0,"number_of_ads_rent":0,"average_prize_rent":0,"normalized_prize_buy":0,"normalized_ads_buy":0,"normalized_prize_rent":null,"normalized_ads_rent":0,"date":"2018-12-07T10:50:56.000Z","fill-opacity":0,"fill":"#ff0000"},"bbox":[-3.71829,40.2999,-3.72366,40.305],"geometry":{"type":"Polygon","coordinates":[[[-3.71829,40.305],[-3.72366,40.305],[-3.72366,40.2999],[-3.71829,40.2999],[-3.71829,40.305]]]}},{"type":"Feature","properties":{"name":"Getafe--piece--7-6--gCloud","number_of_ads_buy":0,"average_prize_buy":0,"number_of_ads_rent":0,"average_prize_rent":0,"normalized_prize_buy":0,"normalized_ads_buy":0,"normalized_prize_rent":null,"normalized_ads_rent":0,"date":"2018-12-07T10:51:07.000Z","fill-opacity":0,"fill":"#ff0000"},"bbox":[-3.71829,40.2949,-3.72366,40.2999],"geometry":{"type":"Polygon","coordinates":[[[-3.71829,40.2999],[-3.72366,40.2999],[-3.72366,40.2949],[-3.71829,40.2949],[-3.71829,40.2999]]]}},{"type":"Feature","properties":{"name":"Getafe--piece--7-7--gCloud","number_of_ads_buy":0,"average_prize_buy":0,"number_of_ads_rent":0,"average_prize_rent":0,"normalized_prize_buy":0,"normalized_ads_buy":0,"normalized_prize_rent":null,"normalized_ads_rent":0,"date":"2018-12-07T10:51:15.000Z","fill-opacity":0,"fill":"#ff0000"},"bbox":[-3.71829,40.2899,-3.72366,40.2949],"geometry":{"type":"Polygon","coordinates":[[[-3.71829,40.2949],[-3.72366,40.2949],[-3.72366,40.2899],[-3.71829,40.2899],[-3.71829,40.2949]]]}},{"type":"Feature","properties":{"name":"Getafe--piece--7-8--gCloud","number_of_ads_buy":0,"average_prize_buy":0,"number_of_ads_rent":0,"average_prize_rent":0,"normalized_prize_buy":0,"normalized_ads_buy":0,"normalized_prize_rent":null,"normalized_ads_rent":0,"date":"2018-12-07T10:51:20.000Z","fill-opacity":0,"fill":"#ff0000"},"bbox":[-3.71829,40.2849,-3.72366,40.2899],"geometry":{"type":"Polygon","coordinates":[[[-3.71829,40.2899],[-3.72366,40.2899],[-3.72366,40.2849],[-3.71829,40.2849],[-3.71829,40.2899]]]}},{"type":"Feature","properties":{"name":"Getafe--piece--7-9--gCloud","number_of_ads_buy":0,"average_prize_buy":0,"number_of_ads_rent":0,"average_prize_rent":0,"normalized_prize_buy":0,"normalized_ads_buy":0,"normalized_prize_rent":null,"normalized_ads_rent":0,"date":"2018-12-07T10:51:25.000Z","fill-opacity":0,"fill":"#ff0000"},"bbox":[-3.71829,40.2799,-3.72366,40.2849],"geometry":{"type":"Polygon","coordinates":[[[-3.71829,40.2849],[-3.72366,40.2849],[-3.72366,40.2799],[-3.71829,40.2799],[-3.71829,40.2849]]]}},{"type":"Feature","properties":{"name":"Getafe--piece--8-0--gCloud","number_of_ads_buy":1,"average_prize_buy":2400,"number_of_ads_rent":0,"average_prize_rent":0,"normalized_prize_buy":0.7960911922460718,"normalized_ads_buy":0.03333333333333333,"normalized_prize_rent":null,"normalized_ads_rent":0,"date":"2018-12-07T10:51:30.000Z","fill-opacity":0.6368729537968575,"fill":"#ff0000"},"bbox":[-3.71292,40.325,-3.71829,40.33],"geometry":{"type":"Polygon","coordinates":[[[-3.71292,40.33],[-3.71829,40.33],[-3.71829,40.325],[-3.71292,40.325],[-3.71292,40.33]]]}},{"type":"Feature","properties":{"name":"Getafe--piece--8-1--gCloud","number_of_ads_buy":7,"average_prize_buy":2030.65,"number_of_ads_rent":1,"average_prize_rent":4.61538,"normalized_prize_buy":0.6735760748060358,"normalized_ads_buy":0.23333333333333334,"normalized_prize_rent":null,"normalized_ads_rent":0.03333333333333333,"date":"2018-12-07T10:51:36.000Z","fill-opacity":0.5388608598448287,"fill":"#ff0000"},"bbox":[-3.71292,40.32,-3.71829,40.325],"geometry":{"type":"Polygon","coordinates":[[[-3.71292,40.325],[-3.71829,40.325],[-3.71829,40.32],[-3.71292,40.32],[-3.71292,40.325]]]}},{"type":"Feature","properties":{"name":"Getafe--piece--8-2--gCloud","number_of_ads_buy":11,"average_prize_buy":1801.57,"number_of_ads_rent":1,"average_prize_rent":8.33333,"normalized_prize_buy":0.5975891705061481,"normalized_ads_buy":0.36666666666666664,"normalized_prize_rent":null,"normalized_ads_rent":0.03333333333333333,"date":"2018-12-07T10:51:45.000Z","fill-opacity":0.4780713364049185,"fill":"#ff0000"},"bbox":[-3.71292,40.315,-3.71829,40.32],"geometry":{"type":"Polygon","coordinates":[[[-3.71292,40.32],[-3.71829,40.32],[-3.71829,40.315],[-3.71292,40.315],[-3.71292,40.32]]]}},{"type":"Feature","properties":{"name":"Getafe--piece--8-3--gCloud","number_of_ads_buy":29,"average_prize_buy":1807.85,"number_of_ads_rent":0,"average_prize_rent":0,"normalized_prize_buy":0.5996722757925254,"normalized_ads_buy":0.9666666666666667,"normalized_prize_rent":null,"normalized_ads_rent":0,"date":"2018-12-07T10:51:54.000Z","fill-opacity":0.4797378206340203,"fill":"#ff0000"},"bbox":[-3.71292,40.31,-3.71829,40.315],"geometry":{"type":"Polygon","coordinates":[[[-3.71292,40.315],[-3.71829,40.315],[-3.71829,40.31],[-3.71292,40.31],[-3.71292,40.315]]]}},{"type":"Feature","properties":{"name":"Getafe--piece--8-4--gCloud","number_of_ads_buy":22,"average_prize_buy":1772.58,"number_of_ads_rent":0,"average_prize_rent":0,"normalized_prize_buy":0.5879730523131425,"normalized_ads_buy":0.7333333333333333,"normalized_prize_rent":null,"normalized_ads_rent":0,"date":"2018-12-07T10:52:03.000Z","fill-opacity":0.470378441850514,"fill":"#ff0000"},"bbox":[-3.71292,40.305,-3.71829,40.31],"geometry":{"type":"Polygon","coordinates":[[[-3.71292,40.31],[-3.71829,40.31],[-3.71829,40.305],[-3.71292,40.305],[-3.71292,40.31]]]}},{"type":"Feature","properties":{"name":"Getafe--piece--8-5--gCloud","number_of_ads_buy":0,"average_prize_buy":0,"number_of_ads_rent":0,"average_prize_rent":0,"normalized_prize_buy":0,"normalized_ads_buy":0,"normalized_prize_rent":null,"normalized_ads_rent":0,"date":"2018-12-07T10:52:11.000Z","fill-opacity":0,"fill":"#ff0000"},"bbox":[-3.71292,40.2999,-3.71829,40.305],"geometry":{"type":"Polygon","coordinates":[[[-3.71292,40.305],[-3.71829,40.305],[-3.71829,40.2999],[-3.71292,40.2999],[-3.71292,40.305]]]}},{"type":"Feature","properties":{"name":"Getafe--piece--8-6--gCloud","number_of_ads_buy":0,"average_prize_buy":0,"number_of_ads_rent":0,"average_prize_rent":0,"normalized_prize_buy":0,"normalized_ads_buy":0,"normalized_prize_rent":null,"normalized_ads_rent":0,"date":"2018-12-07T10:52:20.000Z","fill-opacity":0,"fill":"#ff0000"},"bbox":[-3.71292,40.2949,-3.71829,40.2999],"geometry":{"type":"Polygon","coordinates":[[[-3.71292,40.2999],[-3.71829,40.2999],[-3.71829,40.2949],[-3.71292,40.2949],[-3.71292,40.2999]]]}},{"type":"Feature","properties":{"name":"Getafe--piece--8-7--gCloud","number_of_ads_buy":0,"average_prize_buy":0,"number_of_ads_rent":0,"average_prize_rent":0,"normalized_prize_buy":0,"normalized_ads_buy":0,"normalized_prize_rent":null,"normalized_ads_rent":0,"date":"2018-12-07T10:52:25.000Z","fill-opacity":0,"fill":"#ff0000"},"bbox":[-3.71292,40.2899,-3.71829,40.2949],"geometry":{"type":"Polygon","coordinates":[[[-3.71292,40.2949],[-3.71829,40.2949],[-3.71829,40.2899],[-3.71292,40.2899],[-3.71292,40.2949]]]}},{"type":"Feature","properties":{"name":"Getafe--piece--8-8--gCloud","number_of_ads_buy":0,"average_prize_buy":0,"number_of_ads_rent":0,"average_prize_rent":0,"normalized_prize_buy":0,"normalized_ads_buy":0,"normalized_prize_rent":null,"normalized_ads_rent":0,"date":"2018-12-07T10:52:34.000Z","fill-opacity":0,"fill":"#ff0000"},"bbox":[-3.71292,40.2849,-3.71829,40.2899],"geometry":{"type":"Polygon","coordinates":[[[-3.71292,40.2899],[-3.71829,40.2899],[-3.71829,40.2849],[-3.71292,40.2849],[-3.71292,40.2899]]]}},{"type":"Feature","properties":{"name":"Getafe--piece--8-9--gCloud","number_of_ads_buy":0,"average_prize_buy":0,"number_of_ads_rent":0,"average_prize_rent":0,"normalized_prize_buy":0,"normalized_ads_buy":0,"normalized_prize_rent":null,"normalized_ads_rent":0,"date":"2018-12-07T10:52:39.000Z","fill-opacity":0,"fill":"#ff0000"},"bbox":[-3.71292,40.2799,-3.71829,40.2849],"geometry":{"type":"Polygon","coordinates":[[[-3.71292,40.2849],[-3.71829,40.2849],[-3.71829,40.2799],[-3.71292,40.2799],[-3.71292,40.2849]]]}},{"type":"Feature","properties":{"name":"Getafe--piece--9-0--gCloud","number_of_ads_buy":0,"average_prize_buy":0,"number_of_ads_rent":0,"average_prize_rent":0,"normalized_prize_buy":0,"normalized_ads_buy":0,"normalized_prize_rent":null,"normalized_ads_rent":0,"date":"2018-12-07T10:52:50.000Z","fill-opacity":0,"fill":"#ff0000"},"bbox":[-3.70755,40.325,-3.71292,40.33],"geometry":{"type":"Polygon","coordinates":[[[-3.70755,40.33],[-3.71292,40.33],[-3.71292,40.325],[-3.70755,40.325],[-3.70755,40.33]]]}},{"type":"Feature","properties":{"name":"Getafe--piece--9-1--gCloud","number_of_ads_buy":2,"average_prize_buy":2038.02,"number_of_ads_rent":0,"average_prize_rent":0,"normalized_prize_buy":0.676020738175558,"normalized_ads_buy":0.06666666666666667,"normalized_prize_rent":null,"normalized_ads_rent":0,"date":"2018-12-07T10:52:56.000Z","fill-opacity":0.5408165905404464,"fill":"#ff0000"},"bbox":[-3.70755,40.32,-3.71292,40.325],"geometry":{"type":"Polygon","coordinates":[[[-3.70755,40.325],[-3.71292,40.325],[-3.71292,40.32],[-3.70755,40.32],[-3.70755,40.325]]]}},{"type":"Feature","properties":{"name":"Getafe--piece--9-2--gCloud","number_of_ads_buy":7,"average_prize_buy":2099.71,"number_of_ads_rent":0,"average_prize_rent":0,"normalized_prize_buy":0.6964835988629164,"normalized_ads_buy":0.23333333333333334,"normalized_prize_rent":null,"normalized_ads_rent":0,"date":"2018-12-07T10:53:07.000Z","fill-opacity":0.5571868790903332,"fill":"#ff0000"},"bbox":[-3.70755,40.315,-3.71292,40.32],"geometry":{"type":"Polygon","coordinates":[[[-3.70755,40.32],[-3.71292,40.32],[-3.71292,40.315],[-3.70755,40.315],[-3.70755,40.32]]]}},{"type":"Feature","properties":{"name":"Getafe--piece--9-3--gCloud","number_of_ads_buy":2,"average_prize_buy":2147.22,"number_of_ads_rent":0,"average_prize_rent":0,"normalized_prize_buy":0.7122428874227542,"normalized_ads_buy":0.06666666666666667,"normalized_prize_rent":null,"normalized_ads_rent":0,"date":"2018-12-07T10:53:16.000Z","fill-opacity":0.5697943099382033,"fill":"#ff0000"},"bbox":[-3.70755,40.31,-3.71292,40.315],"geometry":{"type":"Polygon","coordinates":[[[-3.70755,40.315],[-3.71292,40.315],[-3.71292,40.31],[-3.70755,40.31],[-3.70755,40.315]]]}},{"type":"Feature","properties":{"name":"Getafe--piece--9-4--gCloud","number_of_ads_buy":2,"average_prize_buy":2230.81,"number_of_ads_rent":0,"average_prize_rent":0,"normalized_prize_buy":0.7399700802393581,"normalized_ads_buy":0.06666666666666667,"normalized_prize_rent":null,"normalized_ads_rent":0,"date":"2018-12-07T10:53:24.000Z","fill-opacity":0.5919760641914865,"fill":"#ff0000"},"bbox":[-3.70755,40.305,-3.71292,40.31],"geometry":{"type":"Polygon","coordinates":[[[-3.70755,40.31],[-3.71292,40.31],[-3.71292,40.305],[-3.70755,40.305],[-3.70755,40.31]]]}},{"type":"Feature","properties":{"name":"Getafe--piece--9-5--gCloud","number_of_ads_buy":0,"average_prize_buy":0,"number_of_ads_rent":0,"average_prize_rent":0,"normalized_prize_buy":0,"normalized_ads_buy":0,"normalized_prize_rent":null,"normalized_ads_rent":0,"date":"2018-12-07T10:53:30.000Z","fill-opacity":0,"fill":"#ff0000"},"bbox":[-3.70755,40.2999,-3.71292,40.305],"geometry":{"type":"Polygon","coordinates":[[[-3.70755,40.305],[-3.71292,40.305],[-3.71292,40.2999],[-3.70755,40.2999],[-3.70755,40.305]]]}},{"type":"Feature","properties":{"name":"Getafe--piece--9-6--gCloud","number_of_ads_buy":0,"average_prize_buy":0,"number_of_ads_rent":0,"average_prize_rent":0,"normalized_prize_buy":0,"normalized_ads_buy":0,"normalized_prize_rent":null,"normalized_ads_rent":0,"date":"2018-12-07T10:53:35.000Z","fill-opacity":0,"fill":"#ff0000"},"bbox":[-3.70755,40.2949,-3.71292,40.2999],"geometry":{"type":"Polygon","coordinates":[[[-3.70755,40.2999],[-3.71292,40.2999],[-3.71292,40.2949],[-3.70755,40.2949],[-3.70755,40.2999]]]}},{"type":"Feature","properties":{"name":"Getafe--piece--9-7--gCloud","number_of_ads_buy":0,"average_prize_buy":0,"number_of_ads_rent":0,"average_prize_rent":0,"normalized_prize_buy":0,"normalized_ads_buy":0,"normalized_prize_rent":null,"normalized_ads_rent":0,"date":"2018-12-07T10:53:46.000Z","fill-opacity":0,"fill":"#ff0000"},"bbox":[-3.70755,40.2899,-3.71292,40.2949],"geometry":{"type":"Polygon","coordinates":[[[-3.70755,40.2949],[-3.71292,40.2949],[-3.71292,40.2899],[-3.70755,40.2899],[-3.70755,40.2949]]]}},{"type":"Feature","properties":{"name":"Getafe--piece--9-8--gCloud","number_of_ads_buy":0,"average_prize_buy":0,"number_of_ads_rent":0,"average_prize_rent":0,"normalized_prize_buy":0,"normalized_ads_buy":0,"normalized_prize_rent":null,"normalized_ads_rent":0,"date":"2018-12-07T10:53:51.000Z","fill-opacity":0,"fill":"#ff0000"},"bbox":[-3.70755,40.2849,-3.71292,40.2899],"geometry":{"type":"Polygon","coordinates":[[[-3.70755,40.2899],[-3.71292,40.2899],[-3.71292,40.2849],[-3.70755,40.2849],[-3.70755,40.2899]]]}},{"type":"Feature","properties":{"name":"Getafe--piece--9-9--gCloud","number_of_ads_buy":0,"average_prize_buy":0,"number_of_ads_rent":0,"average_prize_rent":0,"normalized_prize_buy":0,"normalized_ads_buy":0,"normalized_prize_rent":null,"normalized_ads_rent":0,"date":"2018-12-07T10:53:59.000Z","fill-opacity":0,"fill":"#ff0000"},"bbox":[-3.70755,40.2799,-3.71292,40.2849],"geometry":{"type":"Polygon","coordinates":[[[-3.70755,40.2849],[-3.71292,40.2849],[-3.71292,40.2799],[-3.70755,40.2799],[-3.70755,40.2849]]]}}]}