{"type":"FeatureCollection","features":[{"type":"Feature","properties":{"name":"Getafe--piece--0-0--gCloud","number_of_ads_buy":23,"average_prize_buy":1775.92,"number_of_ads_rent":2,"average_prize_rent":9.58974,"normalized_prize_buy":0.5890809458890183,"normalized_ads_buy":0.7666666666666667,"normalized_prize_rent":null,"normalized_ads_rent":0.06666666666666667,"date":"2018-12-03T18:12:31.000Z","fill-opacity":0.47126475671121465,"fill":"#ff0000"},"bbox":[-3.75589,40.325,-3.76126,40.33],"geometry":{"type":"Polygon","coordinates":[[[-3.75589,40.33],[-3.76126,40.33],[-3.76126,40.325],[-3.75589,40.325],[-3.75589,40.33]]]}},{"type":"Feature","properties":{"name":"Getafe--piece--0-1--gCloud","number_of_ads_buy":4,"average_prize_buy":2779.87,"number_of_ads_rent":0,"average_prize_rent":0,"normalized_prize_buy":0.9220958427454531,"normalized_ads_buy":0.13333333333333333,"normalized_prize_rent":null,"normalized_ads_rent":0,"date":"2018-12-03T18:12:38.000Z","fill-opacity":0.7376766741963625,"fill":"#ff0000"},"bbox":[-3.75589,40.32,-3.76126,40.325],"geometry":{"type":"Polygon","coordinates":[[[-3.75589,40.325],[-3.76126,40.325],[-3.76126,40.32],[-3.75589,40.32],[-3.75589,40.325]]]}},{"type":"Feature","properties":{"name":"Getafe--piece--0-2--gCloud","number_of_ads_buy":5,"average_prize_buy":2050.2,"number_of_ads_rent":1,"average_prize_rent":9.72222,"normalized_prize_buy":0.6800609009762068,"normalized_ads_buy":0.16666666666666666,"normalized_prize_rent":null,"normalized_ads_rent":0.03333333333333333,"date":"2018-12-03T18:12:49.000Z","fill-opacity":0.5440487207809654,"fill":"#ff0000"},"bbox":[-3.75589,40.315,-3.76126,40.32],"geometry":{"type":"Polygon","coordinates":[[[-3.75589,40.32],[-3.76126,40.32],[-3.76126,40.315],[-3.75589,40.315],[-3.75589,40.32]]]}},{"type":"Feature","properties":{"name":"Getafe--piece--0-3--gCloud","number_of_ads_buy":1,"average_prize_buy":1319.62,"number_of_ads_rent":0,"average_prize_rent":0,"normalized_prize_buy":0.4377241079632338,"normalized_ads_buy":0.03333333333333333,"normalized_prize_rent":null,"normalized_ads_rent":0,"date":"2018-12-03T18:12:59.000Z","fill-opacity":0.35017928637058704,"fill":"#ff0000"},"bbox":[-3.75589,40.31,-3.76126,40.315],"geometry":{"type":"Polygon","coordinates":[[[-3.75589,40.315],[-3.76126,40.315],[-3.76126,40.31],[-3.75589,40.31],[-3.75589,40.315]]]}},{"type":"Feature","properties":{"name":"Getafe--piece--0-4--gCloud","number_of_ads_buy":0,"average_prize_buy":0,"number_of_ads_rent":0,"average_prize_rent":0,"normalized_prize_buy":0,"normalized_ads_buy":0,"normalized_prize_rent":null,"normalized_ads_rent":0,"date":"2018-12-03T18:13:07.000Z","fill-opacity":0,"fill":"#ff0000"},"bbox":[-3.75589,40.305,-3.76126,40.31],"geometry":{"type":"Polygon","coordinates":[[[-3.75589,40.31],[-3.76126,40.31],[-3.76126,40.305],[-3.75589,40.305],[-3.75589,40.31]]]}},{"type":"Feature","properties":{"name":"Getafe--piece--0-5--gCloud","number_of_ads_buy":0,"average_prize_buy":0,"number_of_ads_rent":0,"average_prize_rent":0,"normalized_prize_buy":0,"normalized_ads_buy":0,"normalized_prize_rent":null,"normalized_ads_rent":0,"date":"2018-12-03T18:13:23.000Z","fill-opacity":0,"fill":"#ff0000"},"bbox":[-3.75589,40.2999,-3.76126,40.305],"geometry":{"type":"Polygon","coordinates":[[[-3.75589,40.305],[-3.76126,40.305],[-3.76126,40.2999],[-3.75589,40.2999],[-3.75589,40.305]]]}},{"type":"Feature","properties":{"name":"Getafe--piece--0-6--gCloud","number_of_ads_buy":5,"average_prize_buy":1940.39,"number_of_ads_rent":0,"average_prize_rent":0,"normalized_prize_buy":0.6436364118843148,"normalized_ads_buy":0.16666666666666666,"normalized_prize_rent":null,"normalized_ads_rent":0,"date":"2018-12-03T18:13:32.000Z","fill-opacity":0.5149091295074518,"fill":"#ff0000"},"bbox":[-3.75589,40.2949,-3.76126,40.2999],"geometry":{"type":"Polygon","coordinates":[[[-3.75589,40.2999],[-3.76126,40.2999],[-3.76126,40.2949],[-3.75589,40.2949],[-3.75589,40.2999]]]}},{"type":"Feature","properties":{"name":"Getafe--piece--0-7--gCloud","number_of_ads_buy":6,"average_prize_buy":1770.79,"number_of_ads_rent":0,"average_prize_rent":0,"normalized_prize_buy":0.5873793009655922,"normalized_ads_buy":0.2,"normalized_prize_rent":null,"normalized_ads_rent":0,"date":"2018-12-03T18:13:38.000Z","fill-opacity":0.4699034407724738,"fill":"#ff0000"},"bbox":[-3.75589,40.2899,-3.76126,40.2949],"geometry":{"type":"Polygon","coordinates":[[[-3.75589,40.2949],[-3.76126,40.2949],[-3.76126,40.2899],[-3.75589,40.2899],[-3.75589,40.2949]]]}},{"type":"Feature","properties":{"name":"Getafe--piece--0-8--gCloud","number_of_ads_buy":3,"average_prize_buy":2076.19,"number_of_ads_rent":0,"average_prize_rent":0,"normalized_prize_buy":0.6886819051789049,"normalized_ads_buy":0.1,"normalized_prize_rent":null,"normalized_ads_rent":0,"date":"2018-12-03T18:13:43.000Z","fill-opacity":0.5509455241431239,"fill":"#ff0000"},"bbox":[-3.75589,40.2849,-3.76126,40.2899],"geometry":{"type":"Polygon","coordinates":[[[-3.75589,40.2899],[-3.76126,40.2899],[-3.76126,40.2849],[-3.75589,40.2849],[-3.75589,40.2899]]]}},{"type":"Feature","properties":{"name":"Getafe--piece--0-9--gCloud","number_of_ads_buy":0,"average_prize_buy":0,"number_of_ads_rent":0,"average_prize_rent":0,"normalized_prize_buy":0,"normalized_ads_buy":0,"normalized_prize_rent":null,"normalized_ads_rent":0,"date":"2018-12-03T18:13:49.000Z","fill-opacity":0,"fill":"#ff0000"},"bbox":[-3.75589,40.2799,-3.76126,40.2849],"geometry":{"type":"Polygon","coordinates":[[[-3.75589,40.2849],[-3.76126,40.2849],[-3.76126,40.2799],[-3.75589,40.2799],[-3.75589,40.2849]]]}},{"type":"Feature","properties":{"name":"Getafe--piece--1-0--gCloud","number_of_ads_buy":10,"average_prize_buy":1970.97,"number_of_ads_rent":1,"average_prize_rent":9.85714,"normalized_prize_buy":0.6537799404921834,"normalized_ads_buy":0.3333333333333333,"normalized_prize_rent":null,"normalized_ads_rent":0.03333333333333333,"date":"2018-12-03T18:13:54.000Z","fill-opacity":0.5230239523937467,"fill":"#ff0000"},"bbox":[-3.75052,40.325,-3.75589,40.33],"geometry":{"type":"Polygon","coordinates":[[[-3.75052,40.33],[-3.75589,40.33],[-3.75589,40.325],[-3.75052,40.325],[-3.75052,40.33]]]}},{"type":"Feature","properties":{"name":"Getafe--piece--1-1--gCloud","number_of_ads_buy":7,"average_prize_buy":2703.28,"number_of_ads_rent":0,"average_prize_rent":0,"normalized_prize_buy":0.8966905825729005,"normalized_ads_buy":0.23333333333333334,"normalized_prize_rent":null,"normalized_ads_rent":0,"date":"2018-12-03T18:14:00.000Z","fill-opacity":0.7173524660583204,"fill":"#ff0000"},"bbox":[-3.75052,40.32,-3.75589,40.325],"geometry":{"type":"Polygon","coordinates":[[[-3.75052,40.325],[-3.75589,40.325],[-3.75589,40.32],[-3.75052,40.32],[-3.75052,40.325]]]}},{"type":"Feature","properties":{"name":"Getafe--piece--1-2--gCloud","number_of_ads_buy":12,"average_prize_buy":2183.8,"number_of_ads_rent":0,"average_prize_rent":0,"normalized_prize_buy":0.7243766440112382,"normalized_ads_buy":0.4,"normalized_prize_rent":null,"normalized_ads_rent":0,"date":"2018-12-03T18:14:06.000Z","fill-opacity":0.5795013152089906,"fill":"#ff0000"},"bbox":[-3.75052,40.315,-3.75589,40.32],"geometry":{"type":"Polygon","coordinates":[[[-3.75052,40.32],[-3.75589,40.32],[-3.75589,40.315],[-3.75052,40.315],[-3.75052,40.32]]]}},{"type":"Feature","properties":{"name":"Getafe--piece--1-3--gCloud","number_of_ads_buy":0,"average_prize_buy":0,"number_of_ads_rent":0,"average_prize_rent":0,"normalized_prize_buy":0,"normalized_ads_buy":0,"normalized_prize_rent":null,"normalized_ads_rent":0,"date":"2018-12-03T18:14:27.000Z","fill-opacity":0,"fill":"#ff0000"},"bbox":[-3.75052,40.31,-3.75589,40.315],"geometry":{"type":"Polygon","coordinates":[[[-3.75052,40.315],[-3.75589,40.315],[-3.75589,40.31],[-3.75052,40.31],[-3.75052,40.315]]]}},{"type":"Feature","properties":{"name":"Getafe--piece--1-4--gCloud","number_of_ads_buy":0,"average_prize_buy":0,"number_of_ads_rent":0,"average_prize_rent":0,"normalized_prize_buy":0,"normalized_ads_buy":0,"normalized_prize_rent":null,"normalized_ads_rent":0,"date":"2018-12-03T18:14:59.000Z","fill-opacity":0,"fill":"#ff0000"},"bbox":[-3.75052,40.305,-3.75589,40.31],"geometry":{"type":"Polygon","coordinates":[[[-3.75052,40.31],[-3.75589,40.31],[-3.75589,40.305],[-3.75052,40.305],[-3.75052,40.31]]]}},{"type":"Feature","properties":{"name":"Getafe--piece--1-5--gCloud","number_of_ads_buy":2,"average_prize_buy":1809.78,"number_of_ads_rent":1,"average_prize_rent":10.7143,"normalized_prize_buy":0.6003124657929566,"normalized_ads_buy":0.06666666666666667,"normalized_prize_rent":null,"normalized_ads_rent":0.03333333333333333,"date":"2018-12-03T18:15:13.000Z","fill-opacity":0.4802499726343653,"fill":"#ff0000"},"bbox":[-3.75052,40.2999,-3.75589,40.305],"geometry":{"type":"Polygon","coordinates":[[[-3.75052,40.305],[-3.75589,40.305],[-3.75589,40.2999],[-3.75052,40.2999],[-3.75052,40.305]]]}},{"type":"Feature","properties":{"name":"Getafe--piece--1-6--gCloud","number_of_ads_buy":7,"average_prize_buy":2313.22,"number_of_ads_rent":0,"average_prize_rent":0,"normalized_prize_buy":0.7673058615531075,"normalized_ads_buy":0.23333333333333334,"normalized_prize_rent":null,"normalized_ads_rent":0,"date":"2018-12-03T18:15:22.000Z","fill-opacity":0.613844689242486,"fill":"#ff0000"},"bbox":[-3.75052,40.2949,-3.75589,40.2999],"geometry":{"type":"Polygon","coordinates":[[[-3.75052,40.2999],[-3.75589,40.2999],[-3.75589,40.2949],[-3.75052,40.2949],[-3.75052,40.2999]]]}},{"type":"Feature","properties":{"name":"Getafe--piece--1-7--gCloud","number_of_ads_buy":0,"average_prize_buy":0,"number_of_ads_rent":0,"average_prize_rent":0,"normalized_prize_buy":0,"normalized_ads_buy":0,"normalized_prize_rent":null,"normalized_ads_rent":0,"date":"2018-12-03T18:15:27.000Z","fill-opacity":0,"fill":"#ff0000"},"bbox":[-3.75052,40.2899,-3.75589,40.2949],"geometry":{"type":"Polygon","coordinates":[[[-3.75052,40.2949],[-3.75589,40.2949],[-3.75589,40.2899],[-3.75052,40.2899],[-3.75052,40.2949]]]}},{"type":"Feature","properties":{"name":"Getafe--piece--1-8--gCloud","number_of_ads_buy":8,"average_prize_buy":1513.14,"number_of_ads_rent":0,"average_prize_rent":0,"normalized_prize_buy":0.5019155944313421,"normalized_ads_buy":0.26666666666666666,"normalized_prize_rent":null,"normalized_ads_rent":0,"date":"2018-12-03T18:15:40.000Z","fill-opacity":0.40153247554507376,"fill":"#ff0000"},"bbox":[-3.75052,40.2849,-3.75589,40.2899],"geometry":{"type":"Polygon","coordinates":[[[-3.75052,40.2899],[-3.75589,40.2899],[-3.75589,40.2849],[-3.75052,40.2849],[-3.75052,40.2899]]]}},{"type":"Feature","properties":{"name":"Getafe--piece--1-9--gCloud","number_of_ads_buy":10,"average_prize_buy":1763.06,"number_of_ads_rent":1,"average_prize_rent":6.04167,"normalized_prize_buy":0.5848152239172331,"normalized_ads_buy":0.3333333333333333,"normalized_prize_rent":null,"normalized_ads_rent":0.03333333333333333,"date":"2018-12-03T18:15:46.000Z","fill-opacity":0.46785217913378646,"fill":"#ff0000"},"bbox":[-3.75052,40.2799,-3.75589,40.2849],"geometry":{"type":"Polygon","coordinates":[[[-3.75052,40.2849],[-3.75589,40.2849],[-3.75589,40.2799],[-3.75052,40.2799],[-3.75052,40.2849]]]}},{"type":"Feature","properties":{"name":"Getafe--piece--2-0--gCloud","number_of_ads_buy":0,"average_prize_buy":0,"number_of_ads_rent":0,"average_prize_rent":0,"normalized_prize_buy":0,"normalized_ads_buy":0,"normalized_prize_rent":null,"normalized_ads_rent":0,"date":"2018-12-03T18:15:51.000Z","fill-opacity":0,"fill":"#ff0000"},"bbox":[-3.74514,40.325,-3.75052,40.33],"geometry":{"type":"Polygon","coordinates":[[[-3.74514,40.33],[-3.75052,40.33],[-3.75052,40.325],[-3.74514,40.325],[-3.74514,40.33]]]}},{"type":"Feature","properties":{"name":"Getafe--piece--2-1--gCloud","number_of_ads_buy":0,"average_prize_buy":0,"number_of_ads_rent":0,"average_prize_rent":0,"normalized_prize_buy":0,"normalized_ads_buy":0,"normalized_prize_rent":null,"normalized_ads_rent":0,"date":"2018-12-03T18:16:00.000Z","fill-opacity":0,"fill":"#ff0000"},"bbox":[-3.74514,40.32,-3.75052,40.325],"geometry":{"type":"Polygon","coordinates":[[[-3.74514,40.325],[-3.75052,40.325],[-3.75052,40.32],[-3.74514,40.32],[-3.74514,40.325]]]}},{"type":"Feature","properties":{"name":"Getafe--piece--2-2--gCloud","number_of_ads_buy":0,"average_prize_buy":0,"number_of_ads_rent":0,"average_prize_rent":0,"normalized_prize_buy":0,"normalized_ads_buy":0,"normalized_prize_rent":null,"normalized_ads_rent":0,"date":"2018-12-03T18:16:08.000Z","fill-opacity":0,"fill":"#ff0000"},"bbox":[-3.74514,40.315,-3.75052,40.32],"geometry":{"type":"Polygon","coordinates":[[[-3.74514,40.32],[-3.75052,40.32],[-3.75052,40.315],[-3.74514,40.315],[-3.74514,40.32]]]}},{"type":"Feature","properties":{"name":"Getafe--piece--2-3--gCloud","number_of_ads_buy":0,"average_prize_buy":0,"number_of_ads_rent":0,"average_prize_rent":0,"normalized_prize_buy":0,"normalized_ads_buy":0,"normalized_prize_rent":null,"normalized_ads_rent":0,"date":"2018-12-03T18:16:13.000Z","fill-opacity":0,"fill":"#ff0000"},"bbox":[-3.74514,40.31,-3.75052,40.315],"geometry":{"type":"Polygon","coordinates":[[[-3.74514,40.315],[-3.75052,40.315],[-3.75052,40.31],[-3.74514,40.31],[-3.74514,40.315]]]}},{"type":"Feature","properties":{"name":"Getafe--piece--2-4--gCloud","number_of_ads_buy":0,"average_prize_buy":0,"number_of_ads_rent":1,"average_prize_rent":9.86667,"normalized_prize_buy":0,"normalized_ads_buy":0,"normalized_prize_rent":null,"normalized_ads_rent":0.03333333333333333,"date":"2018-12-03T18:16:19.000Z","fill-opacity":0,"fill":"#ff0000"},"bbox":[-3.74514,40.305,-3.75052,40.31],"geometry":{"type":"Polygon","coordinates":[[[-3.74514,40.31],[-3.75052,40.31],[-3.75052,40.305],[-3.74514,40.305],[-3.74514,40.31]]]}},{"type":"Feature","properties":{"name":"Getafe--piece--2-5--gCloud","number_of_ads_buy":0,"average_prize_buy":0,"number_of_ads_rent":2,"average_prize_rent":9.0098,"normalized_prize_buy":0,"normalized_ads_buy":0,"normalized_prize_rent":null,"normalized_ads_rent":0.06666666666666667,"date":"2018-12-03T18:16:40.000Z","fill-opacity":0,"fill":"#ff0000"},"bbox":[-3.74514,40.2999,-3.75052,40.305],"geometry":{"type":"Polygon","coordinates":[[[-3.74514,40.305],[-3.75052,40.305],[-3.75052,40.2999],[-3.74514,40.2999],[-3.74514,40.305]]]}},{"type":"Feature","properties":{"name":"Getafe--piece--2-6--gCloud","number_of_ads_buy":2,"average_prize_buy":1236.4,"number_of_ads_rent":0,"average_prize_rent":0,"normalized_prize_buy":0.41011964587210137,"normalized_ads_buy":0.06666666666666667,"normalized_prize_rent":null,"normalized_ads_rent":0,"date":"2018-12-03T18:17:13.000Z","fill-opacity":0.3280957166976811,"fill":"#ff0000"},"bbox":[-3.74514,40.2949,-3.75052,40.2999],"geometry":{"type":"Polygon","coordinates":[[[-3.74514,40.2999],[-3.75052,40.2999],[-3.75052,40.2949],[-3.74514,40.2949],[-3.74514,40.2999]]]}},{"type":"Feature","properties":{"name":"Getafe--piece--2-7--gCloud","number_of_ads_buy":0,"average_prize_buy":0,"number_of_ads_rent":1,"average_prize_rent":7.05882,"normalized_prize_buy":0,"normalized_ads_buy":0,"normalized_prize_rent":null,"normalized_ads_rent":0.03333333333333333,"date":"2018-12-03T18:17:21.000Z","fill-opacity":0,"fill":"#ff0000"},"bbox":[-3.74514,40.2899,-3.75052,40.2949],"geometry":{"type":"Polygon","coordinates":[[[-3.74514,40.2949],[-3.75052,40.2949],[-3.75052,40.2899],[-3.74514,40.2899],[-3.74514,40.2949]]]}},{"type":"Feature","properties":{"name":"Getafe--piece--2-8--gCloud","number_of_ads_buy":2,"average_prize_buy":1871.2,"number_of_ads_rent":0,"average_prize_rent":0,"normalized_prize_buy":0.6206857662211873,"normalized_ads_buy":0.06666666666666667,"normalized_prize_rent":null,"normalized_ads_rent":0,"date":"2018-12-03T18:17:31.000Z","fill-opacity":0.49654861297694985,"fill":"#ff0000"},"bbox":[-3.74514,40.2849,-3.75052,40.2899],"geometry":{"type":"Polygon","coordinates":[[[-3.74514,40.2899],[-3.75052,40.2899],[-3.75052,40.2849],[-3.74514,40.2849],[-3.74514,40.2899]]]}},{"type":"Feature","properties":{"name":"Getafe--piece--2-9--gCloud","number_of_ads_buy":5,"average_prize_buy":1713.28,"number_of_ads_rent":1,"average_prize_rent":4.10959,"normalized_prize_buy":0.5683029657713957,"normalized_ads_buy":0.16666666666666666,"normalized_prize_rent":null,"normalized_ads_rent":0.03333333333333333,"date":"2018-12-03T18:17:39.000Z","fill-opacity":0.4546423726171166,"fill":"#ff0000"},"bbox":[-3.74514,40.2799,-3.75052,40.2849],"geometry":{"type":"Polygon","coordinates":[[[-3.74514,40.2849],[-3.75052,40.2849],[-3.75052,40.2799],[-3.74514,40.2799],[-3.74514,40.2849]]]}},{"type":"Feature","properties":{"name":"Getafe--piece--3-0--gCloud","number_of_ads_buy":0,"average_prize_buy":0,"number_of_ads_rent":0,"average_prize_rent":0,"normalized_prize_buy":0,"normalized_ads_buy":0,"normalized_prize_rent":null,"normalized_ads_rent":0,"date":"2018-12-03T18:17:47.000Z","fill-opacity":0,"fill":"#ff0000"},"bbox":[-3.73977,40.325,-3.74514,40.33],"geometry":{"type":"Polygon","coordinates":[[[-3.73977,40.33],[-3.74514,40.33],[-3.74514,40.325],[-3.73977,40.325],[-3.73977,40.33]]]}},{"type":"Feature","properties":{"name":"Getafe--piece--3-1--gCloud","number_of_ads_buy":2,"average_prize_buy":2016.38,"number_of_ads_rent":0,"average_prize_rent":0,"normalized_prize_buy":0.668842649258806,"normalized_ads_buy":0.06666666666666667,"normalized_prize_rent":null,"normalized_ads_rent":0,"date":"2018-12-03T18:17:55.000Z","fill-opacity":0.5350741194070449,"fill":"#ff0000"},"bbox":[-3.73977,40.32,-3.74514,40.325],"geometry":{"type":"Polygon","coordinates":[[[-3.73977,40.325],[-3.74514,40.325],[-3.74514,40.32],[-3.73977,40.32],[-3.73977,40.325]]]}},{"type":"Feature","properties":{"name":"Getafe--piece--3-2--gCloud","number_of_ads_buy":12,"average_prize_buy":1597.7,"number_of_ads_rent":0,"average_prize_rent":0,"normalized_prize_buy":0.5299645407714787,"normalized_ads_buy":0.4,"normalized_prize_rent":null,"normalized_ads_rent":0,"date":"2018-12-03T18:18:04.000Z","fill-opacity":0.42397163261718296,"fill":"#ff0000"},"bbox":[-3.73977,40.315,-3.74514,40.32],"geometry":{"type":"Polygon","coordinates":[[[-3.73977,40.32],[-3.74514,40.32],[-3.74514,40.315],[-3.73977,40.315],[-3.73977,40.32]]]}},{"type":"Feature","properties":{"name":"Getafe--piece--3-3--gCloud","number_of_ads_buy":0,"average_prize_buy":0,"number_of_ads_rent":0,"average_prize_rent":0,"normalized_prize_buy":0,"normalized_ads_buy":0,"normalized_prize_rent":null,"normalized_ads_rent":0,"date":"2018-12-03T18:18:11.000Z","fill-opacity":0,"fill":"#ff0000"},"bbox":[-3.73977,40.31,-3.74514,40.315],"geometry":{"type":"Polygon","coordinates":[[[-3.73977,40.315],[-3.74514,40.315],[-3.74514,40.31],[-3.73977,40.31],[-3.73977,40.315]]]}},{"type":"Feature","properties":{"name":"Getafe--piece--3-4--gCloud","number_of_ads_buy":2,"average_prize_buy":2250.44,"number_of_ads_rent":0,"average_prize_rent":0,"normalized_prize_buy":0.7464814427826041,"normalized_ads_buy":0.06666666666666667,"normalized_prize_rent":null,"normalized_ads_rent":0,"date":"2018-12-03T18:18:24.000Z","fill-opacity":0.5971851542260833,"fill":"#ff0000"},"bbox":[-3.73977,40.305,-3.74514,40.31],"geometry":{"type":"Polygon","coordinates":[[[-3.73977,40.31],[-3.74514,40.31],[-3.74514,40.305],[-3.73977,40.305],[-3.73977,40.31]]]}},{"type":"Feature","properties":{"name":"Getafe--piece--3-5--gCloud","number_of_ads_buy":1,"average_prize_buy":1250,"number_of_ads_rent":0,"average_prize_rent":0,"normalized_prize_buy":0.41463082929482903,"normalized_ads_buy":0.03333333333333333,"normalized_prize_rent":null,"normalized_ads_rent":0,"date":"2018-12-03T18:18:29.000Z","fill-opacity":0.33170466343586325,"fill":"#ff0000"},"bbox":[-3.73977,40.2999,-3.74514,40.305],"geometry":{"type":"Polygon","coordinates":[[[-3.73977,40.305],[-3.74514,40.305],[-3.74514,40.2999],[-3.73977,40.2999],[-3.73977,40.305]]]}},{"type":"Feature","properties":{"name":"Getafe--piece--3-6--gCloud","number_of_ads_buy":6,"average_prize_buy":1577.65,"number_of_ads_rent":0,"average_prize_rent":0,"normalized_prize_buy":0.5233138622695896,"normalized_ads_buy":0.2,"normalized_prize_rent":null,"normalized_ads_rent":0,"date":"2018-12-03T18:18:49.000Z","fill-opacity":0.41865108981567173,"fill":"#ff0000"},"bbox":[-3.73977,40.2949,-3.74514,40.2999],"geometry":{"type":"Polygon","coordinates":[[[-3.73977,40.2999],[-3.74514,40.2999],[-3.74514,40.2949],[-3.73977,40.2949],[-3.73977,40.2999]]]}},{"type":"Feature","properties":{"name":"Getafe--piece--3-7--gCloud","number_of_ads_buy":6,"average_prize_buy":1815.74,"number_of_ads_rent":0,"average_prize_rent":0,"normalized_prize_buy":0.6022894255870344,"normalized_ads_buy":0.2,"normalized_prize_rent":null,"normalized_ads_rent":0,"date":"2018-12-03T18:19:06.000Z","fill-opacity":0.4818315404696275,"fill":"#ff0000"},"bbox":[-3.73977,40.2899,-3.74514,40.2949],"geometry":{"type":"Polygon","coordinates":[[[-3.73977,40.2949],[-3.74514,40.2949],[-3.74514,40.2899],[-3.73977,40.2899],[-3.73977,40.2949]]]}},{"type":"Feature","properties":{"name":"Getafe--piece--3-8--gCloud","number_of_ads_buy":4,"average_prize_buy":1713.66,"number_of_ads_rent":1,"average_prize_rent":6.66667,"normalized_prize_buy":0.5684290135435014,"normalized_ads_buy":0.13333333333333333,"normalized_prize_rent":null,"normalized_ads_rent":0.03333333333333333,"date":"2018-12-03T18:19:11.000Z","fill-opacity":0.4547432108348011,"fill":"#ff0000"},"bbox":[-3.73977,40.2849,-3.74514,40.2899],"geometry":{"type":"Polygon","coordinates":[[[-3.73977,40.2899],[-3.74514,40.2899],[-3.74514,40.2849],[-3.73977,40.2849],[-3.73977,40.2899]]]}},{"type":"Feature","properties":{"name":"Getafe--piece--3-9--gCloud","number_of_ads_buy":0,"average_prize_buy":0,"number_of_ads_rent":0,"average_prize_rent":0,"normalized_prize_buy":0,"normalized_ads_buy":0,"normalized_prize_rent":null,"normalized_ads_rent":0,"date":"2018-12-03T18:19:22.000Z","fill-opacity":0,"fill":"#ff0000"},"bbox":[-3.73977,40.2799,-3.74514,40.2849],"geometry":{"type":"Polygon","coordinates":[[[-3.73977,40.2849],[-3.74514,40.2849],[-3.74514,40.2799],[-3.73977,40.2799],[-3.73977,40.2849]]]}},{"type":"Feature","properties":{"name":"Getafe--piece--4-0--gCloud","number_of_ads_buy":1,"average_prize_buy":1770.91,"number_of_ads_rent":0,"average_prize_rent":0,"normalized_prize_buy":0.5874191055252046,"normalized_ads_buy":0.03333333333333333,"normalized_prize_rent":null,"normalized_ads_rent":0,"date":"2018-12-03T18:19:27.000Z","fill-opacity":0.4699352844201637,"fill":"#ff0000"},"bbox":[-3.7344,40.325,-3.73977,40.33],"geometry":{"type":"Polygon","coordinates":[[[-3.7344,40.33],[-3.73977,40.33],[-3.73977,40.325],[-3.7344,40.325],[-3.7344,40.33]]]}},{"type":"Feature","properties":{"name":"Getafe--piece--4-1--gCloud","number_of_ads_buy":9,"average_prize_buy":1952.52,"number_of_ads_rent":2,"average_prize_rent":10.9921,"normalized_prize_buy":0.6476599894517917,"normalized_ads_buy":0.3,"normalized_prize_rent":null,"normalized_ads_rent":0.06666666666666667,"date":"2018-12-03T18:19:33.000Z","fill-opacity":0.5181279915614334,"fill":"#ff0000"},"bbox":[-3.7344,40.32,-3.73977,40.325],"geometry":{"type":"Polygon","coordinates":[[[-3.7344,40.325],[-3.73977,40.325],[-3.73977,40.32],[-3.7344,40.32],[-3.7344,40.325]]]}},{"type":"Feature","properties":{"name":"Getafe--piece--4-2--gCloud","number_of_ads_buy":5,"average_prize_buy":2491.21,"number_of_ads_rent":0,"average_prize_rent":0,"normalized_prize_buy":0.8263459745980569,"normalized_ads_buy":0.16666666666666666,"normalized_prize_rent":null,"normalized_ads_rent":0,"date":"2018-12-03T18:19:45.000Z","fill-opacity":0.6610767796784456,"fill":"#ff0000"},"bbox":[-3.7344,40.315,-3.73977,40.32],"geometry":{"type":"Polygon","coordinates":[[[-3.7344,40.32],[-3.73977,40.32],[-3.73977,40.315],[-3.7344,40.315],[-3.7344,40.32]]]}},{"type":"Feature","properties":{"name":"Getafe--piece--4-3--gCloud","number_of_ads_buy":5,"average_prize_buy":1926.13,"number_of_ads_rent":1,"average_prize_rent":10.2632,"normalized_prize_buy":0.6389063033837193,"normalized_ads_buy":0.16666666666666666,"normalized_prize_rent":null,"normalized_ads_rent":0.03333333333333333,"date":"2018-12-03T18:19:56.000Z","fill-opacity":0.5111250427069755,"fill":"#ff0000"},"bbox":[-3.7344,40.31,-3.73977,40.315],"geometry":{"type":"Polygon","coordinates":[[[-3.7344,40.315],[-3.73977,40.315],[-3.73977,40.31],[-3.7344,40.31],[-3.7344,40.315]]]}},{"type":"Feature","properties":{"name":"Getafe--piece--4-4--gCloud","number_of_ads_buy":30,"average_prize_buy":1888.09,"number_of_ads_rent":0,"average_prize_rent":0,"normalized_prize_buy":0.626288257986619,"normalized_ads_buy":1,"normalized_prize_rent":null,"normalized_ads_rent":0,"date":"2018-12-03T18:20:07.000Z","fill-opacity":0.5010306063892952,"fill":"#ff0000"},"bbox":[-3.7344,40.305,-3.73977,40.31],"geometry":{"type":"Polygon","coordinates":[[[-3.7344,40.31],[-3.73977,40.31],[-3.73977,40.305],[-3.7344,40.305],[-3.7344,40.31]]]}},{"type":"Feature","properties":{"name":"Getafe--piece--4-5--gCloud","number_of_ads_buy":29,"average_prize_buy":1838.1,"number_of_ads_rent":4,"average_prize_rent":11.8611,"normalized_prize_buy":0.6097063418614602,"normalized_ads_buy":0.9666666666666667,"normalized_prize_rent":null,"normalized_ads_rent":0.13333333333333333,"date":"2018-12-03T18:20:14.000Z","fill-opacity":0.4877650734891682,"fill":"#ff0000"},"bbox":[-3.7344,40.2999,-3.73977,40.305],"geometry":{"type":"Polygon","coordinates":[[[-3.7344,40.305],[-3.73977,40.305],[-3.73977,40.2999],[-3.7344,40.2999],[-3.7344,40.305]]]}},{"type":"Feature","properties":{"name":"Getafe--piece--4-6--gCloud","number_of_ads_buy":4,"average_prize_buy":1494.65,"number_of_ads_rent":0,"average_prize_rent":0,"normalized_prize_buy":0.49578237520441304,"normalized_ads_buy":0.13333333333333333,"normalized_prize_rent":null,"normalized_ads_rent":0,"date":"2018-12-03T18:20:19.000Z","fill-opacity":0.39662590016353044,"fill":"#ff0000"},"bbox":[-3.7344,40.2949,-3.73977,40.2999],"geometry":{"type":"Polygon","coordinates":[[[-3.7344,40.2999],[-3.73977,40.2999],[-3.73977,40.2949],[-3.7344,40.2949],[-3.7344,40.2999]]]}},{"type":"Feature","properties":{"name":"Getafe--piece--4-7--gCloud","number_of_ads_buy":2,"average_prize_buy":1536.67,"number_of_ads_rent":0,"average_prize_rent":0,"normalized_prize_buy":0.509720605161988,"normalized_ads_buy":0.06666666666666667,"normalized_prize_rent":null,"normalized_ads_rent":0,"date":"2018-12-03T18:20:25.000Z","fill-opacity":0.40777648412959044,"fill":"#ff0000"},"bbox":[-3.7344,40.2899,-3.73977,40.2949],"geometry":{"type":"Polygon","coordinates":[[[-3.7344,40.2949],[-3.73977,40.2949],[-3.73977,40.2899],[-3.7344,40.2899],[-3.7344,40.2949]]]}},{"type":"Feature","properties":{"name":"Getafe--piece--4-8--gCloud","number_of_ads_buy":0,"average_prize_buy":0,"number_of_ads_rent":0,"average_prize_rent":0,"normalized_prize_buy":0,"normalized_ads_buy":0,"normalized_prize_rent":null,"normalized_ads_rent":0,"date":"2018-12-03T18:20:30.000Z","fill-opacity":0,"fill":"#ff0000"},"bbox":[-3.7344,40.2849,-3.73977,40.2899],"geometry":{"type":"Polygon","coordinates":[[[-3.7344,40.2899],[-3.73977,40.2899],[-3.73977,40.2849],[-3.7344,40.2849],[-3.7344,40.2899]]]}},{"type":"Feature","properties":{"name":"Getafe--piece--4-9--gCloud","number_of_ads_buy":0,"average_prize_buy":0,"number_of_ads_rent":0,"average_prize_rent":0,"normalized_prize_buy":0,"normalized_ads_buy":0,"normalized_prize_rent":null,"normalized_ads_rent":0,"date":"2018-12-03T18:20:49.000Z","fill-opacity":0,"fill":"#ff0000"},"bbox":[-3.7344,40.2799,-3.73977,40.2849],"geometry":{"type":"Polygon","coordinates":[[[-3.7344,40.2849],[-3.73977,40.2849],[-3.73977,40.2799],[-3.7344,40.2799],[-3.7344,40.2849]]]}},{"type":"Feature","properties":{"name":"Getafe--piece--5-0--gCloud","number_of_ads_buy":22,"average_prize_buy":2833.13,"number_of_ads_rent":2,"average_prize_rent":10.8925,"normalized_prize_buy":0.9397624331200473,"normalized_ads_buy":0.7333333333333333,"normalized_prize_rent":null,"normalized_ads_rent":0.06666666666666667,"date":"2018-12-03T18:21:02.000Z","fill-opacity":0.7518099464960378,"fill":"#ff0000"},"bbox":[-3.72903,40.325,-3.7344,40.33],"geometry":{"type":"Polygon","coordinates":[[[-3.72903,40.33],[-3.7344,40.33],[-3.7344,40.325],[-3.72903,40.325],[-3.72903,40.33]]]}},{"type":"Feature","properties":{"name":"Getafe--piece--5-1--gCloud","number_of_ads_buy":5,"average_prize_buy":2522.33,"number_of_ads_rent":1,"average_prize_rent":8.66142,"normalized_prize_buy":0.8366686237241809,"normalized_ads_buy":0.16666666666666666,"normalized_prize_rent":null,"normalized_ads_rent":0.03333333333333333,"date":"2018-12-03T18:21:11.000Z","fill-opacity":0.6693348989793448,"fill":"#ff0000"},"bbox":[-3.72903,40.32,-3.7344,40.325],"geometry":{"type":"Polygon","coordinates":[[[-3.72903,40.325],[-3.7344,40.325],[-3.7344,40.32],[-3.72903,40.32],[-3.72903,40.325]]]}},{"type":"Feature","properties":{"name":"Getafe--piece--5-2--gCloud","number_of_ads_buy":7,"average_prize_buy":2546.69,"number_of_ads_rent":3,"average_prize_rent":9.49681,"normalized_prize_buy":0.8447489493254786,"normalized_ads_buy":0.23333333333333334,"normalized_prize_rent":null,"normalized_ads_rent":0.1,"date":"2018-12-03T18:21:17.000Z","fill-opacity":0.6757991594603829,"fill":"#ff0000"},"bbox":[-3.72903,40.315,-3.7344,40.32],"geometry":{"type":"Polygon","coordinates":[[[-3.72903,40.32],[-3.7344,40.32],[-3.7344,40.315],[-3.72903,40.315],[-3.72903,40.32]]]}},{"type":"Feature","properties":{"name":"Getafe--piece--5-3--gCloud","number_of_ads_buy":15,"average_prize_buy":2227.59,"number_of_ads_rent":5,"average_prize_rent":9.6354,"normalized_prize_buy":0.7389019912230946,"normalized_ads_buy":0.5,"normalized_prize_rent":null,"normalized_ads_rent":0.16666666666666666,"date":"2018-12-03T18:21:27.000Z","fill-opacity":0.5911215929784758,"fill":"#ff0000"},"bbox":[-3.72903,40.31,-3.7344,40.315],"geometry":{"type":"Polygon","coordinates":[[[-3.72903,40.315],[-3.7344,40.315],[-3.7344,40.31],[-3.72903,40.31],[-3.72903,40.315]]]}},{"type":"Feature","properties":{"name":"Getafe--piece--5-4--gCloud","number_of_ads_buy":29,"average_prize_buy":2897.43,"number_of_ads_rent":5,"average_prize_rent":10.6736,"normalized_prize_buy":0.9610910429789732,"normalized_ads_buy":0.9666666666666667,"normalized_prize_rent":null,"normalized_ads_rent":0.16666666666666666,"date":"2018-12-03T18:21:35.000Z","fill-opacity":0.7688728343831785,"fill":"#ff0000"},"bbox":[-3.72903,40.305,-3.7344,40.31],"geometry":{"type":"Polygon","coordinates":[[[-3.72903,40.31],[-3.7344,40.31],[-3.7344,40.305],[-3.72903,40.305],[-3.72903,40.31]]]}},{"type":"Feature","properties":{"name":"Getafe--piece--5-5--gCloud","number_of_ads_buy":29,"average_prize_buy":1868.49,"number_of_ads_rent":5,"average_prize_rent":9.88461,"normalized_prize_buy":0.6197868465832761,"normalized_ads_buy":0.9666666666666667,"normalized_prize_rent":null,"normalized_ads_rent":0.16666666666666666,"date":"2018-12-03T18:21:46.000Z","fill-opacity":0.4958294772666209,"fill":"#ff0000"},"bbox":[-3.72903,40.2999,-3.7344,40.305],"geometry":{"type":"Polygon","coordinates":[[[-3.72903,40.305],[-3.7344,40.305],[-3.7344,40.2999],[-3.72903,40.2999],[-3.72903,40.305]]]}},{"type":"Feature","properties":{"name":"Getafe--piece--5-6--gCloud","number_of_ads_buy":5,"average_prize_buy":1977.39,"number_of_ads_rent":0,"average_prize_rent":0,"normalized_prize_buy":0.6559094844314417,"normalized_ads_buy":0.16666666666666666,"normalized_prize_rent":null,"normalized_ads_rent":0,"date":"2018-12-03T18:21:54.000Z","fill-opacity":0.5247275875451534,"fill":"#ff0000"},"bbox":[-3.72903,40.2949,-3.7344,40.2999],"geometry":{"type":"Polygon","coordinates":[[[-3.72903,40.2999],[-3.7344,40.2999],[-3.7344,40.2949],[-3.72903,40.2949],[-3.72903,40.2999]]]}},{"type":"Feature","properties":{"name":"Getafe--piece--5-7--gCloud","number_of_ads_buy":0,"average_prize_buy":0,"number_of_ads_rent":0,"average_prize_rent":0,"normalized_prize_buy":0,"normalized_ads_buy":0,"normalized_prize_rent":null,"normalized_ads_rent":0,"date":"2018-12-03T18:22:02.000Z","fill-opacity":0,"fill":"#ff0000"},"bbox":[-3.72903,40.2899,-3.7344,40.2949],"geometry":{"type":"Polygon","coordinates":[[[-3.72903,40.2949],[-3.7344,40.2949],[-3.7344,40.2899],[-3.72903,40.2899],[-3.72903,40.2949]]]}},{"type":"Feature","properties":{"name":"Getafe--piece--5-8--gCloud","number_of_ads_buy":0,"average_prize_buy":0,"number_of_ads_rent":1,"average_prize_rent":9,"normalized_prize_buy":0,"normalized_ads_buy":0,"normalized_prize_rent":null,"normalized_ads_rent":0.03333333333333333,"date":"2018-12-03T18:22:09.000Z","fill-opacity":0,"fill":"#ff0000"},"bbox":[-3.72903,40.2849,-3.7344,40.2899],"geometry":{"type":"Polygon","coordinates":[[[-3.72903,40.2899],[-3.7344,40.2899],[-3.7344,40.2849],[-3.72903,40.2849],[-3.72903,40.2899]]]}},{"type":"Feature","properties":{"name":"Getafe--piece--5-9--gCloud","number_of_ads_buy":0,"average_prize_buy":0,"number_of_ads_rent":0,"average_prize_rent":0,"normalized_prize_buy":0,"normalized_ads_buy":0,"normalized_prize_rent":null,"normalized_ads_rent":0,"date":"2018-12-03T18:22:17.000Z","fill-opacity":0,"fill":"#ff0000"},"bbox":[-3.72903,40.2799,-3.7344,40.2849],"geometry":{"type":"Polygon","coordinates":[[[-3.72903,40.2849],[-3.7344,40.2849],[-3.7344,40.2799],[-3.72903,40.2799],[-3.72903,40.2849]]]}},{"type":"Feature","properties":{"name":"Getafe--piece--6-0--gCloud","number_of_ads_buy":1,"average_prize_buy":1638.36,"number_of_ads_rent":0,"average_prize_rent":0,"normalized_prize_buy":0.5434516523867808,"normalized_ads_buy":0.03333333333333333,"normalized_prize_rent":null,"normalized_ads_rent":0,"date":"2018-12-03T18:22:25.000Z","fill-opacity":0.4347613219094247,"fill":"#ff0000"},"bbox":[-3.72366,40.325,-3.72903,40.33],"geometry":{"type":"Polygon","coordinates":[[[-3.72366,40.33],[-3.72903,40.33],[-3.72903,40.325],[-3.72366,40.325],[-3.72366,40.33]]]}},{"type":"Feature","properties":{"name":"Getafe--piece--6-1--gCloud","number_of_ads_buy":3,"average_prize_buy":3014.73,"number_of_ads_rent":0,"average_prize_rent":0,"normalized_prize_buy":1,"normalized_ads_buy":0.1,"normalized_prize_rent":null,"normalized_ads_rent":0,"date":"2018-12-03T18:22:34.000Z","fill-opacity":0.8,"fill":"#ff0000"},"bbox":[-3.72366,40.32,-3.72903,40.325],"geometry":{"type":"Polygon","coordinates":[[[-3.72366,40.325],[-3.72903,40.325],[-3.72903,40.32],[-3.72366,40.32],[-3.72366,40.325]]]}},{"type":"Feature","properties":{"name":"Getafe--piece--6-2--gCloud","number_of_ads_buy":12,"average_prize_buy":2233.21,"number_of_ads_rent":3,"average_prize_rent":9.74915,"normalized_prize_buy":0.7407661714316042,"normalized_ads_buy":0.4,"normalized_prize_rent":null,"normalized_ads_rent":0.1,"date":"2018-12-03T18:22:48.000Z","fill-opacity":0.5926129371452834,"fill":"#ff0000"},"bbox":[-3.72366,40.315,-3.72903,40.32],"geometry":{"type":"Polygon","coordinates":[[[-3.72366,40.32],[-3.72903,40.32],[-3.72903,40.315],[-3.72366,40.315],[-3.72366,40.32]]]}},{"type":"Feature","properties":{"name":"Getafe--piece--6-3--gCloud","number_of_ads_buy":30,"average_prize_buy":1921.99,"number_of_ads_rent":10,"average_prize_rent":9.35017,"normalized_prize_buy":0.6375330460770948,"normalized_ads_buy":1,"normalized_prize_rent":null,"normalized_ads_rent":0.3333333333333333,"date":"2018-12-03T18:22:58.000Z","fill-opacity":0.5100264368616759,"fill":"#ff0000"},"bbox":[-3.72366,40.31,-3.72903,40.315],"geometry":{"type":"Polygon","coordinates":[[[-3.72366,40.315],[-3.72903,40.315],[-3.72903,40.31],[-3.72366,40.31],[-3.72366,40.315]]]}},{"type":"Feature","properties":{"name":"Getafe--piece--6-4--gCloud","number_of_ads_buy":30,"average_prize_buy":2008.18,"number_of_ads_rent":9,"average_prize_rent":10.5306,"normalized_prize_buy":0.6661226710186319,"normalized_ads_buy":1,"normalized_prize_rent":null,"normalized_ads_rent":0.3,"date":"2018-12-03T18:23:06.000Z","fill-opacity":0.5328981368149055,"fill":"#ff0000"},"bbox":[-3.72366,40.305,-3.72903,40.31],"geometry":{"type":"Polygon","coordinates":[[[-3.72366,40.31],[-3.72903,40.31],[-3.72903,40.305],[-3.72366,40.305],[-3.72366,40.31]]]}},{"type":"Feature","properties":{"name":"Getafe--piece--6-5--gCloud","number_of_ads_buy":11,"average_prize_buy":1670.49,"number_of_ads_rent":3,"average_prize_rent":10.5369,"normalized_prize_buy":0.5541093232229752,"normalized_ads_buy":0.36666666666666664,"normalized_prize_rent":null,"normalized_ads_rent":0.1,"date":"2018-12-03T18:23:11.000Z","fill-opacity":0.4432874585783802,"fill":"#ff0000"},"bbox":[-3.72366,40.2999,-3.72903,40.305],"geometry":{"type":"Polygon","coordinates":[[[-3.72366,40.305],[-3.72903,40.305],[-3.72903,40.2999],[-3.72366,40.2999],[-3.72366,40.305]]]}},{"type":"Feature","properties":{"name":"Getafe--piece--6-6--gCloud","number_of_ads_buy":0,"average_prize_buy":0,"number_of_ads_rent":0,"average_prize_rent":0,"normalized_prize_buy":0,"normalized_ads_buy":0,"normalized_prize_rent":null,"normalized_ads_rent":0,"date":"2018-12-03T18:23:17.000Z","fill-opacity":0,"fill":"#ff0000"},"bbox":[-3.72366,40.2949,-3.72903,40.2999],"geometry":{"type":"Polygon","coordinates":[[[-3.72366,40.2999],[-3.72903,40.2999],[-3.72903,40.2949],[-3.72366,40.2949],[-3.72366,40.2999]]]}},{"type":"Feature","properties":{"name":"Getafe--piece--6-7--gCloud","number_of_ads_buy":0,"average_prize_buy":0,"number_of_ads_rent":0,"average_prize_rent":0,"normalized_prize_buy":0,"normalized_ads_buy":0,"normalized_prize_rent":null,"normalized_ads_rent":0,"date":"2018-12-03T18:23:41.000Z","fill-opacity":0,"fill":"#ff0000"},"bbox":[-3.72366,40.2899,-3.72903,40.2949],"geometry":{"type":"Polygon","coordinates":[[[-3.72366,40.2949],[-3.72903,40.2949],[-3.72903,40.2899],[-3.72366,40.2899],[-3.72366,40.2949]]]}},{"type":"Feature","properties":{"name":"Getafe--piece--6-8--gCloud","number_of_ads_buy":0,"average_prize_buy":0,"number_of_ads_rent":0,"average_prize_rent":0,"normalized_prize_buy":0,"normalized_ads_buy":0,"normalized_prize_rent":null,"normalized_ads_rent":0,"date":"2018-12-03T18:24:06.000Z","fill-opacity":0,"fill":"#ff0000"},"bbox":[-3.72366,40.2849,-3.72903,40.2899],"geometry":{"type":"Polygon","coordinates":[[[-3.72366,40.2899],[-3.72903,40.2899],[-3.72903,40.2849],[-3.72366,40.2849],[-3.72366,40.2899]]]}},{"type":"Feature","properties":{"name":"Getafe--piece--6-9--gCloud","number_of_ads_buy":0,"average_prize_buy":0,"number_of_ads_rent":0,"average_prize_rent":0,"normalized_prize_buy":0,"normalized_ads_buy":0,"normalized_prize_rent":null,"normalized_ads_rent":0,"date":"2018-12-03T18:24:15.000Z","fill-opacity":0,"fill":"#ff0000"},"bbox":[-3.72366,40.2799,-3.72903,40.2849],"geometry":{"type":"Polygon","coordinates":[[[-3.72366,40.2849],[-3.72903,40.2849],[-3.72903,40.2799],[-3.72366,40.2799],[-3.72366,40.2849]]]}},{"type":"Feature","properties":{"name":"Getafe--piece--7-0--gCloud","number_of_ads_buy":7,"average_prize_buy":2452.14,"number_of_ads_rent":0,"average_prize_rent":0,"normalized_prize_buy":0.8133862733976176,"normalized_ads_buy":0.23333333333333334,"normalized_prize_rent":null,"normalized_ads_rent":0,"date":"2018-12-03T18:24:24.000Z","fill-opacity":0.6507090187180942,"fill":"#ff0000"},"bbox":[-3.71829,40.325,-3.72366,40.33],"geometry":{"type":"Polygon","coordinates":[[[-3.71829,40.33],[-3.72366,40.33],[-3.72366,40.325],[-3.71829,40.325],[-3.71829,40.33]]]}},{"type":"Feature","properties":{"name":"Getafe--piece--7-1--gCloud","number_of_ads_buy":10,"average_prize_buy":1854.13,"number_of_ads_rent":4,"average_prize_rent":9.1719,"normalized_prize_buy":0.6150235676163371,"normalized_ads_buy":0.3333333333333333,"normalized_prize_rent":null,"normalized_ads_rent":0.13333333333333333,"date":"2018-12-03T18:24:34.000Z","fill-opacity":0.4920188540930697,"fill":"#ff0000"},"bbox":[-3.71829,40.32,-3.72366,40.325],"geometry":{"type":"Polygon","coordinates":[[[-3.71829,40.325],[-3.72366,40.325],[-3.72366,40.32],[-3.71829,40.32],[-3.71829,40.325]]]}},{"type":"Feature","properties":{"name":"Getafe--piece--7-2--gCloud","number_of_ads_buy":10,"average_prize_buy":1979.48,"number_of_ads_rent":0,"average_prize_rent":0,"normalized_prize_buy":0.6566027471780226,"normalized_ads_buy":0.3333333333333333,"normalized_prize_rent":null,"normalized_ads_rent":0,"date":"2018-12-03T18:24:45.000Z","fill-opacity":0.5252821977424181,"fill":"#ff0000"},"bbox":[-3.71829,40.315,-3.72366,40.32],"geometry":{"type":"Polygon","coordinates":[[[-3.71829,40.32],[-3.72366,40.32],[-3.72366,40.315],[-3.71829,40.315],[-3.71829,40.32]]]}},{"type":"Feature","properties":{"name":"Getafe--piece--7-3--gCloud","number_of_ads_buy":30,"average_prize_buy":1908.95,"number_of_ads_rent":7,"average_prize_rent":9.48123,"normalized_prize_buy":0.6332076172658911,"normalized_ads_buy":1,"normalized_prize_rent":null,"normalized_ads_rent":0.23333333333333334,"date":"2018-12-03T18:24:58.000Z","fill-opacity":0.5065660938127129,"fill":"#ff0000"},"bbox":[-3.71829,40.31,-3.72366,40.315],"geometry":{"type":"Polygon","coordinates":[[[-3.71829,40.315],[-3.72366,40.315],[-3.72366,40.31],[-3.71829,40.31],[-3.71829,40.315]]]}},{"type":"Feature","properties":{"name":"Getafe--piece--7-4--gCloud","number_of_ads_buy":13,"average_prize_buy":1670.63,"number_of_ads_rent":3,"average_prize_rent":9.68434,"normalized_prize_buy":0.5541557618758562,"normalized_ads_buy":0.43333333333333335,"normalized_prize_rent":null,"normalized_ads_rent":0.1,"date":"2018-12-03T18:25:07.000Z","fill-opacity":0.44332460950068503,"fill":"#ff0000"},"bbox":[-3.71829,40.305,-3.72366,40.31],"geometry":{"type":"Polygon","coordinates":[[[-3.71829,40.31],[-3.72366,40.31],[-3.72366,40.305],[-3.71829,40.305],[-3.71829,40.31]]]}},{"type":"Feature","properties":{"name":"Getafe--piece--7-5--gCloud","number_of_ads_buy":0,"average_prize_buy":0,"number_of_ads_rent":0,"average_prize_rent":0,"normalized_prize_buy":0,"normalized_ads_buy":0,"normalized_prize_rent":null,"normalized_ads_rent":0,"date":"2018-12-03T18:25:12.000Z","fill-opacity":0,"fill":"#ff0000"},"bbox":[-3.71829,40.2999,-3.72366,40.305],"geometry":{"type":"Polygon","coordinates":[[[-3.71829,40.305],[-3.72366,40.305],[-3.72366,40.2999],[-3.71829,40.2999],[-3.71829,40.305]]]}},{"type":"Feature","properties":{"name":"Getafe--piece--7-6--gCloud","number_of_ads_buy":0,"average_prize_buy":0,"number_of_ads_rent":0,"average_prize_rent":0,"normalized_prize_buy":0,"normalized_ads_buy":0,"normalized_prize_rent":null,"normalized_ads_rent":0,"date":"2018-12-03T18:25:22.000Z","fill-opacity":0,"fill":"#ff0000"},"bbox":[-3.71829,40.2949,-3.72366,40.2999],"geometry":{"type":"Polygon","coordinates":[[[-3.71829,40.2999],[-3.72366,40.2999],[-3.72366,40.2949],[-3.71829,40.2949],[-3.71829,40.2999]]]}},{"type":"Feature","properties":{"name":"Getafe--piece--7-7--gCloud","number_of_ads_buy":0,"average_prize_buy":0,"number_of_ads_rent":0,"average_prize_rent":0,"normalized_prize_buy":0,"normalized_ads_buy":0,"normalized_prize_rent":null,"normalized_ads_rent":0,"date":"2018-12-03T18:25:40.000Z","fill-opacity":0,"fill":"#ff0000"},"bbox":[-3.71829,40.2899,-3.72366,40.2949],"geometry":{"type":"Polygon","coordinates":[[[-3.71829,40.2949],[-3.72366,40.2949],[-3.72366,40.2899],[-3.71829,40.2899],[-3.71829,40.2949]]]}},{"type":"Feature","properties":{"name":"Getafe--piece--7-8--gCloud","number_of_ads_buy":0,"average_prize_buy":0,"number_of_ads_rent":0,"average_prize_rent":0,"normalized_prize_buy":0,"normalized_ads_buy":0,"normalized_prize_rent":null,"normalized_ads_rent":0,"date":"2018-12-03T18:25:50.000Z","fill-opacity":0,"fill":"#ff0000"},"bbox":[-3.71829,40.2849,-3.72366,40.2899],"geometry":{"type":"Polygon","coordinates":[[[-3.71829,40.2899],[-3.72366,40.2899],[-3.72366,40.2849],[-3.71829,40.2849],[-3.71829,40.2899]]]}},{"type":"Feature","properties":{"name":"Getafe--piece--7-9--gCloud","number_of_ads_buy":0,"average_prize_buy":0,"number_of_ads_rent":0,"average_prize_rent":0,"normalized_prize_buy":0,"normalized_ads_buy":0,"normalized_prize_rent":null,"normalized_ads_rent":0,"date":"2018-12-03T18:25:58.000Z","fill-opacity":0,"fill":"#ff0000"},"bbox":[-3.71829,40.2799,-3.72366,40.2849],"geometry":{"type":"Polygon","coordinates":[[[-3.71829,40.2849],[-3.72366,40.2849],[-3.72366,40.2799],[-3.71829,40.2799],[-3.71829,40.2849]]]}},{"type":"Feature","properties":{"name":"Getafe--piece--8-0--gCloud","number_of_ads_buy":1,"average_prize_buy":2400,"number_of_ads_rent":0,"average_prize_rent":0,"normalized_prize_buy":0.7960911922460718,"normalized_ads_buy":0.03333333333333333,"normalized_prize_rent":null,"normalized_ads_rent":0,"date":"2018-12-03T18:26:07.000Z","fill-opacity":0.6368729537968575,"fill":"#ff0000"},"bbox":[-3.71292,40.325,-3.71829,40.33],"geometry":{"type":"Polygon","coordinates":[[[-3.71292,40.33],[-3.71829,40.33],[-3.71829,40.325],[-3.71292,40.325],[-3.71292,40.33]]]}},{"type":"Feature","properties":{"name":"Getafe--piece--8-1--gCloud","number_of_ads_buy":7,"average_prize_buy":1973.46,"number_of_ads_rent":1,"average_prize_rent":4.61538,"normalized_prize_buy":0.6546058851041386,"normalized_ads_buy":0.23333333333333334,"normalized_prize_rent":null,"normalized_ads_rent":0.03333333333333333,"date":"2018-12-03T18:26:12.000Z","fill-opacity":0.5236847080833109,"fill":"#ff0000"},"bbox":[-3.71292,40.32,-3.71829,40.325],"geometry":{"type":"Polygon","coordinates":[[[-3.71292,40.325],[-3.71829,40.325],[-3.71829,40.32],[-3.71292,40.32],[-3.71292,40.325]]]}},{"type":"Feature","properties":{"name":"Getafe--piece--8-2--gCloud","number_of_ads_buy":10,"average_prize_buy":1816.42,"number_of_ads_rent":1,"average_prize_rent":9.18605,"normalized_prize_buy":0.6025149847581708,"normalized_ads_buy":0.3333333333333333,"normalized_prize_rent":null,"normalized_ads_rent":0.03333333333333333,"date":"2018-12-03T18:26:21.000Z","fill-opacity":0.48201198780653665,"fill":"#ff0000"},"bbox":[-3.71292,40.315,-3.71829,40.32],"geometry":{"type":"Polygon","coordinates":[[[-3.71292,40.32],[-3.71829,40.32],[-3.71829,40.315],[-3.71292,40.315],[-3.71292,40.32]]]}},{"type":"Feature","properties":{"name":"Getafe--piece--8-3--gCloud","number_of_ads_buy":30,"average_prize_buy":1845.11,"number_of_ads_rent":0,"average_prize_rent":0,"normalized_prize_buy":0.6120315915521456,"normalized_ads_buy":1,"normalized_prize_rent":null,"normalized_ads_rent":0,"date":"2018-12-03T18:26:32.000Z","fill-opacity":0.4896252732417165,"fill":"#ff0000"},"bbox":[-3.71292,40.31,-3.71829,40.315],"geometry":{"type":"Polygon","coordinates":[[[-3.71292,40.315],[-3.71829,40.315],[-3.71829,40.31],[-3.71292,40.31],[-3.71292,40.315]]]}},{"type":"Feature","properties":{"name":"Getafe--piece--8-4--gCloud","number_of_ads_buy":24,"average_prize_buy":1768.4,"number_of_ads_rent":0,"average_prize_rent":0,"normalized_prize_buy":0.5865865268199806,"normalized_ads_buy":0.8,"normalized_prize_rent":null,"normalized_ads_rent":0,"date":"2018-12-03T18:26:38.000Z","fill-opacity":0.4692692214559845,"fill":"#ff0000"},"bbox":[-3.71292,40.305,-3.71829,40.31],"geometry":{"type":"Polygon","coordinates":[[[-3.71292,40.31],[-3.71829,40.31],[-3.71829,40.305],[-3.71292,40.305],[-3.71292,40.31]]]}},{"type":"Feature","properties":{"name":"Getafe--piece--8-5--gCloud","number_of_ads_buy":0,"average_prize_buy":0,"number_of_ads_rent":0,"average_prize_rent":0,"normalized_prize_buy":0,"normalized_ads_buy":0,"normalized_prize_rent":null,"normalized_ads_rent":0,"date":"2018-12-03T18:26:44.000Z","fill-opacity":0,"fill":"#ff0000"},"bbox":[-3.71292,40.2999,-3.71829,40.305],"geometry":{"type":"Polygon","coordinates":[[[-3.71292,40.305],[-3.71829,40.305],[-3.71829,40.2999],[-3.71292,40.2999],[-3.71292,40.305]]]}},{"type":"Feature","properties":{"name":"Getafe--piece--8-6--gCloud","number_of_ads_buy":0,"average_prize_buy":0,"number_of_ads_rent":0,"average_prize_rent":0,"normalized_prize_buy":0,"normalized_ads_buy":0,"normalized_prize_rent":null,"normalized_ads_rent":0,"date":"2018-12-03T18:26:55.000Z","fill-opacity":0,"fill":"#ff0000"},"bbox":[-3.71292,40.2949,-3.71829,40.2999],"geometry":{"type":"Polygon","coordinates":[[[-3.71292,40.2999],[-3.71829,40.2999],[-3.71829,40.2949],[-3.71292,40.2949],[-3.71292,40.2999]]]}},{"type":"Feature","properties":{"name":"Getafe--piece--8-7--gCloud","number_of_ads_buy":0,"average_prize_buy":0,"number_of_ads_rent":0,"average_prize_rent":0,"normalized_prize_buy":0,"normalized_ads_buy":0,"normalized_prize_rent":null,"normalized_ads_rent":0,"date":"2018-12-03T18:27:01.000Z","fill-opacity":0,"fill":"#ff0000"},"bbox":[-3.71292,40.2899,-3.71829,40.2949],"geometry":{"type":"Polygon","coordinates":[[[-3.71292,40.2949],[-3.71829,40.2949],[-3.71829,40.2899],[-3.71292,40.2899],[-3.71292,40.2949]]]}},{"type":"Feature","properties":{"name":"Getafe--piece--8-8--gCloud","number_of_ads_buy":0,"average_prize_buy":0,"number_of_ads_rent":0,"average_prize_rent":0,"normalized_prize_buy":0,"normalized_ads_buy":0,"normalized_prize_rent":null,"normalized_ads_rent":0,"date":"2018-12-03T18:27:11.000Z","fill-opacity":0,"fill":"#ff0000"},"bbox":[-3.71292,40.2849,-3.71829,40.2899],"geometry":{"type":"Polygon","coordinates":[[[-3.71292,40.2899],[-3.71829,40.2899],[-3.71829,40.2849],[-3.71292,40.2849],[-3.71292,40.2899]]]}},{"type":"Feature","properties":{"name":"Getafe--piece--8-9--gCloud","number_of_ads_buy":0,"average_prize_buy":0,"number_of_ads_rent":0,"average_prize_rent":0,"normalized_prize_buy":0,"normalized_ads_buy":0,"normalized_prize_rent":null,"normalized_ads_rent":0,"date":"2018-12-03T18:27:26.000Z","fill-opacity":0,"fill":"#ff0000"},"bbox":[-3.71292,40.2799,-3.71829,40.2849],"geometry":{"type":"Polygon","coordinates":[[[-3.71292,40.2849],[-3.71829,40.2849],[-3.71829,40.2799],[-3.71292,40.2799],[-3.71292,40.2849]]]}},{"type":"Feature","properties":{"name":"Getafe--piece--9-0--gCloud","number_of_ads_buy":0,"average_prize_buy":0,"number_of_ads_rent":0,"average_prize_rent":0,"normalized_prize_buy":0,"normalized_ads_buy":0,"normalized_prize_rent":null,"normalized_ads_rent":0,"date":"2018-12-03T18:27:34.000Z","fill-opacity":0,"fill":"#ff0000"},"bbox":[-3.70755,40.325,-3.71292,40.33],"geometry":{"type":"Polygon","coordinates":[[[-3.70755,40.33],[-3.71292,40.33],[-3.71292,40.325],[-3.70755,40.325],[-3.70755,40.33]]]}},{"type":"Feature","properties":{"name":"Getafe--piece--9-1--gCloud","number_of_ads_buy":2,"average_prize_buy":2038.02,"number_of_ads_rent":0,"average_prize_rent":0,"normalized_prize_buy":0.676020738175558,"normalized_ads_buy":0.06666666666666667,"normalized_prize_rent":null,"normalized_ads_rent":0,"date":"2018-12-03T18:27:46.000Z","fill-opacity":0.5408165905404464,"fill":"#ff0000"},"bbox":[-3.70755,40.32,-3.71292,40.325],"geometry":{"type":"Polygon","coordinates":[[[-3.70755,40.325],[-3.71292,40.325],[-3.71292,40.32],[-3.70755,40.32],[-3.70755,40.325]]]}},{"type":"Feature","properties":{"name":"Getafe--piece--9-2--gCloud","number_of_ads_buy":11,"average_prize_buy":2127.84,"number_of_ads_rent":0,"average_prize_rent":0,"normalized_prize_buy":0.7058144510453673,"normalized_ads_buy":0.36666666666666664,"normalized_prize_rent":null,"normalized_ads_rent":0,"date":"2018-12-03T18:27:56.000Z","fill-opacity":0.5646515608362939,"fill":"#ff0000"},"bbox":[-3.70755,40.315,-3.71292,40.32],"geometry":{"type":"Polygon","coordinates":[[[-3.70755,40.32],[-3.71292,40.32],[-3.71292,40.315],[-3.70755,40.315],[-3.70755,40.32]]]}},{"type":"Feature","properties":{"name":"Getafe--piece--9-3--gCloud","number_of_ads_buy":2,"average_prize_buy":2147.22,"number_of_ads_rent":0,"average_prize_rent":0,"normalized_prize_buy":0.7122428874227542,"normalized_ads_buy":0.06666666666666667,"normalized_prize_rent":null,"normalized_ads_rent":0,"date":"2018-12-03T18:28:05.000Z","fill-opacity":0.5697943099382033,"fill":"#ff0000"},"bbox":[-3.70755,40.31,-3.71292,40.315],"geometry":{"type":"Polygon","coordinates":[[[-3.70755,40.315],[-3.71292,40.315],[-3.71292,40.31],[-3.70755,40.31],[-3.70755,40.315]]]}},{"type":"Feature","properties":{"name":"Getafe--piece--9-4--gCloud","number_of_ads_buy":2,"average_prize_buy":2230.81,"number_of_ads_rent":0,"average_prize_rent":0,"normalized_prize_buy":0.7399700802393581,"normalized_ads_buy":0.06666666666666667,"normalized_prize_rent":null,"normalized_ads_rent":0,"date":"2018-12-03T18:28:10.000Z","fill-opacity":0.5919760641914865,"fill":"#ff0000"},"bbox":[-3.70755,40.305,-3.71292,40.31],"geometry":{"type":"Polygon","coordinates":[[[-3.70755,40.31],[-3.71292,40.31],[-3.71292,40.305],[-3.70755,40.305],[-3.70755,40.31]]]}},{"type":"Feature","properties":{"name":"Getafe--piece--9-5--gCloud","number_of_ads_buy":0,"average_prize_buy":0,"number_of_ads_rent":0,"average_prize_rent":0,"normalized_prize_buy":0,"normalized_ads_buy":0,"normalized_prize_rent":null,"normalized_ads_rent":0,"date":"2018-12-03T18:28:16.000Z","fill-opacity":0,"fill":"#ff0000"},"bbox":[-3.70755,40.2999,-3.71292,40.305],"geometry":{"type":"Polygon","coordinates":[[[-3.70755,40.305],[-3.71292,40.305],[-3.71292,40.2999],[-3.70755,40.2999],[-3.70755,40.305]]]}},{"type":"Feature","properties":{"name":"Getafe--piece--9-6--gCloud","number_of_ads_buy":0,"average_prize_buy":0,"number_of_ads_rent":0,"average_prize_rent":0,"normalized_prize_buy":0,"normalized_ads_buy":0,"normalized_prize_rent":null,"normalized_ads_rent":0,"date":"2018-12-03T18:28:28.000Z","fill-opacity":0,"fill":"#ff0000"},"bbox":[-3.70755,40.2949,-3.71292,40.2999],"geometry":{"type":"Polygon","coordinates":[[[-3.70755,40.2999],[-3.71292,40.2999],[-3.71292,40.2949],[-3.70755,40.2949],[-3.70755,40.2999]]]}},{"type":"Feature","properties":{"name":"Getafe--piece--9-7--gCloud","number_of_ads_buy":0,"average_prize_buy":0,"number_of_ads_rent":0,"average_prize_rent":0,"normalized_prize_buy":0,"normalized_ads_buy":0,"normalized_prize_rent":null,"normalized_ads_rent":0,"date":"2018-12-03T18:28:34.000Z","fill-opacity":0,"fill":"#ff0000"},"bbox":[-3.70755,40.2899,-3.71292,40.2949],"geometry":{"type":"Polygon","coordinates":[[[-3.70755,40.2949],[-3.71292,40.2949],[-3.71292,40.2899],[-3.70755,40.2899],[-3.70755,40.2949]]]}},{"type":"Feature","properties":{"name":"Getafe--piece--9-8--gCloud","number_of_ads_buy":0,"average_prize_buy":0,"number_of_ads_rent":0,"average_prize_rent":0,"normalized_prize_buy":0,"normalized_ads_buy":0,"normalized_prize_rent":null,"normalized_ads_rent":0,"date":"2018-12-03T18:28:39.000Z","fill-opacity":0,"fill":"#ff0000"},"bbox":[-3.70755,40.2849,-3.71292,40.2899],"geometry":{"type":"Polygon","coordinates":[[[-3.70755,40.2899],[-3.71292,40.2899],[-3.71292,40.2849],[-3.70755,40.2849],[-3.70755,40.2899]]]}},{"type":"Feature","properties":{"name":"Getafe--piece--9-9--gCloud","number_of_ads_buy":0,"average_prize_buy":0,"number_of_ads_rent":0,"average_prize_rent":0,"normalized_prize_buy":0,"normalized_ads_buy":0,"normalized_prize_rent":null,"normalized_ads_rent":0,"date":"2018-12-03T18:28:45.000Z","fill-opacity":0,"fill":"#ff0000"},"bbox":[-3.70755,40.2799,-3.71292,40.2849],"geometry":{"type":"Polygon","coordinates":[[[-3.70755,40.2849],[-3.71292,40.2849],[-3.71292,40.2799],[-3.70755,40.2799],[-3.70755,40.2849]]]}}]}