{"type":"FeatureCollection","features":[{"type":"Feature","properties":{"name":"Getafe--2806501002--raspberryOld","number_of_ads_buy":15,"average_prize_buy":2378.82,"number_of_ads_rent":2,"average_prize_rent":9.21154,"normalized_prize_buy":0.5492846521164877,"normalized_ads_buy":0.5,"normalized_prize_rent":null,"normalized_ads_rent":0.06666666666666667,"date":"2018-12-07T08:46:32.000Z","fill-opacity":0.43942772169319017,"fill":"#ff0000"},"bbox":[-3.73297,40.3016,-3.73574,40.3048],"geometry":{"type":"Polygon","coordinates":[[[-3.73297,40.3048],[-3.73574,40.3048],[-3.73574,40.3016],[-3.73297,40.3016],[-3.73297,40.3048]]]}},{"type":"Feature","properties":{"name":"Getafe--2806501003--raspberryOld","number_of_ads_buy":10,"average_prize_buy":2216.51,"number_of_ads_rent":5,"average_prize_rent":10.4582,"normalized_prize_buy":0.511806241860551,"normalized_ads_buy":0.3333333333333333,"normalized_prize_rent":null,"normalized_ads_rent":0.16666666666666666,"date":"2018-12-07T08:46:51.000Z","fill-opacity":0.4094449934884408,"fill":"#ff0000"},"bbox":[-3.72905,40.3064,-3.73212,40.3095],"geometry":{"type":"Polygon","coordinates":[[[-3.72905,40.3095],[-3.73212,40.3095],[-3.73212,40.3064],[-3.72905,40.3064],[-3.72905,40.3095]]]}},{"type":"Feature","properties":{"name":"Getafe--2806501004--raspberryOld","number_of_ads_buy":11,"average_prize_buy":4330.76,"number_of_ads_rent":4,"average_prize_rent":12.5546,"normalized_prize_buy":1,"normalized_ads_buy":0.36666666666666664,"normalized_prize_rent":null,"normalized_ads_rent":0.13333333333333333,"date":"2018-12-07T08:47:10.000Z","fill-opacity":0.8,"fill":"#ff0000"},"bbox":[-3.72645,40.3053,-3.73099,40.307],"geometry":{"type":"Polygon","coordinates":[[[-3.72645,40.307],[-3.73099,40.307],[-3.73099,40.3053],[-3.72645,40.3053],[-3.72645,40.307]]]}},{"type":"Feature","properties":{"name":"Getafe--2806501005--raspberryOld","number_of_ads_buy":12,"average_prize_buy":2092.79,"number_of_ads_rent":2,"average_prize_rent":10.4649,"normalized_prize_buy":0.4832385077907803,"normalized_ads_buy":0.4,"normalized_prize_rent":null,"normalized_ads_rent":0.06666666666666667,"date":"2018-12-07T08:47:30.000Z","fill-opacity":0.38659080623262426,"fill":"#ff0000"},"bbox":[-3.72488,40.3052,-3.72702,40.3088],"geometry":{"type":"Polygon","coordinates":[[[-3.72488,40.3088],[-3.72702,40.3088],[-3.72702,40.3052],[-3.72488,40.3052],[-3.72488,40.3088]]]}},{"type":"Feature","properties":{"name":"Getafe--2806501006--raspberryOld","number_of_ads_buy":13,"average_prize_buy":1666.07,"number_of_ads_rent":3,"average_prize_rent":11.9864,"normalized_prize_buy":0.3847061485743841,"normalized_ads_buy":0.43333333333333335,"normalized_prize_rent":null,"normalized_ads_rent":0.1,"date":"2018-12-07T08:47:48.000Z","fill-opacity":0.3077649188595073,"fill":"#ff0000"},"bbox":[-3.72474,40.3024,-3.72966,40.3059],"geometry":{"type":"Polygon","coordinates":[[[-3.72474,40.3059],[-3.72966,40.3059],[-3.72966,40.3024],[-3.72474,40.3024],[-3.72474,40.3059]]]}},{"type":"Feature","properties":{"name":"Getafe--2806501007--raspberryOld","number_of_ads_buy":5,"average_prize_buy":2123.75,"number_of_ads_rent":0,"average_prize_rent":0,"normalized_prize_buy":0.4903873684988316,"normalized_ads_buy":0.16666666666666666,"normalized_prize_rent":null,"normalized_ads_rent":0,"date":"2018-12-07T08:48:07.000Z","fill-opacity":0.3923098947990653,"fill":"#ff0000"},"bbox":[-3.72793,40.3006,-3.73081,40.3017],"geometry":{"type":"Polygon","coordinates":[[[-3.72793,40.3017],[-3.73081,40.3017],[-3.73081,40.3006],[-3.72793,40.3006],[-3.72793,40.3017]]]}},{"type":"Feature","properties":{"name":"Getafe--2806501008--raspberryOld","number_of_ads_buy":19,"average_prize_buy":2212.26,"number_of_ads_rent":0,"average_prize_rent":0,"normalized_prize_buy":0.5108248898576694,"normalized_ads_buy":0.6333333333333333,"normalized_prize_rent":null,"normalized_ads_rent":0,"date":"2018-12-07T08:48:30.000Z","fill-opacity":0.40865991188613554,"fill":"#ff0000"},"bbox":[-3.73079,40.3012,-3.7335,40.3023],"geometry":{"type":"Polygon","coordinates":[[[-3.73079,40.3023],[-3.7335,40.3023],[-3.7335,40.3012],[-3.73079,40.3012],[-3.73079,40.3023]]]}},{"type":"Feature","properties":{"name":"Getafe--2806501009--raspberryOld","number_of_ads_buy":12,"average_prize_buy":4002.52,"number_of_ads_rent":2,"average_prize_rent":9.27451,"normalized_prize_buy":0.9242072984880252,"normalized_ads_buy":0.4,"normalized_prize_rent":null,"normalized_ads_rent":0.06666666666666667,"date":"2018-12-07T08:48:49.000Z","fill-opacity":0.7393658387904202,"fill":"#ff0000"},"bbox":[-3.7294,40.3036,-3.73235,40.3064],"geometry":{"type":"Polygon","coordinates":[[[-3.7294,40.3064],[-3.73235,40.3064],[-3.73235,40.3036],[-3.7294,40.3036],[-3.7294,40.3064]]]}},{"type":"Feature","properties":{"name":"Getafe--2806501010--raspberryOld","number_of_ads_buy":9,"average_prize_buy":2227.57,"number_of_ads_rent":0,"average_prize_rent":0,"normalized_prize_buy":0.5143600661315797,"normalized_ads_buy":0.3,"normalized_prize_rent":null,"normalized_ads_rent":0,"date":"2018-12-07T08:49:09.000Z","fill-opacity":0.4114880529052638,"fill":"#ff0000"},"bbox":[-3.73351,40.3043,-3.73551,40.3076],"geometry":{"type":"Polygon","coordinates":[[[-3.73351,40.3076],[-3.73551,40.3076],[-3.73551,40.3043],[-3.73351,40.3043],[-3.73351,40.3076]]]}},{"type":"Feature","properties":{"name":"Getafe--2806501011--raspberryOld","number_of_ads_buy":18,"average_prize_buy":2054,"number_of_ads_rent":1,"average_prize_rent":11.8824,"normalized_prize_buy":0.4742816503338906,"normalized_ads_buy":0.6,"normalized_prize_rent":null,"normalized_ads_rent":0.03333333333333333,"date":"2018-12-07T08:49:31.000Z","fill-opacity":0.3794253202671125,"fill":"#ff0000"},"bbox":[-3.73099,40.3031,-3.7345,40.3071],"geometry":{"type":"Polygon","coordinates":[[[-3.73099,40.3071],[-3.7345,40.3071],[-3.7345,40.3031],[-3.73099,40.3031],[-3.73099,40.3071]]]}},{"type":"Feature","properties":{"name":"Getafe--2806501012--raspberryOld","number_of_ads_buy":13,"average_prize_buy":1787.29,"number_of_ads_rent":0,"average_prize_rent":0,"normalized_prize_buy":0.4126966167601067,"normalized_ads_buy":0.43333333333333335,"normalized_prize_rent":null,"normalized_ads_rent":0,"date":"2018-12-07T08:49:50.000Z","fill-opacity":0.3301572934080854,"fill":"#ff0000"},"bbox":[-3.7306,40.3005,-3.73358,40.3017],"geometry":{"type":"Polygon","coordinates":[[[-3.7306,40.3017],[-3.73358,40.3017],[-3.73358,40.3005],[-3.7306,40.3005],[-3.7306,40.3017]]]}},{"type":"Feature","properties":{"name":"Getafe--2806501013--raspberryOld","number_of_ads_buy":4,"average_prize_buy":899.535,"number_of_ads_rent":2,"average_prize_rent":7.85141,"normalized_prize_buy":0.20770834680287062,"normalized_ads_buy":0.13333333333333333,"normalized_prize_rent":null,"normalized_ads_rent":0.06666666666666667,"date":"2018-12-07T08:50:09.000Z","fill-opacity":0.16616667744229652,"fill":"#ff0000"},"bbox":[-3.72764,40.3026,-3.73081,40.305],"geometry":{"type":"Polygon","coordinates":[[[-3.72764,40.305],[-3.73081,40.305],[-3.73081,40.3026],[-3.72764,40.3026],[-3.72764,40.305]]]}},{"type":"Feature","properties":{"name":"Getafe--2806501014--raspberryOld","number_of_ads_buy":30,"average_prize_buy":1881.21,"number_of_ads_rent":13,"average_prize_rent":9.33527,"normalized_prize_buy":0.43438334149202446,"normalized_ads_buy":1,"normalized_prize_rent":null,"normalized_ads_rent":0.43333333333333335,"date":"2018-12-07T08:50:37.000Z","fill-opacity":0.3475066731936196,"fill":"#ff0000"},"bbox":[-3.70282,40.2669,-3.75045,40.3051],"geometry":{"type":"Polygon","coordinates":[[[-3.70282,40.3051],[-3.75045,40.3051],[-3.75045,40.2669],[-3.70282,40.2669],[-3.70282,40.3051]]]}},{"type":"Feature","properties":{"name":"Getafe--2806501015--raspberryOld","number_of_ads_buy":10,"average_prize_buy":1723.08,"number_of_ads_rent":0,"average_prize_rent":0,"normalized_prize_buy":0.3978701197942162,"normalized_ads_buy":0.3333333333333333,"normalized_prize_rent":null,"normalized_ads_rent":0,"date":"2018-12-07T08:50:56.000Z","fill-opacity":0.318296095835373,"fill":"#ff0000"},"bbox":[-3.73039,40.2998,-3.73359,40.3011],"geometry":{"type":"Polygon","coordinates":[[[-3.73039,40.3011],[-3.73359,40.3011],[-3.73359,40.2998],[-3.73039,40.2998],[-3.73039,40.3011]]]}},{"type":"Feature","properties":{"name":"Getafe--2806501016--raspberryOld","number_of_ads_buy":14,"average_prize_buy":2169.31,"number_of_ads_rent":3,"average_prize_rent":9.24854,"normalized_prize_buy":0.5009074619697235,"normalized_ads_buy":0.4666666666666667,"normalized_prize_rent":null,"normalized_ads_rent":0.1,"date":"2018-12-07T08:51:17.000Z","fill-opacity":0.4007259695757788,"fill":"#ff0000"},"bbox":[-3.73055,40.3068,-3.73478,40.31],"geometry":{"type":"Polygon","coordinates":[[[-3.73055,40.31],[-3.73478,40.31],[-3.73478,40.3068],[-3.73055,40.3068],[-3.73055,40.31]]]}},{"type":"Feature","properties":{"name":"Getafe--2806501017--raspberryOld","number_of_ads_buy":11,"average_prize_buy":2491.8,"number_of_ads_rent":4,"average_prize_rent":10.4706,"normalized_prize_buy":0.5753724519483878,"normalized_ads_buy":0.36666666666666664,"normalized_prize_rent":null,"normalized_ads_rent":0.13333333333333333,"date":"2018-12-07T08:51:35.000Z","fill-opacity":0.4602979615587103,"fill":"#ff0000"},"bbox":[-3.72966,40.302,-3.73324,40.3046],"geometry":{"type":"Polygon","coordinates":[[[-3.72966,40.3046],[-3.73324,40.3046],[-3.73324,40.302],[-3.72966,40.302],[-3.72966,40.3046]]]}},{"type":"Feature","properties":{"name":"Getafe--2806501018--raspberryOld","number_of_ads_buy":5,"average_prize_buy":1967.56,"number_of_ads_rent":1,"average_prize_rent":11.4286,"normalized_prize_buy":0.45432210512704463,"normalized_ads_buy":0.16666666666666666,"normalized_prize_rent":null,"normalized_ads_rent":0.03333333333333333,"date":"2018-12-07T08:51:52.000Z","fill-opacity":0.3634576841016357,"fill":"#ff0000"},"bbox":[-3.72733,40.3016,-3.73081,40.3026],"geometry":{"type":"Polygon","coordinates":[[[-3.72733,40.3026],[-3.73081,40.3026],[-3.73081,40.3016],[-3.72733,40.3016],[-3.72733,40.3026]]]}},{"type":"Feature","properties":{"name":"Getafe--2806501019--raspberryOld","number_of_ads_buy":16,"average_prize_buy":2009.07,"number_of_ads_rent":6,"average_prize_rent":10.4447,"normalized_prize_buy":0.4639070278657787,"normalized_ads_buy":0.5333333333333333,"normalized_prize_rent":null,"normalized_ads_rent":0.2,"date":"2018-12-07T08:52:11.000Z","fill-opacity":0.37112562229262297,"fill":"#ff0000"},"bbox":[-3.727,40.3064,-3.73052,40.3091],"geometry":{"type":"Polygon","coordinates":[[[-3.727,40.3091],[-3.73052,40.3091],[-3.73052,40.3064],[-3.727,40.3064],[-3.727,40.3091]]]}},{"type":"Feature","properties":{"name":"Getafe--2806502001--raspberryOld","number_of_ads_buy":10,"average_prize_buy":1968.07,"number_of_ads_rent":2,"average_prize_rent":9.5,"normalized_prize_buy":0.45443986736739045,"normalized_ads_buy":0.3333333333333333,"normalized_prize_rent":null,"normalized_ads_rent":0.06666666666666667,"date":"2018-12-07T08:52:33.000Z","fill-opacity":0.3635518938939124,"fill":"#ff0000"},"bbox":[-3.72991,40.3095,-3.73363,40.3126],"geometry":{"type":"Polygon","coordinates":[[[-3.72991,40.3126],[-3.73363,40.3126],[-3.73363,40.3095],[-3.72991,40.3095],[-3.72991,40.3126]]]}},{"type":"Feature","properties":{"name":"Getafe--2806502002--raspberryOld","number_of_ads_buy":4,"average_prize_buy":1966.95,"number_of_ads_rent":2,"average_prize_rent":9.5,"normalized_prize_buy":0.45418125225133693,"normalized_ads_buy":0.13333333333333333,"normalized_prize_rent":null,"normalized_ads_rent":0.06666666666666667,"date":"2018-12-07T08:52:57.000Z","fill-opacity":0.36334500180106954,"fill":"#ff0000"},"bbox":[-3.72915,40.3111,-3.73189,40.3129],"geometry":{"type":"Polygon","coordinates":[[[-3.72915,40.3129],[-3.73189,40.3129],[-3.73189,40.3111],[-3.72915,40.3111],[-3.72915,40.3129]]]}},{"type":"Feature","properties":{"name":"Getafe--2806502003--raspberryOld","number_of_ads_buy":10,"average_prize_buy":2047.88,"number_of_ads_rent":4,"average_prize_rent":9.76538,"normalized_prize_buy":0.4728685034497409,"normalized_ads_buy":0.3333333333333333,"normalized_prize_rent":null,"normalized_ads_rent":0.13333333333333333,"date":"2018-12-07T08:53:16.000Z","fill-opacity":0.37829480275979277,"fill":"#ff0000"},"bbox":[-3.72439,40.3112,-3.72754,40.3135],"geometry":{"type":"Polygon","coordinates":[[[-3.72439,40.3135],[-3.72754,40.3135],[-3.72754,40.3112],[-3.72439,40.3112],[-3.72439,40.3135]]]}},{"type":"Feature","properties":{"name":"Getafe--2806502004--raspberryOld","number_of_ads_buy":3,"average_prize_buy":1710.61,"number_of_ads_rent":1,"average_prize_rent":11.5625,"normalized_prize_buy":0.3949907175645845,"normalized_ads_buy":0.1,"normalized_prize_rent":null,"normalized_ads_rent":0.03333333333333333,"date":"2018-12-07T08:53:35.000Z","fill-opacity":0.3159925740516676,"fill":"#ff0000"},"bbox":[-3.72378,40.3167,-3.7259,40.3192],"geometry":{"type":"Polygon","coordinates":[[[-3.72378,40.3192],[-3.7259,40.3192],[-3.7259,40.3167],[-3.72378,40.3167],[-3.72378,40.3192]]]}},{"type":"Feature","properties":{"name":"Getafe--2806502005--raspberryOld","number_of_ads_buy":7,"average_prize_buy":1663.52,"number_of_ads_rent":2,"average_prize_rent":11.5625,"normalized_prize_buy":0.38411733737265513,"normalized_ads_buy":0.23333333333333334,"normalized_prize_rent":null,"normalized_ads_rent":0.06666666666666667,"date":"2018-12-07T08:53:54.000Z","fill-opacity":0.30729386989812413,"fill":"#ff0000"},"bbox":[-3.72305,40.3162,-3.72594,40.3183],"geometry":{"type":"Polygon","coordinates":[[[-3.72305,40.3183],[-3.72594,40.3183],[-3.72594,40.3162],[-3.72305,40.3162],[-3.72305,40.3183]]]}},{"type":"Feature","properties":{"name":"Getafe--2806502006--raspberryOld","number_of_ads_buy":4,"average_prize_buy":1666.14,"number_of_ads_rent":2,"average_prize_rent":11.3368,"normalized_prize_buy":0.38472231201913754,"normalized_ads_buy":0.13333333333333333,"normalized_prize_rent":null,"normalized_ads_rent":0.06666666666666667,"date":"2018-12-07T08:54:13.000Z","fill-opacity":0.3077778496153101,"fill":"#ff0000"},"bbox":[-3.72261,40.3161,-3.72534,40.3178],"geometry":{"type":"Polygon","coordinates":[[[-3.72261,40.3178],[-3.72534,40.3178],[-3.72534,40.3161],[-3.72261,40.3161],[-3.72261,40.3178]]]}},{"type":"Feature","properties":{"name":"Getafe--2806502007--raspberryOld","number_of_ads_buy":2,"average_prize_buy":1604.4,"number_of_ads_rent":2,"average_prize_rent":11.1867,"normalized_prize_buy":0.3704661537466865,"normalized_ads_buy":0.06666666666666667,"normalized_prize_rent":null,"normalized_ads_rent":0.06666666666666667,"date":"2018-12-07T08:54:36.000Z","fill-opacity":0.29637292299734924,"fill":"#ff0000"},"bbox":[-3.72172,40.3159,-3.72405,40.3176],"geometry":{"type":"Polygon","coordinates":[[[-3.72172,40.3176],[-3.72405,40.3176],[-3.72405,40.3159],[-3.72172,40.3159],[-3.72172,40.3176]]]}},{"type":"Feature","properties":{"name":"Getafe--2806502009--raspberryOld","number_of_ads_buy":5,"average_prize_buy":1683.89,"number_of_ads_rent":3,"average_prize_rent":9.12345,"normalized_prize_buy":0.3888208997958788,"normalized_ads_buy":0.16666666666666666,"normalized_prize_rent":null,"normalized_ads_rent":0.1,"date":"2018-12-07T08:54:52.000Z","fill-opacity":0.3110567198367031,"fill":"#ff0000"},"bbox":[-3.72511,40.3087,-3.72761,40.3112],"geometry":{"type":"Polygon","coordinates":[[[-3.72511,40.3112],[-3.72761,40.3112],[-3.72761,40.3087],[-3.72511,40.3087],[-3.72511,40.3112]]]}},{"type":"Feature","properties":{"name":"Getafe--2806502010--raspberryOld","number_of_ads_buy":19,"average_prize_buy":2094.59,"number_of_ads_rent":8,"average_prize_rent":9.13098,"normalized_prize_buy":0.483654139227295,"normalized_ads_buy":0.6333333333333333,"normalized_prize_rent":null,"normalized_ads_rent":0.26666666666666666,"date":"2018-12-07T08:55:11.000Z","fill-opacity":0.386923311381836,"fill":"#ff0000"},"bbox":[-3.7258,40.3087,-3.72905,40.3127],"geometry":{"type":"Polygon","coordinates":[[[-3.7258,40.3127],[-3.72905,40.3127],[-3.72905,40.3087],[-3.7258,40.3087],[-3.7258,40.3127]]]}},{"type":"Feature","properties":{"name":"Getafe--2806502011--raspberryOld","number_of_ads_buy":1,"average_prize_buy":2269.33,"number_of_ads_rent":1,"average_prize_rent":7.5,"normalized_prize_buy":0.5240027154587186,"normalized_ads_buy":0.03333333333333333,"normalized_prize_rent":null,"normalized_ads_rent":0.03333333333333333,"date":"2018-12-07T08:55:34.000Z","fill-opacity":0.4192021723669749,"fill":"#ff0000"},"bbox":[-3.72751,40.3108,-3.72991,40.3128],"geometry":{"type":"Polygon","coordinates":[[[-3.72751,40.3128],[-3.72991,40.3128],[-3.72991,40.3108],[-3.72751,40.3108],[-3.72751,40.3128]]]}},{"type":"Feature","properties":{"name":"Getafe--2806502012--raspberryOld","number_of_ads_buy":4,"average_prize_buy":2227.3,"number_of_ads_rent":3,"average_prize_rent":9.95971,"normalized_prize_buy":0.5142977214161025,"normalized_ads_buy":0.13333333333333333,"normalized_prize_rent":null,"normalized_ads_rent":0.1,"date":"2018-12-07T08:55:52.000Z","fill-opacity":0.41143817713288205,"fill":"#ff0000"},"bbox":[-3.72873,40.3121,-3.73202,40.3165],"geometry":{"type":"Polygon","coordinates":[[[-3.72873,40.3165],[-3.73202,40.3165],[-3.73202,40.3121],[-3.72873,40.3121],[-3.72873,40.3165]]]}},{"type":"Feature","properties":{"name":"Getafe--2806502013--raspberryOld","number_of_ads_buy":18,"average_prize_buy":2536.53,"number_of_ads_rent":3,"average_prize_rent":9.94359,"normalized_prize_buy":0.5857008931457758,"normalized_ads_buy":0.6,"normalized_prize_rent":null,"normalized_ads_rent":0.1,"date":"2018-12-07T08:56:11.000Z","fill-opacity":0.4685607145166206,"fill":"#ff0000"},"bbox":[-3.72549,40.3126,-3.73051,40.3265],"geometry":{"type":"Polygon","coordinates":[[[-3.72549,40.3265],[-3.73051,40.3265],[-3.73051,40.3126],[-3.72549,40.3126],[-3.72549,40.3265]]]}},{"type":"Feature","properties":{"name":"Getafe--2806502014--raspberryOld","number_of_ads_buy":16,"average_prize_buy":2219.35,"number_of_ads_rent":4,"average_prize_rent":9.18441,"normalized_prize_buy":0.5124620159048295,"normalized_ads_buy":0.5333333333333333,"normalized_prize_rent":null,"normalized_ads_rent":0.13333333333333333,"date":"2018-12-07T08:56:30.000Z","fill-opacity":0.4099696127238637,"fill":"#ff0000"},"bbox":[-3.72224,40.3124,-3.72746,40.3163],"geometry":{"type":"Polygon","coordinates":[[[-3.72224,40.3163],[-3.72746,40.3163],[-3.72746,40.3124],[-3.72224,40.3124],[-3.72224,40.3163]]]}},{"type":"Feature","properties":{"name":"Getafe--2806502015--raspberryOld","number_of_ads_buy":11,"average_prize_buy":2043.9,"number_of_ads_rent":2,"average_prize_rent":10.3618,"normalized_prize_buy":0.4719494961623364,"normalized_ads_buy":0.36666666666666664,"normalized_prize_rent":null,"normalized_ads_rent":0.06666666666666667,"date":"2018-12-07T08:56:50.000Z","fill-opacity":0.3775595969298691,"fill":"#ff0000"},"bbox":[-3.72834,40.3091,-3.73064,40.3111],"geometry":{"type":"Polygon","coordinates":[[[-3.72834,40.3111],[-3.73064,40.3111],[-3.73064,40.3091],[-3.72834,40.3091],[-3.72834,40.3111]]]}},{"type":"Feature","properties":{"name":"Getafe--2806502016--raspberryOld","number_of_ads_buy":27,"average_prize_buy":1935.45,"number_of_ads_rent":9,"average_prize_rent":9.76189,"normalized_prize_buy":0.44690770211233133,"normalized_ads_buy":0.9,"normalized_prize_rent":null,"normalized_ads_rent":0.3,"date":"2018-12-07T08:57:12.000Z","fill-opacity":0.35752616168986506,"fill":"#ff0000"},"bbox":[-3.71579,40.3155,-3.72666,40.3241],"geometry":{"type":"Polygon","coordinates":[[[-3.71579,40.3241],[-3.72666,40.3241],[-3.72666,40.3155],[-3.71579,40.3155],[-3.71579,40.3241]]]}},{"type":"Feature","properties":{"name":"Getafe--2806502017--raspberryOld","number_of_ads_buy":21,"average_prize_buy":1997.26,"number_of_ads_rent":5,"average_prize_rent":8.2606,"normalized_prize_buy":0.46118002382953566,"normalized_ads_buy":0.7,"normalized_prize_rent":null,"normalized_ads_rent":0.16666666666666666,"date":"2018-12-07T08:57:33.000Z","fill-opacity":0.36894401906362856,"fill":"#ff0000"},"bbox":[-3.71243,40.3186,-3.72218,40.3249],"geometry":{"type":"Polygon","coordinates":[[[-3.71243,40.3249],[-3.72218,40.3249],[-3.72218,40.3186],[-3.71243,40.3186],[-3.71243,40.3249]]]}},{"type":"Feature","properties":{"name":"Getafe--2806502018--raspberryOld","number_of_ads_buy":8,"average_prize_buy":2372.16,"number_of_ads_rent":2,"average_prize_rent":8.48214,"normalized_prize_buy":0.5477468158013835,"normalized_ads_buy":0.26666666666666666,"normalized_prize_rent":null,"normalized_ads_rent":0.06666666666666667,"date":"2018-12-07T08:57:55.000Z","fill-opacity":0.4381974526411068,"fill":"#ff0000"},"bbox":[-3.71999,40.3229,-3.72624,40.3258],"geometry":{"type":"Polygon","coordinates":[[[-3.71999,40.3258],[-3.72624,40.3258],[-3.72624,40.3229],[-3.71999,40.3229],[-3.71999,40.3258]]]}},{"type":"Feature","properties":{"name":"Getafe--2806502019--raspberryOld","number_of_ads_buy":3,"average_prize_buy":1989.42,"number_of_ads_rent":1,"average_prize_rent":6.08696,"normalized_prize_buy":0.459369718017161,"normalized_ads_buy":0.1,"normalized_prize_rent":null,"normalized_ads_rent":0.03333333333333333,"date":"2018-12-07T08:58:15.000Z","fill-opacity":0.3674957744137288,"fill":"#ff0000"},"bbox":[-3.71286,40.3233,-3.72011,40.3291],"geometry":{"type":"Polygon","coordinates":[[[-3.71286,40.3291],[-3.72011,40.3291],[-3.72011,40.3233],[-3.71286,40.3233],[-3.71286,40.3291]]]}},{"type":"Feature","properties":{"name":"Getafe--2806502020--raspberryOld","number_of_ads_buy":18,"average_prize_buy":1904.78,"number_of_ads_rent":1,"average_prize_rent":4.61538,"normalized_prize_buy":0.43982580424682965,"normalized_ads_buy":0.6,"normalized_prize_rent":null,"normalized_ads_rent":0.03333333333333333,"date":"2018-12-07T08:58:35.000Z","fill-opacity":0.35186064339746376,"fill":"#ff0000"},"bbox":[-3.70934,40.3172,-3.71679,40.3254],"geometry":{"type":"Polygon","coordinates":[[[-3.70934,40.3254],[-3.71679,40.3254],[-3.71679,40.3172],[-3.70934,40.3172],[-3.70934,40.3254]]]}},{"type":"Feature","properties":{"name":"Getafe--2806502021--raspberryOld","number_of_ads_buy":9,"average_prize_buy":2413.91,"number_of_ads_rent":0,"average_prize_rent":0,"normalized_prize_buy":0.5573871560649862,"normalized_ads_buy":0.3,"normalized_prize_rent":null,"normalized_ads_rent":0,"date":"2018-12-07T08:58:53.000Z","fill-opacity":0.445909724851989,"fill":"#ff0000"},"bbox":[-3.71652,40.3249,-3.72588,40.3328],"geometry":{"type":"Polygon","coordinates":[[[-3.71652,40.3328],[-3.72588,40.3328],[-3.72588,40.3249],[-3.71652,40.3249],[-3.71652,40.3328]]]}},{"type":"Feature","properties":{"name":"Getafe--2806503001--raspberryOld","number_of_ads_buy":16,"average_prize_buy":1924.62,"number_of_ads_rent":2,"average_prize_rent":11.7222,"normalized_prize_buy":0.44440698630263503,"normalized_ads_buy":0.5333333333333333,"normalized_prize_rent":null,"normalized_ads_rent":0.06666666666666667,"date":"2018-12-07T08:59:17.000Z","fill-opacity":0.35552558904210807,"fill":"#ff0000"},"bbox":[-3.73585,40.295,-3.73922,40.3041],"geometry":{"type":"Polygon","coordinates":[[[-3.73585,40.3041],[-3.73922,40.3041],[-3.73922,40.295],[-3.73585,40.295],[-3.73585,40.3041]]]}},{"type":"Feature","properties":{"name":"Getafe--2806503002--raspberryOld","number_of_ads_buy":9,"average_prize_buy":1772.7,"number_of_ads_rent":0,"average_prize_rent":0,"normalized_prize_buy":0.40932769306080224,"normalized_ads_buy":0.3,"normalized_prize_rent":null,"normalized_ads_rent":0,"date":"2018-12-07T08:59:36.000Z","fill-opacity":0.3274621544486418,"fill":"#ff0000"},"bbox":[-3.73785,40.3049,-3.73977,40.3064],"geometry":{"type":"Polygon","coordinates":[[[-3.73785,40.3064],[-3.73977,40.3064],[-3.73977,40.3049],[-3.73785,40.3049],[-3.73785,40.3064]]]}},{"type":"Feature","properties":{"name":"Getafe--2806503003--raspberryOld","number_of_ads_buy":12,"average_prize_buy":1741.57,"number_of_ads_rent":0,"average_prize_rent":0,"normalized_prize_buy":0.4021395782726357,"normalized_ads_buy":0.4,"normalized_prize_rent":null,"normalized_ads_rent":0,"date":"2018-12-07T08:59:58.000Z","fill-opacity":0.3217116626181086,"fill":"#ff0000"},"bbox":[-3.73818,40.3062,-3.74017,40.308],"geometry":{"type":"Polygon","coordinates":[[[-3.73818,40.308],[-3.74017,40.308],[-3.74017,40.3062],[-3.73818,40.3062],[-3.73818,40.308]]]}},{"type":"Feature","properties":{"name":"Getafe--2806503004--raspberryOld","number_of_ads_buy":3,"average_prize_buy":1903.22,"number_of_ads_rent":0,"average_prize_rent":0,"normalized_prize_buy":0.4394655903351836,"normalized_ads_buy":0.1,"normalized_prize_rent":null,"normalized_ads_rent":0,"date":"2018-12-07T09:00:27.000Z","fill-opacity":0.3515724722681469,"fill":"#ff0000"},"bbox":[-3.73837,40.3078,-3.74042,40.309],"geometry":{"type":"Polygon","coordinates":[[[-3.73837,40.309],[-3.74042,40.309],[-3.74042,40.3078],[-3.73837,40.3078],[-3.73837,40.309]]]}},{"type":"Feature","properties":{"name":"Getafe--2806503005--raspberryOld","number_of_ads_buy":6,"average_prize_buy":2072.59,"number_of_ads_rent":0,"average_prize_rent":0,"normalized_prize_buy":0.478574199447672,"normalized_ads_buy":0.2,"normalized_prize_rent":null,"normalized_ads_rent":0,"date":"2018-12-07T09:00:49.000Z","fill-opacity":0.3828593595581376,"fill":"#ff0000"},"bbox":[-3.73657,40.3087,-3.74056,40.3099],"geometry":{"type":"Polygon","coordinates":[[[-3.73657,40.3099],[-3.74056,40.3099],[-3.74056,40.3087],[-3.73657,40.3087],[-3.73657,40.3099]]]}},{"type":"Feature","properties":{"name":"Getafe--2806503006--raspberryOld","number_of_ads_buy":5,"average_prize_buy":1724.3,"number_of_ads_rent":1,"average_prize_rent":10.2632,"normalized_prize_buy":0.39815182554563167,"normalized_ads_buy":0.16666666666666666,"normalized_prize_rent":null,"normalized_ads_rent":0.03333333333333333,"date":"2018-12-07T09:01:08.000Z","fill-opacity":0.31852146043650537,"fill":"#ff0000"},"bbox":[-3.73699,40.3097,-3.74056,40.3124],"geometry":{"type":"Polygon","coordinates":[[[-3.73699,40.3124],[-3.74056,40.3124],[-3.74056,40.3097],[-3.73699,40.3097],[-3.73699,40.3124]]]}},{"type":"Feature","properties":{"name":"Getafe--2806503007--raspberryOld","number_of_ads_buy":18,"average_prize_buy":1896.79,"number_of_ads_rent":0,"average_prize_rent":0,"normalized_prize_buy":0.437980862481412,"normalized_ads_buy":0.6,"normalized_prize_rent":null,"normalized_ads_rent":0,"date":"2018-12-07T09:01:27.000Z","fill-opacity":0.3503846899851296,"fill":"#ff0000"},"bbox":[-3.73544,40.3011,-3.73711,40.3051],"geometry":{"type":"Polygon","coordinates":[[[-3.73544,40.3051],[-3.73711,40.3051],[-3.73711,40.3011],[-3.73544,40.3011],[-3.73544,40.3051]]]}},{"type":"Feature","properties":{"name":"Getafe--2806503008--raspberryOld","number_of_ads_buy":21,"average_prize_buy":2083.84,"number_of_ads_rent":0,"average_prize_rent":0,"normalized_prize_buy":0.4811718959258883,"normalized_ads_buy":0.7,"normalized_prize_rent":null,"normalized_ads_rent":0,"date":"2018-12-07T09:01:48.000Z","fill-opacity":0.3849375167407107,"fill":"#ff0000"},"bbox":[-3.73478,40.3049,-3.73853,40.3085],"geometry":{"type":"Polygon","coordinates":[[[-3.73478,40.3085],[-3.73853,40.3085],[-3.73853,40.3049],[-3.73478,40.3049],[-3.73478,40.3085]]]}},{"type":"Feature","properties":{"name":"Getafe--2806503009--raspberryOld","number_of_ads_buy":1,"average_prize_buy":2293.1,"number_of_ads_rent":2,"average_prize_rent":11.4286,"normalized_prize_buy":0.5294913594842475,"normalized_ads_buy":0.03333333333333333,"normalized_prize_rent":null,"normalized_ads_rent":0.06666666666666667,"date":"2018-12-07T09:02:08.000Z","fill-opacity":0.42359308758739805,"fill":"#ff0000"},"bbox":[-3.7361,40.3228,-3.74143,40.3284],"geometry":{"type":"Polygon","coordinates":[[[-3.7361,40.3284],[-3.74143,40.3284],[-3.74143,40.3228],[-3.7361,40.3228],[-3.7361,40.3284]]]}},{"type":"Feature","properties":{"name":"Getafe--2806503010--raspberryOld","number_of_ads_buy":20,"average_prize_buy":1851.45,"number_of_ads_rent":0,"average_prize_rent":0,"normalized_prize_buy":0.42751156840831633,"normalized_ads_buy":0.6666666666666666,"normalized_prize_rent":null,"normalized_ads_rent":0,"date":"2018-12-07T09:02:29.000Z","fill-opacity":0.3420092547266531,"fill":"#ff0000"},"bbox":[-3.73615,40.3024,-3.73785,40.3051],"geometry":{"type":"Polygon","coordinates":[[[-3.73615,40.3051],[-3.73785,40.3051],[-3.73785,40.3024],[-3.73615,40.3024],[-3.73615,40.3051]]]}},{"type":"Feature","properties":{"name":"Getafe--2806503011--raspberryOld","number_of_ads_buy":2,"average_prize_buy":2392.86,"number_of_ads_rent":0,"average_prize_rent":0,"normalized_prize_buy":0.5525265773213016,"normalized_ads_buy":0.06666666666666667,"normalized_prize_rent":null,"normalized_ads_rent":0,"date":"2018-12-07T09:02:51.000Z","fill-opacity":0.4420212618570413,"fill":"#ff0000"},"bbox":[-3.7365,40.3074,-3.73856,40.3087],"geometry":{"type":"Polygon","coordinates":[[[-3.7365,40.3087],[-3.73856,40.3087],[-3.73856,40.3074],[-3.7365,40.3074],[-3.7365,40.3087]]]}},{"type":"Feature","properties":{"name":"Getafe--2806503012--raspberryOld","number_of_ads_buy":4,"average_prize_buy":1788.71,"number_of_ads_rent":0,"average_prize_rent":0,"normalized_prize_buy":0.41302450378224603,"normalized_ads_buy":0.13333333333333333,"normalized_prize_rent":null,"normalized_ads_rent":0,"date":"2018-12-07T09:03:10.000Z","fill-opacity":0.33041960302579687,"fill":"#ff0000"},"bbox":[-3.73668,40.3097,-3.73973,40.3107],"geometry":{"type":"Polygon","coordinates":[[[-3.73668,40.3107],[-3.73973,40.3107],[-3.73973,40.3097],[-3.73668,40.3097],[-3.73668,40.3107]]]}},{"type":"Feature","properties":{"name":"Getafe--2806503013--raspberryOld","number_of_ads_buy":2,"average_prize_buy":1970.17,"number_of_ads_rent":2,"average_prize_rent":11.4286,"normalized_prize_buy":0.4549247707099908,"normalized_ads_buy":0.06666666666666667,"normalized_prize_rent":null,"normalized_ads_rent":0.06666666666666667,"date":"2018-12-07T09:03:29.000Z","fill-opacity":0.3639398165679927,"fill":"#ff0000"},"bbox":[-3.73536,40.3231,-3.73758,40.3271],"geometry":{"type":"Polygon","coordinates":[[[-3.73536,40.3271],[-3.73758,40.3271],[-3.73758,40.3231],[-3.73536,40.3231],[-3.73536,40.3271]]]}},{"type":"Feature","properties":{"name":"Getafe--2806503014--raspberryOld","number_of_ads_buy":9,"average_prize_buy":2015.9,"number_of_ads_rent":0,"average_prize_rent":0,"normalized_prize_buy":0.46548411826099806,"normalized_ads_buy":0.3,"normalized_prize_rent":null,"normalized_ads_rent":0,"date":"2018-12-07T09:03:48.000Z","fill-opacity":0.3723872946087985,"fill":"#ff0000"},"bbox":[-3.73515,40.3049,-3.73737,40.3065],"geometry":{"type":"Polygon","coordinates":[[[-3.73515,40.3065],[-3.73737,40.3065],[-3.73737,40.3049],[-3.73515,40.3049],[-3.73515,40.3065]]]}},{"type":"Feature","properties":{"name":"Getafe--2806503015--raspberryOld","number_of_ads_buy":7,"average_prize_buy":1672.98,"number_of_ads_rent":1,"average_prize_rent":12.7778,"normalized_prize_buy":0.386301711477893,"normalized_ads_buy":0.23333333333333334,"normalized_prize_rent":null,"normalized_ads_rent":0.03333333333333333,"date":"2018-12-07T09:04:10.000Z","fill-opacity":0.3090413691823144,"fill":"#ff0000"},"bbox":[-3.73746,40.3039,-3.73946,40.305],"geometry":{"type":"Polygon","coordinates":[[[-3.73746,40.305],[-3.73946,40.305],[-3.73946,40.3039],[-3.73746,40.3039],[-3.73746,40.305]]]}},{"type":"Feature","properties":{"name":"Getafe--2806503016--raspberryOld","number_of_ads_buy":10,"average_prize_buy":2733.17,"number_of_ads_rent":0,"average_prize_rent":0,"normalized_prize_buy":0.6311063185214604,"normalized_ads_buy":0.3333333333333333,"normalized_prize_rent":null,"normalized_ads_rent":0,"date":"2018-12-07T09:04:29.000Z","fill-opacity":0.5048850548171683,"fill":"#ff0000"},"bbox":[-3.73363,40.3076,-3.73788,40.3101],"geometry":{"type":"Polygon","coordinates":[[[-3.73363,40.3101],[-3.73788,40.3101],[-3.73788,40.3076],[-3.73363,40.3076],[-3.73363,40.3101]]]}},{"type":"Feature","properties":{"name":"Getafe--2806503017--raspberryOld","number_of_ads_buy":2,"average_prize_buy":2054.86,"number_of_ads_rent":0,"average_prize_rent":0,"normalized_prize_buy":0.47448022979800314,"normalized_ads_buy":0.06666666666666667,"normalized_prize_rent":null,"normalized_ads_rent":0,"date":"2018-12-07T09:04:47.000Z","fill-opacity":0.37958418383840253,"fill":"#ff0000"},"bbox":[-3.73823,40.2999,-3.74255,40.3039],"geometry":{"type":"Polygon","coordinates":[[[-3.73823,40.3039],[-3.74255,40.3039],[-3.74255,40.2999],[-3.73823,40.2999],[-3.73823,40.3039]]]}},{"type":"Feature","properties":{"name":"Getafe--2806503018--raspberryOld","number_of_ads_buy":5,"average_prize_buy":1727.66,"number_of_ads_rent":0,"average_prize_rent":0,"normalized_prize_buy":0.39892767089379233,"normalized_ads_buy":0.16666666666666666,"normalized_prize_rent":null,"normalized_ads_rent":0,"date":"2018-12-07T09:05:05.000Z","fill-opacity":0.3191421367150339,"fill":"#ff0000"},"bbox":[-3.73745,40.2956,-3.74309,40.3001],"geometry":{"type":"Polygon","coordinates":[[[-3.73745,40.3001],[-3.74309,40.3001],[-3.74309,40.2956],[-3.73745,40.2956],[-3.73745,40.3001]]]}},{"type":"Feature","properties":{"name":"Getafe--2806503019--raspberryOld","number_of_ads_buy":2,"average_prize_buy":1228.07,"number_of_ads_rent":0,"average_prize_rent":0,"normalized_prize_buy":0.28356916568916307,"normalized_ads_buy":0.06666666666666667,"normalized_prize_rent":null,"normalized_ads_rent":0,"date":"2018-12-07T09:05:25.000Z","fill-opacity":0.22685533255133047,"fill":"#ff0000"},"bbox":[-3.74174,40.2996,-3.74803,40.3034],"geometry":{"type":"Polygon","coordinates":[[[-3.74174,40.3034],[-3.74803,40.3034],[-3.74803,40.2996],[-3.74174,40.2996],[-3.74174,40.3034]]]}},{"type":"Feature","properties":{"name":"Getafe--2806503020--raspberryOld","number_of_ads_buy":1,"average_prize_buy":1306.12,"number_of_ads_rent":0,"average_prize_rent":0,"normalized_prize_buy":0.3015914065891437,"normalized_ads_buy":0.03333333333333333,"normalized_prize_rent":null,"normalized_ads_rent":0,"date":"2018-12-07T09:05:44.000Z","fill-opacity":0.24127312527131495,"fill":"#ff0000"},"bbox":[-3.74245,40.2973,-3.74677,40.2998],"geometry":{"type":"Polygon","coordinates":[[[-3.74245,40.2998],[-3.74677,40.2998],[-3.74677,40.2973],[-3.74245,40.2973],[-3.74245,40.2998]]]}},{"type":"Feature","properties":{"name":"Getafe--2806503021--raspberryOld","number_of_ads_buy":28,"average_prize_buy":2053.63,"number_of_ads_rent":3,"average_prize_rent":9.79242,"normalized_prize_buy":0.4741962149830515,"normalized_ads_buy":0.9333333333333333,"normalized_prize_rent":null,"normalized_ads_rent":0.1,"date":"2018-12-07T09:06:07.000Z","fill-opacity":0.3793569719864412,"fill":"#ff0000"},"bbox":[-3.73911,40.2933,-3.76154,40.3171],"geometry":{"type":"Polygon","coordinates":[[[-3.73911,40.3171],[-3.76154,40.3171],[-3.76154,40.2933],[-3.73911,40.2933],[-3.73911,40.3171]]]}},{"type":"Feature","properties":{"name":"Getafe--2806503022--raspberryOld","number_of_ads_buy":11,"average_prize_buy":1686.45,"number_of_ads_rent":0,"average_prize_rent":0,"normalized_prize_buy":0.389412020061144,"normalized_ads_buy":0.36666666666666664,"normalized_prize_rent":null,"normalized_ads_rent":0,"date":"2018-12-07T09:06:26.000Z","fill-opacity":0.3115296160489152,"fill":"#ff0000"},"bbox":[-3.73768,40.2927,-3.74523,40.2976],"geometry":{"type":"Polygon","coordinates":[[[-3.73768,40.2976],[-3.74523,40.2976],[-3.74523,40.2927],[-3.73768,40.2927],[-3.73768,40.2976]]]}},{"type":"Feature","properties":{"name":"Getafe--2806503023--raspberryOld","number_of_ads_buy":13,"average_prize_buy":1665.42,"number_of_ads_rent":0,"average_prize_rent":0,"normalized_prize_buy":0.3845560594445317,"normalized_ads_buy":0.43333333333333335,"normalized_prize_rent":null,"normalized_ads_rent":0,"date":"2018-12-07T09:06:47.000Z","fill-opacity":0.3076448475556254,"fill":"#ff0000"},"bbox":[-3.73946,40.2912,-3.75045,40.2976],"geometry":{"type":"Polygon","coordinates":[[[-3.73946,40.2976],[-3.75045,40.2976],[-3.75045,40.2912],[-3.73946,40.2912],[-3.73946,40.2976]]]}},{"type":"Feature","properties":{"name":"Getafe--2806503024--raspberryOld","number_of_ads_buy":4,"average_prize_buy":1790.04,"number_of_ads_rent":0,"average_prize_rent":0,"normalized_prize_buy":0.4133316092325596,"normalized_ads_buy":0.13333333333333333,"normalized_prize_rent":null,"normalized_ads_rent":0,"date":"2018-12-07T09:07:07.000Z","fill-opacity":0.3306652873860477,"fill":"#ff0000"},"bbox":[-3.74055,40.2886,-3.74778,40.2932],"geometry":{"type":"Polygon","coordinates":[[[-3.74055,40.2932],[-3.74778,40.2932],[-3.74778,40.2886],[-3.74055,40.2886],[-3.74055,40.2932]]]}},{"type":"Feature","properties":{"name":"Getafe--2806503025--raspberryOld","number_of_ads_buy":3,"average_prize_buy":1834.44,"number_of_ads_rent":1,"average_prize_rent":6.66667,"normalized_prize_buy":0.42358385133325327,"normalized_ads_buy":0.1,"normalized_prize_rent":null,"normalized_ads_rent":0.03333333333333333,"date":"2018-12-07T09:07:26.000Z","fill-opacity":0.3388670810666026,"fill":"#ff0000"},"bbox":[-3.74233,40.2855,-3.7492,40.2908],"geometry":{"type":"Polygon","coordinates":[[[-3.74233,40.2908],[-3.7492,40.2908],[-3.7492,40.2855],[-3.74233,40.2855],[-3.74233,40.2908]]]}},{"type":"Feature","properties":{"name":"Getafe--2806503026--raspberryOld","number_of_ads_buy":1,"average_prize_buy":1733.33,"number_of_ads_rent":0,"average_prize_rent":0,"normalized_prize_buy":0.4002369099188133,"normalized_ads_buy":0.03333333333333333,"normalized_prize_rent":null,"normalized_ads_rent":0,"date":"2018-12-07T09:07:45.000Z","fill-opacity":0.3201895279350506,"fill":"#ff0000"},"bbox":[-3.74558,40.2887,-3.75163,40.2943],"geometry":{"type":"Polygon","coordinates":[[[-3.74558,40.2943],[-3.75163,40.2943],[-3.75163,40.2887],[-3.74558,40.2887],[-3.74558,40.2943]]]}},{"type":"Feature","properties":{"name":"Getafe--2806503027--raspberryOld","number_of_ads_buy":1,"average_prize_buy":2311.23,"number_of_ads_rent":0,"average_prize_rent":0,"normalized_prize_buy":0.5336776916753642,"normalized_ads_buy":0.03333333333333333,"normalized_prize_rent":null,"normalized_ads_rent":0,"date":"2018-12-07T09:08:05.000Z","fill-opacity":0.42694215334029134,"fill":"#ff0000"},"bbox":[-3.74844,40.2903,-3.75398,40.2964],"geometry":{"type":"Polygon","coordinates":[[[-3.74844,40.2964],[-3.75398,40.2964],[-3.75398,40.2903],[-3.74844,40.2903],[-3.74844,40.2964]]]}},{"type":"Feature","properties":{"name":"Getafe--2806503028--raspberryOld","number_of_ads_buy":7,"average_prize_buy":1758.4,"number_of_ads_rent":1,"average_prize_rent":4.10959,"normalized_prize_buy":0.4060257322040473,"normalized_ads_buy":0.23333333333333334,"normalized_prize_rent":null,"normalized_ads_rent":0.03333333333333333,"date":"2018-12-07T09:08:26.000Z","fill-opacity":0.32482058576323786,"fill":"#ff0000"},"bbox":[-3.74423,40.2829,-3.7513,40.2887],"geometry":{"type":"Polygon","coordinates":[[[-3.74423,40.2887],[-3.7513,40.2887],[-3.7513,40.2829],[-3.74423,40.2829],[-3.74423,40.2887]]]}},{"type":"Feature","properties":{"name":"Getafe--2806503029--raspberryOld","number_of_ads_buy":16,"average_prize_buy":1714.62,"number_of_ads_rent":2,"average_prize_rent":5.07563,"normalized_prize_buy":0.39591665204259757,"normalized_ads_buy":0.5333333333333333,"normalized_prize_rent":null,"normalized_ads_rent":0.06666666666666667,"date":"2018-12-07T09:08:47.000Z","fill-opacity":0.3167333216340781,"fill":"#ff0000"},"bbox":[-3.74591,40.2816,-3.75457,40.2874],"geometry":{"type":"Polygon","coordinates":[[[-3.74591,40.2874],[-3.75457,40.2874],[-3.75457,40.2816],[-3.74591,40.2816],[-3.74591,40.2874]]]}},{"type":"Feature","properties":{"name":"Getafe--2806503030--raspberryOld","number_of_ads_buy":12,"average_prize_buy":2377.09,"number_of_ads_rent":3,"average_prize_rent":9.54262,"normalized_prize_buy":0.5488851841247264,"normalized_ads_buy":0.4,"normalized_prize_rent":null,"normalized_ads_rent":0.1,"date":"2018-12-07T09:09:05.000Z","fill-opacity":0.43910814729978115,"fill":"#ff0000"},"bbox":[-3.7327,40.3232,-3.73637,40.3312],"geometry":{"type":"Polygon","coordinates":[[[-3.7327,40.3312],[-3.73637,40.3312],[-3.73637,40.3232],[-3.7327,40.3232],[-3.7327,40.3312]]]}},{"type":"Feature","properties":{"name":"Getafe--2806503031--raspberryOld","number_of_ads_buy":5,"average_prize_buy":1741.77,"number_of_ads_rent":0,"average_prize_rent":0,"normalized_prize_buy":0.40218575954335956,"normalized_ads_buy":0.16666666666666666,"normalized_prize_rent":null,"normalized_ads_rent":0,"date":"2018-12-07T09:09:23.000Z","fill-opacity":0.32174860763468766,"fill":"#ff0000"},"bbox":[-3.7492,40.2865,-3.75721,40.2961],"geometry":{"type":"Polygon","coordinates":[[[-3.7492,40.2961],[-3.75721,40.2961],[-3.75721,40.2865],[-3.7492,40.2865],[-3.7492,40.2961]]]}},{"type":"Feature","properties":{"name":"Getafe--2806503032--raspberryOld","number_of_ads_buy":9,"average_prize_buy":1922.65,"number_of_ads_rent":0,"average_prize_rent":0,"normalized_prize_buy":0.4439521007860052,"normalized_ads_buy":0.3,"normalized_prize_rent":null,"normalized_ads_rent":0,"date":"2018-12-07T09:09:49.000Z","fill-opacity":0.3551616806288042,"fill":"#ff0000"},"bbox":[-3.75262,40.2858,-3.75948,40.2964],"geometry":{"type":"Polygon","coordinates":[[[-3.75262,40.2964],[-3.75948,40.2964],[-3.75948,40.2858],[-3.75262,40.2858],[-3.75262,40.2964]]]}},{"type":"Feature","properties":{"name":"Getafe--2806503033--raspberryOld","number_of_ads_buy":26,"average_prize_buy":2282.23,"number_of_ads_rent":24,"average_prize_rent":9.64571,"normalized_prize_buy":0.5269814074204066,"normalized_ads_buy":0.8666666666666667,"normalized_prize_rent":null,"normalized_ads_rent":0.8,"date":"2018-12-07T09:10:19.000Z","fill-opacity":0.42158512593632524,"fill":"#ff0000"},"bbox":[-3.72529,40.3099,-3.7393,40.329],"geometry":{"type":"Polygon","coordinates":[[[-3.72529,40.329],[-3.7393,40.329],[-3.7393,40.3099],[-3.72529,40.3099],[-3.72529,40.329]]]}},{"type":"Feature","properties":{"name":"Getafe--2806503034--raspberryOld","number_of_ads_buy":18,"average_prize_buy":1702.1,"number_of_ads_rent":1,"average_prize_rent":6.04167,"normalized_prize_buy":0.39302570449528484,"normalized_ads_buy":0.6,"normalized_prize_rent":null,"normalized_ads_rent":0.03333333333333333,"date":"2018-12-07T09:10:39.000Z","fill-opacity":0.3144205635962279,"fill":"#ff0000"},"bbox":[-3.74686,40.2762,-3.75732,40.2858],"geometry":{"type":"Polygon","coordinates":[[[-3.74686,40.2858],[-3.75732,40.2858],[-3.75732,40.2762],[-3.74686,40.2762],[-3.74686,40.2858]]]}},{"type":"Feature","properties":{"name":"Getafe--2806503035--raspberryOld","number_of_ads_buy":11,"average_prize_buy":1830.43,"number_of_ads_rent":0,"average_prize_rent":0,"normalized_prize_buy":0.4226579168552402,"normalized_ads_buy":0.36666666666666664,"normalized_prize_rent":null,"normalized_ads_rent":0,"date":"2018-12-07T09:10:57.000Z","fill-opacity":0.3381263334841922,"fill":"#ff0000"},"bbox":[-3.75457,40.2835,-3.76174,40.2955],"geometry":{"type":"Polygon","coordinates":[[[-3.75457,40.2955],[-3.76174,40.2955],[-3.76174,40.2835],[-3.75457,40.2835],[-3.75457,40.2955]]]}},{"type":"Feature","properties":{"name":"Getafe--2806503036--raspberryOld","number_of_ads_buy":14,"average_prize_buy":1657.51,"number_of_ads_rent":0,"average_prize_rent":0,"normalized_prize_buy":0.3827295901874036,"normalized_ads_buy":0.4666666666666667,"normalized_prize_rent":null,"normalized_ads_rent":0,"date":"2018-12-07T09:11:17.000Z","fill-opacity":0.3061836721499229,"fill":"#ff0000"},"bbox":[-3.73873,40.3158,-3.74499,40.3233],"geometry":{"type":"Polygon","coordinates":[[[-3.73873,40.3233],[-3.74499,40.3233],[-3.74499,40.3158],[-3.73873,40.3158],[-3.73873,40.3233]]]}},{"type":"Feature","properties":{"name":"Getafe--2806503037--raspberryOld","number_of_ads_buy":15,"average_prize_buy":1823.45,"number_of_ads_rent":1,"average_prize_rent":10.5556,"normalized_prize_buy":0.421046190506978,"normalized_ads_buy":0.5,"normalized_prize_rent":null,"normalized_ads_rent":0.03333333333333333,"date":"2018-12-07T09:11:38.000Z","fill-opacity":0.3368369524055824,"fill":"#ff0000"},"bbox":[-3.73499,40.3124,-3.74351,40.3196],"geometry":{"type":"Polygon","coordinates":[[[-3.73499,40.3196],[-3.74351,40.3196],[-3.74351,40.3124],[-3.73499,40.3124],[-3.73499,40.3196]]]}},{"type":"Feature","properties":{"name":"Getafe--2806503038--raspberryOld","number_of_ads_buy":10,"average_prize_buy":2067.31,"number_of_ads_rent":1,"average_prize_rent":10.5556,"normalized_prize_buy":0.47735501390056245,"normalized_ads_buy":0.3333333333333333,"normalized_prize_rent":null,"normalized_ads_rent":0.03333333333333333,"date":"2018-12-07T09:11:57.000Z","fill-opacity":0.38188401112045,"fill":"#ff0000"},"bbox":[-3.73055,40.3173,-3.73954,40.3237],"geometry":{"type":"Polygon","coordinates":[[[-3.73055,40.3237],[-3.73954,40.3237],[-3.73954,40.3173],[-3.73055,40.3173],[-3.73055,40.3237]]]}},{"type":"Feature","properties":{"name":"Getafe--2806503039--raspberryOld","number_of_ads_buy":29,"average_prize_buy":2781.6,"number_of_ads_rent":5,"average_prize_rent":9.43984,"normalized_prize_buy":0.6422891132272395,"normalized_ads_buy":0.9666666666666667,"normalized_prize_rent":null,"normalized_ads_rent":0.16666666666666666,"date":"2018-12-07T09:12:22.000Z","fill-opacity":0.5138312905817916,"fill":"#ff0000"},"bbox":[-3.72268,40.3225,-3.73393,40.335],"geometry":{"type":"Polygon","coordinates":[[[-3.72268,40.335],[-3.73393,40.335],[-3.73393,40.3225],[-3.72268,40.3225],[-3.72268,40.335]]]}},{"type":"Feature","properties":{"name":"Getafe--2806503040--raspberryOld","number_of_ads_buy":4,"average_prize_buy":1946.85,"number_of_ads_rent":3,"average_prize_rent":11.1376,"normalized_prize_buy":0.4495400345435905,"normalized_ads_buy":0.13333333333333333,"normalized_prize_rent":null,"normalized_ads_rent":0.1,"date":"2018-12-07T09:12:40.000Z","fill-opacity":0.3596320276348724,"fill":"#ff0000"},"bbox":[-3.73671,40.3205,-3.74233,40.3252],"geometry":{"type":"Polygon","coordinates":[[[-3.73671,40.3252],[-3.74233,40.3252],[-3.74233,40.3205],[-3.73671,40.3205],[-3.73671,40.3252]]]}},{"type":"Feature","properties":{"name":"Getafe--2806504001--raspberryOld","number_of_ads_buy":17,"average_prize_buy":1850.53,"number_of_ads_rent":4,"average_prize_rent":10.8676,"normalized_prize_buy":0.4272991345629866,"normalized_ads_buy":0.5666666666666667,"normalized_prize_rent":null,"normalized_ads_rent":0.13333333333333333,"date":"2018-12-07T09:13:01.000Z","fill-opacity":0.34183930765038933,"fill":"#ff0000"},"bbox":[-3.72297,40.3104,-3.7258,40.312],"geometry":{"type":"Polygon","coordinates":[[[-3.72297,40.312],[-3.7258,40.312],[-3.7258,40.3104],[-3.72297,40.3104],[-3.72297,40.312]]]}},{"type":"Feature","properties":{"name":"Getafe--2806504002--raspberryOld","number_of_ads_buy":15,"average_prize_buy":2023.18,"number_of_ads_rent":4,"average_prize_rent":10.0345,"normalized_prize_buy":0.46716511651534603,"normalized_ads_buy":0.5,"normalized_prize_rent":null,"normalized_ads_rent":0.13333333333333333,"date":"2018-12-07T09:13:22.000Z","fill-opacity":0.37373209321227685,"fill":"#ff0000"},"bbox":[-3.72047,40.3112,-3.72482,40.3143],"geometry":{"type":"Polygon","coordinates":[[[-3.72047,40.3143],[-3.72482,40.3143],[-3.72482,40.3112],[-3.72047,40.3112],[-3.72047,40.3143]]]}},{"type":"Feature","properties":{"name":"Getafe--2806504003--raspberryOld","number_of_ads_buy":13,"average_prize_buy":1887.23,"number_of_ads_rent":2,"average_prize_rent":7.80172,"normalized_prize_buy":0.4357733977408122,"normalized_ads_buy":0.43333333333333335,"normalized_prize_rent":null,"normalized_ads_rent":0.06666666666666667,"date":"2018-12-07T09:13:47.000Z","fill-opacity":0.3486187181926498,"fill":"#ff0000"},"bbox":[-3.72024,40.3126,-3.72372,40.3163],"geometry":{"type":"Polygon","coordinates":[[[-3.72024,40.3163],[-3.72372,40.3163],[-3.72372,40.3126],[-3.72024,40.3126],[-3.72024,40.3163]]]}},{"type":"Feature","properties":{"name":"Getafe--2806504004--raspberryOld","number_of_ads_buy":4,"average_prize_buy":2359.94,"number_of_ads_rent":0,"average_prize_rent":0,"normalized_prize_buy":0.5449251401601566,"normalized_ads_buy":0.13333333333333333,"normalized_prize_rent":null,"normalized_ads_rent":0,"date":"2018-12-07T09:14:05.000Z","fill-opacity":0.4359401121281253,"fill":"#ff0000"},"bbox":[-3.71965,40.3153,-3.72214,40.3171],"geometry":{"type":"Polygon","coordinates":[[[-3.71965,40.3171],[-3.72214,40.3171],[-3.72214,40.3153],[-3.71965,40.3153],[-3.71965,40.3171]]]}},{"type":"Feature","properties":{"name":"Getafe--2806504005--raspberryOld","number_of_ads_buy":5,"average_prize_buy":1685.5,"number_of_ads_rent":0,"average_prize_rent":0,"normalized_prize_buy":0.3891926590252057,"normalized_ads_buy":0.16666666666666666,"normalized_prize_rent":null,"normalized_ads_rent":0,"date":"2018-12-07T09:14:23.000Z","fill-opacity":0.3113541272201646,"fill":"#ff0000"},"bbox":[-3.71738,40.3124,-3.71967,40.3139],"geometry":{"type":"Polygon","coordinates":[[[-3.71738,40.3139],[-3.71967,40.3139],[-3.71967,40.3124],[-3.71738,40.3124],[-3.71738,40.3139]]]}},{"type":"Feature","properties":{"name":"Getafe--2806504006--raspberryOld","number_of_ads_buy":13,"average_prize_buy":1706.09,"number_of_ads_rent":0,"average_prize_rent":0,"normalized_prize_buy":0.39394702084622557,"normalized_ads_buy":0.43333333333333335,"normalized_prize_rent":null,"normalized_ads_rent":0,"date":"2018-12-07T09:14:44.000Z","fill-opacity":0.3151576166769805,"fill":"#ff0000"},"bbox":[-3.71543,40.3112,-3.71892,40.3135],"geometry":{"type":"Polygon","coordinates":[[[-3.71543,40.3135],[-3.71892,40.3135],[-3.71892,40.3112],[-3.71543,40.3112],[-3.71543,40.3135]]]}},{"type":"Feature","properties":{"name":"Getafe--2806504007--raspberryOld","number_of_ads_buy":3,"average_prize_buy":1689,"number_of_ads_rent":0,"average_prize_rent":0,"normalized_prize_buy":0.390000831262873,"normalized_ads_buy":0.1,"normalized_prize_rent":null,"normalized_ads_rent":0,"date":"2018-12-07T09:15:04.000Z","fill-opacity":0.31200066501029844,"fill":"#ff0000"},"bbox":[-3.71615,40.3104,-3.71817,40.3119],"geometry":{"type":"Polygon","coordinates":[[[-3.71615,40.3119],[-3.71817,40.3119],[-3.71817,40.3104],[-3.71615,40.3104],[-3.71615,40.3119]]]}},{"type":"Feature","properties":{"name":"Getafe--2806504008--raspberryOld","number_of_ads_buy":11,"average_prize_buy":1639.8,"number_of_ads_rent":0,"average_prize_rent":0,"normalized_prize_buy":0.37864023866480706,"normalized_ads_buy":0.36666666666666664,"normalized_prize_rent":null,"normalized_ads_rent":0,"date":"2018-12-07T09:15:25.000Z","fill-opacity":0.3029121909318457,"fill":"#ff0000"},"bbox":[-3.7176,40.3094,-3.7205,40.3106],"geometry":{"type":"Polygon","coordinates":[[[-3.7176,40.3106],[-3.7205,40.3106],[-3.7205,40.3094],[-3.7176,40.3094],[-3.7176,40.3106]]]}},{"type":"Feature","properties":{"name":"Getafe--2806504009--raspberryOld","number_of_ads_buy":5,"average_prize_buy":1981.65,"number_of_ads_rent":1,"average_prize_rent":8.07143,"normalized_prize_buy":0.45757557564953955,"normalized_ads_buy":0.16666666666666666,"normalized_prize_rent":null,"normalized_ads_rent":0.03333333333333333,"date":"2018-12-07T09:15:47.000Z","fill-opacity":0.36606046051963165,"fill":"#ff0000"},"bbox":[-3.72011,40.3095,-3.72296,40.3111],"geometry":{"type":"Polygon","coordinates":[[[-3.72011,40.3111],[-3.72296,40.3111],[-3.72296,40.3095],[-3.72011,40.3095],[-3.72011,40.3111]]]}},{"type":"Feature","properties":{"name":"Getafe--2806504010--raspberryOld","number_of_ads_buy":17,"average_prize_buy":1860.22,"number_of_ads_rent":5,"average_prize_rent":10.0999,"normalized_prize_buy":0.42953661712955693,"normalized_ads_buy":0.5666666666666667,"normalized_prize_rent":null,"normalized_ads_rent":0.16666666666666666,"date":"2018-12-07T09:16:08.000Z","fill-opacity":0.3436292937036456,"fill":"#ff0000"},"bbox":[-3.72188,40.3095,-3.72522,40.3115],"geometry":{"type":"Polygon","coordinates":[[[-3.72188,40.3115],[-3.72522,40.3115],[-3.72522,40.3095],[-3.72188,40.3095],[-3.72188,40.3115]]]}},{"type":"Feature","properties":{"name":"Getafe--2806504011--raspberryOld","number_of_ads_buy":8,"average_prize_buy":1553.68,"number_of_ads_rent":0,"average_prize_rent":0,"normalized_prize_buy":0.3587545834911193,"normalized_ads_buy":0.26666666666666666,"normalized_prize_rent":null,"normalized_ads_rent":0,"date":"2018-12-07T09:16:26.000Z","fill-opacity":0.28700366679289546,"fill":"#ff0000"},"bbox":[-3.71793,40.3118,-3.72156,40.3138],"geometry":{"type":"Polygon","coordinates":[[[-3.71793,40.3138],[-3.72156,40.3138],[-3.72156,40.3118],[-3.71793,40.3118],[-3.71793,40.3138]]]}},{"type":"Feature","properties":{"name":"Getafe--2806504012--raspberryOld","number_of_ads_buy":28,"average_prize_buy":1981.5,"number_of_ads_rent":19,"average_prize_rent":9.68006,"normalized_prize_buy":0.4575409396964967,"normalized_ads_buy":0.9333333333333333,"normalized_prize_rent":null,"normalized_ads_rent":0.6333333333333333,"date":"2018-12-07T09:16:48.000Z","fill-opacity":0.36603275175719735,"fill":"#ff0000"},"bbox":[-3.69056,40.2675,-3.72515,40.3233],"geometry":{"type":"Polygon","coordinates":[[[-3.69056,40.3233],[-3.72515,40.3233],[-3.72515,40.2675],[-3.69056,40.2675],[-3.69056,40.3233]]]}},{"type":"Feature","properties":{"name":"Getafe--2806504013--raspberryOld","number_of_ads_buy":5,"average_prize_buy":1578.01,"number_of_ads_rent":0,"average_prize_rent":0,"normalized_prize_buy":0.3643725350746751,"normalized_ads_buy":0.16666666666666666,"normalized_prize_rent":null,"normalized_ads_rent":0,"date":"2018-12-07T09:17:06.000Z","fill-opacity":0.29149802805974007,"fill":"#ff0000"},"bbox":[-3.71429,40.3095,-3.71764,40.3105],"geometry":{"type":"Polygon","coordinates":[[[-3.71429,40.3105],[-3.71764,40.3105],[-3.71764,40.3095],[-3.71429,40.3095],[-3.71429,40.3105]]]}},{"type":"Feature","properties":{"name":"Getafe--2806504014--raspberryOld","number_of_ads_buy":6,"average_prize_buy":2052.79,"number_of_ads_rent":0,"average_prize_rent":0,"normalized_prize_buy":0.4740022536460113,"normalized_ads_buy":0.2,"normalized_prize_rent":null,"normalized_ads_rent":0,"date":"2018-12-07T09:17:25.000Z","fill-opacity":0.37920180291680905,"fill":"#ff0000"},"bbox":[-3.71889,40.3138,-3.72124,40.3159],"geometry":{"type":"Polygon","coordinates":[[[-3.71889,40.3159],[-3.72124,40.3159],[-3.72124,40.3138],[-3.71889,40.3138],[-3.71889,40.3159]]]}},{"type":"Feature","properties":{"name":"Getafe--2806504015--raspberryOld","number_of_ads_buy":7,"average_prize_buy":1483.91,"number_of_ads_rent":0,"average_prize_rent":0,"normalized_prize_buy":0.3426442471991059,"normalized_ads_buy":0.23333333333333334,"normalized_prize_rent":null,"normalized_ads_rent":0,"date":"2018-12-07T09:17:45.000Z","fill-opacity":0.27411539775928473,"fill":"#ff0000"},"bbox":[-3.71843,40.3109,-3.72103,40.3128],"geometry":{"type":"Polygon","coordinates":[[[-3.71843,40.3128],[-3.72103,40.3128],[-3.72103,40.3109],[-3.71843,40.3109],[-3.71843,40.3128]]]}},{"type":"Feature","properties":{"name":"Getafe--2806504016--raspberryOld","number_of_ads_buy":5,"average_prize_buy":1769.29,"number_of_ads_rent":0,"average_prize_rent":0,"normalized_prize_buy":0.4085403023949607,"normalized_ads_buy":0.16666666666666666,"normalized_prize_rent":null,"normalized_ads_rent":0,"date":"2018-12-07T09:18:07.000Z","fill-opacity":0.3268322419159686,"fill":"#ff0000"},"bbox":[-3.7192,40.31,-3.72188,40.3119],"geometry":{"type":"Polygon","coordinates":[[[-3.7192,40.3119],[-3.72188,40.3119],[-3.72188,40.31],[-3.7192,40.31],[-3.7192,40.3119]]]}},{"type":"Feature","properties":{"name":"Getafe--2806504017--raspberryOld","number_of_ads_buy":10,"average_prize_buy":1756.66,"number_of_ads_rent":0,"average_prize_rent":0,"normalized_prize_buy":0.4056239551487499,"normalized_ads_buy":0.3333333333333333,"normalized_prize_rent":null,"normalized_ads_rent":0,"date":"2018-12-07T09:18:26.000Z","fill-opacity":0.3244991641189999,"fill":"#ff0000"},"bbox":[-3.71633,40.3135,-3.71942,40.3155],"geometry":{"type":"Polygon","coordinates":[[[-3.71633,40.3155],[-3.71942,40.3155],[-3.71942,40.3135],[-3.71633,40.3135],[-3.71633,40.3155]]]}},{"type":"Feature","properties":{"name":"Getafe--2806504018--raspberryOld","number_of_ads_buy":10,"average_prize_buy":2018.26,"number_of_ads_rent":0,"average_prize_rent":0,"normalized_prize_buy":0.4660290572555394,"normalized_ads_buy":0.3333333333333333,"normalized_prize_rent":null,"normalized_ads_rent":0,"date":"2018-12-07T09:18:45.000Z","fill-opacity":0.37282324580443155,"fill":"#ff0000"},"bbox":[-3.71433,40.3104,-3.71543,40.313],"geometry":{"type":"Polygon","coordinates":[[[-3.71433,40.313],[-3.71543,40.313],[-3.71543,40.3104],[-3.71433,40.3104],[-3.71433,40.313]]]}},{"type":"Feature","properties":{"name":"Getafe--2806504021--raspberryOld","number_of_ads_buy":5,"average_prize_buy":2099.86,"number_of_ads_rent":3,"average_prize_rent":9.53319,"normalized_prize_buy":0.4848710157108683,"normalized_ads_buy":0.16666666666666666,"normalized_prize_rent":null,"normalized_ads_rent":0.1,"date":"2018-12-07T09:19:05.000Z","fill-opacity":0.3878968125686947,"fill":"#ff0000"},"bbox":[-3.72073,40.3111,-3.7227,40.3127],"geometry":{"type":"Polygon","coordinates":[[[-3.72073,40.3127],[-3.7227,40.3127],[-3.7227,40.3111],[-3.72073,40.3111],[-3.72073,40.3127]]]}},{"type":"Feature","properties":{"name":"Getafe--2806504022--raspberryOld","number_of_ads_buy":2,"average_prize_buy":1884.62,"number_of_ads_rent":0,"average_prize_rent":0,"normalized_prize_buy":0.435170732157866,"normalized_ads_buy":0.06666666666666667,"normalized_prize_rent":null,"normalized_ads_rent":0,"date":"2018-12-07T09:19:24.000Z","fill-opacity":0.3481365857262928,"fill":"#ff0000"},"bbox":[-3.71862,40.3134,-3.72047,40.3149],"geometry":{"type":"Polygon","coordinates":[[[-3.71862,40.3149],[-3.72047,40.3149],[-3.72047,40.3134],[-3.71862,40.3134],[-3.71862,40.3149]]]}},{"type":"Feature","properties":{"name":"Getafe--2806504023--raspberryOld","number_of_ads_buy":8,"average_prize_buy":1608.77,"number_of_ads_rent":0,"average_prize_rent":0,"normalized_prize_buy":0.3714752145120025,"normalized_ads_buy":0.26666666666666666,"normalized_prize_rent":null,"normalized_ads_rent":0,"date":"2018-12-07T09:19:43.000Z","fill-opacity":0.29718017160960203,"fill":"#ff0000"},"bbox":[-3.71687,40.3129,-3.71911,40.3145],"geometry":{"type":"Polygon","coordinates":[[[-3.71687,40.3145],[-3.71911,40.3145],[-3.71911,40.3129],[-3.71687,40.3129],[-3.71687,40.3145]]]}},{"type":"Feature","properties":{"name":"Getafe--2806504024--raspberryOld","number_of_ads_buy":2,"average_prize_buy":1729.39,"number_of_ads_rent":0,"average_prize_rent":0,"normalized_prize_buy":0.3993271388855536,"normalized_ads_buy":0.06666666666666667,"normalized_prize_rent":null,"normalized_ads_rent":0,"date":"2018-12-07T09:20:02.000Z","fill-opacity":0.3194617111084429,"fill":"#ff0000"},"bbox":[-3.71762,40.3098,-3.71952,40.3115],"geometry":{"type":"Polygon","coordinates":[[[-3.71762,40.3115],[-3.71952,40.3115],[-3.71952,40.3098],[-3.71762,40.3098],[-3.71762,40.3115]]]}},{"type":"Feature","properties":{"name":"Getafe--2806504025--raspberryOld","number_of_ads_buy":5,"average_prize_buy":1917.01,"number_of_ads_rent":0,"average_prize_rent":0,"normalized_prize_buy":0.4426497889515928,"normalized_ads_buy":0.16666666666666666,"normalized_prize_rent":null,"normalized_ads_rent":0,"date":"2018-12-07T09:20:20.000Z","fill-opacity":0.35411983116127427,"fill":"#ff0000"},"bbox":[-3.7145,40.3127,-3.71687,40.314],"geometry":{"type":"Polygon","coordinates":[[[-3.7145,40.314],[-3.71687,40.314],[-3.71687,40.3127],[-3.7145,40.3127],[-3.7145,40.314]]]}},{"type":"Feature","properties":{"name":"Getafe--2806504026--raspberryOld","number_of_ads_buy":10,"average_prize_buy":1820,"number_of_ads_rent":0,"average_prize_rent":0,"normalized_prize_buy":0.4202495635869916,"normalized_ads_buy":0.3333333333333333,"normalized_prize_rent":null,"normalized_ads_rent":0,"date":"2018-12-07T09:20:39.000Z","fill-opacity":0.3361996508695933,"fill":"#ff0000"},"bbox":[-3.71526,40.3104,-3.71719,40.3127],"geometry":{"type":"Polygon","coordinates":[[[-3.71526,40.3127],[-3.71719,40.3127],[-3.71719,40.3104],[-3.71526,40.3104],[-3.71526,40.3127]]]}},{"type":"Feature","properties":{"name":"Getafe--2806504027--raspberryOld","number_of_ads_buy":5,"average_prize_buy":1709.42,"number_of_ads_rent":2,"average_prize_rent":9.59611,"normalized_prize_buy":0.3947159390037776,"normalized_ads_buy":0.16666666666666666,"normalized_prize_rent":null,"normalized_ads_rent":0.06666666666666667,"date":"2018-12-07T09:20:58.000Z","fill-opacity":0.3157727512030221,"fill":"#ff0000"},"bbox":[-3.65191,40.3221,-3.66111,40.3257],"geometry":{"type":"Polygon","coordinates":[[[-3.65191,40.3257],[-3.66111,40.3257],[-3.66111,40.3221],[-3.65191,40.3221],[-3.65191,40.3257]]]}},{"type":"Feature","properties":{"name":"Getafe--2806504028--raspberryOld","number_of_ads_buy":24,"average_prize_buy":1573.73,"number_of_ads_rent":2,"average_prize_rent":9.59611,"normalized_prize_buy":0.36338425588118484,"normalized_ads_buy":0.8,"normalized_prize_rent":null,"normalized_ads_rent":0.06666666666666667,"date":"2018-12-07T09:21:18.000Z","fill-opacity":0.2907074047049479,"fill":"#ff0000"},"bbox":[-3.57004,40.2721,-3.65983,40.3334],"geometry":{"type":"Polygon","coordinates":[[[-3.57004,40.3334],[-3.65983,40.3334],[-3.65983,40.2721],[-3.57004,40.2721],[-3.57004,40.3334]]]}},{"type":"Feature","properties":{"name":"Getafe--2806504029--raspberryOld","number_of_ads_buy":9,"average_prize_buy":1646.16,"number_of_ads_rent":0,"average_prize_rent":0,"normalized_prize_buy":0.3801088030738254,"normalized_ads_buy":0.3,"normalized_prize_rent":null,"normalized_ads_rent":0,"date":"2018-12-07T09:21:37.000Z","fill-opacity":0.3040870424590603,"fill":"#ff0000"},"bbox":[-3.65728,40.3219,-3.66879,40.329],"geometry":{"type":"Polygon","coordinates":[[[-3.65728,40.329],[-3.66879,40.329],[-3.66879,40.3219],[-3.65728,40.3219],[-3.65728,40.329]]]}},{"type":"Feature","properties":{"name":"Getafe--2806504030--raspberryOld","number_of_ads_buy":22,"average_prize_buy":2041.35,"number_of_ads_rent":2,"average_prize_rent":8.75969,"normalized_prize_buy":0.47136068496060735,"normalized_ads_buy":0.7333333333333333,"normalized_prize_rent":null,"normalized_ads_rent":0.06666666666666667,"date":"2018-12-07T09:22:00.000Z","fill-opacity":0.3770885479684859,"fill":"#ff0000"},"bbox":[-3.70853,40.3119,-3.71579,40.3206],"geometry":{"type":"Polygon","coordinates":[[[-3.70853,40.3206],[-3.71579,40.3206],[-3.71579,40.3119],[-3.70853,40.3119],[-3.70853,40.3206]]]}},{"type":"Feature","properties":{"name":"Getafe--2806504031--raspberryOld","number_of_ads_buy":6,"average_prize_buy":2122.98,"number_of_ads_rent":0,"average_prize_rent":0,"normalized_prize_buy":0.4902095706065448,"normalized_ads_buy":0.2,"normalized_prize_rent":null,"normalized_ads_rent":0,"date":"2018-12-07T09:22:17.000Z","fill-opacity":0.3921676564852359,"fill":"#ff0000"},"bbox":[-3.70817,40.3094,-3.7145,40.313],"geometry":{"type":"Polygon","coordinates":[[[-3.70817,40.313],[-3.7145,40.313],[-3.7145,40.3094],[-3.70817,40.3094],[-3.70817,40.313]]]}},{"type":"Feature","properties":{"name":"Getafe--2806504032--raspberryOld","number_of_ads_buy":28,"average_prize_buy":1776.04,"number_of_ads_rent":2,"average_prize_rent":8.75969,"normalized_prize_buy":0.41009892028189043,"normalized_ads_buy":0.9333333333333333,"normalized_prize_rent":null,"normalized_ads_rent":0.06666666666666667,"date":"2018-12-07T09:22:42.000Z","fill-opacity":0.3280791362255124,"fill":"#ff0000"},"bbox":[-3.71053,40.3121,-3.71889,40.3186],"geometry":{"type":"Polygon","coordinates":[[[-3.71053,40.3186],[-3.71889,40.3186],[-3.71889,40.3121],[-3.71053,40.3121],[-3.71053,40.3186]]]}},{"type":"Feature","properties":{"name":"Getafe--2806504033--raspberryOld","number_of_ads_buy":29,"average_prize_buy":1562.05,"number_of_ads_rent":6,"average_prize_rent":7.40062,"normalized_prize_buy":0.36068726967091225,"normalized_ads_buy":0.9666666666666667,"normalized_prize_rent":null,"normalized_ads_rent":0.2,"date":"2018-12-07T09:23:05.000Z","fill-opacity":0.28854981573672983,"fill":"#ff0000"},"bbox":[-3.59963,40.2664,-3.69219,40.3264],"geometry":{"type":"Polygon","coordinates":[[[-3.59963,40.3264],[-3.69219,40.3264],[-3.69219,40.2664],[-3.59963,40.2664],[-3.59963,40.3264]]]}}]}