{"type":"FeatureCollection","features":[{"type":"Feature","properties":{"name":"Las Rozas de Madrid--piece--0-0--gCloud","number_of_ads_buy":4,"average_prize_buy":2026.35,"number_of_ads_rent":0,"average_prize_rent":0,"normalized_prize_buy":0.4676908234414345,"normalized_ads_buy":0.14285714285714285,"normalized_prize_rent":null,"normalized_ads_rent":0,"date":"2018-12-07T10:54:08.000Z","fill-opacity":0.3741526587531476,"fill":"#ff0000"},"bbox":[-3.94365,40.5623,-3.94882,40.5676],"geometry":{"type":"Polygon","coordinates":[[[-3.94365,40.5676],[-3.94882,40.5676],[-3.94882,40.5623],[-3.94365,40.5623],[-3.94365,40.5676]]]}},{"type":"Feature","properties":{"name":"Las Rozas de Madrid--piece--0-1--gCloud","number_of_ads_buy":0,"average_prize_buy":0,"number_of_ads_rent":0,"average_prize_rent":0,"normalized_prize_buy":0,"normalized_ads_buy":0,"normalized_prize_rent":null,"normalized_ads_rent":0,"date":"2018-12-07T10:54:17.000Z","fill-opacity":0,"fill":"#ff0000"},"bbox":[-3.94365,40.5571,-3.94882,40.5623],"geometry":{"type":"Polygon","coordinates":[[[-3.94365,40.5623],[-3.94882,40.5623],[-3.94882,40.5571],[-3.94365,40.5571],[-3.94365,40.5623]]]}},{"type":"Feature","properties":{"name":"Las Rozas de Madrid--piece--0-10--gCloud","number_of_ads_buy":0,"average_prize_buy":0,"number_of_ads_rent":0,"average_prize_rent":0,"normalized_prize_buy":0,"normalized_ads_buy":0,"normalized_prize_rent":null,"normalized_ads_rent":0,"date":"2018-12-07T10:54:28.000Z","fill-opacity":0,"fill":"#ff0000"},"bbox":[-3.94365,40.51,-3.94882,40.5153],"geometry":{"type":"Polygon","coordinates":[[[-3.94365,40.5153],[-3.94882,40.5153],[-3.94882,40.51],[-3.94365,40.51],[-3.94365,40.5153]]]}},{"type":"Feature","properties":{"name":"Las Rozas de Madrid--piece--0-11--gCloud","number_of_ads_buy":0,"average_prize_buy":0,"number_of_ads_rent":0,"average_prize_rent":0,"normalized_prize_buy":0,"normalized_ads_buy":0,"normalized_prize_rent":null,"normalized_ads_rent":0,"date":"2018-12-07T10:54:36.000Z","fill-opacity":0,"fill":"#ff0000"},"bbox":[-3.94365,40.5048,-3.94882,40.51],"geometry":{"type":"Polygon","coordinates":[[[-3.94365,40.51],[-3.94882,40.51],[-3.94882,40.5048],[-3.94365,40.5048],[-3.94365,40.51]]]}},{"type":"Feature","properties":{"name":"Las Rozas de Madrid--piece--0-12--gCloud","number_of_ads_buy":0,"average_prize_buy":0,"number_of_ads_rent":0,"average_prize_rent":0,"normalized_prize_buy":0,"normalized_ads_buy":0,"normalized_prize_rent":null,"normalized_ads_rent":0,"date":"2018-12-07T10:54:41.000Z","fill-opacity":0,"fill":"#ff0000"},"bbox":[-3.94365,40.4996,-3.94882,40.5048],"geometry":{"type":"Polygon","coordinates":[[[-3.94365,40.5048],[-3.94882,40.5048],[-3.94882,40.4996],[-3.94365,40.4996],[-3.94365,40.5048]]]}},{"type":"Feature","properties":{"name":"Las Rozas de Madrid--piece--0-13--gCloud","number_of_ads_buy":0,"average_prize_buy":0,"number_of_ads_rent":0,"average_prize_rent":0,"normalized_prize_buy":0,"normalized_ads_buy":0,"normalized_prize_rent":null,"normalized_ads_rent":0,"date":"2018-12-07T10:54:52.000Z","fill-opacity":0,"fill":"#ff0000"},"bbox":[-3.94365,40.4943,-3.94882,40.4996],"geometry":{"type":"Polygon","coordinates":[[[-3.94365,40.4996],[-3.94882,40.4996],[-3.94882,40.4943],[-3.94365,40.4943],[-3.94365,40.4996]]]}},{"type":"Feature","properties":{"name":"Las Rozas de Madrid--piece--0-14--gCloud","number_of_ads_buy":1,"average_prize_buy":1083.03,"number_of_ads_rent":0,"average_prize_rent":0,"normalized_prize_buy":0.24996826437277705,"normalized_ads_buy":0.03571428571428571,"normalized_prize_rent":null,"normalized_ads_rent":0,"date":"2018-12-07T10:54:58.000Z","fill-opacity":0.19997461149822165,"fill":"#ff0000"},"bbox":[-3.94365,40.4891,-3.94882,40.4943],"geometry":{"type":"Polygon","coordinates":[[[-3.94365,40.4943],[-3.94882,40.4943],[-3.94882,40.4891],[-3.94365,40.4891],[-3.94365,40.4943]]]}},{"type":"Feature","properties":{"name":"Las Rozas de Madrid--piece--0-15--gCloud","number_of_ads_buy":4,"average_prize_buy":1966.64,"number_of_ads_rent":0,"average_prize_rent":0,"normalized_prize_buy":0.45390948306702333,"normalized_ads_buy":0.14285714285714285,"normalized_prize_rent":null,"normalized_ads_rent":0,"date":"2018-12-07T10:55:06.000Z","fill-opacity":0.3631275864536187,"fill":"#ff0000"},"bbox":[-3.94365,40.4839,-3.94882,40.4891],"geometry":{"type":"Polygon","coordinates":[[[-3.94365,40.4891],[-3.94882,40.4891],[-3.94882,40.4839],[-3.94365,40.4839],[-3.94365,40.4891]]]}},{"type":"Feature","properties":{"name":"Las Rozas de Madrid--piece--0-16--gCloud","number_of_ads_buy":9,"average_prize_buy":1453.84,"number_of_ads_rent":0,"average_prize_rent":0,"normalized_prize_buy":0.335552903867592,"normalized_ads_buy":0.32142857142857145,"normalized_prize_rent":null,"normalized_ads_rent":0,"date":"2018-12-07T10:55:15.000Z","fill-opacity":0.2684423230940736,"fill":"#ff0000"},"bbox":[-3.94365,40.4786,-3.94882,40.4839],"geometry":{"type":"Polygon","coordinates":[[[-3.94365,40.4839],[-3.94882,40.4839],[-3.94882,40.4786],[-3.94365,40.4786],[-3.94365,40.4839]]]}},{"type":"Feature","properties":{"name":"Las Rozas de Madrid--piece--0-2--gCloud","number_of_ads_buy":0,"average_prize_buy":0,"number_of_ads_rent":0,"average_prize_rent":0,"normalized_prize_buy":0,"normalized_ads_buy":0,"normalized_prize_rent":null,"normalized_ads_rent":0,"date":"2018-12-07T10:55:20.000Z","fill-opacity":0,"fill":"#ff0000"},"bbox":[-3.94365,40.5519,-3.94882,40.5571],"geometry":{"type":"Polygon","coordinates":[[[-3.94365,40.5571],[-3.94882,40.5571],[-3.94882,40.5519],[-3.94365,40.5519],[-3.94365,40.5571]]]}},{"type":"Feature","properties":{"name":"Las Rozas de Madrid--piece--0-3--gCloud","number_of_ads_buy":0,"average_prize_buy":0,"number_of_ads_rent":0,"average_prize_rent":0,"normalized_prize_buy":0,"normalized_ads_buy":0,"normalized_prize_rent":null,"normalized_ads_rent":0,"date":"2018-12-07T10:55:25.000Z","fill-opacity":0,"fill":"#ff0000"},"bbox":[-3.94365,40.5467,-3.94882,40.5519],"geometry":{"type":"Polygon","coordinates":[[[-3.94365,40.5519],[-3.94882,40.5519],[-3.94882,40.5467],[-3.94365,40.5467],[-3.94365,40.5519]]]}},{"type":"Feature","properties":{"name":"Las Rozas de Madrid--piece--0-4--gCloud","number_of_ads_buy":0,"average_prize_buy":0,"number_of_ads_rent":0,"average_prize_rent":0,"normalized_prize_buy":0,"normalized_ads_buy":0,"normalized_prize_rent":null,"normalized_ads_rent":0,"date":"2018-12-07T10:55:37.000Z","fill-opacity":0,"fill":"#ff0000"},"bbox":[-3.94365,40.5414,-3.94882,40.5467],"geometry":{"type":"Polygon","coordinates":[[[-3.94365,40.5467],[-3.94882,40.5467],[-3.94882,40.5414],[-3.94365,40.5414],[-3.94365,40.5467]]]}},{"type":"Feature","properties":{"name":"Las Rozas de Madrid--piece--0-5--gCloud","number_of_ads_buy":3,"average_prize_buy":1079.39,"number_of_ads_rent":1,"average_prize_rent":7.69231,"normalized_prize_buy":0.24912813576847534,"normalized_ads_buy":0.10714285714285714,"normalized_prize_rent":null,"normalized_ads_rent":0.03571428571428571,"date":"2018-12-07T10:55:45.000Z","fill-opacity":0.19930250861478027,"fill":"#ff0000"},"bbox":[-3.94365,40.5362,-3.94882,40.5414],"geometry":{"type":"Polygon","coordinates":[[[-3.94365,40.5414],[-3.94882,40.5414],[-3.94882,40.5362],[-3.94365,40.5362],[-3.94365,40.5414]]]}},{"type":"Feature","properties":{"name":"Las Rozas de Madrid--piece--0-6--gCloud","number_of_ads_buy":0,"average_prize_buy":0,"number_of_ads_rent":3,"average_prize_rent":7.73237,"normalized_prize_buy":0,"normalized_ads_buy":0,"normalized_prize_rent":null,"normalized_ads_rent":0.10714285714285714,"date":"2018-12-07T10:55:54.000Z","fill-opacity":0,"fill":"#ff0000"},"bbox":[-3.94365,40.531,-3.94882,40.5362],"geometry":{"type":"Polygon","coordinates":[[[-3.94365,40.5362],[-3.94882,40.5362],[-3.94882,40.531],[-3.94365,40.531],[-3.94365,40.5362]]]}},{"type":"Feature","properties":{"name":"Las Rozas de Madrid--piece--0-7--gCloud","number_of_ads_buy":0,"average_prize_buy":0,"number_of_ads_rent":0,"average_prize_rent":0,"normalized_prize_buy":0,"normalized_ads_buy":0,"normalized_prize_rent":null,"normalized_ads_rent":0,"date":"2018-12-07T10:55:59.000Z","fill-opacity":0,"fill":"#ff0000"},"bbox":[-3.94365,40.5257,-3.94882,40.531],"geometry":{"type":"Polygon","coordinates":[[[-3.94365,40.531],[-3.94882,40.531],[-3.94882,40.5257],[-3.94365,40.5257],[-3.94365,40.531]]]}},{"type":"Feature","properties":{"name":"Las Rozas de Madrid--piece--0-8--gCloud","number_of_ads_buy":0,"average_prize_buy":0,"number_of_ads_rent":0,"average_prize_rent":0,"normalized_prize_buy":0,"normalized_ads_buy":0,"normalized_prize_rent":null,"normalized_ads_rent":0,"date":"2018-12-07T10:56:05.000Z","fill-opacity":0,"fill":"#ff0000"},"bbox":[-3.94365,40.5205,-3.94882,40.5257],"geometry":{"type":"Polygon","coordinates":[[[-3.94365,40.5257],[-3.94882,40.5257],[-3.94882,40.5205],[-3.94365,40.5205],[-3.94365,40.5257]]]}},{"type":"Feature","properties":{"name":"Las Rozas de Madrid--piece--0-9--gCloud","number_of_ads_buy":0,"average_prize_buy":0,"number_of_ads_rent":0,"average_prize_rent":0,"normalized_prize_buy":0,"normalized_ads_buy":0,"normalized_prize_rent":null,"normalized_ads_rent":0,"date":"2018-12-07T10:56:13.000Z","fill-opacity":0,"fill":"#ff0000"},"bbox":[-3.94365,40.5153,-3.94882,40.5205],"geometry":{"type":"Polygon","coordinates":[[[-3.94365,40.5205],[-3.94882,40.5205],[-3.94882,40.5153],[-3.94365,40.5153],[-3.94365,40.5205]]]}},{"type":"Feature","properties":{"name":"Las Rozas de Madrid--piece--1-0--gCloud","number_of_ads_buy":1,"average_prize_buy":1567.16,"number_of_ads_rent":0,"average_prize_rent":0,"normalized_prize_buy":0.3617076767905241,"normalized_ads_buy":0.03571428571428571,"normalized_prize_rent":null,"normalized_ads_rent":0,"date":"2018-12-07T10:56:25.000Z","fill-opacity":0.2893661414324193,"fill":"#ff0000"},"bbox":[-3.93847,40.5623,-3.94365,40.5676],"geometry":{"type":"Polygon","coordinates":[[[-3.93847,40.5676],[-3.94365,40.5676],[-3.94365,40.5623],[-3.93847,40.5623],[-3.93847,40.5676]]]}},{"type":"Feature","properties":{"name":"Las Rozas de Madrid--piece--1-1--gCloud","number_of_ads_buy":0,"average_prize_buy":0,"number_of_ads_rent":0,"average_prize_rent":0,"normalized_prize_buy":0,"normalized_ads_buy":0,"normalized_prize_rent":null,"normalized_ads_rent":0,"date":"2018-12-07T10:56:33.000Z","fill-opacity":0,"fill":"#ff0000"},"bbox":[-3.93847,40.5571,-3.94365,40.5623],"geometry":{"type":"Polygon","coordinates":[[[-3.93847,40.5623],[-3.94365,40.5623],[-3.94365,40.5571],[-3.93847,40.5571],[-3.93847,40.5623]]]}},{"type":"Feature","properties":{"name":"Las Rozas de Madrid--piece--1-10--gCloud","number_of_ads_buy":0,"average_prize_buy":0,"number_of_ads_rent":0,"average_prize_rent":0,"normalized_prize_buy":0,"normalized_ads_buy":0,"normalized_prize_rent":null,"normalized_ads_rent":0,"date":"2018-12-07T10:56:41.000Z","fill-opacity":0,"fill":"#ff0000"},"bbox":[-3.93847,40.51,-3.94365,40.5153],"geometry":{"type":"Polygon","coordinates":[[[-3.93847,40.5153],[-3.94365,40.5153],[-3.94365,40.51],[-3.93847,40.51],[-3.93847,40.5153]]]}},{"type":"Feature","properties":{"name":"Las Rozas de Madrid--piece--1-11--gCloud","number_of_ads_buy":0,"average_prize_buy":0,"number_of_ads_rent":0,"average_prize_rent":0,"normalized_prize_buy":0,"normalized_ads_buy":0,"normalized_prize_rent":null,"normalized_ads_rent":0,"date":"2018-12-07T10:56:53.000Z","fill-opacity":0,"fill":"#ff0000"},"bbox":[-3.93847,40.5048,-3.94365,40.51],"geometry":{"type":"Polygon","coordinates":[[[-3.93847,40.51],[-3.94365,40.51],[-3.94365,40.5048],[-3.93847,40.5048],[-3.93847,40.51]]]}},{"type":"Feature","properties":{"name":"Las Rozas de Madrid--piece--1-12--gCloud","number_of_ads_buy":0,"average_prize_buy":0,"number_of_ads_rent":0,"average_prize_rent":0,"normalized_prize_buy":0,"normalized_ads_buy":0,"normalized_prize_rent":null,"normalized_ads_rent":0,"date":"2018-12-07T10:57:01.000Z","fill-opacity":0,"fill":"#ff0000"},"bbox":[-3.93847,40.4996,-3.94365,40.5048],"geometry":{"type":"Polygon","coordinates":[[[-3.93847,40.5048],[-3.94365,40.5048],[-3.94365,40.4996],[-3.93847,40.4996],[-3.93847,40.5048]]]}},{"type":"Feature","properties":{"name":"Las Rozas de Madrid--piece--1-13--gCloud","number_of_ads_buy":0,"average_prize_buy":0,"number_of_ads_rent":0,"average_prize_rent":0,"normalized_prize_buy":0,"normalized_ads_buy":0,"normalized_prize_rent":null,"normalized_ads_rent":0,"date":"2018-12-07T10:57:06.000Z","fill-opacity":0,"fill":"#ff0000"},"bbox":[-3.93847,40.4943,-3.94365,40.4996],"geometry":{"type":"Polygon","coordinates":[[[-3.93847,40.4996],[-3.94365,40.4996],[-3.94365,40.4943],[-3.93847,40.4943],[-3.93847,40.4996]]]}},{"type":"Feature","properties":{"name":"Las Rozas de Madrid--piece--1-14--gCloud","number_of_ads_buy":0,"average_prize_buy":0,"number_of_ads_rent":0,"average_prize_rent":0,"normalized_prize_buy":0,"normalized_ads_buy":0,"normalized_prize_rent":null,"normalized_ads_rent":0,"date":"2018-12-07T10:57:15.000Z","fill-opacity":0,"fill":"#ff0000"},"bbox":[-3.93847,40.4891,-3.94365,40.4943],"geometry":{"type":"Polygon","coordinates":[[[-3.93847,40.4943],[-3.94365,40.4943],[-3.94365,40.4891],[-3.93847,40.4891],[-3.93847,40.4943]]]}},{"type":"Feature","properties":{"name":"Las Rozas de Madrid--piece--1-15--gCloud","number_of_ads_buy":1,"average_prize_buy":1446.38,"number_of_ads_rent":0,"average_prize_rent":0,"normalized_prize_buy":0.33383110183789677,"normalized_ads_buy":0.03571428571428571,"normalized_prize_rent":null,"normalized_ads_rent":0,"date":"2018-12-07T10:57:21.000Z","fill-opacity":0.26706488147031743,"fill":"#ff0000"},"bbox":[-3.93847,40.4839,-3.94365,40.4891],"geometry":{"type":"Polygon","coordinates":[[[-3.93847,40.4891],[-3.94365,40.4891],[-3.94365,40.4839],[-3.93847,40.4839],[-3.93847,40.4891]]]}},{"type":"Feature","properties":{"name":"Las Rozas de Madrid--piece--1-16--gCloud","number_of_ads_buy":8,"average_prize_buy":1131.27,"number_of_ads_rent":0,"average_prize_rent":0,"normalized_prize_buy":0.26110227642539124,"normalized_ads_buy":0.2857142857142857,"normalized_prize_rent":null,"normalized_ads_rent":0,"date":"2018-12-07T10:57:30.000Z","fill-opacity":0.208881821140313,"fill":"#ff0000"},"bbox":[-3.93847,40.4786,-3.94365,40.4839],"geometry":{"type":"Polygon","coordinates":[[[-3.93847,40.4839],[-3.94365,40.4839],[-3.94365,40.4786],[-3.93847,40.4786],[-3.93847,40.4839]]]}},{"type":"Feature","properties":{"name":"Las Rozas de Madrid--piece--1-2--gCloud","number_of_ads_buy":0,"average_prize_buy":0,"number_of_ads_rent":0,"average_prize_rent":0,"normalized_prize_buy":0,"normalized_ads_buy":0,"normalized_prize_rent":null,"normalized_ads_rent":0,"date":"2018-12-07T10:57:42.000Z","fill-opacity":0,"fill":"#ff0000"},"bbox":[-3.93847,40.5519,-3.94365,40.5571],"geometry":{"type":"Polygon","coordinates":[[[-3.93847,40.5571],[-3.94365,40.5571],[-3.94365,40.5519],[-3.93847,40.5519],[-3.93847,40.5571]]]}},{"type":"Feature","properties":{"name":"Las Rozas de Madrid--piece--1-3--gCloud","number_of_ads_buy":0,"average_prize_buy":0,"number_of_ads_rent":0,"average_prize_rent":0,"normalized_prize_buy":0,"normalized_ads_buy":0,"normalized_prize_rent":null,"normalized_ads_rent":0,"date":"2018-12-07T10:57:47.000Z","fill-opacity":0,"fill":"#ff0000"},"bbox":[-3.93847,40.5467,-3.94365,40.5519],"geometry":{"type":"Polygon","coordinates":[[[-3.93847,40.5519],[-3.94365,40.5519],[-3.94365,40.5467],[-3.93847,40.5467],[-3.93847,40.5519]]]}},{"type":"Feature","properties":{"name":"Las Rozas de Madrid--piece--1-4--gCloud","number_of_ads_buy":0,"average_prize_buy":0,"number_of_ads_rent":0,"average_prize_rent":0,"normalized_prize_buy":0,"normalized_ads_buy":0,"normalized_prize_rent":null,"normalized_ads_rent":0,"date":"2018-12-07T10:57:56.000Z","fill-opacity":0,"fill":"#ff0000"},"bbox":[-3.93847,40.5414,-3.94365,40.5467],"geometry":{"type":"Polygon","coordinates":[[[-3.93847,40.5467],[-3.94365,40.5467],[-3.94365,40.5414],[-3.93847,40.5414],[-3.93847,40.5467]]]}},{"type":"Feature","properties":{"name":"Las Rozas de Madrid--piece--1-5--gCloud","number_of_ads_buy":9,"average_prize_buy":552.827,"number_of_ads_rent":1,"average_prize_rent":17.1429,"normalized_prize_buy":0.1275949933874493,"normalized_ads_buy":0.32142857142857145,"normalized_prize_rent":null,"normalized_ads_rent":0.03571428571428571,"date":"2018-12-07T10:58:08.000Z","fill-opacity":0.10207599470995946,"fill":"#ff0000"},"bbox":[-3.93847,40.5362,-3.94365,40.5414],"geometry":{"type":"Polygon","coordinates":[[[-3.93847,40.5414],[-3.94365,40.5414],[-3.94365,40.5362],[-3.93847,40.5362],[-3.93847,40.5414]]]}},{"type":"Feature","properties":{"name":"Las Rozas de Madrid--piece--1-6--gCloud","number_of_ads_buy":3,"average_prize_buy":1009.44,"number_of_ads_rent":0,"average_prize_rent":0,"normalized_prize_buy":0.2329833566830615,"normalized_ads_buy":0.10714285714285714,"normalized_prize_rent":null,"normalized_ads_rent":0,"date":"2018-12-07T10:58:16.000Z","fill-opacity":0.1863866853464492,"fill":"#ff0000"},"bbox":[-3.93847,40.531,-3.94365,40.5362],"geometry":{"type":"Polygon","coordinates":[[[-3.93847,40.5362],[-3.94365,40.5362],[-3.94365,40.531],[-3.93847,40.531],[-3.93847,40.5362]]]}},{"type":"Feature","properties":{"name":"Las Rozas de Madrid--piece--1-7--gCloud","number_of_ads_buy":1,"average_prize_buy":1896.55,"number_of_ads_rent":0,"average_prize_rent":0,"normalized_prize_buy":0.4377323913429825,"normalized_ads_buy":0.03571428571428571,"normalized_prize_rent":null,"normalized_ads_rent":0,"date":"2018-12-07T10:58:22.000Z","fill-opacity":0.350185913074386,"fill":"#ff0000"},"bbox":[-3.93847,40.5257,-3.94365,40.531],"geometry":{"type":"Polygon","coordinates":[[[-3.93847,40.531],[-3.94365,40.531],[-3.94365,40.5257],[-3.93847,40.5257],[-3.93847,40.531]]]}},{"type":"Feature","properties":{"name":"Las Rozas de Madrid--piece--1-8--gCloud","number_of_ads_buy":0,"average_prize_buy":0,"number_of_ads_rent":0,"average_prize_rent":0,"normalized_prize_buy":0,"normalized_ads_buy":0,"normalized_prize_rent":null,"normalized_ads_rent":0,"date":"2018-12-07T10:58:27.000Z","fill-opacity":0,"fill":"#ff0000"},"bbox":[-3.93847,40.5205,-3.94365,40.5257],"geometry":{"type":"Polygon","coordinates":[[[-3.93847,40.5257],[-3.94365,40.5257],[-3.94365,40.5205],[-3.93847,40.5205],[-3.93847,40.5257]]]}},{"type":"Feature","properties":{"name":"Las Rozas de Madrid--piece--1-9--gCloud","number_of_ads_buy":0,"average_prize_buy":0,"number_of_ads_rent":0,"average_prize_rent":0,"normalized_prize_buy":0,"normalized_ads_buy":0,"normalized_prize_rent":null,"normalized_ads_rent":0,"date":"2018-12-07T10:58:33.000Z","fill-opacity":0,"fill":"#ff0000"},"bbox":[-3.93847,40.5153,-3.94365,40.5205],"geometry":{"type":"Polygon","coordinates":[[[-3.93847,40.5205],[-3.94365,40.5205],[-3.94365,40.5153],[-3.93847,40.5153],[-3.93847,40.5205]]]}},{"type":"Feature","properties":{"name":"Las Rozas de Madrid--piece--10-0--gCloud","number_of_ads_buy":7,"average_prize_buy":1778.1,"number_of_ads_rent":0,"average_prize_rent":0,"normalized_prize_buy":0.41039359101893286,"normalized_ads_buy":0.25,"normalized_prize_rent":null,"normalized_ads_rent":0,"date":"2018-12-07T10:58:39.000Z","fill-opacity":0.3283148728151463,"fill":"#ff0000"},"bbox":[-3.89189,40.5623,-3.89707,40.5676],"geometry":{"type":"Polygon","coordinates":[[[-3.89189,40.5676],[-3.89707,40.5676],[-3.89707,40.5623],[-3.89189,40.5623],[-3.89189,40.5676]]]}},{"type":"Feature","properties":{"name":"Las Rozas de Madrid--piece--10-1--gCloud","number_of_ads_buy":11,"average_prize_buy":1740.27,"number_of_ads_rent":3,"average_prize_rent":7.8443,"normalized_prize_buy":0.401662254452797,"normalized_ads_buy":0.39285714285714285,"normalized_prize_rent":null,"normalized_ads_rent":0.10714285714285714,"date":"2018-12-07T10:58:44.000Z","fill-opacity":0.3213298035622376,"fill":"#ff0000"},"bbox":[-3.89189,40.5571,-3.89707,40.5623],"geometry":{"type":"Polygon","coordinates":[[[-3.89189,40.5623],[-3.89707,40.5623],[-3.89707,40.5571],[-3.89189,40.5571],[-3.89189,40.5623]]]}},{"type":"Feature","properties":{"name":"Las Rozas de Madrid--piece--10-10--gCloud","number_of_ads_buy":0,"average_prize_buy":0,"number_of_ads_rent":0,"average_prize_rent":0,"normalized_prize_buy":0,"normalized_ads_buy":0,"normalized_prize_rent":null,"normalized_ads_rent":0,"date":"2018-12-07T10:58:50.000Z","fill-opacity":0,"fill":"#ff0000"},"bbox":[-3.89189,40.51,-3.89707,40.5153],"geometry":{"type":"Polygon","coordinates":[[[-3.89189,40.5153],[-3.89707,40.5153],[-3.89707,40.51],[-3.89189,40.51],[-3.89189,40.5153]]]}},{"type":"Feature","properties":{"name":"Las Rozas de Madrid--piece--10-11--gCloud","number_of_ads_buy":28,"average_prize_buy":3551.02,"number_of_ads_rent":6,"average_prize_rent":11.2332,"normalized_prize_buy":0.8195916144086671,"normalized_ads_buy":1,"normalized_prize_rent":null,"normalized_ads_rent":0.21428571428571427,"date":"2018-12-07T10:58:59.000Z","fill-opacity":0.6556732915269338,"fill":"#ff0000"},"bbox":[-3.89189,40.5048,-3.89707,40.51],"geometry":{"type":"Polygon","coordinates":[[[-3.89189,40.51],[-3.89707,40.51],[-3.89707,40.5048],[-3.89189,40.5048],[-3.89189,40.51]]]}},{"type":"Feature","properties":{"name":"Las Rozas de Madrid--piece--10-12--gCloud","number_of_ads_buy":9,"average_prize_buy":3299.45,"number_of_ads_rent":0,"average_prize_rent":0,"normalized_prize_buy":0.7615281108415827,"normalized_ads_buy":0.32142857142857145,"normalized_prize_rent":null,"normalized_ads_rent":0,"date":"2018-12-07T10:59:11.000Z","fill-opacity":0.6092224886732662,"fill":"#ff0000"},"bbox":[-3.89189,40.4996,-3.89707,40.5048],"geometry":{"type":"Polygon","coordinates":[[[-3.89189,40.5048],[-3.89707,40.5048],[-3.89707,40.4996],[-3.89189,40.4996],[-3.89189,40.5048]]]}},{"type":"Feature","properties":{"name":"Las Rozas de Madrid--piece--10-13--gCloud","number_of_ads_buy":0,"average_prize_buy":0,"number_of_ads_rent":0,"average_prize_rent":0,"normalized_prize_buy":0,"normalized_ads_buy":0,"normalized_prize_rent":null,"normalized_ads_rent":0,"date":"2018-12-07T10:59:17.000Z","fill-opacity":0,"fill":"#ff0000"},"bbox":[-3.89189,40.4943,-3.89707,40.4996],"geometry":{"type":"Polygon","coordinates":[[[-3.89189,40.4996],[-3.89707,40.4996],[-3.89707,40.4943],[-3.89189,40.4943],[-3.89189,40.4996]]]}},{"type":"Feature","properties":{"name":"Las Rozas de Madrid--piece--10-14--gCloud","number_of_ads_buy":1,"average_prize_buy":4332.67,"number_of_ads_rent":0,"average_prize_rent":0,"normalized_prize_buy":1,"normalized_ads_buy":0.03571428571428571,"normalized_prize_rent":null,"normalized_ads_rent":0,"date":"2018-12-07T10:59:25.000Z","fill-opacity":0.8,"fill":"#ff0000"},"bbox":[-3.89189,40.4891,-3.89707,40.4943],"geometry":{"type":"Polygon","coordinates":[[[-3.89189,40.4943],[-3.89707,40.4943],[-3.89707,40.4891],[-3.89189,40.4891],[-3.89189,40.4943]]]}},{"type":"Feature","properties":{"name":"Las Rozas de Madrid--piece--10-15--gCloud","number_of_ads_buy":0,"average_prize_buy":0,"number_of_ads_rent":0,"average_prize_rent":0,"normalized_prize_buy":0,"normalized_ads_buy":0,"normalized_prize_rent":null,"normalized_ads_rent":0,"date":"2018-12-07T10:59:34.000Z","fill-opacity":0,"fill":"#ff0000"},"bbox":[-3.89189,40.4839,-3.89707,40.4891],"geometry":{"type":"Polygon","coordinates":[[[-3.89189,40.4891],[-3.89707,40.4891],[-3.89707,40.4839],[-3.89189,40.4839],[-3.89189,40.4891]]]}},{"type":"Feature","properties":{"name":"Las Rozas de Madrid--piece--10-16--gCloud","number_of_ads_buy":0,"average_prize_buy":0,"number_of_ads_rent":0,"average_prize_rent":0,"normalized_prize_buy":0,"normalized_ads_buy":0,"normalized_prize_rent":null,"normalized_ads_rent":0,"date":"2018-12-07T10:59:39.000Z","fill-opacity":0,"fill":"#ff0000"},"bbox":[-3.89189,40.4786,-3.89707,40.4839],"geometry":{"type":"Polygon","coordinates":[[[-3.89189,40.4839],[-3.89707,40.4839],[-3.89707,40.4786],[-3.89189,40.4786],[-3.89189,40.4839]]]}},{"type":"Feature","properties":{"name":"Las Rozas de Madrid--piece--10-2--gCloud","number_of_ads_buy":8,"average_prize_buy":1529.7,"number_of_ads_rent":3,"average_prize_rent":8.81852,"normalized_prize_buy":0.3530617379121881,"normalized_ads_buy":0.2857142857142857,"normalized_prize_rent":null,"normalized_ads_rent":0.10714285714285714,"date":"2018-12-07T10:59:46.000Z","fill-opacity":0.28244939032975047,"fill":"#ff0000"},"bbox":[-3.89189,40.5519,-3.89707,40.5571],"geometry":{"type":"Polygon","coordinates":[[[-3.89189,40.5571],[-3.89707,40.5571],[-3.89707,40.5519],[-3.89189,40.5519],[-3.89189,40.5571]]]}},{"type":"Feature","properties":{"name":"Las Rozas de Madrid--piece--10-3--gCloud","number_of_ads_buy":6,"average_prize_buy":2413.44,"number_of_ads_rent":0,"average_prize_rent":0,"normalized_prize_buy":0.5570329611994451,"normalized_ads_buy":0.21428571428571427,"normalized_prize_rent":null,"normalized_ads_rent":0,"date":"2018-12-07T10:59:54.000Z","fill-opacity":0.4456263689595561,"fill":"#ff0000"},"bbox":[-3.89189,40.5467,-3.89707,40.5519],"geometry":{"type":"Polygon","coordinates":[[[-3.89189,40.5519],[-3.89707,40.5519],[-3.89707,40.5467],[-3.89189,40.5467],[-3.89189,40.5519]]]}},{"type":"Feature","properties":{"name":"Las Rozas de Madrid--piece--10-4--gCloud","number_of_ads_buy":3,"average_prize_buy":1996.36,"number_of_ads_rent":1,"average_prize_rent":16.6667,"normalized_prize_buy":0.46076899463841,"normalized_ads_buy":0.10714285714285714,"normalized_prize_rent":null,"normalized_ads_rent":0.03571428571428571,"date":"2018-12-07T11:00:00.000Z","fill-opacity":0.368615195710728,"fill":"#ff0000"},"bbox":[-3.89189,40.5414,-3.89707,40.5467],"geometry":{"type":"Polygon","coordinates":[[[-3.89189,40.5467],[-3.89707,40.5467],[-3.89707,40.5414],[-3.89189,40.5414],[-3.89189,40.5467]]]}},{"type":"Feature","properties":{"name":"Las Rozas de Madrid--piece--10-5--gCloud","number_of_ads_buy":12,"average_prize_buy":2107.9,"number_of_ads_rent":7,"average_prize_rent":9.96577,"normalized_prize_buy":0.4865129354416561,"normalized_ads_buy":0.42857142857142855,"normalized_prize_rent":null,"normalized_ads_rent":0.25,"date":"2018-12-07T11:00:12.000Z","fill-opacity":0.3892103483533249,"fill":"#ff0000"},"bbox":[-3.89189,40.5362,-3.89707,40.5414],"geometry":{"type":"Polygon","coordinates":[[[-3.89189,40.5414],[-3.89707,40.5414],[-3.89707,40.5362],[-3.89189,40.5362],[-3.89189,40.5414]]]}},{"type":"Feature","properties":{"name":"Las Rozas de Madrid--piece--10-6--gCloud","number_of_ads_buy":9,"average_prize_buy":3390.52,"number_of_ads_rent":5,"average_prize_rent":12.3393,"normalized_prize_buy":0.7825474822684395,"normalized_ads_buy":0.32142857142857145,"normalized_prize_rent":null,"normalized_ads_rent":0.17857142857142858,"date":"2018-12-07T11:00:22.000Z","fill-opacity":0.6260379858147517,"fill":"#ff0000"},"bbox":[-3.89189,40.531,-3.89707,40.5362],"geometry":{"type":"Polygon","coordinates":[[[-3.89189,40.5362],[-3.89707,40.5362],[-3.89707,40.531],[-3.89189,40.531],[-3.89189,40.5362]]]}},{"type":"Feature","properties":{"name":"Las Rozas de Madrid--piece--10-7--gCloud","number_of_ads_buy":1,"average_prize_buy":2644.93,"number_of_ads_rent":0,"average_prize_rent":0,"normalized_prize_buy":0.6104619091691728,"normalized_ads_buy":0.03571428571428571,"normalized_prize_rent":null,"normalized_ads_rent":0,"date":"2018-12-07T11:00:28.000Z","fill-opacity":0.4883695273353382,"fill":"#ff0000"},"bbox":[-3.89189,40.5257,-3.89707,40.531],"geometry":{"type":"Polygon","coordinates":[[[-3.89189,40.531],[-3.89707,40.531],[-3.89707,40.5257],[-3.89189,40.5257],[-3.89189,40.531]]]}},{"type":"Feature","properties":{"name":"Las Rozas de Madrid--piece--10-8--gCloud","number_of_ads_buy":9,"average_prize_buy":2991.36,"number_of_ads_rent":2,"average_prize_rent":10.2273,"normalized_prize_buy":0.6904195334516592,"normalized_ads_buy":0.32142857142857145,"normalized_prize_rent":null,"normalized_ads_rent":0.07142857142857142,"date":"2018-12-07T11:00:34.000Z","fill-opacity":0.5523356267613274,"fill":"#ff0000"},"bbox":[-3.89189,40.5205,-3.89707,40.5257],"geometry":{"type":"Polygon","coordinates":[[[-3.89189,40.5257],[-3.89707,40.5257],[-3.89707,40.5205],[-3.89189,40.5205],[-3.89189,40.5257]]]}},{"type":"Feature","properties":{"name":"Las Rozas de Madrid--piece--10-9--gCloud","number_of_ads_buy":6,"average_prize_buy":3402.87,"number_of_ads_rent":2,"average_prize_rent":11.6786,"normalized_prize_buy":0.7853979186044633,"normalized_ads_buy":0.21428571428571427,"normalized_prize_rent":null,"normalized_ads_rent":0.07142857142857142,"date":"2018-12-07T11:00:43.000Z","fill-opacity":0.6283183348835707,"fill":"#ff0000"},"bbox":[-3.89189,40.5153,-3.89707,40.5205],"geometry":{"type":"Polygon","coordinates":[[[-3.89189,40.5205],[-3.89707,40.5205],[-3.89707,40.5153],[-3.89189,40.5153],[-3.89189,40.5205]]]}},{"type":"Feature","properties":{"name":"Las Rozas de Madrid--piece--11-0--gCloud","number_of_ads_buy":6,"average_prize_buy":1471.71,"number_of_ads_rent":0,"average_prize_rent":0,"normalized_prize_buy":0.3396773813837657,"normalized_ads_buy":0.21428571428571427,"normalized_prize_rent":null,"normalized_ads_rent":0,"date":"2018-12-07T11:00:55.000Z","fill-opacity":0.27174190510701257,"fill":"#ff0000"},"bbox":[-3.88672,40.5623,-3.89189,40.5676],"geometry":{"type":"Polygon","coordinates":[[[-3.88672,40.5676],[-3.89189,40.5676],[-3.89189,40.5623],[-3.88672,40.5623],[-3.88672,40.5676]]]}},{"type":"Feature","properties":{"name":"Las Rozas de Madrid--piece--11-1--gCloud","number_of_ads_buy":4,"average_prize_buy":1215.84,"number_of_ads_rent":0,"average_prize_rent":0,"normalized_prize_buy":0.2806214182017093,"normalized_ads_buy":0.14285714285714285,"normalized_prize_rent":null,"normalized_ads_rent":0,"date":"2018-12-07T11:01:03.000Z","fill-opacity":0.22449713456136747,"fill":"#ff0000"},"bbox":[-3.88672,40.5571,-3.89189,40.5623],"geometry":{"type":"Polygon","coordinates":[[[-3.88672,40.5623],[-3.89189,40.5623],[-3.89189,40.5571],[-3.88672,40.5571],[-3.88672,40.5623]]]}},{"type":"Feature","properties":{"name":"Las Rozas de Madrid--piece--11-10--gCloud","number_of_ads_buy":0,"average_prize_buy":0,"number_of_ads_rent":0,"average_prize_rent":0,"normalized_prize_buy":0,"normalized_ads_buy":0,"normalized_prize_rent":null,"normalized_ads_rent":0,"date":"2018-12-07T11:01:12.000Z","fill-opacity":0,"fill":"#ff0000"},"bbox":[-3.88672,40.51,-3.89189,40.5153],"geometry":{"type":"Polygon","coordinates":[[[-3.88672,40.5153],[-3.89189,40.5153],[-3.89189,40.51],[-3.88672,40.51],[-3.88672,40.5153]]]}},{"type":"Feature","properties":{"name":"Las Rozas de Madrid--piece--11-11--gCloud","number_of_ads_buy":0,"average_prize_buy":0,"number_of_ads_rent":0,"average_prize_rent":0,"normalized_prize_buy":0,"normalized_ads_buy":0,"normalized_prize_rent":null,"normalized_ads_rent":0,"date":"2018-12-07T11:01:23.000Z","fill-opacity":0,"fill":"#ff0000"},"bbox":[-3.88672,40.5048,-3.89189,40.51],"geometry":{"type":"Polygon","coordinates":[[[-3.88672,40.51],[-3.89189,40.51],[-3.89189,40.5048],[-3.88672,40.5048],[-3.88672,40.51]]]}},{"type":"Feature","properties":{"name":"Las Rozas de Madrid--piece--11-12--gCloud","number_of_ads_buy":0,"average_prize_buy":0,"number_of_ads_rent":0,"average_prize_rent":0,"normalized_prize_buy":0,"normalized_ads_buy":0,"normalized_prize_rent":null,"normalized_ads_rent":0,"date":"2018-12-07T11:01:28.000Z","fill-opacity":0,"fill":"#ff0000"},"bbox":[-3.88672,40.4996,-3.89189,40.5048],"geometry":{"type":"Polygon","coordinates":[[[-3.88672,40.5048],[-3.89189,40.5048],[-3.89189,40.4996],[-3.88672,40.4996],[-3.88672,40.5048]]]}},{"type":"Feature","properties":{"name":"Las Rozas de Madrid--piece--11-13--gCloud","number_of_ads_buy":6,"average_prize_buy":1559.29,"number_of_ads_rent":1,"average_prize_rent":7,"normalized_prize_buy":0.359891244890564,"normalized_ads_buy":0.21428571428571427,"normalized_prize_rent":null,"normalized_ads_rent":0.03571428571428571,"date":"2018-12-07T11:01:37.000Z","fill-opacity":0.28791299591245123,"fill":"#ff0000"},"bbox":[-3.88672,40.4943,-3.89189,40.4996],"geometry":{"type":"Polygon","coordinates":[[[-3.88672,40.4996],[-3.89189,40.4996],[-3.89189,40.4943],[-3.88672,40.4943],[-3.88672,40.4996]]]}},{"type":"Feature","properties":{"name":"Las Rozas de Madrid--piece--11-14--gCloud","number_of_ads_buy":3,"average_prize_buy":3177.04,"number_of_ads_rent":1,"average_prize_rent":5.59441,"normalized_prize_buy":0.7332753244535125,"normalized_ads_buy":0.10714285714285714,"normalized_prize_rent":null,"normalized_ads_rent":0.03571428571428571,"date":"2018-12-07T11:01:42.000Z","fill-opacity":0.58662025956281,"fill":"#ff0000"},"bbox":[-3.88672,40.4891,-3.89189,40.4943],"geometry":{"type":"Polygon","coordinates":[[[-3.88672,40.4943],[-3.89189,40.4943],[-3.89189,40.4891],[-3.88672,40.4891],[-3.88672,40.4943]]]}},{"type":"Feature","properties":{"name":"Las Rozas de Madrid--piece--11-15--gCloud","number_of_ads_buy":10,"average_prize_buy":1787.18,"number_of_ads_rent":1,"average_prize_rent":8.33333,"normalized_prize_buy":0.41248929643845483,"normalized_ads_buy":0.35714285714285715,"normalized_prize_rent":null,"normalized_ads_rent":0.03571428571428571,"date":"2018-12-07T11:01:51.000Z","fill-opacity":0.3299914371507639,"fill":"#ff0000"},"bbox":[-3.88672,40.4839,-3.89189,40.4891],"geometry":{"type":"Polygon","coordinates":[[[-3.88672,40.4891],[-3.89189,40.4891],[-3.89189,40.4839],[-3.88672,40.4839],[-3.88672,40.4891]]]}},{"type":"Feature","properties":{"name":"Las Rozas de Madrid--piece--11-16--gCloud","number_of_ads_buy":0,"average_prize_buy":0,"number_of_ads_rent":0,"average_prize_rent":0,"normalized_prize_buy":0,"normalized_ads_buy":0,"normalized_prize_rent":null,"normalized_ads_rent":0,"date":"2018-12-07T11:02:02.000Z","fill-opacity":0,"fill":"#ff0000"},"bbox":[-3.88672,40.4786,-3.89189,40.4839],"geometry":{"type":"Polygon","coordinates":[[[-3.88672,40.4839],[-3.89189,40.4839],[-3.89189,40.4786],[-3.88672,40.4786],[-3.88672,40.4839]]]}},{"type":"Feature","properties":{"name":"Las Rozas de Madrid--piece--11-2--gCloud","number_of_ads_buy":0,"average_prize_buy":0,"number_of_ads_rent":0,"average_prize_rent":0,"normalized_prize_buy":0,"normalized_ads_buy":0,"normalized_prize_rent":null,"normalized_ads_rent":0,"date":"2018-12-07T11:02:14.000Z","fill-opacity":0,"fill":"#ff0000"},"bbox":[-3.88672,40.5519,-3.89189,40.5571],"geometry":{"type":"Polygon","coordinates":[[[-3.88672,40.5571],[-3.89189,40.5571],[-3.89189,40.5519],[-3.88672,40.5519],[-3.88672,40.5571]]]}},{"type":"Feature","properties":{"name":"Las Rozas de Madrid--piece--11-3--gCloud","number_of_ads_buy":11,"average_prize_buy":1805.82,"number_of_ads_rent":0,"average_prize_rent":0,"normalized_prize_buy":0.41679149346707683,"normalized_ads_buy":0.39285714285714285,"normalized_prize_rent":null,"normalized_ads_rent":0,"date":"2018-12-07T11:02:26.000Z","fill-opacity":0.3334331947736615,"fill":"#ff0000"},"bbox":[-3.88672,40.5467,-3.89189,40.5519],"geometry":{"type":"Polygon","coordinates":[[[-3.88672,40.5519],[-3.89189,40.5519],[-3.89189,40.5467],[-3.88672,40.5467],[-3.88672,40.5519]]]}},{"type":"Feature","properties":{"name":"Las Rozas de Madrid--piece--11-4--gCloud","number_of_ads_buy":0,"average_prize_buy":0,"number_of_ads_rent":2,"average_prize_rent":8.27068,"normalized_prize_buy":0,"normalized_ads_buy":0,"normalized_prize_rent":null,"normalized_ads_rent":0.07142857142857142,"date":"2018-12-07T11:02:32.000Z","fill-opacity":0,"fill":"#ff0000"},"bbox":[-3.88672,40.5414,-3.89189,40.5467],"geometry":{"type":"Polygon","coordinates":[[[-3.88672,40.5467],[-3.89189,40.5467],[-3.89189,40.5414],[-3.88672,40.5414],[-3.88672,40.5467]]]}},{"type":"Feature","properties":{"name":"Las Rozas de Madrid--piece--11-5--gCloud","number_of_ads_buy":0,"average_prize_buy":0,"number_of_ads_rent":1,"average_prize_rent":9.28571,"normalized_prize_buy":0,"normalized_ads_buy":0,"normalized_prize_rent":null,"normalized_ads_rent":0.03571428571428571,"date":"2018-12-07T11:02:38.000Z","fill-opacity":0,"fill":"#ff0000"},"bbox":[-3.88672,40.5362,-3.89189,40.5414],"geometry":{"type":"Polygon","coordinates":[[[-3.88672,40.5414],[-3.89189,40.5414],[-3.89189,40.5362],[-3.88672,40.5362],[-3.88672,40.5414]]]}},{"type":"Feature","properties":{"name":"Las Rozas de Madrid--piece--11-6--gCloud","number_of_ads_buy":6,"average_prize_buy":3094.28,"number_of_ads_rent":3,"average_prize_rent":10.2604,"normalized_prize_buy":0.7141739389337292,"normalized_ads_buy":0.21428571428571427,"normalized_prize_rent":null,"normalized_ads_rent":0.10714285714285714,"date":"2018-12-07T11:02:46.000Z","fill-opacity":0.5713391511469833,"fill":"#ff0000"},"bbox":[-3.88672,40.531,-3.89189,40.5362],"geometry":{"type":"Polygon","coordinates":[[[-3.88672,40.5362],[-3.89189,40.5362],[-3.89189,40.531],[-3.88672,40.531],[-3.88672,40.5362]]]}},{"type":"Feature","properties":{"name":"Las Rozas de Madrid--piece--11-7--gCloud","number_of_ads_buy":1,"average_prize_buy":2846.15,"number_of_ads_rent":0,"average_prize_rent":0,"normalized_prize_buy":0.6569044030586221,"normalized_ads_buy":0.03571428571428571,"normalized_prize_rent":null,"normalized_ads_rent":0,"date":"2018-12-07T11:02:55.000Z","fill-opacity":0.5255235224468977,"fill":"#ff0000"},"bbox":[-3.88672,40.5257,-3.89189,40.531],"geometry":{"type":"Polygon","coordinates":[[[-3.88672,40.531],[-3.89189,40.531],[-3.89189,40.5257],[-3.88672,40.5257],[-3.88672,40.531]]]}},{"type":"Feature","properties":{"name":"Las Rozas de Madrid--piece--11-8--gCloud","number_of_ads_buy":0,"average_prize_buy":0,"number_of_ads_rent":0,"average_prize_rent":0,"normalized_prize_buy":0,"normalized_ads_buy":0,"normalized_prize_rent":null,"normalized_ads_rent":0,"date":"2018-12-07T11:03:03.000Z","fill-opacity":0,"fill":"#ff0000"},"bbox":[-3.88672,40.5205,-3.89189,40.5257],"geometry":{"type":"Polygon","coordinates":[[[-3.88672,40.5257],[-3.89189,40.5257],[-3.89189,40.5205],[-3.88672,40.5205],[-3.88672,40.5257]]]}},{"type":"Feature","properties":{"name":"Las Rozas de Madrid--piece--11-9--gCloud","number_of_ads_buy":0,"average_prize_buy":0,"number_of_ads_rent":0,"average_prize_rent":0,"normalized_prize_buy":0,"normalized_ads_buy":0,"normalized_prize_rent":null,"normalized_ads_rent":0,"date":"2018-12-07T11:03:10.000Z","fill-opacity":0,"fill":"#ff0000"},"bbox":[-3.88672,40.5153,-3.89189,40.5205],"geometry":{"type":"Polygon","coordinates":[[[-3.88672,40.5205],[-3.89189,40.5205],[-3.89189,40.5153],[-3.88672,40.5153],[-3.88672,40.5205]]]}},{"type":"Feature","properties":{"name":"Las Rozas de Madrid--piece--12-0--gCloud","number_of_ads_buy":0,"average_prize_buy":0,"number_of_ads_rent":0,"average_prize_rent":0,"normalized_prize_buy":0,"normalized_ads_buy":0,"normalized_prize_rent":null,"normalized_ads_rent":0,"date":"2018-12-07T11:03:18.000Z","fill-opacity":0,"fill":"#ff0000"},"bbox":[-3.88154,40.5623,-3.88672,40.5676],"geometry":{"type":"Polygon","coordinates":[[[-3.88154,40.5676],[-3.88672,40.5676],[-3.88672,40.5623],[-3.88154,40.5623],[-3.88154,40.5676]]]}},{"type":"Feature","properties":{"name":"Las Rozas de Madrid--piece--12-1--gCloud","number_of_ads_buy":1,"average_prize_buy":2156.67,"number_of_ads_rent":0,"average_prize_rent":0,"normalized_prize_buy":0.4977692739119296,"normalized_ads_buy":0.03571428571428571,"normalized_prize_rent":null,"normalized_ads_rent":0,"date":"2018-12-07T11:03:29.000Z","fill-opacity":0.3982154191295437,"fill":"#ff0000"},"bbox":[-3.88154,40.5571,-3.88672,40.5623],"geometry":{"type":"Polygon","coordinates":[[[-3.88154,40.5623],[-3.88672,40.5623],[-3.88672,40.5571],[-3.88154,40.5571],[-3.88154,40.5623]]]}},{"type":"Feature","properties":{"name":"Las Rozas de Madrid--piece--12-10--gCloud","number_of_ads_buy":3,"average_prize_buy":2680.92,"number_of_ads_rent":1,"average_prize_rent":7.11111,"normalized_prize_buy":0.6187685653419254,"normalized_ads_buy":0.10714285714285714,"normalized_prize_rent":null,"normalized_ads_rent":0.03571428571428571,"date":"2018-12-07T11:03:38.000Z","fill-opacity":0.4950148522735403,"fill":"#ff0000"},"bbox":[-3.88154,40.51,-3.88672,40.5153],"geometry":{"type":"Polygon","coordinates":[[[-3.88154,40.5153],[-3.88672,40.5153],[-3.88672,40.51],[-3.88154,40.51],[-3.88154,40.5153]]]}},{"type":"Feature","properties":{"name":"Las Rozas de Madrid--piece--12-11--gCloud","number_of_ads_buy":1,"average_prize_buy":3453.85,"number_of_ads_rent":0,"average_prize_rent":0,"normalized_prize_buy":0.79716433515592,"normalized_ads_buy":0.03571428571428571,"normalized_prize_rent":null,"normalized_ads_rent":0,"date":"2018-12-07T11:03:47.000Z","fill-opacity":0.637731468124736,"fill":"#ff0000"},"bbox":[-3.88154,40.5048,-3.88672,40.51],"geometry":{"type":"Polygon","coordinates":[[[-3.88154,40.51],[-3.88672,40.51],[-3.88672,40.5048],[-3.88154,40.5048],[-3.88154,40.51]]]}},{"type":"Feature","properties":{"name":"Las Rozas de Madrid--piece--12-12--gCloud","number_of_ads_buy":4,"average_prize_buy":3067.45,"number_of_ads_rent":0,"average_prize_rent":0,"normalized_prize_buy":0.7079814525454281,"normalized_ads_buy":0.14285714285714285,"normalized_prize_rent":null,"normalized_ads_rent":0,"date":"2018-12-07T11:03:55.000Z","fill-opacity":0.5663851620363425,"fill":"#ff0000"},"bbox":[-3.88154,40.4996,-3.88672,40.5048],"geometry":{"type":"Polygon","coordinates":[[[-3.88154,40.5048],[-3.88672,40.5048],[-3.88672,40.4996],[-3.88154,40.4996],[-3.88154,40.5048]]]}},{"type":"Feature","properties":{"name":"Las Rozas de Madrid--piece--12-13--gCloud","number_of_ads_buy":10,"average_prize_buy":2784.3,"number_of_ads_rent":5,"average_prize_rent":10.3686,"normalized_prize_buy":0.6426291409223412,"normalized_ads_buy":0.35714285714285715,"normalized_prize_rent":null,"normalized_ads_rent":0.17857142857142858,"date":"2018-12-07T11:04:01.000Z","fill-opacity":0.514103312737873,"fill":"#ff0000"},"bbox":[-3.88154,40.4943,-3.88672,40.4996],"geometry":{"type":"Polygon","coordinates":[[[-3.88154,40.4996],[-3.88672,40.4996],[-3.88672,40.4943],[-3.88154,40.4943],[-3.88154,40.4996]]]}},{"type":"Feature","properties":{"name":"Las Rozas de Madrid--piece--12-14--gCloud","number_of_ads_buy":5,"average_prize_buy":3102.92,"number_of_ads_rent":6,"average_prize_rent":12.3607,"normalized_prize_buy":0.7161680903461376,"normalized_ads_buy":0.17857142857142858,"normalized_prize_rent":null,"normalized_ads_rent":0.21428571428571427,"date":"2018-12-07T11:04:15.000Z","fill-opacity":0.5729344722769101,"fill":"#ff0000"},"bbox":[-3.88154,40.4891,-3.88672,40.4943],"geometry":{"type":"Polygon","coordinates":[[[-3.88154,40.4943],[-3.88672,40.4943],[-3.88672,40.4891],[-3.88154,40.4891],[-3.88154,40.4943]]]}},{"type":"Feature","properties":{"name":"Las Rozas de Madrid--piece--12-15--gCloud","number_of_ads_buy":7,"average_prize_buy":2420.13,"number_of_ads_rent":1,"average_prize_rent":6.45833,"normalized_prize_buy":0.558577043716692,"normalized_ads_buy":0.25,"normalized_prize_rent":null,"normalized_ads_rent":0.03571428571428571,"date":"2018-12-07T11:04:25.000Z","fill-opacity":0.4468616349733536,"fill":"#ff0000"},"bbox":[-3.88154,40.4839,-3.88672,40.4891],"geometry":{"type":"Polygon","coordinates":[[[-3.88154,40.4891],[-3.88672,40.4891],[-3.88672,40.4839],[-3.88154,40.4839],[-3.88154,40.4891]]]}},{"type":"Feature","properties":{"name":"Las Rozas de Madrid--piece--12-16--gCloud","number_of_ads_buy":0,"average_prize_buy":0,"number_of_ads_rent":0,"average_prize_rent":0,"normalized_prize_buy":0,"normalized_ads_buy":0,"normalized_prize_rent":null,"normalized_ads_rent":0,"date":"2018-12-07T11:04:30.000Z","fill-opacity":0,"fill":"#ff0000"},"bbox":[-3.88154,40.4786,-3.88672,40.4839],"geometry":{"type":"Polygon","coordinates":[[[-3.88154,40.4839],[-3.88672,40.4839],[-3.88672,40.4786],[-3.88154,40.4786],[-3.88154,40.4839]]]}},{"type":"Feature","properties":{"name":"Las Rozas de Madrid--piece--12-2--gCloud","number_of_ads_buy":0,"average_prize_buy":0,"number_of_ads_rent":0,"average_prize_rent":0,"normalized_prize_buy":0,"normalized_ads_buy":0,"normalized_prize_rent":null,"normalized_ads_rent":0,"date":"2018-12-07T11:04:49.000Z","fill-opacity":0,"fill":"#ff0000"},"bbox":[-3.88154,40.5519,-3.88672,40.5571],"geometry":{"type":"Polygon","coordinates":[[[-3.88154,40.5571],[-3.88672,40.5571],[-3.88672,40.5519],[-3.88154,40.5519],[-3.88154,40.5571]]]}},{"type":"Feature","properties":{"name":"Las Rozas de Madrid--piece--12-3--gCloud","number_of_ads_buy":0,"average_prize_buy":0,"number_of_ads_rent":0,"average_prize_rent":0,"normalized_prize_buy":0,"normalized_ads_buy":0,"normalized_prize_rent":null,"normalized_ads_rent":0,"date":"2018-12-07T11:04:58.000Z","fill-opacity":0,"fill":"#ff0000"},"bbox":[-3.88154,40.5467,-3.88672,40.5519],"geometry":{"type":"Polygon","coordinates":[[[-3.88154,40.5519],[-3.88672,40.5519],[-3.88672,40.5467],[-3.88154,40.5467],[-3.88154,40.5519]]]}},{"type":"Feature","properties":{"name":"Las Rozas de Madrid--piece--12-4--gCloud","number_of_ads_buy":0,"average_prize_buy":0,"number_of_ads_rent":0,"average_prize_rent":0,"normalized_prize_buy":0,"normalized_ads_buy":0,"normalized_prize_rent":null,"normalized_ads_rent":0,"date":"2018-12-07T11:05:06.000Z","fill-opacity":0,"fill":"#ff0000"},"bbox":[-3.88154,40.5414,-3.88672,40.5467],"geometry":{"type":"Polygon","coordinates":[[[-3.88154,40.5467],[-3.88672,40.5467],[-3.88672,40.5414],[-3.88154,40.5414],[-3.88154,40.5467]]]}},{"type":"Feature","properties":{"name":"Las Rozas de Madrid--piece--12-5--gCloud","number_of_ads_buy":0,"average_prize_buy":0,"number_of_ads_rent":0,"average_prize_rent":0,"normalized_prize_buy":0,"normalized_ads_buy":0,"normalized_prize_rent":null,"normalized_ads_rent":0,"date":"2018-12-07T11:05:12.000Z","fill-opacity":0,"fill":"#ff0000"},"bbox":[-3.88154,40.5362,-3.88672,40.5414],"geometry":{"type":"Polygon","coordinates":[[[-3.88154,40.5414],[-3.88672,40.5414],[-3.88672,40.5362],[-3.88154,40.5362],[-3.88154,40.5414]]]}},{"type":"Feature","properties":{"name":"Las Rozas de Madrid--piece--12-6--gCloud","number_of_ads_buy":0,"average_prize_buy":0,"number_of_ads_rent":0,"average_prize_rent":0,"normalized_prize_buy":0,"normalized_ads_buy":0,"normalized_prize_rent":null,"normalized_ads_rent":0,"date":"2018-12-07T11:05:20.000Z","fill-opacity":0,"fill":"#ff0000"},"bbox":[-3.88154,40.531,-3.88672,40.5362],"geometry":{"type":"Polygon","coordinates":[[[-3.88154,40.5362],[-3.88672,40.5362],[-3.88672,40.531],[-3.88154,40.531],[-3.88154,40.5362]]]}},{"type":"Feature","properties":{"name":"Las Rozas de Madrid--piece--12-7--gCloud","number_of_ads_buy":0,"average_prize_buy":0,"number_of_ads_rent":0,"average_prize_rent":0,"normalized_prize_buy":0,"normalized_ads_buy":0,"normalized_prize_rent":null,"normalized_ads_rent":0,"date":"2018-12-07T11:05:29.000Z","fill-opacity":0,"fill":"#ff0000"},"bbox":[-3.88154,40.5257,-3.88672,40.531],"geometry":{"type":"Polygon","coordinates":[[[-3.88154,40.531],[-3.88672,40.531],[-3.88672,40.5257],[-3.88154,40.5257],[-3.88154,40.531]]]}},{"type":"Feature","properties":{"name":"Las Rozas de Madrid--piece--12-8--gCloud","number_of_ads_buy":0,"average_prize_buy":0,"number_of_ads_rent":0,"average_prize_rent":0,"normalized_prize_buy":0,"normalized_ads_buy":0,"normalized_prize_rent":null,"normalized_ads_rent":0,"date":"2018-12-07T11:05:35.000Z","fill-opacity":0,"fill":"#ff0000"},"bbox":[-3.88154,40.5205,-3.88672,40.5257],"geometry":{"type":"Polygon","coordinates":[[[-3.88154,40.5257],[-3.88672,40.5257],[-3.88672,40.5205],[-3.88154,40.5205],[-3.88154,40.5257]]]}},{"type":"Feature","properties":{"name":"Las Rozas de Madrid--piece--12-9--gCloud","number_of_ads_buy":1,"average_prize_buy":2966.1,"number_of_ads_rent":2,"average_prize_rent":12.0901,"normalized_prize_buy":0.6845894102251037,"normalized_ads_buy":0.03571428571428571,"normalized_prize_rent":null,"normalized_ads_rent":0.07142857142857142,"date":"2018-12-07T11:05:41.000Z","fill-opacity":0.5476715281800829,"fill":"#ff0000"},"bbox":[-3.88154,40.5153,-3.88672,40.5205],"geometry":{"type":"Polygon","coordinates":[[[-3.88154,40.5205],[-3.88672,40.5205],[-3.88672,40.5153],[-3.88154,40.5153],[-3.88154,40.5205]]]}},{"type":"Feature","properties":{"name":"Las Rozas de Madrid--piece--13-0--gCloud","number_of_ads_buy":0,"average_prize_buy":0,"number_of_ads_rent":0,"average_prize_rent":0,"normalized_prize_buy":0,"normalized_ads_buy":0,"normalized_prize_rent":null,"normalized_ads_rent":0,"date":"2018-12-07T11:05:46.000Z","fill-opacity":0,"fill":"#ff0000"},"bbox":[-3.87637,40.5623,-3.88154,40.5676],"geometry":{"type":"Polygon","coordinates":[[[-3.87637,40.5676],[-3.88154,40.5676],[-3.88154,40.5623],[-3.87637,40.5623],[-3.87637,40.5676]]]}},{"type":"Feature","properties":{"name":"Las Rozas de Madrid--piece--13-1--gCloud","number_of_ads_buy":0,"average_prize_buy":0,"number_of_ads_rent":0,"average_prize_rent":0,"normalized_prize_buy":0,"normalized_ads_buy":0,"normalized_prize_rent":null,"normalized_ads_rent":0,"date":"2018-12-07T11:05:51.000Z","fill-opacity":0,"fill":"#ff0000"},"bbox":[-3.87637,40.5571,-3.88154,40.5623],"geometry":{"type":"Polygon","coordinates":[[[-3.87637,40.5623],[-3.88154,40.5623],[-3.88154,40.5571],[-3.87637,40.5571],[-3.87637,40.5623]]]}},{"type":"Feature","properties":{"name":"Las Rozas de Madrid--piece--13-10--gCloud","number_of_ads_buy":0,"average_prize_buy":0,"number_of_ads_rent":1,"average_prize_rent":10,"normalized_prize_buy":0,"normalized_ads_buy":0,"normalized_prize_rent":null,"normalized_ads_rent":0.03571428571428571,"date":"2018-12-07T11:05:59.000Z","fill-opacity":0,"fill":"#ff0000"},"bbox":[-3.87637,40.51,-3.88154,40.5153],"geometry":{"type":"Polygon","coordinates":[[[-3.87637,40.5153],[-3.88154,40.5153],[-3.88154,40.51],[-3.87637,40.51],[-3.87637,40.5153]]]}},{"type":"Feature","properties":{"name":"Las Rozas de Madrid--piece--13-11--gCloud","number_of_ads_buy":3,"average_prize_buy":3363.1,"number_of_ads_rent":2,"average_prize_rent":14.445,"normalized_prize_buy":0.7762188211887819,"normalized_ads_buy":0.10714285714285714,"normalized_prize_rent":null,"normalized_ads_rent":0.07142857142857142,"date":"2018-12-07T11:06:06.000Z","fill-opacity":0.6209750569510256,"fill":"#ff0000"},"bbox":[-3.87637,40.5048,-3.88154,40.51],"geometry":{"type":"Polygon","coordinates":[[[-3.87637,40.51],[-3.88154,40.51],[-3.88154,40.5048],[-3.87637,40.5048],[-3.87637,40.51]]]}},{"type":"Feature","properties":{"name":"Las Rozas de Madrid--piece--13-12--gCloud","number_of_ads_buy":10,"average_prize_buy":3111.05,"number_of_ads_rent":2,"average_prize_rent":15.1429,"normalized_prize_buy":0.7180445314321192,"normalized_ads_buy":0.35714285714285715,"normalized_prize_rent":null,"normalized_ads_rent":0.07142857142857142,"date":"2018-12-07T11:06:12.000Z","fill-opacity":0.5744356251456953,"fill":"#ff0000"},"bbox":[-3.87637,40.4996,-3.88154,40.5048],"geometry":{"type":"Polygon","coordinates":[[[-3.87637,40.5048],[-3.88154,40.5048],[-3.88154,40.4996],[-3.87637,40.4996],[-3.87637,40.5048]]]}},{"type":"Feature","properties":{"name":"Las Rozas de Madrid--piece--13-13--gCloud","number_of_ads_buy":12,"average_prize_buy":2326.55,"number_of_ads_rent":6,"average_prize_rent":7.65741,"normalized_prize_buy":0.5369783528401656,"normalized_ads_buy":0.42857142857142855,"normalized_prize_rent":null,"normalized_ads_rent":0.21428571428571427,"date":"2018-12-07T11:06:20.000Z","fill-opacity":0.4295826822721325,"fill":"#ff0000"},"bbox":[-3.87637,40.4943,-3.88154,40.4996],"geometry":{"type":"Polygon","coordinates":[[[-3.87637,40.4996],[-3.88154,40.4996],[-3.88154,40.4943],[-3.87637,40.4943],[-3.87637,40.4996]]]}},{"type":"Feature","properties":{"name":"Las Rozas de Madrid--piece--13-14--gCloud","number_of_ads_buy":27,"average_prize_buy":2616.06,"number_of_ads_rent":2,"average_prize_rent":9.01786,"normalized_prize_buy":0.6037985814751643,"normalized_ads_buy":0.9642857142857143,"normalized_prize_rent":null,"normalized_ads_rent":0.07142857142857142,"date":"2018-12-07T11:06:27.000Z","fill-opacity":0.48303886518013145,"fill":"#ff0000"},"bbox":[-3.87637,40.4891,-3.88154,40.4943],"geometry":{"type":"Polygon","coordinates":[[[-3.87637,40.4943],[-3.88154,40.4943],[-3.88154,40.4891],[-3.87637,40.4891],[-3.87637,40.4943]]]}},{"type":"Feature","properties":{"name":"Las Rozas de Madrid--piece--13-15--gCloud","number_of_ads_buy":7,"average_prize_buy":2301.65,"number_of_ads_rent":7,"average_prize_rent":11.8524,"normalized_prize_buy":0.5312313192557938,"normalized_ads_buy":0.25,"normalized_prize_rent":null,"normalized_ads_rent":0.25,"date":"2018-12-07T11:06:36.000Z","fill-opacity":0.42498505540463505,"fill":"#ff0000"},"bbox":[-3.87637,40.4839,-3.88154,40.4891],"geometry":{"type":"Polygon","coordinates":[[[-3.87637,40.4891],[-3.88154,40.4891],[-3.88154,40.4839],[-3.87637,40.4839],[-3.87637,40.4891]]]}},{"type":"Feature","properties":{"name":"Las Rozas de Madrid--piece--13-16--gCloud","number_of_ads_buy":3,"average_prize_buy":2616.68,"number_of_ads_rent":0,"average_prize_rent":0,"normalized_prize_buy":0.6039416803033695,"normalized_ads_buy":0.10714285714285714,"normalized_prize_rent":null,"normalized_ads_rent":0,"date":"2018-12-07T11:06:46.000Z","fill-opacity":0.4831533442426956,"fill":"#ff0000"},"bbox":[-3.87637,40.4786,-3.88154,40.4839],"geometry":{"type":"Polygon","coordinates":[[[-3.87637,40.4839],[-3.88154,40.4839],[-3.88154,40.4786],[-3.87637,40.4786],[-3.87637,40.4839]]]}},{"type":"Feature","properties":{"name":"Las Rozas de Madrid--piece--13-2--gCloud","number_of_ads_buy":0,"average_prize_buy":0,"number_of_ads_rent":0,"average_prize_rent":0,"normalized_prize_buy":0,"normalized_ads_buy":0,"normalized_prize_rent":null,"normalized_ads_rent":0,"date":"2018-12-07T11:06:52.000Z","fill-opacity":0,"fill":"#ff0000"},"bbox":[-3.87637,40.5519,-3.88154,40.5571],"geometry":{"type":"Polygon","coordinates":[[[-3.87637,40.5571],[-3.88154,40.5571],[-3.88154,40.5519],[-3.87637,40.5519],[-3.87637,40.5571]]]}},{"type":"Feature","properties":{"name":"Las Rozas de Madrid--piece--13-3--gCloud","number_of_ads_buy":0,"average_prize_buy":0,"number_of_ads_rent":0,"average_prize_rent":0,"normalized_prize_buy":0,"normalized_ads_buy":0,"normalized_prize_rent":null,"normalized_ads_rent":0,"date":"2018-12-07T11:07:01.000Z","fill-opacity":0,"fill":"#ff0000"},"bbox":[-3.87637,40.5467,-3.88154,40.5519],"geometry":{"type":"Polygon","coordinates":[[[-3.87637,40.5519],[-3.88154,40.5519],[-3.88154,40.5467],[-3.87637,40.5467],[-3.87637,40.5519]]]}},{"type":"Feature","properties":{"name":"Las Rozas de Madrid--piece--13-4--gCloud","number_of_ads_buy":0,"average_prize_buy":0,"number_of_ads_rent":0,"average_prize_rent":0,"normalized_prize_buy":0,"normalized_ads_buy":0,"normalized_prize_rent":null,"normalized_ads_rent":0,"date":"2018-12-07T11:07:09.000Z","fill-opacity":0,"fill":"#ff0000"},"bbox":[-3.87637,40.5414,-3.88154,40.5467],"geometry":{"type":"Polygon","coordinates":[[[-3.87637,40.5467],[-3.88154,40.5467],[-3.88154,40.5414],[-3.87637,40.5414],[-3.87637,40.5467]]]}},{"type":"Feature","properties":{"name":"Las Rozas de Madrid--piece--13-5--gCloud","number_of_ads_buy":0,"average_prize_buy":0,"number_of_ads_rent":0,"average_prize_rent":0,"normalized_prize_buy":0,"normalized_ads_buy":0,"normalized_prize_rent":null,"normalized_ads_rent":0,"date":"2018-12-07T11:07:20.000Z","fill-opacity":0,"fill":"#ff0000"},"bbox":[-3.87637,40.5362,-3.88154,40.5414],"geometry":{"type":"Polygon","coordinates":[[[-3.87637,40.5414],[-3.88154,40.5414],[-3.88154,40.5362],[-3.87637,40.5362],[-3.87637,40.5414]]]}},{"type":"Feature","properties":{"name":"Las Rozas de Madrid--piece--13-6--gCloud","number_of_ads_buy":0,"average_prize_buy":0,"number_of_ads_rent":0,"average_prize_rent":0,"normalized_prize_buy":0,"normalized_ads_buy":0,"normalized_prize_rent":null,"normalized_ads_rent":0,"date":"2018-12-07T11:07:25.000Z","fill-opacity":0,"fill":"#ff0000"},"bbox":[-3.87637,40.531,-3.88154,40.5362],"geometry":{"type":"Polygon","coordinates":[[[-3.87637,40.5362],[-3.88154,40.5362],[-3.88154,40.531],[-3.87637,40.531],[-3.87637,40.5362]]]}},{"type":"Feature","properties":{"name":"Las Rozas de Madrid--piece--13-7--gCloud","number_of_ads_buy":0,"average_prize_buy":0,"number_of_ads_rent":0,"average_prize_rent":0,"normalized_prize_buy":0,"normalized_ads_buy":0,"normalized_prize_rent":null,"normalized_ads_rent":0,"date":"2018-12-07T11:07:33.000Z","fill-opacity":0,"fill":"#ff0000"},"bbox":[-3.87637,40.5257,-3.88154,40.531],"geometry":{"type":"Polygon","coordinates":[[[-3.87637,40.531],[-3.88154,40.531],[-3.88154,40.5257],[-3.87637,40.5257],[-3.87637,40.531]]]}},{"type":"Feature","properties":{"name":"Las Rozas de Madrid--piece--13-8--gCloud","number_of_ads_buy":0,"average_prize_buy":0,"number_of_ads_rent":0,"average_prize_rent":0,"normalized_prize_buy":0,"normalized_ads_buy":0,"normalized_prize_rent":null,"normalized_ads_rent":0,"date":"2018-12-07T11:07:39.000Z","fill-opacity":0,"fill":"#ff0000"},"bbox":[-3.87637,40.5205,-3.88154,40.5257],"geometry":{"type":"Polygon","coordinates":[[[-3.87637,40.5257],[-3.88154,40.5257],[-3.88154,40.5205],[-3.87637,40.5205],[-3.87637,40.5257]]]}},{"type":"Feature","properties":{"name":"Las Rozas de Madrid--piece--13-9--gCloud","number_of_ads_buy":0,"average_prize_buy":0,"number_of_ads_rent":1,"average_prize_rent":10.5263,"normalized_prize_buy":0,"normalized_ads_buy":0,"normalized_prize_rent":null,"normalized_ads_rent":0.03571428571428571,"date":"2018-12-07T11:07:49.000Z","fill-opacity":0,"fill":"#ff0000"},"bbox":[-3.87637,40.5153,-3.88154,40.5205],"geometry":{"type":"Polygon","coordinates":[[[-3.87637,40.5205],[-3.88154,40.5205],[-3.88154,40.5153],[-3.87637,40.5153],[-3.87637,40.5205]]]}},{"type":"Feature","properties":{"name":"Las Rozas de Madrid--piece--14-0--gCloud","number_of_ads_buy":0,"average_prize_buy":0,"number_of_ads_rent":0,"average_prize_rent":0,"normalized_prize_buy":0,"normalized_ads_buy":0,"normalized_prize_rent":null,"normalized_ads_rent":0,"date":"2018-12-07T11:08:00.000Z","fill-opacity":0,"fill":"#ff0000"},"bbox":[-3.87119,40.5623,-3.87637,40.5676],"geometry":{"type":"Polygon","coordinates":[[[-3.87119,40.5676],[-3.87637,40.5676],[-3.87637,40.5623],[-3.87119,40.5623],[-3.87119,40.5676]]]}},{"type":"Feature","properties":{"name":"Las Rozas de Madrid--piece--14-1--gCloud","number_of_ads_buy":0,"average_prize_buy":0,"number_of_ads_rent":0,"average_prize_rent":0,"normalized_prize_buy":0,"normalized_ads_buy":0,"normalized_prize_rent":null,"normalized_ads_rent":0,"date":"2018-12-07T11:08:07.000Z","fill-opacity":0,"fill":"#ff0000"},"bbox":[-3.87119,40.5571,-3.87637,40.5623],"geometry":{"type":"Polygon","coordinates":[[[-3.87119,40.5623],[-3.87637,40.5623],[-3.87637,40.5571],[-3.87119,40.5571],[-3.87119,40.5623]]]}},{"type":"Feature","properties":{"name":"Las Rozas de Madrid--piece--14-10--gCloud","number_of_ads_buy":0,"average_prize_buy":0,"number_of_ads_rent":0,"average_prize_rent":0,"normalized_prize_buy":0,"normalized_ads_buy":0,"normalized_prize_rent":null,"normalized_ads_rent":0,"date":"2018-12-07T11:08:15.000Z","fill-opacity":0,"fill":"#ff0000"},"bbox":[-3.87119,40.51,-3.87637,40.5153],"geometry":{"type":"Polygon","coordinates":[[[-3.87119,40.5153],[-3.87637,40.5153],[-3.87637,40.51],[-3.87119,40.51],[-3.87119,40.5153]]]}},{"type":"Feature","properties":{"name":"Las Rozas de Madrid--piece--14-11--gCloud","number_of_ads_buy":0,"average_prize_buy":0,"number_of_ads_rent":0,"average_prize_rent":0,"normalized_prize_buy":0,"normalized_ads_buy":0,"normalized_prize_rent":null,"normalized_ads_rent":0,"date":"2018-12-07T11:08:23.000Z","fill-opacity":0,"fill":"#ff0000"},"bbox":[-3.87119,40.5048,-3.87637,40.51],"geometry":{"type":"Polygon","coordinates":[[[-3.87119,40.51],[-3.87637,40.51],[-3.87637,40.5048],[-3.87119,40.5048],[-3.87119,40.51]]]}},{"type":"Feature","properties":{"name":"Las Rozas de Madrid--piece--14-12--gCloud","number_of_ads_buy":2,"average_prize_buy":934.535,"number_of_ads_rent":0,"average_prize_rent":0,"normalized_prize_buy":0.21569494099481382,"normalized_ads_buy":0.07142857142857142,"normalized_prize_rent":null,"normalized_ads_rent":0,"date":"2018-12-07T11:08:29.000Z","fill-opacity":0.17255595279585106,"fill":"#ff0000"},"bbox":[-3.87119,40.4996,-3.87637,40.5048],"geometry":{"type":"Polygon","coordinates":[[[-3.87119,40.5048],[-3.87637,40.5048],[-3.87637,40.4996],[-3.87119,40.4996],[-3.87119,40.5048]]]}},{"type":"Feature","properties":{"name":"Las Rozas de Madrid--piece--14-13--gCloud","number_of_ads_buy":26,"average_prize_buy":2161.43,"number_of_ads_rent":3,"average_prize_rent":8.26405,"normalized_prize_buy":0.4988679036252472,"normalized_ads_buy":0.9285714285714286,"normalized_prize_rent":null,"normalized_ads_rent":0.10714285714285714,"date":"2018-12-07T11:08:41.000Z","fill-opacity":0.39909432290019775,"fill":"#ff0000"},"bbox":[-3.87119,40.4943,-3.87637,40.4996],"geometry":{"type":"Polygon","coordinates":[[[-3.87119,40.4996],[-3.87637,40.4996],[-3.87637,40.4943],[-3.87119,40.4943],[-3.87119,40.4996]]]}},{"type":"Feature","properties":{"name":"Las Rozas de Madrid--piece--14-14--gCloud","number_of_ads_buy":27,"average_prize_buy":3134.31,"number_of_ads_rent":10,"average_prize_rent":13.0439,"normalized_prize_buy":0.723413045535432,"normalized_ads_buy":0.9642857142857143,"normalized_prize_rent":null,"normalized_ads_rent":0.35714285714285715,"date":"2018-12-07T11:08:49.000Z","fill-opacity":0.5787304364283455,"fill":"#ff0000"},"bbox":[-3.87119,40.4891,-3.87637,40.4943],"geometry":{"type":"Polygon","coordinates":[[[-3.87119,40.4943],[-3.87637,40.4943],[-3.87637,40.4891],[-3.87119,40.4891],[-3.87119,40.4943]]]}},{"type":"Feature","properties":{"name":"Las Rozas de Madrid--piece--14-15--gCloud","number_of_ads_buy":9,"average_prize_buy":2779.67,"number_of_ads_rent":0,"average_prize_rent":0,"normalized_prize_buy":0.6415605158020343,"normalized_ads_buy":0.32142857142857145,"normalized_prize_rent":null,"normalized_ads_rent":0,"date":"2018-12-07T11:08:54.000Z","fill-opacity":0.5132484126416275,"fill":"#ff0000"},"bbox":[-3.87119,40.4839,-3.87637,40.4891],"geometry":{"type":"Polygon","coordinates":[[[-3.87119,40.4891],[-3.87637,40.4891],[-3.87637,40.4839],[-3.87119,40.4839],[-3.87119,40.4891]]]}},{"type":"Feature","properties":{"name":"Las Rozas de Madrid--piece--14-16--gCloud","number_of_ads_buy":7,"average_prize_buy":2683.06,"number_of_ads_rent":6,"average_prize_rent":9.87239,"normalized_prize_buy":0.6192624871037951,"normalized_ads_buy":0.25,"normalized_prize_rent":null,"normalized_ads_rent":0.21428571428571427,"date":"2018-12-07T11:09:00.000Z","fill-opacity":0.49540998968303607,"fill":"#ff0000"},"bbox":[-3.87119,40.4786,-3.87637,40.4839],"geometry":{"type":"Polygon","coordinates":[[[-3.87119,40.4839],[-3.87637,40.4839],[-3.87637,40.4786],[-3.87119,40.4786],[-3.87119,40.4839]]]}}]}