{"type":"FeatureCollection","features":[{"type":"Feature","properties":{"name":"Leganés--piece--0-0--gCloud","number_of_ads_buy":0,"average_prize_buy":0,"number_of_ads_rent":0,"average_prize_rent":0,"normalized_prize_buy":0,"normalized_ads_buy":0,"normalized_prize_rent":null,"normalized_ads_rent":0,"date":"2018-12-03T19:46:36.000Z","fill-opacity":0,"fill":"#ff0000"},"bbox":[-3.79016,40.3417,-3.79549,40.3472],"geometry":{"type":"Polygon","coordinates":[[[-3.79016,40.3472],[-3.79549,40.3472],[-3.79549,40.3417],[-3.79016,40.3417],[-3.79016,40.3472]]]}},{"type":"Feature","properties":{"name":"Leganés--piece--0-1--gCloud","number_of_ads_buy":0,"average_prize_buy":0,"number_of_ads_rent":0,"average_prize_rent":0,"normalized_prize_buy":0,"normalized_ads_buy":0,"normalized_prize_rent":null,"normalized_ads_rent":0,"date":"2018-12-03T19:46:42.000Z","fill-opacity":0,"fill":"#ff0000"},"bbox":[-3.79016,40.3363,-3.79549,40.3417],"geometry":{"type":"Polygon","coordinates":[[[-3.79016,40.3417],[-3.79549,40.3417],[-3.79549,40.3363],[-3.79016,40.3363],[-3.79016,40.3417]]]}},{"type":"Feature","properties":{"name":"Leganés--piece--0-2--gCloud","number_of_ads_buy":0,"average_prize_buy":0,"number_of_ads_rent":0,"average_prize_rent":0,"normalized_prize_buy":0,"normalized_ads_buy":0,"normalized_prize_rent":null,"normalized_ads_rent":0,"date":"2018-12-03T19:46:50.000Z","fill-opacity":0,"fill":"#ff0000"},"bbox":[-3.79016,40.3308,-3.79549,40.3363],"geometry":{"type":"Polygon","coordinates":[[[-3.79016,40.3363],[-3.79549,40.3363],[-3.79549,40.3308],[-3.79016,40.3308],[-3.79016,40.3363]]]}},{"type":"Feature","properties":{"name":"Leganés--piece--0-3--gCloud","number_of_ads_buy":0,"average_prize_buy":0,"number_of_ads_rent":0,"average_prize_rent":0,"normalized_prize_buy":0,"normalized_ads_buy":0,"normalized_prize_rent":null,"normalized_ads_rent":0,"date":"2018-12-03T19:47:01.000Z","fill-opacity":0,"fill":"#ff0000"},"bbox":[-3.79016,40.3254,-3.79549,40.3308],"geometry":{"type":"Polygon","coordinates":[[[-3.79016,40.3308],[-3.79549,40.3308],[-3.79549,40.3254],[-3.79016,40.3254],[-3.79016,40.3308]]]}},{"type":"Feature","properties":{"name":"Leganés--piece--0-4--gCloud","number_of_ads_buy":0,"average_prize_buy":0,"number_of_ads_rent":0,"average_prize_rent":0,"normalized_prize_buy":0,"normalized_ads_buy":0,"normalized_prize_rent":null,"normalized_ads_rent":0,"date":"2018-12-03T19:47:13.000Z","fill-opacity":0,"fill":"#ff0000"},"bbox":[-3.79016,40.3199,-3.79549,40.3254],"geometry":{"type":"Polygon","coordinates":[[[-3.79016,40.3254],[-3.79549,40.3254],[-3.79549,40.3199],[-3.79016,40.3199],[-3.79016,40.3254]]]}},{"type":"Feature","properties":{"name":"Leganés--piece--0-5--gCloud","number_of_ads_buy":0,"average_prize_buy":0,"number_of_ads_rent":0,"average_prize_rent":0,"normalized_prize_buy":0,"normalized_ads_buy":0,"normalized_prize_rent":null,"normalized_ads_rent":0,"date":"2018-12-03T19:47:30.000Z","fill-opacity":0,"fill":"#ff0000"},"bbox":[-3.79016,40.3145,-3.79549,40.3199],"geometry":{"type":"Polygon","coordinates":[[[-3.79016,40.3199],[-3.79549,40.3199],[-3.79549,40.3145],[-3.79016,40.3145],[-3.79016,40.3199]]]}},{"type":"Feature","properties":{"name":"Leganés--piece--0-6--gCloud","number_of_ads_buy":6,"average_prize_buy":1742.92,"number_of_ads_rent":0,"average_prize_rent":0,"normalized_prize_buy":0.6381680842728101,"normalized_ads_buy":0.2,"normalized_prize_rent":null,"normalized_ads_rent":0,"date":"2018-12-03T19:47:37.000Z","fill-opacity":0.5105344674182482,"fill":"#ff0000"},"bbox":[-3.79016,40.309,-3.79549,40.3145],"geometry":{"type":"Polygon","coordinates":[[[-3.79016,40.3145],[-3.79549,40.3145],[-3.79549,40.309],[-3.79016,40.309],[-3.79016,40.3145]]]}},{"type":"Feature","properties":{"name":"Leganés--piece--1-0--gCloud","number_of_ads_buy":0,"average_prize_buy":0,"number_of_ads_rent":0,"average_prize_rent":0,"normalized_prize_buy":0,"normalized_ads_buy":0,"normalized_prize_rent":null,"normalized_ads_rent":0,"date":"2018-12-03T19:47:42.000Z","fill-opacity":0,"fill":"#ff0000"},"bbox":[-3.78484,40.3417,-3.79016,40.3472],"geometry":{"type":"Polygon","coordinates":[[[-3.78484,40.3472],[-3.79016,40.3472],[-3.79016,40.3417],[-3.78484,40.3417],[-3.78484,40.3472]]]}},{"type":"Feature","properties":{"name":"Leganés--piece--1-1--gCloud","number_of_ads_buy":0,"average_prize_buy":0,"number_of_ads_rent":0,"average_prize_rent":0,"normalized_prize_buy":0,"normalized_ads_buy":0,"normalized_prize_rent":null,"normalized_ads_rent":0,"date":"2018-12-03T19:47:48.000Z","fill-opacity":0,"fill":"#ff0000"},"bbox":[-3.78484,40.3363,-3.79016,40.3417],"geometry":{"type":"Polygon","coordinates":[[[-3.78484,40.3417],[-3.79016,40.3417],[-3.79016,40.3363],[-3.78484,40.3363],[-3.78484,40.3417]]]}},{"type":"Feature","properties":{"name":"Leganés--piece--1-2--gCloud","number_of_ads_buy":0,"average_prize_buy":0,"number_of_ads_rent":0,"average_prize_rent":0,"normalized_prize_buy":0,"normalized_ads_buy":0,"normalized_prize_rent":null,"normalized_ads_rent":0,"date":"2018-12-03T19:47:56.000Z","fill-opacity":0,"fill":"#ff0000"},"bbox":[-3.78484,40.3308,-3.79016,40.3363],"geometry":{"type":"Polygon","coordinates":[[[-3.78484,40.3363],[-3.79016,40.3363],[-3.79016,40.3308],[-3.78484,40.3308],[-3.78484,40.3363]]]}},{"type":"Feature","properties":{"name":"Leganés--piece--1-3--gCloud","number_of_ads_buy":0,"average_prize_buy":0,"number_of_ads_rent":0,"average_prize_rent":0,"normalized_prize_buy":0,"normalized_ads_buy":0,"normalized_prize_rent":null,"normalized_ads_rent":0,"date":"2018-12-03T19:48:09.000Z","fill-opacity":0,"fill":"#ff0000"},"bbox":[-3.78484,40.3254,-3.79016,40.3308],"geometry":{"type":"Polygon","coordinates":[[[-3.78484,40.3308],[-3.79016,40.3308],[-3.79016,40.3254],[-3.78484,40.3254],[-3.78484,40.3308]]]}},{"type":"Feature","properties":{"name":"Leganés--piece--1-4--gCloud","number_of_ads_buy":2,"average_prize_buy":2128.57,"number_of_ads_rent":0,"average_prize_rent":0,"normalized_prize_buy":0.7793733729262247,"normalized_ads_buy":0.06666666666666667,"normalized_prize_rent":null,"normalized_ads_rent":0,"date":"2018-12-03T19:48:22.000Z","fill-opacity":0.6234986983409798,"fill":"#ff0000"},"bbox":[-3.78484,40.3199,-3.79016,40.3254],"geometry":{"type":"Polygon","coordinates":[[[-3.78484,40.3254],[-3.79016,40.3254],[-3.79016,40.3199],[-3.78484,40.3199],[-3.78484,40.3254]]]}},{"type":"Feature","properties":{"name":"Leganés--piece--1-5--gCloud","number_of_ads_buy":8,"average_prize_buy":1664.52,"number_of_ads_rent":1,"average_prize_rent":8.94737,"normalized_prize_buy":0.609462017553174,"normalized_ads_buy":0.26666666666666666,"normalized_prize_rent":null,"normalized_ads_rent":0.03333333333333333,"date":"2018-12-03T19:48:36.000Z","fill-opacity":0.4875696140425392,"fill":"#ff0000"},"bbox":[-3.78484,40.3145,-3.79016,40.3199],"geometry":{"type":"Polygon","coordinates":[[[-3.78484,40.3199],[-3.79016,40.3199],[-3.79016,40.3145],[-3.78484,40.3145],[-3.78484,40.3199]]]}},{"type":"Feature","properties":{"name":"Leganés--piece--1-6--gCloud","number_of_ads_buy":2,"average_prize_buy":2307,"number_of_ads_rent":0,"average_prize_rent":0,"normalized_prize_buy":0.844705305130111,"normalized_ads_buy":0.06666666666666667,"normalized_prize_rent":null,"normalized_ads_rent":0,"date":"2018-12-03T19:48:53.000Z","fill-opacity":0.6757642441040889,"fill":"#ff0000"},"bbox":[-3.78484,40.309,-3.79016,40.3145],"geometry":{"type":"Polygon","coordinates":[[[-3.78484,40.3145],[-3.79016,40.3145],[-3.79016,40.309],[-3.78484,40.309],[-3.78484,40.3145]]]}},{"type":"Feature","properties":{"name":"Leganés--piece--10-0--gCloud","number_of_ads_buy":2,"average_prize_buy":1806.51,"number_of_ads_rent":0,"average_prize_rent":0,"normalized_prize_buy":0.6614514871133926,"normalized_ads_buy":0.06666666666666667,"normalized_prize_rent":null,"normalized_ads_rent":0,"date":"2018-12-03T19:49:09.000Z","fill-opacity":0.5291611896907141,"fill":"#ff0000"},"bbox":[-3.73691,40.3417,-3.74224,40.3472],"geometry":{"type":"Polygon","coordinates":[[[-3.73691,40.3472],[-3.74224,40.3472],[-3.74224,40.3417],[-3.73691,40.3417],[-3.73691,40.3472]]]}},{"type":"Feature","properties":{"name":"Leganés--piece--10-1--gCloud","number_of_ads_buy":7,"average_prize_buy":2282.16,"number_of_ads_rent":0,"average_prize_rent":0,"normalized_prize_buy":0.8356101686847568,"normalized_ads_buy":0.23333333333333334,"normalized_prize_rent":null,"normalized_ads_rent":0,"date":"2018-12-03T19:49:18.000Z","fill-opacity":0.6684881349478055,"fill":"#ff0000"},"bbox":[-3.73691,40.3363,-3.74224,40.3417],"geometry":{"type":"Polygon","coordinates":[[[-3.73691,40.3417],[-3.74224,40.3417],[-3.74224,40.3363],[-3.73691,40.3363],[-3.73691,40.3417]]]}},{"type":"Feature","properties":{"name":"Leganés--piece--10-2--gCloud","number_of_ads_buy":9,"average_prize_buy":2314.12,"number_of_ads_rent":1,"average_prize_rent":6.81818,"normalized_prize_buy":0.8473122846587309,"normalized_ads_buy":0.3,"normalized_prize_rent":null,"normalized_ads_rent":0.03333333333333333,"date":"2018-12-03T19:49:30.000Z","fill-opacity":0.6778498277269848,"fill":"#ff0000"},"bbox":[-3.73691,40.3308,-3.74224,40.3363],"geometry":{"type":"Polygon","coordinates":[[[-3.73691,40.3363],[-3.74224,40.3363],[-3.74224,40.3308],[-3.73691,40.3308],[-3.73691,40.3363]]]}},{"type":"Feature","properties":{"name":"Leganés--piece--10-3--gCloud","number_of_ads_buy":0,"average_prize_buy":0,"number_of_ads_rent":0,"average_prize_rent":0,"normalized_prize_buy":0,"normalized_ads_buy":0,"normalized_prize_rent":null,"normalized_ads_rent":0,"date":"2018-12-03T19:49:36.000Z","fill-opacity":0,"fill":"#ff0000"},"bbox":[-3.73691,40.3254,-3.74224,40.3308],"geometry":{"type":"Polygon","coordinates":[[[-3.73691,40.3308],[-3.74224,40.3308],[-3.74224,40.3254],[-3.73691,40.3254],[-3.73691,40.3308]]]}},{"type":"Feature","properties":{"name":"Leganés--piece--10-4--gCloud","number_of_ads_buy":5,"average_prize_buy":2009.31,"number_of_ads_rent":2,"average_prize_rent":11.4286,"normalized_prize_buy":0.7357064658218393,"normalized_ads_buy":0.16666666666666666,"normalized_prize_rent":null,"normalized_ads_rent":0.06666666666666667,"date":"2018-12-03T19:49:47.000Z","fill-opacity":0.5885651726574714,"fill":"#ff0000"},"bbox":[-3.73691,40.3199,-3.74224,40.3254],"geometry":{"type":"Polygon","coordinates":[[[-3.73691,40.3254],[-3.74224,40.3254],[-3.74224,40.3199],[-3.73691,40.3199],[-3.73691,40.3254]]]}},{"type":"Feature","properties":{"name":"Leganés--piece--10-5--gCloud","number_of_ads_buy":5,"average_prize_buy":2285.57,"number_of_ads_rent":0,"average_prize_rent":0,"normalized_prize_buy":0.836858736127537,"normalized_ads_buy":0.16666666666666666,"normalized_prize_rent":null,"normalized_ads_rent":0,"date":"2018-12-03T19:49:56.000Z","fill-opacity":0.6694869889020296,"fill":"#ff0000"},"bbox":[-3.73691,40.3145,-3.74224,40.3199],"geometry":{"type":"Polygon","coordinates":[[[-3.73691,40.3199],[-3.74224,40.3199],[-3.74224,40.3145],[-3.73691,40.3145],[-3.73691,40.3199]]]}},{"type":"Feature","properties":{"name":"Leganés--piece--10-6--gCloud","number_of_ads_buy":8,"average_prize_buy":1925.21,"number_of_ads_rent":1,"average_prize_rent":10.2632,"normalized_prize_buy":0.7049133508840663,"normalized_ads_buy":0.26666666666666666,"normalized_prize_rent":null,"normalized_ads_rent":0.03333333333333333,"date":"2018-12-03T19:50:06.000Z","fill-opacity":0.563930680707253,"fill":"#ff0000"},"bbox":[-3.73691,40.309,-3.74224,40.3145],"geometry":{"type":"Polygon","coordinates":[[[-3.73691,40.3145],[-3.74224,40.3145],[-3.74224,40.309],[-3.73691,40.309],[-3.73691,40.3145]]]}},{"type":"Feature","properties":{"name":"Leganés--piece--2-0--gCloud","number_of_ads_buy":10,"average_prize_buy":1701.15,"number_of_ads_rent":1,"average_prize_rent":9.52381,"normalized_prize_buy":0.6228740484707795,"normalized_ads_buy":0.3333333333333333,"normalized_prize_rent":null,"normalized_ads_rent":0.03333333333333333,"date":"2018-12-03T19:50:15.000Z","fill-opacity":0.49829923877662363,"fill":"#ff0000"},"bbox":[-3.77951,40.3417,-3.78484,40.3472],"geometry":{"type":"Polygon","coordinates":[[[-3.77951,40.3472],[-3.78484,40.3472],[-3.78484,40.3417],[-3.77951,40.3417],[-3.77951,40.3472]]]}},{"type":"Feature","properties":{"name":"Leganés--piece--2-1--gCloud","number_of_ads_buy":1,"average_prize_buy":1903.85,"number_of_ads_rent":0,"average_prize_rent":0,"normalized_prize_buy":0.6970924122982062,"normalized_ads_buy":0.03333333333333333,"normalized_prize_rent":null,"normalized_ads_rent":0,"date":"2018-12-03T19:50:23.000Z","fill-opacity":0.557673929838565,"fill":"#ff0000"},"bbox":[-3.77951,40.3363,-3.78484,40.3417],"geometry":{"type":"Polygon","coordinates":[[[-3.77951,40.3417],[-3.78484,40.3417],[-3.78484,40.3363],[-3.77951,40.3363],[-3.77951,40.3417]]]}},{"type":"Feature","properties":{"name":"Leganés--piece--2-2--gCloud","number_of_ads_buy":0,"average_prize_buy":0,"number_of_ads_rent":0,"average_prize_rent":0,"normalized_prize_buy":0,"normalized_ads_buy":0,"normalized_prize_rent":null,"normalized_ads_rent":0,"date":"2018-12-03T19:50:31.000Z","fill-opacity":0,"fill":"#ff0000"},"bbox":[-3.77951,40.3308,-3.78484,40.3363],"geometry":{"type":"Polygon","coordinates":[[[-3.77951,40.3363],[-3.78484,40.3363],[-3.78484,40.3308],[-3.77951,40.3308],[-3.77951,40.3363]]]}},{"type":"Feature","properties":{"name":"Leganés--piece--2-3--gCloud","number_of_ads_buy":0,"average_prize_buy":0,"number_of_ads_rent":0,"average_prize_rent":0,"normalized_prize_buy":0,"normalized_ads_buy":0,"normalized_prize_rent":null,"normalized_ads_rent":0,"date":"2018-12-03T19:50:36.000Z","fill-opacity":0,"fill":"#ff0000"},"bbox":[-3.77951,40.3254,-3.78484,40.3308],"geometry":{"type":"Polygon","coordinates":[[[-3.77951,40.3308],[-3.78484,40.3308],[-3.78484,40.3254],[-3.77951,40.3254],[-3.77951,40.3308]]]}},{"type":"Feature","properties":{"name":"Leganés--piece--2-4--gCloud","number_of_ads_buy":5,"average_prize_buy":1618.81,"number_of_ads_rent":3,"average_prize_rent":5.33178,"normalized_prize_buy":0.5927253554389574,"normalized_ads_buy":0.16666666666666666,"normalized_prize_rent":null,"normalized_ads_rent":0.1,"date":"2018-12-03T19:50:42.000Z","fill-opacity":0.474180284351166,"fill":"#ff0000"},"bbox":[-3.77951,40.3199,-3.78484,40.3254],"geometry":{"type":"Polygon","coordinates":[[[-3.77951,40.3254],[-3.78484,40.3254],[-3.78484,40.3199],[-3.77951,40.3199],[-3.77951,40.3254]]]}},{"type":"Feature","properties":{"name":"Leganés--piece--2-5--gCloud","number_of_ads_buy":6,"average_prize_buy":1834.74,"number_of_ads_rent":3,"average_prize_rent":5.64513,"normalized_prize_buy":0.6717878680253229,"normalized_ads_buy":0.2,"normalized_prize_rent":null,"normalized_ads_rent":0.1,"date":"2018-12-03T19:50:47.000Z","fill-opacity":0.5374302944202584,"fill":"#ff0000"},"bbox":[-3.77951,40.3145,-3.78484,40.3199],"geometry":{"type":"Polygon","coordinates":[[[-3.77951,40.3199],[-3.78484,40.3199],[-3.78484,40.3145],[-3.77951,40.3145],[-3.77951,40.3199]]]}},{"type":"Feature","properties":{"name":"Leganés--piece--2-6--gCloud","number_of_ads_buy":2,"average_prize_buy":1803.63,"number_of_ads_rent":0,"average_prize_rent":0,"normalized_prize_buy":0.6603969785400182,"normalized_ads_buy":0.06666666666666667,"normalized_prize_rent":null,"normalized_ads_rent":0,"date":"2018-12-03T19:50:56.000Z","fill-opacity":0.5283175828320146,"fill":"#ff0000"},"bbox":[-3.77951,40.309,-3.78484,40.3145],"geometry":{"type":"Polygon","coordinates":[[[-3.77951,40.3145],[-3.78484,40.3145],[-3.78484,40.309],[-3.77951,40.309],[-3.77951,40.3145]]]}},{"type":"Feature","properties":{"name":"Leganés--piece--3-0--gCloud","number_of_ads_buy":4,"average_prize_buy":1455.92,"number_of_ads_rent":1,"average_prize_rent":7.43243,"normalized_prize_buy":0.5330833757455705,"normalized_ads_buy":0.13333333333333333,"normalized_prize_rent":null,"normalized_ads_rent":0.03333333333333333,"date":"2018-12-03T19:51:02.000Z","fill-opacity":0.4264667005964564,"fill":"#ff0000"},"bbox":[-3.77419,40.3417,-3.77951,40.3472],"geometry":{"type":"Polygon","coordinates":[[[-3.77419,40.3472],[-3.77951,40.3472],[-3.77951,40.3417],[-3.77419,40.3417],[-3.77419,40.3472]]]}},{"type":"Feature","properties":{"name":"Leganés--piece--3-1--gCloud","number_of_ads_buy":1,"average_prize_buy":1739.13,"number_of_ads_rent":0,"average_prize_rent":0,"normalized_prize_buy":0.6367803802821543,"normalized_ads_buy":0.03333333333333333,"normalized_prize_rent":null,"normalized_ads_rent":0,"date":"2018-12-03T19:51:20.000Z","fill-opacity":0.5094243042257235,"fill":"#ff0000"},"bbox":[-3.77419,40.3363,-3.77951,40.3417],"geometry":{"type":"Polygon","coordinates":[[[-3.77419,40.3417],[-3.77951,40.3417],[-3.77951,40.3363],[-3.77419,40.3363],[-3.77419,40.3417]]]}},{"type":"Feature","properties":{"name":"Leganés--piece--3-2--gCloud","number_of_ads_buy":11,"average_prize_buy":1983.44,"number_of_ads_rent":1,"average_prize_rent":8.82353,"normalized_prize_buy":0.7262341961019798,"normalized_ads_buy":0.36666666666666664,"normalized_prize_rent":null,"normalized_ads_rent":0.03333333333333333,"date":"2018-12-03T19:51:33.000Z","fill-opacity":0.5809873568815839,"fill":"#ff0000"},"bbox":[-3.77419,40.3308,-3.77951,40.3363],"geometry":{"type":"Polygon","coordinates":[[[-3.77419,40.3363],[-3.77951,40.3363],[-3.77951,40.3308],[-3.77419,40.3308],[-3.77419,40.3363]]]}},{"type":"Feature","properties":{"name":"Leganés--piece--3-3--gCloud","number_of_ads_buy":0,"average_prize_buy":0,"number_of_ads_rent":0,"average_prize_rent":0,"normalized_prize_buy":0,"normalized_ads_buy":0,"normalized_prize_rent":null,"normalized_ads_rent":0,"date":"2018-12-03T19:51:38.000Z","fill-opacity":0,"fill":"#ff0000"},"bbox":[-3.77419,40.3254,-3.77951,40.3308],"geometry":{"type":"Polygon","coordinates":[[[-3.77419,40.3308],[-3.77951,40.3308],[-3.77951,40.3254],[-3.77419,40.3254],[-3.77419,40.3308]]]}},{"type":"Feature","properties":{"name":"Leganés--piece--3-4--gCloud","number_of_ads_buy":4,"average_prize_buy":1282.47,"number_of_ads_rent":0,"average_prize_rent":0,"normalized_prize_buy":0.4695748646164774,"normalized_ads_buy":0.13333333333333333,"normalized_prize_rent":null,"normalized_ads_rent":0,"date":"2018-12-03T19:51:44.000Z","fill-opacity":0.3756598916931819,"fill":"#ff0000"},"bbox":[-3.77419,40.3199,-3.77951,40.3254],"geometry":{"type":"Polygon","coordinates":[[[-3.77419,40.3254],[-3.77951,40.3254],[-3.77951,40.3199],[-3.77419,40.3199],[-3.77419,40.3254]]]}},{"type":"Feature","properties":{"name":"Leganés--piece--3-5--gCloud","number_of_ads_buy":0,"average_prize_buy":0,"number_of_ads_rent":1,"average_prize_rent":8.33333,"normalized_prize_buy":0,"normalized_ads_buy":0,"normalized_prize_rent":null,"normalized_ads_rent":0.03333333333333333,"date":"2018-12-03T19:51:49.000Z","fill-opacity":0,"fill":"#ff0000"},"bbox":[-3.77419,40.3145,-3.77951,40.3199],"geometry":{"type":"Polygon","coordinates":[[[-3.77419,40.3199],[-3.77951,40.3199],[-3.77951,40.3145],[-3.77419,40.3145],[-3.77419,40.3199]]]}},{"type":"Feature","properties":{"name":"Leganés--piece--3-6--gCloud","number_of_ads_buy":0,"average_prize_buy":0,"number_of_ads_rent":0,"average_prize_rent":0,"normalized_prize_buy":0,"normalized_ads_buy":0,"normalized_prize_rent":null,"normalized_ads_rent":0,"date":"2018-12-03T19:51:54.000Z","fill-opacity":0,"fill":"#ff0000"},"bbox":[-3.77419,40.309,-3.77951,40.3145],"geometry":{"type":"Polygon","coordinates":[[[-3.77419,40.3145],[-3.77951,40.3145],[-3.77951,40.309],[-3.77419,40.309],[-3.77419,40.3145]]]}},{"type":"Feature","properties":{"name":"Leganés--piece--4-0--gCloud","number_of_ads_buy":3,"average_prize_buy":1877.1,"number_of_ads_rent":1,"average_prize_rent":8.98438,"normalized_prize_buy":0.6872979316253711,"normalized_ads_buy":0.1,"normalized_prize_rent":null,"normalized_ads_rent":0.03333333333333333,"date":"2018-12-03T19:52:03.000Z","fill-opacity":0.549838345300297,"fill":"#ff0000"},"bbox":[-3.76886,40.3417,-3.77419,40.3472],"geometry":{"type":"Polygon","coordinates":[[[-3.76886,40.3472],[-3.77419,40.3472],[-3.77419,40.3417],[-3.76886,40.3417],[-3.76886,40.3472]]]}},{"type":"Feature","properties":{"name":"Leganés--piece--4-1--gCloud","number_of_ads_buy":2,"average_prize_buy":2362.5,"number_of_ads_rent":0,"average_prize_rent":0,"normalized_prize_buy":0.86502656409618,"normalized_ads_buy":0.06666666666666667,"normalized_prize_rent":null,"normalized_ads_rent":0,"date":"2018-12-03T19:52:12.000Z","fill-opacity":0.692021251276944,"fill":"#ff0000"},"bbox":[-3.76886,40.3363,-3.77419,40.3417],"geometry":{"type":"Polygon","coordinates":[[[-3.76886,40.3417],[-3.77419,40.3417],[-3.77419,40.3363],[-3.76886,40.3363],[-3.76886,40.3417]]]}},{"type":"Feature","properties":{"name":"Leganés--piece--4-2--gCloud","number_of_ads_buy":29,"average_prize_buy":1658.63,"number_of_ads_rent":1,"average_prize_rent":3.4375,"normalized_prize_buy":0.6073054010610993,"normalized_ads_buy":0.9666666666666667,"normalized_prize_rent":null,"normalized_ads_rent":0.03333333333333333,"date":"2018-12-03T19:52:19.000Z","fill-opacity":0.48584432084887946,"fill":"#ff0000"},"bbox":[-3.76886,40.3308,-3.77419,40.3363],"geometry":{"type":"Polygon","coordinates":[[[-3.76886,40.3363],[-3.77419,40.3363],[-3.77419,40.3308],[-3.76886,40.3308],[-3.76886,40.3363]]]}},{"type":"Feature","properties":{"name":"Leganés--piece--4-3--gCloud","number_of_ads_buy":25,"average_prize_buy":1876.77,"number_of_ads_rent":3,"average_prize_rent":11.7402,"normalized_prize_buy":0.6871771025180053,"normalized_ads_buy":0.8333333333333334,"normalized_prize_rent":null,"normalized_ads_rent":0.1,"date":"2018-12-03T19:52:29.000Z","fill-opacity":0.5497416820144043,"fill":"#ff0000"},"bbox":[-3.76886,40.3254,-3.77419,40.3308],"geometry":{"type":"Polygon","coordinates":[[[-3.76886,40.3308],[-3.77419,40.3308],[-3.77419,40.3254],[-3.76886,40.3254],[-3.76886,40.3308]]]}},{"type":"Feature","properties":{"name":"Leganés--piece--4-4--gCloud","number_of_ads_buy":30,"average_prize_buy":1777.65,"number_of_ads_rent":1,"average_prize_rent":7,"normalized_prize_buy":0.6508844324510368,"normalized_ads_buy":1,"normalized_prize_rent":null,"normalized_ads_rent":0.03333333333333333,"date":"2018-12-03T19:52:35.000Z","fill-opacity":0.5207075459608295,"fill":"#ff0000"},"bbox":[-3.76886,40.3199,-3.77419,40.3254],"geometry":{"type":"Polygon","coordinates":[[[-3.76886,40.3254],[-3.77419,40.3254],[-3.77419,40.3199],[-3.76886,40.3199],[-3.76886,40.3254]]]}},{"type":"Feature","properties":{"name":"Leganés--piece--4-5--gCloud","number_of_ads_buy":4,"average_prize_buy":2257.29,"number_of_ads_rent":1,"average_prize_rent":18.125,"normalized_prize_buy":0.8265040477750967,"normalized_ads_buy":0.13333333333333333,"normalized_prize_rent":null,"normalized_ads_rent":0.03333333333333333,"date":"2018-12-03T19:52:44.000Z","fill-opacity":0.6612032382200774,"fill":"#ff0000"},"bbox":[-3.76886,40.3145,-3.77419,40.3199],"geometry":{"type":"Polygon","coordinates":[[[-3.76886,40.3199],[-3.77419,40.3199],[-3.77419,40.3145],[-3.76886,40.3145],[-3.76886,40.3199]]]}},{"type":"Feature","properties":{"name":"Leganés--piece--4-6--gCloud","number_of_ads_buy":0,"average_prize_buy":0,"number_of_ads_rent":0,"average_prize_rent":0,"normalized_prize_buy":0,"normalized_ads_buy":0,"normalized_prize_rent":null,"normalized_ads_rent":0,"date":"2018-12-03T19:52:55.000Z","fill-opacity":0,"fill":"#ff0000"},"bbox":[-3.76886,40.309,-3.77419,40.3145],"geometry":{"type":"Polygon","coordinates":[[[-3.76886,40.3145],[-3.77419,40.3145],[-3.77419,40.309],[-3.76886,40.309],[-3.76886,40.3145]]]}},{"type":"Feature","properties":{"name":"Leganés--piece--5-0--gCloud","number_of_ads_buy":9,"average_prize_buy":1954.52,"number_of_ads_rent":0,"average_prize_rent":0,"normalized_prize_buy":0.7156451725110119,"normalized_ads_buy":0.3,"normalized_prize_rent":null,"normalized_ads_rent":0,"date":"2018-12-03T19:53:03.000Z","fill-opacity":0.5725161380088095,"fill":"#ff0000"},"bbox":[-3.76354,40.3417,-3.76886,40.3472],"geometry":{"type":"Polygon","coordinates":[[[-3.76354,40.3472],[-3.76886,40.3472],[-3.76886,40.3417],[-3.76354,40.3417],[-3.76354,40.3472]]]}},{"type":"Feature","properties":{"name":"Leganés--piece--5-1--gCloud","number_of_ads_buy":13,"average_prize_buy":1883.16,"number_of_ads_rent":0,"average_prize_rent":0,"normalized_prize_buy":0.6895167934151798,"normalized_ads_buy":0.43333333333333335,"normalized_prize_rent":null,"normalized_ads_rent":0,"date":"2018-12-03T19:53:12.000Z","fill-opacity":0.5516134347321439,"fill":"#ff0000"},"bbox":[-3.76354,40.3363,-3.76886,40.3417],"geometry":{"type":"Polygon","coordinates":[[[-3.76354,40.3417],[-3.76886,40.3417],[-3.76886,40.3363],[-3.76354,40.3363],[-3.76354,40.3417]]]}},{"type":"Feature","properties":{"name":"Leganés--piece--5-2--gCloud","number_of_ads_buy":30,"average_prize_buy":1657.91,"number_of_ads_rent":0,"average_prize_rent":0,"normalized_prize_buy":0.6070417739177557,"normalized_ads_buy":1,"normalized_prize_rent":null,"normalized_ads_rent":0,"date":"2018-12-03T19:53:18.000Z","fill-opacity":0.4856334191342046,"fill":"#ff0000"},"bbox":[-3.76354,40.3308,-3.76886,40.3363],"geometry":{"type":"Polygon","coordinates":[[[-3.76354,40.3363],[-3.76886,40.3363],[-3.76886,40.3308],[-3.76354,40.3308],[-3.76354,40.3363]]]}},{"type":"Feature","properties":{"name":"Leganés--piece--5-3--gCloud","number_of_ads_buy":30,"average_prize_buy":1790.81,"number_of_ads_rent":8,"average_prize_rent":10.4384,"normalized_prize_buy":0.6557029507932614,"normalized_ads_buy":1,"normalized_prize_rent":null,"normalized_ads_rent":0.26666666666666666,"date":"2018-12-03T19:53:25.000Z","fill-opacity":0.5245623606346091,"fill":"#ff0000"},"bbox":[-3.76354,40.3254,-3.76886,40.3308],"geometry":{"type":"Polygon","coordinates":[[[-3.76354,40.3308],[-3.76886,40.3308],[-3.76886,40.3254],[-3.76354,40.3254],[-3.76354,40.3308]]]}},{"type":"Feature","properties":{"name":"Leganés--piece--5-4--gCloud","number_of_ads_buy":25,"average_prize_buy":1774.23,"number_of_ads_rent":1,"average_prize_rent":7.7,"normalized_prize_buy":0.6496322035201546,"normalized_ads_buy":0.8333333333333334,"normalized_prize_rent":null,"normalized_ads_rent":0.03333333333333333,"date":"2018-12-03T19:53:32.000Z","fill-opacity":0.5197057628161237,"fill":"#ff0000"},"bbox":[-3.76354,40.3199,-3.76886,40.3254],"geometry":{"type":"Polygon","coordinates":[[[-3.76354,40.3254],[-3.76886,40.3254],[-3.76886,40.3199],[-3.76354,40.3199],[-3.76354,40.3254]]]}},{"type":"Feature","properties":{"name":"Leganés--piece--5-5--gCloud","number_of_ads_buy":0,"average_prize_buy":0,"number_of_ads_rent":0,"average_prize_rent":0,"normalized_prize_buy":0,"normalized_ads_buy":0,"normalized_prize_rent":null,"normalized_ads_rent":0,"date":"2018-12-03T19:53:37.000Z","fill-opacity":0,"fill":"#ff0000"},"bbox":[-3.76354,40.3145,-3.76886,40.3199],"geometry":{"type":"Polygon","coordinates":[[[-3.76354,40.3199],[-3.76886,40.3199],[-3.76886,40.3145],[-3.76354,40.3145],[-3.76354,40.3199]]]}},{"type":"Feature","properties":{"name":"Leganés--piece--5-6--gCloud","number_of_ads_buy":0,"average_prize_buy":0,"number_of_ads_rent":0,"average_prize_rent":0,"normalized_prize_buy":0,"normalized_ads_buy":0,"normalized_prize_rent":null,"normalized_ads_rent":0,"date":"2018-12-03T19:53:46.000Z","fill-opacity":0,"fill":"#ff0000"},"bbox":[-3.76354,40.309,-3.76886,40.3145],"geometry":{"type":"Polygon","coordinates":[[[-3.76354,40.3145],[-3.76886,40.3145],[-3.76886,40.309],[-3.76354,40.309],[-3.76354,40.3145]]]}},{"type":"Feature","properties":{"name":"Leganés--piece--6-0--gCloud","number_of_ads_buy":0,"average_prize_buy":0,"number_of_ads_rent":0,"average_prize_rent":0,"normalized_prize_buy":0,"normalized_ads_buy":0,"normalized_prize_rent":null,"normalized_ads_rent":0,"date":"2018-12-03T19:53:54.000Z","fill-opacity":0,"fill":"#ff0000"},"bbox":[-3.75821,40.3417,-3.76354,40.3472],"geometry":{"type":"Polygon","coordinates":[[[-3.75821,40.3472],[-3.76354,40.3472],[-3.76354,40.3417],[-3.75821,40.3417],[-3.75821,40.3472]]]}},{"type":"Feature","properties":{"name":"Leganés--piece--6-1--gCloud","number_of_ads_buy":0,"average_prize_buy":0,"number_of_ads_rent":0,"average_prize_rent":0,"normalized_prize_buy":0,"normalized_ads_buy":0,"normalized_prize_rent":null,"normalized_ads_rent":0,"date":"2018-12-03T19:54:02.000Z","fill-opacity":0,"fill":"#ff0000"},"bbox":[-3.75821,40.3363,-3.76354,40.3417],"geometry":{"type":"Polygon","coordinates":[[[-3.75821,40.3417],[-3.76354,40.3417],[-3.76354,40.3363],[-3.75821,40.3363],[-3.75821,40.3417]]]}},{"type":"Feature","properties":{"name":"Leganés--piece--6-2--gCloud","number_of_ads_buy":28,"average_prize_buy":1745.59,"number_of_ads_rent":1,"average_prize_rent":9.92308,"normalized_prize_buy":0.6391457015960426,"normalized_ads_buy":0.9333333333333333,"normalized_prize_rent":null,"normalized_ads_rent":0.03333333333333333,"date":"2018-12-03T19:54:11.000Z","fill-opacity":0.5113165612768341,"fill":"#ff0000"},"bbox":[-3.75821,40.3308,-3.76354,40.3363],"geometry":{"type":"Polygon","coordinates":[[[-3.75821,40.3363],[-3.76354,40.3363],[-3.76354,40.3308],[-3.75821,40.3308],[-3.75821,40.3363]]]}},{"type":"Feature","properties":{"name":"Leganés--piece--6-3--gCloud","number_of_ads_buy":30,"average_prize_buy":1795.48,"number_of_ads_rent":4,"average_prize_rent":8.41987,"normalized_prize_buy":0.6574128657368927,"normalized_ads_buy":1,"normalized_prize_rent":null,"normalized_ads_rent":0.13333333333333333,"date":"2018-12-03T19:54:24.000Z","fill-opacity":0.5259302925895142,"fill":"#ff0000"},"bbox":[-3.75821,40.3254,-3.76354,40.3308],"geometry":{"type":"Polygon","coordinates":[[[-3.75821,40.3308],[-3.76354,40.3308],[-3.76354,40.3254],[-3.75821,40.3254],[-3.75821,40.3308]]]}},{"type":"Feature","properties":{"name":"Leganés--piece--6-4--gCloud","number_of_ads_buy":2,"average_prize_buy":1675.19,"number_of_ads_rent":1,"average_prize_rent":7.44681,"normalized_prize_buy":0.613368825358002,"normalized_ads_buy":0.06666666666666667,"normalized_prize_rent":null,"normalized_ads_rent":0.03333333333333333,"date":"2018-12-03T19:54:34.000Z","fill-opacity":0.4906950602864016,"fill":"#ff0000"},"bbox":[-3.75821,40.3199,-3.76354,40.3254],"geometry":{"type":"Polygon","coordinates":[[[-3.75821,40.3254],[-3.76354,40.3254],[-3.76354,40.3199],[-3.75821,40.3199],[-3.75821,40.3254]]]}},{"type":"Feature","properties":{"name":"Leganés--piece--6-5--gCloud","number_of_ads_buy":0,"average_prize_buy":0,"number_of_ads_rent":0,"average_prize_rent":0,"normalized_prize_buy":0,"normalized_ads_buy":0,"normalized_prize_rent":null,"normalized_ads_rent":0,"date":"2018-12-03T19:54:42.000Z","fill-opacity":0,"fill":"#ff0000"},"bbox":[-3.75821,40.3145,-3.76354,40.3199],"geometry":{"type":"Polygon","coordinates":[[[-3.75821,40.3199],[-3.76354,40.3199],[-3.76354,40.3145],[-3.75821,40.3145],[-3.75821,40.3199]]]}},{"type":"Feature","properties":{"name":"Leganés--piece--6-6--gCloud","number_of_ads_buy":0,"average_prize_buy":0,"number_of_ads_rent":0,"average_prize_rent":0,"normalized_prize_buy":0,"normalized_ads_buy":0,"normalized_prize_rent":null,"normalized_ads_rent":0,"date":"2018-12-03T19:55:01.000Z","fill-opacity":0,"fill":"#ff0000"},"bbox":[-3.75821,40.309,-3.76354,40.3145],"geometry":{"type":"Polygon","coordinates":[[[-3.75821,40.3145],[-3.76354,40.3145],[-3.76354,40.309],[-3.75821,40.309],[-3.75821,40.3145]]]}},{"type":"Feature","properties":{"name":"Leganés--piece--7-0--gCloud","number_of_ads_buy":0,"average_prize_buy":0,"number_of_ads_rent":0,"average_prize_rent":0,"normalized_prize_buy":0,"normalized_ads_buy":0,"normalized_prize_rent":null,"normalized_ads_rent":0,"date":"2018-12-03T19:55:07.000Z","fill-opacity":0,"fill":"#ff0000"},"bbox":[-3.75289,40.3417,-3.75821,40.3472],"geometry":{"type":"Polygon","coordinates":[[[-3.75289,40.3472],[-3.75821,40.3472],[-3.75821,40.3417],[-3.75289,40.3417],[-3.75289,40.3472]]]}},{"type":"Feature","properties":{"name":"Leganés--piece--7-1--gCloud","number_of_ads_buy":8,"average_prize_buy":1804.74,"number_of_ads_rent":0,"average_prize_rent":0,"normalized_prize_buy":0.6608034037193395,"normalized_ads_buy":0.26666666666666666,"normalized_prize_rent":null,"normalized_ads_rent":0,"date":"2018-12-03T19:55:12.000Z","fill-opacity":0.5286427229754717,"fill":"#ff0000"},"bbox":[-3.75289,40.3363,-3.75821,40.3417],"geometry":{"type":"Polygon","coordinates":[[[-3.75289,40.3417],[-3.75821,40.3417],[-3.75821,40.3363],[-3.75289,40.3363],[-3.75289,40.3417]]]}},{"type":"Feature","properties":{"name":"Leganés--piece--7-2--gCloud","number_of_ads_buy":16,"average_prize_buy":1898.27,"number_of_ads_rent":2,"average_prize_rent":9.53125,"normalized_prize_buy":0.6950493019372933,"normalized_ads_buy":0.5333333333333333,"normalized_prize_rent":null,"normalized_ads_rent":0.06666666666666667,"date":"2018-12-03T19:55:19.000Z","fill-opacity":0.5560394415498346,"fill":"#ff0000"},"bbox":[-3.75289,40.3308,-3.75821,40.3363],"geometry":{"type":"Polygon","coordinates":[[[-3.75289,40.3363],[-3.75821,40.3363],[-3.75821,40.3308],[-3.75289,40.3308],[-3.75289,40.3363]]]}},{"type":"Feature","properties":{"name":"Leganés--piece--7-3--gCloud","number_of_ads_buy":16,"average_prize_buy":1931.81,"number_of_ads_rent":1,"average_prize_rent":9.85714,"normalized_prize_buy":0.7073299330313826,"normalized_ads_buy":0.5333333333333333,"normalized_prize_rent":null,"normalized_ads_rent":0.03333333333333333,"date":"2018-12-03T19:55:29.000Z","fill-opacity":0.5658639464251061,"fill":"#ff0000"},"bbox":[-3.75289,40.3254,-3.75821,40.3308],"geometry":{"type":"Polygon","coordinates":[[[-3.75289,40.3308],[-3.75821,40.3308],[-3.75821,40.3254],[-3.75289,40.3254],[-3.75289,40.3308]]]}},{"type":"Feature","properties":{"name":"Leganés--piece--7-4--gCloud","number_of_ads_buy":11,"average_prize_buy":2731.13,"number_of_ads_rent":0,"average_prize_rent":0,"normalized_prize_buy":1,"normalized_ads_buy":0.36666666666666664,"normalized_prize_rent":null,"normalized_ads_rent":0,"date":"2018-12-03T19:55:35.000Z","fill-opacity":0.8,"fill":"#ff0000"},"bbox":[-3.75289,40.3199,-3.75821,40.3254],"geometry":{"type":"Polygon","coordinates":[[[-3.75289,40.3254],[-3.75821,40.3254],[-3.75821,40.3199],[-3.75289,40.3199],[-3.75289,40.3254]]]}},{"type":"Feature","properties":{"name":"Leganés--piece--7-5--gCloud","number_of_ads_buy":14,"average_prize_buy":2221.05,"number_of_ads_rent":1,"average_prize_rent":9.72222,"normalized_prize_buy":0.813234814893469,"normalized_ads_buy":0.4666666666666667,"normalized_prize_rent":null,"normalized_ads_rent":0.03333333333333333,"date":"2018-12-03T19:55:44.000Z","fill-opacity":0.6505878519147753,"fill":"#ff0000"},"bbox":[-3.75289,40.3145,-3.75821,40.3199],"geometry":{"type":"Polygon","coordinates":[[[-3.75289,40.3199],[-3.75821,40.3199],[-3.75821,40.3145],[-3.75289,40.3145],[-3.75289,40.3199]]]}},{"type":"Feature","properties":{"name":"Leganés--piece--7-6--gCloud","number_of_ads_buy":1,"average_prize_buy":1319.62,"number_of_ads_rent":0,"average_prize_rent":0,"normalized_prize_buy":0.48317729291538664,"normalized_ads_buy":0.03333333333333333,"normalized_prize_rent":null,"normalized_ads_rent":0,"date":"2018-12-03T19:55:53.000Z","fill-opacity":0.3865418343323093,"fill":"#ff0000"},"bbox":[-3.75289,40.309,-3.75821,40.3145],"geometry":{"type":"Polygon","coordinates":[[[-3.75289,40.3145],[-3.75821,40.3145],[-3.75821,40.309],[-3.75289,40.309],[-3.75289,40.3145]]]}},{"type":"Feature","properties":{"name":"Leganés--piece--8-0--gCloud","number_of_ads_buy":3,"average_prize_buy":2541.33,"number_of_ads_rent":1,"average_prize_rent":7.625,"normalized_prize_buy":0.9305049558241459,"normalized_ads_buy":0.1,"normalized_prize_rent":null,"normalized_ads_rent":0.03333333333333333,"date":"2018-12-03T19:55:59.000Z","fill-opacity":0.7444039646593168,"fill":"#ff0000"},"bbox":[-3.74756,40.3417,-3.75289,40.3472],"geometry":{"type":"Polygon","coordinates":[[[-3.74756,40.3472],[-3.75289,40.3472],[-3.75289,40.3417],[-3.74756,40.3417],[-3.74756,40.3472]]]}},{"type":"Feature","properties":{"name":"Leganés--piece--8-1--gCloud","number_of_ads_buy":18,"average_prize_buy":2134.49,"number_of_ads_rent":0,"average_prize_rent":0,"normalized_prize_buy":0.7815409738826052,"normalized_ads_buy":0.6,"normalized_prize_rent":null,"normalized_ads_rent":0,"date":"2018-12-03T19:56:11.000Z","fill-opacity":0.6252327791060842,"fill":"#ff0000"},"bbox":[-3.74756,40.3363,-3.75289,40.3417],"geometry":{"type":"Polygon","coordinates":[[[-3.74756,40.3417],[-3.75289,40.3417],[-3.75289,40.3363],[-3.74756,40.3363],[-3.74756,40.3417]]]}},{"type":"Feature","properties":{"name":"Leganés--piece--8-2--gCloud","number_of_ads_buy":13,"average_prize_buy":2011.41,"number_of_ads_rent":2,"average_prize_rent":8.71049,"normalized_prize_buy":0.7364753783232582,"normalized_ads_buy":0.43333333333333335,"normalized_prize_rent":null,"normalized_ads_rent":0.06666666666666667,"date":"2018-12-03T19:56:21.000Z","fill-opacity":0.5891803026586065,"fill":"#ff0000"},"bbox":[-3.74756,40.3308,-3.75289,40.3363],"geometry":{"type":"Polygon","coordinates":[[[-3.74756,40.3363],[-3.75289,40.3363],[-3.75289,40.3308],[-3.74756,40.3308],[-3.74756,40.3363]]]}},{"type":"Feature","properties":{"name":"Leganés--piece--8-3--gCloud","number_of_ads_buy":5,"average_prize_buy":2002.92,"number_of_ads_rent":0,"average_prize_rent":0,"normalized_prize_buy":0.7333667749246648,"normalized_ads_buy":0.16666666666666666,"normalized_prize_rent":null,"normalized_ads_rent":0,"date":"2018-12-03T19:56:34.000Z","fill-opacity":0.5866934199397319,"fill":"#ff0000"},"bbox":[-3.74756,40.3254,-3.75289,40.3308],"geometry":{"type":"Polygon","coordinates":[[[-3.74756,40.3308],[-3.75289,40.3308],[-3.75289,40.3254],[-3.74756,40.3254],[-3.74756,40.3308]]]}},{"type":"Feature","properties":{"name":"Leganés--piece--8-4--gCloud","number_of_ads_buy":0,"average_prize_buy":0,"number_of_ads_rent":0,"average_prize_rent":0,"normalized_prize_buy":0,"normalized_ads_buy":0,"normalized_prize_rent":null,"normalized_ads_rent":0,"date":"2018-12-03T19:56:42.000Z","fill-opacity":0,"fill":"#ff0000"},"bbox":[-3.74756,40.3199,-3.75289,40.3254],"geometry":{"type":"Polygon","coordinates":[[[-3.74756,40.3254],[-3.75289,40.3254],[-3.75289,40.3199],[-3.74756,40.3199],[-3.74756,40.3254]]]}},{"type":"Feature","properties":{"name":"Leganés--piece--8-5--gCloud","number_of_ads_buy":3,"average_prize_buy":1787.32,"number_of_ads_rent":0,"average_prize_rent":0,"normalized_prize_buy":0.6544250914456653,"normalized_ads_buy":0.1,"normalized_prize_rent":null,"normalized_ads_rent":0,"date":"2018-12-03T19:56:48.000Z","fill-opacity":0.5235400731565323,"fill":"#ff0000"},"bbox":[-3.74756,40.3145,-3.75289,40.3199],"geometry":{"type":"Polygon","coordinates":[[[-3.74756,40.3199],[-3.75289,40.3199],[-3.75289,40.3145],[-3.74756,40.3145],[-3.74756,40.3199]]]}},{"type":"Feature","properties":{"name":"Leganés--piece--8-6--gCloud","number_of_ads_buy":0,"average_prize_buy":0,"number_of_ads_rent":0,"average_prize_rent":0,"normalized_prize_buy":0,"normalized_ads_buy":0,"normalized_prize_rent":null,"normalized_ads_rent":0,"date":"2018-12-03T19:56:53.000Z","fill-opacity":0,"fill":"#ff0000"},"bbox":[-3.74756,40.309,-3.75289,40.3145],"geometry":{"type":"Polygon","coordinates":[[[-3.74756,40.3145],[-3.75289,40.3145],[-3.75289,40.309],[-3.74756,40.309],[-3.74756,40.3145]]]}},{"type":"Feature","properties":{"name":"Leganés--piece--9-0--gCloud","number_of_ads_buy":5,"average_prize_buy":2409.33,"number_of_ads_rent":0,"average_prize_rent":0,"normalized_prize_buy":0.8821733128778197,"normalized_ads_buy":0.16666666666666666,"normalized_prize_rent":null,"normalized_ads_rent":0,"date":"2018-12-03T19:57:26.000Z","fill-opacity":0.7057386503022558,"fill":"#ff0000"},"bbox":[-3.74224,40.3417,-3.74756,40.3472],"geometry":{"type":"Polygon","coordinates":[[[-3.74224,40.3472],[-3.74756,40.3472],[-3.74756,40.3417],[-3.74224,40.3417],[-3.74224,40.3472]]]}},{"type":"Feature","properties":{"name":"Leganés--piece--9-1--gCloud","number_of_ads_buy":14,"average_prize_buy":2177.65,"number_of_ads_rent":1,"average_prize_rent":6.55172,"normalized_prize_buy":0.7973439565308132,"normalized_ads_buy":0.4666666666666667,"normalized_prize_rent":null,"normalized_ads_rent":0.03333333333333333,"date":"2018-12-03T19:57:55.000Z","fill-opacity":0.6378751652246506,"fill":"#ff0000"},"bbox":[-3.74224,40.3363,-3.74756,40.3417],"geometry":{"type":"Polygon","coordinates":[[[-3.74224,40.3417],[-3.74756,40.3417],[-3.74756,40.3363],[-3.74224,40.3363],[-3.74224,40.3417]]]}},{"type":"Feature","properties":{"name":"Leganés--piece--9-2--gCloud","number_of_ads_buy":8,"average_prize_buy":2161.23,"number_of_ads_rent":1,"average_prize_rent":7.91667,"normalized_prize_buy":0.7913317930673384,"normalized_ads_buy":0.26666666666666666,"normalized_prize_rent":null,"normalized_ads_rent":0.03333333333333333,"date":"2018-12-03T19:58:10.000Z","fill-opacity":0.6330654344538708,"fill":"#ff0000"},"bbox":[-3.74224,40.3308,-3.74756,40.3363],"geometry":{"type":"Polygon","coordinates":[[[-3.74224,40.3363],[-3.74756,40.3363],[-3.74756,40.3308],[-3.74224,40.3308],[-3.74224,40.3363]]]}},{"type":"Feature","properties":{"name":"Leganés--piece--9-3--gCloud","number_of_ads_buy":0,"average_prize_buy":0,"number_of_ads_rent":0,"average_prize_rent":0,"normalized_prize_buy":0,"normalized_ads_buy":0,"normalized_prize_rent":null,"normalized_ads_rent":0,"date":"2018-12-03T19:58:15.000Z","fill-opacity":0,"fill":"#ff0000"},"bbox":[-3.74224,40.3254,-3.74756,40.3308],"geometry":{"type":"Polygon","coordinates":[[[-3.74224,40.3308],[-3.74756,40.3308],[-3.74756,40.3254],[-3.74224,40.3254],[-3.74224,40.3308]]]}},{"type":"Feature","properties":{"name":"Leganés--piece--9-4--gCloud","number_of_ads_buy":0,"average_prize_buy":0,"number_of_ads_rent":0,"average_prize_rent":0,"normalized_prize_buy":0,"normalized_ads_buy":0,"normalized_prize_rent":null,"normalized_ads_rent":0,"date":"2018-12-03T19:58:29.000Z","fill-opacity":0,"fill":"#ff0000"},"bbox":[-3.74224,40.3199,-3.74756,40.3254],"geometry":{"type":"Polygon","coordinates":[[[-3.74224,40.3254],[-3.74756,40.3254],[-3.74756,40.3199],[-3.74224,40.3199],[-3.74224,40.3254]]]}},{"type":"Feature","properties":{"name":"Leganés--piece--9-5--gCloud","number_of_ads_buy":9,"average_prize_buy":1486.5,"number_of_ads_rent":0,"average_prize_rent":0,"normalized_prize_buy":0.5442802063614695,"normalized_ads_buy":0.3,"normalized_prize_rent":null,"normalized_ads_rent":0,"date":"2018-12-03T19:58:45.000Z","fill-opacity":0.4354241650891756,"fill":"#ff0000"},"bbox":[-3.74224,40.3145,-3.74756,40.3199],"geometry":{"type":"Polygon","coordinates":[[[-3.74224,40.3199],[-3.74756,40.3199],[-3.74756,40.3145],[-3.74224,40.3145],[-3.74224,40.3199]]]}},{"type":"Feature","properties":{"name":"Leganés--piece--9-6--gCloud","number_of_ads_buy":0,"average_prize_buy":0,"number_of_ads_rent":0,"average_prize_rent":0,"normalized_prize_buy":0,"normalized_ads_buy":0,"normalized_prize_rent":null,"normalized_ads_rent":0,"date":"2018-12-03T19:58:56.000Z","fill-opacity":0,"fill":"#ff0000"},"bbox":[-3.74224,40.309,-3.74756,40.3145],"geometry":{"type":"Polygon","coordinates":[[[-3.74224,40.3145],[-3.74756,40.3145],[-3.74756,40.309],[-3.74224,40.309],[-3.74224,40.3145]]]}}]}