{"type":"FeatureCollection","features":[{"type":"Feature","properties":{"name":"Leganés--piece--0-0--raspberry3bp","number_of_ads_buy":0,"average_prize_buy":0,"number_of_ads_rent":0,"average_prize_rent":0,"normalized_prize_buy":null,"normalized_ads_buy":null,"normalized_prize_rent":null,"normalized_ads_rent":null,"date":"2018-12-06T22:30:26.000Z","fill-opacity":null,"fill":"#ff0000"},"bbox":[-3.79016,40.3417,-3.79549,40.3472],"geometry":{"type":"Polygon","coordinates":[[[-3.79016,40.3472],[-3.79549,40.3472],[-3.79549,40.3417],[-3.79016,40.3417],[-3.79016,40.3472]]]}},{"type":"Feature","properties":{"name":"Leganés--piece--0-1--raspberry3bp","number_of_ads_buy":0,"average_prize_buy":0,"number_of_ads_rent":0,"average_prize_rent":0,"normalized_prize_buy":null,"normalized_ads_buy":null,"normalized_prize_rent":null,"normalized_ads_rent":null,"date":"2018-12-06T22:30:42.000Z","fill-opacity":null,"fill":"#ff0000"},"bbox":[-3.79016,40.3363,-3.79549,40.3417],"geometry":{"type":"Polygon","coordinates":[[[-3.79016,40.3417],[-3.79549,40.3417],[-3.79549,40.3363],[-3.79016,40.3363],[-3.79016,40.3417]]]}},{"type":"Feature","properties":{"name":"Leganés--piece--0-2--raspberry3bp","number_of_ads_buy":0,"average_prize_buy":0,"number_of_ads_rent":0,"average_prize_rent":0,"normalized_prize_buy":null,"normalized_ads_buy":null,"normalized_prize_rent":null,"normalized_ads_rent":null,"date":"2018-12-06T22:30:54.000Z","fill-opacity":null,"fill":"#ff0000"},"bbox":[-3.79016,40.3308,-3.79549,40.3363],"geometry":{"type":"Polygon","coordinates":[[[-3.79016,40.3363],[-3.79549,40.3363],[-3.79549,40.3308],[-3.79016,40.3308],[-3.79016,40.3363]]]}},{"type":"Feature","properties":{"name":"Leganés--piece--0-3--raspberry3bp","number_of_ads_buy":0,"average_prize_buy":0,"number_of_ads_rent":0,"average_prize_rent":0,"normalized_prize_buy":null,"normalized_ads_buy":null,"normalized_prize_rent":null,"normalized_ads_rent":null,"date":"2018-12-06T22:31:08.000Z","fill-opacity":null,"fill":"#ff0000"},"bbox":[-3.79016,40.3254,-3.79549,40.3308],"geometry":{"type":"Polygon","coordinates":[[[-3.79016,40.3308],[-3.79549,40.3308],[-3.79549,40.3254],[-3.79016,40.3254],[-3.79016,40.3308]]]}},{"type":"Feature","properties":{"name":"Leganés--piece--0-4--raspberry3bp","number_of_ads_buy":0,"average_prize_buy":0,"number_of_ads_rent":0,"average_prize_rent":0,"normalized_prize_buy":null,"normalized_ads_buy":null,"normalized_prize_rent":null,"normalized_ads_rent":null,"date":"2018-12-06T22:31:27.000Z","fill-opacity":null,"fill":"#ff0000"},"bbox":[-3.79016,40.3199,-3.79549,40.3254],"geometry":{"type":"Polygon","coordinates":[[[-3.79016,40.3254],[-3.79549,40.3254],[-3.79549,40.3199],[-3.79016,40.3199],[-3.79016,40.3254]]]}},{"type":"Feature","properties":{"name":"Leganés--piece--0-5--raspberry3bp","number_of_ads_buy":0,"average_prize_buy":0,"number_of_ads_rent":0,"average_prize_rent":0,"normalized_prize_buy":null,"normalized_ads_buy":null,"normalized_prize_rent":null,"normalized_ads_rent":null,"date":"2018-12-06T22:31:50.000Z","fill-opacity":null,"fill":"#ff0000"},"bbox":[-3.79016,40.3145,-3.79549,40.3199],"geometry":{"type":"Polygon","coordinates":[[[-3.79016,40.3199],[-3.79549,40.3199],[-3.79549,40.3145],[-3.79016,40.3145],[-3.79016,40.3199]]]}},{"type":"Feature","properties":{"name":"Leganés--piece--0-6--raspberry3bp","number_of_ads_buy":0,"average_prize_buy":0,"number_of_ads_rent":0,"average_prize_rent":0,"normalized_prize_buy":null,"normalized_ads_buy":null,"normalized_prize_rent":null,"normalized_ads_rent":null,"date":"2018-12-06T22:32:08.000Z","fill-opacity":null,"fill":"#ff0000"},"bbox":[-3.79016,40.309,-3.79549,40.3145],"geometry":{"type":"Polygon","coordinates":[[[-3.79016,40.3145],[-3.79549,40.3145],[-3.79549,40.309],[-3.79016,40.309],[-3.79016,40.3145]]]}},{"type":"Feature","properties":{"name":"Leganés--piece--1-0--raspberry3bp","number_of_ads_buy":0,"average_prize_buy":0,"number_of_ads_rent":0,"average_prize_rent":0,"normalized_prize_buy":null,"normalized_ads_buy":null,"normalized_prize_rent":null,"normalized_ads_rent":null,"date":"2018-12-06T22:32:20.000Z","fill-opacity":null,"fill":"#ff0000"},"bbox":[-3.78484,40.3417,-3.79016,40.3472],"geometry":{"type":"Polygon","coordinates":[[[-3.78484,40.3472],[-3.79016,40.3472],[-3.79016,40.3417],[-3.78484,40.3417],[-3.78484,40.3472]]]}},{"type":"Feature","properties":{"name":"Leganés--piece--1-1--raspberry3bp","number_of_ads_buy":0,"average_prize_buy":0,"number_of_ads_rent":0,"average_prize_rent":0,"normalized_prize_buy":null,"normalized_ads_buy":null,"normalized_prize_rent":null,"normalized_ads_rent":null,"date":"2018-12-06T22:32:33.000Z","fill-opacity":null,"fill":"#ff0000"},"bbox":[-3.78484,40.3363,-3.79016,40.3417],"geometry":{"type":"Polygon","coordinates":[[[-3.78484,40.3417],[-3.79016,40.3417],[-3.79016,40.3363],[-3.78484,40.3363],[-3.78484,40.3417]]]}},{"type":"Feature","properties":{"name":"Leganés--piece--1-2--raspberry3bp","number_of_ads_buy":0,"average_prize_buy":0,"number_of_ads_rent":0,"average_prize_rent":0,"normalized_prize_buy":null,"normalized_ads_buy":null,"normalized_prize_rent":null,"normalized_ads_rent":null,"date":"2018-12-06T22:33:01.000Z","fill-opacity":null,"fill":"#ff0000"},"bbox":[-3.78484,40.3308,-3.79016,40.3363],"geometry":{"type":"Polygon","coordinates":[[[-3.78484,40.3363],[-3.79016,40.3363],[-3.79016,40.3308],[-3.78484,40.3308],[-3.78484,40.3363]]]}},{"type":"Feature","properties":{"name":"Leganés--piece--1-3--raspberry3bp","number_of_ads_buy":0,"average_prize_buy":0,"number_of_ads_rent":0,"average_prize_rent":0,"normalized_prize_buy":null,"normalized_ads_buy":null,"normalized_prize_rent":null,"normalized_ads_rent":null,"date":"2018-12-06T22:33:29.000Z","fill-opacity":null,"fill":"#ff0000"},"bbox":[-3.78484,40.3254,-3.79016,40.3308],"geometry":{"type":"Polygon","coordinates":[[[-3.78484,40.3308],[-3.79016,40.3308],[-3.79016,40.3254],[-3.78484,40.3254],[-3.78484,40.3308]]]}},{"type":"Feature","properties":{"name":"Leganés--piece--1-4--raspberry3bp","number_of_ads_buy":0,"average_prize_buy":0,"number_of_ads_rent":0,"average_prize_rent":0,"normalized_prize_buy":null,"normalized_ads_buy":null,"normalized_prize_rent":null,"normalized_ads_rent":null,"date":"2018-12-06T22:33:42.000Z","fill-opacity":null,"fill":"#ff0000"},"bbox":[-3.78484,40.3199,-3.79016,40.3254],"geometry":{"type":"Polygon","coordinates":[[[-3.78484,40.3254],[-3.79016,40.3254],[-3.79016,40.3199],[-3.78484,40.3199],[-3.78484,40.3254]]]}},{"type":"Feature","properties":{"name":"Leganés--piece--1-5--raspberry3bp","number_of_ads_buy":0,"average_prize_buy":0,"number_of_ads_rent":0,"average_prize_rent":0,"normalized_prize_buy":null,"normalized_ads_buy":null,"normalized_prize_rent":null,"normalized_ads_rent":null,"date":"2018-12-06T22:33:55.000Z","fill-opacity":null,"fill":"#ff0000"},"bbox":[-3.78484,40.3145,-3.79016,40.3199],"geometry":{"type":"Polygon","coordinates":[[[-3.78484,40.3199],[-3.79016,40.3199],[-3.79016,40.3145],[-3.78484,40.3145],[-3.78484,40.3199]]]}},{"type":"Feature","properties":{"name":"Leganés--piece--1-6--raspberry3bp","number_of_ads_buy":0,"average_prize_buy":0,"number_of_ads_rent":0,"average_prize_rent":0,"normalized_prize_buy":null,"normalized_ads_buy":null,"normalized_prize_rent":null,"normalized_ads_rent":null,"date":"2018-12-06T22:34:10.000Z","fill-opacity":null,"fill":"#ff0000"},"bbox":[-3.78484,40.309,-3.79016,40.3145],"geometry":{"type":"Polygon","coordinates":[[[-3.78484,40.3145],[-3.79016,40.3145],[-3.79016,40.309],[-3.78484,40.309],[-3.78484,40.3145]]]}},{"type":"Feature","properties":{"name":"Leganés--piece--10-0--raspberry3bp","number_of_ads_buy":0,"average_prize_buy":0,"number_of_ads_rent":0,"average_prize_rent":0,"normalized_prize_buy":null,"normalized_ads_buy":null,"normalized_prize_rent":null,"normalized_ads_rent":null,"date":"2018-12-06T22:34:28.000Z","fill-opacity":null,"fill":"#ff0000"},"bbox":[-3.73691,40.3417,-3.74224,40.3472],"geometry":{"type":"Polygon","coordinates":[[[-3.73691,40.3472],[-3.74224,40.3472],[-3.74224,40.3417],[-3.73691,40.3417],[-3.73691,40.3472]]]}},{"type":"Feature","properties":{"name":"Leganés--piece--10-1--raspberry3bp","number_of_ads_buy":0,"average_prize_buy":0,"number_of_ads_rent":0,"average_prize_rent":0,"normalized_prize_buy":null,"normalized_ads_buy":null,"normalized_prize_rent":null,"normalized_ads_rent":null,"date":"2018-12-06T22:34:47.000Z","fill-opacity":null,"fill":"#ff0000"},"bbox":[-3.73691,40.3363,-3.74224,40.3417],"geometry":{"type":"Polygon","coordinates":[[[-3.73691,40.3417],[-3.74224,40.3417],[-3.74224,40.3363],[-3.73691,40.3363],[-3.73691,40.3417]]]}},{"type":"Feature","properties":{"name":"Leganés--piece--10-2--raspberry3bp","number_of_ads_buy":0,"average_prize_buy":0,"number_of_ads_rent":2,"average_prize_rent":2,"normalized_prize_buy":null,"normalized_ads_buy":null,"normalized_prize_rent":null,"normalized_ads_rent":null,"date":"2018-12-06T22:35:01.000Z","fill-opacity":null,"fill":"#ff0000"},"bbox":[-3.73691,40.3308,-3.74224,40.3363],"geometry":{"type":"Polygon","coordinates":[[[-3.73691,40.3363],[-3.74224,40.3363],[-3.74224,40.3308],[-3.73691,40.3308],[-3.73691,40.3363]]]}},{"type":"Feature","properties":{"name":"Leganés--piece--10-3--raspberry3bp","number_of_ads_buy":0,"average_prize_buy":0,"number_of_ads_rent":0,"average_prize_rent":0,"normalized_prize_buy":null,"normalized_ads_buy":null,"normalized_prize_rent":null,"normalized_ads_rent":null,"date":"2018-12-06T22:35:19.000Z","fill-opacity":null,"fill":"#ff0000"},"bbox":[-3.73691,40.3254,-3.74224,40.3308],"geometry":{"type":"Polygon","coordinates":[[[-3.73691,40.3308],[-3.74224,40.3308],[-3.74224,40.3254],[-3.73691,40.3254],[-3.73691,40.3308]]]}},{"type":"Feature","properties":{"name":"Leganés--piece--10-4--raspberry3bp","number_of_ads_buy":0,"average_prize_buy":0,"number_of_ads_rent":1,"average_prize_rent":0,"normalized_prize_buy":null,"normalized_ads_buy":null,"normalized_prize_rent":null,"normalized_ads_rent":null,"date":"2018-12-06T22:35:32.000Z","fill-opacity":null,"fill":"#ff0000"},"bbox":[-3.73691,40.3199,-3.74224,40.3254],"geometry":{"type":"Polygon","coordinates":[[[-3.73691,40.3254],[-3.74224,40.3254],[-3.74224,40.3199],[-3.73691,40.3199],[-3.73691,40.3254]]]}},{"type":"Feature","properties":{"name":"Leganés--piece--10-5--raspberry3bp","number_of_ads_buy":0,"average_prize_buy":0,"number_of_ads_rent":1,"average_prize_rent":0,"normalized_prize_buy":null,"normalized_ads_buy":null,"normalized_prize_rent":null,"normalized_ads_rent":null,"date":"2018-12-06T22:35:45.000Z","fill-opacity":null,"fill":"#ff0000"},"bbox":[-3.73691,40.3145,-3.74224,40.3199],"geometry":{"type":"Polygon","coordinates":[[[-3.73691,40.3199],[-3.74224,40.3199],[-3.74224,40.3145],[-3.73691,40.3145],[-3.73691,40.3199]]]}},{"type":"Feature","properties":{"name":"Leganés--piece--10-6--raspberry3bp","number_of_ads_buy":0,"average_prize_buy":0,"number_of_ads_rent":1,"average_prize_rent":1,"normalized_prize_buy":null,"normalized_ads_buy":null,"normalized_prize_rent":null,"normalized_ads_rent":null,"date":"2018-12-06T22:36:03.000Z","fill-opacity":null,"fill":"#ff0000"},"bbox":[-3.73691,40.309,-3.74224,40.3145],"geometry":{"type":"Polygon","coordinates":[[[-3.73691,40.3145],[-3.74224,40.3145],[-3.74224,40.309],[-3.73691,40.309],[-3.73691,40.3145]]]}},{"type":"Feature","properties":{"name":"Leganés--piece--2-0--raspberry3bp","number_of_ads_buy":0,"average_prize_buy":0,"number_of_ads_rent":0,"average_prize_rent":0,"normalized_prize_buy":null,"normalized_ads_buy":null,"normalized_prize_rent":null,"normalized_ads_rent":null,"date":"2018-12-06T22:36:21.000Z","fill-opacity":null,"fill":"#ff0000"},"bbox":[-3.77951,40.3417,-3.78484,40.3472],"geometry":{"type":"Polygon","coordinates":[[[-3.77951,40.3472],[-3.78484,40.3472],[-3.78484,40.3417],[-3.77951,40.3417],[-3.77951,40.3472]]]}},{"type":"Feature","properties":{"name":"Leganés--piece--2-1--raspberry3bp","number_of_ads_buy":0,"average_prize_buy":0,"number_of_ads_rent":0,"average_prize_rent":0,"normalized_prize_buy":null,"normalized_ads_buy":null,"normalized_prize_rent":null,"normalized_ads_rent":null,"date":"2018-12-06T22:36:39.000Z","fill-opacity":null,"fill":"#ff0000"},"bbox":[-3.77951,40.3363,-3.78484,40.3417],"geometry":{"type":"Polygon","coordinates":[[[-3.77951,40.3417],[-3.78484,40.3417],[-3.78484,40.3363],[-3.77951,40.3363],[-3.77951,40.3417]]]}},{"type":"Feature","properties":{"name":"Leganés--piece--2-2--raspberry3bp","number_of_ads_buy":0,"average_prize_buy":0,"number_of_ads_rent":0,"average_prize_rent":0,"normalized_prize_buy":null,"normalized_ads_buy":null,"normalized_prize_rent":null,"normalized_ads_rent":null,"date":"2018-12-06T22:36:57.000Z","fill-opacity":null,"fill":"#ff0000"},"bbox":[-3.77951,40.3308,-3.78484,40.3363],"geometry":{"type":"Polygon","coordinates":[[[-3.77951,40.3363],[-3.78484,40.3363],[-3.78484,40.3308],[-3.77951,40.3308],[-3.77951,40.3363]]]}},{"type":"Feature","properties":{"name":"Leganés--piece--2-3--raspberry3bp","number_of_ads_buy":0,"average_prize_buy":0,"number_of_ads_rent":0,"average_prize_rent":0,"normalized_prize_buy":null,"normalized_ads_buy":null,"normalized_prize_rent":null,"normalized_ads_rent":null,"date":"2018-12-06T22:37:13.000Z","fill-opacity":null,"fill":"#ff0000"},"bbox":[-3.77951,40.3254,-3.78484,40.3308],"geometry":{"type":"Polygon","coordinates":[[[-3.77951,40.3308],[-3.78484,40.3308],[-3.78484,40.3254],[-3.77951,40.3254],[-3.77951,40.3308]]]}},{"type":"Feature","properties":{"name":"Leganés--piece--2-4--raspberry3bp","number_of_ads_buy":0,"average_prize_buy":0,"number_of_ads_rent":0,"average_prize_rent":0,"normalized_prize_buy":null,"normalized_ads_buy":null,"normalized_prize_rent":null,"normalized_ads_rent":null,"date":"2018-12-06T22:37:27.000Z","fill-opacity":null,"fill":"#ff0000"},"bbox":[-3.77951,40.3199,-3.78484,40.3254],"geometry":{"type":"Polygon","coordinates":[[[-3.77951,40.3254],[-3.78484,40.3254],[-3.78484,40.3199],[-3.77951,40.3199],[-3.77951,40.3254]]]}},{"type":"Feature","properties":{"name":"Leganés--piece--2-5--raspberry3bp","number_of_ads_buy":0,"average_prize_buy":0,"number_of_ads_rent":2,"average_prize_rent":2,"normalized_prize_buy":null,"normalized_ads_buy":null,"normalized_prize_rent":null,"normalized_ads_rent":null,"date":"2018-12-06T22:37:43.000Z","fill-opacity":null,"fill":"#ff0000"},"bbox":[-3.77951,40.3145,-3.78484,40.3199],"geometry":{"type":"Polygon","coordinates":[[[-3.77951,40.3199],[-3.78484,40.3199],[-3.78484,40.3145],[-3.77951,40.3145],[-3.77951,40.3199]]]}},{"type":"Feature","properties":{"name":"Leganés--piece--2-6--raspberry3bp","number_of_ads_buy":0,"average_prize_buy":0,"number_of_ads_rent":0,"average_prize_rent":0,"normalized_prize_buy":null,"normalized_ads_buy":null,"normalized_prize_rent":null,"normalized_ads_rent":null,"date":"2018-12-06T22:37:58.000Z","fill-opacity":null,"fill":"#ff0000"},"bbox":[-3.77951,40.309,-3.78484,40.3145],"geometry":{"type":"Polygon","coordinates":[[[-3.77951,40.3145],[-3.78484,40.3145],[-3.78484,40.309],[-3.77951,40.309],[-3.77951,40.3145]]]}},{"type":"Feature","properties":{"name":"Leganés--piece--3-0--raspberry3bp","number_of_ads_buy":0,"average_prize_buy":0,"number_of_ads_rent":0,"average_prize_rent":0,"normalized_prize_buy":null,"normalized_ads_buy":null,"normalized_prize_rent":null,"normalized_ads_rent":null,"date":"2018-12-06T22:38:19.000Z","fill-opacity":null,"fill":"#ff0000"},"bbox":[-3.77419,40.3417,-3.77951,40.3472],"geometry":{"type":"Polygon","coordinates":[[[-3.77419,40.3472],[-3.77951,40.3472],[-3.77951,40.3417],[-3.77419,40.3417],[-3.77419,40.3472]]]}},{"type":"Feature","properties":{"name":"Leganés--piece--3-1--raspberry3bp","number_of_ads_buy":0,"average_prize_buy":0,"number_of_ads_rent":0,"average_prize_rent":0,"normalized_prize_buy":null,"normalized_ads_buy":null,"normalized_prize_rent":null,"normalized_ads_rent":null,"date":"2018-12-06T22:38:33.000Z","fill-opacity":null,"fill":"#ff0000"},"bbox":[-3.77419,40.3363,-3.77951,40.3417],"geometry":{"type":"Polygon","coordinates":[[[-3.77419,40.3417],[-3.77951,40.3417],[-3.77951,40.3363],[-3.77419,40.3363],[-3.77419,40.3417]]]}},{"type":"Feature","properties":{"name":"Leganés--piece--3-2--raspberry3bp","number_of_ads_buy":0,"average_prize_buy":0,"number_of_ads_rent":1,"average_prize_rent":0,"normalized_prize_buy":null,"normalized_ads_buy":null,"normalized_prize_rent":null,"normalized_ads_rent":null,"date":"2018-12-06T22:38:49.000Z","fill-opacity":null,"fill":"#ff0000"},"bbox":[-3.77419,40.3308,-3.77951,40.3363],"geometry":{"type":"Polygon","coordinates":[[[-3.77419,40.3363],[-3.77951,40.3363],[-3.77951,40.3308],[-3.77419,40.3308],[-3.77419,40.3363]]]}},{"type":"Feature","properties":{"name":"Leganés--piece--3-3--raspberry3bp","number_of_ads_buy":0,"average_prize_buy":0,"number_of_ads_rent":0,"average_prize_rent":0,"normalized_prize_buy":null,"normalized_ads_buy":null,"normalized_prize_rent":null,"normalized_ads_rent":null,"date":"2018-12-06T22:39:02.000Z","fill-opacity":null,"fill":"#ff0000"},"bbox":[-3.77419,40.3254,-3.77951,40.3308],"geometry":{"type":"Polygon","coordinates":[[[-3.77419,40.3308],[-3.77951,40.3308],[-3.77951,40.3254],[-3.77419,40.3254],[-3.77419,40.3308]]]}},{"type":"Feature","properties":{"name":"Leganés--piece--3-4--raspberry3bp","number_of_ads_buy":0,"average_prize_buy":0,"number_of_ads_rent":1,"average_prize_rent":2,"normalized_prize_buy":null,"normalized_ads_buy":null,"normalized_prize_rent":null,"normalized_ads_rent":null,"date":"2018-12-06T22:39:18.000Z","fill-opacity":null,"fill":"#ff0000"},"bbox":[-3.77419,40.3199,-3.77951,40.3254],"geometry":{"type":"Polygon","coordinates":[[[-3.77419,40.3254],[-3.77951,40.3254],[-3.77951,40.3199],[-3.77419,40.3199],[-3.77419,40.3254]]]}},{"type":"Feature","properties":{"name":"Leganés--piece--3-5--raspberry3bp","number_of_ads_buy":0,"average_prize_buy":0,"number_of_ads_rent":0,"average_prize_rent":0,"normalized_prize_buy":null,"normalized_ads_buy":null,"normalized_prize_rent":null,"normalized_ads_rent":null,"date":"2018-12-06T22:39:30.000Z","fill-opacity":null,"fill":"#ff0000"},"bbox":[-3.77419,40.3145,-3.77951,40.3199],"geometry":{"type":"Polygon","coordinates":[[[-3.77419,40.3199],[-3.77951,40.3199],[-3.77951,40.3145],[-3.77419,40.3145],[-3.77419,40.3199]]]}},{"type":"Feature","properties":{"name":"Leganés--piece--3-6--raspberry3bp","number_of_ads_buy":0,"average_prize_buy":0,"number_of_ads_rent":0,"average_prize_rent":0,"normalized_prize_buy":null,"normalized_ads_buy":null,"normalized_prize_rent":null,"normalized_ads_rent":null,"date":"2018-12-06T22:39:43.000Z","fill-opacity":null,"fill":"#ff0000"},"bbox":[-3.77419,40.309,-3.77951,40.3145],"geometry":{"type":"Polygon","coordinates":[[[-3.77419,40.3145],[-3.77951,40.3145],[-3.77951,40.309],[-3.77419,40.309],[-3.77419,40.3145]]]}},{"type":"Feature","properties":{"name":"Leganés--piece--4-0--raspberry3bp","number_of_ads_buy":0,"average_prize_buy":0,"number_of_ads_rent":1,"average_prize_rent":2,"normalized_prize_buy":null,"normalized_ads_buy":null,"normalized_prize_rent":null,"normalized_ads_rent":null,"date":"2018-12-06T22:39:57.000Z","fill-opacity":null,"fill":"#ff0000"},"bbox":[-3.76886,40.3417,-3.77419,40.3472],"geometry":{"type":"Polygon","coordinates":[[[-3.76886,40.3472],[-3.77419,40.3472],[-3.77419,40.3417],[-3.76886,40.3417],[-3.76886,40.3472]]]}},{"type":"Feature","properties":{"name":"Leganés--piece--4-1--raspberry3bp","number_of_ads_buy":0,"average_prize_buy":0,"number_of_ads_rent":1,"average_prize_rent":0,"normalized_prize_buy":null,"normalized_ads_buy":null,"normalized_prize_rent":null,"normalized_ads_rent":null,"date":"2018-12-06T22:40:15.000Z","fill-opacity":null,"fill":"#ff0000"},"bbox":[-3.76886,40.3363,-3.77419,40.3417],"geometry":{"type":"Polygon","coordinates":[[[-3.76886,40.3417],[-3.77419,40.3417],[-3.77419,40.3363],[-3.76886,40.3363],[-3.76886,40.3417]]]}},{"type":"Feature","properties":{"name":"Leganés--piece--4-2--raspberry3bp","number_of_ads_buy":0,"average_prize_buy":0,"number_of_ads_rent":3,"average_prize_rent":0,"normalized_prize_buy":null,"normalized_ads_buy":null,"normalized_prize_rent":null,"normalized_ads_rent":null,"date":"2018-12-06T22:40:31.000Z","fill-opacity":null,"fill":"#ff0000"},"bbox":[-3.76886,40.3308,-3.77419,40.3363],"geometry":{"type":"Polygon","coordinates":[[[-3.76886,40.3363],[-3.77419,40.3363],[-3.77419,40.3308],[-3.76886,40.3308],[-3.76886,40.3363]]]}},{"type":"Feature","properties":{"name":"Leganés--piece--4-3--raspberry3bp","number_of_ads_buy":0,"average_prize_buy":0,"number_of_ads_rent":1,"average_prize_rent":2,"normalized_prize_buy":null,"normalized_ads_buy":null,"normalized_prize_rent":null,"normalized_ads_rent":null,"date":"2018-12-06T22:40:47.000Z","fill-opacity":null,"fill":"#ff0000"},"bbox":[-3.76886,40.3254,-3.77419,40.3308],"geometry":{"type":"Polygon","coordinates":[[[-3.76886,40.3308],[-3.77419,40.3308],[-3.77419,40.3254],[-3.76886,40.3254],[-3.76886,40.3308]]]}},{"type":"Feature","properties":{"name":"Leganés--piece--4-4--raspberry3bp","number_of_ads_buy":0,"average_prize_buy":0,"number_of_ads_rent":1,"average_prize_rent":0,"normalized_prize_buy":null,"normalized_ads_buy":null,"normalized_prize_rent":null,"normalized_ads_rent":null,"date":"2018-12-06T22:41:03.000Z","fill-opacity":null,"fill":"#ff0000"},"bbox":[-3.76886,40.3199,-3.77419,40.3254],"geometry":{"type":"Polygon","coordinates":[[[-3.76886,40.3254],[-3.77419,40.3254],[-3.77419,40.3199],[-3.76886,40.3199],[-3.76886,40.3254]]]}},{"type":"Feature","properties":{"name":"Leganés--piece--4-5--raspberry3bp","number_of_ads_buy":0,"average_prize_buy":0,"number_of_ads_rent":4,"average_prize_rent":0,"normalized_prize_buy":null,"normalized_ads_buy":null,"normalized_prize_rent":null,"normalized_ads_rent":null,"date":"2018-12-06T22:41:22.000Z","fill-opacity":null,"fill":"#ff0000"},"bbox":[-3.76886,40.3145,-3.77419,40.3199],"geometry":{"type":"Polygon","coordinates":[[[-3.76886,40.3199],[-3.77419,40.3199],[-3.77419,40.3145],[-3.76886,40.3145],[-3.76886,40.3199]]]}},{"type":"Feature","properties":{"name":"Leganés--piece--4-6--raspberry3bp","number_of_ads_buy":0,"average_prize_buy":0,"number_of_ads_rent":0,"average_prize_rent":0,"normalized_prize_buy":null,"normalized_ads_buy":null,"normalized_prize_rent":null,"normalized_ads_rent":null,"date":"2018-12-06T22:41:37.000Z","fill-opacity":null,"fill":"#ff0000"},"bbox":[-3.76886,40.309,-3.77419,40.3145],"geometry":{"type":"Polygon","coordinates":[[[-3.76886,40.3145],[-3.77419,40.3145],[-3.77419,40.309],[-3.76886,40.309],[-3.76886,40.3145]]]}},{"type":"Feature","properties":{"name":"Leganés--piece--5-0--raspberry3bp","number_of_ads_buy":0,"average_prize_buy":0,"number_of_ads_rent":0,"average_prize_rent":0,"normalized_prize_buy":null,"normalized_ads_buy":null,"normalized_prize_rent":null,"normalized_ads_rent":null,"date":"2018-12-06T22:41:52.000Z","fill-opacity":null,"fill":"#ff0000"},"bbox":[-3.76354,40.3417,-3.76886,40.3472],"geometry":{"type":"Polygon","coordinates":[[[-3.76354,40.3472],[-3.76886,40.3472],[-3.76886,40.3417],[-3.76354,40.3417],[-3.76354,40.3472]]]}},{"type":"Feature","properties":{"name":"Leganés--piece--5-1--raspberry3bp","number_of_ads_buy":0,"average_prize_buy":0,"number_of_ads_rent":0,"average_prize_rent":0,"normalized_prize_buy":null,"normalized_ads_buy":null,"normalized_prize_rent":null,"normalized_ads_rent":null,"date":"2018-12-06T22:42:21.000Z","fill-opacity":null,"fill":"#ff0000"},"bbox":[-3.76354,40.3363,-3.76886,40.3417],"geometry":{"type":"Polygon","coordinates":[[[-3.76354,40.3417],[-3.76886,40.3417],[-3.76886,40.3363],[-3.76354,40.3363],[-3.76354,40.3417]]]}},{"type":"Feature","properties":{"name":"Leganés--piece--5-2--raspberry3bp","number_of_ads_buy":0,"average_prize_buy":0,"number_of_ads_rent":0,"average_prize_rent":0,"normalized_prize_buy":null,"normalized_ads_buy":null,"normalized_prize_rent":null,"normalized_ads_rent":null,"date":"2018-12-06T22:42:41.000Z","fill-opacity":null,"fill":"#ff0000"},"bbox":[-3.76354,40.3308,-3.76886,40.3363],"geometry":{"type":"Polygon","coordinates":[[[-3.76354,40.3363],[-3.76886,40.3363],[-3.76886,40.3308],[-3.76354,40.3308],[-3.76354,40.3363]]]}},{"type":"Feature","properties":{"name":"Leganés--piece--5-3--raspberry3bp","number_of_ads_buy":0,"average_prize_buy":0,"number_of_ads_rent":0,"average_prize_rent":0,"normalized_prize_buy":null,"normalized_ads_buy":null,"normalized_prize_rent":null,"normalized_ads_rent":null,"date":"2018-12-06T22:42:56.000Z","fill-opacity":null,"fill":"#ff0000"},"bbox":[-3.76354,40.3254,-3.76886,40.3308],"geometry":{"type":"Polygon","coordinates":[[[-3.76354,40.3308],[-3.76886,40.3308],[-3.76886,40.3254],[-3.76354,40.3254],[-3.76354,40.3308]]]}},{"type":"Feature","properties":{"name":"Leganés--piece--5-4--raspberry3bp","number_of_ads_buy":0,"average_prize_buy":0,"number_of_ads_rent":0,"average_prize_rent":0,"normalized_prize_buy":null,"normalized_ads_buy":null,"normalized_prize_rent":null,"normalized_ads_rent":null,"date":"2018-12-06T22:43:12.000Z","fill-opacity":null,"fill":"#ff0000"},"bbox":[-3.76354,40.3199,-3.76886,40.3254],"geometry":{"type":"Polygon","coordinates":[[[-3.76354,40.3254],[-3.76886,40.3254],[-3.76886,40.3199],[-3.76354,40.3199],[-3.76354,40.3254]]]}},{"type":"Feature","properties":{"name":"Leganés--piece--5-5--raspberry3bp","number_of_ads_buy":0,"average_prize_buy":0,"number_of_ads_rent":0,"average_prize_rent":0,"normalized_prize_buy":null,"normalized_ads_buy":null,"normalized_prize_rent":null,"normalized_ads_rent":null,"date":"2018-12-06T22:43:25.000Z","fill-opacity":null,"fill":"#ff0000"},"bbox":[-3.76354,40.3145,-3.76886,40.3199],"geometry":{"type":"Polygon","coordinates":[[[-3.76354,40.3199],[-3.76886,40.3199],[-3.76886,40.3145],[-3.76354,40.3145],[-3.76354,40.3199]]]}},{"type":"Feature","properties":{"name":"Leganés--piece--5-6--raspberry3bp","number_of_ads_buy":0,"average_prize_buy":0,"number_of_ads_rent":0,"average_prize_rent":0,"normalized_prize_buy":null,"normalized_ads_buy":null,"normalized_prize_rent":null,"normalized_ads_rent":null,"date":"2018-12-06T22:43:40.000Z","fill-opacity":null,"fill":"#ff0000"},"bbox":[-3.76354,40.309,-3.76886,40.3145],"geometry":{"type":"Polygon","coordinates":[[[-3.76354,40.3145],[-3.76886,40.3145],[-3.76886,40.309],[-3.76354,40.309],[-3.76354,40.3145]]]}},{"type":"Feature","properties":{"name":"Leganés--piece--6-0--raspberry3bp","number_of_ads_buy":0,"average_prize_buy":0,"number_of_ads_rent":0,"average_prize_rent":0,"normalized_prize_buy":null,"normalized_ads_buy":null,"normalized_prize_rent":null,"normalized_ads_rent":null,"date":"2018-12-06T22:43:58.000Z","fill-opacity":null,"fill":"#ff0000"},"bbox":[-3.75821,40.3417,-3.76354,40.3472],"geometry":{"type":"Polygon","coordinates":[[[-3.75821,40.3472],[-3.76354,40.3472],[-3.76354,40.3417],[-3.75821,40.3417],[-3.75821,40.3472]]]}},{"type":"Feature","properties":{"name":"Leganés--piece--6-1--raspberry3bp","number_of_ads_buy":0,"average_prize_buy":0,"number_of_ads_rent":0,"average_prize_rent":0,"normalized_prize_buy":null,"normalized_ads_buy":null,"normalized_prize_rent":null,"normalized_ads_rent":null,"date":"2018-12-06T22:44:10.000Z","fill-opacity":null,"fill":"#ff0000"},"bbox":[-3.75821,40.3363,-3.76354,40.3417],"geometry":{"type":"Polygon","coordinates":[[[-3.75821,40.3417],[-3.76354,40.3417],[-3.76354,40.3363],[-3.75821,40.3363],[-3.75821,40.3417]]]}},{"type":"Feature","properties":{"name":"Leganés--piece--6-2--raspberry3bp","number_of_ads_buy":0,"average_prize_buy":0,"number_of_ads_rent":8,"average_prize_rent":0,"normalized_prize_buy":null,"normalized_ads_buy":null,"normalized_prize_rent":null,"normalized_ads_rent":null,"date":"2018-12-06T22:44:26.000Z","fill-opacity":null,"fill":"#ff0000"},"bbox":[-3.75821,40.3308,-3.76354,40.3363],"geometry":{"type":"Polygon","coordinates":[[[-3.75821,40.3363],[-3.76354,40.3363],[-3.76354,40.3308],[-3.75821,40.3308],[-3.75821,40.3363]]]}},{"type":"Feature","properties":{"name":"Leganés--piece--6-3--raspberry3bp","number_of_ads_buy":0,"average_prize_buy":0,"number_of_ads_rent":1,"average_prize_rent":0,"normalized_prize_buy":null,"normalized_ads_buy":null,"normalized_prize_rent":null,"normalized_ads_rent":null,"date":"2018-12-06T22:44:40.000Z","fill-opacity":null,"fill":"#ff0000"},"bbox":[-3.75821,40.3254,-3.76354,40.3308],"geometry":{"type":"Polygon","coordinates":[[[-3.75821,40.3308],[-3.76354,40.3308],[-3.76354,40.3254],[-3.75821,40.3254],[-3.75821,40.3308]]]}},{"type":"Feature","properties":{"name":"Leganés--piece--6-4--raspberry3bp","number_of_ads_buy":0,"average_prize_buy":0,"number_of_ads_rent":0,"average_prize_rent":0,"normalized_prize_buy":null,"normalized_ads_buy":null,"normalized_prize_rent":null,"normalized_ads_rent":null,"date":"2018-12-06T22:44:58.000Z","fill-opacity":null,"fill":"#ff0000"},"bbox":[-3.75821,40.3199,-3.76354,40.3254],"geometry":{"type":"Polygon","coordinates":[[[-3.75821,40.3254],[-3.76354,40.3254],[-3.76354,40.3199],[-3.75821,40.3199],[-3.75821,40.3254]]]}},{"type":"Feature","properties":{"name":"Leganés--piece--6-5--raspberry3bp","number_of_ads_buy":0,"average_prize_buy":0,"number_of_ads_rent":0,"average_prize_rent":0,"normalized_prize_buy":null,"normalized_ads_buy":null,"normalized_prize_rent":null,"normalized_ads_rent":null,"date":"2018-12-06T22:45:15.000Z","fill-opacity":null,"fill":"#ff0000"},"bbox":[-3.75821,40.3145,-3.76354,40.3199],"geometry":{"type":"Polygon","coordinates":[[[-3.75821,40.3199],[-3.76354,40.3199],[-3.76354,40.3145],[-3.75821,40.3145],[-3.75821,40.3199]]]}},{"type":"Feature","properties":{"name":"Leganés--piece--6-6--raspberry3bp","number_of_ads_buy":0,"average_prize_buy":0,"number_of_ads_rent":0,"average_prize_rent":0,"normalized_prize_buy":null,"normalized_ads_buy":null,"normalized_prize_rent":null,"normalized_ads_rent":null,"date":"2018-12-06T22:45:33.000Z","fill-opacity":null,"fill":"#ff0000"},"bbox":[-3.75821,40.309,-3.76354,40.3145],"geometry":{"type":"Polygon","coordinates":[[[-3.75821,40.3145],[-3.76354,40.3145],[-3.76354,40.309],[-3.75821,40.309],[-3.75821,40.3145]]]}},{"type":"Feature","properties":{"name":"Leganés--piece--7-0--raspberry3bp","number_of_ads_buy":0,"average_prize_buy":0,"number_of_ads_rent":0,"average_prize_rent":0,"normalized_prize_buy":null,"normalized_ads_buy":null,"normalized_prize_rent":null,"normalized_ads_rent":null,"date":"2018-12-06T22:45:54.000Z","fill-opacity":null,"fill":"#ff0000"},"bbox":[-3.75289,40.3417,-3.75821,40.3472],"geometry":{"type":"Polygon","coordinates":[[[-3.75289,40.3472],[-3.75821,40.3472],[-3.75821,40.3417],[-3.75289,40.3417],[-3.75289,40.3472]]]}},{"type":"Feature","properties":{"name":"Leganés--piece--7-1--raspberry3bp","number_of_ads_buy":0,"average_prize_buy":0,"number_of_ads_rent":1,"average_prize_rent":1,"normalized_prize_buy":null,"normalized_ads_buy":null,"normalized_prize_rent":null,"normalized_ads_rent":null,"date":"2018-12-06T22:46:16.000Z","fill-opacity":null,"fill":"#ff0000"},"bbox":[-3.75289,40.3363,-3.75821,40.3417],"geometry":{"type":"Polygon","coordinates":[[[-3.75289,40.3417],[-3.75821,40.3417],[-3.75821,40.3363],[-3.75289,40.3363],[-3.75289,40.3417]]]}},{"type":"Feature","properties":{"name":"Leganés--piece--7-2--raspberry3bp","number_of_ads_buy":0,"average_prize_buy":0,"number_of_ads_rent":1,"average_prize_rent":0,"normalized_prize_buy":null,"normalized_ads_buy":null,"normalized_prize_rent":null,"normalized_ads_rent":null,"date":"2018-12-06T22:46:30.000Z","fill-opacity":null,"fill":"#ff0000"},"bbox":[-3.75289,40.3308,-3.75821,40.3363],"geometry":{"type":"Polygon","coordinates":[[[-3.75289,40.3363],[-3.75821,40.3363],[-3.75821,40.3308],[-3.75289,40.3308],[-3.75289,40.3363]]]}},{"type":"Feature","properties":{"name":"Leganés--piece--7-3--raspberry3bp","number_of_ads_buy":0,"average_prize_buy":0,"number_of_ads_rent":0,"average_prize_rent":0,"normalized_prize_buy":null,"normalized_ads_buy":null,"normalized_prize_rent":null,"normalized_ads_rent":null,"date":"2018-12-06T22:46:47.000Z","fill-opacity":null,"fill":"#ff0000"},"bbox":[-3.75289,40.3254,-3.75821,40.3308],"geometry":{"type":"Polygon","coordinates":[[[-3.75289,40.3308],[-3.75821,40.3308],[-3.75821,40.3254],[-3.75289,40.3254],[-3.75289,40.3308]]]}},{"type":"Feature","properties":{"name":"Leganés--piece--7-4--raspberry3bp","number_of_ads_buy":0,"average_prize_buy":0,"number_of_ads_rent":0,"average_prize_rent":0,"normalized_prize_buy":null,"normalized_ads_buy":null,"normalized_prize_rent":null,"normalized_ads_rent":null,"date":"2018-12-06T22:46:59.000Z","fill-opacity":null,"fill":"#ff0000"},"bbox":[-3.75289,40.3199,-3.75821,40.3254],"geometry":{"type":"Polygon","coordinates":[[[-3.75289,40.3254],[-3.75821,40.3254],[-3.75821,40.3199],[-3.75289,40.3199],[-3.75289,40.3254]]]}},{"type":"Feature","properties":{"name":"Leganés--piece--7-5--raspberry3bp","number_of_ads_buy":0,"average_prize_buy":0,"number_of_ads_rent":0,"average_prize_rent":0,"normalized_prize_buy":null,"normalized_ads_buy":null,"normalized_prize_rent":null,"normalized_ads_rent":null,"date":"2018-12-06T22:47:11.000Z","fill-opacity":null,"fill":"#ff0000"},"bbox":[-3.75289,40.3145,-3.75821,40.3199],"geometry":{"type":"Polygon","coordinates":[[[-3.75289,40.3199],[-3.75821,40.3199],[-3.75821,40.3145],[-3.75289,40.3145],[-3.75289,40.3199]]]}},{"type":"Feature","properties":{"name":"Leganés--piece--7-6--raspberry3bp","number_of_ads_buy":0,"average_prize_buy":0,"number_of_ads_rent":0,"average_prize_rent":0,"normalized_prize_buy":null,"normalized_ads_buy":null,"normalized_prize_rent":null,"normalized_ads_rent":null,"date":"2018-12-06T22:47:30.000Z","fill-opacity":null,"fill":"#ff0000"},"bbox":[-3.75289,40.309,-3.75821,40.3145],"geometry":{"type":"Polygon","coordinates":[[[-3.75289,40.3145],[-3.75821,40.3145],[-3.75821,40.309],[-3.75289,40.309],[-3.75289,40.3145]]]}},{"type":"Feature","properties":{"name":"Leganés--piece--8-0--raspberry3bp","number_of_ads_buy":0,"average_prize_buy":0,"number_of_ads_rent":1,"average_prize_rent":0,"normalized_prize_buy":null,"normalized_ads_buy":null,"normalized_prize_rent":null,"normalized_ads_rent":null,"date":"2018-12-06T22:47:45.000Z","fill-opacity":null,"fill":"#ff0000"},"bbox":[-3.74756,40.3417,-3.75289,40.3472],"geometry":{"type":"Polygon","coordinates":[[[-3.74756,40.3472],[-3.75289,40.3472],[-3.75289,40.3417],[-3.74756,40.3417],[-3.74756,40.3472]]]}},{"type":"Feature","properties":{"name":"Leganés--piece--8-1--raspberry3bp","number_of_ads_buy":0,"average_prize_buy":0,"number_of_ads_rent":0,"average_prize_rent":0,"normalized_prize_buy":null,"normalized_ads_buy":null,"normalized_prize_rent":null,"normalized_ads_rent":null,"date":"2018-12-06T22:48:06.000Z","fill-opacity":null,"fill":"#ff0000"},"bbox":[-3.74756,40.3363,-3.75289,40.3417],"geometry":{"type":"Polygon","coordinates":[[[-3.74756,40.3417],[-3.75289,40.3417],[-3.75289,40.3363],[-3.74756,40.3363],[-3.74756,40.3417]]]}},{"type":"Feature","properties":{"name":"Leganés--piece--8-2--raspberry3bp","number_of_ads_buy":0,"average_prize_buy":0,"number_of_ads_rent":0,"average_prize_rent":0,"normalized_prize_buy":null,"normalized_ads_buy":null,"normalized_prize_rent":null,"normalized_ads_rent":null,"date":"2018-12-06T22:48:20.000Z","fill-opacity":null,"fill":"#ff0000"},"bbox":[-3.74756,40.3308,-3.75289,40.3363],"geometry":{"type":"Polygon","coordinates":[[[-3.74756,40.3363],[-3.75289,40.3363],[-3.75289,40.3308],[-3.74756,40.3308],[-3.74756,40.3363]]]}},{"type":"Feature","properties":{"name":"Leganés--piece--8-3--raspberry3bp","number_of_ads_buy":0,"average_prize_buy":0,"number_of_ads_rent":1,"average_prize_rent":1,"normalized_prize_buy":null,"normalized_ads_buy":null,"normalized_prize_rent":null,"normalized_ads_rent":null,"date":"2018-12-06T22:48:36.000Z","fill-opacity":null,"fill":"#ff0000"},"bbox":[-3.74756,40.3254,-3.75289,40.3308],"geometry":{"type":"Polygon","coordinates":[[[-3.74756,40.3308],[-3.75289,40.3308],[-3.75289,40.3254],[-3.74756,40.3254],[-3.74756,40.3308]]]}},{"type":"Feature","properties":{"name":"Leganés--piece--8-4--raspberry3bp","number_of_ads_buy":0,"average_prize_buy":0,"number_of_ads_rent":1,"average_prize_rent":1,"normalized_prize_buy":null,"normalized_ads_buy":null,"normalized_prize_rent":null,"normalized_ads_rent":null,"date":"2018-12-06T22:48:51.000Z","fill-opacity":null,"fill":"#ff0000"},"bbox":[-3.74756,40.3199,-3.75289,40.3254],"geometry":{"type":"Polygon","coordinates":[[[-3.74756,40.3254],[-3.75289,40.3254],[-3.75289,40.3199],[-3.74756,40.3199],[-3.74756,40.3254]]]}},{"type":"Feature","properties":{"name":"Leganés--piece--8-5--raspberry3bp","number_of_ads_buy":0,"average_prize_buy":0,"number_of_ads_rent":0,"average_prize_rent":0,"normalized_prize_buy":null,"normalized_ads_buy":null,"normalized_prize_rent":null,"normalized_ads_rent":null,"date":"2018-12-06T22:49:07.000Z","fill-opacity":null,"fill":"#ff0000"},"bbox":[-3.74756,40.3145,-3.75289,40.3199],"geometry":{"type":"Polygon","coordinates":[[[-3.74756,40.3199],[-3.75289,40.3199],[-3.75289,40.3145],[-3.74756,40.3145],[-3.74756,40.3199]]]}},{"type":"Feature","properties":{"name":"Leganés--piece--8-6--raspberry3bp","number_of_ads_buy":0,"average_prize_buy":0,"number_of_ads_rent":0,"average_prize_rent":0,"normalized_prize_buy":null,"normalized_ads_buy":null,"normalized_prize_rent":null,"normalized_ads_rent":null,"date":"2018-12-06T22:49:20.000Z","fill-opacity":null,"fill":"#ff0000"},"bbox":[-3.74756,40.309,-3.75289,40.3145],"geometry":{"type":"Polygon","coordinates":[[[-3.74756,40.3145],[-3.75289,40.3145],[-3.75289,40.309],[-3.74756,40.309],[-3.74756,40.3145]]]}},{"type":"Feature","properties":{"name":"Leganés--piece--9-0--raspberry3bp","number_of_ads_buy":0,"average_prize_buy":0,"number_of_ads_rent":0,"average_prize_rent":0,"normalized_prize_buy":null,"normalized_ads_buy":null,"normalized_prize_rent":null,"normalized_ads_rent":null,"date":"2018-12-06T22:49:32.000Z","fill-opacity":null,"fill":"#ff0000"},"bbox":[-3.74224,40.3417,-3.74756,40.3472],"geometry":{"type":"Polygon","coordinates":[[[-3.74224,40.3472],[-3.74756,40.3472],[-3.74756,40.3417],[-3.74224,40.3417],[-3.74224,40.3472]]]}},{"type":"Feature","properties":{"name":"Leganés--piece--9-1--raspberry3bp","number_of_ads_buy":0,"average_prize_buy":0,"number_of_ads_rent":0,"average_prize_rent":0,"normalized_prize_buy":null,"normalized_ads_buy":null,"normalized_prize_rent":null,"normalized_ads_rent":null,"date":"2018-12-06T22:49:48.000Z","fill-opacity":null,"fill":"#ff0000"},"bbox":[-3.74224,40.3363,-3.74756,40.3417],"geometry":{"type":"Polygon","coordinates":[[[-3.74224,40.3417],[-3.74756,40.3417],[-3.74756,40.3363],[-3.74224,40.3363],[-3.74224,40.3417]]]}},{"type":"Feature","properties":{"name":"Leganés--piece--9-2--raspberry3bp","number_of_ads_buy":0,"average_prize_buy":0,"number_of_ads_rent":0,"average_prize_rent":0,"normalized_prize_buy":null,"normalized_ads_buy":null,"normalized_prize_rent":null,"normalized_ads_rent":null,"date":"2018-12-06T22:50:02.000Z","fill-opacity":null,"fill":"#ff0000"},"bbox":[-3.74224,40.3308,-3.74756,40.3363],"geometry":{"type":"Polygon","coordinates":[[[-3.74224,40.3363],[-3.74756,40.3363],[-3.74756,40.3308],[-3.74224,40.3308],[-3.74224,40.3363]]]}},{"type":"Feature","properties":{"name":"Leganés--piece--9-3--raspberry3bp","number_of_ads_buy":0,"average_prize_buy":0,"number_of_ads_rent":0,"average_prize_rent":0,"normalized_prize_buy":null,"normalized_ads_buy":null,"normalized_prize_rent":null,"normalized_ads_rent":null,"date":"2018-12-06T22:50:14.000Z","fill-opacity":null,"fill":"#ff0000"},"bbox":[-3.74224,40.3254,-3.74756,40.3308],"geometry":{"type":"Polygon","coordinates":[[[-3.74224,40.3308],[-3.74756,40.3308],[-3.74756,40.3254],[-3.74224,40.3254],[-3.74224,40.3308]]]}},{"type":"Feature","properties":{"name":"Leganés--piece--9-4--raspberry3bp","number_of_ads_buy":0,"average_prize_buy":0,"number_of_ads_rent":1,"average_prize_rent":0,"normalized_prize_buy":null,"normalized_ads_buy":null,"normalized_prize_rent":null,"normalized_ads_rent":null,"date":"2018-12-06T22:50:29.000Z","fill-opacity":null,"fill":"#ff0000"},"bbox":[-3.74224,40.3199,-3.74756,40.3254],"geometry":{"type":"Polygon","coordinates":[[[-3.74224,40.3254],[-3.74756,40.3254],[-3.74756,40.3199],[-3.74224,40.3199],[-3.74224,40.3254]]]}},{"type":"Feature","properties":{"name":"Leganés--piece--9-5--raspberry3bp","number_of_ads_buy":0,"average_prize_buy":0,"number_of_ads_rent":0,"average_prize_rent":0,"normalized_prize_buy":null,"normalized_ads_buy":null,"normalized_prize_rent":null,"normalized_ads_rent":null,"date":"2018-12-06T22:50:44.000Z","fill-opacity":null,"fill":"#ff0000"},"bbox":[-3.74224,40.3145,-3.74756,40.3199],"geometry":{"type":"Polygon","coordinates":[[[-3.74224,40.3199],[-3.74756,40.3199],[-3.74756,40.3145],[-3.74224,40.3145],[-3.74224,40.3199]]]}},{"type":"Feature","properties":{"name":"Leganés--piece--9-6--raspberry3bp","number_of_ads_buy":0,"average_prize_buy":0,"number_of_ads_rent":0,"average_prize_rent":0,"normalized_prize_buy":null,"normalized_ads_buy":null,"normalized_prize_rent":null,"normalized_ads_rent":null,"date":"2018-12-06T22:51:01.000Z","fill-opacity":null,"fill":"#ff0000"},"bbox":[-3.74224,40.309,-3.74756,40.3145],"geometry":{"type":"Polygon","coordinates":[[[-3.74224,40.3145],[-3.74756,40.3145],[-3.74756,40.309],[-3.74224,40.309],[-3.74224,40.3145]]]}}]}