{"type":"FeatureCollection","features":[{"type":"Feature","properties":{"name":"Majadahonda--piece--0-0--gCloud","number_of_ads_buy":0,"average_prize_buy":0,"number_of_ads_rent":0,"average_prize_rent":0,"normalized_prize_buy":0,"normalized_ads_buy":0,"normalized_prize_rent":null,"normalized_ads_rent":0,"date":"2018-12-04T03:14:48.000Z","fill-opacity":0,"fill":"#ff0000"},"bbox":[-3.88253,40.4781,-3.88806,40.4837],"geometry":{"type":"Polygon","coordinates":[[[-3.88253,40.4837],[-3.88806,40.4837],[-3.88806,40.4781],[-3.88253,40.4781],[-3.88253,40.4837]]]}},{"type":"Feature","properties":{"name":"Majadahonda--piece--0-1--gCloud","number_of_ads_buy":1,"average_prize_buy":3592.59,"number_of_ads_rent":0,"average_prize_rent":0,"normalized_prize_buy":0.9048159938748578,"normalized_ads_buy":0.037037037037037035,"normalized_prize_rent":null,"normalized_ads_rent":0,"date":"2018-12-04T03:14:57.000Z","fill-opacity":0.7238527950998863,"fill":"#ff0000"},"bbox":[-3.88253,40.4724,-3.88806,40.4781],"geometry":{"type":"Polygon","coordinates":[[[-3.88253,40.4781],[-3.88806,40.4781],[-3.88806,40.4724],[-3.88253,40.4724],[-3.88253,40.4781]]]}},{"type":"Feature","properties":{"name":"Majadahonda--piece--0-2--gCloud","number_of_ads_buy":0,"average_prize_buy":0,"number_of_ads_rent":1,"average_prize_rent":14.4444,"normalized_prize_buy":0,"normalized_ads_buy":0,"normalized_prize_rent":null,"normalized_ads_rent":0.037037037037037035,"date":"2018-12-04T03:15:03.000Z","fill-opacity":0,"fill":"#ff0000"},"bbox":[-3.88253,40.4667,-3.88806,40.4724],"geometry":{"type":"Polygon","coordinates":[[[-3.88253,40.4724],[-3.88806,40.4724],[-3.88806,40.4667],[-3.88253,40.4667],[-3.88253,40.4724]]]}},{"type":"Feature","properties":{"name":"Majadahonda--piece--0-3--gCloud","number_of_ads_buy":0,"average_prize_buy":0,"number_of_ads_rent":0,"average_prize_rent":0,"normalized_prize_buy":0,"normalized_ads_buy":0,"normalized_prize_rent":null,"normalized_ads_rent":0,"date":"2018-12-04T03:15:11.000Z","fill-opacity":0,"fill":"#ff0000"},"bbox":[-3.88253,40.4611,-3.88806,40.4667],"geometry":{"type":"Polygon","coordinates":[[[-3.88253,40.4667],[-3.88806,40.4667],[-3.88806,40.4611],[-3.88253,40.4611],[-3.88253,40.4667]]]}},{"type":"Feature","properties":{"name":"Majadahonda--piece--0-4--gCloud","number_of_ads_buy":0,"average_prize_buy":0,"number_of_ads_rent":0,"average_prize_rent":0,"normalized_prize_buy":0,"normalized_ads_buy":0,"normalized_prize_rent":null,"normalized_ads_rent":0,"date":"2018-12-04T03:15:18.000Z","fill-opacity":0,"fill":"#ff0000"},"bbox":[-3.88253,40.4554,-3.88806,40.4611],"geometry":{"type":"Polygon","coordinates":[[[-3.88253,40.4611],[-3.88806,40.4611],[-3.88806,40.4554],[-3.88253,40.4554],[-3.88253,40.4611]]]}},{"type":"Feature","properties":{"name":"Majadahonda--piece--0-5--gCloud","number_of_ads_buy":0,"average_prize_buy":0,"number_of_ads_rent":2,"average_prize_rent":9.37057,"normalized_prize_buy":0,"normalized_ads_buy":0,"normalized_prize_rent":null,"normalized_ads_rent":0.07407407407407407,"date":"2018-12-04T03:15:23.000Z","fill-opacity":0,"fill":"#ff0000"},"bbox":[-3.88253,40.4498,-3.88806,40.4554],"geometry":{"type":"Polygon","coordinates":[[[-3.88253,40.4554],[-3.88806,40.4554],[-3.88806,40.4498],[-3.88253,40.4498],[-3.88253,40.4554]]]}},{"type":"Feature","properties":{"name":"Majadahonda--piece--0-6--gCloud","number_of_ads_buy":1,"average_prize_buy":2320.55,"number_of_ads_rent":0,"average_prize_rent":0,"normalized_prize_buy":0.5844448586079406,"normalized_ads_buy":0.037037037037037035,"normalized_prize_rent":null,"normalized_ads_rent":0,"date":"2018-12-04T03:15:29.000Z","fill-opacity":0.4675558868863525,"fill":"#ff0000"},"bbox":[-3.88253,40.4441,-3.88806,40.4498],"geometry":{"type":"Polygon","coordinates":[[[-3.88253,40.4498],[-3.88806,40.4498],[-3.88806,40.4441],[-3.88253,40.4441],[-3.88253,40.4498]]]}},{"type":"Feature","properties":{"name":"Majadahonda--piece--1-0--gCloud","number_of_ads_buy":0,"average_prize_buy":0,"number_of_ads_rent":0,"average_prize_rent":0,"normalized_prize_buy":0,"normalized_ads_buy":0,"normalized_prize_rent":null,"normalized_ads_rent":0,"date":"2018-12-04T03:15:37.000Z","fill-opacity":0,"fill":"#ff0000"},"bbox":[-3.877,40.4781,-3.88253,40.4837],"geometry":{"type":"Polygon","coordinates":[[[-3.877,40.4837],[-3.88253,40.4837],[-3.88253,40.4781],[-3.877,40.4781],[-3.877,40.4837]]]}},{"type":"Feature","properties":{"name":"Majadahonda--piece--1-1--gCloud","number_of_ads_buy":16,"average_prize_buy":2528.84,"number_of_ads_rent":2,"average_prize_rent":11.1143,"normalized_prize_buy":0.636903982349919,"normalized_ads_buy":0.5925925925925926,"normalized_prize_rent":null,"normalized_ads_rent":0.07407407407407407,"date":"2018-12-04T03:15:47.000Z","fill-opacity":0.5095231858799352,"fill":"#ff0000"},"bbox":[-3.877,40.4724,-3.88253,40.4781],"geometry":{"type":"Polygon","coordinates":[[[-3.877,40.4781],[-3.88253,40.4781],[-3.88253,40.4724],[-3.877,40.4724],[-3.877,40.4781]]]}},{"type":"Feature","properties":{"name":"Majadahonda--piece--1-2--gCloud","number_of_ads_buy":2,"average_prize_buy":3177.48,"number_of_ads_rent":1,"average_prize_rent":10.4167,"normalized_prize_buy":0.80026797497557,"normalized_ads_buy":0.07407407407407407,"normalized_prize_rent":null,"normalized_ads_rent":0.037037037037037035,"date":"2018-12-04T03:15:57.000Z","fill-opacity":0.640214379980456,"fill":"#ff0000"},"bbox":[-3.877,40.4667,-3.88253,40.4724],"geometry":{"type":"Polygon","coordinates":[[[-3.877,40.4724],[-3.88253,40.4724],[-3.88253,40.4667],[-3.877,40.4667],[-3.877,40.4724]]]}},{"type":"Feature","properties":{"name":"Majadahonda--piece--1-3--gCloud","number_of_ads_buy":0,"average_prize_buy":0,"number_of_ads_rent":0,"average_prize_rent":0,"normalized_prize_buy":0,"normalized_ads_buy":0,"normalized_prize_rent":null,"normalized_ads_rent":0,"date":"2018-12-04T03:16:05.000Z","fill-opacity":0,"fill":"#ff0000"},"bbox":[-3.877,40.4611,-3.88253,40.4667],"geometry":{"type":"Polygon","coordinates":[[[-3.877,40.4667],[-3.88253,40.4667],[-3.88253,40.4611],[-3.877,40.4611],[-3.877,40.4667]]]}},{"type":"Feature","properties":{"name":"Majadahonda--piece--1-4--gCloud","number_of_ads_buy":6,"average_prize_buy":3502.31,"number_of_ads_rent":1,"average_prize_rent":6.61765,"normalized_prize_buy":0.8820784179402195,"normalized_ads_buy":0.2222222222222222,"normalized_prize_rent":null,"normalized_ads_rent":0.037037037037037035,"date":"2018-12-04T03:16:11.000Z","fill-opacity":0.7056627343521756,"fill":"#ff0000"},"bbox":[-3.877,40.4554,-3.88253,40.4611],"geometry":{"type":"Polygon","coordinates":[[[-3.877,40.4611],[-3.88253,40.4611],[-3.88253,40.4554],[-3.877,40.4554],[-3.877,40.4611]]]}},{"type":"Feature","properties":{"name":"Majadahonda--piece--1-5--gCloud","number_of_ads_buy":1,"average_prize_buy":3851.85,"number_of_ads_rent":0,"average_prize_rent":0,"normalized_prize_buy":0.9701122271138289,"normalized_ads_buy":0.037037037037037035,"normalized_prize_rent":null,"normalized_ads_rent":0,"date":"2018-12-04T03:16:16.000Z","fill-opacity":0.7760897816910632,"fill":"#ff0000"},"bbox":[-3.877,40.4498,-3.88253,40.4554],"geometry":{"type":"Polygon","coordinates":[[[-3.877,40.4554],[-3.88253,40.4554],[-3.88253,40.4498],[-3.877,40.4498],[-3.877,40.4554]]]}},{"type":"Feature","properties":{"name":"Majadahonda--piece--1-6--gCloud","number_of_ads_buy":1,"average_prize_buy":3793.1,"number_of_ads_rent":0,"average_prize_rent":0,"normalized_prize_buy":0.9553156765360709,"normalized_ads_buy":0.037037037037037035,"normalized_prize_rent":null,"normalized_ads_rent":0,"date":"2018-12-04T03:16:25.000Z","fill-opacity":0.7642525412288568,"fill":"#ff0000"},"bbox":[-3.877,40.4441,-3.88253,40.4498],"geometry":{"type":"Polygon","coordinates":[[[-3.877,40.4498],[-3.88253,40.4498],[-3.88253,40.4441],[-3.877,40.4441],[-3.877,40.4498]]]}},{"type":"Feature","properties":{"name":"Majadahonda--piece--2-0--gCloud","number_of_ads_buy":7,"average_prize_buy":3002.34,"number_of_ads_rent":8,"average_prize_rent":9.90262,"normalized_prize_buy":0.7561578836021479,"normalized_ads_buy":0.25925925925925924,"normalized_prize_rent":null,"normalized_ads_rent":0.2962962962962963,"date":"2018-12-04T03:16:31.000Z","fill-opacity":0.6049263068817183,"fill":"#ff0000"},"bbox":[-3.87147,40.4781,-3.877,40.4837],"geometry":{"type":"Polygon","coordinates":[[[-3.87147,40.4837],[-3.877,40.4837],[-3.877,40.4781],[-3.87147,40.4781],[-3.87147,40.4837]]]}},{"type":"Feature","properties":{"name":"Majadahonda--piece--2-1--gCloud","number_of_ads_buy":11,"average_prize_buy":2802.05,"number_of_ads_rent":2,"average_prize_rent":11.3846,"normalized_prize_buy":0.705713609300545,"normalized_ads_buy":0.4074074074074074,"normalized_prize_rent":null,"normalized_ads_rent":0.07407407407407407,"date":"2018-12-04T03:16:36.000Z","fill-opacity":0.564570887440436,"fill":"#ff0000"},"bbox":[-3.87147,40.4724,-3.877,40.4781],"geometry":{"type":"Polygon","coordinates":[[[-3.87147,40.4781],[-3.877,40.4781],[-3.877,40.4724],[-3.87147,40.4724],[-3.87147,40.4781]]]}},{"type":"Feature","properties":{"name":"Majadahonda--piece--2-2--gCloud","number_of_ads_buy":27,"average_prize_buy":3215.76,"number_of_ads_rent":6,"average_prize_rent":12.7389,"normalized_prize_buy":0.8099090295477671,"normalized_ads_buy":1,"normalized_prize_rent":null,"normalized_ads_rent":0.2222222222222222,"date":"2018-12-04T03:16:47.000Z","fill-opacity":0.6479272236382138,"fill":"#ff0000"},"bbox":[-3.87147,40.4667,-3.877,40.4724],"geometry":{"type":"Polygon","coordinates":[[[-3.87147,40.4724],[-3.877,40.4724],[-3.877,40.4667],[-3.87147,40.4667],[-3.87147,40.4724]]]}},{"type":"Feature","properties":{"name":"Majadahonda--piece--2-3--gCloud","number_of_ads_buy":6,"average_prize_buy":3127.57,"number_of_ads_rent":0,"average_prize_rent":0,"normalized_prize_buy":0.787697833029427,"normalized_ads_buy":0.2222222222222222,"normalized_prize_rent":null,"normalized_ads_rent":0,"date":"2018-12-04T03:16:56.000Z","fill-opacity":0.6301582664235417,"fill":"#ff0000"},"bbox":[-3.87147,40.4611,-3.877,40.4667],"geometry":{"type":"Polygon","coordinates":[[[-3.87147,40.4667],[-3.877,40.4667],[-3.877,40.4611],[-3.87147,40.4611],[-3.87147,40.4667]]]}},{"type":"Feature","properties":{"name":"Majadahonda--piece--2-4--gCloud","number_of_ads_buy":5,"average_prize_buy":3970.52,"number_of_ads_rent":1,"average_prize_rent":7.86802,"normalized_prize_buy":1,"normalized_ads_buy":0.18518518518518517,"normalized_prize_rent":null,"normalized_ads_rent":0.037037037037037035,"date":"2018-12-04T03:17:06.000Z","fill-opacity":0.8,"fill":"#ff0000"},"bbox":[-3.87147,40.4554,-3.877,40.4611],"geometry":{"type":"Polygon","coordinates":[[[-3.87147,40.4611],[-3.877,40.4611],[-3.877,40.4554],[-3.87147,40.4554],[-3.87147,40.4611]]]}},{"type":"Feature","properties":{"name":"Majadahonda--piece--2-5--gCloud","number_of_ads_buy":4,"average_prize_buy":3333.23,"number_of_ads_rent":1,"average_prize_rent":15,"normalized_prize_buy":0.8394945750178818,"normalized_ads_buy":0.14814814814814814,"normalized_prize_rent":null,"normalized_ads_rent":0.037037037037037035,"date":"2018-12-04T03:17:11.000Z","fill-opacity":0.6715956600143055,"fill":"#ff0000"},"bbox":[-3.87147,40.4498,-3.877,40.4554],"geometry":{"type":"Polygon","coordinates":[[[-3.87147,40.4554],[-3.877,40.4554],[-3.877,40.4498],[-3.87147,40.4498],[-3.87147,40.4554]]]}},{"type":"Feature","properties":{"name":"Majadahonda--piece--2-6--gCloud","number_of_ads_buy":0,"average_prize_buy":0,"number_of_ads_rent":0,"average_prize_rent":0,"normalized_prize_buy":0,"normalized_ads_buy":0,"normalized_prize_rent":null,"normalized_ads_rent":0,"date":"2018-12-04T03:17:17.000Z","fill-opacity":0,"fill":"#ff0000"},"bbox":[-3.87147,40.4441,-3.877,40.4498],"geometry":{"type":"Polygon","coordinates":[[[-3.87147,40.4498],[-3.877,40.4498],[-3.877,40.4441],[-3.87147,40.4441],[-3.87147,40.4498]]]}},{"type":"Feature","properties":{"name":"Majadahonda--piece--3-0--gCloud","number_of_ads_buy":17,"average_prize_buy":2376.34,"number_of_ads_rent":2,"average_prize_rent":11.7241,"normalized_prize_buy":0.5984959148927597,"normalized_ads_buy":0.6296296296296297,"normalized_prize_rent":null,"normalized_ads_rent":0.07407407407407407,"date":"2018-12-04T03:17:23.000Z","fill-opacity":0.47879673191420774,"fill":"#ff0000"},"bbox":[-3.86594,40.4781,-3.87147,40.4837],"geometry":{"type":"Polygon","coordinates":[[[-3.86594,40.4837],[-3.87147,40.4837],[-3.87147,40.4781],[-3.86594,40.4781],[-3.86594,40.4837]]]}},{"type":"Feature","properties":{"name":"Majadahonda--piece--3-1--gCloud","number_of_ads_buy":19,"average_prize_buy":2869.96,"number_of_ads_rent":6,"average_prize_rent":12.0151,"normalized_prize_buy":0.7228171624875331,"normalized_ads_buy":0.7037037037037037,"normalized_prize_rent":null,"normalized_ads_rent":0.2222222222222222,"date":"2018-12-04T03:17:33.000Z","fill-opacity":0.5782537299900266,"fill":"#ff0000"},"bbox":[-3.86594,40.4724,-3.87147,40.4781],"geometry":{"type":"Polygon","coordinates":[[[-3.86594,40.4781],[-3.87147,40.4781],[-3.87147,40.4724],[-3.86594,40.4724],[-3.86594,40.4781]]]}},{"type":"Feature","properties":{"name":"Majadahonda--piece--3-2--gCloud","number_of_ads_buy":15,"average_prize_buy":3216.14,"number_of_ads_rent":1,"average_prize_rent":13.2,"normalized_prize_buy":0.8100047348961849,"normalized_ads_buy":0.5555555555555556,"normalized_prize_rent":null,"normalized_ads_rent":0.037037037037037035,"date":"2018-12-04T03:17:39.000Z","fill-opacity":0.6480037879169479,"fill":"#ff0000"},"bbox":[-3.86594,40.4667,-3.87147,40.4724],"geometry":{"type":"Polygon","coordinates":[[[-3.86594,40.4724],[-3.87147,40.4724],[-3.87147,40.4667],[-3.86594,40.4667],[-3.86594,40.4724]]]}},{"type":"Feature","properties":{"name":"Majadahonda--piece--3-3--gCloud","number_of_ads_buy":6,"average_prize_buy":3471.24,"number_of_ads_rent":2,"average_prize_rent":14.4244,"normalized_prize_buy":0.8742532464261608,"normalized_ads_buy":0.2222222222222222,"normalized_prize_rent":null,"normalized_ads_rent":0.07407407407407407,"date":"2018-12-04T03:17:44.000Z","fill-opacity":0.6994025971409287,"fill":"#ff0000"},"bbox":[-3.86594,40.4611,-3.87147,40.4667],"geometry":{"type":"Polygon","coordinates":[[[-3.86594,40.4667],[-3.87147,40.4667],[-3.87147,40.4611],[-3.86594,40.4611],[-3.86594,40.4667]]]}},{"type":"Feature","properties":{"name":"Majadahonda--piece--3-4--gCloud","number_of_ads_buy":4,"average_prize_buy":3050.28,"number_of_ads_rent":4,"average_prize_rent":10.8182,"normalized_prize_buy":0.7682318688735985,"normalized_ads_buy":0.14814814814814814,"normalized_prize_rent":null,"normalized_ads_rent":0.14814814814814814,"date":"2018-12-04T03:17:50.000Z","fill-opacity":0.6145854950988788,"fill":"#ff0000"},"bbox":[-3.86594,40.4554,-3.87147,40.4611],"geometry":{"type":"Polygon","coordinates":[[[-3.86594,40.4611],[-3.87147,40.4611],[-3.87147,40.4554],[-3.86594,40.4554],[-3.86594,40.4611]]]}},{"type":"Feature","properties":{"name":"Majadahonda--piece--3-5--gCloud","number_of_ads_buy":11,"average_prize_buy":2275.62,"number_of_ads_rent":12,"average_prize_rent":11.9599,"normalized_prize_buy":0.5731289604384312,"normalized_ads_buy":0.4074074074074074,"normalized_prize_rent":null,"normalized_ads_rent":0.4444444444444444,"date":"2018-12-04T03:17:59.000Z","fill-opacity":0.458503168350745,"fill":"#ff0000"},"bbox":[-3.86594,40.4498,-3.87147,40.4554],"geometry":{"type":"Polygon","coordinates":[[[-3.86594,40.4554],[-3.87147,40.4554],[-3.87147,40.4498],[-3.86594,40.4498],[-3.86594,40.4554]]]}},{"type":"Feature","properties":{"name":"Majadahonda--piece--3-6--gCloud","number_of_ads_buy":6,"average_prize_buy":3662.26,"number_of_ads_rent":4,"average_prize_rent":12.7423,"normalized_prize_buy":0.9223628139387285,"normalized_ads_buy":0.2222222222222222,"normalized_prize_rent":null,"normalized_ads_rent":0.14814814814814814,"date":"2018-12-04T03:18:05.000Z","fill-opacity":0.7378902511509828,"fill":"#ff0000"},"bbox":[-3.86594,40.4441,-3.87147,40.4498],"geometry":{"type":"Polygon","coordinates":[[[-3.86594,40.4498],[-3.87147,40.4498],[-3.87147,40.4441],[-3.86594,40.4441],[-3.86594,40.4498]]]}},{"type":"Feature","properties":{"name":"Majadahonda--piece--4-0--gCloud","number_of_ads_buy":12,"average_prize_buy":2277.13,"number_of_ads_rent":3,"average_prize_rent":10.9094,"normalized_prize_buy":0.5735092632703022,"normalized_ads_buy":0.4444444444444444,"normalized_prize_rent":null,"normalized_ads_rent":0.1111111111111111,"date":"2018-12-04T03:18:11.000Z","fill-opacity":0.45880741061624175,"fill":"#ff0000"},"bbox":[-3.86041,40.4781,-3.86594,40.4837],"geometry":{"type":"Polygon","coordinates":[[[-3.86041,40.4837],[-3.86594,40.4837],[-3.86594,40.4781],[-3.86041,40.4781],[-3.86041,40.4837]]]}},{"type":"Feature","properties":{"name":"Majadahonda--piece--4-1--gCloud","number_of_ads_buy":7,"average_prize_buy":2135.25,"number_of_ads_rent":2,"average_prize_rent":12.9688,"normalized_prize_buy":0.5377759084452415,"normalized_ads_buy":0.25925925925925924,"normalized_prize_rent":null,"normalized_ads_rent":0.07407407407407407,"date":"2018-12-04T03:18:17.000Z","fill-opacity":0.4302207267561932,"fill":"#ff0000"},"bbox":[-3.86041,40.4724,-3.86594,40.4781],"geometry":{"type":"Polygon","coordinates":[[[-3.86041,40.4781],[-3.86594,40.4781],[-3.86594,40.4724],[-3.86041,40.4724],[-3.86041,40.4781]]]}},{"type":"Feature","properties":{"name":"Majadahonda--piece--4-2--gCloud","number_of_ads_buy":9,"average_prize_buy":2230.31,"number_of_ads_rent":1,"average_prize_rent":7.50853,"normalized_prize_buy":0.5617173569205041,"normalized_ads_buy":0.3333333333333333,"normalized_prize_rent":null,"normalized_ads_rent":0.037037037037037035,"date":"2018-12-04T03:18:23.000Z","fill-opacity":0.4493738855364033,"fill":"#ff0000"},"bbox":[-3.86041,40.4667,-3.86594,40.4724],"geometry":{"type":"Polygon","coordinates":[[[-3.86041,40.4724],[-3.86594,40.4724],[-3.86594,40.4667],[-3.86041,40.4667],[-3.86041,40.4724]]]}},{"type":"Feature","properties":{"name":"Majadahonda--piece--4-3--gCloud","number_of_ads_buy":12,"average_prize_buy":1430.43,"number_of_ads_rent":4,"average_prize_rent":11.1497,"normalized_prize_buy":0.36026263562455296,"normalized_ads_buy":0.4444444444444444,"normalized_prize_rent":null,"normalized_ads_rent":0.14814814814814814,"date":"2018-12-04T03:18:32.000Z","fill-opacity":0.2882101084996424,"fill":"#ff0000"},"bbox":[-3.86041,40.4611,-3.86594,40.4667],"geometry":{"type":"Polygon","coordinates":[[[-3.86041,40.4667],[-3.86594,40.4667],[-3.86594,40.4611],[-3.86041,40.4611],[-3.86041,40.4667]]]}},{"type":"Feature","properties":{"name":"Majadahonda--piece--4-4--gCloud","number_of_ads_buy":15,"average_prize_buy":3808.14,"number_of_ads_rent":11,"average_prize_rent":12.5844,"normalized_prize_buy":0.9591035934839769,"normalized_ads_buy":0.5555555555555556,"normalized_prize_rent":null,"normalized_ads_rent":0.4074074074074074,"date":"2018-12-04T03:18:38.000Z","fill-opacity":0.7672828747871816,"fill":"#ff0000"},"bbox":[-3.86041,40.4554,-3.86594,40.4611],"geometry":{"type":"Polygon","coordinates":[[[-3.86041,40.4611],[-3.86594,40.4611],[-3.86594,40.4554],[-3.86041,40.4554],[-3.86041,40.4611]]]}},{"type":"Feature","properties":{"name":"Majadahonda--piece--4-5--gCloud","number_of_ads_buy":5,"average_prize_buy":3521.97,"number_of_ads_rent":4,"average_prize_rent":12.3825,"normalized_prize_buy":0.8870299104399423,"normalized_ads_buy":0.18518518518518517,"normalized_prize_rent":null,"normalized_ads_rent":0.14814814814814814,"date":"2018-12-04T03:18:43.000Z","fill-opacity":0.7096239283519539,"fill":"#ff0000"},"bbox":[-3.86041,40.4498,-3.86594,40.4554],"geometry":{"type":"Polygon","coordinates":[[[-3.86041,40.4554],[-3.86594,40.4554],[-3.86594,40.4498],[-3.86041,40.4498],[-3.86041,40.4554]]]}},{"type":"Feature","properties":{"name":"Majadahonda--piece--4-6--gCloud","number_of_ads_buy":10,"average_prize_buy":3695.38,"number_of_ads_rent":7,"average_prize_rent":10.3166,"normalized_prize_buy":0.9307042906218833,"normalized_ads_buy":0.37037037037037035,"normalized_prize_rent":null,"normalized_ads_rent":0.25925925925925924,"date":"2018-12-04T03:18:49.000Z","fill-opacity":0.7445634324975067,"fill":"#ff0000"},"bbox":[-3.86041,40.4441,-3.86594,40.4498],"geometry":{"type":"Polygon","coordinates":[[[-3.86041,40.4498],[-3.86594,40.4498],[-3.86594,40.4441],[-3.86041,40.4441],[-3.86041,40.4498]]]}},{"type":"Feature","properties":{"name":"Majadahonda--piece--5-0--gCloud","number_of_ads_buy":9,"average_prize_buy":1504.75,"number_of_ads_rent":9,"average_prize_rent":7.98583,"normalized_prize_buy":0.37898058692564196,"normalized_ads_buy":0.3333333333333333,"normalized_prize_rent":null,"normalized_ads_rent":0.3333333333333333,"date":"2018-12-04T03:18:55.000Z","fill-opacity":0.3031844695405136,"fill":"#ff0000"},"bbox":[-3.85488,40.4781,-3.86041,40.4837],"geometry":{"type":"Polygon","coordinates":[[[-3.85488,40.4837],[-3.86041,40.4837],[-3.86041,40.4781],[-3.85488,40.4781],[-3.85488,40.4837]]]}},{"type":"Feature","properties":{"name":"Majadahonda--piece--5-1--gCloud","number_of_ads_buy":13,"average_prize_buy":1772.91,"number_of_ads_rent":3,"average_prize_rent":7.17953,"normalized_prize_buy":0.446518340167031,"normalized_ads_buy":0.48148148148148145,"normalized_prize_rent":null,"normalized_ads_rent":0.1111111111111111,"date":"2018-12-04T03:19:04.000Z","fill-opacity":0.35721467213362484,"fill":"#ff0000"},"bbox":[-3.85488,40.4724,-3.86041,40.4781],"geometry":{"type":"Polygon","coordinates":[[[-3.85488,40.4781],[-3.86041,40.4781],[-3.86041,40.4724],[-3.85488,40.4724],[-3.85488,40.4781]]]}},{"type":"Feature","properties":{"name":"Majadahonda--piece--5-2--gCloud","number_of_ads_buy":16,"average_prize_buy":2126.45,"number_of_ads_rent":2,"average_prize_rent":13.5846,"normalized_prize_buy":0.5355595740608282,"normalized_ads_buy":0.5925925925925926,"normalized_prize_rent":null,"normalized_ads_rent":0.07407407407407407,"date":"2018-12-04T03:19:12.000Z","fill-opacity":0.42844765924866257,"fill":"#ff0000"},"bbox":[-3.85488,40.4667,-3.86041,40.4724],"geometry":{"type":"Polygon","coordinates":[[[-3.85488,40.4724],[-3.86041,40.4724],[-3.86041,40.4667],[-3.85488,40.4667],[-3.85488,40.4724]]]}},{"type":"Feature","properties":{"name":"Majadahonda--piece--5-3--gCloud","number_of_ads_buy":13,"average_prize_buy":3637.02,"number_of_ads_rent":10,"average_prize_rent":14.1241,"normalized_prize_buy":0.9160059639543435,"normalized_ads_buy":0.48148148148148145,"normalized_prize_rent":null,"normalized_ads_rent":0.37037037037037035,"date":"2018-12-04T03:19:19.000Z","fill-opacity":0.7328047711634749,"fill":"#ff0000"},"bbox":[-3.85488,40.4611,-3.86041,40.4667],"geometry":{"type":"Polygon","coordinates":[[[-3.85488,40.4667],[-3.86041,40.4667],[-3.86041,40.4611],[-3.85488,40.4611],[-3.85488,40.4667]]]}},{"type":"Feature","properties":{"name":"Majadahonda--piece--5-4--gCloud","number_of_ads_buy":6,"average_prize_buy":3226.35,"number_of_ads_rent":0,"average_prize_rent":0,"normalized_prize_buy":0.8125761864944642,"normalized_ads_buy":0.2222222222222222,"normalized_prize_rent":null,"normalized_ads_rent":0,"date":"2018-12-04T03:19:24.000Z","fill-opacity":0.6500609491955713,"fill":"#ff0000"},"bbox":[-3.85488,40.4554,-3.86041,40.4611],"geometry":{"type":"Polygon","coordinates":[[[-3.85488,40.4611],[-3.86041,40.4611],[-3.86041,40.4554],[-3.85488,40.4554],[-3.85488,40.4611]]]}},{"type":"Feature","properties":{"name":"Majadahonda--piece--5-5--gCloud","number_of_ads_buy":5,"average_prize_buy":2896.73,"number_of_ads_rent":3,"average_prize_rent":10.447,"normalized_prize_buy":0.7295593524273899,"normalized_ads_buy":0.18518518518518517,"normalized_prize_rent":null,"normalized_ads_rent":0.1111111111111111,"date":"2018-12-04T03:19:33.000Z","fill-opacity":0.583647481941912,"fill":"#ff0000"},"bbox":[-3.85488,40.4498,-3.86041,40.4554],"geometry":{"type":"Polygon","coordinates":[[[-3.85488,40.4554],[-3.86041,40.4554],[-3.86041,40.4498],[-3.85488,40.4498],[-3.85488,40.4554]]]}},{"type":"Feature","properties":{"name":"Majadahonda--piece--5-6--gCloud","number_of_ads_buy":4,"average_prize_buy":3331.73,"number_of_ads_rent":1,"average_prize_rent":11.2782,"normalized_prize_buy":0.8391167907478114,"normalized_ads_buy":0.14814814814814814,"normalized_prize_rent":null,"normalized_ads_rent":0.037037037037037035,"date":"2018-12-04T03:19:41.000Z","fill-opacity":0.6712934325982491,"fill":"#ff0000"},"bbox":[-3.85488,40.4441,-3.86041,40.4498],"geometry":{"type":"Polygon","coordinates":[[[-3.85488,40.4498],[-3.86041,40.4498],[-3.86041,40.4441],[-3.85488,40.4441],[-3.85488,40.4498]]]}},{"type":"Feature","properties":{"name":"Majadahonda--piece--6-0--gCloud","number_of_ads_buy":4,"average_prize_buy":1818.41,"number_of_ads_rent":0,"average_prize_rent":0,"normalized_prize_buy":0.4579777963591671,"normalized_ads_buy":0.14814814814814814,"normalized_prize_rent":null,"normalized_ads_rent":0,"date":"2018-12-04T03:19:50.000Z","fill-opacity":0.3663822370873337,"fill":"#ff0000"},"bbox":[-3.84935,40.4781,-3.85488,40.4837],"geometry":{"type":"Polygon","coordinates":[[[-3.84935,40.4837],[-3.85488,40.4837],[-3.85488,40.4781],[-3.84935,40.4781],[-3.84935,40.4837]]]}},{"type":"Feature","properties":{"name":"Majadahonda--piece--6-1--gCloud","number_of_ads_buy":12,"average_prize_buy":2266.67,"number_of_ads_rent":4,"average_prize_rent":11.1658,"normalized_prize_buy":0.5708748476270111,"normalized_ads_buy":0.4444444444444444,"normalized_prize_rent":null,"normalized_ads_rent":0.14814814814814814,"date":"2018-12-04T03:19:59.000Z","fill-opacity":0.45669987810160895,"fill":"#ff0000"},"bbox":[-3.84935,40.4724,-3.85488,40.4781],"geometry":{"type":"Polygon","coordinates":[[[-3.84935,40.4781],[-3.85488,40.4781],[-3.85488,40.4724],[-3.84935,40.4724],[-3.84935,40.4781]]]}},{"type":"Feature","properties":{"name":"Majadahonda--piece--6-2--gCloud","number_of_ads_buy":14,"average_prize_buy":3122.26,"number_of_ads_rent":4,"average_prize_rent":9.81219,"normalized_prize_buy":0.7863604767133776,"normalized_ads_buy":0.5185185185185185,"normalized_prize_rent":null,"normalized_ads_rent":0.14814814814814814,"date":"2018-12-04T03:20:08.000Z","fill-opacity":0.6290883813707021,"fill":"#ff0000"},"bbox":[-3.84935,40.4667,-3.85488,40.4724],"geometry":{"type":"Polygon","coordinates":[[[-3.84935,40.4724],[-3.85488,40.4724],[-3.85488,40.4667],[-3.84935,40.4667],[-3.84935,40.4724]]]}},{"type":"Feature","properties":{"name":"Majadahonda--piece--6-3--gCloud","number_of_ads_buy":0,"average_prize_buy":0,"number_of_ads_rent":0,"average_prize_rent":0,"normalized_prize_buy":0,"normalized_ads_buy":0,"normalized_prize_rent":null,"normalized_ads_rent":0,"date":"2018-12-04T03:20:19.000Z","fill-opacity":0,"fill":"#ff0000"},"bbox":[-3.84935,40.4611,-3.85488,40.4667],"geometry":{"type":"Polygon","coordinates":[[[-3.84935,40.4667],[-3.85488,40.4667],[-3.85488,40.4611],[-3.84935,40.4611],[-3.84935,40.4667]]]}},{"type":"Feature","properties":{"name":"Majadahonda--piece--6-4--gCloud","number_of_ads_buy":5,"average_prize_buy":510.732,"number_of_ads_rent":0,"average_prize_rent":0,"normalized_prize_buy":0.12863101054773682,"normalized_ads_buy":0.18518518518518517,"normalized_prize_rent":null,"normalized_ads_rent":0,"date":"2018-12-04T03:20:27.000Z","fill-opacity":0.10290480843818946,"fill":"#ff0000"},"bbox":[-3.84935,40.4554,-3.85488,40.4611],"geometry":{"type":"Polygon","coordinates":[[[-3.84935,40.4611],[-3.85488,40.4611],[-3.85488,40.4554],[-3.84935,40.4554],[-3.84935,40.4611]]]}},{"type":"Feature","properties":{"name":"Majadahonda--piece--6-5--gCloud","number_of_ads_buy":0,"average_prize_buy":0,"number_of_ads_rent":0,"average_prize_rent":0,"normalized_prize_buy":0,"normalized_ads_buy":0,"normalized_prize_rent":null,"normalized_ads_rent":0,"date":"2018-12-04T03:20:33.000Z","fill-opacity":0,"fill":"#ff0000"},"bbox":[-3.84935,40.4498,-3.85488,40.4554],"geometry":{"type":"Polygon","coordinates":[[[-3.84935,40.4554],[-3.85488,40.4554],[-3.85488,40.4498],[-3.84935,40.4498],[-3.84935,40.4554]]]}},{"type":"Feature","properties":{"name":"Majadahonda--piece--6-6--gCloud","number_of_ads_buy":0,"average_prize_buy":0,"number_of_ads_rent":0,"average_prize_rent":0,"normalized_prize_buy":0,"normalized_ads_buy":0,"normalized_prize_rent":null,"normalized_ads_rent":0,"date":"2018-12-04T03:20:38.000Z","fill-opacity":0,"fill":"#ff0000"},"bbox":[-3.84935,40.4441,-3.85488,40.4498],"geometry":{"type":"Polygon","coordinates":[[[-3.84935,40.4498],[-3.85488,40.4498],[-3.85488,40.4441],[-3.84935,40.4441],[-3.84935,40.4498]]]}},{"type":"Feature","properties":{"name":"Majadahonda--piece--7-0--gCloud","number_of_ads_buy":0,"average_prize_buy":0,"number_of_ads_rent":0,"average_prize_rent":0,"normalized_prize_buy":0,"normalized_ads_buy":0,"normalized_prize_rent":null,"normalized_ads_rent":0,"date":"2018-12-04T03:20:43.000Z","fill-opacity":0,"fill":"#ff0000"},"bbox":[-3.84382,40.4781,-3.84935,40.4837],"geometry":{"type":"Polygon","coordinates":[[[-3.84382,40.4837],[-3.84935,40.4837],[-3.84935,40.4781],[-3.84382,40.4781],[-3.84382,40.4837]]]}},{"type":"Feature","properties":{"name":"Majadahonda--piece--7-1--gCloud","number_of_ads_buy":9,"average_prize_buy":2103.61,"number_of_ads_rent":0,"average_prize_rent":0,"normalized_prize_buy":0.5298071789085561,"normalized_ads_buy":0.3333333333333333,"normalized_prize_rent":null,"normalized_ads_rent":0,"date":"2018-12-04T03:20:53.000Z","fill-opacity":0.4238457431268449,"fill":"#ff0000"},"bbox":[-3.84382,40.4724,-3.84935,40.4781],"geometry":{"type":"Polygon","coordinates":[[[-3.84382,40.4781],[-3.84935,40.4781],[-3.84935,40.4724],[-3.84382,40.4724],[-3.84382,40.4781]]]}},{"type":"Feature","properties":{"name":"Majadahonda--piece--7-2--gCloud","number_of_ads_buy":0,"average_prize_buy":0,"number_of_ads_rent":0,"average_prize_rent":0,"normalized_prize_buy":0,"normalized_ads_buy":0,"normalized_prize_rent":null,"normalized_ads_rent":0,"date":"2018-12-04T03:20:59.000Z","fill-opacity":0,"fill":"#ff0000"},"bbox":[-3.84382,40.4667,-3.84935,40.4724],"geometry":{"type":"Polygon","coordinates":[[[-3.84382,40.4724],[-3.84935,40.4724],[-3.84935,40.4667],[-3.84382,40.4667],[-3.84382,40.4724]]]}},{"type":"Feature","properties":{"name":"Majadahonda--piece--7-3--gCloud","number_of_ads_buy":0,"average_prize_buy":0,"number_of_ads_rent":0,"average_prize_rent":0,"normalized_prize_buy":0,"normalized_ads_buy":0,"normalized_prize_rent":null,"normalized_ads_rent":0,"date":"2018-12-04T03:21:08.000Z","fill-opacity":0,"fill":"#ff0000"},"bbox":[-3.84382,40.4611,-3.84935,40.4667],"geometry":{"type":"Polygon","coordinates":[[[-3.84382,40.4667],[-3.84935,40.4667],[-3.84935,40.4611],[-3.84382,40.4611],[-3.84382,40.4667]]]}},{"type":"Feature","properties":{"name":"Majadahonda--piece--7-4--gCloud","number_of_ads_buy":0,"average_prize_buy":0,"number_of_ads_rent":0,"average_prize_rent":0,"normalized_prize_buy":0,"normalized_ads_buy":0,"normalized_prize_rent":null,"normalized_ads_rent":0,"date":"2018-12-04T03:21:13.000Z","fill-opacity":0,"fill":"#ff0000"},"bbox":[-3.84382,40.4554,-3.84935,40.4611],"geometry":{"type":"Polygon","coordinates":[[[-3.84382,40.4611],[-3.84935,40.4611],[-3.84935,40.4554],[-3.84382,40.4554],[-3.84382,40.4611]]]}},{"type":"Feature","properties":{"name":"Majadahonda--piece--7-5--gCloud","number_of_ads_buy":1,"average_prize_buy":3.17848,"number_of_ads_rent":0,"average_prize_rent":0,"normalized_prize_buy":0.0008005198311556168,"normalized_ads_buy":0.037037037037037035,"normalized_prize_rent":null,"normalized_ads_rent":0,"date":"2018-12-04T03:21:22.000Z","fill-opacity":0.0006404158649244935,"fill":"#ff0000"},"bbox":[-3.84382,40.4498,-3.84935,40.4554],"geometry":{"type":"Polygon","coordinates":[[[-3.84382,40.4554],[-3.84935,40.4554],[-3.84935,40.4498],[-3.84382,40.4498],[-3.84382,40.4554]]]}},{"type":"Feature","properties":{"name":"Majadahonda--piece--7-6--gCloud","number_of_ads_buy":6,"average_prize_buy":608.981,"number_of_ads_rent":1,"average_prize_rent":11.5016,"normalized_prize_buy":0.15337562838116922,"normalized_ads_buy":0.2222222222222222,"normalized_prize_rent":null,"normalized_ads_rent":0.037037037037037035,"date":"2018-12-04T03:21:28.000Z","fill-opacity":0.12270050270493538,"fill":"#ff0000"},"bbox":[-3.84382,40.4441,-3.84935,40.4498],"geometry":{"type":"Polygon","coordinates":[[[-3.84382,40.4498],[-3.84935,40.4498],[-3.84935,40.4441],[-3.84382,40.4441],[-3.84382,40.4498]]]}},{"type":"Feature","properties":{"name":"Majadahonda--piece--8-0--gCloud","number_of_ads_buy":0,"average_prize_buy":0,"number_of_ads_rent":0,"average_prize_rent":0,"normalized_prize_buy":0,"normalized_ads_buy":0,"normalized_prize_rent":null,"normalized_ads_rent":0,"date":"2018-12-04T03:21:36.000Z","fill-opacity":0,"fill":"#ff0000"},"bbox":[-3.83829,40.4781,-3.84382,40.4837],"geometry":{"type":"Polygon","coordinates":[[[-3.83829,40.4837],[-3.84382,40.4837],[-3.84382,40.4781],[-3.83829,40.4781],[-3.83829,40.4837]]]}},{"type":"Feature","properties":{"name":"Majadahonda--piece--8-1--gCloud","number_of_ads_buy":6,"average_prize_buy":2059.38,"number_of_ads_rent":1,"average_prize_rent":8.4375,"normalized_prize_buy":0.5186675800650796,"normalized_ads_buy":0.2222222222222222,"normalized_prize_rent":null,"normalized_ads_rent":0.037037037037037035,"date":"2018-12-04T03:21:49.000Z","fill-opacity":0.41493406405206373,"fill":"#ff0000"},"bbox":[-3.83829,40.4724,-3.84382,40.4781],"geometry":{"type":"Polygon","coordinates":[[[-3.83829,40.4781],[-3.84382,40.4781],[-3.84382,40.4724],[-3.83829,40.4724],[-3.83829,40.4781]]]}},{"type":"Feature","properties":{"name":"Majadahonda--piece--8-2--gCloud","number_of_ads_buy":0,"average_prize_buy":0,"number_of_ads_rent":0,"average_prize_rent":0,"normalized_prize_buy":0,"normalized_ads_buy":0,"normalized_prize_rent":null,"normalized_ads_rent":0,"date":"2018-12-04T03:21:57.000Z","fill-opacity":0,"fill":"#ff0000"},"bbox":[-3.83829,40.4667,-3.84382,40.4724],"geometry":{"type":"Polygon","coordinates":[[[-3.83829,40.4724],[-3.84382,40.4724],[-3.84382,40.4667],[-3.83829,40.4667],[-3.83829,40.4724]]]}},{"type":"Feature","properties":{"name":"Majadahonda--piece--8-3--gCloud","number_of_ads_buy":0,"average_prize_buy":0,"number_of_ads_rent":0,"average_prize_rent":0,"normalized_prize_buy":0,"normalized_ads_buy":0,"normalized_prize_rent":null,"normalized_ads_rent":0,"date":"2018-12-04T03:22:03.000Z","fill-opacity":0,"fill":"#ff0000"},"bbox":[-3.83829,40.4611,-3.84382,40.4667],"geometry":{"type":"Polygon","coordinates":[[[-3.83829,40.4667],[-3.84382,40.4667],[-3.84382,40.4611],[-3.83829,40.4611],[-3.83829,40.4667]]]}},{"type":"Feature","properties":{"name":"Majadahonda--piece--8-4--gCloud","number_of_ads_buy":0,"average_prize_buy":0,"number_of_ads_rent":0,"average_prize_rent":0,"normalized_prize_buy":0,"normalized_ads_buy":0,"normalized_prize_rent":null,"normalized_ads_rent":0,"date":"2018-12-04T03:22:08.000Z","fill-opacity":0,"fill":"#ff0000"},"bbox":[-3.83829,40.4554,-3.84382,40.4611],"geometry":{"type":"Polygon","coordinates":[[[-3.83829,40.4611],[-3.84382,40.4611],[-3.84382,40.4554],[-3.83829,40.4554],[-3.83829,40.4611]]]}},{"type":"Feature","properties":{"name":"Majadahonda--piece--8-5--gCloud","number_of_ads_buy":0,"average_prize_buy":0,"number_of_ads_rent":0,"average_prize_rent":0,"normalized_prize_buy":0,"normalized_ads_buy":0,"normalized_prize_rent":null,"normalized_ads_rent":0,"date":"2018-12-04T03:22:17.000Z","fill-opacity":0,"fill":"#ff0000"},"bbox":[-3.83829,40.4498,-3.84382,40.4554],"geometry":{"type":"Polygon","coordinates":[[[-3.83829,40.4554],[-3.84382,40.4554],[-3.84382,40.4498],[-3.83829,40.4498],[-3.83829,40.4554]]]}},{"type":"Feature","properties":{"name":"Majadahonda--piece--8-6--gCloud","number_of_ads_buy":3,"average_prize_buy":753.482,"number_of_ads_rent":0,"average_prize_rent":0,"normalized_prize_buy":0.18976909825413296,"normalized_ads_buy":0.1111111111111111,"normalized_prize_rent":null,"normalized_ads_rent":0,"date":"2018-12-04T03:22:26.000Z","fill-opacity":0.15181527860330638,"fill":"#ff0000"},"bbox":[-3.83829,40.4441,-3.84382,40.4498],"geometry":{"type":"Polygon","coordinates":[[[-3.83829,40.4498],[-3.84382,40.4498],[-3.84382,40.4441],[-3.83829,40.4441],[-3.83829,40.4498]]]}}]}