{"type":"FeatureCollection","features":[{"type":"Feature","properties":{"name":"Mejorada del Campo--piece--0-0--gCloud","number_of_ads_buy":0,"average_prize_buy":0,"number_of_ads_rent":0,"average_prize_rent":0,"normalized_prize_buy":0,"normalized_ads_buy":0,"normalized_prize_rent":null,"normalized_ads_rent":0,"date":"2018-12-04T03:22:35.000Z","fill-opacity":0,"fill":"#ff0000"},"bbox":[-3.49082,40.4166,-3.49584,40.4222],"geometry":{"type":"Polygon","coordinates":[[[-3.49082,40.4222],[-3.49584,40.4222],[-3.49584,40.4166],[-3.49082,40.4166],[-3.49082,40.4222]]]}},{"type":"Feature","properties":{"name":"Mejorada del Campo--piece--0-1--gCloud","number_of_ads_buy":0,"average_prize_buy":0,"number_of_ads_rent":0,"average_prize_rent":0,"normalized_prize_buy":0,"normalized_ads_buy":0,"normalized_prize_rent":null,"normalized_ads_rent":0,"date":"2018-12-04T03:22:41.000Z","fill-opacity":0,"fill":"#ff0000"},"bbox":[-3.49082,40.4111,-3.49584,40.4166],"geometry":{"type":"Polygon","coordinates":[[[-3.49082,40.4166],[-3.49584,40.4166],[-3.49584,40.4111],[-3.49082,40.4111],[-3.49082,40.4166]]]}},{"type":"Feature","properties":{"name":"Mejorada del Campo--piece--0-2--gCloud","number_of_ads_buy":0,"average_prize_buy":0,"number_of_ads_rent":0,"average_prize_rent":0,"normalized_prize_buy":0,"normalized_ads_buy":0,"normalized_prize_rent":null,"normalized_ads_rent":0,"date":"2018-12-04T03:22:46.000Z","fill-opacity":0,"fill":"#ff0000"},"bbox":[-3.49082,40.4056,-3.49584,40.4111],"geometry":{"type":"Polygon","coordinates":[[[-3.49082,40.4111],[-3.49584,40.4111],[-3.49584,40.4056],[-3.49082,40.4056],[-3.49082,40.4111]]]}},{"type":"Feature","properties":{"name":"Mejorada del Campo--piece--0-3--gCloud","number_of_ads_buy":0,"average_prize_buy":0,"number_of_ads_rent":0,"average_prize_rent":0,"normalized_prize_buy":0,"normalized_ads_buy":0,"normalized_prize_rent":null,"normalized_ads_rent":0,"date":"2018-12-04T03:22:55.000Z","fill-opacity":0,"fill":"#ff0000"},"bbox":[-3.49082,40.4,-3.49584,40.4056],"geometry":{"type":"Polygon","coordinates":[[[-3.49082,40.4056],[-3.49584,40.4056],[-3.49584,40.4],[-3.49082,40.4],[-3.49082,40.4056]]]}},{"type":"Feature","properties":{"name":"Mejorada del Campo--piece--0-4--gCloud","number_of_ads_buy":28,"average_prize_buy":1485.73,"number_of_ads_rent":0,"average_prize_rent":0,"normalized_prize_buy":0.6627042891807022,"normalized_ads_buy":0.9333333333333333,"normalized_prize_rent":null,"normalized_ads_rent":0,"date":"2018-12-04T03:23:01.000Z","fill-opacity":0.5301634313445618,"fill":"#ff0000"},"bbox":[-3.49082,40.3945,-3.49584,40.4],"geometry":{"type":"Polygon","coordinates":[[[-3.49082,40.4],[-3.49584,40.4],[-3.49584,40.3945],[-3.49082,40.3945],[-3.49082,40.4]]]}},{"type":"Feature","properties":{"name":"Mejorada del Campo--piece--0-5--gCloud","number_of_ads_buy":16,"average_prize_buy":1681.29,"number_of_ads_rent":0,"average_prize_rent":0,"normalized_prize_buy":0.7499330930630888,"normalized_ads_buy":0.5333333333333333,"normalized_prize_rent":null,"normalized_ads_rent":0,"date":"2018-12-04T03:23:07.000Z","fill-opacity":0.599946474450471,"fill":"#ff0000"},"bbox":[-3.49082,40.389,-3.49584,40.3945],"geometry":{"type":"Polygon","coordinates":[[[-3.49082,40.3945],[-3.49584,40.3945],[-3.49584,40.389],[-3.49082,40.389],[-3.49082,40.3945]]]}},{"type":"Feature","properties":{"name":"Mejorada del Campo--piece--0-6--gCloud","number_of_ads_buy":0,"average_prize_buy":0,"number_of_ads_rent":0,"average_prize_rent":0,"normalized_prize_buy":0,"normalized_ads_buy":0,"normalized_prize_rent":null,"normalized_ads_rent":0,"date":"2018-12-04T03:23:16.000Z","fill-opacity":0,"fill":"#ff0000"},"bbox":[-3.49082,40.3835,-3.49584,40.389],"geometry":{"type":"Polygon","coordinates":[[[-3.49082,40.389],[-3.49584,40.389],[-3.49584,40.3835],[-3.49082,40.3835],[-3.49082,40.389]]]}},{"type":"Feature","properties":{"name":"Mejorada del Campo--piece--1-0--gCloud","number_of_ads_buy":0,"average_prize_buy":0,"number_of_ads_rent":0,"average_prize_rent":0,"normalized_prize_buy":0,"normalized_ads_buy":0,"normalized_prize_rent":null,"normalized_ads_rent":0,"date":"2018-12-04T03:23:23.000Z","fill-opacity":0,"fill":"#ff0000"},"bbox":[-3.4858,40.4166,-3.49082,40.4222],"geometry":{"type":"Polygon","coordinates":[[[-3.4858,40.4222],[-3.49082,40.4222],[-3.49082,40.4166],[-3.4858,40.4166],[-3.4858,40.4222]]]}},{"type":"Feature","properties":{"name":"Mejorada del Campo--piece--1-1--gCloud","number_of_ads_buy":0,"average_prize_buy":0,"number_of_ads_rent":0,"average_prize_rent":0,"normalized_prize_buy":0,"normalized_ads_buy":0,"normalized_prize_rent":null,"normalized_ads_rent":0,"date":"2018-12-04T03:23:32.000Z","fill-opacity":0,"fill":"#ff0000"},"bbox":[-3.4858,40.4111,-3.49082,40.4166],"geometry":{"type":"Polygon","coordinates":[[[-3.4858,40.4166],[-3.49082,40.4166],[-3.49082,40.4111],[-3.4858,40.4111],[-3.4858,40.4166]]]}},{"type":"Feature","properties":{"name":"Mejorada del Campo--piece--1-2--gCloud","number_of_ads_buy":0,"average_prize_buy":0,"number_of_ads_rent":0,"average_prize_rent":0,"normalized_prize_buy":0,"normalized_ads_buy":0,"normalized_prize_rent":null,"normalized_ads_rent":0,"date":"2018-12-04T03:23:44.000Z","fill-opacity":0,"fill":"#ff0000"},"bbox":[-3.4858,40.4056,-3.49082,40.4111],"geometry":{"type":"Polygon","coordinates":[[[-3.4858,40.4111],[-3.49082,40.4111],[-3.49082,40.4056],[-3.4858,40.4056],[-3.4858,40.4111]]]}},{"type":"Feature","properties":{"name":"Mejorada del Campo--piece--1-3--gCloud","number_of_ads_buy":0,"average_prize_buy":0,"number_of_ads_rent":0,"average_prize_rent":0,"normalized_prize_buy":0,"normalized_ads_buy":0,"normalized_prize_rent":null,"normalized_ads_rent":0,"date":"2018-12-04T03:23:52.000Z","fill-opacity":0,"fill":"#ff0000"},"bbox":[-3.4858,40.4,-3.49082,40.4056],"geometry":{"type":"Polygon","coordinates":[[[-3.4858,40.4056],[-3.49082,40.4056],[-3.49082,40.4],[-3.4858,40.4],[-3.4858,40.4056]]]}},{"type":"Feature","properties":{"name":"Mejorada del Campo--piece--1-4--gCloud","number_of_ads_buy":30,"average_prize_buy":1640.77,"number_of_ads_rent":3,"average_prize_rent":7.32861,"normalized_prize_buy":0.7318592991721381,"normalized_ads_buy":1,"normalized_prize_rent":null,"normalized_ads_rent":0.1,"date":"2018-12-04T03:24:04.000Z","fill-opacity":0.5854874393377105,"fill":"#ff0000"},"bbox":[-3.4858,40.3945,-3.49082,40.4],"geometry":{"type":"Polygon","coordinates":[[[-3.4858,40.4],[-3.49082,40.4],[-3.49082,40.3945],[-3.4858,40.3945],[-3.4858,40.4]]]}},{"type":"Feature","properties":{"name":"Mejorada del Campo--piece--1-5--gCloud","number_of_ads_buy":18,"average_prize_buy":1521.39,"number_of_ads_rent":2,"average_prize_rent":8.17935,"normalized_prize_buy":0.6786102983157294,"normalized_ads_buy":0.6,"normalized_prize_rent":null,"normalized_ads_rent":0.06666666666666667,"date":"2018-12-04T03:24:17.000Z","fill-opacity":0.5428882386525835,"fill":"#ff0000"},"bbox":[-3.4858,40.389,-3.49082,40.3945],"geometry":{"type":"Polygon","coordinates":[[[-3.4858,40.3945],[-3.49082,40.3945],[-3.49082,40.389],[-3.4858,40.389],[-3.4858,40.3945]]]}},{"type":"Feature","properties":{"name":"Mejorada del Campo--piece--1-6--gCloud","number_of_ads_buy":2,"average_prize_buy":1375,"number_of_ads_rent":0,"average_prize_rent":0,"normalized_prize_buy":0.6133135883528404,"normalized_ads_buy":0.06666666666666667,"normalized_prize_rent":null,"normalized_ads_rent":0,"date":"2018-12-04T03:24:33.000Z","fill-opacity":0.49065087068227237,"fill":"#ff0000"},"bbox":[-3.4858,40.3835,-3.49082,40.389],"geometry":{"type":"Polygon","coordinates":[[[-3.4858,40.389],[-3.49082,40.389],[-3.49082,40.3835],[-3.4858,40.3835],[-3.4858,40.389]]]}},{"type":"Feature","properties":{"name":"Mejorada del Campo--piece--10-0--gCloud","number_of_ads_buy":0,"average_prize_buy":0,"number_of_ads_rent":0,"average_prize_rent":0,"normalized_prize_buy":0,"normalized_ads_buy":0,"normalized_prize_rent":null,"normalized_ads_rent":0,"date":"2018-12-04T03:24:41.000Z","fill-opacity":0,"fill":"#ff0000"},"bbox":[-3.44061,40.4166,-3.44563,40.4222],"geometry":{"type":"Polygon","coordinates":[[[-3.44061,40.4222],[-3.44563,40.4222],[-3.44563,40.4166],[-3.44061,40.4166],[-3.44061,40.4222]]]}},{"type":"Feature","properties":{"name":"Mejorada del Campo--piece--10-1--gCloud","number_of_ads_buy":2,"average_prize_buy":693.75,"number_of_ads_rent":0,"average_prize_rent":0,"normalized_prize_buy":0.30944458321438767,"normalized_ads_buy":0.06666666666666667,"normalized_prize_rent":null,"normalized_ads_rent":0,"date":"2018-12-04T03:24:51.000Z","fill-opacity":0.24755566657151015,"fill":"#ff0000"},"bbox":[-3.44061,40.4111,-3.44563,40.4166],"geometry":{"type":"Polygon","coordinates":[[[-3.44061,40.4166],[-3.44563,40.4166],[-3.44563,40.4111],[-3.44061,40.4111],[-3.44061,40.4166]]]}},{"type":"Feature","properties":{"name":"Mejorada del Campo--piece--10-2--gCloud","number_of_ads_buy":0,"average_prize_buy":0,"number_of_ads_rent":0,"average_prize_rent":0,"normalized_prize_buy":0,"normalized_ads_buy":0,"normalized_prize_rent":null,"normalized_ads_rent":0,"date":"2018-12-04T03:25:05.000Z","fill-opacity":0,"fill":"#ff0000"},"bbox":[-3.44061,40.4056,-3.44563,40.4111],"geometry":{"type":"Polygon","coordinates":[[[-3.44061,40.4111],[-3.44563,40.4111],[-3.44563,40.4056],[-3.44061,40.4056],[-3.44061,40.4111]]]}},{"type":"Feature","properties":{"name":"Mejorada del Campo--piece--10-3--gCloud","number_of_ads_buy":0,"average_prize_buy":0,"number_of_ads_rent":0,"average_prize_rent":0,"normalized_prize_buy":0,"normalized_ads_buy":0,"normalized_prize_rent":null,"normalized_ads_rent":0,"date":"2018-12-04T03:25:14.000Z","fill-opacity":0,"fill":"#ff0000"},"bbox":[-3.44061,40.4,-3.44563,40.4056],"geometry":{"type":"Polygon","coordinates":[[[-3.44061,40.4056],[-3.44563,40.4056],[-3.44563,40.4],[-3.44061,40.4],[-3.44061,40.4056]]]}},{"type":"Feature","properties":{"name":"Mejorada del Campo--piece--10-4--gCloud","number_of_ads_buy":0,"average_prize_buy":0,"number_of_ads_rent":0,"average_prize_rent":0,"normalized_prize_buy":0,"normalized_ads_buy":0,"normalized_prize_rent":null,"normalized_ads_rent":0,"date":"2018-12-04T03:25:24.000Z","fill-opacity":0,"fill":"#ff0000"},"bbox":[-3.44061,40.3945,-3.44563,40.4],"geometry":{"type":"Polygon","coordinates":[[[-3.44061,40.4],[-3.44563,40.4],[-3.44563,40.3945],[-3.44061,40.3945],[-3.44061,40.4]]]}},{"type":"Feature","properties":{"name":"Mejorada del Campo--piece--10-5--gCloud","number_of_ads_buy":0,"average_prize_buy":0,"number_of_ads_rent":0,"average_prize_rent":0,"normalized_prize_buy":0,"normalized_ads_buy":0,"normalized_prize_rent":null,"normalized_ads_rent":0,"date":"2018-12-04T03:25:33.000Z","fill-opacity":0,"fill":"#ff0000"},"bbox":[-3.44061,40.389,-3.44563,40.3945],"geometry":{"type":"Polygon","coordinates":[[[-3.44061,40.3945],[-3.44563,40.3945],[-3.44563,40.389],[-3.44061,40.389],[-3.44061,40.3945]]]}},{"type":"Feature","properties":{"name":"Mejorada del Campo--piece--10-6--gCloud","number_of_ads_buy":0,"average_prize_buy":0,"number_of_ads_rent":0,"average_prize_rent":0,"normalized_prize_buy":0,"normalized_ads_buy":0,"normalized_prize_rent":null,"normalized_ads_rent":0,"date":"2018-12-04T03:25:44.000Z","fill-opacity":0,"fill":"#ff0000"},"bbox":[-3.44061,40.3835,-3.44563,40.389],"geometry":{"type":"Polygon","coordinates":[[[-3.44061,40.389],[-3.44563,40.389],[-3.44563,40.3835],[-3.44061,40.3835],[-3.44061,40.389]]]}},{"type":"Feature","properties":{"name":"Mejorada del Campo--piece--2-0--gCloud","number_of_ads_buy":0,"average_prize_buy":0,"number_of_ads_rent":0,"average_prize_rent":0,"normalized_prize_buy":0,"normalized_ads_buy":0,"normalized_prize_rent":null,"normalized_ads_rent":0,"date":"2018-12-04T03:25:53.000Z","fill-opacity":0,"fill":"#ff0000"},"bbox":[-3.48078,40.4166,-3.4858,40.4222],"geometry":{"type":"Polygon","coordinates":[[[-3.48078,40.4222],[-3.4858,40.4222],[-3.4858,40.4166],[-3.48078,40.4166],[-3.48078,40.4222]]]}},{"type":"Feature","properties":{"name":"Mejorada del Campo--piece--2-1--gCloud","number_of_ads_buy":0,"average_prize_buy":0,"number_of_ads_rent":0,"average_prize_rent":0,"normalized_prize_buy":0,"normalized_ads_buy":0,"normalized_prize_rent":null,"normalized_ads_rent":0,"date":"2018-12-04T03:26:02.000Z","fill-opacity":0,"fill":"#ff0000"},"bbox":[-3.48078,40.4111,-3.4858,40.4166],"geometry":{"type":"Polygon","coordinates":[[[-3.48078,40.4166],[-3.4858,40.4166],[-3.4858,40.4111],[-3.48078,40.4111],[-3.48078,40.4166]]]}},{"type":"Feature","properties":{"name":"Mejorada del Campo--piece--2-2--gCloud","number_of_ads_buy":0,"average_prize_buy":0,"number_of_ads_rent":0,"average_prize_rent":0,"normalized_prize_buy":0,"normalized_ads_buy":0,"normalized_prize_rent":null,"normalized_ads_rent":0,"date":"2018-12-04T03:26:10.000Z","fill-opacity":0,"fill":"#ff0000"},"bbox":[-3.48078,40.4056,-3.4858,40.4111],"geometry":{"type":"Polygon","coordinates":[[[-3.48078,40.4111],[-3.4858,40.4111],[-3.4858,40.4056],[-3.48078,40.4056],[-3.48078,40.4111]]]}},{"type":"Feature","properties":{"name":"Mejorada del Campo--piece--2-3--gCloud","number_of_ads_buy":7,"average_prize_buy":1310.97,"number_of_ads_rent":0,"average_prize_rent":0,"normalized_prize_buy":0.5847532472166714,"normalized_ads_buy":0.23333333333333334,"normalized_prize_rent":null,"normalized_ads_rent":0,"date":"2018-12-04T03:26:17.000Z","fill-opacity":0.46780259777333716,"fill":"#ff0000"},"bbox":[-3.48078,40.4,-3.4858,40.4056],"geometry":{"type":"Polygon","coordinates":[[[-3.48078,40.4056],[-3.4858,40.4056],[-3.4858,40.4],[-3.48078,40.4],[-3.48078,40.4056]]]}},{"type":"Feature","properties":{"name":"Mejorada del Campo--piece--2-4--gCloud","number_of_ads_buy":29,"average_prize_buy":1429.53,"number_of_ads_rent":3,"average_prize_rent":6.37186,"normalized_prize_buy":0.6376364901512989,"normalized_ads_buy":0.9666666666666667,"normalized_prize_rent":null,"normalized_ads_rent":0.1,"date":"2018-12-04T03:26:28.000Z","fill-opacity":0.5101091921210391,"fill":"#ff0000"},"bbox":[-3.48078,40.3945,-3.4858,40.4],"geometry":{"type":"Polygon","coordinates":[[[-3.48078,40.4],[-3.4858,40.4],[-3.4858,40.3945],[-3.48078,40.3945],[-3.48078,40.4]]]}},{"type":"Feature","properties":{"name":"Mejorada del Campo--piece--2-5--gCloud","number_of_ads_buy":30,"average_prize_buy":1420.72,"number_of_ads_rent":2,"average_prize_rent":7.57353,"normalized_prize_buy":0.63370682272338,"normalized_ads_buy":1,"normalized_prize_rent":null,"normalized_ads_rent":0.06666666666666667,"date":"2018-12-04T03:26:35.000Z","fill-opacity":0.506965458178704,"fill":"#ff0000"},"bbox":[-3.48078,40.389,-3.4858,40.3945],"geometry":{"type":"Polygon","coordinates":[[[-3.48078,40.3945],[-3.4858,40.3945],[-3.4858,40.389],[-3.48078,40.389],[-3.48078,40.3945]]]}},{"type":"Feature","properties":{"name":"Mejorada del Campo--piece--2-6--gCloud","number_of_ads_buy":3,"average_prize_buy":1696.68,"number_of_ads_rent":0,"average_prize_rent":0,"normalized_prize_buy":0.7567977447901798,"normalized_ads_buy":0.1,"normalized_prize_rent":null,"normalized_ads_rent":0,"date":"2018-12-04T03:26:40.000Z","fill-opacity":0.6054381958321439,"fill":"#ff0000"},"bbox":[-3.48078,40.3835,-3.4858,40.389],"geometry":{"type":"Polygon","coordinates":[[[-3.48078,40.389],[-3.4858,40.389],[-3.4858,40.3835],[-3.48078,40.3835],[-3.48078,40.389]]]}},{"type":"Feature","properties":{"name":"Mejorada del Campo--piece--3-0--gCloud","number_of_ads_buy":0,"average_prize_buy":0,"number_of_ads_rent":0,"average_prize_rent":0,"normalized_prize_buy":0,"normalized_ads_buy":0,"normalized_prize_rent":null,"normalized_ads_rent":0,"date":"2018-12-04T03:26:46.000Z","fill-opacity":0,"fill":"#ff0000"},"bbox":[-3.47576,40.4166,-3.48078,40.4222],"geometry":{"type":"Polygon","coordinates":[[[-3.47576,40.4222],[-3.48078,40.4222],[-3.48078,40.4166],[-3.47576,40.4166],[-3.47576,40.4222]]]}},{"type":"Feature","properties":{"name":"Mejorada del Campo--piece--3-1--gCloud","number_of_ads_buy":0,"average_prize_buy":0,"number_of_ads_rent":0,"average_prize_rent":0,"normalized_prize_buy":0,"normalized_ads_buy":0,"normalized_prize_rent":null,"normalized_ads_rent":0,"date":"2018-12-04T03:27:01.000Z","fill-opacity":0,"fill":"#ff0000"},"bbox":[-3.47576,40.4111,-3.48078,40.4166],"geometry":{"type":"Polygon","coordinates":[[[-3.47576,40.4166],[-3.48078,40.4166],[-3.48078,40.4111],[-3.47576,40.4111],[-3.47576,40.4166]]]}},{"type":"Feature","properties":{"name":"Mejorada del Campo--piece--3-2--gCloud","number_of_ads_buy":0,"average_prize_buy":0,"number_of_ads_rent":0,"average_prize_rent":0,"normalized_prize_buy":0,"normalized_ads_buy":0,"normalized_prize_rent":null,"normalized_ads_rent":0,"date":"2018-12-04T03:27:06.000Z","fill-opacity":0,"fill":"#ff0000"},"bbox":[-3.47576,40.4056,-3.48078,40.4111],"geometry":{"type":"Polygon","coordinates":[[[-3.47576,40.4111],[-3.48078,40.4111],[-3.48078,40.4056],[-3.47576,40.4056],[-3.47576,40.4111]]]}},{"type":"Feature","properties":{"name":"Mejorada del Campo--piece--3-3--gCloud","number_of_ads_buy":2,"average_prize_buy":1452.26,"number_of_ads_rent":0,"average_prize_rent":0,"normalized_prize_buy":0.6477751213245789,"normalized_ads_buy":0.06666666666666667,"normalized_prize_rent":null,"normalized_ads_rent":0,"date":"2018-12-04T03:27:12.000Z","fill-opacity":0.5182200970596632,"fill":"#ff0000"},"bbox":[-3.47576,40.4,-3.48078,40.4056],"geometry":{"type":"Polygon","coordinates":[[[-3.47576,40.4056],[-3.48078,40.4056],[-3.48078,40.4],[-3.47576,40.4],[-3.47576,40.4056]]]}},{"type":"Feature","properties":{"name":"Mejorada del Campo--piece--3-4--gCloud","number_of_ads_buy":16,"average_prize_buy":1401.88,"number_of_ads_rent":1,"average_prize_rent":8.18182,"normalized_prize_buy":0.6253033114473309,"normalized_ads_buy":0.5333333333333333,"normalized_prize_rent":null,"normalized_ads_rent":0.03333333333333333,"date":"2018-12-04T03:27:23.000Z","fill-opacity":0.5002426491578648,"fill":"#ff0000"},"bbox":[-3.47576,40.3945,-3.48078,40.4],"geometry":{"type":"Polygon","coordinates":[[[-3.47576,40.4],[-3.48078,40.4],[-3.48078,40.3945],[-3.47576,40.3945],[-3.47576,40.4]]]}},{"type":"Feature","properties":{"name":"Mejorada del Campo--piece--3-5--gCloud","number_of_ads_buy":16,"average_prize_buy":1548.54,"number_of_ads_rent":3,"average_prize_rent":4.19913,"normalized_prize_buy":0.6907204538966599,"normalized_ads_buy":0.5333333333333333,"normalized_prize_rent":null,"normalized_ads_rent":0.1,"date":"2018-12-04T03:27:30.000Z","fill-opacity":0.5525763631173279,"fill":"#ff0000"},"bbox":[-3.47576,40.389,-3.48078,40.3945],"geometry":{"type":"Polygon","coordinates":[[[-3.47576,40.3945],[-3.48078,40.3945],[-3.48078,40.389],[-3.47576,40.389],[-3.47576,40.3945]]]}},{"type":"Feature","properties":{"name":"Mejorada del Campo--piece--3-6--gCloud","number_of_ads_buy":1,"average_prize_buy":936.364,"number_of_ads_rent":0,"average_prize_rent":0,"normalized_prize_buy":0.4176616471595775,"normalized_ads_buy":0.03333333333333333,"normalized_prize_rent":null,"normalized_ads_rent":0,"date":"2018-12-04T03:27:35.000Z","fill-opacity":0.334129317727662,"fill":"#ff0000"},"bbox":[-3.47576,40.3835,-3.48078,40.389],"geometry":{"type":"Polygon","coordinates":[[[-3.47576,40.389],[-3.48078,40.389],[-3.48078,40.3835],[-3.47576,40.3835],[-3.47576,40.389]]]}},{"type":"Feature","properties":{"name":"Mejorada del Campo--piece--4-0--gCloud","number_of_ads_buy":0,"average_prize_buy":0,"number_of_ads_rent":0,"average_prize_rent":0,"normalized_prize_buy":0,"normalized_ads_buy":0,"normalized_prize_rent":null,"normalized_ads_rent":0,"date":"2018-12-04T03:27:41.000Z","fill-opacity":0,"fill":"#ff0000"},"bbox":[-3.47073,40.4166,-3.47576,40.4222],"geometry":{"type":"Polygon","coordinates":[[[-3.47073,40.4222],[-3.47576,40.4222],[-3.47576,40.4166],[-3.47073,40.4166],[-3.47073,40.4222]]]}},{"type":"Feature","properties":{"name":"Mejorada del Campo--piece--4-1--gCloud","number_of_ads_buy":5,"average_prize_buy":2241.92,"number_of_ads_rent":0,"average_prize_rent":0,"normalized_prize_buy":1,"normalized_ads_buy":0.16666666666666666,"normalized_prize_rent":null,"normalized_ads_rent":0,"date":"2018-12-04T03:27:46.000Z","fill-opacity":0.8,"fill":"#ff0000"},"bbox":[-3.47073,40.4111,-3.47576,40.4166],"geometry":{"type":"Polygon","coordinates":[[[-3.47073,40.4166],[-3.47576,40.4166],[-3.47576,40.4111],[-3.47073,40.4111],[-3.47073,40.4166]]]}},{"type":"Feature","properties":{"name":"Mejorada del Campo--piece--4-2--gCloud","number_of_ads_buy":1,"average_prize_buy":400,"number_of_ads_rent":0,"average_prize_rent":0,"normalized_prize_buy":0.17841849842991722,"normalized_ads_buy":0.03333333333333333,"normalized_prize_rent":null,"normalized_ads_rent":0,"date":"2018-12-04T03:27:55.000Z","fill-opacity":0.14273479874393377,"fill":"#ff0000"},"bbox":[-3.47073,40.4056,-3.47576,40.4111],"geometry":{"type":"Polygon","coordinates":[[[-3.47073,40.4111],[-3.47576,40.4111],[-3.47576,40.4056],[-3.47073,40.4056],[-3.47073,40.4111]]]}},{"type":"Feature","properties":{"name":"Mejorada del Campo--piece--4-3--gCloud","number_of_ads_buy":0,"average_prize_buy":0,"number_of_ads_rent":0,"average_prize_rent":0,"normalized_prize_buy":0,"normalized_ads_buy":0,"normalized_prize_rent":null,"normalized_ads_rent":0,"date":"2018-12-04T03:28:04.000Z","fill-opacity":0,"fill":"#ff0000"},"bbox":[-3.47073,40.4,-3.47576,40.4056],"geometry":{"type":"Polygon","coordinates":[[[-3.47073,40.4056],[-3.47576,40.4056],[-3.47576,40.4],[-3.47073,40.4],[-3.47073,40.4056]]]}},{"type":"Feature","properties":{"name":"Mejorada del Campo--piece--4-4--gCloud","number_of_ads_buy":2,"average_prize_buy":1069.38,"number_of_ads_rent":0,"average_prize_rent":0,"normalized_prize_buy":0.47699293462746223,"normalized_ads_buy":0.06666666666666667,"normalized_prize_rent":null,"normalized_ads_rent":0,"date":"2018-12-04T03:28:13.000Z","fill-opacity":0.3815943477019698,"fill":"#ff0000"},"bbox":[-3.47073,40.3945,-3.47576,40.4],"geometry":{"type":"Polygon","coordinates":[[[-3.47073,40.4],[-3.47576,40.4],[-3.47576,40.3945],[-3.47073,40.3945],[-3.47073,40.4]]]}},{"type":"Feature","properties":{"name":"Mejorada del Campo--piece--4-5--gCloud","number_of_ads_buy":3,"average_prize_buy":1293.79,"number_of_ads_rent":0,"average_prize_rent":0,"normalized_prize_buy":0.5770901727091065,"normalized_ads_buy":0.1,"normalized_prize_rent":null,"normalized_ads_rent":0,"date":"2018-12-04T03:28:18.000Z","fill-opacity":0.4616721381672852,"fill":"#ff0000"},"bbox":[-3.47073,40.389,-3.47576,40.3945],"geometry":{"type":"Polygon","coordinates":[[[-3.47073,40.3945],[-3.47576,40.3945],[-3.47576,40.389],[-3.47073,40.389],[-3.47073,40.3945]]]}},{"type":"Feature","properties":{"name":"Mejorada del Campo--piece--4-6--gCloud","number_of_ads_buy":1,"average_prize_buy":874.525,"number_of_ads_rent":0,"average_prize_rent":0,"normalized_prize_buy":0.3900785933485584,"normalized_ads_buy":0.03333333333333333,"normalized_prize_rent":null,"normalized_ads_rent":0,"date":"2018-12-04T03:28:27.000Z","fill-opacity":0.31206287467884675,"fill":"#ff0000"},"bbox":[-3.47073,40.3835,-3.47576,40.389],"geometry":{"type":"Polygon","coordinates":[[[-3.47073,40.389],[-3.47576,40.389],[-3.47576,40.3835],[-3.47073,40.3835],[-3.47073,40.389]]]}},{"type":"Feature","properties":{"name":"Mejorada del Campo--piece--5-0--gCloud","number_of_ads_buy":0,"average_prize_buy":0,"number_of_ads_rent":0,"average_prize_rent":0,"normalized_prize_buy":0,"normalized_ads_buy":0,"normalized_prize_rent":null,"normalized_ads_rent":0,"date":"2018-12-04T03:28:34.000Z","fill-opacity":0,"fill":"#ff0000"},"bbox":[-3.46571,40.4166,-3.47073,40.4222],"geometry":{"type":"Polygon","coordinates":[[[-3.46571,40.4222],[-3.47073,40.4222],[-3.47073,40.4166],[-3.46571,40.4166],[-3.46571,40.4222]]]}},{"type":"Feature","properties":{"name":"Mejorada del Campo--piece--5-1--gCloud","number_of_ads_buy":1,"average_prize_buy":303.846,"number_of_ads_rent":0,"average_prize_rent":0,"normalized_prize_buy":0.13552936768484156,"normalized_ads_buy":0.03333333333333333,"normalized_prize_rent":null,"normalized_ads_rent":0,"date":"2018-12-04T03:28:39.000Z","fill-opacity":0.10842349414787325,"fill":"#ff0000"},"bbox":[-3.46571,40.4111,-3.47073,40.4166],"geometry":{"type":"Polygon","coordinates":[[[-3.46571,40.4166],[-3.47073,40.4166],[-3.47073,40.4111],[-3.46571,40.4111],[-3.46571,40.4166]]]}},{"type":"Feature","properties":{"name":"Mejorada del Campo--piece--5-2--gCloud","number_of_ads_buy":1,"average_prize_buy":1277.78,"number_of_ads_rent":0,"average_prize_rent":0,"normalized_prize_buy":0.569948972309449,"normalized_ads_buy":0.03333333333333333,"normalized_prize_rent":null,"normalized_ads_rent":0,"date":"2018-12-04T03:28:45.000Z","fill-opacity":0.4559591778475592,"fill":"#ff0000"},"bbox":[-3.46571,40.4056,-3.47073,40.4111],"geometry":{"type":"Polygon","coordinates":[[[-3.46571,40.4111],[-3.47073,40.4111],[-3.47073,40.4056],[-3.46571,40.4056],[-3.46571,40.4111]]]}},{"type":"Feature","properties":{"name":"Mejorada del Campo--piece--5-3--gCloud","number_of_ads_buy":0,"average_prize_buy":0,"number_of_ads_rent":0,"average_prize_rent":0,"normalized_prize_buy":0,"normalized_ads_buy":0,"normalized_prize_rent":null,"normalized_ads_rent":0,"date":"2018-12-04T03:28:50.000Z","fill-opacity":0,"fill":"#ff0000"},"bbox":[-3.46571,40.4,-3.47073,40.4056],"geometry":{"type":"Polygon","coordinates":[[[-3.46571,40.4056],[-3.47073,40.4056],[-3.47073,40.4],[-3.46571,40.4],[-3.46571,40.4056]]]}},{"type":"Feature","properties":{"name":"Mejorada del Campo--piece--5-4--gCloud","number_of_ads_buy":0,"average_prize_buy":0,"number_of_ads_rent":0,"average_prize_rent":0,"normalized_prize_buy":0,"normalized_ads_buy":0,"normalized_prize_rent":null,"normalized_ads_rent":0,"date":"2018-12-04T03:28:56.000Z","fill-opacity":0,"fill":"#ff0000"},"bbox":[-3.46571,40.3945,-3.47073,40.4],"geometry":{"type":"Polygon","coordinates":[[[-3.46571,40.4],[-3.47073,40.4],[-3.47073,40.3945],[-3.46571,40.3945],[-3.46571,40.4]]]}},{"type":"Feature","properties":{"name":"Mejorada del Campo--piece--5-5--gCloud","number_of_ads_buy":0,"average_prize_buy":0,"number_of_ads_rent":0,"average_prize_rent":0,"normalized_prize_buy":0,"normalized_ads_buy":0,"normalized_prize_rent":null,"normalized_ads_rent":0,"date":"2018-12-04T03:29:02.000Z","fill-opacity":0,"fill":"#ff0000"},"bbox":[-3.46571,40.389,-3.47073,40.3945],"geometry":{"type":"Polygon","coordinates":[[[-3.46571,40.3945],[-3.47073,40.3945],[-3.47073,40.389],[-3.46571,40.389],[-3.46571,40.3945]]]}},{"type":"Feature","properties":{"name":"Mejorada del Campo--piece--5-6--gCloud","number_of_ads_buy":0,"average_prize_buy":0,"number_of_ads_rent":0,"average_prize_rent":0,"normalized_prize_buy":0,"normalized_ads_buy":0,"normalized_prize_rent":null,"normalized_ads_rent":0,"date":"2018-12-04T03:29:12.000Z","fill-opacity":0,"fill":"#ff0000"},"bbox":[-3.46571,40.3835,-3.47073,40.389],"geometry":{"type":"Polygon","coordinates":[[[-3.46571,40.389],[-3.47073,40.389],[-3.47073,40.3835],[-3.46571,40.3835],[-3.46571,40.389]]]}},{"type":"Feature","properties":{"name":"Mejorada del Campo--piece--6-0--gCloud","number_of_ads_buy":0,"average_prize_buy":0,"number_of_ads_rent":0,"average_prize_rent":0,"normalized_prize_buy":0,"normalized_ads_buy":0,"normalized_prize_rent":null,"normalized_ads_rent":0,"date":"2018-12-04T03:29:18.000Z","fill-opacity":0,"fill":"#ff0000"},"bbox":[-3.46069,40.4166,-3.46571,40.4222],"geometry":{"type":"Polygon","coordinates":[[[-3.46069,40.4222],[-3.46571,40.4222],[-3.46571,40.4166],[-3.46069,40.4166],[-3.46069,40.4222]]]}},{"type":"Feature","properties":{"name":"Mejorada del Campo--piece--6-1--gCloud","number_of_ads_buy":0,"average_prize_buy":0,"number_of_ads_rent":0,"average_prize_rent":0,"normalized_prize_buy":0,"normalized_ads_buy":0,"normalized_prize_rent":null,"normalized_ads_rent":0,"date":"2018-12-04T03:29:23.000Z","fill-opacity":0,"fill":"#ff0000"},"bbox":[-3.46069,40.4111,-3.46571,40.4166],"geometry":{"type":"Polygon","coordinates":[[[-3.46069,40.4166],[-3.46571,40.4166],[-3.46571,40.4111],[-3.46069,40.4111],[-3.46069,40.4166]]]}},{"type":"Feature","properties":{"name":"Mejorada del Campo--piece--6-2--gCloud","number_of_ads_buy":3,"average_prize_buy":605.49,"number_of_ads_rent":0,"average_prize_rent":0,"normalized_prize_buy":0.27007654153582644,"normalized_ads_buy":0.1,"normalized_prize_rent":null,"normalized_ads_rent":0,"date":"2018-12-04T03:29:32.000Z","fill-opacity":0.21606123322866116,"fill":"#ff0000"},"bbox":[-3.46069,40.4056,-3.46571,40.4111],"geometry":{"type":"Polygon","coordinates":[[[-3.46069,40.4111],[-3.46571,40.4111],[-3.46571,40.4056],[-3.46069,40.4056],[-3.46069,40.4111]]]}},{"type":"Feature","properties":{"name":"Mejorada del Campo--piece--6-3--gCloud","number_of_ads_buy":0,"average_prize_buy":0,"number_of_ads_rent":0,"average_prize_rent":0,"normalized_prize_buy":0,"normalized_ads_buy":0,"normalized_prize_rent":null,"normalized_ads_rent":0,"date":"2018-12-04T03:29:40.000Z","fill-opacity":0,"fill":"#ff0000"},"bbox":[-3.46069,40.4,-3.46571,40.4056],"geometry":{"type":"Polygon","coordinates":[[[-3.46069,40.4056],[-3.46571,40.4056],[-3.46571,40.4],[-3.46069,40.4],[-3.46069,40.4056]]]}},{"type":"Feature","properties":{"name":"Mejorada del Campo--piece--6-4--gCloud","number_of_ads_buy":0,"average_prize_buy":0,"number_of_ads_rent":0,"average_prize_rent":0,"normalized_prize_buy":0,"normalized_ads_buy":0,"normalized_prize_rent":null,"normalized_ads_rent":0,"date":"2018-12-04T03:29:46.000Z","fill-opacity":0,"fill":"#ff0000"},"bbox":[-3.46069,40.3945,-3.46571,40.4],"geometry":{"type":"Polygon","coordinates":[[[-3.46069,40.4],[-3.46571,40.4],[-3.46571,40.3945],[-3.46069,40.3945],[-3.46069,40.4]]]}},{"type":"Feature","properties":{"name":"Mejorada del Campo--piece--6-5--gCloud","number_of_ads_buy":0,"average_prize_buy":0,"number_of_ads_rent":0,"average_prize_rent":0,"normalized_prize_buy":0,"normalized_ads_buy":0,"normalized_prize_rent":null,"normalized_ads_rent":0,"date":"2018-12-04T03:29:51.000Z","fill-opacity":0,"fill":"#ff0000"},"bbox":[-3.46069,40.389,-3.46571,40.3945],"geometry":{"type":"Polygon","coordinates":[[[-3.46069,40.3945],[-3.46571,40.3945],[-3.46571,40.389],[-3.46069,40.389],[-3.46069,40.3945]]]}},{"type":"Feature","properties":{"name":"Mejorada del Campo--piece--6-6--gCloud","number_of_ads_buy":0,"average_prize_buy":0,"number_of_ads_rent":0,"average_prize_rent":0,"normalized_prize_buy":0,"normalized_ads_buy":0,"normalized_prize_rent":null,"normalized_ads_rent":0,"date":"2018-12-04T03:30:00.000Z","fill-opacity":0,"fill":"#ff0000"},"bbox":[-3.46069,40.3835,-3.46571,40.389],"geometry":{"type":"Polygon","coordinates":[[[-3.46069,40.389],[-3.46571,40.389],[-3.46571,40.3835],[-3.46069,40.3835],[-3.46069,40.389]]]}},{"type":"Feature","properties":{"name":"Mejorada del Campo--piece--7-0--gCloud","number_of_ads_buy":0,"average_prize_buy":0,"number_of_ads_rent":0,"average_prize_rent":0,"normalized_prize_buy":0,"normalized_ads_buy":0,"normalized_prize_rent":null,"normalized_ads_rent":0,"date":"2018-12-04T03:30:13.000Z","fill-opacity":0,"fill":"#ff0000"},"bbox":[-3.45567,40.4166,-3.46069,40.4222],"geometry":{"type":"Polygon","coordinates":[[[-3.45567,40.4222],[-3.46069,40.4222],[-3.46069,40.4166],[-3.45567,40.4166],[-3.45567,40.4222]]]}},{"type":"Feature","properties":{"name":"Mejorada del Campo--piece--7-1--gCloud","number_of_ads_buy":1,"average_prize_buy":609.831,"number_of_ads_rent":0,"average_prize_rent":0,"normalized_prize_buy":0.2720128282900371,"normalized_ads_buy":0.03333333333333333,"normalized_prize_rent":null,"normalized_ads_rent":0,"date":"2018-12-04T03:30:21.000Z","fill-opacity":0.21761026263202968,"fill":"#ff0000"},"bbox":[-3.45567,40.4111,-3.46069,40.4166],"geometry":{"type":"Polygon","coordinates":[[[-3.45567,40.4166],[-3.46069,40.4166],[-3.46069,40.4111],[-3.45567,40.4111],[-3.45567,40.4166]]]}},{"type":"Feature","properties":{"name":"Mejorada del Campo--piece--7-2--gCloud","number_of_ads_buy":0,"average_prize_buy":0,"number_of_ads_rent":0,"average_prize_rent":0,"normalized_prize_buy":0,"normalized_ads_buy":0,"normalized_prize_rent":null,"normalized_ads_rent":0,"date":"2018-12-04T03:30:33.000Z","fill-opacity":0,"fill":"#ff0000"},"bbox":[-3.45567,40.4056,-3.46069,40.4111],"geometry":{"type":"Polygon","coordinates":[[[-3.45567,40.4111],[-3.46069,40.4111],[-3.46069,40.4056],[-3.45567,40.4056],[-3.45567,40.4111]]]}},{"type":"Feature","properties":{"name":"Mejorada del Campo--piece--7-3--gCloud","number_of_ads_buy":0,"average_prize_buy":0,"number_of_ads_rent":0,"average_prize_rent":0,"normalized_prize_buy":0,"normalized_ads_buy":0,"normalized_prize_rent":null,"normalized_ads_rent":0,"date":"2018-12-04T03:30:41.000Z","fill-opacity":0,"fill":"#ff0000"},"bbox":[-3.45567,40.4,-3.46069,40.4056],"geometry":{"type":"Polygon","coordinates":[[[-3.45567,40.4056],[-3.46069,40.4056],[-3.46069,40.4],[-3.45567,40.4],[-3.45567,40.4056]]]}},{"type":"Feature","properties":{"name":"Mejorada del Campo--piece--7-4--gCloud","number_of_ads_buy":0,"average_prize_buy":0,"number_of_ads_rent":0,"average_prize_rent":0,"normalized_prize_buy":0,"normalized_ads_buy":0,"normalized_prize_rent":null,"normalized_ads_rent":0,"date":"2018-12-04T03:30:52.000Z","fill-opacity":0,"fill":"#ff0000"},"bbox":[-3.45567,40.3945,-3.46069,40.4],"geometry":{"type":"Polygon","coordinates":[[[-3.45567,40.4],[-3.46069,40.4],[-3.46069,40.3945],[-3.45567,40.3945],[-3.45567,40.4]]]}},{"type":"Feature","properties":{"name":"Mejorada del Campo--piece--7-5--gCloud","number_of_ads_buy":0,"average_prize_buy":0,"number_of_ads_rent":0,"average_prize_rent":0,"normalized_prize_buy":0,"normalized_ads_buy":0,"normalized_prize_rent":null,"normalized_ads_rent":0,"date":"2018-12-04T03:31:01.000Z","fill-opacity":0,"fill":"#ff0000"},"bbox":[-3.45567,40.389,-3.46069,40.3945],"geometry":{"type":"Polygon","coordinates":[[[-3.45567,40.3945],[-3.46069,40.3945],[-3.46069,40.389],[-3.45567,40.389],[-3.45567,40.3945]]]}},{"type":"Feature","properties":{"name":"Mejorada del Campo--piece--7-6--gCloud","number_of_ads_buy":0,"average_prize_buy":0,"number_of_ads_rent":0,"average_prize_rent":0,"normalized_prize_buy":0,"normalized_ads_buy":0,"normalized_prize_rent":null,"normalized_ads_rent":0,"date":"2018-12-04T03:31:09.000Z","fill-opacity":0,"fill":"#ff0000"},"bbox":[-3.45567,40.3835,-3.46069,40.389],"geometry":{"type":"Polygon","coordinates":[[[-3.45567,40.389],[-3.46069,40.389],[-3.46069,40.3835],[-3.45567,40.3835],[-3.45567,40.389]]]}},{"type":"Feature","properties":{"name":"Mejorada del Campo--piece--8-0--gCloud","number_of_ads_buy":0,"average_prize_buy":0,"number_of_ads_rent":0,"average_prize_rent":0,"normalized_prize_buy":0,"normalized_ads_buy":0,"normalized_prize_rent":null,"normalized_ads_rent":0,"date":"2018-12-04T03:31:16.000Z","fill-opacity":0,"fill":"#ff0000"},"bbox":[-3.45065,40.4166,-3.45567,40.4222],"geometry":{"type":"Polygon","coordinates":[[[-3.45065,40.4222],[-3.45567,40.4222],[-3.45567,40.4166],[-3.45065,40.4166],[-3.45065,40.4222]]]}},{"type":"Feature","properties":{"name":"Mejorada del Campo--piece--8-1--gCloud","number_of_ads_buy":2,"average_prize_buy":922.083,"number_of_ads_rent":0,"average_prize_rent":0,"normalized_prize_buy":0.41129166071938333,"normalized_ads_buy":0.06666666666666667,"normalized_prize_rent":null,"normalized_ads_rent":0,"date":"2018-12-04T03:31:24.000Z","fill-opacity":0.3290333285755067,"fill":"#ff0000"},"bbox":[-3.45065,40.4111,-3.45567,40.4166],"geometry":{"type":"Polygon","coordinates":[[[-3.45065,40.4166],[-3.45567,40.4166],[-3.45567,40.4111],[-3.45065,40.4111],[-3.45065,40.4166]]]}},{"type":"Feature","properties":{"name":"Mejorada del Campo--piece--8-2--gCloud","number_of_ads_buy":1,"average_prize_buy":0,"number_of_ads_rent":0,"average_prize_rent":0,"normalized_prize_buy":0,"normalized_ads_buy":0.03333333333333333,"normalized_prize_rent":null,"normalized_ads_rent":0,"date":"2018-12-04T03:31:30.000Z","fill-opacity":0,"fill":"#ff0000"},"bbox":[-3.45065,40.4056,-3.45567,40.4111],"geometry":{"type":"Polygon","coordinates":[[[-3.45065,40.4111],[-3.45567,40.4111],[-3.45567,40.4056],[-3.45065,40.4056],[-3.45065,40.4111]]]}},{"type":"Feature","properties":{"name":"Mejorada del Campo--piece--8-3--gCloud","number_of_ads_buy":0,"average_prize_buy":0,"number_of_ads_rent":0,"average_prize_rent":0,"normalized_prize_buy":0,"normalized_ads_buy":0,"normalized_prize_rent":null,"normalized_ads_rent":0,"date":"2018-12-04T03:31:36.000Z","fill-opacity":0,"fill":"#ff0000"},"bbox":[-3.45065,40.4,-3.45567,40.4056],"geometry":{"type":"Polygon","coordinates":[[[-3.45065,40.4056],[-3.45567,40.4056],[-3.45567,40.4],[-3.45065,40.4],[-3.45065,40.4056]]]}},{"type":"Feature","properties":{"name":"Mejorada del Campo--piece--8-4--gCloud","number_of_ads_buy":0,"average_prize_buy":0,"number_of_ads_rent":0,"average_prize_rent":0,"normalized_prize_buy":0,"normalized_ads_buy":0,"normalized_prize_rent":null,"normalized_ads_rent":0,"date":"2018-12-04T03:31:41.000Z","fill-opacity":0,"fill":"#ff0000"},"bbox":[-3.45065,40.3945,-3.45567,40.4],"geometry":{"type":"Polygon","coordinates":[[[-3.45065,40.4],[-3.45567,40.4],[-3.45567,40.3945],[-3.45065,40.3945],[-3.45065,40.4]]]}},{"type":"Feature","properties":{"name":"Mejorada del Campo--piece--8-5--gCloud","number_of_ads_buy":0,"average_prize_buy":0,"number_of_ads_rent":0,"average_prize_rent":0,"normalized_prize_buy":0,"normalized_ads_buy":0,"normalized_prize_rent":null,"normalized_ads_rent":0,"date":"2018-12-04T03:31:47.000Z","fill-opacity":0,"fill":"#ff0000"},"bbox":[-3.45065,40.389,-3.45567,40.3945],"geometry":{"type":"Polygon","coordinates":[[[-3.45065,40.3945],[-3.45567,40.3945],[-3.45567,40.389],[-3.45065,40.389],[-3.45065,40.3945]]]}},{"type":"Feature","properties":{"name":"Mejorada del Campo--piece--8-6--gCloud","number_of_ads_buy":0,"average_prize_buy":0,"number_of_ads_rent":0,"average_prize_rent":0,"normalized_prize_buy":0,"normalized_ads_buy":0,"normalized_prize_rent":null,"normalized_ads_rent":0,"date":"2018-12-04T03:31:52.000Z","fill-opacity":0,"fill":"#ff0000"},"bbox":[-3.45065,40.3835,-3.45567,40.389],"geometry":{"type":"Polygon","coordinates":[[[-3.45065,40.389],[-3.45567,40.389],[-3.45567,40.3835],[-3.45065,40.3835],[-3.45065,40.389]]]}},{"type":"Feature","properties":{"name":"Mejorada del Campo--piece--9-0--gCloud","number_of_ads_buy":0,"average_prize_buy":0,"number_of_ads_rent":0,"average_prize_rent":0,"normalized_prize_buy":0,"normalized_ads_buy":0,"normalized_prize_rent":null,"normalized_ads_rent":0,"date":"2018-12-04T03:31:59.000Z","fill-opacity":0,"fill":"#ff0000"},"bbox":[-3.44563,40.4166,-3.45065,40.4222],"geometry":{"type":"Polygon","coordinates":[[[-3.44563,40.4222],[-3.45065,40.4222],[-3.45065,40.4166],[-3.44563,40.4166],[-3.44563,40.4222]]]}},{"type":"Feature","properties":{"name":"Mejorada del Campo--piece--9-1--gCloud","number_of_ads_buy":1,"average_prize_buy":1500,"number_of_ads_rent":0,"average_prize_rent":0,"normalized_prize_buy":0.6690693691121895,"normalized_ads_buy":0.03333333333333333,"normalized_prize_rent":null,"normalized_ads_rent":0,"date":"2018-12-04T03:32:04.000Z","fill-opacity":0.5352554952897516,"fill":"#ff0000"},"bbox":[-3.44563,40.4111,-3.45065,40.4166],"geometry":{"type":"Polygon","coordinates":[[[-3.44563,40.4166],[-3.45065,40.4166],[-3.45065,40.4111],[-3.44563,40.4111],[-3.44563,40.4166]]]}},{"type":"Feature","properties":{"name":"Mejorada del Campo--piece--9-2--gCloud","number_of_ads_buy":0,"average_prize_buy":0,"number_of_ads_rent":0,"average_prize_rent":0,"normalized_prize_buy":0,"normalized_ads_buy":0,"normalized_prize_rent":null,"normalized_ads_rent":0,"date":"2018-12-04T03:32:11.000Z","fill-opacity":0,"fill":"#ff0000"},"bbox":[-3.44563,40.4056,-3.45065,40.4111],"geometry":{"type":"Polygon","coordinates":[[[-3.44563,40.4111],[-3.45065,40.4111],[-3.45065,40.4056],[-3.44563,40.4056],[-3.44563,40.4111]]]}},{"type":"Feature","properties":{"name":"Mejorada del Campo--piece--9-3--gCloud","number_of_ads_buy":0,"average_prize_buy":0,"number_of_ads_rent":0,"average_prize_rent":0,"normalized_prize_buy":0,"normalized_ads_buy":0,"normalized_prize_rent":null,"normalized_ads_rent":0,"date":"2018-12-04T03:32:17.000Z","fill-opacity":0,"fill":"#ff0000"},"bbox":[-3.44563,40.4,-3.45065,40.4056],"geometry":{"type":"Polygon","coordinates":[[[-3.44563,40.4056],[-3.45065,40.4056],[-3.45065,40.4],[-3.44563,40.4],[-3.44563,40.4056]]]}},{"type":"Feature","properties":{"name":"Mejorada del Campo--piece--9-4--gCloud","number_of_ads_buy":0,"average_prize_buy":0,"number_of_ads_rent":0,"average_prize_rent":0,"normalized_prize_buy":0,"normalized_ads_buy":0,"normalized_prize_rent":null,"normalized_ads_rent":0,"date":"2018-12-04T03:32:23.000Z","fill-opacity":0,"fill":"#ff0000"},"bbox":[-3.44563,40.3945,-3.45065,40.4],"geometry":{"type":"Polygon","coordinates":[[[-3.44563,40.4],[-3.45065,40.4],[-3.45065,40.3945],[-3.44563,40.3945],[-3.44563,40.4]]]}},{"type":"Feature","properties":{"name":"Mejorada del Campo--piece--9-5--gCloud","number_of_ads_buy":0,"average_prize_buy":0,"number_of_ads_rent":0,"average_prize_rent":0,"normalized_prize_buy":0,"normalized_ads_buy":0,"normalized_prize_rent":null,"normalized_ads_rent":0,"date":"2018-12-04T03:32:28.000Z","fill-opacity":0,"fill":"#ff0000"},"bbox":[-3.44563,40.389,-3.45065,40.3945],"geometry":{"type":"Polygon","coordinates":[[[-3.44563,40.3945],[-3.45065,40.3945],[-3.45065,40.389],[-3.44563,40.389],[-3.44563,40.3945]]]}},{"type":"Feature","properties":{"name":"Mejorada del Campo--piece--9-6--gCloud","number_of_ads_buy":0,"average_prize_buy":0,"number_of_ads_rent":0,"average_prize_rent":0,"normalized_prize_buy":0,"normalized_ads_buy":0,"normalized_prize_rent":null,"normalized_ads_rent":0,"date":"2018-12-04T03:32:36.000Z","fill-opacity":0,"fill":"#ff0000"},"bbox":[-3.44563,40.3835,-3.45065,40.389],"geometry":{"type":"Polygon","coordinates":[[[-3.44563,40.389],[-3.45065,40.389],[-3.45065,40.3835],[-3.44563,40.3835],[-3.44563,40.389]]]}}]}