{"type":"FeatureCollection","features":[{"type":"Feature","properties":{"name":"Móstoles--piece--0-0--gCloud","number_of_ads_buy":0,"average_prize_buy":0,"number_of_ads_rent":0,"average_prize_rent":0,"normalized_prize_buy":0,"normalized_ads_buy":0,"normalized_prize_rent":null,"normalized_ads_rent":0,"date":"2018-12-04T03:32:45.000Z","fill-opacity":0,"fill":"#ff0000"},"bbox":[-3.88702,40.3388,-3.89256,40.344],"geometry":{"type":"Polygon","coordinates":[[[-3.88702,40.344],[-3.89256,40.344],[-3.89256,40.3388],[-3.88702,40.3388],[-3.88702,40.344]]]}},{"type":"Feature","properties":{"name":"Móstoles--piece--0-1--gCloud","number_of_ads_buy":0,"average_prize_buy":0,"number_of_ads_rent":0,"average_prize_rent":0,"normalized_prize_buy":0,"normalized_ads_buy":0,"normalized_prize_rent":null,"normalized_ads_rent":0,"date":"2018-12-04T03:32:53.000Z","fill-opacity":0,"fill":"#ff0000"},"bbox":[-3.88702,40.3336,-3.89256,40.3388],"geometry":{"type":"Polygon","coordinates":[[[-3.88702,40.3388],[-3.89256,40.3388],[-3.89256,40.3336],[-3.88702,40.3336],[-3.88702,40.3388]]]}},{"type":"Feature","properties":{"name":"Móstoles--piece--0-2--gCloud","number_of_ads_buy":26,"average_prize_buy":1878.24,"number_of_ads_rent":0,"average_prize_rent":0,"normalized_prize_buy":0.6646072842690784,"normalized_ads_buy":0.8666666666666667,"normalized_prize_rent":null,"normalized_ads_rent":0,"date":"2018-12-04T03:33:00.000Z","fill-opacity":0.5316858274152628,"fill":"#ff0000"},"bbox":[-3.88702,40.3283,-3.89256,40.3336],"geometry":{"type":"Polygon","coordinates":[[[-3.88702,40.3336],[-3.89256,40.3336],[-3.89256,40.3283],[-3.88702,40.3283],[-3.88702,40.3336]]]}},{"type":"Feature","properties":{"name":"Móstoles--piece--0-3--gCloud","number_of_ads_buy":0,"average_prize_buy":0,"number_of_ads_rent":0,"average_prize_rent":0,"normalized_prize_buy":0,"normalized_ads_buy":0,"normalized_prize_rent":null,"normalized_ads_rent":0,"date":"2018-12-04T03:33:12.000Z","fill-opacity":0,"fill":"#ff0000"},"bbox":[-3.88702,40.3231,-3.89256,40.3283],"geometry":{"type":"Polygon","coordinates":[[[-3.88702,40.3283],[-3.89256,40.3283],[-3.89256,40.3231],[-3.88702,40.3231],[-3.88702,40.3283]]]}},{"type":"Feature","properties":{"name":"Móstoles--piece--0-4--gCloud","number_of_ads_buy":0,"average_prize_buy":0,"number_of_ads_rent":0,"average_prize_rent":0,"normalized_prize_buy":0,"normalized_ads_buy":0,"normalized_prize_rent":null,"normalized_ads_rent":0,"date":"2018-12-04T03:33:17.000Z","fill-opacity":0,"fill":"#ff0000"},"bbox":[-3.88702,40.3179,-3.89256,40.3231],"geometry":{"type":"Polygon","coordinates":[[[-3.88702,40.3231],[-3.89256,40.3231],[-3.89256,40.3179],[-3.88702,40.3179],[-3.88702,40.3231]]]}},{"type":"Feature","properties":{"name":"Móstoles--piece--0-5--gCloud","number_of_ads_buy":0,"average_prize_buy":0,"number_of_ads_rent":0,"average_prize_rent":0,"normalized_prize_buy":0,"normalized_ads_buy":0,"normalized_prize_rent":null,"normalized_ads_rent":0,"date":"2018-12-04T03:33:25.000Z","fill-opacity":0,"fill":"#ff0000"},"bbox":[-3.88702,40.3127,-3.89256,40.3179],"geometry":{"type":"Polygon","coordinates":[[[-3.88702,40.3179],[-3.89256,40.3179],[-3.89256,40.3127],[-3.88702,40.3127],[-3.88702,40.3179]]]}},{"type":"Feature","properties":{"name":"Móstoles--piece--0-6--gCloud","number_of_ads_buy":0,"average_prize_buy":0,"number_of_ads_rent":0,"average_prize_rent":0,"normalized_prize_buy":0,"normalized_ads_buy":0,"normalized_prize_rent":null,"normalized_ads_rent":0,"date":"2018-12-04T03:33:31.000Z","fill-opacity":0,"fill":"#ff0000"},"bbox":[-3.88702,40.3075,-3.89256,40.3127],"geometry":{"type":"Polygon","coordinates":[[[-3.88702,40.3127],[-3.89256,40.3127],[-3.89256,40.3075],[-3.88702,40.3075],[-3.88702,40.3127]]]}},{"type":"Feature","properties":{"name":"Móstoles--piece--0-7--gCloud","number_of_ads_buy":0,"average_prize_buy":0,"number_of_ads_rent":0,"average_prize_rent":0,"normalized_prize_buy":0,"normalized_ads_buy":0,"normalized_prize_rent":null,"normalized_ads_rent":0,"date":"2018-12-04T03:33:36.000Z","fill-opacity":0,"fill":"#ff0000"},"bbox":[-3.88702,40.3023,-3.89256,40.3075],"geometry":{"type":"Polygon","coordinates":[[[-3.88702,40.3075],[-3.89256,40.3075],[-3.89256,40.3023],[-3.88702,40.3023],[-3.88702,40.3075]]]}},{"type":"Feature","properties":{"name":"Móstoles--piece--1-0--gCloud","number_of_ads_buy":0,"average_prize_buy":0,"number_of_ads_rent":0,"average_prize_rent":0,"normalized_prize_buy":0,"normalized_ads_buy":0,"normalized_prize_rent":null,"normalized_ads_rent":0,"date":"2018-12-04T03:33:41.000Z","fill-opacity":0,"fill":"#ff0000"},"bbox":[-3.88148,40.3388,-3.88702,40.344],"geometry":{"type":"Polygon","coordinates":[[[-3.88148,40.344],[-3.88702,40.344],[-3.88702,40.3388],[-3.88148,40.3388],[-3.88148,40.344]]]}},{"type":"Feature","properties":{"name":"Móstoles--piece--1-1--gCloud","number_of_ads_buy":1,"average_prize_buy":1914.29,"number_of_ads_rent":0,"average_prize_rent":0,"normalized_prize_buy":0.6773634243778506,"normalized_ads_buy":0.03333333333333333,"normalized_prize_rent":null,"normalized_ads_rent":0,"date":"2018-12-04T03:33:50.000Z","fill-opacity":0.5418907395022805,"fill":"#ff0000"},"bbox":[-3.88148,40.3336,-3.88702,40.3388],"geometry":{"type":"Polygon","coordinates":[[[-3.88148,40.3388],[-3.88702,40.3388],[-3.88702,40.3336],[-3.88148,40.3336],[-3.88148,40.3388]]]}},{"type":"Feature","properties":{"name":"Móstoles--piece--1-2--gCloud","number_of_ads_buy":5,"average_prize_buy":1800.43,"number_of_ads_rent":0,"average_prize_rent":0,"normalized_prize_buy":0.6370745446889519,"normalized_ads_buy":0.16666666666666666,"normalized_prize_rent":null,"normalized_ads_rent":0,"date":"2018-12-04T03:33:56.000Z","fill-opacity":0.5096596357511615,"fill":"#ff0000"},"bbox":[-3.88148,40.3283,-3.88702,40.3336],"geometry":{"type":"Polygon","coordinates":[[[-3.88148,40.3336],[-3.88702,40.3336],[-3.88702,40.3283],[-3.88148,40.3283],[-3.88148,40.3336]]]}},{"type":"Feature","properties":{"name":"Móstoles--piece--1-3--gCloud","number_of_ads_buy":28,"average_prize_buy":1901.8,"number_of_ads_rent":0,"average_prize_rent":0,"normalized_prize_buy":0.67294389067581,"normalized_ads_buy":0.9333333333333333,"normalized_prize_rent":null,"normalized_ads_rent":0,"date":"2018-12-04T03:34:07.000Z","fill-opacity":0.5383551125406479,"fill":"#ff0000"},"bbox":[-3.88148,40.3231,-3.88702,40.3283],"geometry":{"type":"Polygon","coordinates":[[[-3.88148,40.3283],[-3.88702,40.3283],[-3.88702,40.3231],[-3.88148,40.3231],[-3.88148,40.3283]]]}},{"type":"Feature","properties":{"name":"Móstoles--piece--1-4--gCloud","number_of_ads_buy":5,"average_prize_buy":1662.03,"number_of_ads_rent":0,"average_prize_rent":0,"normalized_prize_buy":0.5881022897359957,"normalized_ads_buy":0.16666666666666666,"normalized_prize_rent":null,"normalized_ads_rent":0,"date":"2018-12-04T03:34:12.000Z","fill-opacity":0.47048183178879655,"fill":"#ff0000"},"bbox":[-3.88148,40.3179,-3.88702,40.3231],"geometry":{"type":"Polygon","coordinates":[[[-3.88148,40.3231],[-3.88702,40.3231],[-3.88702,40.3179],[-3.88148,40.3179],[-3.88148,40.3231]]]}},{"type":"Feature","properties":{"name":"Móstoles--piece--1-5--gCloud","number_of_ads_buy":0,"average_prize_buy":0,"number_of_ads_rent":0,"average_prize_rent":0,"normalized_prize_buy":0,"normalized_ads_buy":0,"normalized_prize_rent":null,"normalized_ads_rent":0,"date":"2018-12-04T03:34:18.000Z","fill-opacity":0,"fill":"#ff0000"},"bbox":[-3.88148,40.3127,-3.88702,40.3179],"geometry":{"type":"Polygon","coordinates":[[[-3.88148,40.3179],[-3.88702,40.3179],[-3.88702,40.3127],[-3.88148,40.3127],[-3.88148,40.3179]]]}},{"type":"Feature","properties":{"name":"Móstoles--piece--1-6--gCloud","number_of_ads_buy":1,"average_prize_buy":1541.67,"number_of_ads_rent":0,"average_prize_rent":0,"normalized_prize_buy":0.5455134125240173,"normalized_ads_buy":0.03333333333333333,"normalized_prize_rent":null,"normalized_ads_rent":0,"date":"2018-12-04T03:34:24.000Z","fill-opacity":0.4364107300192139,"fill":"#ff0000"},"bbox":[-3.88148,40.3075,-3.88702,40.3127],"geometry":{"type":"Polygon","coordinates":[[[-3.88148,40.3127],[-3.88702,40.3127],[-3.88702,40.3075],[-3.88148,40.3075],[-3.88148,40.3127]]]}},{"type":"Feature","properties":{"name":"Móstoles--piece--1-7--gCloud","number_of_ads_buy":0,"average_prize_buy":0,"number_of_ads_rent":0,"average_prize_rent":0,"normalized_prize_buy":0,"normalized_ads_buy":0,"normalized_prize_rent":null,"normalized_ads_rent":0,"date":"2018-12-04T03:34:29.000Z","fill-opacity":0,"fill":"#ff0000"},"bbox":[-3.88148,40.3023,-3.88702,40.3075],"geometry":{"type":"Polygon","coordinates":[[[-3.88148,40.3075],[-3.88702,40.3075],[-3.88702,40.3023],[-3.88148,40.3023],[-3.88148,40.3075]]]}},{"type":"Feature","properties":{"name":"Móstoles--piece--2-0--gCloud","number_of_ads_buy":0,"average_prize_buy":0,"number_of_ads_rent":0,"average_prize_rent":0,"normalized_prize_buy":0,"normalized_ads_buy":0,"normalized_prize_rent":null,"normalized_ads_rent":0,"date":"2018-12-04T03:34:41.000Z","fill-opacity":0,"fill":"#ff0000"},"bbox":[-3.87594,40.3388,-3.88148,40.344],"geometry":{"type":"Polygon","coordinates":[[[-3.87594,40.344],[-3.88148,40.344],[-3.88148,40.3388],[-3.87594,40.3388],[-3.87594,40.344]]]}},{"type":"Feature","properties":{"name":"Móstoles--piece--2-1--gCloud","number_of_ads_buy":0,"average_prize_buy":0,"number_of_ads_rent":0,"average_prize_rent":0,"normalized_prize_buy":0,"normalized_ads_buy":0,"normalized_prize_rent":null,"normalized_ads_rent":0,"date":"2018-12-04T03:34:49.000Z","fill-opacity":0,"fill":"#ff0000"},"bbox":[-3.87594,40.3336,-3.88148,40.3388],"geometry":{"type":"Polygon","coordinates":[[[-3.87594,40.3388],[-3.88148,40.3388],[-3.88148,40.3336],[-3.87594,40.3336],[-3.87594,40.3388]]]}},{"type":"Feature","properties":{"name":"Móstoles--piece--2-2--gCloud","number_of_ads_buy":14,"average_prize_buy":2377.32,"number_of_ads_rent":2,"average_prize_rent":7.5,"normalized_prize_buy":0.8412046325488572,"normalized_ads_buy":0.4666666666666667,"normalized_prize_rent":null,"normalized_ads_rent":0.06666666666666667,"date":"2018-12-04T03:34:58.000Z","fill-opacity":0.6729637060390858,"fill":"#ff0000"},"bbox":[-3.87594,40.3283,-3.88148,40.3336],"geometry":{"type":"Polygon","coordinates":[[[-3.87594,40.3336],[-3.88148,40.3336],[-3.88148,40.3283],[-3.87594,40.3283],[-3.87594,40.3336]]]}},{"type":"Feature","properties":{"name":"Móstoles--piece--2-3--gCloud","number_of_ads_buy":9,"average_prize_buy":2351.52,"number_of_ads_rent":1,"average_prize_rent":9.375,"normalized_prize_buy":0.8320754116110951,"normalized_ads_buy":0.3,"normalized_prize_rent":null,"normalized_ads_rent":0.03333333333333333,"date":"2018-12-04T03:35:07.000Z","fill-opacity":0.6656603292888761,"fill":"#ff0000"},"bbox":[-3.87594,40.3231,-3.88148,40.3283],"geometry":{"type":"Polygon","coordinates":[[[-3.87594,40.3283],[-3.88148,40.3283],[-3.88148,40.3231],[-3.87594,40.3231],[-3.87594,40.3283]]]}},{"type":"Feature","properties":{"name":"Móstoles--piece--2-4--gCloud","number_of_ads_buy":26,"average_prize_buy":1927.98,"number_of_ads_rent":0,"average_prize_rent":0,"normalized_prize_buy":0.682207573007229,"normalized_ads_buy":0.8666666666666667,"normalized_prize_rent":null,"normalized_ads_rent":0,"date":"2018-12-04T03:35:13.000Z","fill-opacity":0.5457660584057832,"fill":"#ff0000"},"bbox":[-3.87594,40.3179,-3.88148,40.3231],"geometry":{"type":"Polygon","coordinates":[[[-3.87594,40.3231],[-3.88148,40.3231],[-3.88148,40.3179],[-3.87594,40.3179],[-3.87594,40.3231]]]}},{"type":"Feature","properties":{"name":"Móstoles--piece--2-5--gCloud","number_of_ads_buy":17,"average_prize_buy":1851.28,"number_of_ads_rent":6,"average_prize_rent":8.4065,"normalized_prize_buy":0.6550676022348899,"normalized_ads_buy":0.5666666666666667,"normalized_prize_rent":null,"normalized_ads_rent":0.2,"date":"2018-12-04T03:35:19.000Z","fill-opacity":0.5240540817879119,"fill":"#ff0000"},"bbox":[-3.87594,40.3127,-3.88148,40.3179],"geometry":{"type":"Polygon","coordinates":[[[-3.87594,40.3179],[-3.88148,40.3179],[-3.88148,40.3127],[-3.87594,40.3127],[-3.87594,40.3179]]]}},{"type":"Feature","properties":{"name":"Móstoles--piece--2-6--gCloud","number_of_ads_buy":19,"average_prize_buy":1892.04,"number_of_ads_rent":2,"average_prize_rent":7.97727,"normalized_prize_buy":0.6694903559334628,"normalized_ads_buy":0.6333333333333333,"normalized_prize_rent":null,"normalized_ads_rent":0.06666666666666667,"date":"2018-12-04T03:35:25.000Z","fill-opacity":0.5355922847467703,"fill":"#ff0000"},"bbox":[-3.87594,40.3075,-3.88148,40.3127],"geometry":{"type":"Polygon","coordinates":[[[-3.87594,40.3127],[-3.88148,40.3127],[-3.88148,40.3075],[-3.87594,40.3075],[-3.87594,40.3127]]]}},{"type":"Feature","properties":{"name":"Móstoles--piece--2-7--gCloud","number_of_ads_buy":0,"average_prize_buy":0,"number_of_ads_rent":0,"average_prize_rent":0,"normalized_prize_buy":0,"normalized_ads_buy":0,"normalized_prize_rent":null,"normalized_ads_rent":0,"date":"2018-12-04T03:35:34.000Z","fill-opacity":0,"fill":"#ff0000"},"bbox":[-3.87594,40.3023,-3.88148,40.3075],"geometry":{"type":"Polygon","coordinates":[[[-3.87594,40.3075],[-3.88148,40.3075],[-3.88148,40.3023],[-3.87594,40.3023],[-3.87594,40.3075]]]}},{"type":"Feature","properties":{"name":"Móstoles--piece--3-0--gCloud","number_of_ads_buy":0,"average_prize_buy":0,"number_of_ads_rent":0,"average_prize_rent":0,"normalized_prize_buy":0,"normalized_ads_buy":0,"normalized_prize_rent":null,"normalized_ads_rent":0,"date":"2018-12-04T03:35:42.000Z","fill-opacity":0,"fill":"#ff0000"},"bbox":[-3.8704,40.3388,-3.87594,40.344],"geometry":{"type":"Polygon","coordinates":[[[-3.8704,40.344],[-3.87594,40.344],[-3.87594,40.3388],[-3.8704,40.3388],[-3.8704,40.344]]]}},{"type":"Feature","properties":{"name":"Móstoles--piece--3-1--gCloud","number_of_ads_buy":0,"average_prize_buy":0,"number_of_ads_rent":1,"average_prize_rent":6.66,"normalized_prize_buy":0,"normalized_ads_buy":0,"normalized_prize_rent":null,"normalized_ads_rent":0.03333333333333333,"date":"2018-12-04T03:35:51.000Z","fill-opacity":0,"fill":"#ff0000"},"bbox":[-3.8704,40.3336,-3.87594,40.3388],"geometry":{"type":"Polygon","coordinates":[[[-3.8704,40.3388],[-3.87594,40.3388],[-3.87594,40.3336],[-3.8704,40.3336],[-3.8704,40.3388]]]}},{"type":"Feature","properties":{"name":"Móstoles--piece--3-2--gCloud","number_of_ads_buy":12,"average_prize_buy":1735.79,"number_of_ads_rent":3,"average_prize_rent":7.24206,"normalized_prize_buy":0.6142019539363572,"normalized_ads_buy":0.4,"normalized_prize_rent":null,"normalized_ads_rent":0.1,"date":"2018-12-04T03:36:00.000Z","fill-opacity":0.4913615631490858,"fill":"#ff0000"},"bbox":[-3.8704,40.3283,-3.87594,40.3336],"geometry":{"type":"Polygon","coordinates":[[[-3.8704,40.3336],[-3.87594,40.3336],[-3.87594,40.3283],[-3.8704,40.3283],[-3.8704,40.3336]]]}},{"type":"Feature","properties":{"name":"Móstoles--piece--3-3--gCloud","number_of_ads_buy":9,"average_prize_buy":1676.92,"number_of_ads_rent":6,"average_prize_rent":9.39815,"normalized_prize_buy":0.5933710532927118,"normalized_ads_buy":0.3,"normalized_prize_rent":null,"normalized_ads_rent":0.2,"date":"2018-12-04T03:36:06.000Z","fill-opacity":0.47469684263416945,"fill":"#ff0000"},"bbox":[-3.8704,40.3231,-3.87594,40.3283],"geometry":{"type":"Polygon","coordinates":[[[-3.8704,40.3283],[-3.87594,40.3283],[-3.87594,40.3231],[-3.8704,40.3231],[-3.8704,40.3283]]]}},{"type":"Feature","properties":{"name":"Móstoles--piece--3-4--gCloud","number_of_ads_buy":18,"average_prize_buy":1759.34,"number_of_ads_rent":4,"average_prize_rent":8.98046,"normalized_prize_buy":0.622535021885361,"normalized_ads_buy":0.6,"normalized_prize_rent":null,"normalized_ads_rent":0.13333333333333333,"date":"2018-12-04T03:36:12.000Z","fill-opacity":0.49802801750828884,"fill":"#ff0000"},"bbox":[-3.8704,40.3179,-3.87594,40.3231],"geometry":{"type":"Polygon","coordinates":[[[-3.8704,40.3231],[-3.87594,40.3231],[-3.87594,40.3179],[-3.8704,40.3179],[-3.8704,40.3231]]]}},{"type":"Feature","properties":{"name":"Móstoles--piece--3-5--gCloud","number_of_ads_buy":19,"average_prize_buy":1812.92,"number_of_ads_rent":4,"average_prize_rent":8.69277,"normalized_prize_buy":0.6414940783909925,"normalized_ads_buy":0.6333333333333333,"normalized_prize_rent":null,"normalized_ads_rent":0.13333333333333333,"date":"2018-12-04T03:36:22.000Z","fill-opacity":0.513195262712794,"fill":"#ff0000"},"bbox":[-3.8704,40.3127,-3.87594,40.3179],"geometry":{"type":"Polygon","coordinates":[[[-3.8704,40.3179],[-3.87594,40.3179],[-3.87594,40.3127],[-3.8704,40.3127],[-3.8704,40.3179]]]}},{"type":"Feature","properties":{"name":"Móstoles--piece--3-6--gCloud","number_of_ads_buy":4,"average_prize_buy":1525.3,"number_of_ads_rent":0,"average_prize_rent":0,"normalized_prize_buy":0.5397209572235845,"normalized_ads_buy":0.13333333333333333,"normalized_prize_rent":null,"normalized_ads_rent":0,"date":"2018-12-04T03:36:28.000Z","fill-opacity":0.4317767657788676,"fill":"#ff0000"},"bbox":[-3.8704,40.3075,-3.87594,40.3127],"geometry":{"type":"Polygon","coordinates":[[[-3.8704,40.3127],[-3.87594,40.3127],[-3.87594,40.3075],[-3.8704,40.3075],[-3.8704,40.3127]]]}},{"type":"Feature","properties":{"name":"Móstoles--piece--3-7--gCloud","number_of_ads_buy":4,"average_prize_buy":1591.21,"number_of_ads_rent":0,"average_prize_rent":0,"normalized_prize_buy":0.5630429321076116,"normalized_ads_buy":0.13333333333333333,"normalized_prize_rent":null,"normalized_ads_rent":0,"date":"2018-12-04T03:36:38.000Z","fill-opacity":0.4504343456860893,"fill":"#ff0000"},"bbox":[-3.8704,40.3023,-3.87594,40.3075],"geometry":{"type":"Polygon","coordinates":[[[-3.8704,40.3075],[-3.87594,40.3075],[-3.87594,40.3023],[-3.8704,40.3023],[-3.8704,40.3075]]]}},{"type":"Feature","properties":{"name":"Móstoles--piece--4-0--gCloud","number_of_ads_buy":1,"average_prize_buy":2000,"number_of_ads_rent":0,"average_prize_rent":0,"normalized_prize_buy":0.7076915455629509,"normalized_ads_buy":0.03333333333333333,"normalized_prize_rent":null,"normalized_ads_rent":0,"date":"2018-12-04T03:36:50.000Z","fill-opacity":0.5661532364503608,"fill":"#ff0000"},"bbox":[-3.86486,40.3388,-3.8704,40.344],"geometry":{"type":"Polygon","coordinates":[[[-3.86486,40.344],[-3.8704,40.344],[-3.8704,40.3388],[-3.86486,40.3388],[-3.86486,40.344]]]}},{"type":"Feature","properties":{"name":"Móstoles--piece--4-1--gCloud","number_of_ads_buy":11,"average_prize_buy":1884.27,"number_of_ads_rent":0,"average_prize_rent":0,"normalized_prize_buy":0.6667409742789507,"normalized_ads_buy":0.36666666666666664,"normalized_prize_rent":null,"normalized_ads_rent":0,"date":"2018-12-04T03:36:58.000Z","fill-opacity":0.5333927794231607,"fill":"#ff0000"},"bbox":[-3.86486,40.3336,-3.8704,40.3388],"geometry":{"type":"Polygon","coordinates":[[[-3.86486,40.3388],[-3.8704,40.3388],[-3.8704,40.3336],[-3.86486,40.3336],[-3.86486,40.3388]]]}},{"type":"Feature","properties":{"name":"Móstoles--piece--4-2--gCloud","number_of_ads_buy":19,"average_prize_buy":1594.22,"number_of_ads_rent":4,"average_prize_rent":6.35227,"normalized_prize_buy":0.5641080078836838,"normalized_ads_buy":0.6333333333333333,"normalized_prize_rent":null,"normalized_ads_rent":0.13333333333333333,"date":"2018-12-04T03:37:08.000Z","fill-opacity":0.45128640630694705,"fill":"#ff0000"},"bbox":[-3.86486,40.3283,-3.8704,40.3336],"geometry":{"type":"Polygon","coordinates":[[[-3.86486,40.3336],[-3.8704,40.3336],[-3.8704,40.3283],[-3.86486,40.3283],[-3.86486,40.3336]]]}},{"type":"Feature","properties":{"name":"Móstoles--piece--4-3--gCloud","number_of_ads_buy":29,"average_prize_buy":1954.68,"number_of_ads_rent":2,"average_prize_rent":7.09578,"normalized_prize_buy":0.6916552551404944,"normalized_ads_buy":0.9666666666666667,"normalized_prize_rent":null,"normalized_ads_rent":0.06666666666666667,"date":"2018-12-04T03:37:17.000Z","fill-opacity":0.5533242041123956,"fill":"#ff0000"},"bbox":[-3.86486,40.3231,-3.8704,40.3283],"geometry":{"type":"Polygon","coordinates":[[[-3.86486,40.3283],[-3.8704,40.3283],[-3.8704,40.3231],[-3.86486,40.3231],[-3.86486,40.3283]]]}},{"type":"Feature","properties":{"name":"Móstoles--piece--4-4--gCloud","number_of_ads_buy":29,"average_prize_buy":1797.85,"number_of_ads_rent":11,"average_prize_rent":9.69066,"normalized_prize_buy":0.6361616225951756,"normalized_ads_buy":0.9666666666666667,"normalized_prize_rent":null,"normalized_ads_rent":0.36666666666666664,"date":"2018-12-04T03:37:24.000Z","fill-opacity":0.5089292980761405,"fill":"#ff0000"},"bbox":[-3.86486,40.3179,-3.8704,40.3231],"geometry":{"type":"Polygon","coordinates":[[[-3.86486,40.3231],[-3.8704,40.3231],[-3.8704,40.3179],[-3.86486,40.3179],[-3.86486,40.3231]]]}},{"type":"Feature","properties":{"name":"Móstoles--piece--4-5--gCloud","number_of_ads_buy":17,"average_prize_buy":1837.03,"number_of_ads_rent":0,"average_prize_rent":0,"normalized_prize_buy":0.6500252999727538,"normalized_ads_buy":0.5666666666666667,"normalized_prize_rent":null,"normalized_ads_rent":0,"date":"2018-12-04T03:37:29.000Z","fill-opacity":0.5200202399782031,"fill":"#ff0000"},"bbox":[-3.86486,40.3127,-3.8704,40.3179],"geometry":{"type":"Polygon","coordinates":[[[-3.86486,40.3179],[-3.8704,40.3179],[-3.8704,40.3127],[-3.86486,40.3127],[-3.86486,40.3179]]]}},{"type":"Feature","properties":{"name":"Móstoles--piece--4-6--gCloud","number_of_ads_buy":3,"average_prize_buy":1560.4,"number_of_ads_rent":1,"average_prize_rent":10.241,"normalized_prize_buy":0.5521409438482143,"normalized_ads_buy":0.1,"normalized_prize_rent":null,"normalized_ads_rent":0.03333333333333333,"date":"2018-12-04T03:37:42.000Z","fill-opacity":0.4417127550785715,"fill":"#ff0000"},"bbox":[-3.86486,40.3075,-3.8704,40.3127],"geometry":{"type":"Polygon","coordinates":[[[-3.86486,40.3127],[-3.8704,40.3127],[-3.8704,40.3075],[-3.86486,40.3075],[-3.86486,40.3127]]]}},{"type":"Feature","properties":{"name":"Móstoles--piece--4-7--gCloud","number_of_ads_buy":30,"average_prize_buy":1773.02,"number_of_ads_rent":3,"average_prize_rent":9.85714,"normalized_prize_buy":0.6273756320570116,"normalized_ads_buy":1,"normalized_prize_rent":null,"normalized_ads_rent":0.1,"date":"2018-12-04T03:37:53.000Z","fill-opacity":0.5019005056456093,"fill":"#ff0000"},"bbox":[-3.86486,40.3023,-3.8704,40.3075],"geometry":{"type":"Polygon","coordinates":[[[-3.86486,40.3075],[-3.8704,40.3075],[-3.8704,40.3023],[-3.86486,40.3023],[-3.86486,40.3075]]]}},{"type":"Feature","properties":{"name":"Móstoles--piece--5-0--gCloud","number_of_ads_buy":0,"average_prize_buy":0,"number_of_ads_rent":0,"average_prize_rent":0,"normalized_prize_buy":0,"normalized_ads_buy":0,"normalized_prize_rent":null,"normalized_ads_rent":0,"date":"2018-12-04T03:38:08.000Z","fill-opacity":0,"fill":"#ff0000"},"bbox":[-3.85932,40.3388,-3.86486,40.344],"geometry":{"type":"Polygon","coordinates":[[[-3.85932,40.344],[-3.86486,40.344],[-3.86486,40.3388],[-3.85932,40.3388],[-3.85932,40.344]]]}},{"type":"Feature","properties":{"name":"Móstoles--piece--5-1--gCloud","number_of_ads_buy":6,"average_prize_buy":2089.41,"number_of_ads_rent":0,"average_prize_rent":0,"normalized_prize_buy":0.7393288961073425,"normalized_ads_buy":0.2,"normalized_prize_rent":null,"normalized_ads_rent":0,"date":"2018-12-04T03:38:17.000Z","fill-opacity":0.591463116885874,"fill":"#ff0000"},"bbox":[-3.85932,40.3336,-3.86486,40.3388],"geometry":{"type":"Polygon","coordinates":[[[-3.85932,40.3388],[-3.86486,40.3388],[-3.86486,40.3336],[-3.85932,40.3336],[-3.85932,40.3388]]]}},{"type":"Feature","properties":{"name":"Móstoles--piece--5-2--gCloud","number_of_ads_buy":22,"average_prize_buy":1848.18,"number_of_ads_rent":0,"average_prize_rent":0,"normalized_prize_buy":0.6539706803392673,"normalized_ads_buy":0.7333333333333333,"normalized_prize_rent":null,"normalized_ads_rent":0,"date":"2018-12-04T03:38:31.000Z","fill-opacity":0.5231765442714139,"fill":"#ff0000"},"bbox":[-3.85932,40.3283,-3.86486,40.3336],"geometry":{"type":"Polygon","coordinates":[[[-3.85932,40.3336],[-3.86486,40.3336],[-3.86486,40.3283],[-3.85932,40.3283],[-3.85932,40.3336]]]}},{"type":"Feature","properties":{"name":"Móstoles--piece--5-3--gCloud","number_of_ads_buy":30,"average_prize_buy":1622.4,"number_of_ads_rent":3,"average_prize_rent":8.42159,"normalized_prize_buy":0.5740793817606658,"normalized_ads_buy":1,"normalized_prize_rent":null,"normalized_ads_rent":0.1,"date":"2018-12-04T03:38:38.000Z","fill-opacity":0.4592635054085326,"fill":"#ff0000"},"bbox":[-3.85932,40.3231,-3.86486,40.3283],"geometry":{"type":"Polygon","coordinates":[[[-3.85932,40.3283],[-3.86486,40.3283],[-3.86486,40.3231],[-3.85932,40.3231],[-3.85932,40.3283]]]}},{"type":"Feature","properties":{"name":"Móstoles--piece--5-4--gCloud","number_of_ads_buy":30,"average_prize_buy":1799.24,"number_of_ads_rent":7,"average_prize_rent":9.32916,"normalized_prize_buy":0.6366534682193419,"normalized_ads_buy":1,"normalized_prize_rent":null,"normalized_ads_rent":0.23333333333333334,"date":"2018-12-04T03:38:45.000Z","fill-opacity":0.5093227745754735,"fill":"#ff0000"},"bbox":[-3.85932,40.3179,-3.86486,40.3231],"geometry":{"type":"Polygon","coordinates":[[[-3.85932,40.3231],[-3.86486,40.3231],[-3.86486,40.3179],[-3.85932,40.3179],[-3.85932,40.3231]]]}},{"type":"Feature","properties":{"name":"Móstoles--piece--5-5--gCloud","number_of_ads_buy":12,"average_prize_buy":1961.59,"number_of_ads_rent":1,"average_prize_rent":6.66667,"normalized_prize_buy":0.6941003294304144,"normalized_ads_buy":0.4,"normalized_prize_rent":null,"normalized_ads_rent":0.03333333333333333,"date":"2018-12-04T03:38:57.000Z","fill-opacity":0.5552802635443316,"fill":"#ff0000"},"bbox":[-3.85932,40.3127,-3.86486,40.3179],"geometry":{"type":"Polygon","coordinates":[[[-3.85932,40.3179],[-3.86486,40.3179],[-3.86486,40.3127],[-3.85932,40.3127],[-3.85932,40.3179]]]}},{"type":"Feature","properties":{"name":"Móstoles--piece--5-6--gCloud","number_of_ads_buy":9,"average_prize_buy":2175.91,"number_of_ads_rent":1,"average_prize_rent":11.058,"normalized_prize_buy":0.7699365554529402,"normalized_ads_buy":0.3,"normalized_prize_rent":null,"normalized_ads_rent":0.03333333333333333,"date":"2018-12-04T03:39:09.000Z","fill-opacity":0.6159492443623522,"fill":"#ff0000"},"bbox":[-3.85932,40.3075,-3.86486,40.3127],"geometry":{"type":"Polygon","coordinates":[[[-3.85932,40.3127],[-3.86486,40.3127],[-3.86486,40.3075],[-3.85932,40.3075],[-3.85932,40.3127]]]}},{"type":"Feature","properties":{"name":"Móstoles--piece--5-7--gCloud","number_of_ads_buy":8,"average_prize_buy":1953.9,"number_of_ads_rent":3,"average_prize_rent":10.881,"normalized_prize_buy":0.6913792554377249,"normalized_ads_buy":0.26666666666666666,"normalized_prize_rent":null,"normalized_ads_rent":0.1,"date":"2018-12-04T03:39:23.000Z","fill-opacity":0.55310340435018,"fill":"#ff0000"},"bbox":[-3.85932,40.3023,-3.86486,40.3075],"geometry":{"type":"Polygon","coordinates":[[[-3.85932,40.3075],[-3.86486,40.3075],[-3.86486,40.3023],[-3.85932,40.3023],[-3.85932,40.3075]]]}},{"type":"Feature","properties":{"name":"Móstoles--piece--6-0--gCloud","number_of_ads_buy":0,"average_prize_buy":0,"number_of_ads_rent":0,"average_prize_rent":0,"normalized_prize_buy":0,"normalized_ads_buy":0,"normalized_prize_rent":null,"normalized_ads_rent":0,"date":"2018-12-04T03:39:31.000Z","fill-opacity":0,"fill":"#ff0000"},"bbox":[-3.85378,40.3388,-3.85932,40.344],"geometry":{"type":"Polygon","coordinates":[[[-3.85378,40.344],[-3.85932,40.344],[-3.85932,40.3388],[-3.85378,40.3388],[-3.85378,40.344]]]}},{"type":"Feature","properties":{"name":"Móstoles--piece--6-1--gCloud","number_of_ads_buy":30,"average_prize_buy":2352.91,"number_of_ads_rent":7,"average_prize_rent":9.46167,"normalized_prize_buy":0.8325672572352614,"normalized_ads_buy":1,"normalized_prize_rent":null,"normalized_ads_rent":0.23333333333333334,"date":"2018-12-04T03:39:38.000Z","fill-opacity":0.6660538057882092,"fill":"#ff0000"},"bbox":[-3.85378,40.3336,-3.85932,40.3388],"geometry":{"type":"Polygon","coordinates":[[[-3.85378,40.3388],[-3.85932,40.3388],[-3.85932,40.3336],[-3.85378,40.3336],[-3.85378,40.3388]]]}},{"type":"Feature","properties":{"name":"Móstoles--piece--6-2--gCloud","number_of_ads_buy":19,"average_prize_buy":1787.15,"number_of_ads_rent":1,"average_prize_rent":8.77778,"normalized_prize_buy":0.6323754728264139,"normalized_ads_buy":0.6333333333333333,"normalized_prize_rent":null,"normalized_ads_rent":0.03333333333333333,"date":"2018-12-04T03:39:53.000Z","fill-opacity":0.5059003782611312,"fill":"#ff0000"},"bbox":[-3.85378,40.3283,-3.85932,40.3336],"geometry":{"type":"Polygon","coordinates":[[[-3.85378,40.3336],[-3.85932,40.3336],[-3.85932,40.3283],[-3.85378,40.3283],[-3.85378,40.3336]]]}},{"type":"Feature","properties":{"name":"Móstoles--piece--6-3--gCloud","number_of_ads_buy":27,"average_prize_buy":1711.16,"number_of_ads_rent":3,"average_prize_rent":9.09823,"normalized_prize_buy":0.6054867325527495,"normalized_ads_buy":0.9,"normalized_prize_rent":null,"normalized_ads_rent":0.1,"date":"2018-12-04T03:40:00.000Z","fill-opacity":0.48438938604219967,"fill":"#ff0000"},"bbox":[-3.85378,40.3231,-3.85932,40.3283],"geometry":{"type":"Polygon","coordinates":[[[-3.85378,40.3283],[-3.85932,40.3283],[-3.85932,40.3231],[-3.85378,40.3231],[-3.85378,40.3283]]]}},{"type":"Feature","properties":{"name":"Móstoles--piece--6-4--gCloud","number_of_ads_buy":30,"average_prize_buy":1667.13,"number_of_ads_rent":6,"average_prize_rent":7.69385,"normalized_prize_buy":0.5899069031771812,"normalized_ads_buy":1,"normalized_prize_rent":null,"normalized_ads_rent":0.2,"date":"2018-12-04T03:40:07.000Z","fill-opacity":0.47192552254174497,"fill":"#ff0000"},"bbox":[-3.85378,40.3179,-3.85932,40.3231],"geometry":{"type":"Polygon","coordinates":[[[-3.85378,40.3231],[-3.85932,40.3231],[-3.85932,40.3179],[-3.85378,40.3179],[-3.85378,40.3231]]]}},{"type":"Feature","properties":{"name":"Móstoles--piece--6-5--gCloud","number_of_ads_buy":23,"average_prize_buy":1785.27,"number_of_ads_rent":0,"average_prize_rent":0,"normalized_prize_buy":0.6317102427735847,"normalized_ads_buy":0.7666666666666667,"normalized_prize_rent":null,"normalized_ads_rent":0,"date":"2018-12-04T03:40:25.000Z","fill-opacity":0.5053681942188678,"fill":"#ff0000"},"bbox":[-3.85378,40.3127,-3.85932,40.3179],"geometry":{"type":"Polygon","coordinates":[[[-3.85378,40.3179],[-3.85932,40.3179],[-3.85932,40.3127],[-3.85378,40.3127],[-3.85378,40.3179]]]}},{"type":"Feature","properties":{"name":"Móstoles--piece--6-6--gCloud","number_of_ads_buy":3,"average_prize_buy":2193.46,"number_of_ads_rent":5,"average_prize_rent":10.1636,"normalized_prize_buy":0.7761465487652551,"normalized_ads_buy":0.1,"normalized_prize_rent":null,"normalized_ads_rent":0.16666666666666666,"date":"2018-12-04T03:40:31.000Z","fill-opacity":0.6209172390122042,"fill":"#ff0000"},"bbox":[-3.85378,40.3075,-3.85932,40.3127],"geometry":{"type":"Polygon","coordinates":[[[-3.85378,40.3127],[-3.85932,40.3127],[-3.85932,40.3075],[-3.85378,40.3075],[-3.85378,40.3127]]]}},{"type":"Feature","properties":{"name":"Móstoles--piece--6-7--gCloud","number_of_ads_buy":4,"average_prize_buy":2539.43,"number_of_ads_rent":1,"average_prize_rent":9.22222,"normalized_prize_buy":0.8985665707744621,"normalized_ads_buy":0.13333333333333333,"normalized_prize_rent":null,"normalized_ads_rent":0.03333333333333333,"date":"2018-12-04T03:40:39.000Z","fill-opacity":0.7188532566195698,"fill":"#ff0000"},"bbox":[-3.85378,40.3023,-3.85932,40.3075],"geometry":{"type":"Polygon","coordinates":[[[-3.85378,40.3075],[-3.85932,40.3075],[-3.85932,40.3023],[-3.85378,40.3023],[-3.85378,40.3075]]]}},{"type":"Feature","properties":{"name":"Móstoles--piece--7-0--gCloud","number_of_ads_buy":0,"average_prize_buy":0,"number_of_ads_rent":0,"average_prize_rent":0,"normalized_prize_buy":0,"normalized_ads_buy":0,"normalized_prize_rent":null,"normalized_ads_rent":0,"date":"2018-12-04T03:40:44.000Z","fill-opacity":0,"fill":"#ff0000"},"bbox":[-3.84824,40.3388,-3.85378,40.344],"geometry":{"type":"Polygon","coordinates":[[[-3.84824,40.344],[-3.85378,40.344],[-3.85378,40.3388],[-3.84824,40.3388],[-3.84824,40.344]]]}},{"type":"Feature","properties":{"name":"Móstoles--piece--7-1--gCloud","number_of_ads_buy":2,"average_prize_buy":2290.36,"number_of_ads_rent":0,"average_prize_rent":0,"normalized_prize_buy":0.8104342041477801,"normalized_ads_buy":0.06666666666666667,"normalized_prize_rent":null,"normalized_ads_rent":0,"date":"2018-12-04T03:40:53.000Z","fill-opacity":0.6483473633182242,"fill":"#ff0000"},"bbox":[-3.84824,40.3336,-3.85378,40.3388],"geometry":{"type":"Polygon","coordinates":[[[-3.84824,40.3388],[-3.85378,40.3388],[-3.85378,40.3336],[-3.84824,40.3336],[-3.84824,40.3388]]]}},{"type":"Feature","properties":{"name":"Móstoles--piece--7-2--gCloud","number_of_ads_buy":1,"average_prize_buy":2826.09,"number_of_ads_rent":0,"average_prize_rent":0,"normalized_prize_buy":1,"normalized_ads_buy":0.03333333333333333,"normalized_prize_rent":null,"normalized_ads_rent":0,"date":"2018-12-04T03:41:02.000Z","fill-opacity":0.8,"fill":"#ff0000"},"bbox":[-3.84824,40.3283,-3.85378,40.3336],"geometry":{"type":"Polygon","coordinates":[[[-3.84824,40.3336],[-3.85378,40.3336],[-3.85378,40.3283],[-3.84824,40.3283],[-3.84824,40.3336]]]}},{"type":"Feature","properties":{"name":"Móstoles--piece--7-3--gCloud","number_of_ads_buy":24,"average_prize_buy":1817.31,"number_of_ads_rent":0,"average_prize_rent":0,"normalized_prize_buy":0.6430474613335031,"normalized_ads_buy":0.8,"normalized_prize_rent":null,"normalized_ads_rent":0,"date":"2018-12-04T03:41:09.000Z","fill-opacity":0.5144379690668025,"fill":"#ff0000"},"bbox":[-3.84824,40.3231,-3.85378,40.3283],"geometry":{"type":"Polygon","coordinates":[[[-3.84824,40.3283],[-3.85378,40.3283],[-3.85378,40.3231],[-3.84824,40.3231],[-3.84824,40.3283]]]}},{"type":"Feature","properties":{"name":"Móstoles--piece--7-4--gCloud","number_of_ads_buy":30,"average_prize_buy":1765.67,"number_of_ads_rent":7,"average_prize_rent":8.01907,"normalized_prize_buy":0.6247748656270677,"normalized_ads_buy":1,"normalized_prize_rent":null,"normalized_ads_rent":0.23333333333333334,"date":"2018-12-04T03:41:18.000Z","fill-opacity":0.4998198925016542,"fill":"#ff0000"},"bbox":[-3.84824,40.3179,-3.85378,40.3231],"geometry":{"type":"Polygon","coordinates":[[[-3.84824,40.3231],[-3.85378,40.3231],[-3.85378,40.3179],[-3.84824,40.3179],[-3.84824,40.3231]]]}},{"type":"Feature","properties":{"name":"Móstoles--piece--7-5--gCloud","number_of_ads_buy":13,"average_prize_buy":1806.19,"number_of_ads_rent":1,"average_prize_rent":9.33333,"normalized_prize_buy":0.6391126963401732,"normalized_ads_buy":0.43333333333333335,"normalized_prize_rent":null,"normalized_ads_rent":0.03333333333333333,"date":"2018-12-04T03:41:26.000Z","fill-opacity":0.5112901570721385,"fill":"#ff0000"},"bbox":[-3.84824,40.3127,-3.85378,40.3179],"geometry":{"type":"Polygon","coordinates":[[[-3.84824,40.3179],[-3.85378,40.3179],[-3.85378,40.3127],[-3.84824,40.3127],[-3.84824,40.3179]]]}},{"type":"Feature","properties":{"name":"Móstoles--piece--7-6--gCloud","number_of_ads_buy":8,"average_prize_buy":2254.8,"number_of_ads_rent":0,"average_prize_rent":0,"normalized_prize_buy":0.7978514484676709,"normalized_ads_buy":0.26666666666666666,"normalized_prize_rent":null,"normalized_ads_rent":0,"date":"2018-12-04T03:41:32.000Z","fill-opacity":0.6382811587741367,"fill":"#ff0000"},"bbox":[-3.84824,40.3075,-3.85378,40.3127],"geometry":{"type":"Polygon","coordinates":[[[-3.84824,40.3127],[-3.85378,40.3127],[-3.85378,40.3075],[-3.84824,40.3075],[-3.84824,40.3127]]]}},{"type":"Feature","properties":{"name":"Móstoles--piece--7-7--gCloud","number_of_ads_buy":2,"average_prize_buy":1461.21,"number_of_ads_rent":0,"average_prize_rent":0,"normalized_prize_buy":0.5170429816460198,"normalized_ads_buy":0.06666666666666667,"normalized_prize_rent":null,"normalized_ads_rent":0,"date":"2018-12-04T03:41:41.000Z","fill-opacity":0.41363438531681584,"fill":"#ff0000"},"bbox":[-3.84824,40.3023,-3.85378,40.3075],"geometry":{"type":"Polygon","coordinates":[[[-3.84824,40.3075],[-3.85378,40.3075],[-3.85378,40.3023],[-3.84824,40.3023],[-3.84824,40.3075]]]}},{"type":"Feature","properties":{"name":"Móstoles--piece--8-0--gCloud","number_of_ads_buy":7,"average_prize_buy":2604.05,"number_of_ads_rent":2,"average_prize_rent":10.8418,"normalized_prize_buy":0.9214320846116012,"normalized_ads_buy":0.23333333333333334,"normalized_prize_rent":null,"normalized_ads_rent":0.06666666666666667,"date":"2018-12-04T03:41:54.000Z","fill-opacity":0.737145667689281,"fill":"#ff0000"},"bbox":[-3.84271,40.3388,-3.84824,40.344],"geometry":{"type":"Polygon","coordinates":[[[-3.84271,40.344],[-3.84824,40.344],[-3.84824,40.3388],[-3.84271,40.3388],[-3.84271,40.344]]]}},{"type":"Feature","properties":{"name":"Móstoles--piece--8-1--gCloud","number_of_ads_buy":0,"average_prize_buy":0,"number_of_ads_rent":0,"average_prize_rent":0,"normalized_prize_buy":0,"normalized_ads_buy":0,"normalized_prize_rent":null,"normalized_ads_rent":0,"date":"2018-12-04T03:42:03.000Z","fill-opacity":0,"fill":"#ff0000"},"bbox":[-3.84271,40.3336,-3.84824,40.3388],"geometry":{"type":"Polygon","coordinates":[[[-3.84271,40.3388],[-3.84824,40.3388],[-3.84824,40.3336],[-3.84271,40.3336],[-3.84271,40.3388]]]}},{"type":"Feature","properties":{"name":"Móstoles--piece--8-2--gCloud","number_of_ads_buy":0,"average_prize_buy":0,"number_of_ads_rent":0,"average_prize_rent":0,"normalized_prize_buy":0,"normalized_ads_buy":0,"normalized_prize_rent":null,"normalized_ads_rent":0,"date":"2018-12-04T03:42:09.000Z","fill-opacity":0,"fill":"#ff0000"},"bbox":[-3.84271,40.3283,-3.84824,40.3336],"geometry":{"type":"Polygon","coordinates":[[[-3.84271,40.3336],[-3.84824,40.3336],[-3.84824,40.3283],[-3.84271,40.3283],[-3.84271,40.3336]]]}},{"type":"Feature","properties":{"name":"Móstoles--piece--8-3--gCloud","number_of_ads_buy":0,"average_prize_buy":0,"number_of_ads_rent":0,"average_prize_rent":0,"normalized_prize_buy":0,"normalized_ads_buy":0,"normalized_prize_rent":null,"normalized_ads_rent":0,"date":"2018-12-04T03:42:23.000Z","fill-opacity":0,"fill":"#ff0000"},"bbox":[-3.84271,40.3231,-3.84824,40.3283],"geometry":{"type":"Polygon","coordinates":[[[-3.84271,40.3283],[-3.84824,40.3283],[-3.84824,40.3231],[-3.84271,40.3231],[-3.84271,40.3283]]]}},{"type":"Feature","properties":{"name":"Móstoles--piece--8-4--gCloud","number_of_ads_buy":1,"average_prize_buy":1041.25,"number_of_ads_rent":0,"average_prize_rent":0,"normalized_prize_buy":0.3684419109087113,"normalized_ads_buy":0.03333333333333333,"normalized_prize_rent":null,"normalized_ads_rent":0,"date":"2018-12-04T03:42:41.000Z","fill-opacity":0.2947535287269691,"fill":"#ff0000"},"bbox":[-3.84271,40.3179,-3.84824,40.3231],"geometry":{"type":"Polygon","coordinates":[[[-3.84271,40.3231],[-3.84824,40.3231],[-3.84824,40.3179],[-3.84271,40.3179],[-3.84271,40.3231]]]}},{"type":"Feature","properties":{"name":"Móstoles--piece--8-5--gCloud","number_of_ads_buy":0,"average_prize_buy":0,"number_of_ads_rent":0,"average_prize_rent":0,"normalized_prize_buy":0,"normalized_ads_buy":0,"normalized_prize_rent":null,"normalized_ads_rent":0,"date":"2018-12-04T03:42:47.000Z","fill-opacity":0,"fill":"#ff0000"},"bbox":[-3.84271,40.3127,-3.84824,40.3179],"geometry":{"type":"Polygon","coordinates":[[[-3.84271,40.3179],[-3.84824,40.3179],[-3.84824,40.3127],[-3.84271,40.3127],[-3.84271,40.3179]]]}},{"type":"Feature","properties":{"name":"Móstoles--piece--8-6--gCloud","number_of_ads_buy":0,"average_prize_buy":0,"number_of_ads_rent":0,"average_prize_rent":0,"normalized_prize_buy":0,"normalized_ads_buy":0,"normalized_prize_rent":null,"normalized_ads_rent":0,"date":"2018-12-04T03:42:53.000Z","fill-opacity":0,"fill":"#ff0000"},"bbox":[-3.84271,40.3075,-3.84824,40.3127],"geometry":{"type":"Polygon","coordinates":[[[-3.84271,40.3127],[-3.84824,40.3127],[-3.84824,40.3075],[-3.84271,40.3075],[-3.84271,40.3127]]]}},{"type":"Feature","properties":{"name":"Móstoles--piece--8-7--gCloud","number_of_ads_buy":0,"average_prize_buy":0,"number_of_ads_rent":0,"average_prize_rent":0,"normalized_prize_buy":0,"normalized_ads_buy":0,"normalized_prize_rent":null,"normalized_ads_rent":0,"date":"2018-12-04T03:43:01.000Z","fill-opacity":0,"fill":"#ff0000"},"bbox":[-3.84271,40.3023,-3.84824,40.3075],"geometry":{"type":"Polygon","coordinates":[[[-3.84271,40.3075],[-3.84824,40.3075],[-3.84824,40.3023],[-3.84271,40.3023],[-3.84271,40.3075]]]}}]}