{"type":"FeatureCollection","features":[{"type":"Feature","properties":{"name":"Paracuellos de Jarama--piece--0-0--gCloud","number_of_ads_buy":0,"average_prize_buy":0,"number_of_ads_rent":0,"average_prize_rent":0,"normalized_prize_buy":0,"normalized_ads_buy":0,"normalized_prize_rent":null,"normalized_ads_rent":0,"date":"2018-12-04T05:20:15.000Z","fill-opacity":0,"fill":"#ff0000"},"bbox":[-3.54931,40.5249,-3.55441,40.5305],"geometry":{"type":"Polygon","coordinates":[[[-3.54931,40.5305],[-3.55441,40.5305],[-3.55441,40.5249],[-3.54931,40.5249],[-3.54931,40.5305]]]}},{"type":"Feature","properties":{"name":"Paracuellos de Jarama--piece--0-1--gCloud","number_of_ads_buy":0,"average_prize_buy":0,"number_of_ads_rent":0,"average_prize_rent":0,"normalized_prize_buy":0,"normalized_ads_buy":0,"normalized_prize_rent":null,"normalized_ads_rent":0,"date":"2018-12-04T05:20:23.000Z","fill-opacity":0,"fill":"#ff0000"},"bbox":[-3.54931,40.5194,-3.55441,40.5249],"geometry":{"type":"Polygon","coordinates":[[[-3.54931,40.5249],[-3.55441,40.5249],[-3.55441,40.5194],[-3.54931,40.5194],[-3.54931,40.5249]]]}},{"type":"Feature","properties":{"name":"Paracuellos de Jarama--piece--0-2--gCloud","number_of_ads_buy":0,"average_prize_buy":0,"number_of_ads_rent":0,"average_prize_rent":0,"normalized_prize_buy":0,"normalized_ads_buy":0,"normalized_prize_rent":null,"normalized_ads_rent":0,"date":"2018-12-04T05:20:29.000Z","fill-opacity":0,"fill":"#ff0000"},"bbox":[-3.54931,40.5138,-3.55441,40.5194],"geometry":{"type":"Polygon","coordinates":[[[-3.54931,40.5194],[-3.55441,40.5194],[-3.55441,40.5138],[-3.54931,40.5138],[-3.54931,40.5194]]]}},{"type":"Feature","properties":{"name":"Paracuellos de Jarama--piece--0-3--gCloud","number_of_ads_buy":0,"average_prize_buy":0,"number_of_ads_rent":0,"average_prize_rent":0,"normalized_prize_buy":0,"normalized_ads_buy":0,"normalized_prize_rent":null,"normalized_ads_rent":0,"date":"2018-12-04T05:20:34.000Z","fill-opacity":0,"fill":"#ff0000"},"bbox":[-3.54931,40.5083,-3.55441,40.5138],"geometry":{"type":"Polygon","coordinates":[[[-3.54931,40.5138],[-3.55441,40.5138],[-3.55441,40.5083],[-3.54931,40.5083],[-3.54931,40.5138]]]}},{"type":"Feature","properties":{"name":"Paracuellos de Jarama--piece--0-4--gCloud","number_of_ads_buy":0,"average_prize_buy":0,"number_of_ads_rent":0,"average_prize_rent":0,"normalized_prize_buy":0,"normalized_ads_buy":0,"normalized_prize_rent":null,"normalized_ads_rent":0,"date":"2018-12-04T05:20:45.000Z","fill-opacity":0,"fill":"#ff0000"},"bbox":[-3.54931,40.5028,-3.55441,40.5083],"geometry":{"type":"Polygon","coordinates":[[[-3.54931,40.5083],[-3.55441,40.5083],[-3.55441,40.5028],[-3.54931,40.5028],[-3.54931,40.5083]]]}},{"type":"Feature","properties":{"name":"Paracuellos de Jarama--piece--0-5--gCloud","number_of_ads_buy":0,"average_prize_buy":0,"number_of_ads_rent":0,"average_prize_rent":0,"normalized_prize_buy":0,"normalized_ads_buy":0,"normalized_prize_rent":null,"normalized_ads_rent":0,"date":"2018-12-04T05:20:51.000Z","fill-opacity":0,"fill":"#ff0000"},"bbox":[-3.54931,40.4972,-3.55441,40.5028],"geometry":{"type":"Polygon","coordinates":[[[-3.54931,40.5028],[-3.55441,40.5028],[-3.55441,40.4972],[-3.54931,40.4972],[-3.54931,40.5028]]]}},{"type":"Feature","properties":{"name":"Paracuellos de Jarama--piece--0-6--gCloud","number_of_ads_buy":0,"average_prize_buy":0,"number_of_ads_rent":0,"average_prize_rent":0,"normalized_prize_buy":0,"normalized_ads_buy":0,"normalized_prize_rent":null,"normalized_ads_rent":0,"date":"2018-12-04T05:20:56.000Z","fill-opacity":0,"fill":"#ff0000"},"bbox":[-3.54931,40.4917,-3.55441,40.4972],"geometry":{"type":"Polygon","coordinates":[[[-3.54931,40.4972],[-3.55441,40.4972],[-3.55441,40.4917],[-3.54931,40.4917],[-3.54931,40.4972]]]}},{"type":"Feature","properties":{"name":"Paracuellos de Jarama--piece--1-0--gCloud","number_of_ads_buy":0,"average_prize_buy":0,"number_of_ads_rent":0,"average_prize_rent":0,"normalized_prize_buy":0,"normalized_ads_buy":0,"normalized_prize_rent":null,"normalized_ads_rent":0,"date":"2018-12-04T05:21:05.000Z","fill-opacity":0,"fill":"#ff0000"},"bbox":[-3.54422,40.5249,-3.54931,40.5305],"geometry":{"type":"Polygon","coordinates":[[[-3.54422,40.5305],[-3.54931,40.5305],[-3.54931,40.5249],[-3.54422,40.5249],[-3.54422,40.5305]]]}},{"type":"Feature","properties":{"name":"Paracuellos de Jarama--piece--1-1--gCloud","number_of_ads_buy":0,"average_prize_buy":0,"number_of_ads_rent":0,"average_prize_rent":0,"normalized_prize_buy":0,"normalized_ads_buy":0,"normalized_prize_rent":null,"normalized_ads_rent":0,"date":"2018-12-04T05:21:13.000Z","fill-opacity":0,"fill":"#ff0000"},"bbox":[-3.54422,40.5194,-3.54931,40.5249],"geometry":{"type":"Polygon","coordinates":[[[-3.54422,40.5249],[-3.54931,40.5249],[-3.54931,40.5194],[-3.54422,40.5194],[-3.54422,40.5249]]]}},{"type":"Feature","properties":{"name":"Paracuellos de Jarama--piece--1-2--gCloud","number_of_ads_buy":0,"average_prize_buy":0,"number_of_ads_rent":0,"average_prize_rent":0,"normalized_prize_buy":0,"normalized_ads_buy":0,"normalized_prize_rent":null,"normalized_ads_rent":0,"date":"2018-12-04T05:21:21.000Z","fill-opacity":0,"fill":"#ff0000"},"bbox":[-3.54422,40.5138,-3.54931,40.5194],"geometry":{"type":"Polygon","coordinates":[[[-3.54422,40.5194],[-3.54931,40.5194],[-3.54931,40.5138],[-3.54422,40.5138],[-3.54422,40.5194]]]}},{"type":"Feature","properties":{"name":"Paracuellos de Jarama--piece--1-3--gCloud","number_of_ads_buy":0,"average_prize_buy":0,"number_of_ads_rent":0,"average_prize_rent":0,"normalized_prize_buy":0,"normalized_ads_buy":0,"normalized_prize_rent":null,"normalized_ads_rent":0,"date":"2018-12-04T05:21:27.000Z","fill-opacity":0,"fill":"#ff0000"},"bbox":[-3.54422,40.5083,-3.54931,40.5138],"geometry":{"type":"Polygon","coordinates":[[[-3.54422,40.5138],[-3.54931,40.5138],[-3.54931,40.5083],[-3.54422,40.5083],[-3.54422,40.5138]]]}},{"type":"Feature","properties":{"name":"Paracuellos de Jarama--piece--1-4--gCloud","number_of_ads_buy":0,"average_prize_buy":0,"number_of_ads_rent":0,"average_prize_rent":0,"normalized_prize_buy":0,"normalized_ads_buy":0,"normalized_prize_rent":null,"normalized_ads_rent":0,"date":"2018-12-04T05:21:38.000Z","fill-opacity":0,"fill":"#ff0000"},"bbox":[-3.54422,40.5028,-3.54931,40.5083],"geometry":{"type":"Polygon","coordinates":[[[-3.54422,40.5083],[-3.54931,40.5083],[-3.54931,40.5028],[-3.54422,40.5028],[-3.54422,40.5083]]]}},{"type":"Feature","properties":{"name":"Paracuellos de Jarama--piece--1-5--gCloud","number_of_ads_buy":4,"average_prize_buy":2301.86,"number_of_ads_rent":1,"average_prize_rent":7.52212,"normalized_prize_buy":0.7193312500000001,"normalized_ads_buy":0.23529411764705882,"normalized_prize_rent":null,"normalized_ads_rent":0.058823529411764705,"date":"2018-12-04T05:21:49.000Z","fill-opacity":0.5754650000000001,"fill":"#ff0000"},"bbox":[-3.54422,40.4972,-3.54931,40.5028],"geometry":{"type":"Polygon","coordinates":[[[-3.54422,40.5028],[-3.54931,40.5028],[-3.54931,40.4972],[-3.54422,40.4972],[-3.54422,40.5028]]]}},{"type":"Feature","properties":{"name":"Paracuellos de Jarama--piece--1-6--gCloud","number_of_ads_buy":0,"average_prize_buy":0,"number_of_ads_rent":0,"average_prize_rent":0,"normalized_prize_buy":0,"normalized_ads_buy":0,"normalized_prize_rent":null,"normalized_ads_rent":0,"date":"2018-12-04T05:21:57.000Z","fill-opacity":0,"fill":"#ff0000"},"bbox":[-3.54422,40.4917,-3.54931,40.4972],"geometry":{"type":"Polygon","coordinates":[[[-3.54422,40.4972],[-3.54931,40.4972],[-3.54931,40.4917],[-3.54422,40.4917],[-3.54422,40.4972]]]}},{"type":"Feature","properties":{"name":"Paracuellos de Jarama--piece--2-0--gCloud","number_of_ads_buy":6,"average_prize_buy":1352.01,"number_of_ads_rent":0,"average_prize_rent":0,"normalized_prize_buy":0.422503125,"normalized_ads_buy":0.35294117647058826,"normalized_prize_rent":null,"normalized_ads_rent":0,"date":"2018-12-04T05:22:05.000Z","fill-opacity":0.3380025,"fill":"#ff0000"},"bbox":[-3.53912,40.5249,-3.54422,40.5305],"geometry":{"type":"Polygon","coordinates":[[[-3.53912,40.5305],[-3.54422,40.5305],[-3.54422,40.5249],[-3.53912,40.5249],[-3.53912,40.5305]]]}},{"type":"Feature","properties":{"name":"Paracuellos de Jarama--piece--2-1--gCloud","number_of_ads_buy":3,"average_prize_buy":1713.79,"number_of_ads_rent":0,"average_prize_rent":0,"normalized_prize_buy":0.535559375,"normalized_ads_buy":0.17647058823529413,"normalized_prize_rent":null,"normalized_ads_rent":0,"date":"2018-12-04T05:22:17.000Z","fill-opacity":0.4284475,"fill":"#ff0000"},"bbox":[-3.53912,40.5194,-3.54422,40.5249],"geometry":{"type":"Polygon","coordinates":[[[-3.53912,40.5249],[-3.54422,40.5249],[-3.54422,40.5194],[-3.53912,40.5194],[-3.53912,40.5249]]]}},{"type":"Feature","properties":{"name":"Paracuellos de Jarama--piece--2-2--gCloud","number_of_ads_buy":3,"average_prize_buy":1431.36,"number_of_ads_rent":0,"average_prize_rent":0,"normalized_prize_buy":0.4473,"normalized_ads_buy":0.17647058823529413,"normalized_prize_rent":null,"normalized_ads_rent":0,"date":"2018-12-04T05:22:25.000Z","fill-opacity":0.35784,"fill":"#ff0000"},"bbox":[-3.53912,40.5138,-3.54422,40.5194],"geometry":{"type":"Polygon","coordinates":[[[-3.53912,40.5194],[-3.54422,40.5194],[-3.54422,40.5138],[-3.53912,40.5138],[-3.53912,40.5194]]]}},{"type":"Feature","properties":{"name":"Paracuellos de Jarama--piece--2-3--gCloud","number_of_ads_buy":0,"average_prize_buy":0,"number_of_ads_rent":0,"average_prize_rent":0,"normalized_prize_buy":0,"normalized_ads_buy":0,"normalized_prize_rent":null,"normalized_ads_rent":0,"date":"2018-12-04T05:22:34.000Z","fill-opacity":0,"fill":"#ff0000"},"bbox":[-3.53912,40.5083,-3.54422,40.5138],"geometry":{"type":"Polygon","coordinates":[[[-3.53912,40.5138],[-3.54422,40.5138],[-3.54422,40.5083],[-3.53912,40.5083],[-3.53912,40.5138]]]}},{"type":"Feature","properties":{"name":"Paracuellos de Jarama--piece--2-4--gCloud","number_of_ads_buy":0,"average_prize_buy":0,"number_of_ads_rent":0,"average_prize_rent":0,"normalized_prize_buy":0,"normalized_ads_buy":0,"normalized_prize_rent":null,"normalized_ads_rent":0,"date":"2018-12-04T05:22:42.000Z","fill-opacity":0,"fill":"#ff0000"},"bbox":[-3.53912,40.5028,-3.54422,40.5083],"geometry":{"type":"Polygon","coordinates":[[[-3.53912,40.5083],[-3.54422,40.5083],[-3.54422,40.5028],[-3.53912,40.5028],[-3.53912,40.5083]]]}},{"type":"Feature","properties":{"name":"Paracuellos de Jarama--piece--2-5--gCloud","number_of_ads_buy":0,"average_prize_buy":0,"number_of_ads_rent":0,"average_prize_rent":0,"normalized_prize_buy":0,"normalized_ads_buy":0,"normalized_prize_rent":null,"normalized_ads_rent":0,"date":"2018-12-04T05:22:48.000Z","fill-opacity":0,"fill":"#ff0000"},"bbox":[-3.53912,40.4972,-3.54422,40.5028],"geometry":{"type":"Polygon","coordinates":[[[-3.53912,40.5028],[-3.54422,40.5028],[-3.54422,40.4972],[-3.53912,40.4972],[-3.53912,40.5028]]]}},{"type":"Feature","properties":{"name":"Paracuellos de Jarama--piece--2-6--gCloud","number_of_ads_buy":0,"average_prize_buy":0,"number_of_ads_rent":0,"average_prize_rent":0,"normalized_prize_buy":0,"normalized_ads_buy":0,"normalized_prize_rent":null,"normalized_ads_rent":0,"date":"2018-12-04T05:22:58.000Z","fill-opacity":0,"fill":"#ff0000"},"bbox":[-3.53912,40.4917,-3.54422,40.4972],"geometry":{"type":"Polygon","coordinates":[[[-3.53912,40.4972],[-3.54422,40.4972],[-3.54422,40.4917],[-3.53912,40.4917],[-3.53912,40.4972]]]}},{"type":"Feature","properties":{"name":"Paracuellos de Jarama--piece--3-0--gCloud","number_of_ads_buy":3,"average_prize_buy":1044.08,"number_of_ads_rent":0,"average_prize_rent":0,"normalized_prize_buy":0.326275,"normalized_ads_buy":0.17647058823529413,"normalized_prize_rent":null,"normalized_ads_rent":0,"date":"2018-12-04T05:23:03.000Z","fill-opacity":0.26102,"fill":"#ff0000"},"bbox":[-3.53402,40.5249,-3.53912,40.5305],"geometry":{"type":"Polygon","coordinates":[[[-3.53402,40.5305],[-3.53912,40.5305],[-3.53912,40.5249],[-3.53402,40.5249],[-3.53402,40.5305]]]}},{"type":"Feature","properties":{"name":"Paracuellos de Jarama--piece--3-1--gCloud","number_of_ads_buy":1,"average_prize_buy":1445.61,"number_of_ads_rent":0,"average_prize_rent":0,"normalized_prize_buy":0.451753125,"normalized_ads_buy":0.058823529411764705,"normalized_prize_rent":null,"normalized_ads_rent":0,"date":"2018-12-04T05:23:12.000Z","fill-opacity":0.3614025,"fill":"#ff0000"},"bbox":[-3.53402,40.5194,-3.53912,40.5249],"geometry":{"type":"Polygon","coordinates":[[[-3.53402,40.5249],[-3.53912,40.5249],[-3.53912,40.5194],[-3.53402,40.5194],[-3.53402,40.5249]]]}},{"type":"Feature","properties":{"name":"Paracuellos de Jarama--piece--3-2--gCloud","number_of_ads_buy":3,"average_prize_buy":1545.35,"number_of_ads_rent":1,"average_prize_rent":2.66667,"normalized_prize_buy":0.48292187499999994,"normalized_ads_buy":0.17647058823529413,"normalized_prize_rent":null,"normalized_ads_rent":0.058823529411764705,"date":"2018-12-04T05:23:18.000Z","fill-opacity":0.3863375,"fill":"#ff0000"},"bbox":[-3.53402,40.5138,-3.53912,40.5194],"geometry":{"type":"Polygon","coordinates":[[[-3.53402,40.5194],[-3.53912,40.5194],[-3.53912,40.5138],[-3.53402,40.5138],[-3.53402,40.5194]]]}},{"type":"Feature","properties":{"name":"Paracuellos de Jarama--piece--3-3--gCloud","number_of_ads_buy":1,"average_prize_buy":2700,"number_of_ads_rent":0,"average_prize_rent":0,"normalized_prize_buy":0.84375,"normalized_ads_buy":0.058823529411764705,"normalized_prize_rent":null,"normalized_ads_rent":0,"date":"2018-12-04T05:23:23.000Z","fill-opacity":0.675,"fill":"#ff0000"},"bbox":[-3.53402,40.5083,-3.53912,40.5138],"geometry":{"type":"Polygon","coordinates":[[[-3.53402,40.5138],[-3.53912,40.5138],[-3.53912,40.5083],[-3.53402,40.5083],[-3.53402,40.5138]]]}},{"type":"Feature","properties":{"name":"Paracuellos de Jarama--piece--3-4--gCloud","number_of_ads_buy":1,"average_prize_buy":1091.05,"number_of_ads_rent":1,"average_prize_rent":11.5625,"normalized_prize_buy":0.34095312499999997,"normalized_ads_buy":0.058823529411764705,"normalized_prize_rent":null,"normalized_ads_rent":0.058823529411764705,"date":"2018-12-04T05:23:31.000Z","fill-opacity":0.27276249999999996,"fill":"#ff0000"},"bbox":[-3.53402,40.5028,-3.53912,40.5083],"geometry":{"type":"Polygon","coordinates":[[[-3.53402,40.5083],[-3.53912,40.5083],[-3.53912,40.5028],[-3.53402,40.5028],[-3.53402,40.5083]]]}},{"type":"Feature","properties":{"name":"Paracuellos de Jarama--piece--3-5--gCloud","number_of_ads_buy":0,"average_prize_buy":0,"number_of_ads_rent":0,"average_prize_rent":0,"normalized_prize_buy":0,"normalized_ads_buy":0,"normalized_prize_rent":null,"normalized_ads_rent":0,"date":"2018-12-04T05:23:42.000Z","fill-opacity":0,"fill":"#ff0000"},"bbox":[-3.53402,40.4972,-3.53912,40.5028],"geometry":{"type":"Polygon","coordinates":[[[-3.53402,40.5028],[-3.53912,40.5028],[-3.53912,40.4972],[-3.53402,40.4972],[-3.53402,40.5028]]]}},{"type":"Feature","properties":{"name":"Paracuellos de Jarama--piece--3-6--gCloud","number_of_ads_buy":0,"average_prize_buy":0,"number_of_ads_rent":0,"average_prize_rent":0,"normalized_prize_buy":0,"normalized_ads_buy":0,"normalized_prize_rent":null,"normalized_ads_rent":0,"date":"2018-12-04T05:23:53.000Z","fill-opacity":0,"fill":"#ff0000"},"bbox":[-3.53402,40.4917,-3.53912,40.4972],"geometry":{"type":"Polygon","coordinates":[[[-3.53402,40.4972],[-3.53912,40.4972],[-3.53912,40.4917],[-3.53402,40.4917],[-3.53402,40.4972]]]}},{"type":"Feature","properties":{"name":"Paracuellos de Jarama--piece--4-0--gCloud","number_of_ads_buy":1,"average_prize_buy":666.667,"number_of_ads_rent":0,"average_prize_rent":0,"normalized_prize_buy":0.2083334375,"normalized_ads_buy":0.058823529411764705,"normalized_prize_rent":null,"normalized_ads_rent":0,"date":"2018-12-04T05:23:58.000Z","fill-opacity":0.16666675,"fill":"#ff0000"},"bbox":[-3.52892,40.5249,-3.53402,40.5305],"geometry":{"type":"Polygon","coordinates":[[[-3.52892,40.5305],[-3.53402,40.5305],[-3.53402,40.5249],[-3.52892,40.5249],[-3.52892,40.5305]]]}},{"type":"Feature","properties":{"name":"Paracuellos de Jarama--piece--4-1--gCloud","number_of_ads_buy":0,"average_prize_buy":0,"number_of_ads_rent":0,"average_prize_rent":0,"normalized_prize_buy":0,"normalized_ads_buy":0,"normalized_prize_rent":null,"normalized_ads_rent":0,"date":"2018-12-04T05:24:04.000Z","fill-opacity":0,"fill":"#ff0000"},"bbox":[-3.52892,40.5194,-3.53402,40.5249],"geometry":{"type":"Polygon","coordinates":[[[-3.52892,40.5249],[-3.53402,40.5249],[-3.53402,40.5194],[-3.52892,40.5194],[-3.52892,40.5249]]]}},{"type":"Feature","properties":{"name":"Paracuellos de Jarama--piece--4-2--gCloud","number_of_ads_buy":0,"average_prize_buy":0,"number_of_ads_rent":0,"average_prize_rent":0,"normalized_prize_buy":0,"normalized_ads_buy":0,"normalized_prize_rent":null,"normalized_ads_rent":0,"date":"2018-12-04T05:24:12.000Z","fill-opacity":0,"fill":"#ff0000"},"bbox":[-3.52892,40.5138,-3.53402,40.5194],"geometry":{"type":"Polygon","coordinates":[[[-3.52892,40.5194],[-3.53402,40.5194],[-3.53402,40.5138],[-3.52892,40.5138],[-3.52892,40.5194]]]}},{"type":"Feature","properties":{"name":"Paracuellos de Jarama--piece--4-3--gCloud","number_of_ads_buy":0,"average_prize_buy":0,"number_of_ads_rent":0,"average_prize_rent":0,"normalized_prize_buy":0,"normalized_ads_buy":0,"normalized_prize_rent":null,"normalized_ads_rent":0,"date":"2018-12-04T05:24:21.000Z","fill-opacity":0,"fill":"#ff0000"},"bbox":[-3.52892,40.5083,-3.53402,40.5138],"geometry":{"type":"Polygon","coordinates":[[[-3.52892,40.5138],[-3.53402,40.5138],[-3.53402,40.5083],[-3.52892,40.5083],[-3.52892,40.5138]]]}},{"type":"Feature","properties":{"name":"Paracuellos de Jarama--piece--4-4--gCloud","number_of_ads_buy":17,"average_prize_buy":1724.26,"number_of_ads_rent":2,"average_prize_rent":11.7276,"normalized_prize_buy":0.53883125,"normalized_ads_buy":1,"normalized_prize_rent":null,"normalized_ads_rent":0.11764705882352941,"date":"2018-12-04T05:24:27.000Z","fill-opacity":0.43106500000000003,"fill":"#ff0000"},"bbox":[-3.52892,40.5028,-3.53402,40.5083],"geometry":{"type":"Polygon","coordinates":[[[-3.52892,40.5083],[-3.53402,40.5083],[-3.53402,40.5028],[-3.52892,40.5028],[-3.52892,40.5083]]]}},{"type":"Feature","properties":{"name":"Paracuellos de Jarama--piece--4-5--gCloud","number_of_ads_buy":3,"average_prize_buy":2127.24,"number_of_ads_rent":1,"average_prize_rent":10.7143,"normalized_prize_buy":0.6647624999999999,"normalized_ads_buy":0.17647058823529413,"normalized_prize_rent":null,"normalized_ads_rent":0.058823529411764705,"date":"2018-12-04T05:24:39.000Z","fill-opacity":0.53181,"fill":"#ff0000"},"bbox":[-3.52892,40.4972,-3.53402,40.5028],"geometry":{"type":"Polygon","coordinates":[[[-3.52892,40.5028],[-3.53402,40.5028],[-3.53402,40.4972],[-3.52892,40.4972],[-3.52892,40.5028]]]}},{"type":"Feature","properties":{"name":"Paracuellos de Jarama--piece--4-6--gCloud","number_of_ads_buy":0,"average_prize_buy":0,"number_of_ads_rent":0,"average_prize_rent":0,"normalized_prize_buy":0,"normalized_ads_buy":0,"normalized_prize_rent":null,"normalized_ads_rent":0,"date":"2018-12-04T05:24:47.000Z","fill-opacity":0,"fill":"#ff0000"},"bbox":[-3.52892,40.4917,-3.53402,40.4972],"geometry":{"type":"Polygon","coordinates":[[[-3.52892,40.4972],[-3.53402,40.4972],[-3.53402,40.4917],[-3.52892,40.4917],[-3.52892,40.4972]]]}},{"type":"Feature","properties":{"name":"Paracuellos de Jarama--piece--5-0--gCloud","number_of_ads_buy":0,"average_prize_buy":0,"number_of_ads_rent":0,"average_prize_rent":0,"normalized_prize_buy":0,"normalized_ads_buy":0,"normalized_prize_rent":null,"normalized_ads_rent":0,"date":"2018-12-04T05:24:52.000Z","fill-opacity":0,"fill":"#ff0000"},"bbox":[-3.52382,40.5249,-3.52892,40.5305],"geometry":{"type":"Polygon","coordinates":[[[-3.52382,40.5305],[-3.52892,40.5305],[-3.52892,40.5249],[-3.52382,40.5249],[-3.52382,40.5305]]]}},{"type":"Feature","properties":{"name":"Paracuellos de Jarama--piece--5-1--gCloud","number_of_ads_buy":0,"average_prize_buy":0,"number_of_ads_rent":0,"average_prize_rent":0,"normalized_prize_buy":0,"normalized_ads_buy":0,"normalized_prize_rent":null,"normalized_ads_rent":0,"date":"2018-12-04T05:25:01.000Z","fill-opacity":0,"fill":"#ff0000"},"bbox":[-3.52382,40.5194,-3.52892,40.5249],"geometry":{"type":"Polygon","coordinates":[[[-3.52382,40.5249],[-3.52892,40.5249],[-3.52892,40.5194],[-3.52382,40.5194],[-3.52382,40.5249]]]}},{"type":"Feature","properties":{"name":"Paracuellos de Jarama--piece--5-2--gCloud","number_of_ads_buy":0,"average_prize_buy":0,"number_of_ads_rent":0,"average_prize_rent":0,"normalized_prize_buy":0,"normalized_ads_buy":0,"normalized_prize_rent":null,"normalized_ads_rent":0,"date":"2018-12-04T05:25:10.000Z","fill-opacity":0,"fill":"#ff0000"},"bbox":[-3.52382,40.5138,-3.52892,40.5194],"geometry":{"type":"Polygon","coordinates":[[[-3.52382,40.5194],[-3.52892,40.5194],[-3.52892,40.5138],[-3.52382,40.5138],[-3.52382,40.5194]]]}},{"type":"Feature","properties":{"name":"Paracuellos de Jarama--piece--5-3--gCloud","number_of_ads_buy":0,"average_prize_buy":0,"number_of_ads_rent":0,"average_prize_rent":0,"normalized_prize_buy":0,"normalized_ads_buy":0,"normalized_prize_rent":null,"normalized_ads_rent":0,"date":"2018-12-04T05:25:17.000Z","fill-opacity":0,"fill":"#ff0000"},"bbox":[-3.52382,40.5083,-3.52892,40.5138],"geometry":{"type":"Polygon","coordinates":[[[-3.52382,40.5138],[-3.52892,40.5138],[-3.52892,40.5083],[-3.52382,40.5083],[-3.52382,40.5138]]]}},{"type":"Feature","properties":{"name":"Paracuellos de Jarama--piece--5-4--gCloud","number_of_ads_buy":10,"average_prize_buy":1839.12,"number_of_ads_rent":1,"average_prize_rent":8.03571,"normalized_prize_buy":0.5747249999999999,"normalized_ads_buy":0.5882352941176471,"normalized_prize_rent":null,"normalized_ads_rent":0.058823529411764705,"date":"2018-12-04T05:25:28.000Z","fill-opacity":0.45977999999999997,"fill":"#ff0000"},"bbox":[-3.52382,40.5028,-3.52892,40.5083],"geometry":{"type":"Polygon","coordinates":[[[-3.52382,40.5083],[-3.52892,40.5083],[-3.52892,40.5028],[-3.52382,40.5028],[-3.52382,40.5083]]]}},{"type":"Feature","properties":{"name":"Paracuellos de Jarama--piece--5-5--gCloud","number_of_ads_buy":3,"average_prize_buy":1790.28,"number_of_ads_rent":0,"average_prize_rent":0,"normalized_prize_buy":0.5594625,"normalized_ads_buy":0.17647058823529413,"normalized_prize_rent":null,"normalized_ads_rent":0,"date":"2018-12-04T05:25:37.000Z","fill-opacity":0.44757,"fill":"#ff0000"},"bbox":[-3.52382,40.4972,-3.52892,40.5028],"geometry":{"type":"Polygon","coordinates":[[[-3.52382,40.5028],[-3.52892,40.5028],[-3.52892,40.4972],[-3.52382,40.4972],[-3.52382,40.5028]]]}},{"type":"Feature","properties":{"name":"Paracuellos de Jarama--piece--5-6--gCloud","number_of_ads_buy":1,"average_prize_buy":2222.22,"number_of_ads_rent":0,"average_prize_rent":0,"normalized_prize_buy":0.6944437499999999,"normalized_ads_buy":0.058823529411764705,"normalized_prize_rent":null,"normalized_ads_rent":0,"date":"2018-12-04T05:25:42.000Z","fill-opacity":0.5555549999999999,"fill":"#ff0000"},"bbox":[-3.52382,40.4917,-3.52892,40.4972],"geometry":{"type":"Polygon","coordinates":[[[-3.52382,40.4972],[-3.52892,40.4972],[-3.52892,40.4917],[-3.52382,40.4917],[-3.52382,40.4972]]]}},{"type":"Feature","properties":{"name":"Paracuellos de Jarama--piece--6-0--gCloud","number_of_ads_buy":0,"average_prize_buy":0,"number_of_ads_rent":0,"average_prize_rent":0,"normalized_prize_buy":0,"normalized_ads_buy":0,"normalized_prize_rent":null,"normalized_ads_rent":0,"date":"2018-12-04T05:25:48.000Z","fill-opacity":0,"fill":"#ff0000"},"bbox":[-3.51873,40.5249,-3.52382,40.5305],"geometry":{"type":"Polygon","coordinates":[[[-3.51873,40.5305],[-3.52382,40.5305],[-3.52382,40.5249],[-3.51873,40.5249],[-3.51873,40.5305]]]}},{"type":"Feature","properties":{"name":"Paracuellos de Jarama--piece--6-1--gCloud","number_of_ads_buy":0,"average_prize_buy":0,"number_of_ads_rent":0,"average_prize_rent":0,"normalized_prize_buy":0,"normalized_ads_buy":0,"normalized_prize_rent":null,"normalized_ads_rent":0,"date":"2018-12-04T05:25:53.000Z","fill-opacity":0,"fill":"#ff0000"},"bbox":[-3.51873,40.5194,-3.52382,40.5249],"geometry":{"type":"Polygon","coordinates":[[[-3.51873,40.5249],[-3.52382,40.5249],[-3.52382,40.5194],[-3.51873,40.5194],[-3.51873,40.5249]]]}},{"type":"Feature","properties":{"name":"Paracuellos de Jarama--piece--6-2--gCloud","number_of_ads_buy":0,"average_prize_buy":0,"number_of_ads_rent":0,"average_prize_rent":0,"normalized_prize_buy":0,"normalized_ads_buy":0,"normalized_prize_rent":null,"normalized_ads_rent":0,"date":"2018-12-04T05:26:01.000Z","fill-opacity":0,"fill":"#ff0000"},"bbox":[-3.51873,40.5138,-3.52382,40.5194],"geometry":{"type":"Polygon","coordinates":[[[-3.51873,40.5194],[-3.52382,40.5194],[-3.52382,40.5138],[-3.51873,40.5138],[-3.51873,40.5194]]]}},{"type":"Feature","properties":{"name":"Paracuellos de Jarama--piece--6-3--gCloud","number_of_ads_buy":0,"average_prize_buy":0,"number_of_ads_rent":0,"average_prize_rent":0,"normalized_prize_buy":0,"normalized_ads_buy":0,"normalized_prize_rent":null,"normalized_ads_rent":0,"date":"2018-12-04T05:26:07.000Z","fill-opacity":0,"fill":"#ff0000"},"bbox":[-3.51873,40.5083,-3.52382,40.5138],"geometry":{"type":"Polygon","coordinates":[[[-3.51873,40.5138],[-3.52382,40.5138],[-3.52382,40.5083],[-3.51873,40.5083],[-3.51873,40.5138]]]}},{"type":"Feature","properties":{"name":"Paracuellos de Jarama--piece--6-4--gCloud","number_of_ads_buy":0,"average_prize_buy":0,"number_of_ads_rent":0,"average_prize_rent":0,"normalized_prize_buy":0,"normalized_ads_buy":0,"normalized_prize_rent":null,"normalized_ads_rent":0,"date":"2018-12-04T05:26:13.000Z","fill-opacity":0,"fill":"#ff0000"},"bbox":[-3.51873,40.5028,-3.52382,40.5083],"geometry":{"type":"Polygon","coordinates":[[[-3.51873,40.5083],[-3.52382,40.5083],[-3.52382,40.5028],[-3.51873,40.5028],[-3.51873,40.5083]]]}},{"type":"Feature","properties":{"name":"Paracuellos de Jarama--piece--6-5--gCloud","number_of_ads_buy":5,"average_prize_buy":2030.59,"number_of_ads_rent":0,"average_prize_rent":0,"normalized_prize_buy":0.6345593749999999,"normalized_ads_buy":0.29411764705882354,"normalized_prize_rent":null,"normalized_ads_rent":0,"date":"2018-12-04T05:26:21.000Z","fill-opacity":0.5076474999999999,"fill":"#ff0000"},"bbox":[-3.51873,40.4972,-3.52382,40.5028],"geometry":{"type":"Polygon","coordinates":[[[-3.51873,40.5028],[-3.52382,40.5028],[-3.52382,40.4972],[-3.51873,40.4972],[-3.51873,40.5028]]]}},{"type":"Feature","properties":{"name":"Paracuellos de Jarama--piece--6-6--gCloud","number_of_ads_buy":1,"average_prize_buy":1537.5,"number_of_ads_rent":0,"average_prize_rent":0,"normalized_prize_buy":0.48046875,"normalized_ads_buy":0.058823529411764705,"normalized_prize_rent":null,"normalized_ads_rent":0,"date":"2018-12-04T05:26:29.000Z","fill-opacity":0.384375,"fill":"#ff0000"},"bbox":[-3.51873,40.4917,-3.52382,40.4972],"geometry":{"type":"Polygon","coordinates":[[[-3.51873,40.4972],[-3.52382,40.4972],[-3.52382,40.4917],[-3.51873,40.4917],[-3.51873,40.4972]]]}},{"type":"Feature","properties":{"name":"Paracuellos de Jarama--piece--7-0--gCloud","number_of_ads_buy":0,"average_prize_buy":0,"number_of_ads_rent":0,"average_prize_rent":0,"normalized_prize_buy":0,"normalized_ads_buy":0,"normalized_prize_rent":null,"normalized_ads_rent":0,"date":"2018-12-04T05:26:35.000Z","fill-opacity":0,"fill":"#ff0000"},"bbox":[-3.51363,40.5249,-3.51873,40.5305],"geometry":{"type":"Polygon","coordinates":[[[-3.51363,40.5305],[-3.51873,40.5305],[-3.51873,40.5249],[-3.51363,40.5249],[-3.51363,40.5305]]]}},{"type":"Feature","properties":{"name":"Paracuellos de Jarama--piece--7-1--gCloud","number_of_ads_buy":0,"average_prize_buy":0,"number_of_ads_rent":0,"average_prize_rent":0,"normalized_prize_buy":0,"normalized_ads_buy":0,"normalized_prize_rent":null,"normalized_ads_rent":0,"date":"2018-12-04T05:26:40.000Z","fill-opacity":0,"fill":"#ff0000"},"bbox":[-3.51363,40.5194,-3.51873,40.5249],"geometry":{"type":"Polygon","coordinates":[[[-3.51363,40.5249],[-3.51873,40.5249],[-3.51873,40.5194],[-3.51363,40.5194],[-3.51363,40.5249]]]}},{"type":"Feature","properties":{"name":"Paracuellos de Jarama--piece--7-2--gCloud","number_of_ads_buy":0,"average_prize_buy":0,"number_of_ads_rent":0,"average_prize_rent":0,"normalized_prize_buy":0,"normalized_ads_buy":0,"normalized_prize_rent":null,"normalized_ads_rent":0,"date":"2018-12-04T05:26:51.000Z","fill-opacity":0,"fill":"#ff0000"},"bbox":[-3.51363,40.5138,-3.51873,40.5194],"geometry":{"type":"Polygon","coordinates":[[[-3.51363,40.5194],[-3.51873,40.5194],[-3.51873,40.5138],[-3.51363,40.5138],[-3.51363,40.5194]]]}},{"type":"Feature","properties":{"name":"Paracuellos de Jarama--piece--7-3--gCloud","number_of_ads_buy":0,"average_prize_buy":0,"number_of_ads_rent":0,"average_prize_rent":0,"normalized_prize_buy":0,"normalized_ads_buy":0,"normalized_prize_rent":null,"normalized_ads_rent":0,"date":"2018-12-04T05:26:59.000Z","fill-opacity":0,"fill":"#ff0000"},"bbox":[-3.51363,40.5083,-3.51873,40.5138],"geometry":{"type":"Polygon","coordinates":[[[-3.51363,40.5138],[-3.51873,40.5138],[-3.51873,40.5083],[-3.51363,40.5083],[-3.51363,40.5138]]]}},{"type":"Feature","properties":{"name":"Paracuellos de Jarama--piece--7-4--gCloud","number_of_ads_buy":3,"average_prize_buy":1975.78,"number_of_ads_rent":1,"average_prize_rent":7.76699,"normalized_prize_buy":0.61743125,"normalized_ads_buy":0.17647058823529413,"normalized_prize_rent":null,"normalized_ads_rent":0.058823529411764705,"date":"2018-12-04T05:27:05.000Z","fill-opacity":0.493945,"fill":"#ff0000"},"bbox":[-3.51363,40.5028,-3.51873,40.5083],"geometry":{"type":"Polygon","coordinates":[[[-3.51363,40.5083],[-3.51873,40.5083],[-3.51873,40.5028],[-3.51363,40.5028],[-3.51363,40.5083]]]}},{"type":"Feature","properties":{"name":"Paracuellos de Jarama--piece--7-5--gCloud","number_of_ads_buy":4,"average_prize_buy":2183.15,"number_of_ads_rent":2,"average_prize_rent":8.91775,"normalized_prize_buy":0.6822343750000001,"normalized_ads_buy":0.23529411764705882,"normalized_prize_rent":null,"normalized_ads_rent":0.11764705882352941,"date":"2018-12-04T05:27:11.000Z","fill-opacity":0.5457875000000001,"fill":"#ff0000"},"bbox":[-3.51363,40.4972,-3.51873,40.5028],"geometry":{"type":"Polygon","coordinates":[[[-3.51363,40.5028],[-3.51873,40.5028],[-3.51873,40.4972],[-3.51363,40.4972],[-3.51363,40.5028]]]}},{"type":"Feature","properties":{"name":"Paracuellos de Jarama--piece--7-6--gCloud","number_of_ads_buy":3,"average_prize_buy":1691.94,"number_of_ads_rent":0,"average_prize_rent":0,"normalized_prize_buy":0.52873125,"normalized_ads_buy":0.17647058823529413,"normalized_prize_rent":null,"normalized_ads_rent":0,"date":"2018-12-04T05:27:20.000Z","fill-opacity":0.422985,"fill":"#ff0000"},"bbox":[-3.51363,40.4917,-3.51873,40.4972],"geometry":{"type":"Polygon","coordinates":[[[-3.51363,40.4972],[-3.51873,40.4972],[-3.51873,40.4917],[-3.51363,40.4917],[-3.51363,40.4972]]]}},{"type":"Feature","properties":{"name":"Paracuellos de Jarama--piece--8-0--gCloud","number_of_ads_buy":0,"average_prize_buy":0,"number_of_ads_rent":0,"average_prize_rent":0,"normalized_prize_buy":0,"normalized_ads_buy":0,"normalized_prize_rent":null,"normalized_ads_rent":0,"date":"2018-12-04T05:27:29.000Z","fill-opacity":0,"fill":"#ff0000"},"bbox":[-3.50853,40.5249,-3.51363,40.5305],"geometry":{"type":"Polygon","coordinates":[[[-3.50853,40.5305],[-3.51363,40.5305],[-3.51363,40.5249],[-3.50853,40.5249],[-3.50853,40.5305]]]}},{"type":"Feature","properties":{"name":"Paracuellos de Jarama--piece--8-1--gCloud","number_of_ads_buy":0,"average_prize_buy":0,"number_of_ads_rent":0,"average_prize_rent":0,"normalized_prize_buy":0,"normalized_ads_buy":0,"normalized_prize_rent":null,"normalized_ads_rent":0,"date":"2018-12-04T05:27:38.000Z","fill-opacity":0,"fill":"#ff0000"},"bbox":[-3.50853,40.5194,-3.51363,40.5249],"geometry":{"type":"Polygon","coordinates":[[[-3.50853,40.5249],[-3.51363,40.5249],[-3.51363,40.5194],[-3.50853,40.5194],[-3.50853,40.5249]]]}},{"type":"Feature","properties":{"name":"Paracuellos de Jarama--piece--8-2--gCloud","number_of_ads_buy":0,"average_prize_buy":0,"number_of_ads_rent":0,"average_prize_rent":0,"normalized_prize_buy":0,"normalized_ads_buy":0,"normalized_prize_rent":null,"normalized_ads_rent":0,"date":"2018-12-04T05:27:43.000Z","fill-opacity":0,"fill":"#ff0000"},"bbox":[-3.50853,40.5138,-3.51363,40.5194],"geometry":{"type":"Polygon","coordinates":[[[-3.50853,40.5194],[-3.51363,40.5194],[-3.51363,40.5138],[-3.50853,40.5138],[-3.50853,40.5194]]]}},{"type":"Feature","properties":{"name":"Paracuellos de Jarama--piece--8-3--gCloud","number_of_ads_buy":0,"average_prize_buy":0,"number_of_ads_rent":0,"average_prize_rent":0,"normalized_prize_buy":0,"normalized_ads_buy":0,"normalized_prize_rent":null,"normalized_ads_rent":0,"date":"2018-12-04T05:27:54.000Z","fill-opacity":0,"fill":"#ff0000"},"bbox":[-3.50853,40.5083,-3.51363,40.5138],"geometry":{"type":"Polygon","coordinates":[[[-3.50853,40.5138],[-3.51363,40.5138],[-3.51363,40.5083],[-3.50853,40.5083],[-3.50853,40.5138]]]}},{"type":"Feature","properties":{"name":"Paracuellos de Jarama--piece--8-4--gCloud","number_of_ads_buy":4,"average_prize_buy":1658.67,"number_of_ads_rent":1,"average_prize_rent":13.8333,"normalized_prize_buy":0.518334375,"normalized_ads_buy":0.23529411764705882,"normalized_prize_rent":null,"normalized_ads_rent":0.058823529411764705,"date":"2018-12-04T05:28:06.000Z","fill-opacity":0.4146675,"fill":"#ff0000"},"bbox":[-3.50853,40.5028,-3.51363,40.5083],"geometry":{"type":"Polygon","coordinates":[[[-3.50853,40.5083],[-3.51363,40.5083],[-3.51363,40.5028],[-3.50853,40.5028],[-3.50853,40.5083]]]}},{"type":"Feature","properties":{"name":"Paracuellos de Jarama--piece--8-5--gCloud","number_of_ads_buy":7,"average_prize_buy":2349.62,"number_of_ads_rent":0,"average_prize_rent":0,"normalized_prize_buy":0.7342562499999999,"normalized_ads_buy":0.4117647058823529,"normalized_prize_rent":null,"normalized_ads_rent":0,"date":"2018-12-04T05:28:13.000Z","fill-opacity":0.587405,"fill":"#ff0000"},"bbox":[-3.50853,40.4972,-3.51363,40.5028],"geometry":{"type":"Polygon","coordinates":[[[-3.50853,40.5028],[-3.51363,40.5028],[-3.51363,40.4972],[-3.50853,40.4972],[-3.50853,40.5028]]]}},{"type":"Feature","properties":{"name":"Paracuellos de Jarama--piece--8-6--gCloud","number_of_ads_buy":1,"average_prize_buy":2182.54,"number_of_ads_rent":2,"average_prize_rent":6.69476,"normalized_prize_buy":0.68204375,"normalized_ads_buy":0.058823529411764705,"normalized_prize_rent":null,"normalized_ads_rent":0.11764705882352941,"date":"2018-12-04T05:28:19.000Z","fill-opacity":0.545635,"fill":"#ff0000"},"bbox":[-3.50853,40.4917,-3.51363,40.4972],"geometry":{"type":"Polygon","coordinates":[[[-3.50853,40.4972],[-3.51363,40.4972],[-3.51363,40.4917],[-3.50853,40.4917],[-3.50853,40.4972]]]}},{"type":"Feature","properties":{"name":"Paracuellos de Jarama--piece--9-0--gCloud","number_of_ads_buy":0,"average_prize_buy":0,"number_of_ads_rent":0,"average_prize_rent":0,"normalized_prize_buy":0,"normalized_ads_buy":0,"normalized_prize_rent":null,"normalized_ads_rent":0,"date":"2018-12-04T05:28:24.000Z","fill-opacity":0,"fill":"#ff0000"},"bbox":[-3.50343,40.5249,-3.50853,40.5305],"geometry":{"type":"Polygon","coordinates":[[[-3.50343,40.5305],[-3.50853,40.5305],[-3.50853,40.5249],[-3.50343,40.5249],[-3.50343,40.5305]]]}},{"type":"Feature","properties":{"name":"Paracuellos de Jarama--piece--9-1--gCloud","number_of_ads_buy":0,"average_prize_buy":0,"number_of_ads_rent":0,"average_prize_rent":0,"normalized_prize_buy":0,"normalized_ads_buy":0,"normalized_prize_rent":null,"normalized_ads_rent":0,"date":"2018-12-04T05:28:33.000Z","fill-opacity":0,"fill":"#ff0000"},"bbox":[-3.50343,40.5194,-3.50853,40.5249],"geometry":{"type":"Polygon","coordinates":[[[-3.50343,40.5249],[-3.50853,40.5249],[-3.50853,40.5194],[-3.50343,40.5194],[-3.50343,40.5249]]]}},{"type":"Feature","properties":{"name":"Paracuellos de Jarama--piece--9-2--gCloud","number_of_ads_buy":0,"average_prize_buy":0,"number_of_ads_rent":0,"average_prize_rent":0,"normalized_prize_buy":0,"normalized_ads_buy":0,"normalized_prize_rent":null,"normalized_ads_rent":0,"date":"2018-12-04T05:28:41.000Z","fill-opacity":0,"fill":"#ff0000"},"bbox":[-3.50343,40.5138,-3.50853,40.5194],"geometry":{"type":"Polygon","coordinates":[[[-3.50343,40.5194],[-3.50853,40.5194],[-3.50853,40.5138],[-3.50343,40.5138],[-3.50343,40.5194]]]}},{"type":"Feature","properties":{"name":"Paracuellos de Jarama--piece--9-3--gCloud","number_of_ads_buy":0,"average_prize_buy":0,"number_of_ads_rent":0,"average_prize_rent":0,"normalized_prize_buy":0,"normalized_ads_buy":0,"normalized_prize_rent":null,"normalized_ads_rent":0,"date":"2018-12-04T05:28:53.000Z","fill-opacity":0,"fill":"#ff0000"},"bbox":[-3.50343,40.5083,-3.50853,40.5138],"geometry":{"type":"Polygon","coordinates":[[[-3.50343,40.5138],[-3.50853,40.5138],[-3.50853,40.5083],[-3.50343,40.5083],[-3.50343,40.5138]]]}},{"type":"Feature","properties":{"name":"Paracuellos de Jarama--piece--9-4--gCloud","number_of_ads_buy":1,"average_prize_buy":3200,"number_of_ads_rent":0,"average_prize_rent":0,"normalized_prize_buy":1,"normalized_ads_buy":0.058823529411764705,"normalized_prize_rent":null,"normalized_ads_rent":0,"date":"2018-12-04T05:29:01.000Z","fill-opacity":0.8,"fill":"#ff0000"},"bbox":[-3.50343,40.5028,-3.50853,40.5083],"geometry":{"type":"Polygon","coordinates":[[[-3.50343,40.5083],[-3.50853,40.5083],[-3.50853,40.5028],[-3.50343,40.5028],[-3.50343,40.5083]]]}},{"type":"Feature","properties":{"name":"Paracuellos de Jarama--piece--9-5--gCloud","number_of_ads_buy":11,"average_prize_buy":2250.14,"number_of_ads_rent":3,"average_prize_rent":9.01411,"normalized_prize_buy":0.70316875,"normalized_ads_buy":0.6470588235294118,"normalized_prize_rent":null,"normalized_ads_rent":0.17647058823529413,"date":"2018-12-04T05:29:10.000Z","fill-opacity":0.562535,"fill":"#ff0000"},"bbox":[-3.50343,40.4972,-3.50853,40.5028],"geometry":{"type":"Polygon","coordinates":[[[-3.50343,40.5028],[-3.50853,40.5028],[-3.50853,40.4972],[-3.50343,40.4972],[-3.50343,40.5028]]]}},{"type":"Feature","properties":{"name":"Paracuellos de Jarama--piece--9-6--gCloud","number_of_ads_buy":2,"average_prize_buy":1956.55,"number_of_ads_rent":0,"average_prize_rent":0,"normalized_prize_buy":0.611421875,"normalized_ads_buy":0.11764705882352941,"normalized_prize_rent":null,"normalized_ads_rent":0,"date":"2018-12-04T05:29:22.000Z","fill-opacity":0.4891375,"fill":"#ff0000"},"bbox":[-3.50343,40.4917,-3.50853,40.4972],"geometry":{"type":"Polygon","coordinates":[[[-3.50343,40.4972],[-3.50853,40.4972],[-3.50853,40.4917],[-3.50343,40.4917],[-3.50343,40.4972]]]}}]}