{"type":"FeatureCollection","features":[{"type":"Feature","properties":{"name":"Rivas-Vaciamadrid--piece--0-0--gCloud","number_of_ads_buy":0,"average_prize_buy":0,"number_of_ads_rent":0,"average_prize_rent":0,"normalized_prize_buy":0,"normalized_ads_buy":0,"normalized_prize_rent":null,"normalized_ads_rent":0,"date":"2018-12-04T06:02:57.000Z","fill-opacity":0,"fill":"#ff0000"},"bbox":[-3.55647,40.3707,-3.56147,40.376],"geometry":{"type":"Polygon","coordinates":[[[-3.55647,40.376],[-3.56147,40.376],[-3.56147,40.3707],[-3.55647,40.3707],[-3.55647,40.376]]]}},{"type":"Feature","properties":{"name":"Rivas-Vaciamadrid--piece--0-1--gCloud","number_of_ads_buy":0,"average_prize_buy":0,"number_of_ads_rent":0,"average_prize_rent":0,"normalized_prize_buy":0,"normalized_ads_buy":0,"normalized_prize_rent":null,"normalized_ads_rent":0,"date":"2018-12-04T06:03:06.000Z","fill-opacity":0,"fill":"#ff0000"},"bbox":[-3.55647,40.3653,-3.56147,40.3707],"geometry":{"type":"Polygon","coordinates":[[[-3.55647,40.3707],[-3.56147,40.3707],[-3.56147,40.3653],[-3.55647,40.3653],[-3.55647,40.3707]]]}},{"type":"Feature","properties":{"name":"Rivas-Vaciamadrid--piece--0-2--gCloud","number_of_ads_buy":0,"average_prize_buy":0,"number_of_ads_rent":0,"average_prize_rent":0,"normalized_prize_buy":0,"normalized_ads_buy":0,"normalized_prize_rent":null,"normalized_ads_rent":0,"date":"2018-12-04T06:03:14.000Z","fill-opacity":0,"fill":"#ff0000"},"bbox":[-3.55647,40.36,-3.56147,40.3653],"geometry":{"type":"Polygon","coordinates":[[[-3.55647,40.3653],[-3.56147,40.3653],[-3.56147,40.36],[-3.55647,40.36],[-3.55647,40.3653]]]}},{"type":"Feature","properties":{"name":"Rivas-Vaciamadrid--piece--0-3--gCloud","number_of_ads_buy":0,"average_prize_buy":0,"number_of_ads_rent":0,"average_prize_rent":0,"normalized_prize_buy":0,"normalized_ads_buy":0,"normalized_prize_rent":null,"normalized_ads_rent":0,"date":"2018-12-04T06:03:25.000Z","fill-opacity":0,"fill":"#ff0000"},"bbox":[-3.55647,40.3547,-3.56147,40.36],"geometry":{"type":"Polygon","coordinates":[[[-3.55647,40.36],[-3.56147,40.36],[-3.56147,40.3547],[-3.55647,40.3547],[-3.55647,40.36]]]}},{"type":"Feature","properties":{"name":"Rivas-Vaciamadrid--piece--0-4--gCloud","number_of_ads_buy":0,"average_prize_buy":0,"number_of_ads_rent":0,"average_prize_rent":0,"normalized_prize_buy":0,"normalized_ads_buy":0,"normalized_prize_rent":null,"normalized_ads_rent":0,"date":"2018-12-04T06:03:31.000Z","fill-opacity":0,"fill":"#ff0000"},"bbox":[-3.55647,40.3493,-3.56147,40.3547],"geometry":{"type":"Polygon","coordinates":[[[-3.55647,40.3547],[-3.56147,40.3547],[-3.56147,40.3493],[-3.55647,40.3493],[-3.55647,40.3547]]]}},{"type":"Feature","properties":{"name":"Rivas-Vaciamadrid--piece--0-5--gCloud","number_of_ads_buy":0,"average_prize_buy":0,"number_of_ads_rent":0,"average_prize_rent":0,"normalized_prize_buy":0,"normalized_ads_buy":0,"normalized_prize_rent":null,"normalized_ads_rent":0,"date":"2018-12-04T06:03:36.000Z","fill-opacity":0,"fill":"#ff0000"},"bbox":[-3.55647,40.344,-3.56147,40.3493],"geometry":{"type":"Polygon","coordinates":[[[-3.55647,40.3493],[-3.56147,40.3493],[-3.56147,40.344],[-3.55647,40.344],[-3.55647,40.3493]]]}},{"type":"Feature","properties":{"name":"Rivas-Vaciamadrid--piece--0-6--gCloud","number_of_ads_buy":0,"average_prize_buy":0,"number_of_ads_rent":0,"average_prize_rent":0,"normalized_prize_buy":0,"normalized_ads_buy":0,"normalized_prize_rent":null,"normalized_ads_rent":0,"date":"2018-12-04T06:03:47.000Z","fill-opacity":0,"fill":"#ff0000"},"bbox":[-3.55647,40.3387,-3.56147,40.344],"geometry":{"type":"Polygon","coordinates":[[[-3.55647,40.344],[-3.56147,40.344],[-3.56147,40.3387],[-3.55647,40.3387],[-3.55647,40.344]]]}},{"type":"Feature","properties":{"name":"Rivas-Vaciamadrid--piece--0-7--gCloud","number_of_ads_buy":0,"average_prize_buy":0,"number_of_ads_rent":0,"average_prize_rent":0,"normalized_prize_buy":0,"normalized_ads_buy":0,"normalized_prize_rent":null,"normalized_ads_rent":0,"date":"2018-12-04T06:03:59.000Z","fill-opacity":0,"fill":"#ff0000"},"bbox":[-3.55647,40.3333,-3.56147,40.3387],"geometry":{"type":"Polygon","coordinates":[[[-3.55647,40.3387],[-3.56147,40.3387],[-3.56147,40.3333],[-3.55647,40.3333],[-3.55647,40.3387]]]}},{"type":"Feature","properties":{"name":"Rivas-Vaciamadrid--piece--0-8--gCloud","number_of_ads_buy":0,"average_prize_buy":0,"number_of_ads_rent":0,"average_prize_rent":0,"normalized_prize_buy":0,"normalized_ads_buy":0,"normalized_prize_rent":null,"normalized_ads_rent":0,"date":"2018-12-04T06:04:07.000Z","fill-opacity":0,"fill":"#ff0000"},"bbox":[-3.55647,40.328,-3.56147,40.3333],"geometry":{"type":"Polygon","coordinates":[[[-3.55647,40.3333],[-3.56147,40.3333],[-3.56147,40.328],[-3.55647,40.328],[-3.55647,40.3333]]]}},{"type":"Feature","properties":{"name":"Rivas-Vaciamadrid--piece--0-9--gCloud","number_of_ads_buy":0,"average_prize_buy":0,"number_of_ads_rent":0,"average_prize_rent":0,"normalized_prize_buy":0,"normalized_ads_buy":0,"normalized_prize_rent":null,"normalized_ads_rent":0,"date":"2018-12-04T06:04:13.000Z","fill-opacity":0,"fill":"#ff0000"},"bbox":[-3.55647,40.3227,-3.56147,40.328],"geometry":{"type":"Polygon","coordinates":[[[-3.55647,40.328],[-3.56147,40.328],[-3.56147,40.3227],[-3.55647,40.3227],[-3.55647,40.328]]]}},{"type":"Feature","properties":{"name":"Rivas-Vaciamadrid--piece--1-0--gCloud","number_of_ads_buy":0,"average_prize_buy":0,"number_of_ads_rent":0,"average_prize_rent":0,"normalized_prize_buy":0,"normalized_ads_buy":0,"normalized_prize_rent":null,"normalized_ads_rent":0,"date":"2018-12-04T06:04:18.000Z","fill-opacity":0,"fill":"#ff0000"},"bbox":[-3.55146,40.3707,-3.55647,40.376],"geometry":{"type":"Polygon","coordinates":[[[-3.55146,40.376],[-3.55647,40.376],[-3.55647,40.3707],[-3.55146,40.3707],[-3.55146,40.376]]]}},{"type":"Feature","properties":{"name":"Rivas-Vaciamadrid--piece--1-1--gCloud","number_of_ads_buy":1,"average_prize_buy":1580.34,"number_of_ads_rent":0,"average_prize_rent":0,"normalized_prize_buy":0.6538409026028026,"normalized_ads_buy":0.03333333333333333,"normalized_prize_rent":null,"normalized_ads_rent":0,"date":"2018-12-04T06:04:29.000Z","fill-opacity":0.5230727220822421,"fill":"#ff0000"},"bbox":[-3.55146,40.3653,-3.55647,40.3707],"geometry":{"type":"Polygon","coordinates":[[[-3.55146,40.3707],[-3.55647,40.3707],[-3.55647,40.3653],[-3.55146,40.3653],[-3.55146,40.3707]]]}},{"type":"Feature","properties":{"name":"Rivas-Vaciamadrid--piece--1-2--gCloud","number_of_ads_buy":15,"average_prize_buy":1649.3,"number_of_ads_rent":0,"average_prize_rent":0,"normalized_prize_buy":0.6823720216300304,"normalized_ads_buy":0.5,"normalized_prize_rent":null,"normalized_ads_rent":0,"date":"2018-12-04T06:04:42.000Z","fill-opacity":0.5458976173040243,"fill":"#ff0000"},"bbox":[-3.55146,40.36,-3.55647,40.3653],"geometry":{"type":"Polygon","coordinates":[[[-3.55146,40.3653],[-3.55647,40.3653],[-3.55647,40.36],[-3.55146,40.36],[-3.55146,40.3653]]]}},{"type":"Feature","properties":{"name":"Rivas-Vaciamadrid--piece--1-3--gCloud","number_of_ads_buy":0,"average_prize_buy":0,"number_of_ads_rent":0,"average_prize_rent":0,"normalized_prize_buy":0,"normalized_ads_buy":0,"normalized_prize_rent":null,"normalized_ads_rent":0,"date":"2018-12-04T06:04:48.000Z","fill-opacity":0,"fill":"#ff0000"},"bbox":[-3.55146,40.3547,-3.55647,40.36],"geometry":{"type":"Polygon","coordinates":[[[-3.55146,40.36],[-3.55647,40.36],[-3.55647,40.3547],[-3.55146,40.3547],[-3.55146,40.36]]]}},{"type":"Feature","properties":{"name":"Rivas-Vaciamadrid--piece--1-4--gCloud","number_of_ads_buy":0,"average_prize_buy":0,"number_of_ads_rent":0,"average_prize_rent":0,"normalized_prize_buy":0,"normalized_ads_buy":0,"normalized_prize_rent":null,"normalized_ads_rent":0,"date":"2018-12-04T06:04:56.000Z","fill-opacity":0,"fill":"#ff0000"},"bbox":[-3.55146,40.3493,-3.55647,40.3547],"geometry":{"type":"Polygon","coordinates":[[[-3.55146,40.3547],[-3.55647,40.3547],[-3.55647,40.3493],[-3.55146,40.3493],[-3.55146,40.3547]]]}},{"type":"Feature","properties":{"name":"Rivas-Vaciamadrid--piece--1-5--gCloud","number_of_ads_buy":0,"average_prize_buy":0,"number_of_ads_rent":0,"average_prize_rent":0,"normalized_prize_buy":0,"normalized_ads_buy":0,"normalized_prize_rent":null,"normalized_ads_rent":0,"date":"2018-12-04T06:05:08.000Z","fill-opacity":0,"fill":"#ff0000"},"bbox":[-3.55146,40.344,-3.55647,40.3493],"geometry":{"type":"Polygon","coordinates":[[[-3.55146,40.3493],[-3.55647,40.3493],[-3.55647,40.344],[-3.55146,40.344],[-3.55146,40.3493]]]}},{"type":"Feature","properties":{"name":"Rivas-Vaciamadrid--piece--1-6--gCloud","number_of_ads_buy":0,"average_prize_buy":0,"number_of_ads_rent":0,"average_prize_rent":0,"normalized_prize_buy":0,"normalized_ads_buy":0,"normalized_prize_rent":null,"normalized_ads_rent":0,"date":"2018-12-04T06:05:13.000Z","fill-opacity":0,"fill":"#ff0000"},"bbox":[-3.55146,40.3387,-3.55647,40.344],"geometry":{"type":"Polygon","coordinates":[[[-3.55146,40.344],[-3.55647,40.344],[-3.55647,40.3387],[-3.55146,40.3387],[-3.55146,40.344]]]}},{"type":"Feature","properties":{"name":"Rivas-Vaciamadrid--piece--1-7--gCloud","number_of_ads_buy":0,"average_prize_buy":0,"number_of_ads_rent":0,"average_prize_rent":0,"normalized_prize_buy":0,"normalized_ads_buy":0,"normalized_prize_rent":null,"normalized_ads_rent":0,"date":"2018-12-04T06:05:25.000Z","fill-opacity":0,"fill":"#ff0000"},"bbox":[-3.55146,40.3333,-3.55647,40.3387],"geometry":{"type":"Polygon","coordinates":[[[-3.55146,40.3387],[-3.55647,40.3387],[-3.55647,40.3333],[-3.55146,40.3333],[-3.55146,40.3387]]]}},{"type":"Feature","properties":{"name":"Rivas-Vaciamadrid--piece--1-8--gCloud","number_of_ads_buy":0,"average_prize_buy":0,"number_of_ads_rent":0,"average_prize_rent":0,"normalized_prize_buy":0,"normalized_ads_buy":0,"normalized_prize_rent":null,"normalized_ads_rent":0,"date":"2018-12-04T06:05:33.000Z","fill-opacity":0,"fill":"#ff0000"},"bbox":[-3.55146,40.328,-3.55647,40.3333],"geometry":{"type":"Polygon","coordinates":[[[-3.55146,40.3333],[-3.55647,40.3333],[-3.55647,40.328],[-3.55146,40.328],[-3.55146,40.3333]]]}},{"type":"Feature","properties":{"name":"Rivas-Vaciamadrid--piece--1-9--gCloud","number_of_ads_buy":0,"average_prize_buy":0,"number_of_ads_rent":0,"average_prize_rent":0,"normalized_prize_buy":0,"normalized_ads_buy":0,"normalized_prize_rent":null,"normalized_ads_rent":0,"date":"2018-12-04T06:05:39.000Z","fill-opacity":0,"fill":"#ff0000"},"bbox":[-3.55146,40.3227,-3.55647,40.328],"geometry":{"type":"Polygon","coordinates":[[[-3.55146,40.328],[-3.55647,40.328],[-3.55647,40.3227],[-3.55146,40.3227],[-3.55146,40.328]]]}},{"type":"Feature","properties":{"name":"Rivas-Vaciamadrid--piece--10-0--gCloud","number_of_ads_buy":0,"average_prize_buy":0,"number_of_ads_rent":0,"average_prize_rent":0,"normalized_prize_buy":0,"normalized_ads_buy":0,"normalized_prize_rent":null,"normalized_ads_rent":0,"date":"2018-12-04T06:05:44.000Z","fill-opacity":0,"fill":"#ff0000"},"bbox":[-3.50638,40.3707,-3.51139,40.376],"geometry":{"type":"Polygon","coordinates":[[[-3.50638,40.376],[-3.51139,40.376],[-3.51139,40.3707],[-3.50638,40.3707],[-3.50638,40.376]]]}},{"type":"Feature","properties":{"name":"Rivas-Vaciamadrid--piece--10-1--gCloud","number_of_ads_buy":0,"average_prize_buy":0,"number_of_ads_rent":0,"average_prize_rent":0,"normalized_prize_buy":0,"normalized_ads_buy":0,"normalized_prize_rent":null,"normalized_ads_rent":0,"date":"2018-12-04T06:05:53.000Z","fill-opacity":0,"fill":"#ff0000"},"bbox":[-3.50638,40.3653,-3.51139,40.3707],"geometry":{"type":"Polygon","coordinates":[[[-3.50638,40.3707],[-3.51139,40.3707],[-3.51139,40.3653],[-3.50638,40.3653],[-3.50638,40.3707]]]}},{"type":"Feature","properties":{"name":"Rivas-Vaciamadrid--piece--10-2--gCloud","number_of_ads_buy":0,"average_prize_buy":0,"number_of_ads_rent":0,"average_prize_rent":0,"normalized_prize_buy":0,"normalized_ads_buy":0,"normalized_prize_rent":null,"normalized_ads_rent":0,"date":"2018-12-04T06:05:59.000Z","fill-opacity":0,"fill":"#ff0000"},"bbox":[-3.50638,40.36,-3.51139,40.3653],"geometry":{"type":"Polygon","coordinates":[[[-3.50638,40.3653],[-3.51139,40.3653],[-3.51139,40.36],[-3.50638,40.36],[-3.50638,40.3653]]]}},{"type":"Feature","properties":{"name":"Rivas-Vaciamadrid--piece--10-3--gCloud","number_of_ads_buy":0,"average_prize_buy":0,"number_of_ads_rent":0,"average_prize_rent":0,"normalized_prize_buy":0,"normalized_ads_buy":0,"normalized_prize_rent":null,"normalized_ads_rent":0,"date":"2018-12-04T06:06:05.000Z","fill-opacity":0,"fill":"#ff0000"},"bbox":[-3.50638,40.3547,-3.51139,40.36],"geometry":{"type":"Polygon","coordinates":[[[-3.50638,40.36],[-3.51139,40.36],[-3.51139,40.3547],[-3.50638,40.3547],[-3.50638,40.36]]]}},{"type":"Feature","properties":{"name":"Rivas-Vaciamadrid--piece--10-4--gCloud","number_of_ads_buy":0,"average_prize_buy":0,"number_of_ads_rent":0,"average_prize_rent":0,"normalized_prize_buy":0,"normalized_ads_buy":0,"normalized_prize_rent":null,"normalized_ads_rent":0,"date":"2018-12-04T06:06:43.000Z","fill-opacity":0,"fill":"#ff0000"},"bbox":[-3.50638,40.3493,-3.51139,40.3547],"geometry":{"type":"Polygon","coordinates":[[[-3.50638,40.3547],[-3.51139,40.3547],[-3.51139,40.3493],[-3.50638,40.3493],[-3.50638,40.3547]]]}},{"type":"Feature","properties":{"name":"Rivas-Vaciamadrid--piece--10-5--gCloud","number_of_ads_buy":0,"average_prize_buy":0,"number_of_ads_rent":0,"average_prize_rent":0,"normalized_prize_buy":0,"normalized_ads_buy":0,"normalized_prize_rent":null,"normalized_ads_rent":0,"date":"2018-12-04T06:06:49.000Z","fill-opacity":0,"fill":"#ff0000"},"bbox":[-3.50638,40.344,-3.51139,40.3493],"geometry":{"type":"Polygon","coordinates":[[[-3.50638,40.3493],[-3.51139,40.3493],[-3.51139,40.344],[-3.50638,40.344],[-3.50638,40.3493]]]}},{"type":"Feature","properties":{"name":"Rivas-Vaciamadrid--piece--10-6--gCloud","number_of_ads_buy":0,"average_prize_buy":0,"number_of_ads_rent":0,"average_prize_rent":0,"normalized_prize_buy":0,"normalized_ads_buy":0,"normalized_prize_rent":null,"normalized_ads_rent":0,"date":"2018-12-04T06:07:00.000Z","fill-opacity":0,"fill":"#ff0000"},"bbox":[-3.50638,40.3387,-3.51139,40.344],"geometry":{"type":"Polygon","coordinates":[[[-3.50638,40.344],[-3.51139,40.344],[-3.51139,40.3387],[-3.50638,40.3387],[-3.50638,40.344]]]}},{"type":"Feature","properties":{"name":"Rivas-Vaciamadrid--piece--10-7--gCloud","number_of_ads_buy":0,"average_prize_buy":0,"number_of_ads_rent":0,"average_prize_rent":0,"normalized_prize_buy":0,"normalized_ads_buy":0,"normalized_prize_rent":null,"normalized_ads_rent":0,"date":"2018-12-04T06:07:09.000Z","fill-opacity":0,"fill":"#ff0000"},"bbox":[-3.50638,40.3333,-3.51139,40.3387],"geometry":{"type":"Polygon","coordinates":[[[-3.50638,40.3387],[-3.51139,40.3387],[-3.51139,40.3333],[-3.50638,40.3333],[-3.50638,40.3387]]]}},{"type":"Feature","properties":{"name":"Rivas-Vaciamadrid--piece--10-8--gCloud","number_of_ads_buy":4,"average_prize_buy":1682.86,"number_of_ads_rent":0,"average_prize_rent":0,"normalized_prize_buy":0.6962569455649747,"normalized_ads_buy":0.13333333333333333,"normalized_prize_rent":null,"normalized_ads_rent":0,"date":"2018-12-04T06:07:20.000Z","fill-opacity":0.5570055564519798,"fill":"#ff0000"},"bbox":[-3.50638,40.328,-3.51139,40.3333],"geometry":{"type":"Polygon","coordinates":[[[-3.50638,40.3333],[-3.51139,40.3333],[-3.51139,40.328],[-3.50638,40.328],[-3.50638,40.3333]]]}},{"type":"Feature","properties":{"name":"Rivas-Vaciamadrid--piece--10-9--gCloud","number_of_ads_buy":5,"average_prize_buy":1846.42,"number_of_ads_rent":6,"average_prize_rent":11.6663,"normalized_prize_buy":0.76392733170322,"normalized_ads_buy":0.16666666666666666,"normalized_prize_rent":null,"normalized_ads_rent":0.2,"date":"2018-12-04T06:07:30.000Z","fill-opacity":0.6111418653625761,"fill":"#ff0000"},"bbox":[-3.50638,40.3227,-3.51139,40.328],"geometry":{"type":"Polygon","coordinates":[[[-3.50638,40.328],[-3.51139,40.328],[-3.51139,40.3227],[-3.50638,40.3227],[-3.50638,40.328]]]}},{"type":"Feature","properties":{"name":"Rivas-Vaciamadrid--piece--2-0--gCloud","number_of_ads_buy":2,"average_prize_buy":1529.77,"number_of_ads_rent":1,"average_prize_rent":9.58333,"normalized_prize_buy":0.6329183578057186,"normalized_ads_buy":0.06666666666666667,"normalized_prize_rent":null,"normalized_ads_rent":0.03333333333333333,"date":"2018-12-04T06:07:38.000Z","fill-opacity":0.5063346862445749,"fill":"#ff0000"},"bbox":[-3.54645,40.3707,-3.55146,40.376],"geometry":{"type":"Polygon","coordinates":[[[-3.54645,40.376],[-3.55146,40.376],[-3.55146,40.3707],[-3.54645,40.3707],[-3.54645,40.376]]]}},{"type":"Feature","properties":{"name":"Rivas-Vaciamadrid--piece--2-1--gCloud","number_of_ads_buy":10,"average_prize_buy":1754.81,"number_of_ads_rent":0,"average_prize_rent":0,"normalized_prize_buy":0.7260251302228786,"normalized_ads_buy":0.3333333333333333,"normalized_prize_rent":null,"normalized_ads_rent":0,"date":"2018-12-04T06:07:44.000Z","fill-opacity":0.5808201041783029,"fill":"#ff0000"},"bbox":[-3.54645,40.3653,-3.55146,40.3707],"geometry":{"type":"Polygon","coordinates":[[[-3.54645,40.3707],[-3.55146,40.3707],[-3.55146,40.3653],[-3.54645,40.3653],[-3.54645,40.3707]]]}},{"type":"Feature","properties":{"name":"Rivas-Vaciamadrid--piece--2-2--gCloud","number_of_ads_buy":10,"average_prize_buy":1670.57,"number_of_ads_rent":3,"average_prize_rent":12.2169,"normalized_prize_buy":0.6911721507151397,"normalized_ads_buy":0.3333333333333333,"normalized_prize_rent":null,"normalized_ads_rent":0.1,"date":"2018-12-04T06:07:50.000Z","fill-opacity":0.5529377205721118,"fill":"#ff0000"},"bbox":[-3.54645,40.36,-3.55146,40.3653],"geometry":{"type":"Polygon","coordinates":[[[-3.54645,40.3653],[-3.55146,40.3653],[-3.55146,40.36],[-3.54645,40.36],[-3.54645,40.3653]]]}},{"type":"Feature","properties":{"name":"Rivas-Vaciamadrid--piece--2-3--gCloud","number_of_ads_buy":7,"average_prize_buy":1801.23,"number_of_ads_rent":1,"average_prize_rent":8.5,"normalized_prize_buy":0.7452306775727034,"normalized_ads_buy":0.23333333333333334,"normalized_prize_rent":null,"normalized_ads_rent":0.03333333333333333,"date":"2018-12-04T06:07:56.000Z","fill-opacity":0.5961845420581627,"fill":"#ff0000"},"bbox":[-3.54645,40.3547,-3.55146,40.36],"geometry":{"type":"Polygon","coordinates":[[[-3.54645,40.36],[-3.55146,40.36],[-3.55146,40.3547],[-3.54645,40.3547],[-3.54645,40.36]]]}},{"type":"Feature","properties":{"name":"Rivas-Vaciamadrid--piece--2-4--gCloud","number_of_ads_buy":1,"average_prize_buy":2414.63,"number_of_ads_rent":0,"average_prize_rent":0,"normalized_prize_buy":0.999015312307355,"normalized_ads_buy":0.03333333333333333,"normalized_prize_rent":null,"normalized_ads_rent":0,"date":"2018-12-04T06:08:06.000Z","fill-opacity":0.799212249845884,"fill":"#ff0000"},"bbox":[-3.54645,40.3493,-3.55146,40.3547],"geometry":{"type":"Polygon","coordinates":[[[-3.54645,40.3547],[-3.55146,40.3547],[-3.55146,40.3493],[-3.54645,40.3493],[-3.54645,40.3547]]]}},{"type":"Feature","properties":{"name":"Rivas-Vaciamadrid--piece--2-5--gCloud","number_of_ads_buy":0,"average_prize_buy":0,"number_of_ads_rent":0,"average_prize_rent":0,"normalized_prize_buy":0,"normalized_ads_buy":0,"normalized_prize_rent":null,"normalized_ads_rent":0,"date":"2018-12-04T06:08:14.000Z","fill-opacity":0,"fill":"#ff0000"},"bbox":[-3.54645,40.344,-3.55146,40.3493],"geometry":{"type":"Polygon","coordinates":[[[-3.54645,40.3493],[-3.55146,40.3493],[-3.55146,40.344],[-3.54645,40.344],[-3.54645,40.3493]]]}},{"type":"Feature","properties":{"name":"Rivas-Vaciamadrid--piece--2-6--gCloud","number_of_ads_buy":0,"average_prize_buy":0,"number_of_ads_rent":0,"average_prize_rent":0,"normalized_prize_buy":0,"normalized_ads_buy":0,"normalized_prize_rent":null,"normalized_ads_rent":0,"date":"2018-12-04T06:08:26.000Z","fill-opacity":0,"fill":"#ff0000"},"bbox":[-3.54645,40.3387,-3.55146,40.344],"geometry":{"type":"Polygon","coordinates":[[[-3.54645,40.344],[-3.55146,40.344],[-3.55146,40.3387],[-3.54645,40.3387],[-3.54645,40.344]]]}},{"type":"Feature","properties":{"name":"Rivas-Vaciamadrid--piece--2-7--gCloud","number_of_ads_buy":0,"average_prize_buy":0,"number_of_ads_rent":0,"average_prize_rent":0,"normalized_prize_buy":0,"normalized_ads_buy":0,"normalized_prize_rent":null,"normalized_ads_rent":0,"date":"2018-12-04T06:08:32.000Z","fill-opacity":0,"fill":"#ff0000"},"bbox":[-3.54645,40.3333,-3.55146,40.3387],"geometry":{"type":"Polygon","coordinates":[[[-3.54645,40.3387],[-3.55146,40.3387],[-3.55146,40.3333],[-3.54645,40.3333],[-3.54645,40.3387]]]}},{"type":"Feature","properties":{"name":"Rivas-Vaciamadrid--piece--2-8--gCloud","number_of_ads_buy":0,"average_prize_buy":0,"number_of_ads_rent":0,"average_prize_rent":0,"normalized_prize_buy":0,"normalized_ads_buy":0,"normalized_prize_rent":null,"normalized_ads_rent":0,"date":"2018-12-04T06:08:40.000Z","fill-opacity":0,"fill":"#ff0000"},"bbox":[-3.54645,40.328,-3.55146,40.3333],"geometry":{"type":"Polygon","coordinates":[[[-3.54645,40.3333],[-3.55146,40.3333],[-3.55146,40.328],[-3.54645,40.328],[-3.54645,40.3333]]]}},{"type":"Feature","properties":{"name":"Rivas-Vaciamadrid--piece--2-9--gCloud","number_of_ads_buy":0,"average_prize_buy":0,"number_of_ads_rent":0,"average_prize_rent":0,"normalized_prize_buy":0,"normalized_ads_buy":0,"normalized_prize_rent":null,"normalized_ads_rent":0,"date":"2018-12-04T06:08:46.000Z","fill-opacity":0,"fill":"#ff0000"},"bbox":[-3.54645,40.3227,-3.55146,40.328],"geometry":{"type":"Polygon","coordinates":[[[-3.54645,40.328],[-3.55146,40.328],[-3.55146,40.3227],[-3.54645,40.3227],[-3.54645,40.328]]]}},{"type":"Feature","properties":{"name":"Rivas-Vaciamadrid--piece--3-0--gCloud","number_of_ads_buy":4,"average_prize_buy":1635.99,"number_of_ads_rent":0,"average_prize_rent":0,"normalized_prize_buy":0.6768652177690617,"normalized_ads_buy":0.13333333333333333,"normalized_prize_rent":null,"normalized_ads_rent":0,"date":"2018-12-04T06:08:58.000Z","fill-opacity":0.5414921742152494,"fill":"#ff0000"},"bbox":[-3.54144,40.3707,-3.54645,40.376],"geometry":{"type":"Polygon","coordinates":[[[-3.54144,40.376],[-3.54645,40.376],[-3.54645,40.3707],[-3.54144,40.3707],[-3.54144,40.376]]]}},{"type":"Feature","properties":{"name":"Rivas-Vaciamadrid--piece--3-1--gCloud","number_of_ads_buy":5,"average_prize_buy":1897.93,"number_of_ads_rent":2,"average_prize_rent":8.6863,"normalized_prize_buy":0.7852387867654663,"normalized_ads_buy":0.16666666666666666,"normalized_prize_rent":null,"normalized_ads_rent":0.06666666666666667,"date":"2018-12-04T06:09:05.000Z","fill-opacity":0.6281910294123731,"fill":"#ff0000"},"bbox":[-3.54144,40.3653,-3.54645,40.3707],"geometry":{"type":"Polygon","coordinates":[[[-3.54144,40.3707],[-3.54645,40.3707],[-3.54645,40.3653],[-3.54144,40.3653],[-3.54144,40.3707]]]}},{"type":"Feature","properties":{"name":"Rivas-Vaciamadrid--piece--3-2--gCloud","number_of_ads_buy":5,"average_prize_buy":1661.64,"number_of_ads_rent":0,"average_prize_rent":0,"normalized_prize_buy":0.6874775031960977,"normalized_ads_buy":0.16666666666666666,"normalized_prize_rent":null,"normalized_ads_rent":0,"date":"2018-12-04T06:09:14.000Z","fill-opacity":0.5499820025568781,"fill":"#ff0000"},"bbox":[-3.54144,40.36,-3.54645,40.3653],"geometry":{"type":"Polygon","coordinates":[[[-3.54144,40.3653],[-3.54645,40.3653],[-3.54645,40.36],[-3.54144,40.36],[-3.54144,40.3653]]]}},{"type":"Feature","properties":{"name":"Rivas-Vaciamadrid--piece--3-3--gCloud","number_of_ads_buy":4,"average_prize_buy":1569.25,"number_of_ads_rent":0,"average_prize_rent":0,"normalized_prize_buy":0.6492525889425363,"normalized_ads_buy":0.13333333333333333,"normalized_prize_rent":null,"normalized_ads_rent":0,"date":"2018-12-04T06:09:26.000Z","fill-opacity":0.5194020711540291,"fill":"#ff0000"},"bbox":[-3.54144,40.3547,-3.54645,40.36],"geometry":{"type":"Polygon","coordinates":[[[-3.54144,40.36],[-3.54645,40.36],[-3.54645,40.3547],[-3.54144,40.3547],[-3.54144,40.36]]]}},{"type":"Feature","properties":{"name":"Rivas-Vaciamadrid--piece--3-4--gCloud","number_of_ads_buy":0,"average_prize_buy":0,"number_of_ads_rent":0,"average_prize_rent":0,"normalized_prize_buy":0,"normalized_ads_buy":0,"normalized_prize_rent":null,"normalized_ads_rent":0,"date":"2018-12-04T06:09:35.000Z","fill-opacity":0,"fill":"#ff0000"},"bbox":[-3.54144,40.3493,-3.54645,40.3547],"geometry":{"type":"Polygon","coordinates":[[[-3.54144,40.3547],[-3.54645,40.3547],[-3.54645,40.3493],[-3.54144,40.3493],[-3.54144,40.3547]]]}},{"type":"Feature","properties":{"name":"Rivas-Vaciamadrid--piece--3-5--gCloud","number_of_ads_buy":1,"average_prize_buy":1592.59,"number_of_ads_rent":0,"average_prize_rent":0,"normalized_prize_buy":0.6589091480796521,"normalized_ads_buy":0.03333333333333333,"normalized_prize_rent":null,"normalized_ads_rent":0,"date":"2018-12-04T06:09:44.000Z","fill-opacity":0.5271273184637216,"fill":"#ff0000"},"bbox":[-3.54144,40.344,-3.54645,40.3493],"geometry":{"type":"Polygon","coordinates":[[[-3.54144,40.3493],[-3.54645,40.3493],[-3.54645,40.344],[-3.54144,40.344],[-3.54144,40.3493]]]}},{"type":"Feature","properties":{"name":"Rivas-Vaciamadrid--piece--3-6--gCloud","number_of_ads_buy":0,"average_prize_buy":0,"number_of_ads_rent":0,"average_prize_rent":0,"normalized_prize_buy":0,"normalized_ads_buy":0,"normalized_prize_rent":null,"normalized_ads_rent":0,"date":"2018-12-04T06:09:56.000Z","fill-opacity":0,"fill":"#ff0000"},"bbox":[-3.54144,40.3387,-3.54645,40.344],"geometry":{"type":"Polygon","coordinates":[[[-3.54144,40.344],[-3.54645,40.344],[-3.54645,40.3387],[-3.54144,40.3387],[-3.54144,40.344]]]}},{"type":"Feature","properties":{"name":"Rivas-Vaciamadrid--piece--3-7--gCloud","number_of_ads_buy":0,"average_prize_buy":0,"number_of_ads_rent":0,"average_prize_rent":0,"normalized_prize_buy":0,"normalized_ads_buy":0,"normalized_prize_rent":null,"normalized_ads_rent":0,"date":"2018-12-04T06:10:02.000Z","fill-opacity":0,"fill":"#ff0000"},"bbox":[-3.54144,40.3333,-3.54645,40.3387],"geometry":{"type":"Polygon","coordinates":[[[-3.54144,40.3387],[-3.54645,40.3387],[-3.54645,40.3333],[-3.54144,40.3333],[-3.54144,40.3387]]]}},{"type":"Feature","properties":{"name":"Rivas-Vaciamadrid--piece--3-8--gCloud","number_of_ads_buy":0,"average_prize_buy":0,"number_of_ads_rent":0,"average_prize_rent":0,"normalized_prize_buy":0,"normalized_ads_buy":0,"normalized_prize_rent":null,"normalized_ads_rent":0,"date":"2018-12-04T06:10:13.000Z","fill-opacity":0,"fill":"#ff0000"},"bbox":[-3.54144,40.328,-3.54645,40.3333],"geometry":{"type":"Polygon","coordinates":[[[-3.54144,40.3333],[-3.54645,40.3333],[-3.54645,40.328],[-3.54144,40.328],[-3.54144,40.3333]]]}},{"type":"Feature","properties":{"name":"Rivas-Vaciamadrid--piece--3-9--gCloud","number_of_ads_buy":0,"average_prize_buy":0,"number_of_ads_rent":0,"average_prize_rent":0,"normalized_prize_buy":0,"normalized_ads_buy":0,"normalized_prize_rent":null,"normalized_ads_rent":0,"date":"2018-12-04T06:10:22.000Z","fill-opacity":0,"fill":"#ff0000"},"bbox":[-3.54144,40.3227,-3.54645,40.328],"geometry":{"type":"Polygon","coordinates":[[[-3.54144,40.328],[-3.54645,40.328],[-3.54645,40.3227],[-3.54144,40.3227],[-3.54144,40.328]]]}},{"type":"Feature","properties":{"name":"Rivas-Vaciamadrid--piece--4-0--gCloud","number_of_ads_buy":1,"average_prize_buy":1679.55,"number_of_ads_rent":0,"average_prize_rent":0,"normalized_prize_buy":0.6948874849504139,"normalized_ads_buy":0.03333333333333333,"normalized_prize_rent":null,"normalized_ads_rent":0,"date":"2018-12-04T06:10:31.000Z","fill-opacity":0.5559099879603311,"fill":"#ff0000"},"bbox":[-3.53643,40.3707,-3.54144,40.376],"geometry":{"type":"Polygon","coordinates":[[[-3.53643,40.376],[-3.54144,40.376],[-3.54144,40.3707],[-3.53643,40.3707],[-3.53643,40.376]]]}},{"type":"Feature","properties":{"name":"Rivas-Vaciamadrid--piece--4-1--gCloud","number_of_ads_buy":4,"average_prize_buy":1506.5,"number_of_ads_rent":1,"average_prize_rent":9.3609,"normalized_prize_buy":0.6232907600713278,"normalized_ads_buy":0.13333333333333333,"normalized_prize_rent":null,"normalized_ads_rent":0.03333333333333333,"date":"2018-12-04T06:10:39.000Z","fill-opacity":0.4986326080570622,"fill":"#ff0000"},"bbox":[-3.53643,40.3653,-3.54144,40.3707],"geometry":{"type":"Polygon","coordinates":[[[-3.53643,40.3707],[-3.54144,40.3707],[-3.54144,40.3653],[-3.53643,40.3653],[-3.53643,40.3707]]]}},{"type":"Feature","properties":{"name":"Rivas-Vaciamadrid--piece--4-2--gCloud","number_of_ads_buy":7,"average_prize_buy":1283.58,"number_of_ads_rent":0,"average_prize_rent":0,"normalized_prize_buy":0.5310611044224062,"normalized_ads_buy":0.23333333333333334,"normalized_prize_rent":null,"normalized_ads_rent":0,"date":"2018-12-04T06:10:50.000Z","fill-opacity":0.42484888353792494,"fill":"#ff0000"},"bbox":[-3.53643,40.36,-3.54144,40.3653],"geometry":{"type":"Polygon","coordinates":[[[-3.53643,40.3653],[-3.54144,40.3653],[-3.54144,40.36],[-3.53643,40.36],[-3.53643,40.3653]]]}},{"type":"Feature","properties":{"name":"Rivas-Vaciamadrid--piece--4-3--gCloud","number_of_ads_buy":22,"average_prize_buy":1853.9,"number_of_ads_rent":0,"average_prize_rent":0,"normalized_prize_buy":0.7670220644515331,"normalized_ads_buy":0.7333333333333333,"normalized_prize_rent":null,"normalized_ads_rent":0,"date":"2018-12-04T06:11:00.000Z","fill-opacity":0.6136176515612265,"fill":"#ff0000"},"bbox":[-3.53643,40.3547,-3.54144,40.36],"geometry":{"type":"Polygon","coordinates":[[[-3.53643,40.36],[-3.54144,40.36],[-3.54144,40.3547],[-3.53643,40.3547],[-3.53643,40.36]]]}},{"type":"Feature","properties":{"name":"Rivas-Vaciamadrid--piece--4-4--gCloud","number_of_ads_buy":2,"average_prize_buy":2250.56,"number_of_ads_rent":0,"average_prize_rent":0,"normalized_prize_buy":0.9311339216635429,"normalized_ads_buy":0.06666666666666667,"normalized_prize_rent":null,"normalized_ads_rent":0,"date":"2018-12-04T06:11:12.000Z","fill-opacity":0.7449071373308344,"fill":"#ff0000"},"bbox":[-3.53643,40.3493,-3.54144,40.3547],"geometry":{"type":"Polygon","coordinates":[[[-3.53643,40.3547],[-3.54144,40.3547],[-3.54144,40.3493],[-3.53643,40.3493],[-3.53643,40.3547]]]}},{"type":"Feature","properties":{"name":"Rivas-Vaciamadrid--piece--4-5--gCloud","number_of_ads_buy":1,"average_prize_buy":1650,"number_of_ads_rent":0,"average_prize_rent":0,"normalized_prize_buy":0.682661635657279,"normalized_ads_buy":0.03333333333333333,"normalized_prize_rent":null,"normalized_ads_rent":0,"date":"2018-12-04T06:11:20.000Z","fill-opacity":0.5461293085258232,"fill":"#ff0000"},"bbox":[-3.53643,40.344,-3.54144,40.3493],"geometry":{"type":"Polygon","coordinates":[[[-3.53643,40.3493],[-3.54144,40.3493],[-3.54144,40.344],[-3.53643,40.344],[-3.53643,40.3493]]]}},{"type":"Feature","properties":{"name":"Rivas-Vaciamadrid--piece--4-6--gCloud","number_of_ads_buy":0,"average_prize_buy":0,"number_of_ads_rent":0,"average_prize_rent":0,"normalized_prize_buy":0,"normalized_ads_buy":0,"normalized_prize_rent":null,"normalized_ads_rent":0,"date":"2018-12-04T06:11:29.000Z","fill-opacity":0,"fill":"#ff0000"},"bbox":[-3.53643,40.3387,-3.54144,40.344],"geometry":{"type":"Polygon","coordinates":[[[-3.53643,40.344],[-3.54144,40.344],[-3.54144,40.3387],[-3.53643,40.3387],[-3.53643,40.344]]]}},{"type":"Feature","properties":{"name":"Rivas-Vaciamadrid--piece--4-7--gCloud","number_of_ads_buy":0,"average_prize_buy":0,"number_of_ads_rent":0,"average_prize_rent":0,"normalized_prize_buy":0,"normalized_ads_buy":0,"normalized_prize_rent":null,"normalized_ads_rent":0,"date":"2018-12-04T06:11:37.000Z","fill-opacity":0,"fill":"#ff0000"},"bbox":[-3.53643,40.3333,-3.54144,40.3387],"geometry":{"type":"Polygon","coordinates":[[[-3.53643,40.3387],[-3.54144,40.3387],[-3.54144,40.3333],[-3.53643,40.3333],[-3.53643,40.3387]]]}},{"type":"Feature","properties":{"name":"Rivas-Vaciamadrid--piece--4-8--gCloud","number_of_ads_buy":0,"average_prize_buy":0,"number_of_ads_rent":0,"average_prize_rent":0,"normalized_prize_buy":0,"normalized_ads_buy":0,"normalized_prize_rent":null,"normalized_ads_rent":0,"date":"2018-12-04T06:11:48.000Z","fill-opacity":0,"fill":"#ff0000"},"bbox":[-3.53643,40.328,-3.54144,40.3333],"geometry":{"type":"Polygon","coordinates":[[[-3.53643,40.3333],[-3.54144,40.3333],[-3.54144,40.328],[-3.53643,40.328],[-3.53643,40.3333]]]}},{"type":"Feature","properties":{"name":"Rivas-Vaciamadrid--piece--4-9--gCloud","number_of_ads_buy":0,"average_prize_buy":0,"number_of_ads_rent":0,"average_prize_rent":0,"normalized_prize_buy":0,"normalized_ads_buy":0,"normalized_prize_rent":null,"normalized_ads_rent":0,"date":"2018-12-04T06:11:53.000Z","fill-opacity":0,"fill":"#ff0000"},"bbox":[-3.53643,40.3227,-3.54144,40.328],"geometry":{"type":"Polygon","coordinates":[[[-3.53643,40.328],[-3.54144,40.328],[-3.54144,40.3227],[-3.53643,40.3227],[-3.53643,40.328]]]}},{"type":"Feature","properties":{"name":"Rivas-Vaciamadrid--piece--5-0--gCloud","number_of_ads_buy":4,"average_prize_buy":1760.02,"number_of_ads_rent":0,"average_prize_rent":0,"normalized_prize_buy":0.728180686054257,"normalized_ads_buy":0.13333333333333333,"normalized_prize_rent":null,"normalized_ads_rent":0,"date":"2018-12-04T06:12:04.000Z","fill-opacity":0.5825445488434057,"fill":"#ff0000"},"bbox":[-3.53142,40.3707,-3.53643,40.376],"geometry":{"type":"Polygon","coordinates":[[[-3.53142,40.376],[-3.53643,40.376],[-3.53643,40.3707],[-3.53142,40.3707],[-3.53142,40.376]]]}},{"type":"Feature","properties":{"name":"Rivas-Vaciamadrid--piece--5-1--gCloud","number_of_ads_buy":5,"average_prize_buy":2047.04,"number_of_ads_rent":1,"average_prize_rent":4.58115,"normalized_prize_buy":0.8469307119126523,"normalized_ads_buy":0.16666666666666666,"normalized_prize_rent":null,"normalized_ads_rent":0.03333333333333333,"date":"2018-12-04T06:12:10.000Z","fill-opacity":0.6775445695301219,"fill":"#ff0000"},"bbox":[-3.53142,40.3653,-3.53643,40.3707],"geometry":{"type":"Polygon","coordinates":[[[-3.53142,40.3707],[-3.53643,40.3707],[-3.53643,40.3653],[-3.53142,40.3653],[-3.53142,40.3707]]]}},{"type":"Feature","properties":{"name":"Rivas-Vaciamadrid--piece--5-2--gCloud","number_of_ads_buy":6,"average_prize_buy":2060.86,"number_of_ads_rent":0,"average_prize_rent":0,"normalized_prize_buy":0.8526485202791879,"normalized_ads_buy":0.2,"normalized_prize_rent":null,"normalized_ads_rent":0,"date":"2018-12-04T06:12:19.000Z","fill-opacity":0.6821188162233504,"fill":"#ff0000"},"bbox":[-3.53142,40.36,-3.53643,40.3653],"geometry":{"type":"Polygon","coordinates":[[[-3.53142,40.3653],[-3.53643,40.3653],[-3.53643,40.36],[-3.53142,40.36],[-3.53142,40.3653]]]}},{"type":"Feature","properties":{"name":"Rivas-Vaciamadrid--piece--5-3--gCloud","number_of_ads_buy":4,"average_prize_buy":1678.54,"number_of_ads_rent":2,"average_prize_rent":9.89907,"normalized_prize_buy":0.6944696132825267,"normalized_ads_buy":0.13333333333333333,"normalized_prize_rent":null,"normalized_ads_rent":0.06666666666666667,"date":"2018-12-04T06:12:25.000Z","fill-opacity":0.5555756906260213,"fill":"#ff0000"},"bbox":[-3.53142,40.3547,-3.53643,40.36],"geometry":{"type":"Polygon","coordinates":[[[-3.53142,40.36],[-3.53643,40.36],[-3.53643,40.3547],[-3.53142,40.3547],[-3.53142,40.36]]]}},{"type":"Feature","properties":{"name":"Rivas-Vaciamadrid--piece--5-4--gCloud","number_of_ads_buy":1,"average_prize_buy":2000,"number_of_ads_rent":1,"average_prize_rent":9.5,"normalized_prize_buy":0.8274686492815503,"normalized_ads_buy":0.03333333333333333,"normalized_prize_rent":null,"normalized_ads_rent":0.03333333333333333,"date":"2018-12-04T06:12:35.000Z","fill-opacity":0.6619749194252402,"fill":"#ff0000"},"bbox":[-3.53142,40.3493,-3.53643,40.3547],"geometry":{"type":"Polygon","coordinates":[[[-3.53142,40.3547],[-3.53643,40.3547],[-3.53643,40.3493],[-3.53142,40.3493],[-3.53142,40.3547]]]}},{"type":"Feature","properties":{"name":"Rivas-Vaciamadrid--piece--5-5--gCloud","number_of_ads_buy":0,"average_prize_buy":0,"number_of_ads_rent":0,"average_prize_rent":0,"normalized_prize_buy":0,"normalized_ads_buy":0,"normalized_prize_rent":null,"normalized_ads_rent":0,"date":"2018-12-04T06:12:43.000Z","fill-opacity":0,"fill":"#ff0000"},"bbox":[-3.53142,40.344,-3.53643,40.3493],"geometry":{"type":"Polygon","coordinates":[[[-3.53142,40.3493],[-3.53643,40.3493],[-3.53643,40.344],[-3.53142,40.344],[-3.53142,40.3493]]]}},{"type":"Feature","properties":{"name":"Rivas-Vaciamadrid--piece--5-6--gCloud","number_of_ads_buy":0,"average_prize_buy":0,"number_of_ads_rent":0,"average_prize_rent":0,"normalized_prize_buy":0,"normalized_ads_buy":0,"normalized_prize_rent":null,"normalized_ads_rent":0,"date":"2018-12-04T06:12:49.000Z","fill-opacity":0,"fill":"#ff0000"},"bbox":[-3.53142,40.3387,-3.53643,40.344],"geometry":{"type":"Polygon","coordinates":[[[-3.53142,40.344],[-3.53643,40.344],[-3.53643,40.3387],[-3.53142,40.3387],[-3.53142,40.344]]]}},{"type":"Feature","properties":{"name":"Rivas-Vaciamadrid--piece--5-7--gCloud","number_of_ads_buy":0,"average_prize_buy":0,"number_of_ads_rent":0,"average_prize_rent":0,"normalized_prize_buy":0,"normalized_ads_buy":0,"normalized_prize_rent":null,"normalized_ads_rent":0,"date":"2018-12-04T06:12:55.000Z","fill-opacity":0,"fill":"#ff0000"},"bbox":[-3.53142,40.3333,-3.53643,40.3387],"geometry":{"type":"Polygon","coordinates":[[[-3.53142,40.3387],[-3.53643,40.3387],[-3.53643,40.3333],[-3.53142,40.3333],[-3.53142,40.3387]]]}},{"type":"Feature","properties":{"name":"Rivas-Vaciamadrid--piece--5-8--gCloud","number_of_ads_buy":0,"average_prize_buy":0,"number_of_ads_rent":0,"average_prize_rent":0,"normalized_prize_buy":0,"normalized_ads_buy":0,"normalized_prize_rent":null,"normalized_ads_rent":0,"date":"2018-12-04T06:13:00.000Z","fill-opacity":0,"fill":"#ff0000"},"bbox":[-3.53142,40.328,-3.53643,40.3333],"geometry":{"type":"Polygon","coordinates":[[[-3.53142,40.3333],[-3.53643,40.3333],[-3.53643,40.328],[-3.53142,40.328],[-3.53142,40.3333]]]}},{"type":"Feature","properties":{"name":"Rivas-Vaciamadrid--piece--5-9--gCloud","number_of_ads_buy":0,"average_prize_buy":0,"number_of_ads_rent":0,"average_prize_rent":0,"normalized_prize_buy":0,"normalized_ads_buy":0,"normalized_prize_rent":null,"normalized_ads_rent":0,"date":"2018-12-04T06:13:05.000Z","fill-opacity":0,"fill":"#ff0000"},"bbox":[-3.53142,40.3227,-3.53643,40.328],"geometry":{"type":"Polygon","coordinates":[[[-3.53142,40.328],[-3.53643,40.328],[-3.53643,40.3227],[-3.53142,40.3227],[-3.53142,40.328]]]}},{"type":"Feature","properties":{"name":"Rivas-Vaciamadrid--piece--6-0--gCloud","number_of_ads_buy":3,"average_prize_buy":1853.14,"number_of_ads_rent":0,"average_prize_rent":0,"normalized_prize_buy":0.766707626364806,"normalized_ads_buy":0.1,"normalized_prize_rent":null,"normalized_ads_rent":0,"date":"2018-12-04T06:13:15.000Z","fill-opacity":0.6133661010918449,"fill":"#ff0000"},"bbox":[-3.52641,40.3707,-3.53142,40.376],"geometry":{"type":"Polygon","coordinates":[[[-3.52641,40.376],[-3.53142,40.376],[-3.53142,40.3707],[-3.52641,40.3707],[-3.52641,40.376]]]}},{"type":"Feature","properties":{"name":"Rivas-Vaciamadrid--piece--6-1--gCloud","number_of_ads_buy":6,"average_prize_buy":1795.81,"number_of_ads_rent":0,"average_prize_rent":0,"normalized_prize_buy":0.7429882375331504,"normalized_ads_buy":0.2,"normalized_prize_rent":null,"normalized_ads_rent":0,"date":"2018-12-04T06:13:25.000Z","fill-opacity":0.5943905900265203,"fill":"#ff0000"},"bbox":[-3.52641,40.3653,-3.53142,40.3707],"geometry":{"type":"Polygon","coordinates":[[[-3.52641,40.3707],[-3.53142,40.3707],[-3.53142,40.3653],[-3.52641,40.3653],[-3.52641,40.3707]]]}},{"type":"Feature","properties":{"name":"Rivas-Vaciamadrid--piece--6-2--gCloud","number_of_ads_buy":7,"average_prize_buy":1787.92,"number_of_ads_rent":2,"average_prize_rent":5.92612,"normalized_prize_buy":0.7397238737117348,"normalized_ads_buy":0.23333333333333334,"normalized_prize_rent":null,"normalized_ads_rent":0.06666666666666667,"date":"2018-12-04T06:13:31.000Z","fill-opacity":0.5917790989693879,"fill":"#ff0000"},"bbox":[-3.52641,40.36,-3.53142,40.3653],"geometry":{"type":"Polygon","coordinates":[[[-3.52641,40.3653],[-3.53142,40.3653],[-3.53142,40.36],[-3.52641,40.36],[-3.52641,40.3653]]]}},{"type":"Feature","properties":{"name":"Rivas-Vaciamadrid--piece--6-3--gCloud","number_of_ads_buy":2,"average_prize_buy":2325.44,"number_of_ads_rent":0,"average_prize_rent":0,"normalized_prize_buy":0.9621143478926442,"normalized_ads_buy":0.06666666666666667,"normalized_prize_rent":null,"normalized_ads_rent":0,"date":"2018-12-04T06:13:40.000Z","fill-opacity":0.7696914783141153,"fill":"#ff0000"},"bbox":[-3.52641,40.3547,-3.53142,40.36],"geometry":{"type":"Polygon","coordinates":[[[-3.52641,40.36],[-3.53142,40.36],[-3.53142,40.3547],[-3.52641,40.3547],[-3.52641,40.36]]]}},{"type":"Feature","properties":{"name":"Rivas-Vaciamadrid--piece--6-4--gCloud","number_of_ads_buy":2,"average_prize_buy":1954.95,"number_of_ads_rent":0,"average_prize_rent":0,"normalized_prize_buy":0.8088299179564834,"normalized_ads_buy":0.06666666666666667,"normalized_prize_rent":null,"normalized_ads_rent":0,"date":"2018-12-04T06:13:49.000Z","fill-opacity":0.6470639343651867,"fill":"#ff0000"},"bbox":[-3.52641,40.3493,-3.53142,40.3547],"geometry":{"type":"Polygon","coordinates":[[[-3.52641,40.3547],[-3.53142,40.3547],[-3.53142,40.3493],[-3.52641,40.3493],[-3.52641,40.3547]]]}},{"type":"Feature","properties":{"name":"Rivas-Vaciamadrid--piece--6-5--gCloud","number_of_ads_buy":1,"average_prize_buy":1518.99,"number_of_ads_rent":0,"average_prize_rent":0,"normalized_prize_buy":0.6284583017860911,"normalized_ads_buy":0.03333333333333333,"normalized_prize_rent":null,"normalized_ads_rent":0,"date":"2018-12-04T06:14:01.000Z","fill-opacity":0.5027666414288728,"fill":"#ff0000"},"bbox":[-3.52641,40.344,-3.53142,40.3493],"geometry":{"type":"Polygon","coordinates":[[[-3.52641,40.3493],[-3.53142,40.3493],[-3.53142,40.344],[-3.52641,40.344],[-3.52641,40.3493]]]}},{"type":"Feature","properties":{"name":"Rivas-Vaciamadrid--piece--6-6--gCloud","number_of_ads_buy":0,"average_prize_buy":0,"number_of_ads_rent":0,"average_prize_rent":0,"normalized_prize_buy":0,"normalized_ads_buy":0,"normalized_prize_rent":null,"normalized_ads_rent":0,"date":"2018-12-04T06:14:07.000Z","fill-opacity":0,"fill":"#ff0000"},"bbox":[-3.52641,40.3387,-3.53142,40.344],"geometry":{"type":"Polygon","coordinates":[[[-3.52641,40.344],[-3.53142,40.344],[-3.53142,40.3387],[-3.52641,40.3387],[-3.52641,40.344]]]}},{"type":"Feature","properties":{"name":"Rivas-Vaciamadrid--piece--6-7--gCloud","number_of_ads_buy":0,"average_prize_buy":0,"number_of_ads_rent":0,"average_prize_rent":0,"normalized_prize_buy":0,"normalized_ads_buy":0,"normalized_prize_rent":null,"normalized_ads_rent":0,"date":"2018-12-04T06:14:21.000Z","fill-opacity":0,"fill":"#ff0000"},"bbox":[-3.52641,40.3333,-3.53142,40.3387],"geometry":{"type":"Polygon","coordinates":[[[-3.52641,40.3387],[-3.53142,40.3387],[-3.53142,40.3333],[-3.52641,40.3333],[-3.52641,40.3387]]]}},{"type":"Feature","properties":{"name":"Rivas-Vaciamadrid--piece--6-8--gCloud","number_of_ads_buy":0,"average_prize_buy":0,"number_of_ads_rent":0,"average_prize_rent":0,"normalized_prize_buy":0,"normalized_ads_buy":0,"normalized_prize_rent":null,"normalized_ads_rent":0,"date":"2018-12-04T06:14:32.000Z","fill-opacity":0,"fill":"#ff0000"},"bbox":[-3.52641,40.328,-3.53142,40.3333],"geometry":{"type":"Polygon","coordinates":[[[-3.52641,40.3333],[-3.53142,40.3333],[-3.53142,40.328],[-3.52641,40.328],[-3.52641,40.3333]]]}},{"type":"Feature","properties":{"name":"Rivas-Vaciamadrid--piece--6-9--gCloud","number_of_ads_buy":0,"average_prize_buy":0,"number_of_ads_rent":0,"average_prize_rent":0,"normalized_prize_buy":0,"normalized_ads_buy":0,"normalized_prize_rent":null,"normalized_ads_rent":0,"date":"2018-12-04T06:14:38.000Z","fill-opacity":0,"fill":"#ff0000"},"bbox":[-3.52641,40.3227,-3.53142,40.328],"geometry":{"type":"Polygon","coordinates":[[[-3.52641,40.328],[-3.53142,40.328],[-3.53142,40.3227],[-3.52641,40.3227],[-3.52641,40.328]]]}},{"type":"Feature","properties":{"name":"Rivas-Vaciamadrid--piece--7-0--gCloud","number_of_ads_buy":3,"average_prize_buy":1713.8,"number_of_ads_rent":0,"average_prize_rent":0,"normalized_prize_buy":0.7090578855693604,"normalized_ads_buy":0.1,"normalized_prize_rent":null,"normalized_ads_rent":0,"date":"2018-12-04T06:14:53.000Z","fill-opacity":0.5672463084554884,"fill":"#ff0000"},"bbox":[-3.5214,40.3707,-3.52641,40.376],"geometry":{"type":"Polygon","coordinates":[[[-3.5214,40.376],[-3.52641,40.376],[-3.52641,40.3707],[-3.5214,40.3707],[-3.5214,40.376]]]}},{"type":"Feature","properties":{"name":"Rivas-Vaciamadrid--piece--7-1--gCloud","number_of_ads_buy":1,"average_prize_buy":777.359,"number_of_ads_rent":0,"average_prize_rent":0,"normalized_prize_buy":0.32162010086842835,"normalized_ads_buy":0.03333333333333333,"normalized_prize_rent":null,"normalized_ads_rent":0,"date":"2018-12-04T06:14:59.000Z","fill-opacity":0.2572960806947427,"fill":"#ff0000"},"bbox":[-3.5214,40.3653,-3.52641,40.3707],"geometry":{"type":"Polygon","coordinates":[[[-3.5214,40.3707],[-3.52641,40.3707],[-3.52641,40.3653],[-3.5214,40.3653],[-3.5214,40.3707]]]}},{"type":"Feature","properties":{"name":"Rivas-Vaciamadrid--piece--7-2--gCloud","number_of_ads_buy":0,"average_prize_buy":0,"number_of_ads_rent":0,"average_prize_rent":0,"normalized_prize_buy":0,"normalized_ads_buy":0,"normalized_prize_rent":null,"normalized_ads_rent":0,"date":"2018-12-04T06:15:05.000Z","fill-opacity":0,"fill":"#ff0000"},"bbox":[-3.5214,40.36,-3.52641,40.3653],"geometry":{"type":"Polygon","coordinates":[[[-3.5214,40.3653],[-3.52641,40.3653],[-3.52641,40.36],[-3.5214,40.36],[-3.5214,40.3653]]]}},{"type":"Feature","properties":{"name":"Rivas-Vaciamadrid--piece--7-3--gCloud","number_of_ads_buy":3,"average_prize_buy":1737.54,"number_of_ads_rent":0,"average_prize_rent":0,"normalized_prize_buy":0.7188799384363325,"normalized_ads_buy":0.1,"normalized_prize_rent":null,"normalized_ads_rent":0,"date":"2018-12-04T06:15:10.000Z","fill-opacity":0.575103950749066,"fill":"#ff0000"},"bbox":[-3.5214,40.3547,-3.52641,40.36],"geometry":{"type":"Polygon","coordinates":[[[-3.5214,40.36],[-3.52641,40.36],[-3.52641,40.3547],[-3.5214,40.3547],[-3.5214,40.36]]]}},{"type":"Feature","properties":{"name":"Rivas-Vaciamadrid--piece--7-4--gCloud","number_of_ads_buy":20,"average_prize_buy":1842.21,"number_of_ads_rent":2,"average_prize_rent":7.03518,"normalized_prize_buy":0.7621855101964824,"normalized_ads_buy":0.6666666666666666,"normalized_prize_rent":null,"normalized_ads_rent":0.06666666666666667,"date":"2018-12-04T06:15:20.000Z","fill-opacity":0.609748408157186,"fill":"#ff0000"},"bbox":[-3.5214,40.3493,-3.52641,40.3547],"geometry":{"type":"Polygon","coordinates":[[[-3.5214,40.3547],[-3.52641,40.3547],[-3.52641,40.3493],[-3.5214,40.3493],[-3.5214,40.3547]]]}},{"type":"Feature","properties":{"name":"Rivas-Vaciamadrid--piece--7-5--gCloud","number_of_ads_buy":16,"average_prize_buy":2134,"number_of_ads_rent":0,"average_prize_rent":0,"normalized_prize_buy":0.8829090487834141,"normalized_ads_buy":0.5333333333333333,"normalized_prize_rent":null,"normalized_ads_rent":0,"date":"2018-12-04T06:15:26.000Z","fill-opacity":0.7063272390267313,"fill":"#ff0000"},"bbox":[-3.5214,40.344,-3.52641,40.3493],"geometry":{"type":"Polygon","coordinates":[[[-3.5214,40.3493],[-3.52641,40.3493],[-3.52641,40.344],[-3.5214,40.344],[-3.5214,40.3493]]]}},{"type":"Feature","properties":{"name":"Rivas-Vaciamadrid--piece--7-6--gCloud","number_of_ads_buy":2,"average_prize_buy":2179.39,"number_of_ads_rent":2,"average_prize_rent":10.5976,"normalized_prize_buy":0.9016884497788589,"normalized_ads_buy":0.06666666666666667,"normalized_prize_rent":null,"normalized_ads_rent":0.06666666666666667,"date":"2018-12-04T06:15:32.000Z","fill-opacity":0.7213507598230872,"fill":"#ff0000"},"bbox":[-3.5214,40.3387,-3.52641,40.344],"geometry":{"type":"Polygon","coordinates":[[[-3.5214,40.344],[-3.52641,40.344],[-3.52641,40.3387],[-3.5214,40.3387],[-3.5214,40.344]]]}},{"type":"Feature","properties":{"name":"Rivas-Vaciamadrid--piece--7-7--gCloud","number_of_ads_buy":6,"average_prize_buy":2290,"number_of_ads_rent":5,"average_prize_rent":8.2421,"normalized_prize_buy":0.9474516034273751,"normalized_ads_buy":0.2,"normalized_prize_rent":null,"normalized_ads_rent":0.16666666666666666,"date":"2018-12-04T06:15:41.000Z","fill-opacity":0.7579612827419001,"fill":"#ff0000"},"bbox":[-3.5214,40.3333,-3.52641,40.3387],"geometry":{"type":"Polygon","coordinates":[[[-3.5214,40.3387],[-3.52641,40.3387],[-3.52641,40.3333],[-3.5214,40.3333],[-3.5214,40.3387]]]}},{"type":"Feature","properties":{"name":"Rivas-Vaciamadrid--piece--7-8--gCloud","number_of_ads_buy":3,"average_prize_buy":1927.15,"number_of_ads_rent":2,"average_prize_rent":8.32582,"normalized_prize_buy":0.7973281037314699,"normalized_ads_buy":0.1,"normalized_prize_rent":null,"normalized_ads_rent":0.06666666666666667,"date":"2018-12-04T06:15:51.000Z","fill-opacity":0.637862482985176,"fill":"#ff0000"},"bbox":[-3.5214,40.328,-3.52641,40.3333],"geometry":{"type":"Polygon","coordinates":[[[-3.5214,40.3333],[-3.52641,40.3333],[-3.52641,40.328],[-3.5214,40.328],[-3.5214,40.3333]]]}},{"type":"Feature","properties":{"name":"Rivas-Vaciamadrid--piece--7-9--gCloud","number_of_ads_buy":0,"average_prize_buy":0,"number_of_ads_rent":0,"average_prize_rent":0,"normalized_prize_buy":0,"normalized_ads_buy":0,"normalized_prize_rent":null,"normalized_ads_rent":0,"date":"2018-12-04T06:15:56.000Z","fill-opacity":0,"fill":"#ff0000"},"bbox":[-3.5214,40.3227,-3.52641,40.328],"geometry":{"type":"Polygon","coordinates":[[[-3.5214,40.328],[-3.52641,40.328],[-3.52641,40.3227],[-3.5214,40.3227],[-3.5214,40.328]]]}},{"type":"Feature","properties":{"name":"Rivas-Vaciamadrid--piece--8-0--gCloud","number_of_ads_buy":0,"average_prize_buy":0,"number_of_ads_rent":0,"average_prize_rent":0,"normalized_prize_buy":0,"normalized_ads_buy":0,"normalized_prize_rent":null,"normalized_ads_rent":0,"date":"2018-12-04T06:16:02.000Z","fill-opacity":0,"fill":"#ff0000"},"bbox":[-3.5164,40.3707,-3.5214,40.376],"geometry":{"type":"Polygon","coordinates":[[[-3.5164,40.376],[-3.5214,40.376],[-3.5214,40.3707],[-3.5164,40.3707],[-3.5164,40.376]]]}},{"type":"Feature","properties":{"name":"Rivas-Vaciamadrid--piece--8-1--gCloud","number_of_ads_buy":0,"average_prize_buy":0,"number_of_ads_rent":0,"average_prize_rent":0,"normalized_prize_buy":0,"normalized_ads_buy":0,"normalized_prize_rent":null,"normalized_ads_rent":0,"date":"2018-12-04T06:16:07.000Z","fill-opacity":0,"fill":"#ff0000"},"bbox":[-3.5164,40.3653,-3.5214,40.3707],"geometry":{"type":"Polygon","coordinates":[[[-3.5164,40.3707],[-3.5214,40.3707],[-3.5214,40.3653],[-3.5164,40.3653],[-3.5164,40.3707]]]}},{"type":"Feature","properties":{"name":"Rivas-Vaciamadrid--piece--8-2--gCloud","number_of_ads_buy":3,"average_prize_buy":1637.37,"number_of_ads_rent":1,"average_prize_rent":7.34463,"normalized_prize_buy":0.6774361711370659,"normalized_ads_buy":0.1,"normalized_prize_rent":null,"normalized_ads_rent":0.03333333333333333,"date":"2018-12-04T06:16:12.000Z","fill-opacity":0.5419489369096527,"fill":"#ff0000"},"bbox":[-3.5164,40.36,-3.5214,40.3653],"geometry":{"type":"Polygon","coordinates":[[[-3.5164,40.3653],[-3.5214,40.3653],[-3.5214,40.36],[-3.5164,40.36],[-3.5164,40.3653]]]}},{"type":"Feature","properties":{"name":"Rivas-Vaciamadrid--piece--8-3--gCloud","number_of_ads_buy":16,"average_prize_buy":2417.01,"number_of_ads_rent":1,"average_prize_rent":5.41667,"normalized_prize_buy":1,"normalized_ads_buy":0.5333333333333333,"normalized_prize_rent":null,"normalized_ads_rent":0.03333333333333333,"date":"2018-12-04T06:16:25.000Z","fill-opacity":0.8,"fill":"#ff0000"},"bbox":[-3.5164,40.3547,-3.5214,40.36],"geometry":{"type":"Polygon","coordinates":[[[-3.5164,40.36],[-3.5214,40.36],[-3.5214,40.3547],[-3.5164,40.3547],[-3.5164,40.36]]]}},{"type":"Feature","properties":{"name":"Rivas-Vaciamadrid--piece--8-4--gCloud","number_of_ads_buy":19,"average_prize_buy":1978.4,"number_of_ads_rent":2,"average_prize_rent":8.42962,"normalized_prize_buy":0.8185319878693096,"normalized_ads_buy":0.6333333333333333,"normalized_prize_rent":null,"normalized_ads_rent":0.06666666666666667,"date":"2018-12-04T06:16:34.000Z","fill-opacity":0.6548255902954477,"fill":"#ff0000"},"bbox":[-3.5164,40.3493,-3.5214,40.3547],"geometry":{"type":"Polygon","coordinates":[[[-3.5164,40.3547],[-3.5214,40.3547],[-3.5214,40.3493],[-3.5164,40.3493],[-3.5164,40.3547]]]}},{"type":"Feature","properties":{"name":"Rivas-Vaciamadrid--piece--8-5--gCloud","number_of_ads_buy":11,"average_prize_buy":1875.24,"number_of_ads_rent":0,"average_prize_rent":0,"normalized_prize_buy":0.7758511549393672,"normalized_ads_buy":0.36666666666666664,"normalized_prize_rent":null,"normalized_ads_rent":0,"date":"2018-12-04T06:16:40.000Z","fill-opacity":0.6206809239514938,"fill":"#ff0000"},"bbox":[-3.5164,40.344,-3.5214,40.3493],"geometry":{"type":"Polygon","coordinates":[[[-3.5164,40.3493],[-3.5214,40.3493],[-3.5214,40.344],[-3.5164,40.344],[-3.5164,40.3493]]]}},{"type":"Feature","properties":{"name":"Rivas-Vaciamadrid--piece--8-6--gCloud","number_of_ads_buy":30,"average_prize_buy":1880.87,"number_of_ads_rent":3,"average_prize_rent":8.35088,"normalized_prize_buy":0.7781804791870947,"normalized_ads_buy":1,"normalized_prize_rent":null,"normalized_ads_rent":0.1,"date":"2018-12-04T06:16:47.000Z","fill-opacity":0.6225443833496758,"fill":"#ff0000"},"bbox":[-3.5164,40.3387,-3.5214,40.344],"geometry":{"type":"Polygon","coordinates":[[[-3.5164,40.344],[-3.5214,40.344],[-3.5214,40.3387],[-3.5164,40.3387],[-3.5164,40.344]]]}},{"type":"Feature","properties":{"name":"Rivas-Vaciamadrid--piece--8-7--gCloud","number_of_ads_buy":6,"average_prize_buy":1858.95,"number_of_ads_rent":2,"average_prize_rent":8.62454,"normalized_prize_buy":0.769111422790969,"normalized_ads_buy":0.2,"normalized_prize_rent":null,"normalized_ads_rent":0.06666666666666667,"date":"2018-12-04T06:16:56.000Z","fill-opacity":0.6152891382327752,"fill":"#ff0000"},"bbox":[-3.5164,40.3333,-3.5214,40.3387],"geometry":{"type":"Polygon","coordinates":[[[-3.5164,40.3387],[-3.5214,40.3387],[-3.5214,40.3333],[-3.5164,40.3333],[-3.5164,40.3387]]]}},{"type":"Feature","properties":{"name":"Rivas-Vaciamadrid--piece--8-8--gCloud","number_of_ads_buy":3,"average_prize_buy":2109.9,"number_of_ads_rent":0,"average_prize_rent":0,"normalized_prize_buy":0.8729380515595715,"normalized_ads_buy":0.1,"normalized_prize_rent":null,"normalized_ads_rent":0,"date":"2018-12-04T06:17:01.000Z","fill-opacity":0.6983504412476572,"fill":"#ff0000"},"bbox":[-3.5164,40.328,-3.5214,40.3333],"geometry":{"type":"Polygon","coordinates":[[[-3.5164,40.3333],[-3.5214,40.3333],[-3.5214,40.328],[-3.5164,40.328],[-3.5164,40.3333]]]}},{"type":"Feature","properties":{"name":"Rivas-Vaciamadrid--piece--8-9--gCloud","number_of_ads_buy":3,"average_prize_buy":1340.93,"number_of_ads_rent":0,"average_prize_rent":0,"normalized_prize_buy":0.5547887679405547,"normalized_ads_buy":0.1,"normalized_prize_rent":null,"normalized_ads_rent":0,"date":"2018-12-04T06:17:06.000Z","fill-opacity":0.44383101435244376,"fill":"#ff0000"},"bbox":[-3.5164,40.3227,-3.5214,40.328],"geometry":{"type":"Polygon","coordinates":[[[-3.5164,40.328],[-3.5214,40.328],[-3.5214,40.3227],[-3.5164,40.3227],[-3.5164,40.328]]]}},{"type":"Feature","properties":{"name":"Rivas-Vaciamadrid--piece--9-0--gCloud","number_of_ads_buy":0,"average_prize_buy":0,"number_of_ads_rent":0,"average_prize_rent":0,"normalized_prize_buy":0,"normalized_ads_buy":0,"normalized_prize_rent":null,"normalized_ads_rent":0,"date":"2018-12-04T06:17:17.000Z","fill-opacity":0,"fill":"#ff0000"},"bbox":[-3.51139,40.3707,-3.5164,40.376],"geometry":{"type":"Polygon","coordinates":[[[-3.51139,40.376],[-3.5164,40.376],[-3.5164,40.3707],[-3.51139,40.3707],[-3.51139,40.376]]]}},{"type":"Feature","properties":{"name":"Rivas-Vaciamadrid--piece--9-1--gCloud","number_of_ads_buy":0,"average_prize_buy":0,"number_of_ads_rent":0,"average_prize_rent":0,"normalized_prize_buy":0,"normalized_ads_buy":0,"normalized_prize_rent":null,"normalized_ads_rent":0,"date":"2018-12-04T06:17:25.000Z","fill-opacity":0,"fill":"#ff0000"},"bbox":[-3.51139,40.3653,-3.5164,40.3707],"geometry":{"type":"Polygon","coordinates":[[[-3.51139,40.3707],[-3.5164,40.3707],[-3.5164,40.3653],[-3.51139,40.3653],[-3.51139,40.3707]]]}},{"type":"Feature","properties":{"name":"Rivas-Vaciamadrid--piece--9-2--gCloud","number_of_ads_buy":1,"average_prize_buy":2154.55,"number_of_ads_rent":1,"average_prize_rent":6.59091,"normalized_prize_buy":0.8914112891547822,"normalized_ads_buy":0.03333333333333333,"normalized_prize_rent":null,"normalized_ads_rent":0.03333333333333333,"date":"2018-12-04T06:17:34.000Z","fill-opacity":0.7131290313238258,"fill":"#ff0000"},"bbox":[-3.51139,40.36,-3.5164,40.3653],"geometry":{"type":"Polygon","coordinates":[[[-3.51139,40.3653],[-3.5164,40.3653],[-3.5164,40.36],[-3.51139,40.36],[-3.51139,40.3653]]]}},{"type":"Feature","properties":{"name":"Rivas-Vaciamadrid--piece--9-3--gCloud","number_of_ads_buy":9,"average_prize_buy":1970.56,"number_of_ads_rent":0,"average_prize_rent":0,"normalized_prize_buy":0.8152883107641258,"normalized_ads_buy":0.3,"normalized_prize_rent":null,"normalized_ads_rent":0,"date":"2018-12-04T06:17:39.000Z","fill-opacity":0.6522306486113006,"fill":"#ff0000"},"bbox":[-3.51139,40.3547,-3.5164,40.36],"geometry":{"type":"Polygon","coordinates":[[[-3.51139,40.36],[-3.5164,40.36],[-3.5164,40.3547],[-3.51139,40.3547],[-3.51139,40.36]]]}},{"type":"Feature","properties":{"name":"Rivas-Vaciamadrid--piece--9-4--gCloud","number_of_ads_buy":3,"average_prize_buy":1995.65,"number_of_ads_rent":0,"average_prize_rent":0,"normalized_prize_buy":0.825668904969363,"normalized_ads_buy":0.1,"normalized_prize_rent":null,"normalized_ads_rent":0,"date":"2018-12-04T06:17:48.000Z","fill-opacity":0.6605351239754904,"fill":"#ff0000"},"bbox":[-3.51139,40.3493,-3.5164,40.3547],"geometry":{"type":"Polygon","coordinates":[[[-3.51139,40.3547],[-3.5164,40.3547],[-3.5164,40.3493],[-3.51139,40.3493],[-3.51139,40.3547]]]}},{"type":"Feature","properties":{"name":"Rivas-Vaciamadrid--piece--9-5--gCloud","number_of_ads_buy":0,"average_prize_buy":0,"number_of_ads_rent":0,"average_prize_rent":0,"normalized_prize_buy":0,"normalized_ads_buy":0,"normalized_prize_rent":null,"normalized_ads_rent":0,"date":"2018-12-04T06:17:56.000Z","fill-opacity":0,"fill":"#ff0000"},"bbox":[-3.51139,40.344,-3.5164,40.3493],"geometry":{"type":"Polygon","coordinates":[[[-3.51139,40.3493],[-3.5164,40.3493],[-3.5164,40.344],[-3.51139,40.344],[-3.51139,40.3493]]]}},{"type":"Feature","properties":{"name":"Rivas-Vaciamadrid--piece--9-6--gCloud","number_of_ads_buy":0,"average_prize_buy":0,"number_of_ads_rent":0,"average_prize_rent":0,"normalized_prize_buy":0,"normalized_ads_buy":0,"normalized_prize_rent":null,"normalized_ads_rent":0,"date":"2018-12-04T06:18:04.000Z","fill-opacity":0,"fill":"#ff0000"},"bbox":[-3.51139,40.3387,-3.5164,40.344],"geometry":{"type":"Polygon","coordinates":[[[-3.51139,40.344],[-3.5164,40.344],[-3.5164,40.3387],[-3.51139,40.3387],[-3.51139,40.344]]]}},{"type":"Feature","properties":{"name":"Rivas-Vaciamadrid--piece--9-7--gCloud","number_of_ads_buy":0,"average_prize_buy":0,"number_of_ads_rent":0,"average_prize_rent":0,"normalized_prize_buy":0,"normalized_ads_buy":0,"normalized_prize_rent":null,"normalized_ads_rent":0,"date":"2018-12-04T06:18:12.000Z","fill-opacity":0,"fill":"#ff0000"},"bbox":[-3.51139,40.3333,-3.5164,40.3387],"geometry":{"type":"Polygon","coordinates":[[[-3.51139,40.3387],[-3.5164,40.3387],[-3.5164,40.3333],[-3.51139,40.3333],[-3.51139,40.3387]]]}},{"type":"Feature","properties":{"name":"Rivas-Vaciamadrid--piece--9-8--gCloud","number_of_ads_buy":5,"average_prize_buy":2038.68,"number_of_ads_rent":0,"average_prize_rent":0,"normalized_prize_buy":0.8434718929586554,"normalized_ads_buy":0.16666666666666666,"normalized_prize_rent":null,"normalized_ads_rent":0,"date":"2018-12-04T06:18:20.000Z","fill-opacity":0.6747775143669243,"fill":"#ff0000"},"bbox":[-3.51139,40.328,-3.5164,40.3333],"geometry":{"type":"Polygon","coordinates":[[[-3.51139,40.3333],[-3.5164,40.3333],[-3.5164,40.328],[-3.51139,40.328],[-3.51139,40.3333]]]}},{"type":"Feature","properties":{"name":"Rivas-Vaciamadrid--piece--9-9--gCloud","number_of_ads_buy":14,"average_prize_buy":1940.83,"number_of_ads_rent":1,"average_prize_rent":7.5188,"normalized_prize_buy":0.8029879892925555,"normalized_ads_buy":0.4666666666666667,"normalized_prize_rent":null,"normalized_ads_rent":0.03333333333333333,"date":"2018-12-04T06:18:30.000Z","fill-opacity":0.6423903914340445,"fill":"#ff0000"},"bbox":[-3.51139,40.3227,-3.5164,40.328],"geometry":{"type":"Polygon","coordinates":[[[-3.51139,40.328],[-3.5164,40.328],[-3.5164,40.3227],[-3.51139,40.3227],[-3.51139,40.328]]]}}]}