{"type":"FeatureCollection","features":[{"type":"Feature","properties":{"name":"San Sebastián de los Reyes--piece--0-0--gCloud","number_of_ads_buy":0,"average_prize_buy":0,"number_of_ads_rent":0,"average_prize_rent":0,"normalized_prize_buy":0,"normalized_ads_buy":0,"normalized_prize_rent":null,"normalized_ads_rent":0,"date":"2018-12-04T07:02:36.000Z","fill-opacity":0,"fill":"#ff0000"},"bbox":[-3.66908,40.6259,-3.67414,40.6311],"geometry":{"type":"Polygon","coordinates":[[[-3.66908,40.6311],[-3.67414,40.6311],[-3.67414,40.6259],[-3.66908,40.6259],[-3.66908,40.6311]]]}},{"type":"Feature","properties":{"name":"San Sebastián de los Reyes--piece--0-1--gCloud","number_of_ads_buy":0,"average_prize_buy":0,"number_of_ads_rent":0,"average_prize_rent":0,"normalized_prize_buy":0,"normalized_ads_buy":0,"normalized_prize_rent":null,"normalized_ads_rent":0,"date":"2018-12-04T07:02:41.000Z","fill-opacity":0,"fill":"#ff0000"},"bbox":[-3.66908,40.6207,-3.67414,40.6259],"geometry":{"type":"Polygon","coordinates":[[[-3.66908,40.6259],[-3.67414,40.6259],[-3.67414,40.6207],[-3.66908,40.6207],[-3.66908,40.6259]]]}},{"type":"Feature","properties":{"name":"San Sebastián de los Reyes--piece--0-10--gCloud","number_of_ads_buy":0,"average_prize_buy":0,"number_of_ads_rent":0,"average_prize_rent":0,"normalized_prize_buy":0,"normalized_ads_buy":0,"normalized_prize_rent":null,"normalized_ads_rent":0,"date":"2018-12-04T07:02:49.000Z","fill-opacity":0,"fill":"#ff0000"},"bbox":[-3.66908,40.5739,-3.67414,40.5791],"geometry":{"type":"Polygon","coordinates":[[[-3.66908,40.5791],[-3.67414,40.5791],[-3.67414,40.5739],[-3.66908,40.5739],[-3.66908,40.5791]]]}},{"type":"Feature","properties":{"name":"San Sebastián de los Reyes--piece--0-11--gCloud","number_of_ads_buy":0,"average_prize_buy":0,"number_of_ads_rent":0,"average_prize_rent":0,"normalized_prize_buy":0,"normalized_ads_buy":0,"normalized_prize_rent":null,"normalized_ads_rent":0,"date":"2018-12-04T07:02:58.000Z","fill-opacity":0,"fill":"#ff0000"},"bbox":[-3.66908,40.5687,-3.67414,40.5739],"geometry":{"type":"Polygon","coordinates":[[[-3.66908,40.5739],[-3.67414,40.5739],[-3.67414,40.5687],[-3.66908,40.5687],[-3.66908,40.5739]]]}},{"type":"Feature","properties":{"name":"San Sebastián de los Reyes--piece--0-12--gCloud","number_of_ads_buy":0,"average_prize_buy":0,"number_of_ads_rent":0,"average_prize_rent":0,"normalized_prize_buy":0,"normalized_ads_buy":0,"normalized_prize_rent":null,"normalized_ads_rent":0,"date":"2018-12-04T07:03:06.000Z","fill-opacity":0,"fill":"#ff0000"},"bbox":[-3.66908,40.5635,-3.67414,40.5687],"geometry":{"type":"Polygon","coordinates":[[[-3.66908,40.5687],[-3.67414,40.5687],[-3.67414,40.5635],[-3.66908,40.5635],[-3.66908,40.5687]]]}},{"type":"Feature","properties":{"name":"San Sebastián de los Reyes--piece--0-13--gCloud","number_of_ads_buy":0,"average_prize_buy":0,"number_of_ads_rent":0,"average_prize_rent":0,"normalized_prize_buy":0,"normalized_ads_buy":0,"normalized_prize_rent":null,"normalized_ads_rent":0,"date":"2018-12-04T07:03:14.000Z","fill-opacity":0,"fill":"#ff0000"},"bbox":[-3.66908,40.5583,-3.67414,40.5635],"geometry":{"type":"Polygon","coordinates":[[[-3.66908,40.5635],[-3.67414,40.5635],[-3.67414,40.5583],[-3.66908,40.5583],[-3.66908,40.5635]]]}},{"type":"Feature","properties":{"name":"San Sebastián de los Reyes--piece--0-14--gCloud","number_of_ads_buy":0,"average_prize_buy":0,"number_of_ads_rent":0,"average_prize_rent":0,"normalized_prize_buy":0,"normalized_ads_buy":0,"normalized_prize_rent":null,"normalized_ads_rent":0,"date":"2018-12-04T07:03:25.000Z","fill-opacity":0,"fill":"#ff0000"},"bbox":[-3.66908,40.5531,-3.67414,40.5583],"geometry":{"type":"Polygon","coordinates":[[[-3.66908,40.5583],[-3.67414,40.5583],[-3.67414,40.5531],[-3.66908,40.5531],[-3.66908,40.5583]]]}},{"type":"Feature","properties":{"name":"San Sebastián de los Reyes--piece--0-15--gCloud","number_of_ads_buy":0,"average_prize_buy":0,"number_of_ads_rent":0,"average_prize_rent":0,"normalized_prize_buy":0,"normalized_ads_buy":0,"normalized_prize_rent":null,"normalized_ads_rent":0,"date":"2018-12-04T07:03:33.000Z","fill-opacity":0,"fill":"#ff0000"},"bbox":[-3.66908,40.5479,-3.67414,40.5531],"geometry":{"type":"Polygon","coordinates":[[[-3.66908,40.5531],[-3.67414,40.5531],[-3.67414,40.5479],[-3.66908,40.5479],[-3.66908,40.5531]]]}},{"type":"Feature","properties":{"name":"San Sebastián de los Reyes--piece--0-16--gCloud","number_of_ads_buy":0,"average_prize_buy":0,"number_of_ads_rent":0,"average_prize_rent":0,"normalized_prize_buy":0,"normalized_ads_buy":0,"normalized_prize_rent":null,"normalized_ads_rent":0,"date":"2018-12-04T07:03:41.000Z","fill-opacity":0,"fill":"#ff0000"},"bbox":[-3.66908,40.5427,-3.67414,40.5479],"geometry":{"type":"Polygon","coordinates":[[[-3.66908,40.5479],[-3.67414,40.5479],[-3.67414,40.5427],[-3.66908,40.5427],[-3.66908,40.5479]]]}},{"type":"Feature","properties":{"name":"San Sebastián de los Reyes--piece--0-17--gCloud","number_of_ads_buy":0,"average_prize_buy":0,"number_of_ads_rent":0,"average_prize_rent":0,"normalized_prize_buy":0,"normalized_ads_buy":0,"normalized_prize_rent":null,"normalized_ads_rent":0,"date":"2018-12-04T07:03:49.000Z","fill-opacity":0,"fill":"#ff0000"},"bbox":[-3.66908,40.5375,-3.67414,40.5427],"geometry":{"type":"Polygon","coordinates":[[[-3.66908,40.5427],[-3.67414,40.5427],[-3.67414,40.5375],[-3.66908,40.5375],[-3.66908,40.5427]]]}},{"type":"Feature","properties":{"name":"San Sebastián de los Reyes--piece--0-18--gCloud","number_of_ads_buy":0,"average_prize_buy":0,"number_of_ads_rent":0,"average_prize_rent":0,"normalized_prize_buy":0,"normalized_ads_buy":0,"normalized_prize_rent":null,"normalized_ads_rent":0,"date":"2018-12-04T07:03:58.000Z","fill-opacity":0,"fill":"#ff0000"},"bbox":[-3.66908,40.5322,-3.67414,40.5375],"geometry":{"type":"Polygon","coordinates":[[[-3.66908,40.5375],[-3.67414,40.5375],[-3.67414,40.5322],[-3.66908,40.5322],[-3.66908,40.5375]]]}},{"type":"Feature","properties":{"name":"San Sebastián de los Reyes--piece--0-2--gCloud","number_of_ads_buy":0,"average_prize_buy":0,"number_of_ads_rent":0,"average_prize_rent":0,"normalized_prize_buy":0,"normalized_ads_buy":0,"normalized_prize_rent":null,"normalized_ads_rent":0,"date":"2018-12-04T07:04:06.000Z","fill-opacity":0,"fill":"#ff0000"},"bbox":[-3.66908,40.6155,-3.67414,40.6207],"geometry":{"type":"Polygon","coordinates":[[[-3.66908,40.6207],[-3.67414,40.6207],[-3.67414,40.6155],[-3.66908,40.6155],[-3.66908,40.6207]]]}},{"type":"Feature","properties":{"name":"San Sebastián de los Reyes--piece--0-3--gCloud","number_of_ads_buy":0,"average_prize_buy":0,"number_of_ads_rent":0,"average_prize_rent":0,"normalized_prize_buy":0,"normalized_ads_buy":0,"normalized_prize_rent":null,"normalized_ads_rent":0,"date":"2018-12-04T07:04:12.000Z","fill-opacity":0,"fill":"#ff0000"},"bbox":[-3.66908,40.6103,-3.67414,40.6155],"geometry":{"type":"Polygon","coordinates":[[[-3.66908,40.6155],[-3.67414,40.6155],[-3.67414,40.6103],[-3.66908,40.6103],[-3.66908,40.6155]]]}},{"type":"Feature","properties":{"name":"San Sebastián de los Reyes--piece--0-4--gCloud","number_of_ads_buy":0,"average_prize_buy":0,"number_of_ads_rent":0,"average_prize_rent":0,"normalized_prize_buy":0,"normalized_ads_buy":0,"normalized_prize_rent":null,"normalized_ads_rent":0,"date":"2018-12-04T07:04:17.000Z","fill-opacity":0,"fill":"#ff0000"},"bbox":[-3.66908,40.6051,-3.67414,40.6103],"geometry":{"type":"Polygon","coordinates":[[[-3.66908,40.6103],[-3.67414,40.6103],[-3.67414,40.6051],[-3.66908,40.6051],[-3.66908,40.6103]]]}},{"type":"Feature","properties":{"name":"San Sebastián de los Reyes--piece--0-5--gCloud","number_of_ads_buy":0,"average_prize_buy":0,"number_of_ads_rent":0,"average_prize_rent":0,"normalized_prize_buy":0,"normalized_ads_buy":0,"normalized_prize_rent":null,"normalized_ads_rent":0,"date":"2018-12-04T07:04:22.000Z","fill-opacity":0,"fill":"#ff0000"},"bbox":[-3.66908,40.5999,-3.67414,40.6051],"geometry":{"type":"Polygon","coordinates":[[[-3.66908,40.6051],[-3.67414,40.6051],[-3.67414,40.5999],[-3.66908,40.5999],[-3.66908,40.6051]]]}},{"type":"Feature","properties":{"name":"San Sebastián de los Reyes--piece--0-6--gCloud","number_of_ads_buy":0,"average_prize_buy":0,"number_of_ads_rent":0,"average_prize_rent":0,"normalized_prize_buy":0,"normalized_ads_buy":0,"normalized_prize_rent":null,"normalized_ads_rent":0,"date":"2018-12-04T07:04:28.000Z","fill-opacity":0,"fill":"#ff0000"},"bbox":[-3.66908,40.5947,-3.67414,40.5999],"geometry":{"type":"Polygon","coordinates":[[[-3.66908,40.5999],[-3.67414,40.5999],[-3.67414,40.5947],[-3.66908,40.5947],[-3.66908,40.5999]]]}},{"type":"Feature","properties":{"name":"San Sebastián de los Reyes--piece--0-7--gCloud","number_of_ads_buy":0,"average_prize_buy":0,"number_of_ads_rent":0,"average_prize_rent":0,"normalized_prize_buy":0,"normalized_ads_buy":0,"normalized_prize_rent":null,"normalized_ads_rent":0,"date":"2018-12-04T07:04:33.000Z","fill-opacity":0,"fill":"#ff0000"},"bbox":[-3.66908,40.5895,-3.67414,40.5947],"geometry":{"type":"Polygon","coordinates":[[[-3.66908,40.5947],[-3.67414,40.5947],[-3.67414,40.5895],[-3.66908,40.5895],[-3.66908,40.5947]]]}},{"type":"Feature","properties":{"name":"San Sebastián de los Reyes--piece--0-8--gCloud","number_of_ads_buy":0,"average_prize_buy":0,"number_of_ads_rent":0,"average_prize_rent":0,"normalized_prize_buy":0,"normalized_ads_buy":0,"normalized_prize_rent":null,"normalized_ads_rent":0,"date":"2018-12-04T07:04:38.000Z","fill-opacity":0,"fill":"#ff0000"},"bbox":[-3.66908,40.5843,-3.67414,40.5895],"geometry":{"type":"Polygon","coordinates":[[[-3.66908,40.5895],[-3.67414,40.5895],[-3.67414,40.5843],[-3.66908,40.5843],[-3.66908,40.5895]]]}},{"type":"Feature","properties":{"name":"San Sebastián de los Reyes--piece--0-9--gCloud","number_of_ads_buy":0,"average_prize_buy":0,"number_of_ads_rent":0,"average_prize_rent":0,"normalized_prize_buy":0,"normalized_ads_buy":0,"normalized_prize_rent":null,"normalized_ads_rent":0,"date":"2018-12-04T07:04:44.000Z","fill-opacity":0,"fill":"#ff0000"},"bbox":[-3.66908,40.5791,-3.67414,40.5843],"geometry":{"type":"Polygon","coordinates":[[[-3.66908,40.5843],[-3.67414,40.5843],[-3.67414,40.5791],[-3.66908,40.5791],[-3.66908,40.5843]]]}},{"type":"Feature","properties":{"name":"San Sebastián de los Reyes--piece--1-0--gCloud","number_of_ads_buy":0,"average_prize_buy":0,"number_of_ads_rent":0,"average_prize_rent":0,"normalized_prize_buy":0,"normalized_ads_buy":0,"normalized_prize_rent":null,"normalized_ads_rent":0,"date":"2018-12-04T07:04:52.000Z","fill-opacity":0,"fill":"#ff0000"},"bbox":[-3.66402,40.6259,-3.66908,40.6311],"geometry":{"type":"Polygon","coordinates":[[[-3.66402,40.6311],[-3.66908,40.6311],[-3.66908,40.6259],[-3.66402,40.6259],[-3.66402,40.6311]]]}},{"type":"Feature","properties":{"name":"San Sebastián de los Reyes--piece--1-1--gCloud","number_of_ads_buy":0,"average_prize_buy":0,"number_of_ads_rent":0,"average_prize_rent":0,"normalized_prize_buy":0,"normalized_ads_buy":0,"normalized_prize_rent":null,"normalized_ads_rent":0,"date":"2018-12-04T07:04:58.000Z","fill-opacity":0,"fill":"#ff0000"},"bbox":[-3.66402,40.6207,-3.66908,40.6259],"geometry":{"type":"Polygon","coordinates":[[[-3.66402,40.6259],[-3.66908,40.6259],[-3.66908,40.6207],[-3.66402,40.6207],[-3.66402,40.6259]]]}},{"type":"Feature","properties":{"name":"San Sebastián de los Reyes--piece--1-10--gCloud","number_of_ads_buy":0,"average_prize_buy":0,"number_of_ads_rent":0,"average_prize_rent":0,"normalized_prize_buy":0,"normalized_ads_buy":0,"normalized_prize_rent":null,"normalized_ads_rent":0,"date":"2018-12-04T07:05:09.000Z","fill-opacity":0,"fill":"#ff0000"},"bbox":[-3.66402,40.5739,-3.66908,40.5791],"geometry":{"type":"Polygon","coordinates":[[[-3.66402,40.5791],[-3.66908,40.5791],[-3.66908,40.5739],[-3.66402,40.5739],[-3.66402,40.5791]]]}},{"type":"Feature","properties":{"name":"San Sebastián de los Reyes--piece--1-11--gCloud","number_of_ads_buy":0,"average_prize_buy":0,"number_of_ads_rent":0,"average_prize_rent":0,"normalized_prize_buy":0,"normalized_ads_buy":0,"normalized_prize_rent":null,"normalized_ads_rent":0,"date":"2018-12-04T07:05:20.000Z","fill-opacity":0,"fill":"#ff0000"},"bbox":[-3.66402,40.5687,-3.66908,40.5739],"geometry":{"type":"Polygon","coordinates":[[[-3.66402,40.5739],[-3.66908,40.5739],[-3.66908,40.5687],[-3.66402,40.5687],[-3.66402,40.5739]]]}},{"type":"Feature","properties":{"name":"San Sebastián de los Reyes--piece--1-12--gCloud","number_of_ads_buy":0,"average_prize_buy":0,"number_of_ads_rent":0,"average_prize_rent":0,"normalized_prize_buy":0,"normalized_ads_buy":0,"normalized_prize_rent":null,"normalized_ads_rent":0,"date":"2018-12-04T07:05:31.000Z","fill-opacity":0,"fill":"#ff0000"},"bbox":[-3.66402,40.5635,-3.66908,40.5687],"geometry":{"type":"Polygon","coordinates":[[[-3.66402,40.5687],[-3.66908,40.5687],[-3.66908,40.5635],[-3.66402,40.5635],[-3.66402,40.5687]]]}},{"type":"Feature","properties":{"name":"San Sebastián de los Reyes--piece--1-13--gCloud","number_of_ads_buy":0,"average_prize_buy":0,"number_of_ads_rent":0,"average_prize_rent":0,"normalized_prize_buy":0,"normalized_ads_buy":0,"normalized_prize_rent":null,"normalized_ads_rent":0,"date":"2018-12-04T07:05:42.000Z","fill-opacity":0,"fill":"#ff0000"},"bbox":[-3.66402,40.5583,-3.66908,40.5635],"geometry":{"type":"Polygon","coordinates":[[[-3.66402,40.5635],[-3.66908,40.5635],[-3.66908,40.5583],[-3.66402,40.5583],[-3.66402,40.5635]]]}},{"type":"Feature","properties":{"name":"San Sebastián de los Reyes--piece--1-14--gCloud","number_of_ads_buy":0,"average_prize_buy":0,"number_of_ads_rent":0,"average_prize_rent":0,"normalized_prize_buy":0,"normalized_ads_buy":0,"normalized_prize_rent":null,"normalized_ads_rent":0,"date":"2018-12-04T07:05:48.000Z","fill-opacity":0,"fill":"#ff0000"},"bbox":[-3.66402,40.5531,-3.66908,40.5583],"geometry":{"type":"Polygon","coordinates":[[[-3.66402,40.5583],[-3.66908,40.5583],[-3.66908,40.5531],[-3.66402,40.5531],[-3.66402,40.5583]]]}},{"type":"Feature","properties":{"name":"San Sebastián de los Reyes--piece--1-15--gCloud","number_of_ads_buy":0,"average_prize_buy":0,"number_of_ads_rent":0,"average_prize_rent":0,"normalized_prize_buy":0,"normalized_ads_buy":0,"normalized_prize_rent":null,"normalized_ads_rent":0,"date":"2018-12-04T07:05:53.000Z","fill-opacity":0,"fill":"#ff0000"},"bbox":[-3.66402,40.5479,-3.66908,40.5531],"geometry":{"type":"Polygon","coordinates":[[[-3.66402,40.5531],[-3.66908,40.5531],[-3.66908,40.5479],[-3.66402,40.5479],[-3.66402,40.5531]]]}},{"type":"Feature","properties":{"name":"San Sebastián de los Reyes--piece--1-16--gCloud","number_of_ads_buy":0,"average_prize_buy":0,"number_of_ads_rent":0,"average_prize_rent":0,"normalized_prize_buy":0,"normalized_ads_buy":0,"normalized_prize_rent":null,"normalized_ads_rent":0,"date":"2018-12-04T07:06:06.000Z","fill-opacity":0,"fill":"#ff0000"},"bbox":[-3.66402,40.5427,-3.66908,40.5479],"geometry":{"type":"Polygon","coordinates":[[[-3.66402,40.5479],[-3.66908,40.5479],[-3.66908,40.5427],[-3.66402,40.5427],[-3.66402,40.5479]]]}},{"type":"Feature","properties":{"name":"San Sebastián de los Reyes--piece--1-17--gCloud","number_of_ads_buy":0,"average_prize_buy":0,"number_of_ads_rent":0,"average_prize_rent":0,"normalized_prize_buy":0,"normalized_ads_buy":0,"normalized_prize_rent":null,"normalized_ads_rent":0,"date":"2018-12-04T07:06:16.000Z","fill-opacity":0,"fill":"#ff0000"},"bbox":[-3.66402,40.5375,-3.66908,40.5427],"geometry":{"type":"Polygon","coordinates":[[[-3.66402,40.5427],[-3.66908,40.5427],[-3.66908,40.5375],[-3.66402,40.5375],[-3.66402,40.5427]]]}},{"type":"Feature","properties":{"name":"San Sebastián de los Reyes--piece--1-18--gCloud","number_of_ads_buy":0,"average_prize_buy":0,"number_of_ads_rent":0,"average_prize_rent":0,"normalized_prize_buy":0,"normalized_ads_buy":0,"normalized_prize_rent":null,"normalized_ads_rent":0,"date":"2018-12-04T07:06:24.000Z","fill-opacity":0,"fill":"#ff0000"},"bbox":[-3.66402,40.5322,-3.66908,40.5375],"geometry":{"type":"Polygon","coordinates":[[[-3.66402,40.5375],[-3.66908,40.5375],[-3.66908,40.5322],[-3.66402,40.5322],[-3.66402,40.5375]]]}},{"type":"Feature","properties":{"name":"San Sebastián de los Reyes--piece--1-2--gCloud","number_of_ads_buy":0,"average_prize_buy":0,"number_of_ads_rent":0,"average_prize_rent":0,"normalized_prize_buy":0,"normalized_ads_buy":0,"normalized_prize_rent":null,"normalized_ads_rent":0,"date":"2018-12-04T07:06:32.000Z","fill-opacity":0,"fill":"#ff0000"},"bbox":[-3.66402,40.6155,-3.66908,40.6207],"geometry":{"type":"Polygon","coordinates":[[[-3.66402,40.6207],[-3.66908,40.6207],[-3.66908,40.6155],[-3.66402,40.6155],[-3.66402,40.6207]]]}},{"type":"Feature","properties":{"name":"San Sebastián de los Reyes--piece--1-3--gCloud","number_of_ads_buy":0,"average_prize_buy":0,"number_of_ads_rent":0,"average_prize_rent":0,"normalized_prize_buy":0,"normalized_ads_buy":0,"normalized_prize_rent":null,"normalized_ads_rent":0,"date":"2018-12-04T07:06:41.000Z","fill-opacity":0,"fill":"#ff0000"},"bbox":[-3.66402,40.6103,-3.66908,40.6155],"geometry":{"type":"Polygon","coordinates":[[[-3.66402,40.6155],[-3.66908,40.6155],[-3.66908,40.6103],[-3.66402,40.6103],[-3.66402,40.6155]]]}},{"type":"Feature","properties":{"name":"San Sebastián de los Reyes--piece--1-4--gCloud","number_of_ads_buy":0,"average_prize_buy":0,"number_of_ads_rent":0,"average_prize_rent":0,"normalized_prize_buy":0,"normalized_ads_buy":0,"normalized_prize_rent":null,"normalized_ads_rent":0,"date":"2018-12-04T07:06:46.000Z","fill-opacity":0,"fill":"#ff0000"},"bbox":[-3.66402,40.6051,-3.66908,40.6103],"geometry":{"type":"Polygon","coordinates":[[[-3.66402,40.6103],[-3.66908,40.6103],[-3.66908,40.6051],[-3.66402,40.6051],[-3.66402,40.6103]]]}},{"type":"Feature","properties":{"name":"San Sebastián de los Reyes--piece--1-5--gCloud","number_of_ads_buy":0,"average_prize_buy":0,"number_of_ads_rent":0,"average_prize_rent":0,"normalized_prize_buy":0,"normalized_ads_buy":0,"normalized_prize_rent":null,"normalized_ads_rent":0,"date":"2018-12-04T07:06:55.000Z","fill-opacity":0,"fill":"#ff0000"},"bbox":[-3.66402,40.5999,-3.66908,40.6051],"geometry":{"type":"Polygon","coordinates":[[[-3.66402,40.6051],[-3.66908,40.6051],[-3.66908,40.5999],[-3.66402,40.5999],[-3.66402,40.6051]]]}},{"type":"Feature","properties":{"name":"San Sebastián de los Reyes--piece--1-6--gCloud","number_of_ads_buy":0,"average_prize_buy":0,"number_of_ads_rent":0,"average_prize_rent":0,"normalized_prize_buy":0,"normalized_ads_buy":0,"normalized_prize_rent":null,"normalized_ads_rent":0,"date":"2018-12-04T07:07:00.000Z","fill-opacity":0,"fill":"#ff0000"},"bbox":[-3.66402,40.5947,-3.66908,40.5999],"geometry":{"type":"Polygon","coordinates":[[[-3.66402,40.5999],[-3.66908,40.5999],[-3.66908,40.5947],[-3.66402,40.5947],[-3.66402,40.5999]]]}},{"type":"Feature","properties":{"name":"San Sebastián de los Reyes--piece--1-7--gCloud","number_of_ads_buy":0,"average_prize_buy":0,"number_of_ads_rent":0,"average_prize_rent":0,"normalized_prize_buy":0,"normalized_ads_buy":0,"normalized_prize_rent":null,"normalized_ads_rent":0,"date":"2018-12-04T07:07:06.000Z","fill-opacity":0,"fill":"#ff0000"},"bbox":[-3.66402,40.5895,-3.66908,40.5947],"geometry":{"type":"Polygon","coordinates":[[[-3.66402,40.5947],[-3.66908,40.5947],[-3.66908,40.5895],[-3.66402,40.5895],[-3.66402,40.5947]]]}},{"type":"Feature","properties":{"name":"San Sebastián de los Reyes--piece--1-8--gCloud","number_of_ads_buy":0,"average_prize_buy":0,"number_of_ads_rent":0,"average_prize_rent":0,"normalized_prize_buy":0,"normalized_ads_buy":0,"normalized_prize_rent":null,"normalized_ads_rent":0,"date":"2018-12-04T07:07:14.000Z","fill-opacity":0,"fill":"#ff0000"},"bbox":[-3.66402,40.5843,-3.66908,40.5895],"geometry":{"type":"Polygon","coordinates":[[[-3.66402,40.5895],[-3.66908,40.5895],[-3.66908,40.5843],[-3.66402,40.5843],[-3.66402,40.5895]]]}},{"type":"Feature","properties":{"name":"San Sebastián de los Reyes--piece--1-9--gCloud","number_of_ads_buy":0,"average_prize_buy":0,"number_of_ads_rent":0,"average_prize_rent":0,"normalized_prize_buy":0,"normalized_ads_buy":0,"normalized_prize_rent":null,"normalized_ads_rent":0,"date":"2018-12-04T07:07:19.000Z","fill-opacity":0,"fill":"#ff0000"},"bbox":[-3.66402,40.5791,-3.66908,40.5843],"geometry":{"type":"Polygon","coordinates":[[[-3.66402,40.5843],[-3.66908,40.5843],[-3.66908,40.5791],[-3.66402,40.5791],[-3.66402,40.5843]]]}},{"type":"Feature","properties":{"name":"San Sebastián de los Reyes--piece--10-0--gCloud","number_of_ads_buy":0,"average_prize_buy":0,"number_of_ads_rent":0,"average_prize_rent":0,"normalized_prize_buy":0,"normalized_ads_buy":0,"normalized_prize_rent":null,"normalized_ads_rent":0,"date":"2018-12-04T07:07:25.000Z","fill-opacity":0,"fill":"#ff0000"},"bbox":[-3.61849,40.6259,-3.62355,40.6311],"geometry":{"type":"Polygon","coordinates":[[[-3.61849,40.6311],[-3.62355,40.6311],[-3.62355,40.6259],[-3.61849,40.6259],[-3.61849,40.6311]]]}},{"type":"Feature","properties":{"name":"San Sebastián de los Reyes--piece--10-1--gCloud","number_of_ads_buy":2,"average_prize_buy":984.813,"number_of_ads_rent":1,"average_prize_rent":8.66667,"normalized_prize_buy":0.2606856407731525,"normalized_ads_buy":0.08333333333333333,"normalized_prize_rent":null,"normalized_ads_rent":0.041666666666666664,"date":"2018-12-04T07:07:36.000Z","fill-opacity":0.208548512618522,"fill":"#ff0000"},"bbox":[-3.61849,40.6207,-3.62355,40.6259],"geometry":{"type":"Polygon","coordinates":[[[-3.61849,40.6259],[-3.62355,40.6259],[-3.62355,40.6207],[-3.61849,40.6207],[-3.61849,40.6259]]]}},{"type":"Feature","properties":{"name":"San Sebastián de los Reyes--piece--10-10--gCloud","number_of_ads_buy":0,"average_prize_buy":0,"number_of_ads_rent":0,"average_prize_rent":0,"normalized_prize_buy":0,"normalized_ads_buy":0,"normalized_prize_rent":null,"normalized_ads_rent":0,"date":"2018-12-04T07:07:41.000Z","fill-opacity":0,"fill":"#ff0000"},"bbox":[-3.61849,40.5739,-3.62355,40.5791],"geometry":{"type":"Polygon","coordinates":[[[-3.61849,40.5791],[-3.62355,40.5791],[-3.62355,40.5739],[-3.61849,40.5739],[-3.61849,40.5791]]]}},{"type":"Feature","properties":{"name":"San Sebastián de los Reyes--piece--10-11--gCloud","number_of_ads_buy":0,"average_prize_buy":0,"number_of_ads_rent":0,"average_prize_rent":0,"normalized_prize_buy":0,"normalized_ads_buy":0,"normalized_prize_rent":null,"normalized_ads_rent":0,"date":"2018-12-04T07:07:50.000Z","fill-opacity":0,"fill":"#ff0000"},"bbox":[-3.61849,40.5687,-3.62355,40.5739],"geometry":{"type":"Polygon","coordinates":[[[-3.61849,40.5739],[-3.62355,40.5739],[-3.62355,40.5687],[-3.61849,40.5687],[-3.61849,40.5739]]]}},{"type":"Feature","properties":{"name":"San Sebastián de los Reyes--piece--10-12--gCloud","number_of_ads_buy":0,"average_prize_buy":0,"number_of_ads_rent":0,"average_prize_rent":0,"normalized_prize_buy":0,"normalized_ads_buy":0,"normalized_prize_rent":null,"normalized_ads_rent":0,"date":"2018-12-04T07:07:58.000Z","fill-opacity":0,"fill":"#ff0000"},"bbox":[-3.61849,40.5635,-3.62355,40.5687],"geometry":{"type":"Polygon","coordinates":[[[-3.61849,40.5687],[-3.62355,40.5687],[-3.62355,40.5635],[-3.61849,40.5635],[-3.61849,40.5687]]]}},{"type":"Feature","properties":{"name":"San Sebastián de los Reyes--piece--10-13--gCloud","number_of_ads_buy":14,"average_prize_buy":2596.05,"number_of_ads_rent":3,"average_prize_rent":10.3039,"normalized_prize_buy":0.687189301653352,"normalized_ads_buy":0.5833333333333334,"normalized_prize_rent":null,"normalized_ads_rent":0.125,"date":"2018-12-04T07:08:07.000Z","fill-opacity":0.5497514413226816,"fill":"#ff0000"},"bbox":[-3.61849,40.5583,-3.62355,40.5635],"geometry":{"type":"Polygon","coordinates":[[[-3.61849,40.5635],[-3.62355,40.5635],[-3.62355,40.5583],[-3.61849,40.5583],[-3.61849,40.5635]]]}},{"type":"Feature","properties":{"name":"San Sebastián de los Reyes--piece--10-14--gCloud","number_of_ads_buy":7,"average_prize_buy":2517.57,"number_of_ads_rent":1,"average_prize_rent":10.241,"normalized_prize_buy":0.6664151962263551,"normalized_ads_buy":0.2916666666666667,"normalized_prize_rent":null,"normalized_ads_rent":0.041666666666666664,"date":"2018-12-04T07:08:12.000Z","fill-opacity":0.5331321569810842,"fill":"#ff0000"},"bbox":[-3.61849,40.5531,-3.62355,40.5583],"geometry":{"type":"Polygon","coordinates":[[[-3.61849,40.5583],[-3.62355,40.5583],[-3.62355,40.5531],[-3.61849,40.5531],[-3.61849,40.5583]]]}},{"type":"Feature","properties":{"name":"San Sebastián de los Reyes--piece--10-15--gCloud","number_of_ads_buy":2,"average_prize_buy":2714.06,"number_of_ads_rent":0,"average_prize_rent":0,"normalized_prize_buy":0.7184272244545737,"normalized_ads_buy":0.08333333333333333,"normalized_prize_rent":null,"normalized_ads_rent":0,"date":"2018-12-04T07:08:18.000Z","fill-opacity":0.574741779563659,"fill":"#ff0000"},"bbox":[-3.61849,40.5479,-3.62355,40.5531],"geometry":{"type":"Polygon","coordinates":[[[-3.61849,40.5531],[-3.62355,40.5531],[-3.62355,40.5479],[-3.61849,40.5479],[-3.61849,40.5531]]]}},{"type":"Feature","properties":{"name":"San Sebastián de los Reyes--piece--10-16--gCloud","number_of_ads_buy":7,"average_prize_buy":2324.55,"number_of_ads_rent":5,"average_prize_rent":10.2983,"normalized_prize_buy":0.61532169686959,"normalized_ads_buy":0.2916666666666667,"normalized_prize_rent":null,"normalized_ads_rent":0.20833333333333334,"date":"2018-12-04T07:08:27.000Z","fill-opacity":0.49225735749567207,"fill":"#ff0000"},"bbox":[-3.61849,40.5427,-3.62355,40.5479],"geometry":{"type":"Polygon","coordinates":[[[-3.61849,40.5479],[-3.62355,40.5479],[-3.62355,40.5427],[-3.61849,40.5427],[-3.61849,40.5479]]]}},{"type":"Feature","properties":{"name":"San Sebastián de los Reyes--piece--10-17--gCloud","number_of_ads_buy":23,"average_prize_buy":3073.33,"number_of_ads_rent":10,"average_prize_rent":10.7085,"normalized_prize_buy":0.8135280508658523,"normalized_ads_buy":0.9583333333333334,"normalized_prize_rent":null,"normalized_ads_rent":0.4166666666666667,"date":"2018-12-04T07:08:34.000Z","fill-opacity":0.6508224406926819,"fill":"#ff0000"},"bbox":[-3.61849,40.5375,-3.62355,40.5427],"geometry":{"type":"Polygon","coordinates":[[[-3.61849,40.5427],[-3.62355,40.5427],[-3.62355,40.5375],[-3.61849,40.5375],[-3.61849,40.5427]]]}},{"type":"Feature","properties":{"name":"San Sebastián de los Reyes--piece--10-18--gCloud","number_of_ads_buy":4,"average_prize_buy":1974.97,"number_of_ads_rent":1,"average_prize_rent":9.14286,"normalized_prize_buy":0.5227858689494889,"normalized_ads_buy":0.16666666666666666,"normalized_prize_rent":null,"normalized_ads_rent":0.041666666666666664,"date":"2018-12-04T07:08:43.000Z","fill-opacity":0.4182286951595911,"fill":"#ff0000"},"bbox":[-3.61849,40.5322,-3.62355,40.5375],"geometry":{"type":"Polygon","coordinates":[[[-3.61849,40.5375],[-3.62355,40.5375],[-3.62355,40.5322],[-3.61849,40.5322],[-3.61849,40.5375]]]}},{"type":"Feature","properties":{"name":"San Sebastián de los Reyes--piece--10-2--gCloud","number_of_ads_buy":24,"average_prize_buy":526.127,"number_of_ads_rent":3,"average_prize_rent":8.80768,"normalized_prize_buy":0.13926882984186478,"normalized_ads_buy":1,"normalized_prize_rent":null,"normalized_ads_rent":0.125,"date":"2018-12-04T07:08:51.000Z","fill-opacity":0.11141506387349183,"fill":"#ff0000"},"bbox":[-3.61849,40.6155,-3.62355,40.6207],"geometry":{"type":"Polygon","coordinates":[[[-3.61849,40.6207],[-3.62355,40.6207],[-3.62355,40.6155],[-3.61849,40.6155],[-3.61849,40.6207]]]}},{"type":"Feature","properties":{"name":"San Sebastián de los Reyes--piece--10-3--gCloud","number_of_ads_buy":2,"average_prize_buy":3.09339,"number_of_ads_rent":1,"average_prize_rent":7.14286,"normalized_prize_buy":0.0008188380477423248,"normalized_ads_buy":0.08333333333333333,"normalized_prize_rent":null,"normalized_ads_rent":0.041666666666666664,"date":"2018-12-04T07:09:02.000Z","fill-opacity":0.0006550704381938599,"fill":"#ff0000"},"bbox":[-3.61849,40.6103,-3.62355,40.6155],"geometry":{"type":"Polygon","coordinates":[[[-3.61849,40.6155],[-3.62355,40.6155],[-3.62355,40.6103],[-3.61849,40.6103],[-3.61849,40.6155]]]}},{"type":"Feature","properties":{"name":"San Sebastián de los Reyes--piece--10-4--gCloud","number_of_ads_buy":0,"average_prize_buy":0,"number_of_ads_rent":0,"average_prize_rent":0,"normalized_prize_buy":0,"normalized_ads_buy":0,"normalized_prize_rent":null,"normalized_ads_rent":0,"date":"2018-12-04T07:09:10.000Z","fill-opacity":0,"fill":"#ff0000"},"bbox":[-3.61849,40.6051,-3.62355,40.6103],"geometry":{"type":"Polygon","coordinates":[[[-3.61849,40.6103],[-3.62355,40.6103],[-3.62355,40.6051],[-3.61849,40.6051],[-3.61849,40.6103]]]}},{"type":"Feature","properties":{"name":"San Sebastián de los Reyes--piece--10-5--gCloud","number_of_ads_buy":0,"average_prize_buy":0,"number_of_ads_rent":0,"average_prize_rent":0,"normalized_prize_buy":0,"normalized_ads_buy":0,"normalized_prize_rent":null,"normalized_ads_rent":0,"date":"2018-12-04T07:09:22.000Z","fill-opacity":0,"fill":"#ff0000"},"bbox":[-3.61849,40.5999,-3.62355,40.6051],"geometry":{"type":"Polygon","coordinates":[[[-3.61849,40.6051],[-3.62355,40.6051],[-3.62355,40.5999],[-3.61849,40.5999],[-3.61849,40.6051]]]}},{"type":"Feature","properties":{"name":"San Sebastián de los Reyes--piece--10-6--gCloud","number_of_ads_buy":0,"average_prize_buy":0,"number_of_ads_rent":0,"average_prize_rent":0,"normalized_prize_buy":0,"normalized_ads_buy":0,"normalized_prize_rent":null,"normalized_ads_rent":0,"date":"2018-12-04T07:09:28.000Z","fill-opacity":0,"fill":"#ff0000"},"bbox":[-3.61849,40.5947,-3.62355,40.5999],"geometry":{"type":"Polygon","coordinates":[[[-3.61849,40.5999],[-3.62355,40.5999],[-3.62355,40.5947],[-3.61849,40.5947],[-3.61849,40.5999]]]}},{"type":"Feature","properties":{"name":"San Sebastián de los Reyes--piece--10-7--gCloud","number_of_ads_buy":0,"average_prize_buy":0,"number_of_ads_rent":0,"average_prize_rent":0,"normalized_prize_buy":0,"normalized_ads_buy":0,"normalized_prize_rent":null,"normalized_ads_rent":0,"date":"2018-12-04T07:09:39.000Z","fill-opacity":0,"fill":"#ff0000"},"bbox":[-3.61849,40.5895,-3.62355,40.5947],"geometry":{"type":"Polygon","coordinates":[[[-3.61849,40.5947],[-3.62355,40.5947],[-3.62355,40.5895],[-3.61849,40.5895],[-3.61849,40.5947]]]}},{"type":"Feature","properties":{"name":"San Sebastián de los Reyes--piece--10-8--gCloud","number_of_ads_buy":0,"average_prize_buy":0,"number_of_ads_rent":0,"average_prize_rent":0,"normalized_prize_buy":0,"normalized_ads_buy":0,"normalized_prize_rent":null,"normalized_ads_rent":0,"date":"2018-12-04T07:09:47.000Z","fill-opacity":0,"fill":"#ff0000"},"bbox":[-3.61849,40.5843,-3.62355,40.5895],"geometry":{"type":"Polygon","coordinates":[[[-3.61849,40.5895],[-3.62355,40.5895],[-3.62355,40.5843],[-3.61849,40.5843],[-3.61849,40.5895]]]}},{"type":"Feature","properties":{"name":"San Sebastián de los Reyes--piece--10-9--gCloud","number_of_ads_buy":0,"average_prize_buy":0,"number_of_ads_rent":0,"average_prize_rent":0,"normalized_prize_buy":0,"normalized_ads_buy":0,"normalized_prize_rent":null,"normalized_ads_rent":0,"date":"2018-12-04T07:09:55.000Z","fill-opacity":0,"fill":"#ff0000"},"bbox":[-3.61849,40.5791,-3.62355,40.5843],"geometry":{"type":"Polygon","coordinates":[[[-3.61849,40.5843],[-3.62355,40.5843],[-3.62355,40.5791],[-3.61849,40.5791],[-3.61849,40.5843]]]}},{"type":"Feature","properties":{"name":"San Sebastián de los Reyes--piece--11-0--gCloud","number_of_ads_buy":0,"average_prize_buy":0,"number_of_ads_rent":0,"average_prize_rent":0,"normalized_prize_buy":0,"normalized_ads_buy":0,"normalized_prize_rent":null,"normalized_ads_rent":0,"date":"2018-12-04T07:10:06.000Z","fill-opacity":0,"fill":"#ff0000"},"bbox":[-3.61343,40.6259,-3.61849,40.6311],"geometry":{"type":"Polygon","coordinates":[[[-3.61343,40.6311],[-3.61849,40.6311],[-3.61849,40.6259],[-3.61343,40.6259],[-3.61343,40.6311]]]}},{"type":"Feature","properties":{"name":"San Sebastián de los Reyes--piece--11-1--gCloud","number_of_ads_buy":10,"average_prize_buy":304.78,"number_of_ads_rent":0,"average_prize_rent":0,"normalized_prize_buy":0.0806770113664639,"normalized_ads_buy":0.4166666666666667,"normalized_prize_rent":null,"normalized_ads_rent":0,"date":"2018-12-04T07:10:15.000Z","fill-opacity":0.06454160909317112,"fill":"#ff0000"},"bbox":[-3.61343,40.6207,-3.61849,40.6259],"geometry":{"type":"Polygon","coordinates":[[[-3.61343,40.6259],[-3.61849,40.6259],[-3.61849,40.6207],[-3.61343,40.6207],[-3.61343,40.6259]]]}},{"type":"Feature","properties":{"name":"San Sebastián de los Reyes--piece--11-10--gCloud","number_of_ads_buy":0,"average_prize_buy":0,"number_of_ads_rent":0,"average_prize_rent":0,"normalized_prize_buy":0,"normalized_ads_buy":0,"normalized_prize_rent":null,"normalized_ads_rent":0,"date":"2018-12-04T07:10:24.000Z","fill-opacity":0,"fill":"#ff0000"},"bbox":[-3.61343,40.5739,-3.61849,40.5791],"geometry":{"type":"Polygon","coordinates":[[[-3.61343,40.5791],[-3.61849,40.5791],[-3.61849,40.5739],[-3.61343,40.5739],[-3.61343,40.5791]]]}},{"type":"Feature","properties":{"name":"San Sebastián de los Reyes--piece--11-11--gCloud","number_of_ads_buy":0,"average_prize_buy":0,"number_of_ads_rent":0,"average_prize_rent":0,"normalized_prize_buy":0,"normalized_ads_buy":0,"normalized_prize_rent":null,"normalized_ads_rent":0,"date":"2018-12-04T07:10:32.000Z","fill-opacity":0,"fill":"#ff0000"},"bbox":[-3.61343,40.5687,-3.61849,40.5739],"geometry":{"type":"Polygon","coordinates":[[[-3.61343,40.5739],[-3.61849,40.5739],[-3.61849,40.5687],[-3.61343,40.5687],[-3.61343,40.5739]]]}},{"type":"Feature","properties":{"name":"San Sebastián de los Reyes--piece--11-12--gCloud","number_of_ads_buy":0,"average_prize_buy":0,"number_of_ads_rent":0,"average_prize_rent":0,"normalized_prize_buy":0,"normalized_ads_buy":0,"normalized_prize_rent":null,"normalized_ads_rent":0,"date":"2018-12-04T07:10:40.000Z","fill-opacity":0,"fill":"#ff0000"},"bbox":[-3.61343,40.5635,-3.61849,40.5687],"geometry":{"type":"Polygon","coordinates":[[[-3.61343,40.5687],[-3.61849,40.5687],[-3.61849,40.5635],[-3.61343,40.5635],[-3.61343,40.5687]]]}},{"type":"Feature","properties":{"name":"San Sebastián de los Reyes--piece--11-13--gCloud","number_of_ads_buy":7,"average_prize_buy":3313.69,"number_of_ads_rent":2,"average_prize_rent":10.7983,"normalized_prize_buy":0.8771527193219297,"normalized_ads_buy":0.2916666666666667,"normalized_prize_rent":null,"normalized_ads_rent":0.08333333333333333,"date":"2018-12-04T07:10:46.000Z","fill-opacity":0.7017221754575438,"fill":"#ff0000"},"bbox":[-3.61343,40.5583,-3.61849,40.5635],"geometry":{"type":"Polygon","coordinates":[[[-3.61343,40.5635],[-3.61849,40.5635],[-3.61849,40.5583],[-3.61343,40.5583],[-3.61343,40.5635]]]}},{"type":"Feature","properties":{"name":"San Sebastián de los Reyes--piece--11-14--gCloud","number_of_ads_buy":1,"average_prize_buy":2785.71,"number_of_ads_rent":2,"average_prize_rent":12.9167,"normalized_prize_buy":0.7373933897685943,"normalized_ads_buy":0.041666666666666664,"normalized_prize_rent":null,"normalized_ads_rent":0.08333333333333333,"date":"2018-12-04T07:10:55.000Z","fill-opacity":0.5899147118148754,"fill":"#ff0000"},"bbox":[-3.61343,40.5531,-3.61849,40.5583],"geometry":{"type":"Polygon","coordinates":[[[-3.61343,40.5583],[-3.61849,40.5583],[-3.61849,40.5531],[-3.61343,40.5531],[-3.61343,40.5583]]]}},{"type":"Feature","properties":{"name":"San Sebastián de los Reyes--piece--11-15--gCloud","number_of_ads_buy":2,"average_prize_buy":2.15105,"number_of_ads_rent":0,"average_prize_rent":0,"normalized_prize_buy":0.0005693952532969098,"normalized_ads_buy":0.08333333333333333,"normalized_prize_rent":null,"normalized_ads_rent":0,"date":"2018-12-04T07:11:06.000Z","fill-opacity":0.00045551620263752785,"fill":"#ff0000"},"bbox":[-3.61343,40.5479,-3.61849,40.5531],"geometry":{"type":"Polygon","coordinates":[[[-3.61343,40.5531],[-3.61849,40.5531],[-3.61849,40.5479],[-3.61343,40.5479],[-3.61343,40.5531]]]}},{"type":"Feature","properties":{"name":"San Sebastián de los Reyes--piece--11-16--gCloud","number_of_ads_buy":16,"average_prize_buy":2478.36,"number_of_ads_rent":10,"average_prize_rent":11.0952,"normalized_prize_buy":0.656036084684656,"normalized_ads_buy":0.6666666666666666,"normalized_prize_rent":null,"normalized_ads_rent":0.4166666666666667,"date":"2018-12-04T07:11:17.000Z","fill-opacity":0.5248288677477249,"fill":"#ff0000"},"bbox":[-3.61343,40.5427,-3.61849,40.5479],"geometry":{"type":"Polygon","coordinates":[[[-3.61343,40.5479],[-3.61849,40.5479],[-3.61849,40.5427],[-3.61343,40.5427],[-3.61343,40.5479]]]}},{"type":"Feature","properties":{"name":"San Sebastián de los Reyes--piece--11-17--gCloud","number_of_ads_buy":5,"average_prize_buy":3304.56,"number_of_ads_rent":2,"average_prize_rent":13.427,"normalized_prize_buy":0.8747359560376728,"normalized_ads_buy":0.20833333333333334,"normalized_prize_rent":null,"normalized_ads_rent":0.08333333333333333,"date":"2018-12-04T07:11:26.000Z","fill-opacity":0.6997887648301383,"fill":"#ff0000"},"bbox":[-3.61343,40.5375,-3.61849,40.5427],"geometry":{"type":"Polygon","coordinates":[[[-3.61343,40.5427],[-3.61849,40.5427],[-3.61849,40.5375],[-3.61343,40.5375],[-3.61343,40.5427]]]}},{"type":"Feature","properties":{"name":"San Sebastián de los Reyes--piece--11-18--gCloud","number_of_ads_buy":1,"average_prize_buy":4.19847,"number_of_ads_rent":0,"average_prize_rent":0,"normalized_prize_buy":0.001111359052141734,"normalized_ads_buy":0.041666666666666664,"normalized_prize_rent":null,"normalized_ads_rent":0,"date":"2018-12-04T07:11:36.000Z","fill-opacity":0.0008890872417133873,"fill":"#ff0000"},"bbox":[-3.61343,40.5322,-3.61849,40.5375],"geometry":{"type":"Polygon","coordinates":[[[-3.61343,40.5375],[-3.61849,40.5375],[-3.61849,40.5322],[-3.61343,40.5322],[-3.61343,40.5375]]]}},{"type":"Feature","properties":{"name":"San Sebastián de los Reyes--piece--11-2--gCloud","number_of_ads_buy":24,"average_prize_buy":193.514,"number_of_ads_rent":2,"average_prize_rent":10.989,"normalized_prize_buy":0.05122426398572707,"normalized_ads_buy":1,"normalized_prize_rent":null,"normalized_ads_rent":0.08333333333333333,"date":"2018-12-04T07:11:42.000Z","fill-opacity":0.04097941118858166,"fill":"#ff0000"},"bbox":[-3.61343,40.6155,-3.61849,40.6207],"geometry":{"type":"Polygon","coordinates":[[[-3.61343,40.6207],[-3.61849,40.6207],[-3.61849,40.6155],[-3.61343,40.6155],[-3.61343,40.6207]]]}},{"type":"Feature","properties":{"name":"San Sebastián de los Reyes--piece--11-3--gCloud","number_of_ads_buy":9,"average_prize_buy":192.401,"number_of_ads_rent":0,"average_prize_rent":0,"normalized_prize_buy":0.05092964651197264,"normalized_ads_buy":0.375,"normalized_prize_rent":null,"normalized_ads_rent":0,"date":"2018-12-04T07:11:48.000Z","fill-opacity":0.04074371720957812,"fill":"#ff0000"},"bbox":[-3.61343,40.6103,-3.61849,40.6155],"geometry":{"type":"Polygon","coordinates":[[[-3.61343,40.6155],[-3.61849,40.6155],[-3.61849,40.6103],[-3.61343,40.6103],[-3.61343,40.6155]]]}},{"type":"Feature","properties":{"name":"San Sebastián de los Reyes--piece--11-4--gCloud","number_of_ads_buy":0,"average_prize_buy":0,"number_of_ads_rent":0,"average_prize_rent":0,"normalized_prize_buy":0,"normalized_ads_buy":0,"normalized_prize_rent":null,"normalized_ads_rent":0,"date":"2018-12-04T07:11:59.000Z","fill-opacity":0,"fill":"#ff0000"},"bbox":[-3.61343,40.6051,-3.61849,40.6103],"geometry":{"type":"Polygon","coordinates":[[[-3.61343,40.6103],[-3.61849,40.6103],[-3.61849,40.6051],[-3.61343,40.6051],[-3.61343,40.6103]]]}},{"type":"Feature","properties":{"name":"San Sebastián de los Reyes--piece--11-5--gCloud","number_of_ads_buy":0,"average_prize_buy":0,"number_of_ads_rent":0,"average_prize_rent":0,"normalized_prize_buy":0,"normalized_ads_buy":0,"normalized_prize_rent":null,"normalized_ads_rent":0,"date":"2018-12-04T07:12:11.000Z","fill-opacity":0,"fill":"#ff0000"},"bbox":[-3.61343,40.5999,-3.61849,40.6051],"geometry":{"type":"Polygon","coordinates":[[[-3.61343,40.6051],[-3.61849,40.6051],[-3.61849,40.5999],[-3.61343,40.5999],[-3.61343,40.6051]]]}},{"type":"Feature","properties":{"name":"San Sebastián de los Reyes--piece--11-6--gCloud","number_of_ads_buy":0,"average_prize_buy":0,"number_of_ads_rent":0,"average_prize_rent":0,"normalized_prize_buy":0,"normalized_ads_buy":0,"normalized_prize_rent":null,"normalized_ads_rent":0,"date":"2018-12-04T07:12:18.000Z","fill-opacity":0,"fill":"#ff0000"},"bbox":[-3.61343,40.5947,-3.61849,40.5999],"geometry":{"type":"Polygon","coordinates":[[[-3.61343,40.5999],[-3.61849,40.5999],[-3.61849,40.5947],[-3.61343,40.5947],[-3.61343,40.5999]]]}},{"type":"Feature","properties":{"name":"San Sebastián de los Reyes--piece--11-7--gCloud","number_of_ads_buy":0,"average_prize_buy":0,"number_of_ads_rent":0,"average_prize_rent":0,"normalized_prize_buy":0,"normalized_ads_buy":0,"normalized_prize_rent":null,"normalized_ads_rent":0,"date":"2018-12-04T07:12:29.000Z","fill-opacity":0,"fill":"#ff0000"},"bbox":[-3.61343,40.5895,-3.61849,40.5947],"geometry":{"type":"Polygon","coordinates":[[[-3.61343,40.5947],[-3.61849,40.5947],[-3.61849,40.5895],[-3.61343,40.5895],[-3.61343,40.5947]]]}},{"type":"Feature","properties":{"name":"San Sebastián de los Reyes--piece--11-8--gCloud","number_of_ads_buy":0,"average_prize_buy":0,"number_of_ads_rent":0,"average_prize_rent":0,"normalized_prize_buy":0,"normalized_ads_buy":0,"normalized_prize_rent":null,"normalized_ads_rent":0,"date":"2018-12-04T07:12:41.000Z","fill-opacity":0,"fill":"#ff0000"},"bbox":[-3.61343,40.5843,-3.61849,40.5895],"geometry":{"type":"Polygon","coordinates":[[[-3.61343,40.5895],[-3.61849,40.5895],[-3.61849,40.5843],[-3.61343,40.5843],[-3.61343,40.5895]]]}},{"type":"Feature","properties":{"name":"San Sebastián de los Reyes--piece--11-9--gCloud","number_of_ads_buy":0,"average_prize_buy":0,"number_of_ads_rent":0,"average_prize_rent":0,"normalized_prize_buy":0,"normalized_ads_buy":0,"normalized_prize_rent":null,"normalized_ads_rent":0,"date":"2018-12-04T07:12:49.000Z","fill-opacity":0,"fill":"#ff0000"},"bbox":[-3.61343,40.5791,-3.61849,40.5843],"geometry":{"type":"Polygon","coordinates":[[[-3.61343,40.5843],[-3.61849,40.5843],[-3.61849,40.5791],[-3.61343,40.5791],[-3.61343,40.5843]]]}},{"type":"Feature","properties":{"name":"San Sebastián de los Reyes--piece--12-0--gCloud","number_of_ads_buy":7,"average_prize_buy":468.614,"number_of_ads_rent":0,"average_prize_rent":0,"normalized_prize_buy":0.12404480938540623,"normalized_ads_buy":0.2916666666666667,"normalized_prize_rent":null,"normalized_ads_rent":0,"date":"2018-12-04T07:12:58.000Z","fill-opacity":0.09923584750832498,"fill":"#ff0000"},"bbox":[-3.60837,40.6259,-3.61343,40.6311],"geometry":{"type":"Polygon","coordinates":[[[-3.60837,40.6311],[-3.61343,40.6311],[-3.61343,40.6259],[-3.60837,40.6259],[-3.60837,40.6311]]]}},{"type":"Feature","properties":{"name":"San Sebastián de los Reyes--piece--12-1--gCloud","number_of_ads_buy":14,"average_prize_buy":472.034,"number_of_ads_rent":0,"average_prize_rent":0,"normalized_prize_buy":0.12495010297052765,"normalized_ads_buy":0.5833333333333334,"normalized_prize_rent":null,"normalized_ads_rent":0,"date":"2018-12-04T07:13:10.000Z","fill-opacity":0.09996008237642212,"fill":"#ff0000"},"bbox":[-3.60837,40.6207,-3.61343,40.6259],"geometry":{"type":"Polygon","coordinates":[[[-3.60837,40.6259],[-3.61343,40.6259],[-3.61343,40.6207],[-3.60837,40.6207],[-3.60837,40.6259]]]}},{"type":"Feature","properties":{"name":"San Sebastián de los Reyes--piece--12-10--gCloud","number_of_ads_buy":0,"average_prize_buy":0,"number_of_ads_rent":0,"average_prize_rent":0,"normalized_prize_buy":0,"normalized_ads_buy":0,"normalized_prize_rent":null,"normalized_ads_rent":0,"date":"2018-12-04T07:13:19.000Z","fill-opacity":0,"fill":"#ff0000"},"bbox":[-3.60837,40.5739,-3.61343,40.5791],"geometry":{"type":"Polygon","coordinates":[[[-3.60837,40.5791],[-3.61343,40.5791],[-3.61343,40.5739],[-3.60837,40.5739],[-3.60837,40.5791]]]}},{"type":"Feature","properties":{"name":"San Sebastián de los Reyes--piece--12-11--gCloud","number_of_ads_buy":1,"average_prize_buy":2166.67,"number_of_ads_rent":0,"average_prize_rent":0,"normalized_prize_buy":0.5735299567470843,"normalized_ads_buy":0.041666666666666664,"normalized_prize_rent":null,"normalized_ads_rent":0,"date":"2018-12-04T07:13:25.000Z","fill-opacity":0.45882396539766745,"fill":"#ff0000"},"bbox":[-3.60837,40.5687,-3.61343,40.5739],"geometry":{"type":"Polygon","coordinates":[[[-3.60837,40.5739],[-3.61343,40.5739],[-3.61343,40.5687],[-3.60837,40.5687],[-3.60837,40.5739]]]}},{"type":"Feature","properties":{"name":"San Sebastián de los Reyes--piece--12-12--gCloud","number_of_ads_buy":1,"average_prize_buy":3725,"number_of_ads_rent":5,"average_prize_rent":11.227,"normalized_prize_buy":0.986028831747746,"normalized_ads_buy":0.041666666666666664,"normalized_prize_rent":null,"normalized_ads_rent":0.20833333333333334,"date":"2018-12-04T07:13:34.000Z","fill-opacity":0.7888230653981969,"fill":"#ff0000"},"bbox":[-3.60837,40.5635,-3.61343,40.5687],"geometry":{"type":"Polygon","coordinates":[[[-3.60837,40.5687],[-3.61343,40.5687],[-3.61343,40.5635],[-3.60837,40.5635],[-3.60837,40.5687]]]}},{"type":"Feature","properties":{"name":"San Sebastián de los Reyes--piece--12-13--gCloud","number_of_ads_buy":0,"average_prize_buy":0,"number_of_ads_rent":1,"average_prize_rent":11,"normalized_prize_buy":0,"normalized_ads_buy":0,"normalized_prize_rent":null,"normalized_ads_rent":0.041666666666666664,"date":"2018-12-04T07:13:43.000Z","fill-opacity":0,"fill":"#ff0000"},"bbox":[-3.60837,40.5583,-3.61343,40.5635],"geometry":{"type":"Polygon","coordinates":[[[-3.60837,40.5635],[-3.61343,40.5635],[-3.61343,40.5583],[-3.60837,40.5583],[-3.60837,40.5635]]]}},{"type":"Feature","properties":{"name":"San Sebastián de los Reyes--piece--12-14--gCloud","number_of_ads_buy":0,"average_prize_buy":0,"number_of_ads_rent":0,"average_prize_rent":0,"normalized_prize_buy":0,"normalized_ads_buy":0,"normalized_prize_rent":null,"normalized_ads_rent":0,"date":"2018-12-04T07:13:51.000Z","fill-opacity":0,"fill":"#ff0000"},"bbox":[-3.60837,40.5531,-3.61343,40.5583],"geometry":{"type":"Polygon","coordinates":[[[-3.60837,40.5583],[-3.61343,40.5583],[-3.61343,40.5531],[-3.60837,40.5531],[-3.60837,40.5583]]]}},{"type":"Feature","properties":{"name":"San Sebastián de los Reyes--piece--12-15--gCloud","number_of_ads_buy":2,"average_prize_buy":3081.65,"number_of_ads_rent":4,"average_prize_rent":10.1514,"normalized_prize_buy":0.815730402511528,"normalized_ads_buy":0.08333333333333333,"normalized_prize_rent":null,"normalized_ads_rent":0.16666666666666666,"date":"2018-12-04T07:14:00.000Z","fill-opacity":0.6525843220092225,"fill":"#ff0000"},"bbox":[-3.60837,40.5479,-3.61343,40.5531],"geometry":{"type":"Polygon","coordinates":[[[-3.60837,40.5531],[-3.61343,40.5531],[-3.61343,40.5479],[-3.60837,40.5479],[-3.60837,40.5531]]]}},{"type":"Feature","properties":{"name":"San Sebastián de los Reyes--piece--12-16--gCloud","number_of_ads_buy":1,"average_prize_buy":2.14286,"number_of_ads_rent":0,"average_prize_rent":0,"normalized_prize_buy":0.0005672273133956981,"normalized_ads_buy":0.041666666666666664,"normalized_prize_rent":null,"normalized_ads_rent":0,"date":"2018-12-04T07:14:12.000Z","fill-opacity":0.0004537818507165585,"fill":"#ff0000"},"bbox":[-3.60837,40.5427,-3.61343,40.5479],"geometry":{"type":"Polygon","coordinates":[[[-3.60837,40.5479],[-3.61343,40.5479],[-3.61343,40.5427],[-3.60837,40.5427],[-3.60837,40.5479]]]}},{"type":"Feature","properties":{"name":"San Sebastián de los Reyes--piece--12-17--gCloud","number_of_ads_buy":1,"average_prize_buy":2241.67,"number_of_ads_rent":0,"average_prize_rent":0,"normalized_prize_buy":0.5933828862453611,"normalized_ads_buy":0.041666666666666664,"normalized_prize_rent":null,"normalized_ads_rent":0,"date":"2018-12-04T07:14:20.000Z","fill-opacity":0.47470630899628885,"fill":"#ff0000"},"bbox":[-3.60837,40.5375,-3.61343,40.5427],"geometry":{"type":"Polygon","coordinates":[[[-3.60837,40.5427],[-3.61343,40.5427],[-3.61343,40.5375],[-3.60837,40.5375],[-3.60837,40.5427]]]}},{"type":"Feature","properties":{"name":"San Sebastián de los Reyes--piece--12-18--gCloud","number_of_ads_buy":0,"average_prize_buy":0,"number_of_ads_rent":0,"average_prize_rent":0,"normalized_prize_buy":0,"normalized_ads_buy":0,"normalized_prize_rent":null,"normalized_ads_rent":0,"date":"2018-12-04T07:14:29.000Z","fill-opacity":0,"fill":"#ff0000"},"bbox":[-3.60837,40.5322,-3.61343,40.5375],"geometry":{"type":"Polygon","coordinates":[[[-3.60837,40.5375],[-3.61343,40.5375],[-3.61343,40.5322],[-3.60837,40.5322],[-3.60837,40.5375]]]}},{"type":"Feature","properties":{"name":"San Sebastián de los Reyes--piece--12-2--gCloud","number_of_ads_buy":19,"average_prize_buy":263.552,"number_of_ads_rent":1,"average_prize_rent":9.28571,"normalized_prize_buy":0.06976372366839785,"normalized_ads_buy":0.7916666666666666,"normalized_prize_rent":null,"normalized_ads_rent":0.041666666666666664,"date":"2018-12-04T07:14:35.000Z","fill-opacity":0.055810978934718286,"fill":"#ff0000"},"bbox":[-3.60837,40.6155,-3.61343,40.6207],"geometry":{"type":"Polygon","coordinates":[[[-3.60837,40.6207],[-3.61343,40.6207],[-3.61343,40.6155],[-3.60837,40.6155],[-3.60837,40.6207]]]}},{"type":"Feature","properties":{"name":"San Sebastián de los Reyes--piece--12-3--gCloud","number_of_ads_buy":4,"average_prize_buy":1070.44,"number_of_ads_rent":1,"average_prize_rent":7.33333,"normalized_prize_buy":0.28335159802847176,"normalized_ads_buy":0.16666666666666666,"normalized_prize_rent":null,"normalized_ads_rent":0.041666666666666664,"date":"2018-12-04T07:14:43.000Z","fill-opacity":0.2266812784227774,"fill":"#ff0000"},"bbox":[-3.60837,40.6103,-3.61343,40.6155],"geometry":{"type":"Polygon","coordinates":[[[-3.60837,40.6155],[-3.61343,40.6155],[-3.61343,40.6103],[-3.60837,40.6103],[-3.60837,40.6155]]]}},{"type":"Feature","properties":{"name":"San Sebastián de los Reyes--piece--12-4--gCloud","number_of_ads_buy":0,"average_prize_buy":0,"number_of_ads_rent":0,"average_prize_rent":0,"normalized_prize_buy":0,"normalized_ads_buy":0,"normalized_prize_rent":null,"normalized_ads_rent":0,"date":"2018-12-04T07:14:52.000Z","fill-opacity":0,"fill":"#ff0000"},"bbox":[-3.60837,40.6051,-3.61343,40.6103],"geometry":{"type":"Polygon","coordinates":[[[-3.60837,40.6103],[-3.61343,40.6103],[-3.61343,40.6051],[-3.60837,40.6051],[-3.60837,40.6103]]]}},{"type":"Feature","properties":{"name":"San Sebastián de los Reyes--piece--12-5--gCloud","number_of_ads_buy":0,"average_prize_buy":0,"number_of_ads_rent":0,"average_prize_rent":0,"normalized_prize_buy":0,"normalized_ads_buy":0,"normalized_prize_rent":null,"normalized_ads_rent":0,"date":"2018-12-04T07:14:58.000Z","fill-opacity":0,"fill":"#ff0000"},"bbox":[-3.60837,40.5999,-3.61343,40.6051],"geometry":{"type":"Polygon","coordinates":[[[-3.60837,40.6051],[-3.61343,40.6051],[-3.61343,40.5999],[-3.60837,40.5999],[-3.60837,40.6051]]]}},{"type":"Feature","properties":{"name":"San Sebastián de los Reyes--piece--12-6--gCloud","number_of_ads_buy":0,"average_prize_buy":0,"number_of_ads_rent":0,"average_prize_rent":0,"normalized_prize_buy":0,"normalized_ads_buy":0,"normalized_prize_rent":null,"normalized_ads_rent":0,"date":"2018-12-04T07:15:09.000Z","fill-opacity":0,"fill":"#ff0000"},"bbox":[-3.60837,40.5947,-3.61343,40.5999],"geometry":{"type":"Polygon","coordinates":[[[-3.60837,40.5999],[-3.61343,40.5999],[-3.61343,40.5947],[-3.60837,40.5947],[-3.60837,40.5999]]]}},{"type":"Feature","properties":{"name":"San Sebastián de los Reyes--piece--12-7--gCloud","number_of_ads_buy":0,"average_prize_buy":0,"number_of_ads_rent":0,"average_prize_rent":0,"normalized_prize_buy":0,"normalized_ads_buy":0,"normalized_prize_rent":null,"normalized_ads_rent":0,"date":"2018-12-04T07:15:17.000Z","fill-opacity":0,"fill":"#ff0000"},"bbox":[-3.60837,40.5895,-3.61343,40.5947],"geometry":{"type":"Polygon","coordinates":[[[-3.60837,40.5947],[-3.61343,40.5947],[-3.61343,40.5895],[-3.60837,40.5895],[-3.60837,40.5947]]]}},{"type":"Feature","properties":{"name":"San Sebastián de los Reyes--piece--12-8--gCloud","number_of_ads_buy":0,"average_prize_buy":0,"number_of_ads_rent":0,"average_prize_rent":0,"normalized_prize_buy":0,"normalized_ads_buy":0,"normalized_prize_rent":null,"normalized_ads_rent":0,"date":"2018-12-04T07:15:23.000Z","fill-opacity":0,"fill":"#ff0000"},"bbox":[-3.60837,40.5843,-3.61343,40.5895],"geometry":{"type":"Polygon","coordinates":[[[-3.60837,40.5895],[-3.61343,40.5895],[-3.61343,40.5843],[-3.60837,40.5843],[-3.60837,40.5895]]]}},{"type":"Feature","properties":{"name":"San Sebastián de los Reyes--piece--12-9--gCloud","number_of_ads_buy":0,"average_prize_buy":0,"number_of_ads_rent":0,"average_prize_rent":0,"normalized_prize_buy":0,"normalized_ads_buy":0,"normalized_prize_rent":null,"normalized_ads_rent":0,"date":"2018-12-04T07:15:33.000Z","fill-opacity":0,"fill":"#ff0000"},"bbox":[-3.60837,40.5791,-3.61343,40.5843],"geometry":{"type":"Polygon","coordinates":[[[-3.60837,40.5843],[-3.61343,40.5843],[-3.61343,40.5791],[-3.60837,40.5791],[-3.60837,40.5843]]]}},{"type":"Feature","properties":{"name":"San Sebastián de los Reyes--piece--13-0--gCloud","number_of_ads_buy":6,"average_prize_buy":1399.34,"number_of_ads_rent":0,"average_prize_rent":0,"normalized_prize_buy":0.3704133115215814,"normalized_ads_buy":0.25,"normalized_prize_rent":null,"normalized_ads_rent":0,"date":"2018-12-04T07:15:41.000Z","fill-opacity":0.29633064921726515,"fill":"#ff0000"},"bbox":[-3.60331,40.6259,-3.60837,40.6311],"geometry":{"type":"Polygon","coordinates":[[[-3.60331,40.6311],[-3.60837,40.6311],[-3.60837,40.6259],[-3.60331,40.6259],[-3.60331,40.6311]]]}},{"type":"Feature","properties":{"name":"San Sebastián de los Reyes--piece--13-1--gCloud","number_of_ads_buy":3,"average_prize_buy":608.589,"number_of_ads_rent":0,"average_prize_rent":0,"normalized_prize_buy":0.1610969934723568,"normalized_ads_buy":0.125,"normalized_prize_rent":null,"normalized_ads_rent":0,"date":"2018-12-04T07:15:51.000Z","fill-opacity":0.12887759477788543,"fill":"#ff0000"},"bbox":[-3.60331,40.6207,-3.60837,40.6259],"geometry":{"type":"Polygon","coordinates":[[[-3.60331,40.6259],[-3.60837,40.6259],[-3.60837,40.6207],[-3.60331,40.6207],[-3.60331,40.6259]]]}},{"type":"Feature","properties":{"name":"San Sebastián de los Reyes--piece--13-10--gCloud","number_of_ads_buy":2,"average_prize_buy":2094.62,"number_of_ads_rent":0,"average_prize_rent":0,"normalized_prize_buy":0.5544579091424063,"normalized_ads_buy":0.08333333333333333,"normalized_prize_rent":null,"normalized_ads_rent":0,"date":"2018-12-04T07:16:07.000Z","fill-opacity":0.4435663273139251,"fill":"#ff0000"},"bbox":[-3.60331,40.5739,-3.60837,40.5791],"geometry":{"type":"Polygon","coordinates":[[[-3.60331,40.5791],[-3.60837,40.5791],[-3.60837,40.5739],[-3.60331,40.5739],[-3.60331,40.5791]]]}},{"type":"Feature","properties":{"name":"San Sebastián de los Reyes--piece--13-11--gCloud","number_of_ads_buy":9,"average_prize_buy":2318.42,"number_of_ads_rent":0,"average_prize_rent":0,"normalized_prize_buy":0.6136990507652642,"normalized_ads_buy":0.375,"normalized_prize_rent":null,"normalized_ads_rent":0,"date":"2018-12-04T07:16:16.000Z","fill-opacity":0.4909592406122114,"fill":"#ff0000"},"bbox":[-3.60331,40.5687,-3.60837,40.5739],"geometry":{"type":"Polygon","coordinates":[[[-3.60331,40.5739],[-3.60837,40.5739],[-3.60837,40.5687],[-3.60331,40.5687],[-3.60331,40.5739]]]}},{"type":"Feature","properties":{"name":"San Sebastián de los Reyes--piece--13-12--gCloud","number_of_ads_buy":1,"average_prize_buy":2345.45,"number_of_ads_rent":1,"average_prize_rent":10.5556,"normalized_prize_buy":0.6208540465564432,"normalized_ads_buy":0.041666666666666664,"normalized_prize_rent":null,"normalized_ads_rent":0.041666666666666664,"date":"2018-12-04T07:16:27.000Z","fill-opacity":0.49668323724515456,"fill":"#ff0000"},"bbox":[-3.60331,40.5635,-3.60837,40.5687],"geometry":{"type":"Polygon","coordinates":[[[-3.60331,40.5687],[-3.60837,40.5687],[-3.60837,40.5635],[-3.60331,40.5635],[-3.60331,40.5687]]]}},{"type":"Feature","properties":{"name":"San Sebastián de los Reyes--piece--13-13--gCloud","number_of_ads_buy":0,"average_prize_buy":0,"number_of_ads_rent":0,"average_prize_rent":0,"normalized_prize_buy":0,"normalized_ads_buy":0,"normalized_prize_rent":null,"normalized_ads_rent":0,"date":"2018-12-04T07:16:39.000Z","fill-opacity":0,"fill":"#ff0000"},"bbox":[-3.60331,40.5583,-3.60837,40.5635],"geometry":{"type":"Polygon","coordinates":[[[-3.60331,40.5635],[-3.60837,40.5635],[-3.60837,40.5583],[-3.60331,40.5583],[-3.60331,40.5635]]]}},{"type":"Feature","properties":{"name":"San Sebastián de los Reyes--piece--13-14--gCloud","number_of_ads_buy":0,"average_prize_buy":0,"number_of_ads_rent":0,"average_prize_rent":0,"normalized_prize_buy":0,"normalized_ads_buy":0,"normalized_prize_rent":null,"normalized_ads_rent":0,"date":"2018-12-04T07:16:51.000Z","fill-opacity":0,"fill":"#ff0000"},"bbox":[-3.60331,40.5531,-3.60837,40.5583],"geometry":{"type":"Polygon","coordinates":[[[-3.60331,40.5583],[-3.60837,40.5583],[-3.60837,40.5531],[-3.60331,40.5531],[-3.60331,40.5583]]]}},{"type":"Feature","properties":{"name":"San Sebastián de los Reyes--piece--13-15--gCloud","number_of_ads_buy":0,"average_prize_buy":0,"number_of_ads_rent":0,"average_prize_rent":0,"normalized_prize_buy":0,"normalized_ads_buy":0,"normalized_prize_rent":null,"normalized_ads_rent":0,"date":"2018-12-04T07:17:00.000Z","fill-opacity":0,"fill":"#ff0000"},"bbox":[-3.60331,40.5479,-3.60837,40.5531],"geometry":{"type":"Polygon","coordinates":[[[-3.60331,40.5531],[-3.60837,40.5531],[-3.60837,40.5479],[-3.60331,40.5479],[-3.60331,40.5531]]]}},{"type":"Feature","properties":{"name":"San Sebastián de los Reyes--piece--13-16--gCloud","number_of_ads_buy":0,"average_prize_buy":0,"number_of_ads_rent":0,"average_prize_rent":0,"normalized_prize_buy":0,"normalized_ads_buy":0,"normalized_prize_rent":null,"normalized_ads_rent":0,"date":"2018-12-04T07:17:07.000Z","fill-opacity":0,"fill":"#ff0000"},"bbox":[-3.60331,40.5427,-3.60837,40.5479],"geometry":{"type":"Polygon","coordinates":[[[-3.60331,40.5479],[-3.60837,40.5479],[-3.60837,40.5427],[-3.60331,40.5427],[-3.60331,40.5479]]]}},{"type":"Feature","properties":{"name":"San Sebastián de los Reyes--piece--13-17--gCloud","number_of_ads_buy":0,"average_prize_buy":0,"number_of_ads_rent":0,"average_prize_rent":0,"normalized_prize_buy":0,"normalized_ads_buy":0,"normalized_prize_rent":null,"normalized_ads_rent":0,"date":"2018-12-04T07:17:17.000Z","fill-opacity":0,"fill":"#ff0000"},"bbox":[-3.60331,40.5375,-3.60837,40.5427],"geometry":{"type":"Polygon","coordinates":[[[-3.60331,40.5427],[-3.60837,40.5427],[-3.60837,40.5375],[-3.60331,40.5375],[-3.60331,40.5427]]]}},{"type":"Feature","properties":{"name":"San Sebastián de los Reyes--piece--13-18--gCloud","number_of_ads_buy":0,"average_prize_buy":0,"number_of_ads_rent":0,"average_prize_rent":0,"normalized_prize_buy":0,"normalized_ads_buy":0,"normalized_prize_rent":null,"normalized_ads_rent":0,"date":"2018-12-04T07:17:26.000Z","fill-opacity":0,"fill":"#ff0000"},"bbox":[-3.60331,40.5322,-3.60837,40.5375],"geometry":{"type":"Polygon","coordinates":[[[-3.60331,40.5375],[-3.60837,40.5375],[-3.60837,40.5322],[-3.60331,40.5322],[-3.60331,40.5375]]]}},{"type":"Feature","properties":{"name":"San Sebastián de los Reyes--piece--13-2--gCloud","number_of_ads_buy":11,"average_prize_buy":108.577,"number_of_ads_rent":0,"average_prize_rent":0,"normalized_prize_buy":0.02874095368179195,"normalized_ads_buy":0.4583333333333333,"normalized_prize_rent":null,"normalized_ads_rent":0,"date":"2018-12-04T07:17:33.000Z","fill-opacity":0.02299276294543356,"fill":"#ff0000"},"bbox":[-3.60331,40.6155,-3.60837,40.6207],"geometry":{"type":"Polygon","coordinates":[[[-3.60331,40.6207],[-3.60837,40.6207],[-3.60837,40.6155],[-3.60331,40.6155],[-3.60331,40.6207]]]}},{"type":"Feature","properties":{"name":"San Sebastián de los Reyes--piece--13-3--gCloud","number_of_ads_buy":3,"average_prize_buy":2.60389,"number_of_ads_rent":1,"average_prize_rent":7.33333,"normalized_prize_buy":0.0006892645945502384,"normalized_ads_buy":0.125,"normalized_prize_rent":null,"normalized_ads_rent":0.041666666666666664,"date":"2018-12-04T07:17:42.000Z","fill-opacity":0.0005514116756401907,"fill":"#ff0000"},"bbox":[-3.60331,40.6103,-3.60837,40.6155],"geometry":{"type":"Polygon","coordinates":[[[-3.60331,40.6155],[-3.60837,40.6155],[-3.60837,40.6103],[-3.60331,40.6103],[-3.60331,40.6155]]]}},{"type":"Feature","properties":{"name":"San Sebastián de los Reyes--piece--13-4--gCloud","number_of_ads_buy":0,"average_prize_buy":0,"number_of_ads_rent":0,"average_prize_rent":0,"normalized_prize_buy":0,"normalized_ads_buy":0,"normalized_prize_rent":null,"normalized_ads_rent":0,"date":"2018-12-04T07:17:49.000Z","fill-opacity":0,"fill":"#ff0000"},"bbox":[-3.60331,40.6051,-3.60837,40.6103],"geometry":{"type":"Polygon","coordinates":[[[-3.60331,40.6103],[-3.60837,40.6103],[-3.60837,40.6051],[-3.60331,40.6051],[-3.60331,40.6103]]]}},{"type":"Feature","properties":{"name":"San Sebastián de los Reyes--piece--13-5--gCloud","number_of_ads_buy":0,"average_prize_buy":0,"number_of_ads_rent":0,"average_prize_rent":0,"normalized_prize_buy":0,"normalized_ads_buy":0,"normalized_prize_rent":null,"normalized_ads_rent":0,"date":"2018-12-04T07:17:54.000Z","fill-opacity":0,"fill":"#ff0000"},"bbox":[-3.60331,40.5999,-3.60837,40.6051],"geometry":{"type":"Polygon","coordinates":[[[-3.60331,40.6051],[-3.60837,40.6051],[-3.60837,40.5999],[-3.60331,40.5999],[-3.60331,40.6051]]]}},{"type":"Feature","properties":{"name":"San Sebastián de los Reyes--piece--13-6--gCloud","number_of_ads_buy":0,"average_prize_buy":0,"number_of_ads_rent":0,"average_prize_rent":0,"normalized_prize_buy":0,"normalized_ads_buy":0,"normalized_prize_rent":null,"normalized_ads_rent":0,"date":"2018-12-04T07:18:03.000Z","fill-opacity":0,"fill":"#ff0000"},"bbox":[-3.60331,40.5947,-3.60837,40.5999],"geometry":{"type":"Polygon","coordinates":[[[-3.60331,40.5999],[-3.60837,40.5999],[-3.60837,40.5947],[-3.60331,40.5947],[-3.60331,40.5999]]]}},{"type":"Feature","properties":{"name":"San Sebastián de los Reyes--piece--13-7--gCloud","number_of_ads_buy":0,"average_prize_buy":0,"number_of_ads_rent":0,"average_prize_rent":0,"normalized_prize_buy":0,"normalized_ads_buy":0,"normalized_prize_rent":null,"normalized_ads_rent":0,"date":"2018-12-04T07:18:08.000Z","fill-opacity":0,"fill":"#ff0000"},"bbox":[-3.60331,40.5895,-3.60837,40.5947],"geometry":{"type":"Polygon","coordinates":[[[-3.60331,40.5947],[-3.60837,40.5947],[-3.60837,40.5895],[-3.60331,40.5895],[-3.60331,40.5947]]]}},{"type":"Feature","properties":{"name":"San Sebastián de los Reyes--piece--13-8--gCloud","number_of_ads_buy":0,"average_prize_buy":0,"number_of_ads_rent":0,"average_prize_rent":0,"normalized_prize_buy":0,"normalized_ads_buy":0,"normalized_prize_rent":null,"normalized_ads_rent":0,"date":"2018-12-04T07:18:16.000Z","fill-opacity":0,"fill":"#ff0000"},"bbox":[-3.60331,40.5843,-3.60837,40.5895],"geometry":{"type":"Polygon","coordinates":[[[-3.60331,40.5895],[-3.60837,40.5895],[-3.60837,40.5843],[-3.60331,40.5843],[-3.60331,40.5895]]]}},{"type":"Feature","properties":{"name":"San Sebastián de los Reyes--piece--13-9--gCloud","number_of_ads_buy":0,"average_prize_buy":0,"number_of_ads_rent":0,"average_prize_rent":0,"normalized_prize_buy":0,"normalized_ads_buy":0,"normalized_prize_rent":null,"normalized_ads_rent":0,"date":"2018-12-04T07:18:27.000Z","fill-opacity":0,"fill":"#ff0000"},"bbox":[-3.60331,40.5791,-3.60837,40.5843],"geometry":{"type":"Polygon","coordinates":[[[-3.60331,40.5843],[-3.60837,40.5843],[-3.60837,40.5791],[-3.60331,40.5791],[-3.60331,40.5843]]]}},{"type":"Feature","properties":{"name":"San Sebastián de los Reyes--piece--14-0--gCloud","number_of_ads_buy":0,"average_prize_buy":0,"number_of_ads_rent":0,"average_prize_rent":0,"normalized_prize_buy":0,"normalized_ads_buy":0,"normalized_prize_rent":null,"normalized_ads_rent":0,"date":"2018-12-04T07:18:36.000Z","fill-opacity":0,"fill":"#ff0000"},"bbox":[-3.59826,40.6259,-3.60331,40.6311],"geometry":{"type":"Polygon","coordinates":[[[-3.59826,40.6311],[-3.60331,40.6311],[-3.60331,40.6259],[-3.59826,40.6259],[-3.59826,40.6311]]]}},{"type":"Feature","properties":{"name":"San Sebastián de los Reyes--piece--14-1--gCloud","number_of_ads_buy":0,"average_prize_buy":0,"number_of_ads_rent":0,"average_prize_rent":0,"normalized_prize_buy":0,"normalized_ads_buy":0,"normalized_prize_rent":null,"normalized_ads_rent":0,"date":"2018-12-04T07:18:41.000Z","fill-opacity":0,"fill":"#ff0000"},"bbox":[-3.59826,40.6207,-3.60331,40.6259],"geometry":{"type":"Polygon","coordinates":[[[-3.59826,40.6259],[-3.60331,40.6259],[-3.60331,40.6207],[-3.59826,40.6207],[-3.59826,40.6259]]]}},{"type":"Feature","properties":{"name":"San Sebastián de los Reyes--piece--14-10--gCloud","number_of_ads_buy":1,"average_prize_buy":1230.16,"number_of_ads_rent":0,"average_prize_rent":0,"normalized_prize_buy":0.325630396688002,"normalized_ads_buy":0.041666666666666664,"normalized_prize_rent":null,"normalized_ads_rent":0,"date":"2018-12-04T07:18:47.000Z","fill-opacity":0.2605043173504016,"fill":"#ff0000"},"bbox":[-3.59826,40.5739,-3.60331,40.5791],"geometry":{"type":"Polygon","coordinates":[[[-3.59826,40.5791],[-3.60331,40.5791],[-3.60331,40.5739],[-3.59826,40.5739],[-3.59826,40.5791]]]}},{"type":"Feature","properties":{"name":"San Sebastián de los Reyes--piece--14-11--gCloud","number_of_ads_buy":1,"average_prize_buy":1708.33,"number_of_ads_rent":0,"average_prize_rent":0,"normalized_prize_buy":0.4522047339972153,"normalized_ads_buy":0.041666666666666664,"normalized_prize_rent":null,"normalized_ads_rent":0,"date":"2018-12-04T07:18:55.000Z","fill-opacity":0.36176378719777225,"fill":"#ff0000"},"bbox":[-3.59826,40.5687,-3.60331,40.5739],"geometry":{"type":"Polygon","coordinates":[[[-3.59826,40.5739],[-3.60331,40.5739],[-3.60331,40.5687],[-3.59826,40.5687],[-3.59826,40.5739]]]}},{"type":"Feature","properties":{"name":"San Sebastián de los Reyes--piece--14-12--gCloud","number_of_ads_buy":0,"average_prize_buy":0,"number_of_ads_rent":0,"average_prize_rent":0,"normalized_prize_buy":0,"normalized_ads_buy":0,"normalized_prize_rent":null,"normalized_ads_rent":0,"date":"2018-12-04T07:19:07.000Z","fill-opacity":0,"fill":"#ff0000"},"bbox":[-3.59826,40.5635,-3.60331,40.5687],"geometry":{"type":"Polygon","coordinates":[[[-3.59826,40.5687],[-3.60331,40.5687],[-3.60331,40.5635],[-3.59826,40.5635],[-3.59826,40.5687]]]}},{"type":"Feature","properties":{"name":"San Sebastián de los Reyes--piece--14-13--gCloud","number_of_ads_buy":0,"average_prize_buy":0,"number_of_ads_rent":0,"average_prize_rent":0,"normalized_prize_buy":0,"normalized_ads_buy":0,"normalized_prize_rent":null,"normalized_ads_rent":0,"date":"2018-12-04T07:19:15.000Z","fill-opacity":0,"fill":"#ff0000"},"bbox":[-3.59826,40.5583,-3.60331,40.5635],"geometry":{"type":"Polygon","coordinates":[[[-3.59826,40.5635],[-3.60331,40.5635],[-3.60331,40.5583],[-3.59826,40.5583],[-3.59826,40.5635]]]}},{"type":"Feature","properties":{"name":"San Sebastián de los Reyes--piece--14-14--gCloud","number_of_ads_buy":0,"average_prize_buy":0,"number_of_ads_rent":0,"average_prize_rent":0,"normalized_prize_buy":0,"normalized_ads_buy":0,"normalized_prize_rent":null,"normalized_ads_rent":0,"date":"2018-12-04T07:19:20.000Z","fill-opacity":0,"fill":"#ff0000"},"bbox":[-3.59826,40.5531,-3.60331,40.5583],"geometry":{"type":"Polygon","coordinates":[[[-3.59826,40.5583],[-3.60331,40.5583],[-3.60331,40.5531],[-3.59826,40.5531],[-3.59826,40.5583]]]}},{"type":"Feature","properties":{"name":"San Sebastián de los Reyes--piece--14-15--gCloud","number_of_ads_buy":0,"average_prize_buy":0,"number_of_ads_rent":0,"average_prize_rent":0,"normalized_prize_buy":0,"normalized_ads_buy":0,"normalized_prize_rent":null,"normalized_ads_rent":0,"date":"2018-12-04T07:19:27.000Z","fill-opacity":0,"fill":"#ff0000"},"bbox":[-3.59826,40.5479,-3.60331,40.5531],"geometry":{"type":"Polygon","coordinates":[[[-3.59826,40.5531],[-3.60331,40.5531],[-3.60331,40.5479],[-3.59826,40.5479],[-3.59826,40.5531]]]}},{"type":"Feature","properties":{"name":"San Sebastián de los Reyes--piece--14-16--gCloud","number_of_ads_buy":0,"average_prize_buy":0,"number_of_ads_rent":1,"average_prize_rent":0,"normalized_prize_buy":0,"normalized_ads_buy":0,"normalized_prize_rent":null,"normalized_ads_rent":0.041666666666666664,"date":"2018-12-04T07:19:38.000Z","fill-opacity":0,"fill":"#ff0000"},"bbox":[-3.59826,40.5427,-3.60331,40.5479],"geometry":{"type":"Polygon","coordinates":[[[-3.59826,40.5479],[-3.60331,40.5479],[-3.60331,40.5427],[-3.59826,40.5427],[-3.59826,40.5479]]]}},{"type":"Feature","properties":{"name":"San Sebastián de los Reyes--piece--14-17--gCloud","number_of_ads_buy":0,"average_prize_buy":0,"number_of_ads_rent":0,"average_prize_rent":0,"normalized_prize_buy":0,"normalized_ads_buy":0,"normalized_prize_rent":null,"normalized_ads_rent":0,"date":"2018-12-04T07:19:44.000Z","fill-opacity":0,"fill":"#ff0000"},"bbox":[-3.59826,40.5375,-3.60331,40.5427],"geometry":{"type":"Polygon","coordinates":[[[-3.59826,40.5427],[-3.60331,40.5427],[-3.60331,40.5375],[-3.59826,40.5375],[-3.59826,40.5427]]]}},{"type":"Feature","properties":{"name":"San Sebastián de los Reyes--piece--14-18--gCloud","number_of_ads_buy":0,"average_prize_buy":0,"number_of_ads_rent":0,"average_prize_rent":0,"normalized_prize_buy":0,"normalized_ads_buy":0,"normalized_prize_rent":null,"normalized_ads_rent":0,"date":"2018-12-04T07:19:52.000Z","fill-opacity":0,"fill":"#ff0000"},"bbox":[-3.59826,40.5322,-3.60331,40.5375],"geometry":{"type":"Polygon","coordinates":[[[-3.59826,40.5375],[-3.60331,40.5375],[-3.60331,40.5322],[-3.59826,40.5322],[-3.59826,40.5375]]]}},{"type":"Feature","properties":{"name":"San Sebastián de los Reyes--piece--14-2--gCloud","number_of_ads_buy":12,"average_prize_buy":2.47324,"number_of_ads_rent":1,"average_prize_rent":11.1111,"normalized_prize_buy":0.0006546807913642403,"normalized_ads_buy":0.5,"normalized_prize_rent":null,"normalized_ads_rent":0.041666666666666664,"date":"2018-12-04T07:20:01.000Z","fill-opacity":0.0005237446330913923,"fill":"#ff0000"},"bbox":[-3.59826,40.6155,-3.60331,40.6207],"geometry":{"type":"Polygon","coordinates":[[[-3.59826,40.6207],[-3.60331,40.6207],[-3.60331,40.6155],[-3.59826,40.6155],[-3.59826,40.6207]]]}},{"type":"Feature","properties":{"name":"San Sebastián de los Reyes--piece--14-3--gCloud","number_of_ads_buy":1,"average_prize_buy":2.5,"number_of_ads_rent":0,"average_prize_rent":0,"normalized_prize_buy":0.0006617643166092255,"normalized_ads_buy":0.041666666666666664,"normalized_prize_rent":null,"normalized_ads_rent":0,"date":"2018-12-04T07:20:09.000Z","fill-opacity":0.0005294114532873804,"fill":"#ff0000"},"bbox":[-3.59826,40.6103,-3.60331,40.6155],"geometry":{"type":"Polygon","coordinates":[[[-3.59826,40.6155],[-3.60331,40.6155],[-3.60331,40.6103],[-3.59826,40.6103],[-3.59826,40.6155]]]}},{"type":"Feature","properties":{"name":"San Sebastián de los Reyes--piece--14-4--gCloud","number_of_ads_buy":0,"average_prize_buy":0,"number_of_ads_rent":0,"average_prize_rent":0,"normalized_prize_buy":0,"normalized_ads_buy":0,"normalized_prize_rent":null,"normalized_ads_rent":0,"date":"2018-12-04T07:20:17.000Z","fill-opacity":0,"fill":"#ff0000"},"bbox":[-3.59826,40.6051,-3.60331,40.6103],"geometry":{"type":"Polygon","coordinates":[[[-3.59826,40.6103],[-3.60331,40.6103],[-3.60331,40.6051],[-3.59826,40.6051],[-3.59826,40.6103]]]}},{"type":"Feature","properties":{"name":"San Sebastián de los Reyes--piece--14-5--gCloud","number_of_ads_buy":0,"average_prize_buy":0,"number_of_ads_rent":0,"average_prize_rent":0,"normalized_prize_buy":0,"normalized_ads_buy":0,"normalized_prize_rent":null,"normalized_ads_rent":0,"date":"2018-12-04T07:20:29.000Z","fill-opacity":0,"fill":"#ff0000"},"bbox":[-3.59826,40.5999,-3.60331,40.6051],"geometry":{"type":"Polygon","coordinates":[[[-3.59826,40.6051],[-3.60331,40.6051],[-3.60331,40.5999],[-3.59826,40.5999],[-3.59826,40.6051]]]}},{"type":"Feature","properties":{"name":"San Sebastián de los Reyes--piece--14-6--gCloud","number_of_ads_buy":9,"average_prize_buy":669.19,"number_of_ads_rent":0,"average_prize_rent":0,"normalized_prize_buy":0.17713842521269105,"normalized_ads_buy":0.375,"normalized_prize_rent":null,"normalized_ads_rent":0,"date":"2018-12-04T07:20:40.000Z","fill-opacity":0.14171074017015284,"fill":"#ff0000"},"bbox":[-3.59826,40.5947,-3.60331,40.5999],"geometry":{"type":"Polygon","coordinates":[[[-3.59826,40.5999],[-3.60331,40.5999],[-3.60331,40.5947],[-3.59826,40.5947],[-3.59826,40.5999]]]}},{"type":"Feature","properties":{"name":"San Sebastián de los Reyes--piece--14-7--gCloud","number_of_ads_buy":10,"average_prize_buy":919.436,"number_of_ads_rent":1,"average_prize_rent":8.28571,"normalized_prize_buy":0.24337997448236795,"normalized_ads_buy":0.4166666666666667,"normalized_prize_rent":null,"normalized_ads_rent":0.041666666666666664,"date":"2018-12-04T07:20:53.000Z","fill-opacity":0.19470397958589436,"fill":"#ff0000"},"bbox":[-3.59826,40.5895,-3.60331,40.5947],"geometry":{"type":"Polygon","coordinates":[[[-3.59826,40.5947],[-3.60331,40.5947],[-3.60331,40.5895],[-3.59826,40.5895],[-3.59826,40.5947]]]}},{"type":"Feature","properties":{"name":"San Sebastián de los Reyes--piece--14-8--gCloud","number_of_ads_buy":5,"average_prize_buy":990.758,"number_of_ads_rent":2,"average_prize_rent":7.10455,"normalized_prize_buy":0.2622593163180492,"normalized_ads_buy":0.20833333333333334,"normalized_prize_rent":null,"normalized_ads_rent":0.08333333333333333,"date":"2018-12-04T07:21:01.000Z","fill-opacity":0.20980745305443937,"fill":"#ff0000"},"bbox":[-3.59826,40.5843,-3.60331,40.5895],"geometry":{"type":"Polygon","coordinates":[[[-3.59826,40.5895],[-3.60331,40.5895],[-3.60331,40.5843],[-3.59826,40.5843],[-3.59826,40.5895]]]}},{"type":"Feature","properties":{"name":"San Sebastián de los Reyes--piece--14-9--gCloud","number_of_ads_buy":0,"average_prize_buy":0,"number_of_ads_rent":0,"average_prize_rent":0,"normalized_prize_buy":0,"normalized_ads_buy":0,"normalized_prize_rent":null,"normalized_ads_rent":0,"date":"2018-12-04T07:21:09.000Z","fill-opacity":0,"fill":"#ff0000"},"bbox":[-3.59826,40.5791,-3.60331,40.5843],"geometry":{"type":"Polygon","coordinates":[[[-3.59826,40.5843],[-3.60331,40.5843],[-3.60331,40.5791],[-3.59826,40.5791],[-3.59826,40.5843]]]}},{"type":"Feature","properties":{"name":"San Sebastián de los Reyes--piece--15-0--gCloud","number_of_ads_buy":2,"average_prize_buy":2.55562,"number_of_ads_rent":3,"average_prize_rent":7,"normalized_prize_buy":0.0006764872491251475,"normalized_ads_buy":0.08333333333333333,"normalized_prize_rent":null,"normalized_ads_rent":0.125,"date":"2018-12-04T07:21:16.000Z","fill-opacity":0.000541189799300118,"fill":"#ff0000"},"bbox":[-3.5932,40.6259,-3.59826,40.6311],"geometry":{"type":"Polygon","coordinates":[[[-3.5932,40.6311],[-3.59826,40.6311],[-3.59826,40.6259],[-3.5932,40.6259],[-3.5932,40.6311]]]}},{"type":"Feature","properties":{"name":"San Sebastián de los Reyes--piece--15-1--gCloud","number_of_ads_buy":0,"average_prize_buy":0,"number_of_ads_rent":0,"average_prize_rent":0,"normalized_prize_buy":0,"normalized_ads_buy":0,"normalized_prize_rent":null,"normalized_ads_rent":0,"date":"2018-12-04T07:21:25.000Z","fill-opacity":0,"fill":"#ff0000"},"bbox":[-3.5932,40.6207,-3.59826,40.6259],"geometry":{"type":"Polygon","coordinates":[[[-3.5932,40.6259],[-3.59826,40.6259],[-3.59826,40.6207],[-3.5932,40.6207],[-3.5932,40.6259]]]}},{"type":"Feature","properties":{"name":"San Sebastián de los Reyes--piece--15-10--gCloud","number_of_ads_buy":0,"average_prize_buy":0,"number_of_ads_rent":0,"average_prize_rent":0,"normalized_prize_buy":0,"normalized_ads_buy":0,"normalized_prize_rent":null,"normalized_ads_rent":0,"date":"2018-12-04T07:21:34.000Z","fill-opacity":0,"fill":"#ff0000"},"bbox":[-3.5932,40.5739,-3.59826,40.5791],"geometry":{"type":"Polygon","coordinates":[[[-3.5932,40.5791],[-3.59826,40.5791],[-3.59826,40.5739],[-3.5932,40.5739],[-3.5932,40.5791]]]}},{"type":"Feature","properties":{"name":"San Sebastián de los Reyes--piece--15-11--gCloud","number_of_ads_buy":0,"average_prize_buy":0,"number_of_ads_rent":0,"average_prize_rent":0,"normalized_prize_buy":0,"normalized_ads_buy":0,"normalized_prize_rent":null,"normalized_ads_rent":0,"date":"2018-12-04T07:21:41.000Z","fill-opacity":0,"fill":"#ff0000"},"bbox":[-3.5932,40.5687,-3.59826,40.5739],"geometry":{"type":"Polygon","coordinates":[[[-3.5932,40.5739],[-3.59826,40.5739],[-3.59826,40.5687],[-3.5932,40.5687],[-3.5932,40.5739]]]}},{"type":"Feature","properties":{"name":"San Sebastián de los Reyes--piece--15-12--gCloud","number_of_ads_buy":0,"average_prize_buy":0,"number_of_ads_rent":0,"average_prize_rent":0,"normalized_prize_buy":0,"normalized_ads_buy":0,"normalized_prize_rent":null,"normalized_ads_rent":0,"date":"2018-12-04T07:21:46.000Z","fill-opacity":0,"fill":"#ff0000"},"bbox":[-3.5932,40.5635,-3.59826,40.5687],"geometry":{"type":"Polygon","coordinates":[[[-3.5932,40.5687],[-3.59826,40.5687],[-3.59826,40.5635],[-3.5932,40.5635],[-3.5932,40.5687]]]}},{"type":"Feature","properties":{"name":"San Sebastián de los Reyes--piece--15-13--gCloud","number_of_ads_buy":0,"average_prize_buy":0,"number_of_ads_rent":0,"average_prize_rent":0,"normalized_prize_buy":0,"normalized_ads_buy":0,"normalized_prize_rent":null,"normalized_ads_rent":0,"date":"2018-12-04T07:21:57.000Z","fill-opacity":0,"fill":"#ff0000"},"bbox":[-3.5932,40.5583,-3.59826,40.5635],"geometry":{"type":"Polygon","coordinates":[[[-3.5932,40.5635],[-3.59826,40.5635],[-3.59826,40.5583],[-3.5932,40.5583],[-3.5932,40.5635]]]}},{"type":"Feature","properties":{"name":"San Sebastián de los Reyes--piece--15-14--gCloud","number_of_ads_buy":0,"average_prize_buy":0,"number_of_ads_rent":0,"average_prize_rent":0,"normalized_prize_buy":0,"normalized_ads_buy":0,"normalized_prize_rent":null,"normalized_ads_rent":0,"date":"2018-12-04T07:22:08.000Z","fill-opacity":0,"fill":"#ff0000"},"bbox":[-3.5932,40.5531,-3.59826,40.5583],"geometry":{"type":"Polygon","coordinates":[[[-3.5932,40.5583],[-3.59826,40.5583],[-3.59826,40.5531],[-3.5932,40.5531],[-3.5932,40.5583]]]}},{"type":"Feature","properties":{"name":"San Sebastián de los Reyes--piece--15-15--gCloud","number_of_ads_buy":0,"average_prize_buy":0,"number_of_ads_rent":0,"average_prize_rent":0,"normalized_prize_buy":0,"normalized_ads_buy":0,"normalized_prize_rent":null,"normalized_ads_rent":0,"date":"2018-12-04T07:22:13.000Z","fill-opacity":0,"fill":"#ff0000"},"bbox":[-3.5932,40.5479,-3.59826,40.5531],"geometry":{"type":"Polygon","coordinates":[[[-3.5932,40.5531],[-3.59826,40.5531],[-3.59826,40.5479],[-3.5932,40.5479],[-3.5932,40.5531]]]}},{"type":"Feature","properties":{"name":"San Sebastián de los Reyes--piece--15-16--gCloud","number_of_ads_buy":1,"average_prize_buy":2.15385,"number_of_ads_rent":0,"average_prize_rent":0,"normalized_prize_buy":0.0005701364293315121,"normalized_ads_buy":0.041666666666666664,"normalized_prize_rent":null,"normalized_ads_rent":0,"date":"2018-12-04T07:22:22.000Z","fill-opacity":0.0004561091434652097,"fill":"#ff0000"},"bbox":[-3.5932,40.5427,-3.59826,40.5479],"geometry":{"type":"Polygon","coordinates":[[[-3.5932,40.5479],[-3.59826,40.5479],[-3.59826,40.5427],[-3.5932,40.5427],[-3.5932,40.5479]]]}},{"type":"Feature","properties":{"name":"San Sebastián de los Reyes--piece--15-17--gCloud","number_of_ads_buy":0,"average_prize_buy":0,"number_of_ads_rent":0,"average_prize_rent":0,"normalized_prize_buy":0,"normalized_ads_buy":0,"normalized_prize_rent":null,"normalized_ads_rent":0,"date":"2018-12-04T07:22:32.000Z","fill-opacity":0,"fill":"#ff0000"},"bbox":[-3.5932,40.5375,-3.59826,40.5427],"geometry":{"type":"Polygon","coordinates":[[[-3.5932,40.5427],[-3.59826,40.5427],[-3.59826,40.5375],[-3.5932,40.5375],[-3.5932,40.5427]]]}},{"type":"Feature","properties":{"name":"San Sebastián de los Reyes--piece--15-18--gCloud","number_of_ads_buy":0,"average_prize_buy":0,"number_of_ads_rent":0,"average_prize_rent":0,"normalized_prize_buy":0,"normalized_ads_buy":0,"normalized_prize_rent":null,"normalized_ads_rent":0,"date":"2018-12-04T07:22:48.000Z","fill-opacity":0,"fill":"#ff0000"},"bbox":[-3.5932,40.5322,-3.59826,40.5375],"geometry":{"type":"Polygon","coordinates":[[[-3.5932,40.5375],[-3.59826,40.5375],[-3.59826,40.5322],[-3.5932,40.5322],[-3.5932,40.5375]]]}},{"type":"Feature","properties":{"name":"San Sebastián de los Reyes--piece--15-2--gCloud","number_of_ads_buy":12,"average_prize_buy":746.471,"number_of_ads_rent":0,"average_prize_rent":0,"normalized_prize_buy":0.19759514847344206,"normalized_ads_buy":0.5,"normalized_prize_rent":null,"normalized_ads_rent":0,"date":"2018-12-04T07:22:54.000Z","fill-opacity":0.15807611877875366,"fill":"#ff0000"},"bbox":[-3.5932,40.6155,-3.59826,40.6207],"geometry":{"type":"Polygon","coordinates":[[[-3.5932,40.6207],[-3.59826,40.6207],[-3.59826,40.6155],[-3.5932,40.6155],[-3.5932,40.6207]]]}},{"type":"Feature","properties":{"name":"San Sebastián de los Reyes--piece--15-3--gCloud","number_of_ads_buy":0,"average_prize_buy":0,"number_of_ads_rent":0,"average_prize_rent":0,"normalized_prize_buy":0,"normalized_ads_buy":0,"normalized_prize_rent":null,"normalized_ads_rent":0,"date":"2018-12-04T07:23:05.000Z","fill-opacity":0,"fill":"#ff0000"},"bbox":[-3.5932,40.6103,-3.59826,40.6155],"geometry":{"type":"Polygon","coordinates":[[[-3.5932,40.6155],[-3.59826,40.6155],[-3.59826,40.6103],[-3.5932,40.6103],[-3.5932,40.6155]]]}},{"type":"Feature","properties":{"name":"San Sebastián de los Reyes--piece--15-4--gCloud","number_of_ads_buy":0,"average_prize_buy":0,"number_of_ads_rent":0,"average_prize_rent":0,"normalized_prize_buy":0,"normalized_ads_buy":0,"normalized_prize_rent":null,"normalized_ads_rent":0,"date":"2018-12-04T07:23:11.000Z","fill-opacity":0,"fill":"#ff0000"},"bbox":[-3.5932,40.6051,-3.59826,40.6103],"geometry":{"type":"Polygon","coordinates":[[[-3.5932,40.6103],[-3.59826,40.6103],[-3.59826,40.6051],[-3.5932,40.6051],[-3.5932,40.6103]]]}},{"type":"Feature","properties":{"name":"San Sebastián de los Reyes--piece--15-5--gCloud","number_of_ads_buy":0,"average_prize_buy":0,"number_of_ads_rent":0,"average_prize_rent":0,"normalized_prize_buy":0,"normalized_ads_buy":0,"normalized_prize_rent":null,"normalized_ads_rent":0,"date":"2018-12-04T07:23:16.000Z","fill-opacity":0,"fill":"#ff0000"},"bbox":[-3.5932,40.5999,-3.59826,40.6051],"geometry":{"type":"Polygon","coordinates":[[[-3.5932,40.6051],[-3.59826,40.6051],[-3.59826,40.5999],[-3.5932,40.5999],[-3.5932,40.6051]]]}},{"type":"Feature","properties":{"name":"San Sebastián de los Reyes--piece--15-6--gCloud","number_of_ads_buy":3,"average_prize_buy":1733.57,"number_of_ads_rent":2,"average_prize_rent":7.18182,"normalized_prize_buy":0.458885906537702,"normalized_ads_buy":0.125,"normalized_prize_rent":null,"normalized_ads_rent":0.08333333333333333,"date":"2018-12-04T07:23:26.000Z","fill-opacity":0.36710872523016164,"fill":"#ff0000"},"bbox":[-3.5932,40.5947,-3.59826,40.5999],"geometry":{"type":"Polygon","coordinates":[[[-3.5932,40.5999],[-3.59826,40.5999],[-3.59826,40.5947],[-3.5932,40.5947],[-3.5932,40.5999]]]}},{"type":"Feature","properties":{"name":"San Sebastián de los Reyes--piece--15-7--gCloud","number_of_ads_buy":9,"average_prize_buy":1437.96,"number_of_ads_rent":1,"average_prize_rent":7.77778,"normalized_prize_buy":0.38063624668456075,"normalized_ads_buy":0.375,"normalized_prize_rent":null,"normalized_ads_rent":0.041666666666666664,"date":"2018-12-04T07:23:40.000Z","fill-opacity":0.30450899734764864,"fill":"#ff0000"},"bbox":[-3.5932,40.5895,-3.59826,40.5947],"geometry":{"type":"Polygon","coordinates":[[[-3.5932,40.5947],[-3.59826,40.5947],[-3.59826,40.5895],[-3.5932,40.5895],[-3.5932,40.5947]]]}},{"type":"Feature","properties":{"name":"San Sebastián de los Reyes--piece--15-8--gCloud","number_of_ads_buy":14,"average_prize_buy":466.195,"number_of_ads_rent":2,"average_prize_rent":8.06921,"normalized_prize_buy":0.12340448623265515,"normalized_ads_buy":0.5833333333333334,"normalized_prize_rent":null,"normalized_ads_rent":0.08333333333333333,"date":"2018-12-04T07:23:52.000Z","fill-opacity":0.09872358898612413,"fill":"#ff0000"},"bbox":[-3.5932,40.5843,-3.59826,40.5895],"geometry":{"type":"Polygon","coordinates":[[[-3.5932,40.5895],[-3.59826,40.5895],[-3.59826,40.5843],[-3.5932,40.5843],[-3.5932,40.5895]]]}},{"type":"Feature","properties":{"name":"San Sebastián de los Reyes--piece--15-9--gCloud","number_of_ads_buy":0,"average_prize_buy":0,"number_of_ads_rent":0,"average_prize_rent":0,"normalized_prize_buy":0,"normalized_ads_buy":0,"normalized_prize_rent":null,"normalized_ads_rent":0,"date":"2018-12-04T07:24:01.000Z","fill-opacity":0,"fill":"#ff0000"},"bbox":[-3.5932,40.5791,-3.59826,40.5843],"geometry":{"type":"Polygon","coordinates":[[[-3.5932,40.5843],[-3.59826,40.5843],[-3.59826,40.5791],[-3.5932,40.5791],[-3.5932,40.5843]]]}},{"type":"Feature","properties":{"name":"San Sebastián de los Reyes--piece--16-0--gCloud","number_of_ads_buy":17,"average_prize_buy":381.551,"number_of_ads_rent":3,"average_prize_rent":8.45528,"normalized_prize_buy":0.10099873470662664,"normalized_ads_buy":0.7083333333333334,"normalized_prize_rent":null,"normalized_ads_rent":0.125,"date":"2018-12-04T07:24:10.000Z","fill-opacity":0.08079898776530131,"fill":"#ff0000"},"bbox":[-3.58814,40.6259,-3.5932,40.6311],"geometry":{"type":"Polygon","coordinates":[[[-3.58814,40.6311],[-3.5932,40.6311],[-3.5932,40.6259],[-3.58814,40.6259],[-3.58814,40.6311]]]}},{"type":"Feature","properties":{"name":"San Sebastián de los Reyes--piece--16-1--gCloud","number_of_ads_buy":10,"average_prize_buy":1160.82,"number_of_ads_rent":2,"average_prize_rent":11.3591,"normalized_prize_buy":0.30727570160252843,"normalized_ads_buy":0.4166666666666667,"normalized_prize_rent":null,"normalized_ads_rent":0.08333333333333333,"date":"2018-12-04T07:24:20.000Z","fill-opacity":0.24582056128202276,"fill":"#ff0000"},"bbox":[-3.58814,40.6207,-3.5932,40.6259],"geometry":{"type":"Polygon","coordinates":[[[-3.58814,40.6259],[-3.5932,40.6259],[-3.5932,40.6207],[-3.58814,40.6207],[-3.58814,40.6259]]]}},{"type":"Feature","properties":{"name":"San Sebastián de los Reyes--piece--16-10--gCloud","number_of_ads_buy":1,"average_prize_buy":3777.78,"number_of_ads_rent":0,"average_prize_rent":0,"normalized_prize_buy":1,"normalized_ads_buy":0.041666666666666664,"normalized_prize_rent":null,"normalized_ads_rent":0,"date":"2018-12-04T07:24:28.000Z","fill-opacity":0.8,"fill":"#ff0000"},"bbox":[-3.58814,40.5739,-3.5932,40.5791],"geometry":{"type":"Polygon","coordinates":[[[-3.58814,40.5791],[-3.5932,40.5791],[-3.5932,40.5739],[-3.58814,40.5739],[-3.58814,40.5791]]]}},{"type":"Feature","properties":{"name":"San Sebastián de los Reyes--piece--16-11--gCloud","number_of_ads_buy":0,"average_prize_buy":0,"number_of_ads_rent":0,"average_prize_rent":0,"normalized_prize_buy":0,"normalized_ads_buy":0,"normalized_prize_rent":null,"normalized_ads_rent":0,"date":"2018-12-04T07:24:36.000Z","fill-opacity":0,"fill":"#ff0000"},"bbox":[-3.58814,40.5687,-3.5932,40.5739],"geometry":{"type":"Polygon","coordinates":[[[-3.58814,40.5739],[-3.5932,40.5739],[-3.5932,40.5687],[-3.58814,40.5687],[-3.58814,40.5739]]]}},{"type":"Feature","properties":{"name":"San Sebastián de los Reyes--piece--16-12--gCloud","number_of_ads_buy":0,"average_prize_buy":0,"number_of_ads_rent":0,"average_prize_rent":0,"normalized_prize_buy":0,"normalized_ads_buy":0,"normalized_prize_rent":null,"normalized_ads_rent":0,"date":"2018-12-04T07:24:42.000Z","fill-opacity":0,"fill":"#ff0000"},"bbox":[-3.58814,40.5635,-3.5932,40.5687],"geometry":{"type":"Polygon","coordinates":[[[-3.58814,40.5687],[-3.5932,40.5687],[-3.5932,40.5635],[-3.58814,40.5635],[-3.58814,40.5687]]]}},{"type":"Feature","properties":{"name":"San Sebastián de los Reyes--piece--16-13--gCloud","number_of_ads_buy":0,"average_prize_buy":0,"number_of_ads_rent":0,"average_prize_rent":0,"normalized_prize_buy":0,"normalized_ads_buy":0,"normalized_prize_rent":null,"normalized_ads_rent":0,"date":"2018-12-04T07:24:51.000Z","fill-opacity":0,"fill":"#ff0000"},"bbox":[-3.58814,40.5583,-3.5932,40.5635],"geometry":{"type":"Polygon","coordinates":[[[-3.58814,40.5635],[-3.5932,40.5635],[-3.5932,40.5583],[-3.58814,40.5583],[-3.58814,40.5635]]]}},{"type":"Feature","properties":{"name":"San Sebastián de los Reyes--piece--16-14--gCloud","number_of_ads_buy":0,"average_prize_buy":0,"number_of_ads_rent":0,"average_prize_rent":0,"normalized_prize_buy":0,"normalized_ads_buy":0,"normalized_prize_rent":null,"normalized_ads_rent":0,"date":"2018-12-04T07:25:00.000Z","fill-opacity":0,"fill":"#ff0000"},"bbox":[-3.58814,40.5531,-3.5932,40.5583],"geometry":{"type":"Polygon","coordinates":[[[-3.58814,40.5583],[-3.5932,40.5583],[-3.5932,40.5531],[-3.58814,40.5531],[-3.58814,40.5583]]]}},{"type":"Feature","properties":{"name":"San Sebastián de los Reyes--piece--16-15--gCloud","number_of_ads_buy":0,"average_prize_buy":0,"number_of_ads_rent":0,"average_prize_rent":0,"normalized_prize_buy":0,"normalized_ads_buy":0,"normalized_prize_rent":null,"normalized_ads_rent":0,"date":"2018-12-04T07:25:11.000Z","fill-opacity":0,"fill":"#ff0000"},"bbox":[-3.58814,40.5479,-3.5932,40.5531],"geometry":{"type":"Polygon","coordinates":[[[-3.58814,40.5531],[-3.5932,40.5531],[-3.5932,40.5479],[-3.58814,40.5479],[-3.58814,40.5531]]]}},{"type":"Feature","properties":{"name":"San Sebastián de los Reyes--piece--16-16--gCloud","number_of_ads_buy":0,"average_prize_buy":0,"number_of_ads_rent":0,"average_prize_rent":0,"normalized_prize_buy":0,"normalized_ads_buy":0,"normalized_prize_rent":null,"normalized_ads_rent":0,"date":"2018-12-04T07:25:16.000Z","fill-opacity":0,"fill":"#ff0000"},"bbox":[-3.58814,40.5427,-3.5932,40.5479],"geometry":{"type":"Polygon","coordinates":[[[-3.58814,40.5479],[-3.5932,40.5479],[-3.5932,40.5427],[-3.58814,40.5427],[-3.58814,40.5479]]]}},{"type":"Feature","properties":{"name":"San Sebastián de los Reyes--piece--16-17--gCloud","number_of_ads_buy":0,"average_prize_buy":0,"number_of_ads_rent":0,"average_prize_rent":0,"normalized_prize_buy":0,"normalized_ads_buy":0,"normalized_prize_rent":null,"normalized_ads_rent":0,"date":"2018-12-04T07:25:28.000Z","fill-opacity":0,"fill":"#ff0000"},"bbox":[-3.58814,40.5375,-3.5932,40.5427],"geometry":{"type":"Polygon","coordinates":[[[-3.58814,40.5427],[-3.5932,40.5427],[-3.5932,40.5375],[-3.58814,40.5375],[-3.58814,40.5427]]]}},{"type":"Feature","properties":{"name":"San Sebastián de los Reyes--piece--16-18--gCloud","number_of_ads_buy":0,"average_prize_buy":0,"number_of_ads_rent":0,"average_prize_rent":0,"normalized_prize_buy":0,"normalized_ads_buy":0,"normalized_prize_rent":null,"normalized_ads_rent":0,"date":"2018-12-04T07:25:36.000Z","fill-opacity":0,"fill":"#ff0000"},"bbox":[-3.58814,40.5322,-3.5932,40.5375],"geometry":{"type":"Polygon","coordinates":[[[-3.58814,40.5375],[-3.5932,40.5375],[-3.5932,40.5322],[-3.58814,40.5322],[-3.58814,40.5375]]]}},{"type":"Feature","properties":{"name":"San Sebastián de los Reyes--piece--16-2--gCloud","number_of_ads_buy":2,"average_prize_buy":1251.12,"number_of_ads_rent":0,"average_prize_rent":0,"normalized_prize_buy":0.33117862871845366,"normalized_ads_buy":0.08333333333333333,"normalized_prize_rent":null,"normalized_ads_rent":0,"date":"2018-12-04T07:25:41.000Z","fill-opacity":0.2649429029747629,"fill":"#ff0000"},"bbox":[-3.58814,40.6155,-3.5932,40.6207],"geometry":{"type":"Polygon","coordinates":[[[-3.58814,40.6207],[-3.5932,40.6207],[-3.5932,40.6155],[-3.58814,40.6155],[-3.58814,40.6207]]]}},{"type":"Feature","properties":{"name":"San Sebastián de los Reyes--piece--16-3--gCloud","number_of_ads_buy":0,"average_prize_buy":0,"number_of_ads_rent":0,"average_prize_rent":0,"normalized_prize_buy":0,"normalized_ads_buy":0,"normalized_prize_rent":null,"normalized_ads_rent":0,"date":"2018-12-04T07:25:52.000Z","fill-opacity":0,"fill":"#ff0000"},"bbox":[-3.58814,40.6103,-3.5932,40.6155],"geometry":{"type":"Polygon","coordinates":[[[-3.58814,40.6155],[-3.5932,40.6155],[-3.5932,40.6103],[-3.58814,40.6103],[-3.58814,40.6155]]]}},{"type":"Feature","properties":{"name":"San Sebastián de los Reyes--piece--16-4--gCloud","number_of_ads_buy":0,"average_prize_buy":0,"number_of_ads_rent":0,"average_prize_rent":0,"normalized_prize_buy":0,"normalized_ads_buy":0,"normalized_prize_rent":null,"normalized_ads_rent":0,"date":"2018-12-04T07:25:58.000Z","fill-opacity":0,"fill":"#ff0000"},"bbox":[-3.58814,40.6051,-3.5932,40.6103],"geometry":{"type":"Polygon","coordinates":[[[-3.58814,40.6103],[-3.5932,40.6103],[-3.5932,40.6051],[-3.58814,40.6051],[-3.58814,40.6103]]]}},{"type":"Feature","properties":{"name":"San Sebastián de los Reyes--piece--16-5--gCloud","number_of_ads_buy":0,"average_prize_buy":0,"number_of_ads_rent":0,"average_prize_rent":0,"normalized_prize_buy":0,"normalized_ads_buy":0,"normalized_prize_rent":null,"normalized_ads_rent":0,"date":"2018-12-04T07:26:03.000Z","fill-opacity":0,"fill":"#ff0000"},"bbox":[-3.58814,40.5999,-3.5932,40.6051],"geometry":{"type":"Polygon","coordinates":[[[-3.58814,40.6051],[-3.5932,40.6051],[-3.5932,40.5999],[-3.58814,40.5999],[-3.58814,40.6051]]]}},{"type":"Feature","properties":{"name":"San Sebastián de los Reyes--piece--16-6--gCloud","number_of_ads_buy":5,"average_prize_buy":292.996,"number_of_ads_rent":0,"average_prize_rent":0,"normalized_prize_buy":0.07755771908369465,"normalized_ads_buy":0.20833333333333334,"normalized_prize_rent":null,"normalized_ads_rent":0,"date":"2018-12-04T07:26:08.000Z","fill-opacity":0.062046175266955716,"fill":"#ff0000"},"bbox":[-3.58814,40.5947,-3.5932,40.5999],"geometry":{"type":"Polygon","coordinates":[[[-3.58814,40.5999],[-3.5932,40.5999],[-3.5932,40.5947],[-3.58814,40.5947],[-3.58814,40.5999]]]}},{"type":"Feature","properties":{"name":"San Sebastián de los Reyes--piece--16-7--gCloud","number_of_ads_buy":14,"average_prize_buy":881.087,"number_of_ads_rent":2,"average_prize_rent":9.08132,"normalized_prize_buy":0.23322877457130906,"normalized_ads_buy":0.5833333333333334,"normalized_prize_rent":null,"normalized_ads_rent":0.08333333333333333,"date":"2018-12-04T07:26:14.000Z","fill-opacity":0.18658301965704727,"fill":"#ff0000"},"bbox":[-3.58814,40.5895,-3.5932,40.5947],"geometry":{"type":"Polygon","coordinates":[[[-3.58814,40.5947],[-3.5932,40.5947],[-3.5932,40.5895],[-3.58814,40.5895],[-3.58814,40.5947]]]}},{"type":"Feature","properties":{"name":"San Sebastián de los Reyes--piece--16-8--gCloud","number_of_ads_buy":8,"average_prize_buy":753.685,"number_of_ads_rent":1,"average_prize_rent":5.53846,"normalized_prize_buy":0.19950473558544962,"normalized_ads_buy":0.3333333333333333,"normalized_prize_rent":null,"normalized_ads_rent":0.041666666666666664,"date":"2018-12-04T07:26:20.000Z","fill-opacity":0.1596037884683597,"fill":"#ff0000"},"bbox":[-3.58814,40.5843,-3.5932,40.5895],"geometry":{"type":"Polygon","coordinates":[[[-3.58814,40.5895],[-3.5932,40.5895],[-3.5932,40.5843],[-3.58814,40.5843],[-3.58814,40.5895]]]}},{"type":"Feature","properties":{"name":"San Sebastián de los Reyes--piece--16-9--gCloud","number_of_ads_buy":6,"average_prize_buy":799.621,"number_of_ads_rent":0,"average_prize_rent":0,"normalized_prize_buy":0.2116642578445542,"normalized_ads_buy":0.25,"normalized_prize_rent":null,"normalized_ads_rent":0,"date":"2018-12-04T07:26:26.000Z","fill-opacity":0.16933140627564336,"fill":"#ff0000"},"bbox":[-3.58814,40.5791,-3.5932,40.5843],"geometry":{"type":"Polygon","coordinates":[[[-3.58814,40.5843],[-3.5932,40.5843],[-3.5932,40.5791],[-3.58814,40.5791],[-3.58814,40.5843]]]}},{"type":"Feature","properties":{"name":"San Sebastián de los Reyes--piece--17-0--gCloud","number_of_ads_buy":0,"average_prize_buy":0,"number_of_ads_rent":0,"average_prize_rent":0,"normalized_prize_buy":0,"normalized_ads_buy":0,"normalized_prize_rent":null,"normalized_ads_rent":0,"date":"2018-12-04T07:26:37.000Z","fill-opacity":0,"fill":"#ff0000"},"bbox":[-3.58308,40.6259,-3.58814,40.6311],"geometry":{"type":"Polygon","coordinates":[[[-3.58308,40.6311],[-3.58814,40.6311],[-3.58814,40.6259],[-3.58308,40.6259],[-3.58308,40.6311]]]}}]}