piece_id,scraping_id,app_id,device_id,date_scraped,average_prize_buy,number_of_ads_buy,average_prize_rent,number_of_ads_rent,extra_data,piece_name,city_name,scraped,bounding_box1_x,bounding_box1_y,bounding_box2_x,bounding_box2_y,center_point_x,center_point_y,geojson_coordinates,method
Alcalá de Henares--piece--0-0--gCloud,"scraping-fotocasa-gCloud--12_7_2018,_7_11_51_AM",fotocasa,gCloud,1544164215000,0,0,0,0,,piece--0-0,Alcalá de Henares,1,-3.41786,40.523,-3.41274,40.5179,-3.4153,40.5204,,
Alcalá de Henares--piece--0-1--gCloud,"scraping-fotocasa-gCloud--12_7_2018,_7_11_51_AM",fotocasa,gCloud,1544164224000,0,0,0,0,,piece--0-1,Alcalá de Henares,1,-3.41786,40.5179,-3.41274,40.5127,-3.4153,40.5153,,
Alcalá de Henares--piece--0-10--gCloud,"scraping-fotocasa-gCloud--12_7_2018,_7_11_51_AM",fotocasa,gCloud,1544164229000,0,0,0,0,,piece--0-10,Alcalá de Henares,1,-3.41786,40.4717,-3.41274,40.4666,-3.4153,40.4692,,
Alcalá de Henares--piece--0-2--gCloud,"scraping-fotocasa-gCloud--12_7_2018,_7_11_51_AM",fotocasa,gCloud,1544164237000,0,0,0,0,,piece--0-2,Alcalá de Henares,1,-3.41786,40.5127,-3.41274,40.5076,-3.4153,40.5102,,
Alcalá de Henares--piece--0-3--gCloud,"scraping-fotocasa-gCloud--12_7_2018,_7_11_51_AM",fotocasa,gCloud,1544164249000,0,0,0,0,,piece--0-3,Alcalá de Henares,1,-3.41786,40.5076,-3.41274,40.5025,-3.4153,40.505,,
Alcalá de Henares--piece--0-4--gCloud,"scraping-fotocasa-gCloud--12_7_2018,_7_11_51_AM",fotocasa,gCloud,1544164254000,0,0,0,0,,piece--0-4,Alcalá de Henares,1,-3.41786,40.5025,-3.41274,40.4974,-3.4153,40.4999,,
Alcalá de Henares--piece--0-5--gCloud,"scraping-fotocasa-gCloud--12_7_2018,_7_11_51_AM",fotocasa,gCloud,1544164265000,0,0,0,0,,piece--0-5,Alcalá de Henares,1,-3.41786,40.4974,-3.41274,40.4922,-3.4153,40.4948,,
Alcalá de Henares--piece--0-6--gCloud,"scraping-fotocasa-gCloud--12_7_2018,_7_11_51_AM",fotocasa,gCloud,1544164276000,0,0,0,0,,piece--0-6,Alcalá de Henares,1,-3.41786,40.4922,-3.41274,40.4871,-3.4153,40.4897,,
Alcalá de Henares--piece--0-7--gCloud,"scraping-fotocasa-gCloud--12_7_2018,_7_11_51_AM",fotocasa,gCloud,1544164284000,0,0,0,0,,piece--0-7,Alcalá de Henares,1,-3.41786,40.4871,-3.41274,40.482,-3.4153,40.4845,,
Alcalá de Henares--piece--0-8--gCloud,"scraping-fotocasa-gCloud--12_7_2018,_7_11_51_AM",fotocasa,gCloud,1544164293000,0,0,0,0,,piece--0-8,Alcalá de Henares,1,-3.41786,40.482,-3.41274,40.4769,-3.4153,40.4794,,
Alcalá de Henares--piece--0-9--gCloud,"scraping-fotocasa-gCloud--12_7_2018,_7_11_51_AM",fotocasa,gCloud,1544164298000,0,0,0,0,,piece--0-9,Alcalá de Henares,1,-3.41786,40.4769,-3.41274,40.4717,-3.4153,40.4743,,
Alcalá de Henares--piece--1-0--gCloud,"scraping-fotocasa-gCloud--12_7_2018,_7_11_51_AM",fotocasa,gCloud,1544164307000,0,0,0,0,,piece--1-0,Alcalá de Henares,1,-3.41274,40.523,-3.40763,40.5179,-3.41018,40.5204,,
Alcalá de Henares--piece--1-1--gCloud,"scraping-fotocasa-gCloud--12_7_2018,_7_11_51_AM",fotocasa,gCloud,1544164315000,0,0,0,0,,piece--1-1,Alcalá de Henares,1,-3.41274,40.5179,-3.40763,40.5127,-3.41018,40.5153,,
Alcalá de Henares--piece--1-10--gCloud,"scraping-fotocasa-gCloud--12_7_2018,_7_11_51_AM",fotocasa,gCloud,1544164324000,1764.71,1,0,0,,piece--1-10,Alcalá de Henares,1,-3.41274,40.4717,-3.40763,40.4666,-3.41018,40.4692,,
Alcalá de Henares--piece--1-2--gCloud,"scraping-fotocasa-gCloud--12_7_2018,_7_11_51_AM",fotocasa,gCloud,1544164335000,0,0,0,0,,piece--1-2,Alcalá de Henares,1,-3.41274,40.5127,-3.40763,40.5076,-3.41018,40.5102,,
Alcalá de Henares--piece--1-3--gCloud,"scraping-fotocasa-gCloud--12_7_2018,_7_11_51_AM",fotocasa,gCloud,1544164344000,0,0,0,0,,piece--1-3,Alcalá de Henares,1,-3.41274,40.5076,-3.40763,40.5025,-3.41018,40.505,,
Alcalá de Henares--piece--1-4--gCloud,"scraping-fotocasa-gCloud--12_7_2018,_7_11_51_AM",fotocasa,gCloud,1544164355000,0,0,0,0,,piece--1-4,Alcalá de Henares,1,-3.41274,40.5025,-3.40763,40.4974,-3.41018,40.4999,,
Alcalá de Henares--piece--1-5--gCloud,"scraping-fotocasa-gCloud--12_7_2018,_7_11_51_AM",fotocasa,gCloud,1544164367000,0,0,0,0,,piece--1-5,Alcalá de Henares,1,-3.41274,40.4974,-3.40763,40.4922,-3.41018,40.4948,,
Alcalá de Henares--piece--1-6--gCloud,"scraping-fotocasa-gCloud--12_7_2018,_7_11_51_AM",fotocasa,gCloud,1544164376000,1187.47,1,8.75,1,,piece--1-6,Alcalá de Henares,1,-3.41274,40.4922,-3.40763,40.4871,-3.41018,40.4897,,
Alcalá de Henares--piece--1-7--gCloud,"scraping-fotocasa-gCloud--12_7_2018,_7_11_51_AM",fotocasa,gCloud,1544164382000,0,0,0,0,,piece--1-7,Alcalá de Henares,1,-3.41274,40.4871,-3.40763,40.482,-3.41018,40.4845,,
Alcalá de Henares--piece--1-8--gCloud,"scraping-fotocasa-gCloud--12_7_2018,_7_11_51_AM",fotocasa,gCloud,1544164394000,0,0,0,0,,piece--1-8,Alcalá de Henares,1,-3.41274,40.482,-3.40763,40.4769,-3.41018,40.4794,,
Alcalá de Henares--piece--1-9--gCloud,"scraping-fotocasa-gCloud--12_7_2018,_7_11_51_AM",fotocasa,gCloud,1544164405000,0,0,0,0,,piece--1-9,Alcalá de Henares,1,-3.41274,40.4769,-3.40763,40.4717,-3.41018,40.4743,,
Alcalá de Henares--piece--10-0--gCloud,"scraping-fotocasa-gCloud--12_7_2018,_7_11_51_AM",fotocasa,gCloud,1544164413000,0,0,0,0,,piece--10-0,Alcalá de Henares,1,-3.36668,40.523,-3.36156,40.5179,-3.36412,40.5204,,
Alcalá de Henares--piece--10-1--gCloud,"scraping-fotocasa-gCloud--12_7_2018,_7_11_51_AM",fotocasa,gCloud,1544164419000,1875.42,7,0,0,,piece--10-1,Alcalá de Henares,1,-3.36668,40.5179,-3.36156,40.5127,-3.36412,40.5153,,
Alcalá de Henares--piece--10-10--gCloud,"scraping-fotocasa-gCloud--12_7_2018,_7_11_51_AM",fotocasa,gCloud,1544164426000,1719.78,29,7.43506,5,,piece--10-10,Alcalá de Henares,1,-3.36668,40.4717,-3.36156,40.4666,-3.36412,40.4692,,
Alcalá de Henares--piece--10-2--gCloud,"scraping-fotocasa-gCloud--12_7_2018,_7_11_51_AM",fotocasa,gCloud,1544164435000,1658.24,20,0,0,,piece--10-2,Alcalá de Henares,1,-3.36668,40.5127,-3.36156,40.5076,-3.36412,40.5102,,
Alcalá de Henares--piece--10-3--gCloud,"scraping-fotocasa-gCloud--12_7_2018,_7_11_51_AM",fotocasa,gCloud,1544164447000,1648.63,6,6.53846,1,,piece--10-3,Alcalá de Henares,1,-3.36668,40.5076,-3.36156,40.5025,-3.36412,40.505,,
Alcalá de Henares--piece--10-4--gCloud,"scraping-fotocasa-gCloud--12_7_2018,_7_11_51_AM",fotocasa,gCloud,1544164453000,1913.56,22,10.6667,1,,piece--10-4,Alcalá de Henares,1,-3.36668,40.5025,-3.36156,40.4974,-3.36412,40.4999,,
Alcalá de Henares--piece--10-5--gCloud,"scraping-fotocasa-gCloud--12_7_2018,_7_11_51_AM",fotocasa,gCloud,1544164462000,1868.85,19,7.49684,2,,piece--10-5,Alcalá de Henares,1,-3.36668,40.4974,-3.36156,40.4922,-3.36412,40.4948,,
Alcalá de Henares--piece--10-6--gCloud,"scraping-fotocasa-gCloud--12_7_2018,_7_11_51_AM",fotocasa,gCloud,1544164468000,2024.43,20,8.09689,6,,piece--10-6,Alcalá de Henares,1,-3.36668,40.4922,-3.36156,40.4871,-3.36412,40.4897,,
Alcalá de Henares--piece--10-7--gCloud,"scraping-fotocasa-gCloud--12_7_2018,_7_11_51_AM",fotocasa,gCloud,1544164476000,2137.05,30,8.0888,7,,piece--10-7,Alcalá de Henares,1,-3.36668,40.4871,-3.36156,40.482,-3.36412,40.4845,,
Alcalá de Henares--piece--10-8--gCloud,"scraping-fotocasa-gCloud--12_7_2018,_7_11_51_AM",fotocasa,gCloud,1544164485000,2222.68,23,10.4966,7,,piece--10-8,Alcalá de Henares,1,-3.36668,40.482,-3.36156,40.4769,-3.36412,40.4794,,
Alcalá de Henares--piece--10-9--gCloud,"scraping-fotocasa-gCloud--12_7_2018,_7_11_51_AM",fotocasa,gCloud,1544164496000,1848.98,14,8.64197,7,,piece--10-9,Alcalá de Henares,1,-3.36668,40.4769,-3.36156,40.4717,-3.36412,40.4743,,
Alcalá de Henares--piece--11-0--gCloud,"scraping-fotocasa-gCloud--12_7_2018,_7_11_51_AM",fotocasa,gCloud,1544164505000,0,0,0,0,,piece--11-0,Alcalá de Henares,1,-3.36156,40.523,-3.35644,40.5179,-3.359,40.5204,,
Alcalá de Henares--piece--11-1--gCloud,"scraping-fotocasa-gCloud--12_7_2018,_7_11_51_AM",fotocasa,gCloud,1544164513000,0,0,0,0,,piece--11-1,Alcalá de Henares,1,-3.36156,40.5179,-3.35644,40.5127,-3.359,40.5153,,
Alcalá de Henares--piece--11-10--gCloud,"scraping-fotocasa-gCloud--12_7_2018,_7_11_51_AM",fotocasa,gCloud,1544164522000,0,0,6.5,1,,piece--11-10,Alcalá de Henares,1,-3.36156,40.4717,-3.35644,40.4666,-3.359,40.4692,,
Alcalá de Henares--piece--11-2--gCloud,"scraping-fotocasa-gCloud--12_7_2018,_7_11_51_AM",fotocasa,gCloud,1544164528000,1886.73,13,0,0,,piece--11-2,Alcalá de Henares,1,-3.36156,40.5127,-3.35644,40.5076,-3.359,40.5102,,
Alcalá de Henares--piece--11-3--gCloud,"scraping-fotocasa-gCloud--12_7_2018,_7_11_51_AM",fotocasa,gCloud,1544164537000,1443.64,1,0,0,,piece--11-3,Alcalá de Henares,1,-3.36156,40.5076,-3.35644,40.5025,-3.359,40.505,,
Alcalá de Henares--piece--11-4--gCloud,"scraping-fotocasa-gCloud--12_7_2018,_7_11_51_AM",fotocasa,gCloud,1544164542000,1706.83,3,0,0,,piece--11-4,Alcalá de Henares,1,-3.36156,40.5025,-3.35644,40.4974,-3.359,40.4999,,
Alcalá de Henares--piece--11-5--gCloud,"scraping-fotocasa-gCloud--12_7_2018,_7_11_51_AM",fotocasa,gCloud,1544164548000,1988.64,1,0,0,,piece--11-5,Alcalá de Henares,1,-3.36156,40.4974,-3.35644,40.4922,-3.359,40.4948,,
Alcalá de Henares--piece--11-6--gCloud,"scraping-fotocasa-gCloud--12_7_2018,_7_11_51_AM",fotocasa,gCloud,1544164555000,1852.52,28,10.6,1,,piece--11-6,Alcalá de Henares,1,-3.36156,40.4922,-3.35644,40.4871,-3.359,40.4897,,
Alcalá de Henares--piece--11-7--gCloud,"scraping-fotocasa-gCloud--12_7_2018,_7_11_51_AM",fotocasa,gCloud,1544164565000,1925.32,30,9.70587,7,,piece--11-7,Alcalá de Henares,1,-3.36156,40.4871,-3.35644,40.482,-3.359,40.4845,,
Alcalá de Henares--piece--11-8--gCloud,"scraping-fotocasa-gCloud--12_7_2018,_7_11_51_AM",fotocasa,gCloud,1544164571000,2011.33,4,10.7692,1,,piece--11-8,Alcalá de Henares,1,-3.36156,40.482,-3.35644,40.4769,-3.359,40.4794,,
Alcalá de Henares--piece--11-9--gCloud,"scraping-fotocasa-gCloud--12_7_2018,_7_11_51_AM",fotocasa,gCloud,1544164580000,2063.2,9,0,0,,piece--11-9,Alcalá de Henares,1,-3.36156,40.4769,-3.35644,40.4717,-3.359,40.4743,,
Alcalá de Henares--piece--12-0--gCloud,"scraping-fotocasa-gCloud--12_7_2018,_7_11_51_AM",fotocasa,gCloud,1544164588000,0,0,0,0,,piece--12-0,Alcalá de Henares,1,-3.35644,40.523,-3.35132,40.5179,-3.35388,40.5204,,
Alcalá de Henares--piece--12-1--gCloud,"scraping-fotocasa-gCloud--12_7_2018,_7_11_51_AM",fotocasa,gCloud,1544164593000,0,0,0,0,,piece--12-1,Alcalá de Henares,1,-3.35644,40.5179,-3.35132,40.5127,-3.35388,40.5153,,
Alcalá de Henares--piece--12-10--gCloud,"scraping-fotocasa-gCloud--12_7_2018,_7_11_51_AM",fotocasa,gCloud,1544164605000,0,0,0,0,,piece--12-10,Alcalá de Henares,1,-3.35644,40.4717,-3.35132,40.4666,-3.35388,40.4692,,
Alcalá de Henares--piece--12-2--gCloud,"scraping-fotocasa-gCloud--12_7_2018,_7_11_51_AM",fotocasa,gCloud,1544164611000,1692.88,12,7.51025,3,,piece--12-2,Alcalá de Henares,1,-3.35644,40.5127,-3.35132,40.5076,-3.35388,40.5102,,
Alcalá de Henares--piece--12-3--gCloud,"scraping-fotocasa-gCloud--12_7_2018,_7_11_51_AM",fotocasa,gCloud,1544164619000,0,0,5.95,1,,piece--12-3,Alcalá de Henares,1,-3.35644,40.5076,-3.35132,40.5025,-3.35388,40.505,,
Alcalá de Henares--piece--12-4--gCloud,"scraping-fotocasa-gCloud--12_7_2018,_7_11_51_AM",fotocasa,gCloud,1544164631000,0,0,0,0,,piece--12-4,Alcalá de Henares,1,-3.35644,40.5025,-3.35132,40.4974,-3.35388,40.4999,,
Alcalá de Henares--piece--12-5--gCloud,"scraping-fotocasa-gCloud--12_7_2018,_7_11_51_AM",fotocasa,gCloud,1544164643000,2217.51,5,10.1648,1,,piece--12-5,Alcalá de Henares,1,-3.35644,40.4974,-3.35132,40.4922,-3.35388,40.4948,,
Alcalá de Henares--piece--12-6--gCloud,"scraping-fotocasa-gCloud--12_7_2018,_7_11_51_AM",fotocasa,gCloud,1544164656000,2013.61,17,7.90428,3,,piece--12-6,Alcalá de Henares,1,-3.35644,40.4922,-3.35132,40.4871,-3.35388,40.4897,,
Alcalá de Henares--piece--12-7--gCloud,"scraping-fotocasa-gCloud--12_7_2018,_7_11_51_AM",fotocasa,gCloud,1544164663000,1785.89,30,9.33908,2,,piece--12-7,Alcalá de Henares,1,-3.35644,40.4871,-3.35132,40.482,-3.35388,40.4845,,
Alcalá de Henares--piece--12-8--gCloud,"scraping-fotocasa-gCloud--12_7_2018,_7_11_51_AM",fotocasa,gCloud,1544164673000,2199.71,3,8.2248,3,,piece--12-8,Alcalá de Henares,1,-3.35644,40.482,-3.35132,40.4769,-3.35388,40.4794,,
Alcalá de Henares--piece--12-9--gCloud,"scraping-fotocasa-gCloud--12_7_2018,_7_11_51_AM",fotocasa,gCloud,1544164681000,0,0,0,0,,piece--12-9,Alcalá de Henares,1,-3.35644,40.4769,-3.35132,40.4717,-3.35388,40.4743,,
Alcalá de Henares--piece--13-0--gCloud,"scraping-fotocasa-gCloud--12_7_2018,_7_11_51_AM",fotocasa,gCloud,1544164687000,0,0,0,0,,piece--13-0,Alcalá de Henares,1,-3.35132,40.523,-3.3462,40.5179,-3.34876,40.5204,,
Alcalá de Henares--piece--13-1--gCloud,"scraping-fotocasa-gCloud--12_7_2018,_7_11_51_AM",fotocasa,gCloud,1544164695000,0,0,0,0,,piece--13-1,Alcalá de Henares,1,-3.35132,40.5179,-3.3462,40.5127,-3.34876,40.5153,,
Alcalá de Henares--piece--13-10--gCloud,"scraping-fotocasa-gCloud--12_7_2018,_7_11_51_AM",fotocasa,gCloud,1544164703000,0,0,0,0,,piece--13-10,Alcalá de Henares,1,-3.35132,40.4717,-3.3462,40.4666,-3.34876,40.4692,,
Alcalá de Henares--piece--13-2--gCloud,"scraping-fotocasa-gCloud--12_7_2018,_7_11_51_AM",fotocasa,gCloud,1544164714000,0,0,0,0,,piece--13-2,Alcalá de Henares,1,-3.35132,40.5127,-3.3462,40.5076,-3.34876,40.5102,,
Alcalá de Henares--piece--13-3--gCloud,"scraping-fotocasa-gCloud--12_7_2018,_7_11_51_AM",fotocasa,gCloud,1544164720000,0,0,0,0,,piece--13-3,Alcalá de Henares,1,-3.35132,40.5076,-3.3462,40.5025,-3.34876,40.505,,
Alcalá de Henares--piece--13-4--gCloud,"scraping-fotocasa-gCloud--12_7_2018,_7_11_51_AM",fotocasa,gCloud,1544164729000,1762.93,7,7.03402,5,,piece--13-4,Alcalá de Henares,1,-3.35132,40.5025,-3.3462,40.4974,-3.34876,40.4999,,
Alcalá de Henares--piece--13-5--gCloud,"scraping-fotocasa-gCloud--12_7_2018,_7_11_51_AM",fotocasa,gCloud,1544164735000,1881.63,7,8.70373,5,,piece--13-5,Alcalá de Henares,1,-3.35132,40.4974,-3.3462,40.4922,-3.34876,40.4948,,
Alcalá de Henares--piece--13-6--gCloud,"scraping-fotocasa-gCloud--12_7_2018,_7_11_51_AM",fotocasa,gCloud,1544164745000,2086.56,17,7.82609,1,,piece--13-6,Alcalá de Henares,1,-3.35132,40.4922,-3.3462,40.4871,-3.34876,40.4897,,
Alcalá de Henares--piece--13-7--gCloud,"scraping-fotocasa-gCloud--12_7_2018,_7_11_51_AM",fotocasa,gCloud,1544164754000,1957.4,17,7.54265,2,,piece--13-7,Alcalá de Henares,1,-3.35132,40.4871,-3.3462,40.482,-3.34876,40.4845,,
Alcalá de Henares--piece--13-8--gCloud,"scraping-fotocasa-gCloud--12_7_2018,_7_11_51_AM",fotocasa,gCloud,1544164766000,1695.8,7,0,0,,piece--13-8,Alcalá de Henares,1,-3.35132,40.482,-3.3462,40.4769,-3.34876,40.4794,,
Alcalá de Henares--piece--13-9--gCloud,"scraping-fotocasa-gCloud--12_7_2018,_7_11_51_AM",fotocasa,gCloud,1544164771000,0,0,0,0,,piece--13-9,Alcalá de Henares,1,-3.35132,40.4769,-3.3462,40.4717,-3.34876,40.4743,,
Alcalá de Henares--piece--14-0--gCloud,"scraping-fotocasa-gCloud--12_7_2018,_7_11_51_AM",fotocasa,gCloud,1544164780000,0,0,0,0,,piece--14-0,Alcalá de Henares,1,-3.3462,40.523,-3.34108,40.5179,-3.34364,40.5204,,
Alcalá de Henares--piece--14-1--gCloud,"scraping-fotocasa-gCloud--12_7_2018,_7_11_51_AM",fotocasa,gCloud,1544164788000,0,0,0,0,,piece--14-1,Alcalá de Henares,1,-3.3462,40.5179,-3.34108,40.5127,-3.34364,40.5153,,
Alcalá de Henares--piece--14-10--gCloud,"scraping-fotocasa-gCloud--12_7_2018,_7_11_51_AM",fotocasa,gCloud,1544164796000,0,0,0,0,,piece--14-10,Alcalá de Henares,1,-3.3462,40.4717,-3.34108,40.4666,-3.34364,40.4692,,
Alcalá de Henares--piece--14-2--gCloud,"scraping-fotocasa-gCloud--12_7_2018,_7_11_51_AM",fotocasa,gCloud,1544164805000,0,0,0,0,,piece--14-2,Alcalá de Henares,1,-3.3462,40.5127,-3.34108,40.5076,-3.34364,40.5102,,
Alcalá de Henares--piece--14-3--gCloud,"scraping-fotocasa-gCloud--12_7_2018,_7_11_51_AM",fotocasa,gCloud,1544164810000,0,0,0,0,,piece--14-3,Alcalá de Henares,1,-3.3462,40.5076,-3.34108,40.5025,-3.34364,40.505,,
Alcalá de Henares--piece--14-4--gCloud,"scraping-fotocasa-gCloud--12_7_2018,_7_11_51_AM",fotocasa,gCloud,1544164818000,0,0,0,0,,piece--14-4,Alcalá de Henares,1,-3.3462,40.5025,-3.34108,40.4974,-3.34364,40.4999,,
Alcalá de Henares--piece--14-5--gCloud,"scraping-fotocasa-gCloud--12_7_2018,_7_11_51_AM",fotocasa,gCloud,1544164827000,0,0,0,0,,piece--14-5,Alcalá de Henares,1,-3.3462,40.4974,-3.34108,40.4922,-3.34364,40.4948,,
Alcalá de Henares--piece--14-6--gCloud,"scraping-fotocasa-gCloud--12_7_2018,_7_11_51_AM",fotocasa,gCloud,1544164838000,1546.46,2,0,0,,piece--14-6,Alcalá de Henares,1,-3.3462,40.4922,-3.34108,40.4871,-3.34364,40.4897,,
Alcalá de Henares--piece--14-7--gCloud,"scraping-fotocasa-gCloud--12_7_2018,_7_11_51_AM",fotocasa,gCloud,1544164847000,1812.25,19,0,0,,piece--14-7,Alcalá de Henares,1,-3.3462,40.4871,-3.34108,40.482,-3.34364,40.4845,,
Alcalá de Henares--piece--14-8--gCloud,"scraping-fotocasa-gCloud--12_7_2018,_7_11_51_AM",fotocasa,gCloud,1544164852000,0,0,0,0,,piece--14-8,Alcalá de Henares,1,-3.3462,40.482,-3.34108,40.4769,-3.34364,40.4794,,
Alcalá de Henares--piece--14-9--gCloud,"scraping-fotocasa-gCloud--12_7_2018,_7_11_51_AM",fotocasa,gCloud,1544164861000,0,0,0,0,,piece--14-9,Alcalá de Henares,1,-3.3462,40.4769,-3.34108,40.4717,-3.34364,40.4743,,
Alcalá de Henares--piece--15-0--gCloud,"scraping-fotocasa-gCloud--12_7_2018,_7_11_51_AM",fotocasa,gCloud,1544164869000,0,0,0,0,,piece--15-0,Alcalá de Henares,1,-3.34108,40.523,-3.33596,40.5179,-3.33852,40.5204,,
Alcalá de Henares--piece--15-1--gCloud,"scraping-fotocasa-gCloud--12_7_2018,_7_11_51_AM",fotocasa,gCloud,1544164877000,0,0,0,0,,piece--15-1,Alcalá de Henares,1,-3.34108,40.5179,-3.33596,40.5127,-3.33852,40.5153,,
Alcalá de Henares--piece--15-10--gCloud,"scraping-fotocasa-gCloud--12_7_2018,_7_11_51_AM",fotocasa,gCloud,1544164885000,0,0,0,0,,piece--15-10,Alcalá de Henares,1,-3.34108,40.4717,-3.33596,40.4666,-3.33852,40.4692,,
Alcalá de Henares--piece--15-2--gCloud,"scraping-fotocasa-gCloud--12_7_2018,_7_11_51_AM",fotocasa,gCloud,1544164893000,2200,1,0,0,,piece--15-2,Alcalá de Henares,1,-3.34108,40.5127,-3.33596,40.5076,-3.33852,40.5102,,
Alcalá de Henares--piece--15-3--gCloud,"scraping-fotocasa-gCloud--12_7_2018,_7_11_51_AM",fotocasa,gCloud,1544164902000,1400,1,5.625,1,,piece--15-3,Alcalá de Henares,1,-3.34108,40.5076,-3.33596,40.5025,-3.33852,40.505,,
Alcalá de Henares--piece--15-4--gCloud,"scraping-fotocasa-gCloud--12_7_2018,_7_11_51_AM",fotocasa,gCloud,1544164913000,0,0,0,0,,piece--15-4,Alcalá de Henares,1,-3.34108,40.5025,-3.33596,40.4974,-3.33852,40.4999,,
Alcalá de Henares--piece--15-5--gCloud,"scraping-fotocasa-gCloud--12_7_2018,_7_11_51_AM",fotocasa,gCloud,1544164921000,0,0,0,0,,piece--15-5,Alcalá de Henares,1,-3.34108,40.4974,-3.33596,40.4922,-3.33852,40.4948,,
Alcalá de Henares--piece--15-6--gCloud,"scraping-fotocasa-gCloud--12_7_2018,_7_11_51_AM",fotocasa,gCloud,1544164929000,2002.98,4,0,0,,piece--15-6,Alcalá de Henares,1,-3.34108,40.4922,-3.33596,40.4871,-3.33852,40.4897,,
Alcalá de Henares--piece--15-7--gCloud,"scraping-fotocasa-gCloud--12_7_2018,_7_11_51_AM",fotocasa,gCloud,1544164938000,1907.79,8,0,0,,piece--15-7,Alcalá de Henares,1,-3.34108,40.4871,-3.33596,40.482,-3.33852,40.4845,,
Alcalá de Henares--piece--15-8--gCloud,"scraping-fotocasa-gCloud--12_7_2018,_7_11_51_AM",fotocasa,gCloud,1544164944000,0,0,0,0,,piece--15-8,Alcalá de Henares,1,-3.34108,40.482,-3.33596,40.4769,-3.33852,40.4794,,
Alcalá de Henares--piece--15-9--gCloud,"scraping-fotocasa-gCloud--12_7_2018,_7_11_51_AM",fotocasa,gCloud,1544164952000,0,0,0,0,,piece--15-9,Alcalá de Henares,1,-3.34108,40.4769,-3.33596,40.4717,-3.33852,40.4743,,
Alcalá de Henares--piece--16-0--gCloud,"scraping-fotocasa-gCloud--12_7_2018,_7_11_51_AM",fotocasa,gCloud,1544164963000,0,0,0,0,,piece--16-0,Alcalá de Henares,1,-3.33596,40.523,-3.33085,40.5179,-3.3334,40.5204,,
Alcalá de Henares--piece--16-1--gCloud,"scraping-fotocasa-gCloud--12_7_2018,_7_11_51_AM",fotocasa,gCloud,1544164974000,0,0,0,0,,piece--16-1,Alcalá de Henares,1,-3.33596,40.5179,-3.33085,40.5127,-3.3334,40.5153,,
Alcalá de Henares--piece--16-10--gCloud,"scraping-fotocasa-gCloud--12_7_2018,_7_11_51_AM",fotocasa,gCloud,1544164982000,0,0,0,0,,piece--16-10,Alcalá de Henares,1,-3.33596,40.4717,-3.33085,40.4666,-3.3334,40.4692,,
Alcalá de Henares--piece--16-2--gCloud,"scraping-fotocasa-gCloud--12_7_2018,_7_11_51_AM",fotocasa,gCloud,1544164991000,0,0,0,0,,piece--16-2,Alcalá de Henares,1,-3.33596,40.5127,-3.33085,40.5076,-3.3334,40.5102,,
Alcalá de Henares--piece--16-3--gCloud,"scraping-fotocasa-gCloud--12_7_2018,_7_11_51_AM",fotocasa,gCloud,1544164999000,0,0,0,0,,piece--16-3,Alcalá de Henares,1,-3.33596,40.5076,-3.33085,40.5025,-3.3334,40.505,,
Alcalá de Henares--piece--16-4--gCloud,"scraping-fotocasa-gCloud--12_7_2018,_7_11_51_AM",fotocasa,gCloud,1544165010000,0,0,0,0,,piece--16-4,Alcalá de Henares,1,-3.33596,40.5025,-3.33085,40.4974,-3.3334,40.4999,,
Alcalá de Henares--piece--16-5--gCloud,"scraping-fotocasa-gCloud--12_7_2018,_7_11_51_AM",fotocasa,gCloud,1544165019000,0,0,0,0,,piece--16-5,Alcalá de Henares,1,-3.33596,40.4974,-3.33085,40.4922,-3.3334,40.4948,,
Alcalá de Henares--piece--16-6--gCloud,"scraping-fotocasa-gCloud--12_7_2018,_7_11_51_AM",fotocasa,gCloud,1544165030000,0,0,0,0,,piece--16-6,Alcalá de Henares,1,-3.33596,40.4922,-3.33085,40.4871,-3.3334,40.4897,,
Alcalá de Henares--piece--16-7--gCloud,"scraping-fotocasa-gCloud--12_7_2018,_7_11_51_AM",fotocasa,gCloud,1544165038000,0,0,0,0,,piece--16-7,Alcalá de Henares,1,-3.33596,40.4871,-3.33085,40.482,-3.3334,40.4845,,
Alcalá de Henares--piece--16-8--gCloud,"scraping-fotocasa-gCloud--12_7_2018,_7_11_51_AM",fotocasa,gCloud,1544165047000,0,0,0,0,,piece--16-8,Alcalá de Henares,1,-3.33596,40.482,-3.33085,40.4769,-3.3334,40.4794,,
Alcalá de Henares--piece--16-9--gCloud,"scraping-fotocasa-gCloud--12_7_2018,_7_11_51_AM",fotocasa,gCloud,1544165056000,0,0,0,0,,piece--16-9,Alcalá de Henares,1,-3.33596,40.4769,-3.33085,40.4717,-3.3334,40.4743,,
Alcalá de Henares--piece--17-0--gCloud,"scraping-fotocasa-gCloud--12_7_2018,_7_11_51_AM",fotocasa,gCloud,1544165064000,0,0,0,0,,piece--17-0,Alcalá de Henares,1,-3.33085,40.523,-3.32573,40.5179,-3.32829,40.5204,,
Alcalá de Henares--piece--17-1--gCloud,"scraping-fotocasa-gCloud--12_7_2018,_7_11_51_AM",fotocasa,gCloud,1544165072000,0,0,0,0,,piece--17-1,Alcalá de Henares,1,-3.33085,40.5179,-3.32573,40.5127,-3.32829,40.5153,,
Alcalá de Henares--piece--17-10--gCloud,"scraping-fotocasa-gCloud--12_7_2018,_7_11_51_AM",fotocasa,gCloud,1544165078000,0,0,0,0,,piece--17-10,Alcalá de Henares,1,-3.33085,40.4717,-3.32573,40.4666,-3.32829,40.4692,,
Alcalá de Henares--piece--17-2--gCloud,"scraping-fotocasa-gCloud--12_7_2018,_7_11_51_AM",fotocasa,gCloud,1544165083000,0,0,0,0,,piece--17-2,Alcalá de Henares,1,-3.33085,40.5127,-3.32573,40.5076,-3.32829,40.5102,,
Alcalá de Henares--piece--17-3--gCloud,"scraping-fotocasa-gCloud--12_7_2018,_7_11_51_AM",fotocasa,gCloud,1544165092000,0,0,0,0,,piece--17-3,Alcalá de Henares,1,-3.33085,40.5076,-3.32573,40.5025,-3.32829,40.505,,
Alcalá de Henares--piece--17-4--gCloud,"scraping-fotocasa-gCloud--12_7_2018,_7_11_51_AM",fotocasa,gCloud,1544165100000,0,0,0,0,,piece--17-4,Alcalá de Henares,1,-3.33085,40.5025,-3.32573,40.4974,-3.32829,40.4999,,
Alcalá de Henares--piece--17-5--gCloud,"scraping-fotocasa-gCloud--12_7_2018,_7_11_51_AM",fotocasa,gCloud,1544165108000,0,0,0,0,,piece--17-5,Alcalá de Henares,1,-3.33085,40.4974,-3.32573,40.4922,-3.32829,40.4948,,
Alcalá de Henares--piece--17-6--gCloud,"scraping-fotocasa-gCloud--12_7_2018,_7_11_51_AM",fotocasa,gCloud,1544165116000,0,0,0,0,,piece--17-6,Alcalá de Henares,1,-3.33085,40.4922,-3.32573,40.4871,-3.32829,40.4897,,
Alcalá de Henares--piece--17-7--gCloud,"scraping-fotocasa-gCloud--12_7_2018,_7_11_51_AM",fotocasa,gCloud,1544165125000,0,0,0,0,,piece--17-7,Alcalá de Henares,1,-3.33085,40.4871,-3.32573,40.482,-3.32829,40.4845,,
Alcalá de Henares--piece--17-8--gCloud,"scraping-fotocasa-gCloud--12_7_2018,_7_11_51_AM",fotocasa,gCloud,1544165133000,1714.29,1,0,0,,piece--17-8,Alcalá de Henares,1,-3.33085,40.482,-3.32573,40.4769,-3.32829,40.4794,,
Alcalá de Henares--piece--17-9--gCloud,"scraping-fotocasa-gCloud--12_7_2018,_7_11_51_AM",fotocasa,gCloud,1544165142000,0,0,0,0,,piece--17-9,Alcalá de Henares,1,-3.33085,40.4769,-3.32573,40.4717,-3.32829,40.4743,,
Alcalá de Henares--piece--18-0--gCloud,"scraping-fotocasa-gCloud--12_7_2018,_7_11_51_AM",fotocasa,gCloud,1544165147000,0,0,0,0,,piece--18-0,Alcalá de Henares,1,-3.32573,40.523,-3.32061,40.5179,-3.32317,40.5204,,
Alcalá de Henares--piece--18-1--gCloud,"scraping-fotocasa-gCloud--12_7_2018,_7_11_51_AM",fotocasa,gCloud,1544165158000,0,0,0,0,,piece--18-1,Alcalá de Henares,1,-3.32573,40.5179,-3.32061,40.5127,-3.32317,40.5153,,
Alcalá de Henares--piece--18-10--gCloud,"scraping-fotocasa-gCloud--12_7_2018,_7_11_51_AM",fotocasa,gCloud,1544165163000,0,0,0,0,,piece--18-10,Alcalá de Henares,1,-3.32573,40.4717,-3.32061,40.4666,-3.32317,40.4692,,
Alcalá de Henares--piece--18-2--gCloud,"scraping-fotocasa-gCloud--12_7_2018,_7_11_51_AM",fotocasa,gCloud,1544165172000,0,0,0,0,,piece--18-2,Alcalá de Henares,1,-3.32573,40.5127,-3.32061,40.5076,-3.32317,40.5102,,
Alcalá de Henares--piece--18-3--gCloud,"scraping-fotocasa-gCloud--12_7_2018,_7_11_51_AM",fotocasa,gCloud,1544165177000,0,0,0,0,,piece--18-3,Alcalá de Henares,1,-3.32573,40.5076,-3.32061,40.5025,-3.32317,40.505,,
Alcalá de Henares--piece--18-4--gCloud,"scraping-fotocasa-gCloud--12_7_2018,_7_11_51_AM",fotocasa,gCloud,1544165185000,0,0,0,0,,piece--18-4,Alcalá de Henares,1,-3.32573,40.5025,-3.32061,40.4974,-3.32317,40.4999,,
Alcalá de Henares--piece--18-5--gCloud,"scraping-fotocasa-gCloud--12_7_2018,_7_11_51_AM",fotocasa,gCloud,1544165197000,0,0,0,0,,piece--18-5,Alcalá de Henares,1,-3.32573,40.4974,-3.32061,40.4922,-3.32317,40.4948,,
Alcalá de Henares--piece--18-6--gCloud,"scraping-fotocasa-gCloud--12_7_2018,_7_11_51_AM",fotocasa,gCloud,1544165205000,0,0,0,0,,piece--18-6,Alcalá de Henares,1,-3.32573,40.4922,-3.32061,40.4871,-3.32317,40.4897,,
Alcalá de Henares--piece--18-7--gCloud,"scraping-fotocasa-gCloud--12_7_2018,_7_11_51_AM",fotocasa,gCloud,1544165213000,0,0,0,0,,piece--18-7,Alcalá de Henares,1,-3.32573,40.4871,-3.32061,40.482,-3.32317,40.4845,,
Alcalá de Henares--piece--18-8--gCloud,"scraping-fotocasa-gCloud--12_7_2018,_7_11_51_AM",fotocasa,gCloud,1544165218000,0,0,0,0,,piece--18-8,Alcalá de Henares,1,-3.32573,40.482,-3.32061,40.4769,-3.32317,40.4794,,
Alcalá de Henares--piece--18-9--gCloud,"scraping-fotocasa-gCloud--12_7_2018,_7_11_51_AM",fotocasa,gCloud,1544165227000,0,0,0,0,,piece--18-9,Alcalá de Henares,1,-3.32573,40.4769,-3.32061,40.4717,-3.32317,40.4743,,
Alcalá de Henares--piece--19-0--gCloud,"scraping-fotocasa-gCloud--12_7_2018,_7_11_51_AM",fotocasa,gCloud,1544165235000,0,0,0,0,,piece--19-0,Alcalá de Henares,1,-3.32061,40.523,-3.31549,40.5179,-3.31805,40.5204,,
Alcalá de Henares--piece--19-1--gCloud,"scraping-fotocasa-gCloud--12_7_2018,_7_11_51_AM",fotocasa,gCloud,1544165240000,0,0,0,0,,piece--19-1,Alcalá de Henares,1,-3.32061,40.5179,-3.31549,40.5127,-3.31805,40.5153,,
Alcalá de Henares--piece--19-10--gCloud,"scraping-fotocasa-gCloud--12_7_2018,_7_11_51_AM",fotocasa,gCloud,1544165251000,0,0,0,0,,piece--19-10,Alcalá de Henares,1,-3.32061,40.4717,-3.31549,40.4666,-3.31805,40.4692,,
Alcalá de Henares--piece--19-2--gCloud,"scraping-fotocasa-gCloud--12_7_2018,_7_11_51_AM",fotocasa,gCloud,1544165257000,0,0,0,0,,piece--19-2,Alcalá de Henares,1,-3.32061,40.5127,-3.31549,40.5076,-3.31805,40.5102,,
Alcalá de Henares--piece--19-3--gCloud,"scraping-fotocasa-gCloud--12_7_2018,_7_11_51_AM",fotocasa,gCloud,1544165262000,802.778,1,0,0,,piece--19-3,Alcalá de Henares,1,-3.32061,40.5076,-3.31549,40.5025,-3.31805,40.505,,
Alcalá de Henares--piece--19-4--gCloud,"scraping-fotocasa-gCloud--12_7_2018,_7_11_51_AM",fotocasa,gCloud,1544165267000,0,0,0,0,,piece--19-4,Alcalá de Henares,1,-3.32061,40.5025,-3.31549,40.4974,-3.31805,40.4999,,
Alcalá de Henares--piece--19-5--gCloud,"scraping-fotocasa-gCloud--12_7_2018,_7_11_51_AM",fotocasa,gCloud,1544165273000,0,0,0,0,,piece--19-5,Alcalá de Henares,1,-3.32061,40.4974,-3.31549,40.4922,-3.31805,40.4948,,
Alcalá de Henares--piece--19-6--gCloud,"scraping-fotocasa-gCloud--12_7_2018,_7_11_51_AM",fotocasa,gCloud,1544165278000,0,0,0,0,,piece--19-6,Alcalá de Henares,1,-3.32061,40.4922,-3.31549,40.4871,-3.31805,40.4897,,
Alcalá de Henares--piece--19-7--gCloud,"scraping-fotocasa-gCloud--12_7_2018,_7_11_51_AM",fotocasa,gCloud,1544165283000,0,0,0,0,,piece--19-7,Alcalá de Henares,1,-3.32061,40.4871,-3.31549,40.482,-3.31805,40.4845,,
Alcalá de Henares--piece--19-8--gCloud,"scraping-fotocasa-gCloud--12_7_2018,_7_11_51_AM",fotocasa,gCloud,1544165288000,0,0,0,0,,piece--19-8,Alcalá de Henares,1,-3.32061,40.482,-3.31549,40.4769,-3.31805,40.4794,,
Alcalá de Henares--piece--19-9--gCloud,"scraping-fotocasa-gCloud--12_7_2018,_7_11_51_AM",fotocasa,gCloud,1544165294000,0,0,0,0,,piece--19-9,Alcalá de Henares,1,-3.32061,40.4769,-3.31549,40.4717,-3.31805,40.4743,,
Alcalá de Henares--piece--2-0--gCloud,"scraping-fotocasa-gCloud--12_7_2018,_7_11_51_AM",fotocasa,gCloud,1544165305000,5831.78,1,0,0,,piece--2-0,Alcalá de Henares,1,-3.40763,40.523,-3.40251,40.5179,-3.40507,40.5204,,
Alcalá de Henares--piece--2-1--gCloud,"scraping-fotocasa-gCloud--12_7_2018,_7_11_51_AM",fotocasa,gCloud,1544165313000,0,0,0,0,,piece--2-1,Alcalá de Henares,1,-3.40763,40.5179,-3.40251,40.5127,-3.40507,40.5153,,
Alcalá de Henares--piece--2-10--gCloud,"scraping-fotocasa-gCloud--12_7_2018,_7_11_51_AM",fotocasa,gCloud,1544165318000,0,0,0,0,,piece--2-10,Alcalá de Henares,1,-3.40763,40.4717,-3.40251,40.4666,-3.40507,40.4692,,
Alcalá de Henares--piece--2-2--gCloud,"scraping-fotocasa-gCloud--12_7_2018,_7_11_51_AM",fotocasa,gCloud,1544165324000,0,0,0,0,,piece--2-2,Alcalá de Henares,1,-3.40763,40.5127,-3.40251,40.5076,-3.40507,40.5102,,
Alcalá de Henares--piece--2-3--gCloud,"scraping-fotocasa-gCloud--12_7_2018,_7_11_51_AM",fotocasa,gCloud,1544165332000,0,0,0,0,,piece--2-3,Alcalá de Henares,1,-3.40763,40.5076,-3.40251,40.5025,-3.40507,40.505,,
Alcalá de Henares--piece--2-4--gCloud,"scraping-fotocasa-gCloud--12_7_2018,_7_11_51_AM",fotocasa,gCloud,1544165344000,0,0,0,0,,piece--2-4,Alcalá de Henares,1,-3.40763,40.5025,-3.40251,40.4974,-3.40507,40.4999,,
Alcalá de Henares--piece--2-5--gCloud,"scraping-fotocasa-gCloud--12_7_2018,_7_11_51_AM",fotocasa,gCloud,1544165352000,0,0,0,0,,piece--2-5,Alcalá de Henares,1,-3.40763,40.4974,-3.40251,40.4922,-3.40507,40.4948,,
Alcalá de Henares--piece--2-6--gCloud,"scraping-fotocasa-gCloud--12_7_2018,_7_11_51_AM",fotocasa,gCloud,1544165363000,0,0,0,0,,piece--2-6,Alcalá de Henares,1,-3.40763,40.4922,-3.40251,40.4871,-3.40507,40.4897,,
Alcalá de Henares--piece--2-7--gCloud,"scraping-fotocasa-gCloud--12_7_2018,_7_11_51_AM",fotocasa,gCloud,1544165369000,0,0,0,0,,piece--2-7,Alcalá de Henares,1,-3.40763,40.4871,-3.40251,40.482,-3.40507,40.4845,,
Alcalá de Henares--piece--2-8--gCloud,"scraping-fotocasa-gCloud--12_7_2018,_7_11_51_AM",fotocasa,gCloud,1544165380000,0,0,0,0,,piece--2-8,Alcalá de Henares,1,-3.40763,40.482,-3.40251,40.4769,-3.40507,40.4794,,
Alcalá de Henares--piece--2-9--gCloud,"scraping-fotocasa-gCloud--12_7_2018,_7_11_51_AM",fotocasa,gCloud,1544165391000,0,0,0,0,,piece--2-9,Alcalá de Henares,1,-3.40763,40.4769,-3.40251,40.4717,-3.40507,40.4743,,
Alcalá de Henares--piece--3-0--gCloud,"scraping-fotocasa-gCloud--12_7_2018,_7_11_51_AM",fotocasa,gCloud,1544165402000,0,0,0,0,,piece--3-0,Alcalá de Henares,1,-3.40251,40.523,-3.39739,40.5179,-3.39995,40.5204,,
Alcalá de Henares--piece--3-1--gCloud,"scraping-fotocasa-gCloud--12_7_2018,_7_11_51_AM",fotocasa,gCloud,1544165410000,0,0,0,0,,piece--3-1,Alcalá de Henares,1,-3.40251,40.5179,-3.39739,40.5127,-3.39995,40.5153,,
Alcalá de Henares--piece--3-10--gCloud,"scraping-fotocasa-gCloud--12_7_2018,_7_11_51_AM",fotocasa,gCloud,1544165415000,0,0,0,0,,piece--3-10,Alcalá de Henares,1,-3.40251,40.4717,-3.39739,40.4666,-3.39995,40.4692,,
Alcalá de Henares--piece--3-2--gCloud,"scraping-fotocasa-gCloud--12_7_2018,_7_11_51_AM",fotocasa,gCloud,1544165424000,0,0,0,0,,piece--3-2,Alcalá de Henares,1,-3.40251,40.5127,-3.39739,40.5076,-3.39995,40.5102,,
Alcalá de Henares--piece--3-3--gCloud,"scraping-fotocasa-gCloud--12_7_2018,_7_11_51_AM",fotocasa,gCloud,1544165432000,0,0,0,0,,piece--3-3,Alcalá de Henares,1,-3.40251,40.5076,-3.39739,40.5025,-3.39995,40.505,,
Alcalá de Henares--piece--3-4--gCloud,"scraping-fotocasa-gCloud--12_7_2018,_7_11_51_AM",fotocasa,gCloud,1544165440000,1180,1,0,0,,piece--3-4,Alcalá de Henares,1,-3.40251,40.5025,-3.39739,40.4974,-3.39995,40.4999,,
Alcalá de Henares--piece--3-5--gCloud,"scraping-fotocasa-gCloud--12_7_2018,_7_11_51_AM",fotocasa,gCloud,1544165446000,0,0,0,0,,piece--3-5,Alcalá de Henares,1,-3.40251,40.4974,-3.39739,40.4922,-3.39995,40.4948,,
Alcalá de Henares--piece--3-6--gCloud,"scraping-fotocasa-gCloud--12_7_2018,_7_11_51_AM",fotocasa,gCloud,1544165457000,0,0,0,0,,piece--3-6,Alcalá de Henares,1,-3.40251,40.4922,-3.39739,40.4871,-3.39995,40.4897,,
Alcalá de Henares--piece--3-7--gCloud,"scraping-fotocasa-gCloud--12_7_2018,_7_11_51_AM",fotocasa,gCloud,1544165463000,0,0,0,0,,piece--3-7,Alcalá de Henares,1,-3.40251,40.4871,-3.39739,40.482,-3.39995,40.4845,,
Alcalá de Henares--piece--3-8--gCloud,"scraping-fotocasa-gCloud--12_7_2018,_7_11_51_AM",fotocasa,gCloud,1544165471000,3258.62,1,0,0,,piece--3-8,Alcalá de Henares,1,-3.40251,40.482,-3.39739,40.4769,-3.39995,40.4794,,
Alcalá de Henares--piece--3-9--gCloud,"scraping-fotocasa-gCloud--12_7_2018,_7_11_51_AM",fotocasa,gCloud,1544165483000,0,0,0,0,,piece--3-9,Alcalá de Henares,1,-3.40251,40.4769,-3.39739,40.4717,-3.39995,40.4743,,
Alcalá de Henares--piece--4-0--gCloud,"scraping-fotocasa-gCloud--12_7_2018,_7_11_51_AM",fotocasa,gCloud,1544165488000,0,0,0,0,,piece--4-0,Alcalá de Henares,1,-3.39739,40.523,-3.39227,40.5179,-3.39483,40.5204,,
Alcalá de Henares--piece--4-1--gCloud,"scraping-fotocasa-gCloud--12_7_2018,_7_11_51_AM",fotocasa,gCloud,1544165499000,0,0,0,0,,piece--4-1,Alcalá de Henares,1,-3.39739,40.5179,-3.39227,40.5127,-3.39483,40.5153,,
Alcalá de Henares--piece--4-10--gCloud,"scraping-fotocasa-gCloud--12_7_2018,_7_11_51_AM",fotocasa,gCloud,1544165505000,0,0,0,0,,piece--4-10,Alcalá de Henares,1,-3.39739,40.4717,-3.39227,40.4666,-3.39483,40.4692,,
Alcalá de Henares--piece--4-2--gCloud,"scraping-fotocasa-gCloud--12_7_2018,_7_11_51_AM",fotocasa,gCloud,1544165513000,0,0,0,0,,piece--4-2,Alcalá de Henares,1,-3.39739,40.5127,-3.39227,40.5076,-3.39483,40.5102,,
Alcalá de Henares--piece--4-3--gCloud,"scraping-fotocasa-gCloud--12_7_2018,_7_11_51_AM",fotocasa,gCloud,1544165522000,1600,1,0,0,,piece--4-3,Alcalá de Henares,1,-3.39739,40.5076,-3.39227,40.5025,-3.39483,40.505,,
Alcalá de Henares--piece--4-4--gCloud,"scraping-fotocasa-gCloud--12_7_2018,_7_11_51_AM",fotocasa,gCloud,1544165533000,0,0,0,0,,piece--4-4,Alcalá de Henares,1,-3.39739,40.5025,-3.39227,40.4974,-3.39483,40.4999,,
Alcalá de Henares--piece--4-5--gCloud,"scraping-fotocasa-gCloud--12_7_2018,_7_11_51_AM",fotocasa,gCloud,1544165541000,0,0,0,0,,piece--4-5,Alcalá de Henares,1,-3.39739,40.4974,-3.39227,40.4922,-3.39483,40.4948,,
Alcalá de Henares--piece--4-6--gCloud,"scraping-fotocasa-gCloud--12_7_2018,_7_11_51_AM",fotocasa,gCloud,1544165549000,0,0,0,0,,piece--4-6,Alcalá de Henares,1,-3.39739,40.4922,-3.39227,40.4871,-3.39483,40.4897,,
Alcalá de Henares--piece--4-7--gCloud,"scraping-fotocasa-gCloud--12_7_2018,_7_11_51_AM",fotocasa,gCloud,1544165555000,1982.04,22,5.5,2,,piece--4-7,Alcalá de Henares,1,-3.39739,40.4871,-3.39227,40.482,-3.39483,40.4845,,
Alcalá de Henares--piece--4-8--gCloud,"scraping-fotocasa-gCloud--12_7_2018,_7_11_51_AM",fotocasa,gCloud,1544165561000,2232.3,5,9.33333,1,,piece--4-8,Alcalá de Henares,1,-3.39739,40.482,-3.39227,40.4769,-3.39483,40.4794,,
Alcalá de Henares--piece--4-9--gCloud,"scraping-fotocasa-gCloud--12_7_2018,_7_11_51_AM",fotocasa,gCloud,1544165572000,1953.22,2,0,0,,piece--4-9,Alcalá de Henares,1,-3.39739,40.4769,-3.39227,40.4717,-3.39483,40.4743,,
Alcalá de Henares--piece--5-0--gCloud,"scraping-fotocasa-gCloud--12_7_2018,_7_11_51_AM",fotocasa,gCloud,1544165580000,0,0,0,0,,piece--5-0,Alcalá de Henares,1,-3.39227,40.523,-3.38715,40.5179,-3.38971,40.5204,,
Alcalá de Henares--piece--5-1--gCloud,"scraping-fotocasa-gCloud--12_7_2018,_7_11_51_AM",fotocasa,gCloud,1544165589000,0,0,0,0,,piece--5-1,Alcalá de Henares,1,-3.39227,40.5179,-3.38715,40.5127,-3.38971,40.5153,,
Alcalá de Henares--piece--5-10--gCloud,"scraping-fotocasa-gCloud--12_7_2018,_7_11_51_AM",fotocasa,gCloud,1544165600000,0,0,0,0,,piece--5-10,Alcalá de Henares,1,-3.39227,40.4717,-3.38715,40.4666,-3.38971,40.4692,,
Alcalá de Henares--piece--5-2--gCloud,"scraping-fotocasa-gCloud--12_7_2018,_7_11_51_AM",fotocasa,gCloud,1544165605000,0,0,0,0,,piece--5-2,Alcalá de Henares,1,-3.39227,40.5127,-3.38715,40.5076,-3.38971,40.5102,,
Alcalá de Henares--piece--5-3--gCloud,"scraping-fotocasa-gCloud--12_7_2018,_7_11_51_AM",fotocasa,gCloud,1544165614000,1465.52,1,0,0,,piece--5-3,Alcalá de Henares,1,-3.39227,40.5076,-3.38715,40.5025,-3.38971,40.505,,
Alcalá de Henares--piece--5-4--gCloud,"scraping-fotocasa-gCloud--12_7_2018,_7_11_51_AM",fotocasa,gCloud,1544165622000,2385.32,3,8.46667,1,,piece--5-4,Alcalá de Henares,1,-3.39227,40.5025,-3.38715,40.4974,-3.38971,40.4999,,
Alcalá de Henares--piece--5-5--gCloud,"scraping-fotocasa-gCloud--12_7_2018,_7_11_51_AM",fotocasa,gCloud,1544165628000,0,0,0,0,,piece--5-5,Alcalá de Henares,1,-3.39227,40.4974,-3.38715,40.4922,-3.38971,40.4948,,
Alcalá de Henares--piece--5-6--gCloud,"scraping-fotocasa-gCloud--12_7_2018,_7_11_51_AM",fotocasa,gCloud,1544165633000,0,0,0,0,,piece--5-6,Alcalá de Henares,1,-3.39227,40.4922,-3.38715,40.4871,-3.38971,40.4897,,
Alcalá de Henares--piece--5-7--gCloud,"scraping-fotocasa-gCloud--12_7_2018,_7_11_51_AM",fotocasa,gCloud,1544165641000,1748.04,5,0,0,,piece--5-7,Alcalá de Henares,1,-3.39227,40.4871,-3.38715,40.482,-3.38971,40.4845,,
Alcalá de Henares--piece--5-8--gCloud,"scraping-fotocasa-gCloud--12_7_2018,_7_11_51_AM",fotocasa,gCloud,1544165650000,2114.67,14,0,0,,piece--5-8,Alcalá de Henares,1,-3.39227,40.482,-3.38715,40.4769,-3.38971,40.4794,,
Alcalá de Henares--piece--5-9--gCloud,"scraping-fotocasa-gCloud--12_7_2018,_7_11_51_AM",fotocasa,gCloud,1544165662000,1712.14,9,0,0,,piece--5-9,Alcalá de Henares,1,-3.39227,40.4769,-3.38715,40.4717,-3.38971,40.4743,,
Alcalá de Henares--piece--6-0--gCloud,"scraping-fotocasa-gCloud--12_7_2018,_7_11_51_AM",fotocasa,gCloud,1544165670000,0,0,0,0,,piece--6-0,Alcalá de Henares,1,-3.38715,40.523,-3.38203,40.5179,-3.38459,40.5204,,
Alcalá de Henares--piece--6-1--gCloud,"scraping-fotocasa-gCloud--12_7_2018,_7_11_51_AM",fotocasa,gCloud,1544165678000,0,0,0,0,,piece--6-1,Alcalá de Henares,1,-3.38715,40.5179,-3.38203,40.5127,-3.38459,40.5153,,
Alcalá de Henares--piece--6-10--gCloud,"scraping-fotocasa-gCloud--12_7_2018,_7_11_51_AM",fotocasa,gCloud,1544165690000,1182.63,1,0,0,,piece--6-10,Alcalá de Henares,1,-3.38715,40.4717,-3.38203,40.4666,-3.38459,40.4692,,
Alcalá de Henares--piece--6-2--gCloud,"scraping-fotocasa-gCloud--12_7_2018,_7_11_51_AM",fotocasa,gCloud,1544165698000,0,0,0,0,,piece--6-2,Alcalá de Henares,1,-3.38715,40.5127,-3.38203,40.5076,-3.38459,40.5102,,
Alcalá de Henares--piece--6-3--gCloud,"scraping-fotocasa-gCloud--12_7_2018,_7_11_51_AM",fotocasa,gCloud,1544165709000,1972.44,30,8.94366,1,,piece--6-3,Alcalá de Henares,1,-3.38715,40.5076,-3.38203,40.5025,-3.38459,40.505,,
Alcalá de Henares--piece--6-4--gCloud,"scraping-fotocasa-gCloud--12_7_2018,_7_11_51_AM",fotocasa,gCloud,1544165717000,1974.11,13,0,0,,piece--6-4,Alcalá de Henares,1,-3.38715,40.5025,-3.38203,40.4974,-3.38459,40.4999,,
Alcalá de Henares--piece--6-5--gCloud,"scraping-fotocasa-gCloud--12_7_2018,_7_11_51_AM",fotocasa,gCloud,1544165723000,0,0,0,0,,piece--6-5,Alcalá de Henares,1,-3.38715,40.4974,-3.38203,40.4922,-3.38459,40.4948,,
Alcalá de Henares--piece--6-6--gCloud,"scraping-fotocasa-gCloud--12_7_2018,_7_11_51_AM",fotocasa,gCloud,1544165729000,0,0,0,0,,piece--6-6,Alcalá de Henares,1,-3.38715,40.4922,-3.38203,40.4871,-3.38459,40.4897,,
Alcalá de Henares--piece--6-7--gCloud,"scraping-fotocasa-gCloud--12_7_2018,_7_11_51_AM",fotocasa,gCloud,1544165737000,0,0,0,0,,piece--6-7,Alcalá de Henares,1,-3.38715,40.4871,-3.38203,40.482,-3.38459,40.4845,,
Alcalá de Henares--piece--6-8--gCloud,"scraping-fotocasa-gCloud--12_7_2018,_7_11_51_AM",fotocasa,gCloud,1544165745000,1677.52,11,0,0,,piece--6-8,Alcalá de Henares,1,-3.38715,40.482,-3.38203,40.4769,-3.38459,40.4794,,
Alcalá de Henares--piece--6-9--gCloud,"scraping-fotocasa-gCloud--12_7_2018,_7_11_51_AM",fotocasa,gCloud,1544165752000,1210.8,22,7.01262,3,,piece--6-9,Alcalá de Henares,1,-3.38715,40.4769,-3.38203,40.4717,-3.38459,40.4743,,
Alcalá de Henares--piece--7-0--gCloud,"scraping-fotocasa-gCloud--12_7_2018,_7_11_51_AM",fotocasa,gCloud,1544165760000,0,0,0,0,,piece--7-0,Alcalá de Henares,1,-3.38203,40.523,-3.37691,40.5179,-3.37947,40.5204,,
Alcalá de Henares--piece--7-1--gCloud,"scraping-fotocasa-gCloud--12_7_2018,_7_11_51_AM",fotocasa,gCloud,1544165769000,0,0,0,0,,piece--7-1,Alcalá de Henares,1,-3.38203,40.5179,-3.37691,40.5127,-3.37947,40.5153,,
Alcalá de Henares--piece--7-10--gCloud,"scraping-fotocasa-gCloud--12_7_2018,_7_11_51_AM",fotocasa,gCloud,1544165774000,1297.6,7,7.16049,1,,piece--7-10,Alcalá de Henares,1,-3.38203,40.4717,-3.37691,40.4666,-3.37947,40.4692,,
Alcalá de Henares--piece--7-2--gCloud,"scraping-fotocasa-gCloud--12_7_2018,_7_11_51_AM",fotocasa,gCloud,1544165783000,0,0,0,0,,piece--7-2,Alcalá de Henares,1,-3.38203,40.5127,-3.37691,40.5076,-3.37947,40.5102,,
Alcalá de Henares--piece--7-3--gCloud,"scraping-fotocasa-gCloud--12_7_2018,_7_11_51_AM",fotocasa,gCloud,1544165791000,2241.67,1,0,0,,piece--7-3,Alcalá de Henares,1,-3.38203,40.5076,-3.37691,40.5025,-3.37947,40.505,,
Alcalá de Henares--piece--7-4--gCloud,"scraping-fotocasa-gCloud--12_7_2018,_7_11_51_AM",fotocasa,gCloud,1544165796000,0,0,0,0,,piece--7-4,Alcalá de Henares,1,-3.38203,40.5025,-3.37691,40.4974,-3.37947,40.4999,,
Alcalá de Henares--piece--7-5--gCloud,"scraping-fotocasa-gCloud--12_7_2018,_7_11_51_AM",fotocasa,gCloud,1544165805000,1663.34,3,0,0,,piece--7-5,Alcalá de Henares,1,-3.38203,40.4974,-3.37691,40.4922,-3.37947,40.4948,,
Alcalá de Henares--piece--7-6--gCloud,"scraping-fotocasa-gCloud--12_7_2018,_7_11_51_AM",fotocasa,gCloud,1544165810000,1702.08,6,0,0,,piece--7-6,Alcalá de Henares,1,-3.38203,40.4922,-3.37691,40.4871,-3.37947,40.4897,,
Alcalá de Henares--piece--7-7--gCloud,"scraping-fotocasa-gCloud--12_7_2018,_7_11_51_AM",fotocasa,gCloud,1544165821000,1831.61,5,0,0,,piece--7-7,Alcalá de Henares,1,-3.38203,40.4871,-3.37691,40.482,-3.37947,40.4845,,
Alcalá de Henares--piece--7-8--gCloud,"scraping-fotocasa-gCloud--12_7_2018,_7_11_51_AM",fotocasa,gCloud,1544165830000,972.522,3,9.82759,1,,piece--7-8,Alcalá de Henares,1,-3.38203,40.482,-3.37691,40.4769,-3.37947,40.4794,,
Alcalá de Henares--piece--7-9--gCloud,"scraping-fotocasa-gCloud--12_7_2018,_7_11_51_AM",fotocasa,gCloud,1544165842000,1231.71,29,8.47951,6,,piece--7-9,Alcalá de Henares,1,-3.38203,40.4769,-3.37691,40.4717,-3.37947,40.4743,,
Alcalá de Henares--piece--8-0--gCloud,"scraping-fotocasa-gCloud--12_7_2018,_7_11_51_AM",fotocasa,gCloud,1544165851000,0,0,0,0,,piece--8-0,Alcalá de Henares,1,-3.37691,40.523,-3.37179,40.5179,-3.37435,40.5204,,
Alcalá de Henares--piece--8-1--gCloud,"scraping-fotocasa-gCloud--12_7_2018,_7_11_51_AM",fotocasa,gCloud,1544165856000,0,0,0,0,,piece--8-1,Alcalá de Henares,1,-3.37691,40.5179,-3.37179,40.5127,-3.37435,40.5153,,
Alcalá de Henares--piece--8-10--gCloud,"scraping-fotocasa-gCloud--12_7_2018,_7_11_51_AM",fotocasa,gCloud,1544165868000,1719.57,17,7.92647,2,,piece--8-10,Alcalá de Henares,1,-3.37691,40.4717,-3.37179,40.4666,-3.37435,40.4692,,
Alcalá de Henares--piece--8-2--gCloud,"scraping-fotocasa-gCloud--12_7_2018,_7_11_51_AM",fotocasa,gCloud,1544165874000,1472.59,4,0,0,,piece--8-2,Alcalá de Henares,1,-3.37691,40.5127,-3.37179,40.5076,-3.37435,40.5102,,
Alcalá de Henares--piece--8-3--gCloud,"scraping-fotocasa-gCloud--12_7_2018,_7_11_51_AM",fotocasa,gCloud,1544165882000,1348.71,5,0,0,,piece--8-3,Alcalá de Henares,1,-3.37691,40.5076,-3.37179,40.5025,-3.37435,40.505,,
Alcalá de Henares--piece--8-4--gCloud,"scraping-fotocasa-gCloud--12_7_2018,_7_11_51_AM",fotocasa,gCloud,1544165888000,1903.2,8,0,0,,piece--8-4,Alcalá de Henares,1,-3.37691,40.5025,-3.37179,40.4974,-3.37435,40.4999,,
Alcalá de Henares--piece--8-5--gCloud,"scraping-fotocasa-gCloud--12_7_2018,_7_11_51_AM",fotocasa,gCloud,1544165899000,2346.72,30,8.06807,5,,piece--8-5,Alcalá de Henares,1,-3.37691,40.4974,-3.37179,40.4922,-3.37435,40.4948,,
Alcalá de Henares--piece--8-6--gCloud,"scraping-fotocasa-gCloud--12_7_2018,_7_11_51_AM",fotocasa,gCloud,1544165907000,1704.6,28,0,0,,piece--8-6,Alcalá de Henares,1,-3.37691,40.4922,-3.37179,40.4871,-3.37435,40.4897,,
Alcalá de Henares--piece--8-7--gCloud,"scraping-fotocasa-gCloud--12_7_2018,_7_11_51_AM",fotocasa,gCloud,1544165915000,1560.3,6,0,0,,piece--8-7,Alcalá de Henares,1,-3.37691,40.4871,-3.37179,40.482,-3.37435,40.4845,,
Alcalá de Henares--piece--8-8--gCloud,"scraping-fotocasa-gCloud--12_7_2018,_7_11_51_AM",fotocasa,gCloud,1544165923000,1983.16,25,7.62698,6,,piece--8-8,Alcalá de Henares,1,-3.37691,40.482,-3.37179,40.4769,-3.37435,40.4794,,
Alcalá de Henares--piece--8-9--gCloud,"scraping-fotocasa-gCloud--12_7_2018,_7_11_51_AM",fotocasa,gCloud,1544165934000,1552.89,29,8.19509,6,,piece--8-9,Alcalá de Henares,1,-3.37691,40.4769,-3.37179,40.4717,-3.37435,40.4743,,
Alcalá de Henares--piece--9-0--gCloud,"scraping-fotocasa-gCloud--12_7_2018,_7_11_51_AM",fotocasa,gCloud,1544165945000,0,0,0,0,,piece--9-0,Alcalá de Henares,1,-3.37179,40.523,-3.36668,40.5179,-3.36924,40.5204,,
Alcalá de Henares--piece--9-1--gCloud,"scraping-fotocasa-gCloud--12_7_2018,_7_11_51_AM",fotocasa,gCloud,1544165957000,0,0,0,0,,piece--9-1,Alcalá de Henares,1,-3.37179,40.5179,-3.36668,40.5127,-3.36924,40.5153,,
Alcalá de Henares--piece--9-10--gCloud,"scraping-fotocasa-gCloud--12_7_2018,_7_11_51_AM",fotocasa,gCloud,1544165963000,1726.16,18,6.48148,1,,piece--9-10,Alcalá de Henares,1,-3.37179,40.4717,-3.36668,40.4666,-3.36924,40.4692,,
Alcalá de Henares--piece--9-2--gCloud,"scraping-fotocasa-gCloud--12_7_2018,_7_11_51_AM",fotocasa,gCloud,1544165972000,1617.03,8,0,0,,piece--9-2,Alcalá de Henares,1,-3.37179,40.5127,-3.36668,40.5076,-3.36924,40.5102,,
Alcalá de Henares--piece--9-3--gCloud,"scraping-fotocasa-gCloud--12_7_2018,_7_11_51_AM",fotocasa,gCloud,1544165984000,1790.87,2,5.62015,1,,piece--9-3,Alcalá de Henares,1,-3.37179,40.5076,-3.36668,40.5025,-3.36924,40.505,,
Alcalá de Henares--piece--9-4--gCloud,"scraping-fotocasa-gCloud--12_7_2018,_7_11_51_AM",fotocasa,gCloud,1544165992000,1771.24,11,0,0,,piece--9-4,Alcalá de Henares,1,-3.37179,40.5025,-3.36668,40.4974,-3.36924,40.4999,,
Alcalá de Henares--piece--9-5--gCloud,"scraping-fotocasa-gCloud--12_7_2018,_7_11_51_AM",fotocasa,gCloud,1544166009000,1766.47,22,10.0625,2,,piece--9-5,Alcalá de Henares,1,-3.37179,40.4974,-3.36668,40.4922,-3.36924,40.4948,,
Alcalá de Henares--piece--9-6--gCloud,"scraping-fotocasa-gCloud--12_7_2018,_7_11_51_AM",fotocasa,gCloud,1544166015000,1596.15,30,8.9523,4,,piece--9-6,Alcalá de Henares,1,-3.37179,40.4922,-3.36668,40.4871,-3.36924,40.4897,,
Alcalá de Henares--piece--9-7--gCloud,"scraping-fotocasa-gCloud--12_7_2018,_7_11_51_AM",fotocasa,gCloud,1544166024000,2300.04,19,7.81348,9,,piece--9-7,Alcalá de Henares,1,-3.37179,40.4871,-3.36668,40.482,-3.36924,40.4845,,
Alcalá de Henares--piece--9-8--gCloud,"scraping-fotocasa-gCloud--12_7_2018,_7_11_51_AM",fotocasa,gCloud,1544166035000,2443.47,29,8.71559,6,,piece--9-8,Alcalá de Henares,1,-3.37179,40.482,-3.36668,40.4769,-3.36924,40.4794,,
Alcalá de Henares--piece--9-9--gCloud,"scraping-fotocasa-gCloud--12_7_2018,_7_11_51_AM",fotocasa,gCloud,1544166041000,1666.32,7,8.32386,2,,piece--9-9,Alcalá de Henares,1,-3.37179,40.4769,-3.36668,40.4717,-3.36924,40.4743,,
