piece_id,scraping_id,app_id,device_id,date_scraped,average_prize_buy,number_of_ads_buy,average_prize_rent,number_of_ads_rent,extra_data,piece_name,city_name,scraped,bounding_box1_x,bounding_box1_y,bounding_box2_x,bounding_box2_y,center_point_x,center_point_y
Alcalá de Henares--piece--0-0--gCloud,"scraping-fotocasa-gCloud--12_3_2018,_2_46_43_PM",fotocasa,gCloud,1543845613000,0,0,0,0,,piece--0-0,Alcalá de Henares,1,-3.41786,40.523,-3.41274,40.5179,-3.4153,40.5204
Alcalá de Henares--piece--0-1--gCloud,"scraping-fotocasa-gCloud--12_3_2018,_2_46_43_PM",fotocasa,gCloud,1543845622000,0,0,0,0,,piece--0-1,Alcalá de Henares,1,-3.41786,40.5179,-3.41274,40.5127,-3.4153,40.5153
Alcalá de Henares--piece--0-10--gCloud,"scraping-fotocasa-gCloud--12_3_2018,_2_46_43_PM",fotocasa,gCloud,1543845630000,0,0,0,0,,piece--0-10,Alcalá de Henares,1,-3.41786,40.4717,-3.41274,40.4666,-3.4153,40.4692
Alcalá de Henares--piece--0-2--gCloud,"scraping-fotocasa-gCloud--12_3_2018,_2_46_43_PM",fotocasa,gCloud,1543845636000,0,0,0,0,,piece--0-2,Alcalá de Henares,1,-3.41786,40.5127,-3.41274,40.5076,-3.4153,40.5102
Alcalá de Henares--piece--0-3--gCloud,"scraping-fotocasa-gCloud--12_3_2018,_2_46_43_PM",fotocasa,gCloud,1543845644000,0,0,0,0,,piece--0-3,Alcalá de Henares,1,-3.41786,40.5076,-3.41274,40.5025,-3.4153,40.505
Alcalá de Henares--piece--0-4--gCloud,"scraping-fotocasa-gCloud--12_3_2018,_2_46_43_PM",fotocasa,gCloud,1543845655000,0,0,0,0,,piece--0-4,Alcalá de Henares,1,-3.41786,40.5025,-3.41274,40.4974,-3.4153,40.4999
Alcalá de Henares--piece--0-5--gCloud,"scraping-fotocasa-gCloud--12_3_2018,_2_46_43_PM",fotocasa,gCloud,1543845661000,0,0,0,0,,piece--0-5,Alcalá de Henares,1,-3.41786,40.4974,-3.41274,40.4922,-3.4153,40.4948
Alcalá de Henares--piece--0-6--gCloud,"scraping-fotocasa-gCloud--12_3_2018,_2_46_43_PM",fotocasa,gCloud,1543845672000,0,0,0,0,,piece--0-6,Alcalá de Henares,1,-3.41786,40.4922,-3.41274,40.4871,-3.4153,40.4897
Alcalá de Henares--piece--0-7--gCloud,"scraping-fotocasa-gCloud--12_3_2018,_2_46_43_PM",fotocasa,gCloud,1543845677000,0,0,0,0,,piece--0-7,Alcalá de Henares,1,-3.41786,40.4871,-3.41274,40.482,-3.4153,40.4845
Alcalá de Henares--piece--0-8--gCloud,"scraping-fotocasa-gCloud--12_3_2018,_2_46_43_PM",fotocasa,gCloud,1543845689000,0,0,0,0,,piece--0-8,Alcalá de Henares,1,-3.41786,40.482,-3.41274,40.4769,-3.4153,40.4794
Alcalá de Henares--piece--0-9--gCloud,"scraping-fotocasa-gCloud--12_3_2018,_2_46_43_PM",fotocasa,gCloud,1543845697000,0,0,0,0,,piece--0-9,Alcalá de Henares,1,-3.41786,40.4769,-3.41274,40.4717,-3.4153,40.4743
Alcalá de Henares--piece--1-0--gCloud,"scraping-fotocasa-gCloud--12_3_2018,_2_46_43_PM",fotocasa,gCloud,1543845714000,0,0,0,0,,piece--1-0,Alcalá de Henares,1,-3.41274,40.523,-3.40763,40.5179,-3.41018,40.5204
Alcalá de Henares--piece--1-1--gCloud,"scraping-fotocasa-gCloud--12_3_2018,_2_46_43_PM",fotocasa,gCloud,1543845722000,0,0,0,0,,piece--1-1,Alcalá de Henares,1,-3.41274,40.5179,-3.40763,40.5127,-3.41018,40.5153
Alcalá de Henares--piece--1-10--gCloud,"scraping-fotocasa-gCloud--12_3_2018,_2_46_43_PM",fotocasa,gCloud,1543845731000,1764.71,1,0,0,,piece--1-10,Alcalá de Henares,1,-3.41274,40.4717,-3.40763,40.4666,-3.41018,40.4692
Alcalá de Henares--piece--1-2--gCloud,"scraping-fotocasa-gCloud--12_3_2018,_2_46_43_PM",fotocasa,gCloud,1543845743000,0,0,0,0,,piece--1-2,Alcalá de Henares,1,-3.41274,40.5127,-3.40763,40.5076,-3.41018,40.5102
Alcalá de Henares--piece--1-3--gCloud,"scraping-fotocasa-gCloud--12_3_2018,_2_46_43_PM",fotocasa,gCloud,1543845749000,0,0,0,0,,piece--1-3,Alcalá de Henares,1,-3.41274,40.5076,-3.40763,40.5025,-3.41018,40.505
Alcalá de Henares--piece--1-4--gCloud,"scraping-fotocasa-gCloud--12_3_2018,_2_46_43_PM",fotocasa,gCloud,1543845754000,0,0,0,0,,piece--1-4,Alcalá de Henares,1,-3.41274,40.5025,-3.40763,40.4974,-3.41018,40.4999
Alcalá de Henares--piece--1-5--gCloud,"scraping-fotocasa-gCloud--12_3_2018,_2_46_43_PM",fotocasa,gCloud,1543845762000,1237.5,1,0,0,,piece--1-5,Alcalá de Henares,1,-3.41274,40.4974,-3.40763,40.4922,-3.41018,40.4948
Alcalá de Henares--piece--1-6--gCloud,"scraping-fotocasa-gCloud--12_3_2018,_2_46_43_PM",fotocasa,gCloud,1543845771000,0,0,8.75,1,,piece--1-6,Alcalá de Henares,1,-3.41274,40.4922,-3.40763,40.4871,-3.41018,40.4897
Alcalá de Henares--piece--1-7--gCloud,"scraping-fotocasa-gCloud--12_3_2018,_2_46_43_PM",fotocasa,gCloud,1543845779000,0,0,0,0,,piece--1-7,Alcalá de Henares,1,-3.41274,40.4871,-3.40763,40.482,-3.41018,40.4845
Alcalá de Henares--piece--1-8--gCloud,"scraping-fotocasa-gCloud--12_3_2018,_2_46_43_PM",fotocasa,gCloud,1543845785000,0,0,0,0,,piece--1-8,Alcalá de Henares,1,-3.41274,40.482,-3.40763,40.4769,-3.41018,40.4794
Alcalá de Henares--piece--1-9--gCloud,"scraping-fotocasa-gCloud--12_3_2018,_2_46_43_PM",fotocasa,gCloud,1543845790000,0,0,0,0,,piece--1-9,Alcalá de Henares,1,-3.41274,40.4769,-3.40763,40.4717,-3.41018,40.4743
Alcalá de Henares--piece--10-0--gCloud,"scraping-fotocasa-gCloud--12_3_2018,_2_46_43_PM",fotocasa,gCloud,1543845801000,0,0,0,0,,piece--10-0,Alcalá de Henares,1,-3.36668,40.523,-3.36156,40.5179,-3.36412,40.5204
Alcalá de Henares--piece--10-1--gCloud,"scraping-fotocasa-gCloud--12_3_2018,_2_46_43_PM",fotocasa,gCloud,1543845809000,2038.87,2,0,0,,piece--10-1,Alcalá de Henares,1,-3.36668,40.5179,-3.36156,40.5127,-3.36412,40.5153
Alcalá de Henares--piece--10-10--gCloud,"scraping-fotocasa-gCloud--12_3_2018,_2_46_43_PM",fotocasa,gCloud,1543845819000,1722.32,25,7.18506,5,,piece--10-10,Alcalá de Henares,1,-3.36668,40.4717,-3.36156,40.4666,-3.36412,40.4692
Alcalá de Henares--piece--10-2--gCloud,"scraping-fotocasa-gCloud--12_3_2018,_2_46_43_PM",fotocasa,gCloud,1543845825000,1688.6,25,0,0,,piece--10-2,Alcalá de Henares,1,-3.36668,40.5127,-3.36156,40.5076,-3.36412,40.5102
Alcalá de Henares--piece--10-3--gCloud,"scraping-fotocasa-gCloud--12_3_2018,_2_46_43_PM",fotocasa,gCloud,1543845834000,1613.51,8,6.53846,1,,piece--10-3,Alcalá de Henares,1,-3.36668,40.5076,-3.36156,40.5025,-3.36412,40.505
Alcalá de Henares--piece--10-4--gCloud,"scraping-fotocasa-gCloud--12_3_2018,_2_46_43_PM",fotocasa,gCloud,1543845844000,1968.96,21,8.25146,3,,piece--10-4,Alcalá de Henares,1,-3.36668,40.5025,-3.36156,40.4974,-3.36412,40.4999
Alcalá de Henares--piece--10-5--gCloud,"scraping-fotocasa-gCloud--12_3_2018,_2_46_43_PM",fotocasa,gCloud,1543845854000,1870.97,18,10.3109,4,,piece--10-5,Alcalá de Henares,1,-3.36668,40.4974,-3.36156,40.4922,-3.36412,40.4948
Alcalá de Henares--piece--10-6--gCloud,"scraping-fotocasa-gCloud--12_3_2018,_2_46_43_PM",fotocasa,gCloud,1543845860000,2001.35,22,7.87477,7,,piece--10-6,Alcalá de Henares,1,-3.36668,40.4922,-3.36156,40.4871,-3.36412,40.4897
Alcalá de Henares--piece--10-7--gCloud,"scraping-fotocasa-gCloud--12_3_2018,_2_46_43_PM",fotocasa,gCloud,1543845868000,2160.15,30,8.09427,8,,piece--10-7,Alcalá de Henares,1,-3.36668,40.4871,-3.36156,40.482,-3.36412,40.4845
Alcalá de Henares--piece--10-8--gCloud,"scraping-fotocasa-gCloud--12_3_2018,_2_46_43_PM",fotocasa,gCloud,1543845877000,2194.55,25,10.1394,7,,piece--10-8,Alcalá de Henares,1,-3.36668,40.482,-3.36156,40.4769,-3.36412,40.4794
Alcalá de Henares--piece--10-9--gCloud,"scraping-fotocasa-gCloud--12_3_2018,_2_46_43_PM",fotocasa,gCloud,1543845886000,1858.28,17,8.68856,7,,piece--10-9,Alcalá de Henares,1,-3.36668,40.4769,-3.36156,40.4717,-3.36412,40.4743
Alcalá de Henares--piece--11-0--gCloud,"scraping-fotocasa-gCloud--12_3_2018,_2_46_43_PM",fotocasa,gCloud,1543845892000,0,0,0,0,,piece--11-0,Alcalá de Henares,1,-3.36156,40.523,-3.35644,40.5179,-3.359,40.5204
Alcalá de Henares--piece--11-1--gCloud,"scraping-fotocasa-gCloud--12_3_2018,_2_46_43_PM",fotocasa,gCloud,1543845897000,1659.72,1,0,0,,piece--11-1,Alcalá de Henares,1,-3.36156,40.5179,-3.35644,40.5127,-3.359,40.5153
Alcalá de Henares--piece--11-10--gCloud,"scraping-fotocasa-gCloud--12_3_2018,_2_46_43_PM",fotocasa,gCloud,1543845908000,0,0,0,0,,piece--11-10,Alcalá de Henares,1,-3.36156,40.4717,-3.35644,40.4666,-3.359,40.4692
Alcalá de Henares--piece--11-2--gCloud,"scraping-fotocasa-gCloud--12_3_2018,_2_46_43_PM",fotocasa,gCloud,1543845914000,1905.65,12,0,0,,piece--11-2,Alcalá de Henares,1,-3.36156,40.5127,-3.35644,40.5076,-3.359,40.5102
Alcalá de Henares--piece--11-3--gCloud,"scraping-fotocasa-gCloud--12_3_2018,_2_46_43_PM",fotocasa,gCloud,1543845919000,1443.64,1,0,0,,piece--11-3,Alcalá de Henares,1,-3.36156,40.5076,-3.35644,40.5025,-3.359,40.505
Alcalá de Henares--piece--11-4--gCloud,"scraping-fotocasa-gCloud--12_3_2018,_2_46_43_PM",fotocasa,gCloud,1543845928000,1737.78,4,0,0,,piece--11-4,Alcalá de Henares,1,-3.36156,40.5025,-3.35644,40.4974,-3.359,40.4999
Alcalá de Henares--piece--11-5--gCloud,"scraping-fotocasa-gCloud--12_3_2018,_2_46_43_PM",fotocasa,gCloud,1543845934000,1988.64,1,0,0,,piece--11-5,Alcalá de Henares,1,-3.36156,40.4974,-3.35644,40.4922,-3.359,40.4948
Alcalá de Henares--piece--11-6--gCloud,"scraping-fotocasa-gCloud--12_3_2018,_2_46_43_PM",fotocasa,gCloud,1543845947000,1828,28,10.6,1,,piece--11-6,Alcalá de Henares,1,-3.36156,40.4922,-3.35644,40.4871,-3.359,40.4897
Alcalá de Henares--piece--11-7--gCloud,"scraping-fotocasa-gCloud--12_3_2018,_2_46_43_PM",fotocasa,gCloud,1543845960000,1889.56,30,9.77869,5,,piece--11-7,Alcalá de Henares,1,-3.36156,40.4871,-3.35644,40.482,-3.359,40.4845
Alcalá de Henares--piece--11-8--gCloud,"scraping-fotocasa-gCloud--12_3_2018,_2_46_43_PM",fotocasa,gCloud,1543845971000,2011.33,4,10.7692,1,,piece--11-8,Alcalá de Henares,1,-3.36156,40.482,-3.35644,40.4769,-3.359,40.4794
Alcalá de Henares--piece--11-9--gCloud,"scraping-fotocasa-gCloud--12_3_2018,_2_46_43_PM",fotocasa,gCloud,1543845983000,2021.58,10,0,0,,piece--11-9,Alcalá de Henares,1,-3.36156,40.4769,-3.35644,40.4717,-3.359,40.4743
Alcalá de Henares--piece--12-0--gCloud,"scraping-fotocasa-gCloud--12_3_2018,_2_46_43_PM",fotocasa,gCloud,1543845988000,0,0,0,0,,piece--12-0,Alcalá de Henares,1,-3.35644,40.523,-3.35132,40.5179,-3.35388,40.5204
Alcalá de Henares--piece--12-1--gCloud,"scraping-fotocasa-gCloud--12_3_2018,_2_46_43_PM",fotocasa,gCloud,1543845993000,1629.7,3,0,0,,piece--12-1,Alcalá de Henares,1,-3.35644,40.5179,-3.35132,40.5127,-3.35388,40.5153
Alcalá de Henares--piece--12-10--gCloud,"scraping-fotocasa-gCloud--12_3_2018,_2_46_43_PM",fotocasa,gCloud,1543845999000,0,0,0,0,,piece--12-10,Alcalá de Henares,1,-3.35644,40.4717,-3.35132,40.4666,-3.35388,40.4692
Alcalá de Henares--piece--12-2--gCloud,"scraping-fotocasa-gCloud--12_3_2018,_2_46_43_PM",fotocasa,gCloud,1543846008000,1713.94,9,7.12019,4,,piece--12-2,Alcalá de Henares,1,-3.35644,40.5127,-3.35132,40.5076,-3.35388,40.5102
Alcalá de Henares--piece--12-3--gCloud,"scraping-fotocasa-gCloud--12_3_2018,_2_46_43_PM",fotocasa,gCloud,1543846019000,0,0,0,0,,piece--12-3,Alcalá de Henares,1,-3.35644,40.5076,-3.35132,40.5025,-3.35388,40.505
Alcalá de Henares--piece--12-4--gCloud,"scraping-fotocasa-gCloud--12_3_2018,_2_46_43_PM",fotocasa,gCloud,1543846028000,0,0,0,0,,piece--12-4,Alcalá de Henares,1,-3.35644,40.5025,-3.35132,40.4974,-3.35388,40.4999
Alcalá de Henares--piece--12-5--gCloud,"scraping-fotocasa-gCloud--12_3_2018,_2_46_43_PM",fotocasa,gCloud,1543846036000,2083.33,4,10.1648,1,,piece--12-5,Alcalá de Henares,1,-3.35644,40.4974,-3.35132,40.4922,-3.35388,40.4948
Alcalá de Henares--piece--12-6--gCloud,"scraping-fotocasa-gCloud--12_3_2018,_2_46_43_PM",fotocasa,gCloud,1543846046000,2004.97,19,6.84211,1,,piece--12-6,Alcalá de Henares,1,-3.35644,40.4922,-3.35132,40.4871,-3.35388,40.4897
Alcalá de Henares--piece--12-7--gCloud,"scraping-fotocasa-gCloud--12_3_2018,_2_46_43_PM",fotocasa,gCloud,1543846056000,1788.1,30,8.33333,1,,piece--12-7,Alcalá de Henares,1,-3.35644,40.4871,-3.35132,40.482,-3.35388,40.4845
Alcalá de Henares--piece--12-8--gCloud,"scraping-fotocasa-gCloud--12_3_2018,_2_46_43_PM",fotocasa,gCloud,1543846062000,2199.71,3,8.2248,3,,piece--12-8,Alcalá de Henares,1,-3.35644,40.482,-3.35132,40.4769,-3.35388,40.4794
Alcalá de Henares--piece--12-9--gCloud,"scraping-fotocasa-gCloud--12_3_2018,_2_46_43_PM",fotocasa,gCloud,1543846071000,0,0,0,0,,piece--12-9,Alcalá de Henares,1,-3.35644,40.4769,-3.35132,40.4717,-3.35388,40.4743
Alcalá de Henares--piece--13-0--gCloud,"scraping-fotocasa-gCloud--12_3_2018,_2_46_43_PM",fotocasa,gCloud,1543846079000,0,0,0,0,,piece--13-0,Alcalá de Henares,1,-3.35132,40.523,-3.3462,40.5179,-3.34876,40.5204
Alcalá de Henares--piece--13-1--gCloud,"scraping-fotocasa-gCloud--12_3_2018,_2_46_43_PM",fotocasa,gCloud,1543846084000,0,0,0,0,,piece--13-1,Alcalá de Henares,1,-3.35132,40.5179,-3.3462,40.5127,-3.34876,40.5153
Alcalá de Henares--piece--13-10--gCloud,"scraping-fotocasa-gCloud--12_3_2018,_2_46_43_PM",fotocasa,gCloud,1543846090000,0,0,0,0,,piece--13-10,Alcalá de Henares,1,-3.35132,40.4717,-3.3462,40.4666,-3.34876,40.4692
Alcalá de Henares--piece--13-2--gCloud,"scraping-fotocasa-gCloud--12_3_2018,_2_46_43_PM",fotocasa,gCloud,1543846101000,0,0,0,0,,piece--13-2,Alcalá de Henares,1,-3.35132,40.5127,-3.3462,40.5076,-3.34876,40.5102
Alcalá de Henares--piece--13-3--gCloud,"scraping-fotocasa-gCloud--12_3_2018,_2_46_43_PM",fotocasa,gCloud,1543846107000,0,0,0,0,,piece--13-3,Alcalá de Henares,1,-3.35132,40.5076,-3.3462,40.5025,-3.34876,40.505
Alcalá de Henares--piece--13-4--gCloud,"scraping-fotocasa-gCloud--12_3_2018,_2_46_43_PM",fotocasa,gCloud,1543846116000,1762.93,7,7.03402,5,,piece--13-4,Alcalá de Henares,1,-3.35132,40.5025,-3.3462,40.4974,-3.34876,40.4999
Alcalá de Henares--piece--13-5--gCloud,"scraping-fotocasa-gCloud--12_3_2018,_2_46_43_PM",fotocasa,gCloud,1543846124000,1908.58,6,8.70373,5,,piece--13-5,Alcalá de Henares,1,-3.35132,40.4974,-3.3462,40.4922,-3.34876,40.4948
Alcalá de Henares--piece--13-6--gCloud,"scraping-fotocasa-gCloud--12_3_2018,_2_46_43_PM",fotocasa,gCloud,1543846135000,2053.31,19,7.82609,1,,piece--13-6,Alcalá de Henares,1,-3.35132,40.4922,-3.3462,40.4871,-3.34876,40.4897
Alcalá de Henares--piece--13-7--gCloud,"scraping-fotocasa-gCloud--12_3_2018,_2_46_43_PM",fotocasa,gCloud,1543846144000,1993.3,16,7.54265,2,,piece--13-7,Alcalá de Henares,1,-3.35132,40.4871,-3.3462,40.482,-3.34876,40.4845
Alcalá de Henares--piece--13-8--gCloud,"scraping-fotocasa-gCloud--12_3_2018,_2_46_43_PM",fotocasa,gCloud,1543846153000,1656.71,8,0,0,,piece--13-8,Alcalá de Henares,1,-3.35132,40.482,-3.3462,40.4769,-3.34876,40.4794
Alcalá de Henares--piece--13-9--gCloud,"scraping-fotocasa-gCloud--12_3_2018,_2_46_43_PM",fotocasa,gCloud,1543846164000,0,0,0,0,,piece--13-9,Alcalá de Henares,1,-3.35132,40.4769,-3.3462,40.4717,-3.34876,40.4743
Alcalá de Henares--piece--14-0--gCloud,"scraping-fotocasa-gCloud--12_3_2018,_2_46_43_PM",fotocasa,gCloud,1543846169000,0,0,0,0,,piece--14-0,Alcalá de Henares,1,-3.3462,40.523,-3.34108,40.5179,-3.34364,40.5204
Alcalá de Henares--piece--14-1--gCloud,"scraping-fotocasa-gCloud--12_3_2018,_2_46_43_PM",fotocasa,gCloud,1543846178000,0,0,0,0,,piece--14-1,Alcalá de Henares,1,-3.3462,40.5179,-3.34108,40.5127,-3.34364,40.5153
Alcalá de Henares--piece--14-10--gCloud,"scraping-fotocasa-gCloud--12_3_2018,_2_46_43_PM",fotocasa,gCloud,1543846189000,0,0,0,0,,piece--14-10,Alcalá de Henares,1,-3.3462,40.4717,-3.34108,40.4666,-3.34364,40.4692
Alcalá de Henares--piece--14-2--gCloud,"scraping-fotocasa-gCloud--12_3_2018,_2_46_43_PM",fotocasa,gCloud,1543846197000,0,0,0,0,,piece--14-2,Alcalá de Henares,1,-3.3462,40.5127,-3.34108,40.5076,-3.34364,40.5102
Alcalá de Henares--piece--14-3--gCloud,"scraping-fotocasa-gCloud--12_3_2018,_2_46_43_PM",fotocasa,gCloud,1543846206000,0,0,0,0,,piece--14-3,Alcalá de Henares,1,-3.3462,40.5076,-3.34108,40.5025,-3.34364,40.505
Alcalá de Henares--piece--14-4--gCloud,"scraping-fotocasa-gCloud--12_3_2018,_2_46_43_PM",fotocasa,gCloud,1543846217000,0,0,0,0,,piece--14-4,Alcalá de Henares,1,-3.3462,40.5025,-3.34108,40.4974,-3.34364,40.4999
Alcalá de Henares--piece--14-5--gCloud,"scraping-fotocasa-gCloud--12_3_2018,_2_46_43_PM",fotocasa,gCloud,1543846226000,0,0,0,0,,piece--14-5,Alcalá de Henares,1,-3.3462,40.4974,-3.34108,40.4922,-3.34364,40.4948
Alcalá de Henares--piece--14-6--gCloud,"scraping-fotocasa-gCloud--12_3_2018,_2_46_43_PM",fotocasa,gCloud,1543846231000,1546.46,2,0,0,,piece--14-6,Alcalá de Henares,1,-3.3462,40.4922,-3.34108,40.4871,-3.34364,40.4897
Alcalá de Henares--piece--14-7--gCloud,"scraping-fotocasa-gCloud--12_3_2018,_2_46_43_PM",fotocasa,gCloud,1543846241000,1835.93,19,0,0,,piece--14-7,Alcalá de Henares,1,-3.3462,40.4871,-3.34108,40.482,-3.34364,40.4845
Alcalá de Henares--piece--14-8--gCloud,"scraping-fotocasa-gCloud--12_3_2018,_2_46_43_PM",fotocasa,gCloud,1543846252000,0,0,0,0,,piece--14-8,Alcalá de Henares,1,-3.3462,40.482,-3.34108,40.4769,-3.34364,40.4794
Alcalá de Henares--piece--14-9--gCloud,"scraping-fotocasa-gCloud--12_3_2018,_2_46_43_PM",fotocasa,gCloud,1543846257000,0,0,0,0,,piece--14-9,Alcalá de Henares,1,-3.3462,40.4769,-3.34108,40.4717,-3.34364,40.4743
Alcalá de Henares--piece--15-0--gCloud,"scraping-fotocasa-gCloud--12_3_2018,_2_46_43_PM",fotocasa,gCloud,1543846263000,0,0,0,0,,piece--15-0,Alcalá de Henares,1,-3.34108,40.523,-3.33596,40.5179,-3.33852,40.5204
Alcalá de Henares--piece--15-1--gCloud,"scraping-fotocasa-gCloud--12_3_2018,_2_46_43_PM",fotocasa,gCloud,1543846272000,0,0,0,0,,piece--15-1,Alcalá de Henares,1,-3.34108,40.5179,-3.33596,40.5127,-3.33852,40.5153
Alcalá de Henares--piece--15-10--gCloud,"scraping-fotocasa-gCloud--12_3_2018,_2_46_43_PM",fotocasa,gCloud,1543846280000,0,0,0,0,,piece--15-10,Alcalá de Henares,1,-3.34108,40.4717,-3.33596,40.4666,-3.33852,40.4692
Alcalá de Henares--piece--15-2--gCloud,"scraping-fotocasa-gCloud--12_3_2018,_2_46_43_PM",fotocasa,gCloud,1543846286000,1800,2,0,0,,piece--15-2,Alcalá de Henares,1,-3.34108,40.5127,-3.33596,40.5076,-3.33852,40.5102
Alcalá de Henares--piece--15-3--gCloud,"scraping-fotocasa-gCloud--12_3_2018,_2_46_43_PM",fotocasa,gCloud,1543846292000,0,0,5.625,1,,piece--15-3,Alcalá de Henares,1,-3.34108,40.5076,-3.33596,40.5025,-3.33852,40.505
Alcalá de Henares--piece--15-4--gCloud,"scraping-fotocasa-gCloud--12_3_2018,_2_46_43_PM",fotocasa,gCloud,1543846302000,0,0,0,0,,piece--15-4,Alcalá de Henares,1,-3.34108,40.5025,-3.33596,40.4974,-3.33852,40.4999
Alcalá de Henares--piece--15-5--gCloud,"scraping-fotocasa-gCloud--12_3_2018,_2_46_43_PM",fotocasa,gCloud,1543846307000,0,0,0,0,,piece--15-5,Alcalá de Henares,1,-3.34108,40.4974,-3.33596,40.4922,-3.33852,40.4948
Alcalá de Henares--piece--15-6--gCloud,"scraping-fotocasa-gCloud--12_3_2018,_2_46_43_PM",fotocasa,gCloud,1543846312000,2106.54,3,0,0,,piece--15-6,Alcalá de Henares,1,-3.34108,40.4922,-3.33596,40.4871,-3.33852,40.4897
Alcalá de Henares--piece--15-7--gCloud,"scraping-fotocasa-gCloud--12_3_2018,_2_46_43_PM",fotocasa,gCloud,1543846326000,1837.48,7,0,0,,piece--15-7,Alcalá de Henares,1,-3.34108,40.4871,-3.33596,40.482,-3.33852,40.4845
Alcalá de Henares--piece--15-8--gCloud,"scraping-fotocasa-gCloud--12_3_2018,_2_46_43_PM",fotocasa,gCloud,1543846335000,0,0,0,0,,piece--15-8,Alcalá de Henares,1,-3.34108,40.482,-3.33596,40.4769,-3.33852,40.4794
Alcalá de Henares--piece--15-9--gCloud,"scraping-fotocasa-gCloud--12_3_2018,_2_46_43_PM",fotocasa,gCloud,1543846351000,0,0,0,0,,piece--15-9,Alcalá de Henares,1,-3.34108,40.4769,-3.33596,40.4717,-3.33852,40.4743
Alcalá de Henares--piece--16-0--gCloud,"scraping-fotocasa-gCloud--12_3_2018,_2_46_43_PM",fotocasa,gCloud,1543846363000,0,0,0,0,,piece--16-0,Alcalá de Henares,1,-3.33596,40.523,-3.33085,40.5179,-3.3334,40.5204
Alcalá de Henares--piece--16-1--gCloud,"scraping-fotocasa-gCloud--12_3_2018,_2_46_43_PM",fotocasa,gCloud,1543846371000,0,0,0,0,,piece--16-1,Alcalá de Henares,1,-3.33596,40.5179,-3.33085,40.5127,-3.3334,40.5153
Alcalá de Henares--piece--16-10--gCloud,"scraping-fotocasa-gCloud--12_3_2018,_2_46_43_PM",fotocasa,gCloud,1543846380000,0,0,0,0,,piece--16-10,Alcalá de Henares,1,-3.33596,40.4717,-3.33085,40.4666,-3.3334,40.4692
Alcalá de Henares--piece--16-2--gCloud,"scraping-fotocasa-gCloud--12_3_2018,_2_46_43_PM",fotocasa,gCloud,1543846385000,0,0,0,0,,piece--16-2,Alcalá de Henares,1,-3.33596,40.5127,-3.33085,40.5076,-3.3334,40.5102
Alcalá de Henares--piece--16-3--gCloud,"scraping-fotocasa-gCloud--12_3_2018,_2_46_43_PM",fotocasa,gCloud,1543846394000,0,0,0,0,,piece--16-3,Alcalá de Henares,1,-3.33596,40.5076,-3.33085,40.5025,-3.3334,40.505
Alcalá de Henares--piece--16-4--gCloud,"scraping-fotocasa-gCloud--12_3_2018,_2_46_43_PM",fotocasa,gCloud,1543846402000,0,0,0,0,,piece--16-4,Alcalá de Henares,1,-3.33596,40.5025,-3.33085,40.4974,-3.3334,40.4999
Alcalá de Henares--piece--16-5--gCloud,"scraping-fotocasa-gCloud--12_3_2018,_2_46_43_PM",fotocasa,gCloud,1543846407000,0,0,0,0,,piece--16-5,Alcalá de Henares,1,-3.33596,40.4974,-3.33085,40.4922,-3.3334,40.4948
Alcalá de Henares--piece--16-6--gCloud,"scraping-fotocasa-gCloud--12_3_2018,_2_46_43_PM",fotocasa,gCloud,1543846413000,0,0,0,0,,piece--16-6,Alcalá de Henares,1,-3.33596,40.4922,-3.33085,40.4871,-3.3334,40.4897
Alcalá de Henares--piece--16-7--gCloud,"scraping-fotocasa-gCloud--12_3_2018,_2_46_43_PM",fotocasa,gCloud,1543846420000,0,0,0,0,,piece--16-7,Alcalá de Henares,1,-3.33596,40.4871,-3.33085,40.482,-3.3334,40.4845
Alcalá de Henares--piece--16-8--gCloud,"scraping-fotocasa-gCloud--12_3_2018,_2_46_43_PM",fotocasa,gCloud,1543846429000,0,0,0,0,,piece--16-8,Alcalá de Henares,1,-3.33596,40.482,-3.33085,40.4769,-3.3334,40.4794
Alcalá de Henares--piece--16-9--gCloud,"scraping-fotocasa-gCloud--12_3_2018,_2_46_43_PM",fotocasa,gCloud,1543846434000,0,0,0,0,,piece--16-9,Alcalá de Henares,1,-3.33596,40.4769,-3.33085,40.4717,-3.3334,40.4743
Alcalá de Henares--piece--17-0--gCloud,"scraping-fotocasa-gCloud--12_3_2018,_2_46_43_PM",fotocasa,gCloud,1543846445000,0,0,0,0,,piece--17-0,Alcalá de Henares,1,-3.33085,40.523,-3.32573,40.5179,-3.32829,40.5204
Alcalá de Henares--piece--17-1--gCloud,"scraping-fotocasa-gCloud--12_3_2018,_2_46_43_PM",fotocasa,gCloud,1543846453000,0,0,0,0,,piece--17-1,Alcalá de Henares,1,-3.33085,40.5179,-3.32573,40.5127,-3.32829,40.5153
Alcalá de Henares--piece--17-10--gCloud,"scraping-fotocasa-gCloud--12_3_2018,_2_46_43_PM",fotocasa,gCloud,1543846471000,0,0,0,0,,piece--17-10,Alcalá de Henares,1,-3.33085,40.4717,-3.32573,40.4666,-3.32829,40.4692
Alcalá de Henares--piece--17-2--gCloud,"scraping-fotocasa-gCloud--12_3_2018,_2_46_43_PM",fotocasa,gCloud,1543846479000,0,0,0,0,,piece--17-2,Alcalá de Henares,1,-3.33085,40.5127,-3.32573,40.5076,-3.32829,40.5102
Alcalá de Henares--piece--17-3--gCloud,"scraping-fotocasa-gCloud--12_3_2018,_2_46_43_PM",fotocasa,gCloud,1543846485000,0,0,0,0,,piece--17-3,Alcalá de Henares,1,-3.33085,40.5076,-3.32573,40.5025,-3.32829,40.505
Alcalá de Henares--piece--17-4--gCloud,"scraping-fotocasa-gCloud--12_3_2018,_2_46_43_PM",fotocasa,gCloud,1543846496000,0,0,0,0,,piece--17-4,Alcalá de Henares,1,-3.33085,40.5025,-3.32573,40.4974,-3.32829,40.4999
Alcalá de Henares--piece--17-5--gCloud,"scraping-fotocasa-gCloud--12_3_2018,_2_46_43_PM",fotocasa,gCloud,1543846504000,0,0,0,0,,piece--17-5,Alcalá de Henares,1,-3.33085,40.4974,-3.32573,40.4922,-3.32829,40.4948
Alcalá de Henares--piece--17-6--gCloud,"scraping-fotocasa-gCloud--12_3_2018,_2_46_43_PM",fotocasa,gCloud,1543846513000,0,0,0,0,,piece--17-6,Alcalá de Henares,1,-3.33085,40.4922,-3.32573,40.4871,-3.32829,40.4897
Alcalá de Henares--piece--17-7--gCloud,"scraping-fotocasa-gCloud--12_3_2018,_2_46_43_PM",fotocasa,gCloud,1543846521000,1714.29,1,0,0,,piece--17-7,Alcalá de Henares,1,-3.33085,40.4871,-3.32573,40.482,-3.32829,40.4845
Alcalá de Henares--piece--17-8--gCloud,"scraping-fotocasa-gCloud--12_3_2018,_2_46_43_PM",fotocasa,gCloud,1543846527000,0,0,0,0,,piece--17-8,Alcalá de Henares,1,-3.33085,40.482,-3.32573,40.4769,-3.32829,40.4794
Alcalá de Henares--piece--17-9--gCloud,"scraping-fotocasa-gCloud--12_3_2018,_2_46_43_PM",fotocasa,gCloud,1543846538000,0,0,0,0,,piece--17-9,Alcalá de Henares,1,-3.33085,40.4769,-3.32573,40.4717,-3.32829,40.4743
Alcalá de Henares--piece--18-0--gCloud,"scraping-fotocasa-gCloud--12_3_2018,_2_46_43_PM",fotocasa,gCloud,1543846545000,0,0,0,0,,piece--18-0,Alcalá de Henares,1,-3.32573,40.523,-3.32061,40.5179,-3.32317,40.5204
Alcalá de Henares--piece--18-1--gCloud,"scraping-fotocasa-gCloud--12_3_2018,_2_46_43_PM",fotocasa,gCloud,1543846551000,0,0,0,0,,piece--18-1,Alcalá de Henares,1,-3.32573,40.5179,-3.32061,40.5127,-3.32317,40.5153
Alcalá de Henares--piece--18-10--gCloud,"scraping-fotocasa-gCloud--12_3_2018,_2_46_43_PM",fotocasa,gCloud,1543846559000,0,0,0,0,,piece--18-10,Alcalá de Henares,1,-3.32573,40.4717,-3.32061,40.4666,-3.32317,40.4692
Alcalá de Henares--piece--18-2--gCloud,"scraping-fotocasa-gCloud--12_3_2018,_2_46_43_PM",fotocasa,gCloud,1543846571000,0,0,0,0,,piece--18-2,Alcalá de Henares,1,-3.32573,40.5127,-3.32061,40.5076,-3.32317,40.5102
Alcalá de Henares--piece--18-3--gCloud,"scraping-fotocasa-gCloud--12_3_2018,_2_46_43_PM",fotocasa,gCloud,1543846579000,0,0,0,0,,piece--18-3,Alcalá de Henares,1,-3.32573,40.5076,-3.32061,40.5025,-3.32317,40.505
Alcalá de Henares--piece--18-4--gCloud,"scraping-fotocasa-gCloud--12_3_2018,_2_46_43_PM",fotocasa,gCloud,1543846585000,0,0,0,0,,piece--18-4,Alcalá de Henares,1,-3.32573,40.5025,-3.32061,40.4974,-3.32317,40.4999
Alcalá de Henares--piece--18-5--gCloud,"scraping-fotocasa-gCloud--12_3_2018,_2_46_43_PM",fotocasa,gCloud,1543846596000,0,0,0,0,,piece--18-5,Alcalá de Henares,1,-3.32573,40.4974,-3.32061,40.4922,-3.32317,40.4948
Alcalá de Henares--piece--18-6--gCloud,"scraping-fotocasa-gCloud--12_3_2018,_2_46_43_PM",fotocasa,gCloud,1543846602000,0,0,0,0,,piece--18-6,Alcalá de Henares,1,-3.32573,40.4922,-3.32061,40.4871,-3.32317,40.4897
Alcalá de Henares--piece--18-7--gCloud,"scraping-fotocasa-gCloud--12_3_2018,_2_46_43_PM",fotocasa,gCloud,1543846611000,0,0,0,0,,piece--18-7,Alcalá de Henares,1,-3.32573,40.4871,-3.32061,40.482,-3.32317,40.4845
Alcalá de Henares--piece--18-8--gCloud,"scraping-fotocasa-gCloud--12_3_2018,_2_46_43_PM",fotocasa,gCloud,1543846616000,0,0,0,0,,piece--18-8,Alcalá de Henares,1,-3.32573,40.482,-3.32061,40.4769,-3.32317,40.4794
Alcalá de Henares--piece--18-9--gCloud,"scraping-fotocasa-gCloud--12_3_2018,_2_46_43_PM",fotocasa,gCloud,1543846622000,0,0,0,0,,piece--18-9,Alcalá de Henares,1,-3.32573,40.4769,-3.32061,40.4717,-3.32317,40.4743
Alcalá de Henares--piece--19-0--gCloud,"scraping-fotocasa-gCloud--12_3_2018,_2_46_43_PM",fotocasa,gCloud,1543846627000,0,0,0,0,,piece--19-0,Alcalá de Henares,1,-3.32061,40.523,-3.31549,40.5179,-3.31805,40.5204
Alcalá de Henares--piece--19-1--gCloud,"scraping-fotocasa-gCloud--12_3_2018,_2_46_43_PM",fotocasa,gCloud,1543846637000,0,0,0,0,,piece--19-1,Alcalá de Henares,1,-3.32061,40.5179,-3.31549,40.5127,-3.31805,40.5153
Alcalá de Henares--piece--19-10--gCloud,"scraping-fotocasa-gCloud--12_3_2018,_2_46_43_PM",fotocasa,gCloud,1543846642000,0,0,0,0,,piece--19-10,Alcalá de Henares,1,-3.32061,40.4717,-3.31549,40.4666,-3.31805,40.4692
Alcalá de Henares--piece--19-2--gCloud,"scraping-fotocasa-gCloud--12_3_2018,_2_46_43_PM",fotocasa,gCloud,1543846650000,0,0,0,0,,piece--19-2,Alcalá de Henares,1,-3.32061,40.5127,-3.31549,40.5076,-3.31805,40.5102
Alcalá de Henares--piece--19-3--gCloud,"scraping-fotocasa-gCloud--12_3_2018,_2_46_43_PM",fotocasa,gCloud,1543846659000,0,0,0,0,,piece--19-3,Alcalá de Henares,1,-3.32061,40.5076,-3.31549,40.5025,-3.31805,40.505
Alcalá de Henares--piece--19-4--gCloud,"scraping-fotocasa-gCloud--12_3_2018,_2_46_43_PM",fotocasa,gCloud,1543846667000,0,0,0,0,,piece--19-4,Alcalá de Henares,1,-3.32061,40.5025,-3.31549,40.4974,-3.31805,40.4999
Alcalá de Henares--piece--19-5--gCloud,"scraping-fotocasa-gCloud--12_3_2018,_2_46_43_PM",fotocasa,gCloud,1543846672000,0,0,0,0,,piece--19-5,Alcalá de Henares,1,-3.32061,40.4974,-3.31549,40.4922,-3.31805,40.4948
Alcalá de Henares--piece--19-6--gCloud,"scraping-fotocasa-gCloud--12_3_2018,_2_46_43_PM",fotocasa,gCloud,1543846689000,0,0,0,0,,piece--19-6,Alcalá de Henares,1,-3.32061,40.4922,-3.31549,40.4871,-3.31805,40.4897
Alcalá de Henares--piece--19-7--gCloud,"scraping-fotocasa-gCloud--12_3_2018,_2_46_43_PM",fotocasa,gCloud,1543846698000,0,0,0,0,,piece--19-7,Alcalá de Henares,1,-3.32061,40.4871,-3.31549,40.482,-3.31805,40.4845
Alcalá de Henares--piece--19-8--gCloud,"scraping-fotocasa-gCloud--12_3_2018,_2_46_43_PM",fotocasa,gCloud,1543846708000,0,0,0,0,,piece--19-8,Alcalá de Henares,1,-3.32061,40.482,-3.31549,40.4769,-3.31805,40.4794
Alcalá de Henares--piece--19-9--gCloud,"scraping-fotocasa-gCloud--12_3_2018,_2_46_43_PM",fotocasa,gCloud,1543846720000,0,0,0,0,,piece--19-9,Alcalá de Henares,1,-3.32061,40.4769,-3.31549,40.4717,-3.31805,40.4743
Alcalá de Henares--piece--2-0--gCloud,"scraping-fotocasa-gCloud--12_3_2018,_2_46_43_PM",fotocasa,gCloud,1543846729000,5831.78,1,0,0,,piece--2-0,Alcalá de Henares,1,-3.40763,40.523,-3.40251,40.5179,-3.40507,40.5204
Alcalá de Henares--piece--2-1--gCloud,"scraping-fotocasa-gCloud--12_3_2018,_2_46_43_PM",fotocasa,gCloud,1543846738000,0,0,0,0,,piece--2-1,Alcalá de Henares,1,-3.40763,40.5179,-3.40251,40.5127,-3.40507,40.5153
Alcalá de Henares--piece--2-10--gCloud,"scraping-fotocasa-gCloud--12_3_2018,_2_46_43_PM",fotocasa,gCloud,1543846746000,0,0,0,0,,piece--2-10,Alcalá de Henares,1,-3.40763,40.4717,-3.40251,40.4666,-3.40507,40.4692
Alcalá de Henares--piece--2-2--gCloud,"scraping-fotocasa-gCloud--12_3_2018,_2_46_43_PM",fotocasa,gCloud,1543846754000,0,0,0,0,,piece--2-2,Alcalá de Henares,1,-3.40763,40.5127,-3.40251,40.5076,-3.40507,40.5102
Alcalá de Henares--piece--2-3--gCloud,"scraping-fotocasa-gCloud--12_3_2018,_2_46_43_PM",fotocasa,gCloud,1543846767000,0,0,0,0,,piece--2-3,Alcalá de Henares,1,-3.40763,40.5076,-3.40251,40.5025,-3.40507,40.505
Alcalá de Henares--piece--2-4--gCloud,"scraping-fotocasa-gCloud--12_3_2018,_2_46_43_PM",fotocasa,gCloud,1543846775000,0,0,0,0,,piece--2-4,Alcalá de Henares,1,-3.40763,40.5025,-3.40251,40.4974,-3.40507,40.4999
Alcalá de Henares--piece--2-5--gCloud,"scraping-fotocasa-gCloud--12_3_2018,_2_46_43_PM",fotocasa,gCloud,1543846780000,0,0,0,0,,piece--2-5,Alcalá de Henares,1,-3.40763,40.4974,-3.40251,40.4922,-3.40507,40.4948
Alcalá de Henares--piece--2-6--gCloud,"scraping-fotocasa-gCloud--12_3_2018,_2_46_43_PM",fotocasa,gCloud,1543846785000,0,0,0,0,,piece--2-6,Alcalá de Henares,1,-3.40763,40.4922,-3.40251,40.4871,-3.40507,40.4897
Alcalá de Henares--piece--2-7--gCloud,"scraping-fotocasa-gCloud--12_3_2018,_2_46_43_PM",fotocasa,gCloud,1543846791000,0,0,0,0,,piece--2-7,Alcalá de Henares,1,-3.40763,40.4871,-3.40251,40.482,-3.40507,40.4845
Alcalá de Henares--piece--2-8--gCloud,"scraping-fotocasa-gCloud--12_3_2018,_2_46_43_PM",fotocasa,gCloud,1543846799000,0,0,0,0,,piece--2-8,Alcalá de Henares,1,-3.40763,40.482,-3.40251,40.4769,-3.40507,40.4794
Alcalá de Henares--piece--2-9--gCloud,"scraping-fotocasa-gCloud--12_3_2018,_2_46_43_PM",fotocasa,gCloud,1543846810000,0,0,0,0,,piece--2-9,Alcalá de Henares,1,-3.40763,40.4769,-3.40251,40.4717,-3.40507,40.4743
Alcalá de Henares--piece--3-0--gCloud,"scraping-fotocasa-gCloud--12_3_2018,_2_46_43_PM",fotocasa,gCloud,1543846818000,0,0,0,0,,piece--3-0,Alcalá de Henares,1,-3.40251,40.523,-3.39739,40.5179,-3.39995,40.5204
Alcalá de Henares--piece--3-1--gCloud,"scraping-fotocasa-gCloud--12_3_2018,_2_46_43_PM",fotocasa,gCloud,1543846827000,0,0,0,0,,piece--3-1,Alcalá de Henares,1,-3.40251,40.5179,-3.39739,40.5127,-3.39995,40.5153
Alcalá de Henares--piece--3-10--gCloud,"scraping-fotocasa-gCloud--12_3_2018,_2_46_43_PM",fotocasa,gCloud,1543846832000,0,0,0,0,,piece--3-10,Alcalá de Henares,1,-3.40251,40.4717,-3.39739,40.4666,-3.39995,40.4692
Alcalá de Henares--piece--3-2--gCloud,"scraping-fotocasa-gCloud--12_3_2018,_2_46_43_PM",fotocasa,gCloud,1543846837000,0,0,0,0,,piece--3-2,Alcalá de Henares,1,-3.40251,40.5127,-3.39739,40.5076,-3.39995,40.5102
Alcalá de Henares--piece--3-3--gCloud,"scraping-fotocasa-gCloud--12_3_2018,_2_46_43_PM",fotocasa,gCloud,1543846842000,0,0,0,0,,piece--3-3,Alcalá de Henares,1,-3.40251,40.5076,-3.39739,40.5025,-3.39995,40.505
Alcalá de Henares--piece--3-4--gCloud,"scraping-fotocasa-gCloud--12_3_2018,_2_46_43_PM",fotocasa,gCloud,1543846856000,1180,1,0,0,,piece--3-4,Alcalá de Henares,1,-3.40251,40.5025,-3.39739,40.4974,-3.39995,40.4999
Alcalá de Henares--piece--3-5--gCloud,"scraping-fotocasa-gCloud--12_3_2018,_2_46_43_PM",fotocasa,gCloud,1543846861000,0,0,0,0,,piece--3-5,Alcalá de Henares,1,-3.40251,40.4974,-3.39739,40.4922,-3.39995,40.4948
Alcalá de Henares--piece--3-6--gCloud,"scraping-fotocasa-gCloud--12_3_2018,_2_46_43_PM",fotocasa,gCloud,1543846869000,0,0,0,0,,piece--3-6,Alcalá de Henares,1,-3.40251,40.4922,-3.39739,40.4871,-3.39995,40.4897
Alcalá de Henares--piece--3-7--gCloud,"scraping-fotocasa-gCloud--12_3_2018,_2_46_43_PM",fotocasa,gCloud,1543846885000,0,0,0,0,,piece--3-7,Alcalá de Henares,1,-3.40251,40.4871,-3.39739,40.482,-3.39995,40.4845
Alcalá de Henares--piece--3-8--gCloud,"scraping-fotocasa-gCloud--12_3_2018,_2_46_43_PM",fotocasa,gCloud,1543846897000,2737.26,2,0,0,,piece--3-8,Alcalá de Henares,1,-3.40251,40.482,-3.39739,40.4769,-3.39995,40.4794
Alcalá de Henares--piece--3-9--gCloud,"scraping-fotocasa-gCloud--12_3_2018,_2_46_43_PM",fotocasa,gCloud,1543846902000,0,0,0,0,,piece--3-9,Alcalá de Henares,1,-3.40251,40.4769,-3.39739,40.4717,-3.39995,40.4743
Alcalá de Henares--piece--4-0--gCloud,"scraping-fotocasa-gCloud--12_3_2018,_2_46_43_PM",fotocasa,gCloud,1543846910000,0,0,0,0,,piece--4-0,Alcalá de Henares,1,-3.39739,40.523,-3.39227,40.5179,-3.39483,40.5204
Alcalá de Henares--piece--4-1--gCloud,"scraping-fotocasa-gCloud--12_3_2018,_2_46_43_PM",fotocasa,gCloud,1543846919000,0,0,0,0,,piece--4-1,Alcalá de Henares,1,-3.39739,40.5179,-3.39227,40.5127,-3.39483,40.5153
Alcalá de Henares--piece--4-10--gCloud,"scraping-fotocasa-gCloud--12_3_2018,_2_46_43_PM",fotocasa,gCloud,1543846927000,0,0,0,0,,piece--4-10,Alcalá de Henares,1,-3.39739,40.4717,-3.39227,40.4666,-3.39483,40.4692
Alcalá de Henares--piece--4-2--gCloud,"scraping-fotocasa-gCloud--12_3_2018,_2_46_43_PM",fotocasa,gCloud,1543846937000,0,0,0,0,,piece--4-2,Alcalá de Henares,1,-3.39739,40.5127,-3.39227,40.5076,-3.39483,40.5102
Alcalá de Henares--piece--4-3--gCloud,"scraping-fotocasa-gCloud--12_3_2018,_2_46_43_PM",fotocasa,gCloud,1543846942000,1600,1,0,0,,piece--4-3,Alcalá de Henares,1,-3.39739,40.5076,-3.39227,40.5025,-3.39483,40.505
Alcalá de Henares--piece--4-4--gCloud,"scraping-fotocasa-gCloud--12_3_2018,_2_46_43_PM",fotocasa,gCloud,1543846947000,0,0,0,0,,piece--4-4,Alcalá de Henares,1,-3.39739,40.5025,-3.39227,40.4974,-3.39483,40.4999
Alcalá de Henares--piece--4-5--gCloud,"scraping-fotocasa-gCloud--12_3_2018,_2_46_43_PM",fotocasa,gCloud,1543846956000,0,0,0,0,,piece--4-5,Alcalá de Henares,1,-3.39739,40.4974,-3.39227,40.4922,-3.39483,40.4948
Alcalá de Henares--piece--4-6--gCloud,"scraping-fotocasa-gCloud--12_3_2018,_2_46_43_PM",fotocasa,gCloud,1543846965000,0,0,6.08889,1,,piece--4-6,Alcalá de Henares,1,-3.39739,40.4922,-3.39227,40.4871,-3.39483,40.4897
Alcalá de Henares--piece--4-7--gCloud,"scraping-fotocasa-gCloud--12_3_2018,_2_46_43_PM",fotocasa,gCloud,1543846974000,1982.04,22,6.08889,1,,piece--4-7,Alcalá de Henares,1,-3.39739,40.4871,-3.39227,40.482,-3.39483,40.4845
Alcalá de Henares--piece--4-8--gCloud,"scraping-fotocasa-gCloud--12_3_2018,_2_46_43_PM",fotocasa,gCloud,1543846992000,2232.3,5,7.12222,2,,piece--4-8,Alcalá de Henares,1,-3.39739,40.482,-3.39227,40.4769,-3.39483,40.4794
Alcalá de Henares--piece--4-9--gCloud,"scraping-fotocasa-gCloud--12_3_2018,_2_46_43_PM",fotocasa,gCloud,1543846997000,1953.22,2,0,0,,piece--4-9,Alcalá de Henares,1,-3.39739,40.4769,-3.39227,40.4717,-3.39483,40.4743
Alcalá de Henares--piece--5-0--gCloud,"scraping-fotocasa-gCloud--12_3_2018,_2_46_43_PM",fotocasa,gCloud,1543847003000,0,0,0,0,,piece--5-0,Alcalá de Henares,1,-3.39227,40.523,-3.38715,40.5179,-3.38971,40.5204
Alcalá de Henares--piece--5-1--gCloud,"scraping-fotocasa-gCloud--12_3_2018,_2_46_43_PM",fotocasa,gCloud,1543847009000,0,0,0,0,,piece--5-1,Alcalá de Henares,1,-3.39227,40.5179,-3.38715,40.5127,-3.38971,40.5153
Alcalá de Henares--piece--5-10--gCloud,"scraping-fotocasa-gCloud--12_3_2018,_2_46_43_PM",fotocasa,gCloud,1543847020000,0,0,0,0,,piece--5-10,Alcalá de Henares,1,-3.39227,40.4717,-3.38715,40.4666,-3.38971,40.4692
Alcalá de Henares--piece--5-2--gCloud,"scraping-fotocasa-gCloud--12_3_2018,_2_46_43_PM",fotocasa,gCloud,1543847027000,0,0,0,0,,piece--5-2,Alcalá de Henares,1,-3.39227,40.5127,-3.38715,40.5076,-3.38971,40.5102
Alcalá de Henares--piece--5-3--gCloud,"scraping-fotocasa-gCloud--12_3_2018,_2_46_43_PM",fotocasa,gCloud,1543847038000,1465.52,1,8.46667,1,,piece--5-3,Alcalá de Henares,1,-3.39227,40.5076,-3.38715,40.5025,-3.38971,40.505
Alcalá de Henares--piece--5-4--gCloud,"scraping-fotocasa-gCloud--12_3_2018,_2_46_43_PM",fotocasa,gCloud,1543847044000,2385.32,3,0,0,,piece--5-4,Alcalá de Henares,1,-3.39227,40.5025,-3.38715,40.4974,-3.38971,40.4999
Alcalá de Henares--piece--5-5--gCloud,"scraping-fotocasa-gCloud--12_3_2018,_2_46_43_PM",fotocasa,gCloud,1543847055000,0,0,0,0,,piece--5-5,Alcalá de Henares,1,-3.39227,40.4974,-3.38715,40.4922,-3.38971,40.4948
Alcalá de Henares--piece--5-6--gCloud,"scraping-fotocasa-gCloud--12_3_2018,_2_46_43_PM",fotocasa,gCloud,1543847063000,0,0,0,0,,piece--5-6,Alcalá de Henares,1,-3.39227,40.4922,-3.38715,40.4871,-3.38971,40.4897
Alcalá de Henares--piece--5-7--gCloud,"scraping-fotocasa-gCloud--12_3_2018,_2_46_43_PM",fotocasa,gCloud,1543847072000,1748.04,5,0,0,,piece--5-7,Alcalá de Henares,1,-3.39227,40.4871,-3.38715,40.482,-3.38971,40.4845
Alcalá de Henares--piece--5-8--gCloud,"scraping-fotocasa-gCloud--12_3_2018,_2_46_43_PM",fotocasa,gCloud,1543847082000,2050.2,15,0,0,,piece--5-8,Alcalá de Henares,1,-3.39227,40.482,-3.38715,40.4769,-3.38971,40.4794
Alcalá de Henares--piece--5-9--gCloud,"scraping-fotocasa-gCloud--12_3_2018,_2_46_43_PM",fotocasa,gCloud,1543847102000,1874.65,7,0,0,,piece--5-9,Alcalá de Henares,1,-3.39227,40.4769,-3.38715,40.4717,-3.38971,40.4743
Alcalá de Henares--piece--6-0--gCloud,"scraping-fotocasa-gCloud--12_3_2018,_2_46_43_PM",fotocasa,gCloud,1543847107000,0,0,0,0,,piece--6-0,Alcalá de Henares,1,-3.38715,40.523,-3.38203,40.5179,-3.38459,40.5204
Alcalá de Henares--piece--6-1--gCloud,"scraping-fotocasa-gCloud--12_3_2018,_2_46_43_PM",fotocasa,gCloud,1543847120000,0,0,0,0,,piece--6-1,Alcalá de Henares,1,-3.38715,40.5179,-3.38203,40.5127,-3.38459,40.5153
Alcalá de Henares--piece--6-10--gCloud,"scraping-fotocasa-gCloud--12_3_2018,_2_46_43_PM",fotocasa,gCloud,1543847125000,1182.63,1,0,0,,piece--6-10,Alcalá de Henares,1,-3.38715,40.4717,-3.38203,40.4666,-3.38459,40.4692
Alcalá de Henares--piece--6-2--gCloud,"scraping-fotocasa-gCloud--12_3_2018,_2_46_43_PM",fotocasa,gCloud,1543847131000,0,0,0,0,,piece--6-2,Alcalá de Henares,1,-3.38715,40.5127,-3.38203,40.5076,-3.38459,40.5102
Alcalá de Henares--piece--6-3--gCloud,"scraping-fotocasa-gCloud--12_3_2018,_2_46_43_PM",fotocasa,gCloud,1543847138000,1964.49,30,8.77291,2,,piece--6-3,Alcalá de Henares,1,-3.38715,40.5076,-3.38203,40.5025,-3.38459,40.505
Alcalá de Henares--piece--6-4--gCloud,"scraping-fotocasa-gCloud--12_3_2018,_2_46_43_PM",fotocasa,gCloud,1543847143000,1974.11,13,0,0,,piece--6-4,Alcalá de Henares,1,-3.38715,40.5025,-3.38203,40.4974,-3.38459,40.4999
Alcalá de Henares--piece--6-5--gCloud,"scraping-fotocasa-gCloud--12_3_2018,_2_46_43_PM",fotocasa,gCloud,1543847157000,0,0,0,0,,piece--6-5,Alcalá de Henares,1,-3.38715,40.4974,-3.38203,40.4922,-3.38459,40.4948
Alcalá de Henares--piece--6-6--gCloud,"scraping-fotocasa-gCloud--12_3_2018,_2_46_43_PM",fotocasa,gCloud,1543847165000,0,0,0,0,,piece--6-6,Alcalá de Henares,1,-3.38715,40.4922,-3.38203,40.4871,-3.38459,40.4897
Alcalá de Henares--piece--6-7--gCloud,"scraping-fotocasa-gCloud--12_3_2018,_2_46_43_PM",fotocasa,gCloud,1543847171000,0,0,0,0,,piece--6-7,Alcalá de Henares,1,-3.38715,40.4871,-3.38203,40.482,-3.38459,40.4845
Alcalá de Henares--piece--6-8--gCloud,"scraping-fotocasa-gCloud--12_3_2018,_2_46_43_PM",fotocasa,gCloud,1543847176000,1677.52,11,0,0,,piece--6-8,Alcalá de Henares,1,-3.38715,40.482,-3.38203,40.4769,-3.38459,40.4794
Alcalá de Henares--piece--6-9--gCloud,"scraping-fotocasa-gCloud--12_3_2018,_2_46_43_PM",fotocasa,gCloud,1543847185000,1208.37,21,7.00041,2,,piece--6-9,Alcalá de Henares,1,-3.38715,40.4769,-3.38203,40.4717,-3.38459,40.4743
Alcalá de Henares--piece--7-0--gCloud,"scraping-fotocasa-gCloud--12_3_2018,_2_46_43_PM",fotocasa,gCloud,1543847191000,0,0,0,0,,piece--7-0,Alcalá de Henares,1,-3.38203,40.523,-3.37691,40.5179,-3.37947,40.5204
Alcalá de Henares--piece--7-1--gCloud,"scraping-fotocasa-gCloud--12_3_2018,_2_46_43_PM",fotocasa,gCloud,1543847202000,0,0,0,0,,piece--7-1,Alcalá de Henares,1,-3.38203,40.5179,-3.37691,40.5127,-3.37947,40.5153
Alcalá de Henares--piece--7-10--gCloud,"scraping-fotocasa-gCloud--12_3_2018,_2_46_43_PM",fotocasa,gCloud,1543847215000,1341.51,6,7.16049,1,,piece--7-10,Alcalá de Henares,1,-3.38203,40.4717,-3.37691,40.4666,-3.37947,40.4692
Alcalá de Henares--piece--7-2--gCloud,"scraping-fotocasa-gCloud--12_3_2018,_2_46_43_PM",fotocasa,gCloud,1543847220000,0,0,0,0,,piece--7-2,Alcalá de Henares,1,-3.38203,40.5127,-3.37691,40.5076,-3.37947,40.5102
Alcalá de Henares--piece--7-3--gCloud,"scraping-fotocasa-gCloud--12_3_2018,_2_46_43_PM",fotocasa,gCloud,1543847227000,1919.12,1,0,0,,piece--7-3,Alcalá de Henares,1,-3.38203,40.5076,-3.37691,40.5025,-3.37947,40.505
Alcalá de Henares--piece--7-4--gCloud,"scraping-fotocasa-gCloud--12_3_2018,_2_46_43_PM",fotocasa,gCloud,1543847235000,0,0,0,0,,piece--7-4,Alcalá de Henares,1,-3.38203,40.5025,-3.37691,40.4974,-3.37947,40.4999
Alcalá de Henares--piece--7-5--gCloud,"scraping-fotocasa-gCloud--12_3_2018,_2_46_43_PM",fotocasa,gCloud,1543847244000,1682.5,4,0,0,,piece--7-5,Alcalá de Henares,1,-3.38203,40.4974,-3.37691,40.4922,-3.37947,40.4948
Alcalá de Henares--piece--7-6--gCloud,"scraping-fotocasa-gCloud--12_3_2018,_2_46_43_PM",fotocasa,gCloud,1543847256000,1727.11,5,0,0,,piece--7-6,Alcalá de Henares,1,-3.38203,40.4922,-3.37691,40.4871,-3.37947,40.4897
Alcalá de Henares--piece--7-7--gCloud,"scraping-fotocasa-gCloud--12_3_2018,_2_46_43_PM",fotocasa,gCloud,1543847266000,1667.21,3,0,0,,piece--7-7,Alcalá de Henares,1,-3.38203,40.4871,-3.37691,40.482,-3.37947,40.4845
Alcalá de Henares--piece--7-8--gCloud,"scraping-fotocasa-gCloud--12_3_2018,_2_46_43_PM",fotocasa,gCloud,1543847274000,1260.91,5,9.82759,1,,piece--7-8,Alcalá de Henares,1,-3.38203,40.482,-3.37691,40.4769,-3.37947,40.4794
Alcalá de Henares--piece--7-9--gCloud,"scraping-fotocasa-gCloud--12_3_2018,_2_46_43_PM",fotocasa,gCloud,1543847281000,1247.96,29,8.42535,7,,piece--7-9,Alcalá de Henares,1,-3.38203,40.4769,-3.37691,40.4717,-3.37947,40.4743
Alcalá de Henares--piece--8-0--gCloud,"scraping-fotocasa-gCloud--12_3_2018,_2_46_43_PM",fotocasa,gCloud,1543847290000,0,0,0,0,,piece--8-0,Alcalá de Henares,1,-3.37691,40.523,-3.37179,40.5179,-3.37435,40.5204
Alcalá de Henares--piece--8-1--gCloud,"scraping-fotocasa-gCloud--12_3_2018,_2_46_43_PM",fotocasa,gCloud,1543847295000,0,0,0,0,,piece--8-1,Alcalá de Henares,1,-3.37691,40.5179,-3.37179,40.5127,-3.37435,40.5153
Alcalá de Henares--piece--8-10--gCloud,"scraping-fotocasa-gCloud--12_3_2018,_2_46_43_PM",fotocasa,gCloud,1543847301000,1723.97,17,7.50043,3,,piece--8-10,Alcalá de Henares,1,-3.37691,40.4717,-3.37179,40.4666,-3.37435,40.4692
Alcalá de Henares--piece--8-2--gCloud,"scraping-fotocasa-gCloud--12_3_2018,_2_46_43_PM",fotocasa,gCloud,1543847308000,1451.82,3,0,0,,piece--8-2,Alcalá de Henares,1,-3.37691,40.5127,-3.37179,40.5076,-3.37435,40.5102
Alcalá de Henares--piece--8-3--gCloud,"scraping-fotocasa-gCloud--12_3_2018,_2_46_43_PM",fotocasa,gCloud,1543847317000,1379.74,6,7.62295,1,,piece--8-3,Alcalá de Henares,1,-3.37691,40.5076,-3.37179,40.5025,-3.37435,40.505
Alcalá de Henares--piece--8-4--gCloud,"scraping-fotocasa-gCloud--12_3_2018,_2_46_43_PM",fotocasa,gCloud,1543847322000,1903.2,8,0,0,,piece--8-4,Alcalá de Henares,1,-3.37691,40.5025,-3.37179,40.4974,-3.37435,40.4999
Alcalá de Henares--piece--8-5--gCloud,"scraping-fotocasa-gCloud--12_3_2018,_2_46_43_PM",fotocasa,gCloud,1543847329000,2369.68,30,8.17067,4,,piece--8-5,Alcalá de Henares,1,-3.37691,40.4974,-3.37179,40.4922,-3.37435,40.4948
Alcalá de Henares--piece--8-6--gCloud,"scraping-fotocasa-gCloud--12_3_2018,_2_46_43_PM",fotocasa,gCloud,1543847343000,1735.66,29,0,0,,piece--8-6,Alcalá de Henares,1,-3.37691,40.4922,-3.37179,40.4871,-3.37435,40.4897
Alcalá de Henares--piece--8-7--gCloud,"scraping-fotocasa-gCloud--12_3_2018,_2_46_43_PM",fotocasa,gCloud,1543847352000,1597.05,7,0,0,,piece--8-7,Alcalá de Henares,1,-3.37691,40.4871,-3.37179,40.482,-3.37435,40.4845
Alcalá de Henares--piece--8-8--gCloud,"scraping-fotocasa-gCloud--12_3_2018,_2_46_43_PM",fotocasa,gCloud,1543847365000,1835.33,24,7.62698,6,,piece--8-8,Alcalá de Henares,1,-3.37691,40.482,-3.37179,40.4769,-3.37435,40.4794
Alcalá de Henares--piece--8-9--gCloud,"scraping-fotocasa-gCloud--12_3_2018,_2_46_43_PM",fotocasa,gCloud,1543847376000,1564.82,29,8.22314,5,,piece--8-9,Alcalá de Henares,1,-3.37691,40.4769,-3.37179,40.4717,-3.37435,40.4743
Alcalá de Henares--piece--9-0--gCloud,"scraping-fotocasa-gCloud--12_3_2018,_2_46_43_PM",fotocasa,gCloud,1543847384000,0,0,0,0,,piece--9-0,Alcalá de Henares,1,-3.37179,40.523,-3.36668,40.5179,-3.36924,40.5204
Alcalá de Henares--piece--9-1--gCloud,"scraping-fotocasa-gCloud--12_3_2018,_2_46_43_PM",fotocasa,gCloud,1543847389000,0,0,0,0,,piece--9-1,Alcalá de Henares,1,-3.37179,40.5179,-3.36668,40.5127,-3.36924,40.5153
Alcalá de Henares--piece--9-10--gCloud,"scraping-fotocasa-gCloud--12_3_2018,_2_46_43_PM",fotocasa,gCloud,1543847403000,1726.16,18,6.48148,1,,piece--9-10,Alcalá de Henares,1,-3.37179,40.4717,-3.36668,40.4666,-3.36924,40.4692
Alcalá de Henares--piece--9-2--gCloud,"scraping-fotocasa-gCloud--12_3_2018,_2_46_43_PM",fotocasa,gCloud,1543847414000,1617.03,8,0,0,,piece--9-2,Alcalá de Henares,1,-3.37179,40.5127,-3.36668,40.5076,-3.36924,40.5102
Alcalá de Henares--piece--9-3--gCloud,"scraping-fotocasa-gCloud--12_3_2018,_2_46_43_PM",fotocasa,gCloud,1543847422000,2017.28,3,5.62015,1,,piece--9-3,Alcalá de Henares,1,-3.37179,40.5076,-3.36668,40.5025,-3.36924,40.505
Alcalá de Henares--piece--9-4--gCloud,"scraping-fotocasa-gCloud--12_3_2018,_2_46_43_PM",fotocasa,gCloud,1543847431000,1690.15,8,0,0,,piece--9-4,Alcalá de Henares,1,-3.37179,40.5025,-3.36668,40.4974,-3.36924,40.4999
Alcalá de Henares--piece--9-5--gCloud,"scraping-fotocasa-gCloud--12_3_2018,_2_46_43_PM",fotocasa,gCloud,1543847440000,1766.47,22,9.3486,3,,piece--9-5,Alcalá de Henares,1,-3.37179,40.4974,-3.36668,40.4922,-3.36924,40.4948
Alcalá de Henares--piece--9-6--gCloud,"scraping-fotocasa-gCloud--12_3_2018,_2_46_43_PM",fotocasa,gCloud,1543847446000,1646.28,29,9.33899,3,,piece--9-6,Alcalá de Henares,1,-3.37179,40.4922,-3.36668,40.4871,-3.36924,40.4897
Alcalá de Henares--piece--9-7--gCloud,"scraping-fotocasa-gCloud--12_3_2018,_2_46_43_PM",fotocasa,gCloud,1543847455000,2098.11,18,8.27167,9,,piece--9-7,Alcalá de Henares,1,-3.37179,40.4871,-3.36668,40.482,-3.36924,40.4845
Alcalá de Henares--piece--9-8--gCloud,"scraping-fotocasa-gCloud--12_3_2018,_2_46_43_PM",fotocasa,gCloud,1543847462000,2496.21,28,8.77793,7,,piece--9-8,Alcalá de Henares,1,-3.37179,40.482,-3.36668,40.4769,-3.36924,40.4794
Alcalá de Henares--piece--9-9--gCloud,"scraping-fotocasa-gCloud--12_3_2018,_2_46_43_PM",fotocasa,gCloud,1543847474000,1666.32,7,8.32386,2,,piece--9-9,Alcalá de Henares,1,-3.37179,40.4769,-3.36668,40.4717,-3.36924,40.4743
