piece_id,scraping_id,app_id,device_id,date_scraped,average_prize_buy,number_of_ads_buy,average_prize_rent,number_of_ads_rent,extra_data,piece_name,city_name,scraped,bounding_box1_x,bounding_box1_y,bounding_box2_x,bounding_box2_y,center_point_x,center_point_y,geojson_coordinates,method
Alcalá de Henares--piece--0-0--raspberry3bp,scraping-airbnb-raspberry3bp--2018-11-29_14_04_43,airbnb,raspberry3bp,1544163129000,0,0,0,0,,piece--0-0,Alcalá de Henares,1,-3.41786,40.523,-3.41274,40.5179,-3.4153,40.5204,,
Alcalá de Henares--piece--0-1--raspberry3bp,scraping-airbnb-raspberry3bp--2018-11-29_14_04_43,airbnb,raspberry3bp,1544163141000,0,0,0,0,,piece--0-1,Alcalá de Henares,1,-3.41786,40.5179,-3.41274,40.5127,-3.4153,40.5153,,
Alcalá de Henares--piece--0-10--raspberry3bp,scraping-airbnb-raspberry3bp--2018-11-29_14_04_43,airbnb,raspberry3bp,1544163155000,0,0,0,0,,piece--0-10,Alcalá de Henares,1,-3.41786,40.4717,-3.41274,40.4666,-3.4153,40.4692,,
Alcalá de Henares--piece--0-2--raspberry3bp,scraping-airbnb-raspberry3bp--2018-11-29_14_04_43,airbnb,raspberry3bp,1544163167000,0,0,0,0,,piece--0-2,Alcalá de Henares,1,-3.41786,40.5127,-3.41274,40.5076,-3.4153,40.5102,,
Alcalá de Henares--piece--0-3--raspberry3bp,scraping-airbnb-raspberry3bp--2018-11-29_14_04_43,airbnb,raspberry3bp,1544163185000,0,0,0,0,,piece--0-3,Alcalá de Henares,1,-3.41786,40.5076,-3.41274,40.5025,-3.4153,40.505,,
Alcalá de Henares--piece--0-4--raspberry3bp,scraping-airbnb-raspberry3bp--2018-11-29_14_04_43,airbnb,raspberry3bp,1544163198000,0,0,0,0,,piece--0-4,Alcalá de Henares,1,-3.41786,40.5025,-3.41274,40.4974,-3.4153,40.4999,,
Alcalá de Henares--piece--0-5--raspberry3bp,scraping-airbnb-raspberry3bp--2018-11-29_14_04_43,airbnb,raspberry3bp,1544163210000,0,0,0,0,,piece--0-5,Alcalá de Henares,1,-3.41786,40.4974,-3.41274,40.4922,-3.4153,40.4948,,
Alcalá de Henares--piece--0-6--raspberry3bp,scraping-airbnb-raspberry3bp--2018-11-29_14_04_43,airbnb,raspberry3bp,1544163229000,0,0,0,0,,piece--0-6,Alcalá de Henares,1,-3.41786,40.4922,-3.41274,40.4871,-3.4153,40.4897,,
Alcalá de Henares--piece--0-7--raspberry3bp,scraping-airbnb-raspberry3bp--2018-11-29_14_04_43,airbnb,raspberry3bp,1544163242000,0,0,0,0,,piece--0-7,Alcalá de Henares,1,-3.41786,40.4871,-3.41274,40.482,-3.4153,40.4845,,
Alcalá de Henares--piece--0-8--raspberry3bp,scraping-airbnb-raspberry3bp--2018-11-29_14_04_43,airbnb,raspberry3bp,1544163256000,0,0,0,0,,piece--0-8,Alcalá de Henares,1,-3.41786,40.482,-3.41274,40.4769,-3.4153,40.4794,,
Alcalá de Henares--piece--0-9--raspberry3bp,scraping-airbnb-raspberry3bp--2018-11-29_14_04_43,airbnb,raspberry3bp,1544163270000,0,0,0,0,,piece--0-9,Alcalá de Henares,1,-3.41786,40.4769,-3.41274,40.4717,-3.4153,40.4743,,
Alcalá de Henares--piece--1-0--raspberry3bp,scraping-airbnb-raspberry3bp--2018-11-29_14_04_43,airbnb,raspberry3bp,1544163286000,0,0,0,0,,piece--1-0,Alcalá de Henares,1,-3.41274,40.523,-3.40763,40.5179,-3.41018,40.5204,,
Alcalá de Henares--piece--1-1--raspberry3bp,scraping-airbnb-raspberry3bp--2018-11-29_14_04_43,airbnb,raspberry3bp,1544163303000,0,0,0,1,,piece--1-1,Alcalá de Henares,1,-3.41274,40.5179,-3.40763,40.5127,-3.41018,40.5153,,
Alcalá de Henares--piece--1-10--raspberry3bp,scraping-airbnb-raspberry3bp--2018-11-29_14_04_43,airbnb,raspberry3bp,1544163324000,0,0,0,0,,piece--1-10,Alcalá de Henares,1,-3.41274,40.4717,-3.40763,40.4666,-3.41018,40.4692,,
Alcalá de Henares--piece--1-2--raspberry3bp,scraping-airbnb-raspberry3bp--2018-11-29_14_04_43,airbnb,raspberry3bp,1544163340000,0,0,0,0,,piece--1-2,Alcalá de Henares,1,-3.41274,40.5127,-3.40763,40.5076,-3.41018,40.5102,,
Alcalá de Henares--piece--1-3--raspberry3bp,scraping-airbnb-raspberry3bp--2018-11-29_14_04_43,airbnb,raspberry3bp,1544163356000,0,0,0,0,,piece--1-3,Alcalá de Henares,1,-3.41274,40.5076,-3.40763,40.5025,-3.41018,40.505,,
Alcalá de Henares--piece--1-4--raspberry3bp,scraping-airbnb-raspberry3bp--2018-11-29_14_04_43,airbnb,raspberry3bp,1544163374000,0,0,0,0,,piece--1-4,Alcalá de Henares,1,-3.41274,40.5025,-3.40763,40.4974,-3.41018,40.4999,,
Alcalá de Henares--piece--1-5--raspberry3bp,scraping-airbnb-raspberry3bp--2018-11-29_14_04_43,airbnb,raspberry3bp,1544163388000,0,0,0,0,,piece--1-5,Alcalá de Henares,1,-3.41274,40.4974,-3.40763,40.4922,-3.41018,40.4948,,
Alcalá de Henares--piece--1-6--raspberry3bp,scraping-airbnb-raspberry3bp--2018-11-29_14_04_43,airbnb,raspberry3bp,1544163404000,0,0,0,0,,piece--1-6,Alcalá de Henares,1,-3.41274,40.4922,-3.40763,40.4871,-3.41018,40.4897,,
Alcalá de Henares--piece--1-7--raspberry3bp,scraping-airbnb-raspberry3bp--2018-11-29_14_04_43,airbnb,raspberry3bp,1544163419000,0,0,0,0,,piece--1-7,Alcalá de Henares,1,-3.41274,40.4871,-3.40763,40.482,-3.41018,40.4845,,
Alcalá de Henares--piece--1-8--raspberry3bp,scraping-airbnb-raspberry3bp--2018-11-29_14_04_43,airbnb,raspberry3bp,1544163434000,0,0,0,0,,piece--1-8,Alcalá de Henares,1,-3.41274,40.482,-3.40763,40.4769,-3.41018,40.4794,,
Alcalá de Henares--piece--1-9--raspberry3bp,scraping-airbnb-raspberry3bp--2018-11-29_14_04_43,airbnb,raspberry3bp,1544163449000,0,0,0,0,,piece--1-9,Alcalá de Henares,1,-3.41274,40.4769,-3.40763,40.4717,-3.41018,40.4743,,
Alcalá de Henares--piece--10-0--raspberry3bp,scraping-airbnb-raspberry3bp--2018-11-29_14_04_43,airbnb,raspberry3bp,1544163467000,0,0,0,0,,piece--10-0,Alcalá de Henares,1,-3.36668,40.523,-3.36156,40.5179,-3.36412,40.5204,,
Alcalá de Henares--piece--10-1--raspberry3bp,scraping-airbnb-raspberry3bp--2018-11-29_14_04_43,airbnb,raspberry3bp,1544163483000,0,0,0,0,,piece--10-1,Alcalá de Henares,1,-3.36668,40.5179,-3.36156,40.5127,-3.36412,40.5153,,
Alcalá de Henares--piece--10-10--raspberry3bp,scraping-airbnb-raspberry3bp--2018-11-29_14_04_43,airbnb,raspberry3bp,1544163501000,0,0,2,6,,piece--10-10,Alcalá de Henares,1,-3.36668,40.4717,-3.36156,40.4666,-3.36412,40.4692,,
Alcalá de Henares--piece--10-2--raspberry3bp,scraping-airbnb-raspberry3bp--2018-11-29_14_04_43,airbnb,raspberry3bp,1544163515000,0,0,0,0,,piece--10-2,Alcalá de Henares,1,-3.36668,40.5127,-3.36156,40.5076,-3.36412,40.5102,,
Alcalá de Henares--piece--10-3--raspberry3bp,scraping-airbnb-raspberry3bp--2018-11-29_14_04_43,airbnb,raspberry3bp,1544163533000,0,0,0,0,,piece--10-3,Alcalá de Henares,1,-3.36668,40.5076,-3.36156,40.5025,-3.36412,40.505,,
Alcalá de Henares--piece--10-4--raspberry3bp,scraping-airbnb-raspberry3bp--2018-11-29_14_04_43,airbnb,raspberry3bp,1544163559000,0,0,0,0,,piece--10-4,Alcalá de Henares,1,-3.36668,40.5025,-3.36156,40.4974,-3.36412,40.4999,,
Alcalá de Henares--piece--10-5--raspberry3bp,scraping-airbnb-raspberry3bp--2018-11-29_14_04_43,airbnb,raspberry3bp,1544163579000,0,0,0,0,,piece--10-5,Alcalá de Henares,1,-3.36668,40.4974,-3.36156,40.4922,-3.36412,40.4948,,
Alcalá de Henares--piece--10-6--raspberry3bp,scraping-airbnb-raspberry3bp--2018-11-29_14_04_43,airbnb,raspberry3bp,1544163595000,0,0,0,9,,piece--10-6,Alcalá de Henares,1,-3.36668,40.4922,-3.36156,40.4871,-3.36412,40.4897,,
Alcalá de Henares--piece--10-7--raspberry3bp,scraping-airbnb-raspberry3bp--2018-11-29_14_04_43,airbnb,raspberry3bp,1544163620000,0,0,0,9,,piece--10-7,Alcalá de Henares,1,-3.36668,40.4871,-3.36156,40.482,-3.36412,40.4845,,
Alcalá de Henares--piece--10-8--raspberry3bp,scraping-airbnb-raspberry3bp--2018-11-29_14_04_43,airbnb,raspberry3bp,1544163637000,0,0,0,8,,piece--10-8,Alcalá de Henares,1,-3.36668,40.482,-3.36156,40.4769,-3.36412,40.4794,,
Alcalá de Henares--piece--10-9--raspberry3bp,scraping-airbnb-raspberry3bp--2018-11-29_14_04_43,airbnb,raspberry3bp,1544163652000,0,0,0,0,,piece--10-9,Alcalá de Henares,1,-3.36668,40.4769,-3.36156,40.4717,-3.36412,40.4743,,
Alcalá de Henares--piece--11-0--raspberry3bp,scraping-airbnb-raspberry3bp--2018-11-29_14_04_43,airbnb,raspberry3bp,1544163665000,0,0,0,0,,piece--11-0,Alcalá de Henares,1,-3.36156,40.523,-3.35644,40.5179,-3.359,40.5204,,
Alcalá de Henares--piece--11-1--raspberry3bp,scraping-airbnb-raspberry3bp--2018-11-29_14_04_43,airbnb,raspberry3bp,1544163683000,0,0,0,0,,piece--11-1,Alcalá de Henares,1,-3.36156,40.5179,-3.35644,40.5127,-3.359,40.5153,,
Alcalá de Henares--piece--11-10--raspberry3bp,scraping-airbnb-raspberry3bp--2018-11-29_14_04_43,airbnb,raspberry3bp,1544163707000,0,0,2,1,,piece--11-10,Alcalá de Henares,1,-3.36156,40.4717,-3.35644,40.4666,-3.359,40.4692,,
Alcalá de Henares--piece--11-2--raspberry3bp,scraping-airbnb-raspberry3bp--2018-11-29_14_04_43,airbnb,raspberry3bp,1544163728000,0,0,0,0,,piece--11-2,Alcalá de Henares,1,-3.36156,40.5127,-3.35644,40.5076,-3.359,40.5102,,
Alcalá de Henares--piece--11-3--raspberry3bp,scraping-airbnb-raspberry3bp--2018-11-29_14_04_43,airbnb,raspberry3bp,1544163747000,0,0,0,0,,piece--11-3,Alcalá de Henares,1,-3.36156,40.5076,-3.35644,40.5025,-3.359,40.505,,
Alcalá de Henares--piece--11-4--raspberry3bp,scraping-airbnb-raspberry3bp--2018-11-29_14_04_43,airbnb,raspberry3bp,1544163762000,0,0,2,1,,piece--11-4,Alcalá de Henares,1,-3.36156,40.5025,-3.35644,40.4974,-3.359,40.4999,,
Alcalá de Henares--piece--11-5--raspberry3bp,scraping-airbnb-raspberry3bp--2018-11-29_14_04_43,airbnb,raspberry3bp,1544163780000,0,0,2,1,,piece--11-5,Alcalá de Henares,1,-3.36156,40.4974,-3.35644,40.4922,-3.359,40.4948,,
Alcalá de Henares--piece--11-6--raspberry3bp,scraping-airbnb-raspberry3bp--2018-11-29_14_04_43,airbnb,raspberry3bp,1544163798000,0,0,2,8,,piece--11-6,Alcalá de Henares,1,-3.36156,40.4922,-3.35644,40.4871,-3.359,40.4897,,
Alcalá de Henares--piece--11-7--raspberry3bp,scraping-airbnb-raspberry3bp--2018-11-29_14_04_43,airbnb,raspberry3bp,1544163815000,0,0,0,9,,piece--11-7,Alcalá de Henares,1,-3.36156,40.4871,-3.35644,40.482,-3.359,40.4845,,
Alcalá de Henares--piece--11-8--raspberry3bp,scraping-airbnb-raspberry3bp--2018-11-29_14_04_43,airbnb,raspberry3bp,1544163829000,0,0,0,4,,piece--11-8,Alcalá de Henares,1,-3.36156,40.482,-3.35644,40.4769,-3.359,40.4794,,
Alcalá de Henares--piece--11-9--raspberry3bp,scraping-airbnb-raspberry3bp--2018-11-29_14_04_43,airbnb,raspberry3bp,1544163846000,0,0,0,1,,piece--11-9,Alcalá de Henares,1,-3.36156,40.4769,-3.35644,40.4717,-3.359,40.4743,,
Alcalá de Henares--piece--12-0--raspberry3bp,scraping-airbnb-raspberry3bp--2018-11-29_14_04_43,airbnb,raspberry3bp,1544163863000,0,0,0,0,,piece--12-0,Alcalá de Henares,1,-3.35644,40.523,-3.35132,40.5179,-3.35388,40.5204,,
Alcalá de Henares--piece--12-1--raspberry3bp,scraping-airbnb-raspberry3bp--2018-11-29_14_04_43,airbnb,raspberry3bp,1544163877000,0,0,0,0,,piece--12-1,Alcalá de Henares,1,-3.35644,40.5179,-3.35132,40.5127,-3.35388,40.5153,,
Alcalá de Henares--piece--12-10--raspberry3bp,scraping-airbnb-raspberry3bp--2018-11-29_14_04_43,airbnb,raspberry3bp,1544163896000,0,0,0,0,,piece--12-10,Alcalá de Henares,1,-3.35644,40.4717,-3.35132,40.4666,-3.35388,40.4692,,
Alcalá de Henares--piece--12-2--raspberry3bp,scraping-airbnb-raspberry3bp--2018-11-29_14_04_43,airbnb,raspberry3bp,1544163913000,0,0,0,22,,piece--12-2,Alcalá de Henares,1,-3.35644,40.5127,-3.35132,40.5076,-3.35388,40.5102,,
Alcalá de Henares--piece--12-3--raspberry3bp,scraping-airbnb-raspberry3bp--2018-11-29_14_04_43,airbnb,raspberry3bp,1544163935000,0,0,0,0,,piece--12-3,Alcalá de Henares,1,-3.35644,40.5076,-3.35132,40.5025,-3.35388,40.505,,
Alcalá de Henares--piece--12-4--raspberry3bp,scraping-airbnb-raspberry3bp--2018-11-29_14_04_43,airbnb,raspberry3bp,1544163947000,0,0,0,0,,piece--12-4,Alcalá de Henares,1,-3.35644,40.5025,-3.35132,40.4974,-3.35388,40.4999,,
Alcalá de Henares--piece--12-5--raspberry3bp,scraping-airbnb-raspberry3bp--2018-11-29_14_04_43,airbnb,raspberry3bp,1544163963000,0,0,0,2,,piece--12-5,Alcalá de Henares,1,-3.35644,40.4974,-3.35132,40.4922,-3.35388,40.4948,,
Alcalá de Henares--piece--12-6--raspberry3bp,scraping-airbnb-raspberry3bp--2018-11-29_14_04_43,airbnb,raspberry3bp,1544163985000,0,0,0,4,,piece--12-6,Alcalá de Henares,1,-3.35644,40.4922,-3.35132,40.4871,-3.35388,40.4897,,
Alcalá de Henares--piece--12-7--raspberry3bp,scraping-airbnb-raspberry3bp--2018-11-29_14_04_43,airbnb,raspberry3bp,1544164000000,0,0,2,3,,piece--12-7,Alcalá de Henares,1,-3.35644,40.4871,-3.35132,40.482,-3.35388,40.4845,,
Alcalá de Henares--piece--12-8--raspberry3bp,scraping-airbnb-raspberry3bp--2018-11-29_14_04_43,airbnb,raspberry3bp,1544164023000,0,0,0,0,,piece--12-8,Alcalá de Henares,1,-3.35644,40.482,-3.35132,40.4769,-3.35388,40.4794,,
Alcalá de Henares--piece--12-9--raspberry3bp,scraping-airbnb-raspberry3bp--2018-11-29_14_04_43,airbnb,raspberry3bp,1544164050000,0,0,0,0,,piece--12-9,Alcalá de Henares,1,-3.35644,40.4769,-3.35132,40.4717,-3.35388,40.4743,,
Alcalá de Henares--piece--13-0--raspberry3bp,scraping-airbnb-raspberry3bp--2018-11-29_14_04_43,airbnb,raspberry3bp,1544164068000,0,0,0,0,,piece--13-0,Alcalá de Henares,1,-3.35132,40.523,-3.3462,40.5179,-3.34876,40.5204,,
Alcalá de Henares--piece--13-1--raspberry3bp,scraping-airbnb-raspberry3bp--2018-11-29_14_04_43,airbnb,raspberry3bp,1544164084000,0,0,0,0,,piece--13-1,Alcalá de Henares,1,-3.35132,40.5179,-3.3462,40.5127,-3.34876,40.5153,,
Alcalá de Henares--piece--13-10--raspberry3bp,scraping-airbnb-raspberry3bp--2018-11-29_14_04_43,airbnb,raspberry3bp,1544164099000,0,0,0,0,,piece--13-10,Alcalá de Henares,1,-3.35132,40.4717,-3.3462,40.4666,-3.34876,40.4692,,
Alcalá de Henares--piece--13-2--raspberry3bp,scraping-airbnb-raspberry3bp--2018-11-29_14_04_43,airbnb,raspberry3bp,1544164120000,0,0,0,0,,piece--13-2,Alcalá de Henares,1,-3.35132,40.5127,-3.3462,40.5076,-3.34876,40.5102,,
Alcalá de Henares--piece--13-3--raspberry3bp,scraping-airbnb-raspberry3bp--2018-11-29_14_04_43,airbnb,raspberry3bp,1544164138000,0,0,0,0,,piece--13-3,Alcalá de Henares,1,-3.35132,40.5076,-3.3462,40.5025,-3.34876,40.505,,
Alcalá de Henares--piece--13-4--raspberry3bp,scraping-airbnb-raspberry3bp--2018-11-29_14_04_43,airbnb,raspberry3bp,1544164154000,0,0,1,2,,piece--13-4,Alcalá de Henares,1,-3.35132,40.5025,-3.3462,40.4974,-3.34876,40.4999,,
Alcalá de Henares--piece--13-5--raspberry3bp,scraping-airbnb-raspberry3bp--2018-11-29_14_04_43,airbnb,raspberry3bp,1544164176000,0,0,0,0,,piece--13-5,Alcalá de Henares,1,-3.35132,40.4974,-3.3462,40.4922,-3.34876,40.4948,,
Alcalá de Henares--piece--13-6--raspberry3bp,scraping-airbnb-raspberry3bp--2018-11-29_14_04_43,airbnb,raspberry3bp,1544164193000,0,0,1,1,,piece--13-6,Alcalá de Henares,1,-3.35132,40.4922,-3.3462,40.4871,-3.34876,40.4897,,
Alcalá de Henares--piece--13-7--raspberry3bp,scraping-airbnb-raspberry3bp--2018-11-29_14_04_43,airbnb,raspberry3bp,1544164214000,0,0,2,1,,piece--13-7,Alcalá de Henares,1,-3.35132,40.4871,-3.3462,40.482,-3.34876,40.4845,,
Alcalá de Henares--piece--13-8--raspberry3bp,scraping-airbnb-raspberry3bp--2018-11-29_14_04_43,airbnb,raspberry3bp,1544164232000,0,0,0,0,,piece--13-8,Alcalá de Henares,1,-3.35132,40.482,-3.3462,40.4769,-3.34876,40.4794,,
Alcalá de Henares--piece--13-9--raspberry3bp,scraping-airbnb-raspberry3bp--2018-11-29_14_04_43,airbnb,raspberry3bp,1544164245000,0,0,0,0,,piece--13-9,Alcalá de Henares,1,-3.35132,40.4769,-3.3462,40.4717,-3.34876,40.4743,,
Alcalá de Henares--piece--14-0--raspberry3bp,scraping-airbnb-raspberry3bp--2018-11-29_14_04_43,airbnb,raspberry3bp,1544164262000,0,0,0,0,,piece--14-0,Alcalá de Henares,1,-3.3462,40.523,-3.34108,40.5179,-3.34364,40.5204,,
Alcalá de Henares--piece--14-1--raspberry3bp,scraping-airbnb-raspberry3bp--2018-11-29_14_04_43,airbnb,raspberry3bp,1544164284000,0,0,0,0,,piece--14-1,Alcalá de Henares,1,-3.3462,40.5179,-3.34108,40.5127,-3.34364,40.5153,,
Alcalá de Henares--piece--14-10--raspberry3bp,scraping-airbnb-raspberry3bp--2018-11-29_14_04_43,airbnb,raspberry3bp,1544164299000,0,0,0,0,,piece--14-10,Alcalá de Henares,1,-3.3462,40.4717,-3.34108,40.4666,-3.34364,40.4692,,
Alcalá de Henares--piece--14-2--raspberry3bp,scraping-airbnb-raspberry3bp--2018-11-29_14_04_43,airbnb,raspberry3bp,1544164314000,0,0,0,0,,piece--14-2,Alcalá de Henares,1,-3.3462,40.5127,-3.34108,40.5076,-3.34364,40.5102,,
Alcalá de Henares--piece--14-3--raspberry3bp,scraping-airbnb-raspberry3bp--2018-11-29_14_04_43,airbnb,raspberry3bp,1544164337000,0,0,0,0,,piece--14-3,Alcalá de Henares,1,-3.3462,40.5076,-3.34108,40.5025,-3.34364,40.505,,
Alcalá de Henares--piece--14-4--raspberry3bp,scraping-airbnb-raspberry3bp--2018-11-29_14_04_43,airbnb,raspberry3bp,1544164352000,0,0,1,1,,piece--14-4,Alcalá de Henares,1,-3.3462,40.5025,-3.34108,40.4974,-3.34364,40.4999,,
Alcalá de Henares--piece--14-5--raspberry3bp,scraping-airbnb-raspberry3bp--2018-11-29_14_04_43,airbnb,raspberry3bp,1544164370000,0,0,0,0,,piece--14-5,Alcalá de Henares,1,-3.3462,40.4974,-3.34108,40.4922,-3.34364,40.4948,,
Alcalá de Henares--piece--14-6--raspberry3bp,scraping-airbnb-raspberry3bp--2018-11-29_14_04_43,airbnb,raspberry3bp,1544164387000,0,0,0,1,,piece--14-6,Alcalá de Henares,1,-3.3462,40.4922,-3.34108,40.4871,-3.34364,40.4897,,
Alcalá de Henares--piece--14-7--raspberry3bp,scraping-airbnb-raspberry3bp--2018-11-29_14_04_43,airbnb,raspberry3bp,1544164403000,0,0,0,1,,piece--14-7,Alcalá de Henares,1,-3.3462,40.4871,-3.34108,40.482,-3.34364,40.4845,,
Alcalá de Henares--piece--14-8--raspberry3bp,scraping-airbnb-raspberry3bp--2018-11-29_14_04_43,airbnb,raspberry3bp,1544164415000,0,0,0,0,,piece--14-8,Alcalá de Henares,1,-3.3462,40.482,-3.34108,40.4769,-3.34364,40.4794,,
Alcalá de Henares--piece--14-9--raspberry3bp,scraping-airbnb-raspberry3bp--2018-11-29_14_04_43,airbnb,raspberry3bp,1544164432000,0,0,0,0,,piece--14-9,Alcalá de Henares,1,-3.3462,40.4769,-3.34108,40.4717,-3.34364,40.4743,,
Alcalá de Henares--piece--15-0--raspberry3bp,scraping-airbnb-raspberry3bp--2018-11-29_14_04_43,airbnb,raspberry3bp,1544164445000,0,0,0,0,,piece--15-0,Alcalá de Henares,1,-3.34108,40.523,-3.33596,40.5179,-3.33852,40.5204,,
Alcalá de Henares--piece--15-1--raspberry3bp,scraping-airbnb-raspberry3bp--2018-11-29_14_04_43,airbnb,raspberry3bp,1544164464000,0,0,0,0,,piece--15-1,Alcalá de Henares,1,-3.34108,40.5179,-3.33596,40.5127,-3.33852,40.5153,,
Alcalá de Henares--piece--15-10--raspberry3bp,scraping-airbnb-raspberry3bp--2018-11-29_14_04_43,airbnb,raspberry3bp,1544164479000,0,0,0,0,,piece--15-10,Alcalá de Henares,1,-3.34108,40.4717,-3.33596,40.4666,-3.33852,40.4692,,
Alcalá de Henares--piece--15-2--raspberry3bp,scraping-airbnb-raspberry3bp--2018-11-29_14_04_43,airbnb,raspberry3bp,1544164497000,0,0,0,0,,piece--15-2,Alcalá de Henares,1,-3.34108,40.5127,-3.33596,40.5076,-3.33852,40.5102,,
Alcalá de Henares--piece--15-3--raspberry3bp,scraping-airbnb-raspberry3bp--2018-11-29_14_04_43,airbnb,raspberry3bp,1544164514000,0,0,0,0,,piece--15-3,Alcalá de Henares,1,-3.34108,40.5076,-3.33596,40.5025,-3.33852,40.505,,
Alcalá de Henares--piece--15-4--raspberry3bp,scraping-airbnb-raspberry3bp--2018-11-29_14_04_43,airbnb,raspberry3bp,1544164527000,0,0,0,0,,piece--15-4,Alcalá de Henares,1,-3.34108,40.5025,-3.33596,40.4974,-3.33852,40.4999,,
Alcalá de Henares--piece--15-5--raspberry3bp,scraping-airbnb-raspberry3bp--2018-11-29_14_04_43,airbnb,raspberry3bp,1544164546000,0,0,0,0,,piece--15-5,Alcalá de Henares,1,-3.34108,40.4974,-3.33596,40.4922,-3.33852,40.4948,,
Alcalá de Henares--piece--15-6--raspberry3bp,scraping-airbnb-raspberry3bp--2018-11-29_14_04_43,airbnb,raspberry3bp,1544164566000,0,0,1,1,,piece--15-6,Alcalá de Henares,1,-3.34108,40.4922,-3.33596,40.4871,-3.33852,40.4897,,
Alcalá de Henares--piece--15-7--raspberry3bp,scraping-airbnb-raspberry3bp--2018-11-29_14_04_43,airbnb,raspberry3bp,1544164580000,0,0,0,0,,piece--15-7,Alcalá de Henares,1,-3.34108,40.4871,-3.33596,40.482,-3.33852,40.4845,,
Alcalá de Henares--piece--15-8--raspberry3bp,scraping-airbnb-raspberry3bp--2018-11-29_14_04_43,airbnb,raspberry3bp,1544164601000,0,0,0,0,,piece--15-8,Alcalá de Henares,1,-3.34108,40.482,-3.33596,40.4769,-3.33852,40.4794,,
Alcalá de Henares--piece--15-9--raspberry3bp,scraping-airbnb-raspberry3bp--2018-11-29_14_04_43,airbnb,raspberry3bp,1544164618000,0,0,0,0,,piece--15-9,Alcalá de Henares,1,-3.34108,40.4769,-3.33596,40.4717,-3.33852,40.4743,,
Alcalá de Henares--piece--16-0--raspberry3bp,scraping-airbnb-raspberry3bp--2018-11-29_14_04_43,airbnb,raspberry3bp,1544164631000,0,0,0,0,,piece--16-0,Alcalá de Henares,1,-3.33596,40.523,-3.33085,40.5179,-3.3334,40.5204,,
Alcalá de Henares--piece--16-1--raspberry3bp,scraping-airbnb-raspberry3bp--2018-11-29_14_04_43,airbnb,raspberry3bp,1544164645000,0,0,0,0,,piece--16-1,Alcalá de Henares,1,-3.33596,40.5179,-3.33085,40.5127,-3.3334,40.5153,,
Alcalá de Henares--piece--16-10--raspberry3bp,scraping-airbnb-raspberry3bp--2018-11-29_14_04_43,airbnb,raspberry3bp,1544164660000,0,0,0,0,,piece--16-10,Alcalá de Henares,1,-3.33596,40.4717,-3.33085,40.4666,-3.3334,40.4692,,
Alcalá de Henares--piece--16-2--raspberry3bp,scraping-airbnb-raspberry3bp--2018-11-29_14_04_43,airbnb,raspberry3bp,1544164673000,0,0,0,0,,piece--16-2,Alcalá de Henares,1,-3.33596,40.5127,-3.33085,40.5076,-3.3334,40.5102,,
Alcalá de Henares--piece--16-3--raspberry3bp,scraping-airbnb-raspberry3bp--2018-11-29_14_04_43,airbnb,raspberry3bp,1544164688000,0,0,0,0,,piece--16-3,Alcalá de Henares,1,-3.33596,40.5076,-3.33085,40.5025,-3.3334,40.505,,
Alcalá de Henares--piece--16-4--raspberry3bp,scraping-airbnb-raspberry3bp--2018-11-29_14_04_43,airbnb,raspberry3bp,1544164709000,0,0,0,0,,piece--16-4,Alcalá de Henares,1,-3.33596,40.5025,-3.33085,40.4974,-3.3334,40.4999,,
Alcalá de Henares--piece--16-5--raspberry3bp,scraping-airbnb-raspberry3bp--2018-11-29_14_04_43,airbnb,raspberry3bp,1544164722000,0,0,0,0,,piece--16-5,Alcalá de Henares,1,-3.33596,40.4974,-3.33085,40.4922,-3.3334,40.4948,,
Alcalá de Henares--piece--16-6--raspberry3bp,scraping-airbnb-raspberry3bp--2018-11-29_14_04_43,airbnb,raspberry3bp,1544164735000,0,0,0,0,,piece--16-6,Alcalá de Henares,1,-3.33596,40.4922,-3.33085,40.4871,-3.3334,40.4897,,
Alcalá de Henares--piece--16-7--raspberry3bp,scraping-airbnb-raspberry3bp--2018-11-29_14_04_43,airbnb,raspberry3bp,1544164746000,0,0,0,0,,piece--16-7,Alcalá de Henares,1,-3.33596,40.4871,-3.33085,40.482,-3.3334,40.4845,,
Alcalá de Henares--piece--16-8--raspberry3bp,scraping-airbnb-raspberry3bp--2018-11-29_14_04_43,airbnb,raspberry3bp,1544164762000,0,0,0,0,,piece--16-8,Alcalá de Henares,1,-3.33596,40.482,-3.33085,40.4769,-3.3334,40.4794,,
Alcalá de Henares--piece--16-9--raspberry3bp,scraping-airbnb-raspberry3bp--2018-11-29_14_04_43,airbnb,raspberry3bp,1544164786000,0,0,0,0,,piece--16-9,Alcalá de Henares,1,-3.33596,40.4769,-3.33085,40.4717,-3.3334,40.4743,,
Alcalá de Henares--piece--17-0--raspberry3bp,scraping-airbnb-raspberry3bp--2018-11-29_14_04_43,airbnb,raspberry3bp,1544164799000,0,0,0,0,,piece--17-0,Alcalá de Henares,1,-3.33085,40.523,-3.32573,40.5179,-3.32829,40.5204,,
Alcalá de Henares--piece--17-1--raspberry3bp,scraping-airbnb-raspberry3bp--2018-11-29_14_04_43,airbnb,raspberry3bp,1544164811000,0,0,0,0,,piece--17-1,Alcalá de Henares,1,-3.33085,40.5179,-3.32573,40.5127,-3.32829,40.5153,,
Alcalá de Henares--piece--17-10--raspberry3bp,scraping-airbnb-raspberry3bp--2018-11-29_14_04_43,airbnb,raspberry3bp,1544164826000,0,0,0,0,,piece--17-10,Alcalá de Henares,1,-3.33085,40.4717,-3.32573,40.4666,-3.32829,40.4692,,
Alcalá de Henares--piece--17-2--raspberry3bp,scraping-airbnb-raspberry3bp--2018-11-29_14_04_43,airbnb,raspberry3bp,1544164840000,0,0,0,0,,piece--17-2,Alcalá de Henares,1,-3.33085,40.5127,-3.32573,40.5076,-3.32829,40.5102,,
Alcalá de Henares--piece--17-3--raspberry3bp,scraping-airbnb-raspberry3bp--2018-11-29_14_04_43,airbnb,raspberry3bp,1544164859000,0,0,0,0,,piece--17-3,Alcalá de Henares,1,-3.33085,40.5076,-3.32573,40.5025,-3.32829,40.505,,
Alcalá de Henares--piece--17-4--raspberry3bp,scraping-airbnb-raspberry3bp--2018-11-29_14_04_43,airbnb,raspberry3bp,1544164873000,0,0,0,0,,piece--17-4,Alcalá de Henares,1,-3.33085,40.5025,-3.32573,40.4974,-3.32829,40.4999,,
Alcalá de Henares--piece--17-5--raspberry3bp,scraping-airbnb-raspberry3bp--2018-11-29_14_04_43,airbnb,raspberry3bp,1544164886000,0,0,0,0,,piece--17-5,Alcalá de Henares,1,-3.33085,40.4974,-3.32573,40.4922,-3.32829,40.4948,,
Alcalá de Henares--piece--17-6--raspberry3bp,scraping-airbnb-raspberry3bp--2018-11-29_14_04_43,airbnb,raspberry3bp,1544164899000,0,0,0,0,,piece--17-6,Alcalá de Henares,1,-3.33085,40.4922,-3.32573,40.4871,-3.32829,40.4897,,
Alcalá de Henares--piece--17-7--raspberry3bp,scraping-airbnb-raspberry3bp--2018-11-29_14_04_43,airbnb,raspberry3bp,1544164911000,0,0,0,0,,piece--17-7,Alcalá de Henares,1,-3.33085,40.4871,-3.32573,40.482,-3.32829,40.4845,,
Alcalá de Henares--piece--17-8--raspberry3bp,scraping-airbnb-raspberry3bp--2018-11-29_14_04_43,airbnb,raspberry3bp,1544164923000,0,0,0,0,,piece--17-8,Alcalá de Henares,1,-3.33085,40.482,-3.32573,40.4769,-3.32829,40.4794,,
Alcalá de Henares--piece--17-9--raspberry3bp,scraping-airbnb-raspberry3bp--2018-11-29_14_04_43,airbnb,raspberry3bp,1544164935000,0,0,0,0,,piece--17-9,Alcalá de Henares,1,-3.33085,40.4769,-3.32573,40.4717,-3.32829,40.4743,,
Alcalá de Henares--piece--18-0--raspberry3bp,scraping-airbnb-raspberry3bp--2018-11-29_14_04_43,airbnb,raspberry3bp,1544164948000,0,0,0,0,,piece--18-0,Alcalá de Henares,1,-3.32573,40.523,-3.32061,40.5179,-3.32317,40.5204,,
Alcalá de Henares--piece--18-1--raspberry3bp,scraping-airbnb-raspberry3bp--2018-11-29_14_04_43,airbnb,raspberry3bp,1544164967000,0,0,0,0,,piece--18-1,Alcalá de Henares,1,-3.32573,40.5179,-3.32061,40.5127,-3.32317,40.5153,,
Alcalá de Henares--piece--18-10--raspberry3bp,scraping-airbnb-raspberry3bp--2018-11-29_14_04_43,airbnb,raspberry3bp,1544164980000,0,0,0,0,,piece--18-10,Alcalá de Henares,1,-3.32573,40.4717,-3.32061,40.4666,-3.32317,40.4692,,
Alcalá de Henares--piece--18-2--raspberry3bp,scraping-airbnb-raspberry3bp--2018-11-29_14_04_43,airbnb,raspberry3bp,1544164994000,0,0,0,0,,piece--18-2,Alcalá de Henares,1,-3.32573,40.5127,-3.32061,40.5076,-3.32317,40.5102,,
Alcalá de Henares--piece--18-3--raspberry3bp,scraping-airbnb-raspberry3bp--2018-11-29_14_04_43,airbnb,raspberry3bp,1544165007000,0,0,0,0,,piece--18-3,Alcalá de Henares,1,-3.32573,40.5076,-3.32061,40.5025,-3.32317,40.505,,
Alcalá de Henares--piece--18-4--raspberry3bp,scraping-airbnb-raspberry3bp--2018-11-29_14_04_43,airbnb,raspberry3bp,1544165024000,0,0,0,0,,piece--18-4,Alcalá de Henares,1,-3.32573,40.5025,-3.32061,40.4974,-3.32317,40.4999,,
Alcalá de Henares--piece--18-5--raspberry3bp,scraping-airbnb-raspberry3bp--2018-11-29_14_04_43,airbnb,raspberry3bp,1544165037000,0,0,0,0,,piece--18-5,Alcalá de Henares,1,-3.32573,40.4974,-3.32061,40.4922,-3.32317,40.4948,,
Alcalá de Henares--piece--18-6--raspberry3bp,scraping-airbnb-raspberry3bp--2018-11-29_14_04_43,airbnb,raspberry3bp,1544165051000,0,0,0,0,,piece--18-6,Alcalá de Henares,1,-3.32573,40.4922,-3.32061,40.4871,-3.32317,40.4897,,
Alcalá de Henares--piece--18-7--raspberry3bp,scraping-airbnb-raspberry3bp--2018-11-29_14_04_43,airbnb,raspberry3bp,1544165068000,0,0,0,0,,piece--18-7,Alcalá de Henares,1,-3.32573,40.4871,-3.32061,40.482,-3.32317,40.4845,,
Alcalá de Henares--piece--18-8--raspberry3bp,scraping-airbnb-raspberry3bp--2018-11-29_14_04_43,airbnb,raspberry3bp,1544165080000,0,0,0,0,,piece--18-8,Alcalá de Henares,1,-3.32573,40.482,-3.32061,40.4769,-3.32317,40.4794,,
Alcalá de Henares--piece--18-9--raspberry3bp,scraping-airbnb-raspberry3bp--2018-11-29_14_04_43,airbnb,raspberry3bp,1544165094000,0,0,0,0,,piece--18-9,Alcalá de Henares,1,-3.32573,40.4769,-3.32061,40.4717,-3.32317,40.4743,,
Alcalá de Henares--piece--19-0--raspberry3bp,scraping-airbnb-raspberry3bp--2018-11-29_14_04_43,airbnb,raspberry3bp,1544165108000,0,0,0,0,,piece--19-0,Alcalá de Henares,1,-3.32061,40.523,-3.31549,40.5179,-3.31805,40.5204,,
Alcalá de Henares--piece--19-1--raspberry3bp,scraping-airbnb-raspberry3bp--2018-11-29_14_04_43,airbnb,raspberry3bp,1544165120000,0,0,0,0,,piece--19-1,Alcalá de Henares,1,-3.32061,40.5179,-3.31549,40.5127,-3.31805,40.5153,,
Alcalá de Henares--piece--19-10--raspberry3bp,scraping-airbnb-raspberry3bp--2018-11-29_14_04_43,airbnb,raspberry3bp,1544165136000,0,0,0,0,,piece--19-10,Alcalá de Henares,1,-3.32061,40.4717,-3.31549,40.4666,-3.31805,40.4692,,
Alcalá de Henares--piece--19-2--raspberry3bp,scraping-airbnb-raspberry3bp--2018-11-29_14_04_43,airbnb,raspberry3bp,1544165150000,0,0,0,0,,piece--19-2,Alcalá de Henares,1,-3.32061,40.5127,-3.31549,40.5076,-3.31805,40.5102,,
Alcalá de Henares--piece--19-3--raspberry3bp,scraping-airbnb-raspberry3bp--2018-11-29_14_04_43,airbnb,raspberry3bp,1544165164000,0,0,0,0,,piece--19-3,Alcalá de Henares,1,-3.32061,40.5076,-3.31549,40.5025,-3.31805,40.505,,
Alcalá de Henares--piece--19-4--raspberry3bp,scraping-airbnb-raspberry3bp--2018-11-29_14_04_43,airbnb,raspberry3bp,1544165179000,0,0,0,0,,piece--19-4,Alcalá de Henares,1,-3.32061,40.5025,-3.31549,40.4974,-3.31805,40.4999,,
Alcalá de Henares--piece--19-5--raspberry3bp,scraping-airbnb-raspberry3bp--2018-11-29_14_04_43,airbnb,raspberry3bp,1544165191000,0,0,0,0,,piece--19-5,Alcalá de Henares,1,-3.32061,40.4974,-3.31549,40.4922,-3.31805,40.4948,,
Alcalá de Henares--piece--19-6--raspberry3bp,scraping-airbnb-raspberry3bp--2018-11-29_14_04_43,airbnb,raspberry3bp,1544165204000,0,0,0,0,,piece--19-6,Alcalá de Henares,1,-3.32061,40.4922,-3.31549,40.4871,-3.31805,40.4897,,
Alcalá de Henares--piece--19-7--raspberry3bp,scraping-airbnb-raspberry3bp--2018-11-29_14_04_43,airbnb,raspberry3bp,1544165218000,0,0,0,0,,piece--19-7,Alcalá de Henares,1,-3.32061,40.4871,-3.31549,40.482,-3.31805,40.4845,,
Alcalá de Henares--piece--19-8--raspberry3bp,scraping-airbnb-raspberry3bp--2018-11-29_14_04_43,airbnb,raspberry3bp,1544165243000,0,0,0,0,,piece--19-8,Alcalá de Henares,1,-3.32061,40.482,-3.31549,40.4769,-3.31805,40.4794,,
Alcalá de Henares--piece--19-9--raspberry3bp,scraping-airbnb-raspberry3bp--2018-11-29_14_04_43,airbnb,raspberry3bp,1544165257000,0,0,0,0,,piece--19-9,Alcalá de Henares,1,-3.32061,40.4769,-3.31549,40.4717,-3.31805,40.4743,,
Alcalá de Henares--piece--2-0--raspberry3bp,scraping-airbnb-raspberry3bp--2018-11-29_14_04_43,airbnb,raspberry3bp,1544165278000,0,0,0,0,,piece--2-0,Alcalá de Henares,1,-3.40763,40.523,-3.40251,40.5179,-3.40507,40.5204,,
Alcalá de Henares--piece--2-1--raspberry3bp,scraping-airbnb-raspberry3bp--2018-11-29_14_04_43,airbnb,raspberry3bp,1544165294000,0,0,0,0,,piece--2-1,Alcalá de Henares,1,-3.40763,40.5179,-3.40251,40.5127,-3.40507,40.5153,,
Alcalá de Henares--piece--2-10--raspberry3bp,scraping-airbnb-raspberry3bp--2018-11-29_14_04_43,airbnb,raspberry3bp,1544165309000,0,0,0,0,,piece--2-10,Alcalá de Henares,1,-3.40763,40.4717,-3.40251,40.4666,-3.40507,40.4692,,
Alcalá de Henares--piece--2-2--raspberry3bp,scraping-airbnb-raspberry3bp--2018-11-29_14_04_43,airbnb,raspberry3bp,1544165330000,0,0,0,0,,piece--2-2,Alcalá de Henares,1,-3.40763,40.5127,-3.40251,40.5076,-3.40507,40.5102,,
Alcalá de Henares--piece--2-3--raspberry3bp,scraping-airbnb-raspberry3bp--2018-11-29_14_04_43,airbnb,raspberry3bp,1544165346000,0,0,0,0,,piece--2-3,Alcalá de Henares,1,-3.40763,40.5076,-3.40251,40.5025,-3.40507,40.505,,
Alcalá de Henares--piece--2-4--raspberry3bp,scraping-airbnb-raspberry3bp--2018-11-29_14_04_43,airbnb,raspberry3bp,1544165364000,0,0,0,0,,piece--2-4,Alcalá de Henares,1,-3.40763,40.5025,-3.40251,40.4974,-3.40507,40.4999,,
Alcalá de Henares--piece--2-5--raspberry3bp,scraping-airbnb-raspberry3bp--2018-11-29_14_04_43,airbnb,raspberry3bp,1544165376000,0,0,0,0,,piece--2-5,Alcalá de Henares,1,-3.40763,40.4974,-3.40251,40.4922,-3.40507,40.4948,,
Alcalá de Henares--piece--2-6--raspberry3bp,scraping-airbnb-raspberry3bp--2018-11-29_14_04_43,airbnb,raspberry3bp,1544165393000,0,0,0,0,,piece--2-6,Alcalá de Henares,1,-3.40763,40.4922,-3.40251,40.4871,-3.40507,40.4897,,
Alcalá de Henares--piece--2-7--raspberry3bp,scraping-airbnb-raspberry3bp--2018-11-29_14_04_43,airbnb,raspberry3bp,1544165408000,0,0,0,0,,piece--2-7,Alcalá de Henares,1,-3.40763,40.4871,-3.40251,40.482,-3.40507,40.4845,,
Alcalá de Henares--piece--2-8--raspberry3bp,scraping-airbnb-raspberry3bp--2018-11-29_14_04_43,airbnb,raspberry3bp,1544165425000,0,0,0,0,,piece--2-8,Alcalá de Henares,1,-3.40763,40.482,-3.40251,40.4769,-3.40507,40.4794,,
Alcalá de Henares--piece--2-9--raspberry3bp,scraping-airbnb-raspberry3bp--2018-11-29_14_04_43,airbnb,raspberry3bp,1544165441000,0,0,0,0,,piece--2-9,Alcalá de Henares,1,-3.40763,40.4769,-3.40251,40.4717,-3.40507,40.4743,,
Alcalá de Henares--piece--3-0--raspberry3bp,scraping-airbnb-raspberry3bp--2018-11-29_14_04_43,airbnb,raspberry3bp,1544165461000,0,0,0,0,,piece--3-0,Alcalá de Henares,1,-3.40251,40.523,-3.39739,40.5179,-3.39995,40.5204,,
Alcalá de Henares--piece--3-1--raspberry3bp,scraping-airbnb-raspberry3bp--2018-11-29_14_04_43,airbnb,raspberry3bp,1544165480000,0,0,0,0,,piece--3-1,Alcalá de Henares,1,-3.40251,40.5179,-3.39739,40.5127,-3.39995,40.5153,,
Alcalá de Henares--piece--3-10--raspberry3bp,scraping-airbnb-raspberry3bp--2018-11-29_14_04_43,airbnb,raspberry3bp,1544165497000,0,0,0,0,,piece--3-10,Alcalá de Henares,1,-3.40251,40.4717,-3.39739,40.4666,-3.39995,40.4692,,
Alcalá de Henares--piece--3-2--raspberry3bp,scraping-airbnb-raspberry3bp--2018-11-29_14_04_43,airbnb,raspberry3bp,1544165514000,0,0,0,0,,piece--3-2,Alcalá de Henares,1,-3.40251,40.5127,-3.39739,40.5076,-3.39995,40.5102,,
Alcalá de Henares--piece--3-3--raspberry3bp,scraping-airbnb-raspberry3bp--2018-11-29_14_04_43,airbnb,raspberry3bp,1544165526000,0,0,0,0,,piece--3-3,Alcalá de Henares,1,-3.40251,40.5076,-3.39739,40.5025,-3.39995,40.505,,
Alcalá de Henares--piece--3-4--raspberry3bp,scraping-airbnb-raspberry3bp--2018-11-29_14_04_43,airbnb,raspberry3bp,1544165545000,0,0,0,0,,piece--3-4,Alcalá de Henares,1,-3.40251,40.5025,-3.39739,40.4974,-3.39995,40.4999,,
Alcalá de Henares--piece--3-5--raspberry3bp,scraping-airbnb-raspberry3bp--2018-11-29_14_04_43,airbnb,raspberry3bp,1544165561000,0,0,0,0,,piece--3-5,Alcalá de Henares,1,-3.40251,40.4974,-3.39739,40.4922,-3.39995,40.4948,,
Alcalá de Henares--piece--3-6--raspberry3bp,scraping-airbnb-raspberry3bp--2018-11-29_14_04_43,airbnb,raspberry3bp,1544165576000,0,0,0,0,,piece--3-6,Alcalá de Henares,1,-3.40251,40.4922,-3.39739,40.4871,-3.39995,40.4897,,
Alcalá de Henares--piece--3-7--raspberry3bp,scraping-airbnb-raspberry3bp--2018-11-29_14_04_43,airbnb,raspberry3bp,1544165601000,0,0,0,0,,piece--3-7,Alcalá de Henares,1,-3.40251,40.4871,-3.39739,40.482,-3.39995,40.4845,,
Alcalá de Henares--piece--3-8--raspberry3bp,scraping-airbnb-raspberry3bp--2018-11-29_14_04_43,airbnb,raspberry3bp,1544165617000,0,0,0,0,,piece--3-8,Alcalá de Henares,1,-3.40251,40.482,-3.39739,40.4769,-3.39995,40.4794,,
Alcalá de Henares--piece--3-9--raspberry3bp,scraping-airbnb-raspberry3bp--2018-11-29_14_04_43,airbnb,raspberry3bp,1544165637000,0,0,0,0,,piece--3-9,Alcalá de Henares,1,-3.40251,40.4769,-3.39739,40.4717,-3.39995,40.4743,,
Alcalá de Henares--piece--4-0--raspberry3bp,scraping-airbnb-raspberry3bp--2018-11-29_14_04_43,airbnb,raspberry3bp,1544165652000,0,0,0,0,,piece--4-0,Alcalá de Henares,1,-3.39739,40.523,-3.39227,40.5179,-3.39483,40.5204,,
Alcalá de Henares--piece--4-1--raspberry3bp,scraping-airbnb-raspberry3bp--2018-11-29_14_04_43,airbnb,raspberry3bp,1544165671000,0,0,0,0,,piece--4-1,Alcalá de Henares,1,-3.39739,40.5179,-3.39227,40.5127,-3.39483,40.5153,,
Alcalá de Henares--piece--4-10--raspberry3bp,scraping-airbnb-raspberry3bp--2018-11-29_14_04_43,airbnb,raspberry3bp,1544165685000,0,0,0,0,,piece--4-10,Alcalá de Henares,1,-3.39739,40.4717,-3.39227,40.4666,-3.39483,40.4692,,
Alcalá de Henares--piece--4-2--raspberry3bp,scraping-airbnb-raspberry3bp--2018-11-29_14_04_43,airbnb,raspberry3bp,1544165698000,0,0,0,0,,piece--4-2,Alcalá de Henares,1,-3.39739,40.5127,-3.39227,40.5076,-3.39483,40.5102,,
Alcalá de Henares--piece--4-3--raspberry3bp,scraping-airbnb-raspberry3bp--2018-11-29_14_04_43,airbnb,raspberry3bp,1544165712000,0,0,0,0,,piece--4-3,Alcalá de Henares,1,-3.39739,40.5076,-3.39227,40.5025,-3.39483,40.505,,
Alcalá de Henares--piece--4-4--raspberry3bp,scraping-airbnb-raspberry3bp--2018-11-29_14_04_43,airbnb,raspberry3bp,1544165731000,0,0,0,0,,piece--4-4,Alcalá de Henares,1,-3.39739,40.5025,-3.39227,40.4974,-3.39483,40.4999,,
Alcalá de Henares--piece--4-5--raspberry3bp,scraping-airbnb-raspberry3bp--2018-11-29_14_04_43,airbnb,raspberry3bp,1544165744000,0,0,0,0,,piece--4-5,Alcalá de Henares,1,-3.39739,40.4974,-3.39227,40.4922,-3.39483,40.4948,,
Alcalá de Henares--piece--4-6--raspberry3bp,scraping-airbnb-raspberry3bp--2018-11-29_14_04_43,airbnb,raspberry3bp,1544165758000,0,0,0,0,,piece--4-6,Alcalá de Henares,1,-3.39739,40.4922,-3.39227,40.4871,-3.39483,40.4897,,
Alcalá de Henares--piece--4-7--raspberry3bp,scraping-airbnb-raspberry3bp--2018-11-29_14_04_43,airbnb,raspberry3bp,1544165774000,0,0,0,2,,piece--4-7,Alcalá de Henares,1,-3.39739,40.4871,-3.39227,40.482,-3.39483,40.4845,,
Alcalá de Henares--piece--4-8--raspberry3bp,scraping-airbnb-raspberry3bp--2018-11-29_14_04_43,airbnb,raspberry3bp,1544165796000,0,0,0,0,,piece--4-8,Alcalá de Henares,1,-3.39739,40.482,-3.39227,40.4769,-3.39483,40.4794,,
Alcalá de Henares--piece--4-9--raspberry3bp,scraping-airbnb-raspberry3bp--2018-11-29_14_04_43,airbnb,raspberry3bp,1544165810000,0,0,0,1,,piece--4-9,Alcalá de Henares,1,-3.39739,40.4769,-3.39227,40.4717,-3.39483,40.4743,,
Alcalá de Henares--piece--5-0--raspberry3bp,scraping-airbnb-raspberry3bp--2018-11-29_14_04_43,airbnb,raspberry3bp,1544165825000,0,0,0,0,,piece--5-0,Alcalá de Henares,1,-3.39227,40.523,-3.38715,40.5179,-3.38971,40.5204,,
Alcalá de Henares--piece--5-1--raspberry3bp,scraping-airbnb-raspberry3bp--2018-11-29_14_04_43,airbnb,raspberry3bp,1544165842000,0,0,0,0,,piece--5-1,Alcalá de Henares,1,-3.39227,40.5179,-3.38715,40.5127,-3.38971,40.5153,,
Alcalá de Henares--piece--5-10--raspberry3bp,scraping-airbnb-raspberry3bp--2018-11-29_14_04_43,airbnb,raspberry3bp,1544165859000,0,0,0,0,,piece--5-10,Alcalá de Henares,1,-3.39227,40.4717,-3.38715,40.4666,-3.38971,40.4692,,
Alcalá de Henares--piece--5-2--raspberry3bp,scraping-airbnb-raspberry3bp--2018-11-29_14_04_43,airbnb,raspberry3bp,1544165878000,0,0,0,0,,piece--5-2,Alcalá de Henares,1,-3.39227,40.5127,-3.38715,40.5076,-3.38971,40.5102,,
Alcalá de Henares--piece--5-3--raspberry3bp,scraping-airbnb-raspberry3bp--2018-11-29_14_04_43,airbnb,raspberry3bp,1544165892000,0,0,0,2,,piece--5-3,Alcalá de Henares,1,-3.39227,40.5076,-3.38715,40.5025,-3.38971,40.505,,
Alcalá de Henares--piece--5-4--raspberry3bp,scraping-airbnb-raspberry3bp--2018-11-29_14_04_43,airbnb,raspberry3bp,1544165915000,0,0,0,0,,piece--5-4,Alcalá de Henares,1,-3.39227,40.5025,-3.38715,40.4974,-3.38971,40.4999,,
Alcalá de Henares--piece--5-5--raspberry3bp,scraping-airbnb-raspberry3bp--2018-11-29_14_04_43,airbnb,raspberry3bp,1544165927000,0,0,0,0,,piece--5-5,Alcalá de Henares,1,-3.39227,40.4974,-3.38715,40.4922,-3.38971,40.4948,,
Alcalá de Henares--piece--5-6--raspberry3bp,scraping-airbnb-raspberry3bp--2018-11-29_14_04_43,airbnb,raspberry3bp,1544165948000,0,0,0,0,,piece--5-6,Alcalá de Henares,1,-3.39227,40.4922,-3.38715,40.4871,-3.38971,40.4897,,
Alcalá de Henares--piece--5-7--raspberry3bp,scraping-airbnb-raspberry3bp--2018-11-29_14_04_43,airbnb,raspberry3bp,1544165963000,0,0,0,1,,piece--5-7,Alcalá de Henares,1,-3.39227,40.4871,-3.38715,40.482,-3.38971,40.4845,,
Alcalá de Henares--piece--5-8--raspberry3bp,scraping-airbnb-raspberry3bp--2018-11-29_14_04_43,airbnb,raspberry3bp,1544165979000,0,0,0,0,,piece--5-8,Alcalá de Henares,1,-3.39227,40.482,-3.38715,40.4769,-3.38971,40.4794,,
Alcalá de Henares--piece--5-9--raspberry3bp,scraping-airbnb-raspberry3bp--2018-11-29_14_04_43,airbnb,raspberry3bp,1544165997000,0,0,2,1,,piece--5-9,Alcalá de Henares,1,-3.39227,40.4769,-3.38715,40.4717,-3.38971,40.4743,,
Alcalá de Henares--piece--6-0--raspberry3bp,scraping-airbnb-raspberry3bp--2018-11-29_14_04_43,airbnb,raspberry3bp,1544166015000,0,0,0,0,,piece--6-0,Alcalá de Henares,1,-3.38715,40.523,-3.38203,40.5179,-3.38459,40.5204,,
Alcalá de Henares--piece--6-1--raspberry3bp,scraping-airbnb-raspberry3bp--2018-11-29_14_04_43,airbnb,raspberry3bp,1544166032000,0,0,0,0,,piece--6-1,Alcalá de Henares,1,-3.38715,40.5179,-3.38203,40.5127,-3.38459,40.5153,,
Alcalá de Henares--piece--6-10--raspberry3bp,scraping-airbnb-raspberry3bp--2018-11-29_14_04_43,airbnb,raspberry3bp,1544166045000,0,0,0,0,,piece--6-10,Alcalá de Henares,1,-3.38715,40.4717,-3.38203,40.4666,-3.38459,40.4692,,
Alcalá de Henares--piece--6-2--raspberry3bp,scraping-airbnb-raspberry3bp--2018-11-29_14_04_43,airbnb,raspberry3bp,1544166062000,0,0,0,0,,piece--6-2,Alcalá de Henares,1,-3.38715,40.5127,-3.38203,40.5076,-3.38459,40.5102,,
Alcalá de Henares--piece--6-3--raspberry3bp,scraping-airbnb-raspberry3bp--2018-11-29_14_04_43,airbnb,raspberry3bp,1544166074000,0,0,0,0,,piece--6-3,Alcalá de Henares,1,-3.38715,40.5076,-3.38203,40.5025,-3.38459,40.505,,
Alcalá de Henares--piece--6-4--raspberry3bp,scraping-airbnb-raspberry3bp--2018-11-29_14_04_43,airbnb,raspberry3bp,1544166088000,0,0,0,0,,piece--6-4,Alcalá de Henares,1,-3.38715,40.5025,-3.38203,40.4974,-3.38459,40.4999,,
Alcalá de Henares--piece--6-5--raspberry3bp,scraping-airbnb-raspberry3bp--2018-11-29_14_04_43,airbnb,raspberry3bp,1544166105000,0,0,0,0,,piece--6-5,Alcalá de Henares,1,-3.38715,40.4974,-3.38203,40.4922,-3.38459,40.4948,,
Alcalá de Henares--piece--6-6--raspberry3bp,scraping-airbnb-raspberry3bp--2018-11-29_14_04_43,airbnb,raspberry3bp,1544166121000,0,0,0,0,,piece--6-6,Alcalá de Henares,1,-3.38715,40.4922,-3.38203,40.4871,-3.38459,40.4897,,
Alcalá de Henares--piece--6-7--raspberry3bp,scraping-airbnb-raspberry3bp--2018-11-29_14_04_43,airbnb,raspberry3bp,1544166140000,0,0,0,0,,piece--6-7,Alcalá de Henares,1,-3.38715,40.4871,-3.38203,40.482,-3.38459,40.4845,,
Alcalá de Henares--piece--6-8--raspberry3bp,scraping-airbnb-raspberry3bp--2018-11-29_14_04_43,airbnb,raspberry3bp,1544166159000,0,0,3,1,,piece--6-8,Alcalá de Henares,1,-3.38715,40.482,-3.38203,40.4769,-3.38459,40.4794,,
Alcalá de Henares--piece--6-9--raspberry3bp,scraping-airbnb-raspberry3bp--2018-11-29_14_04_43,airbnb,raspberry3bp,1544166173000,0,0,0,1,,piece--6-9,Alcalá de Henares,1,-3.38715,40.4769,-3.38203,40.4717,-3.38459,40.4743,,
Alcalá de Henares--piece--7-0--raspberry3bp,scraping-airbnb-raspberry3bp--2018-11-29_14_04_43,airbnb,raspberry3bp,1544166192000,0,0,0,0,,piece--7-0,Alcalá de Henares,1,-3.38203,40.523,-3.37691,40.5179,-3.37947,40.5204,,
Alcalá de Henares--piece--7-1--raspberry3bp,scraping-airbnb-raspberry3bp--2018-11-29_14_04_43,airbnb,raspberry3bp,1544166204000,0,0,0,0,,piece--7-1,Alcalá de Henares,1,-3.38203,40.5179,-3.37691,40.5127,-3.37947,40.5153,,
Alcalá de Henares--piece--7-10--raspberry3bp,scraping-airbnb-raspberry3bp--2018-11-29_14_04_43,airbnb,raspberry3bp,1544166217000,0,0,0,0,,piece--7-10,Alcalá de Henares,1,-3.38203,40.4717,-3.37691,40.4666,-3.37947,40.4692,,
Alcalá de Henares--piece--7-2--raspberry3bp,scraping-airbnb-raspberry3bp--2018-11-29_14_04_43,airbnb,raspberry3bp,1544166231000,0,0,0,0,,piece--7-2,Alcalá de Henares,1,-3.38203,40.5127,-3.37691,40.5076,-3.37947,40.5102,,
Alcalá de Henares--piece--7-3--raspberry3bp,scraping-airbnb-raspberry3bp--2018-11-29_14_04_43,airbnb,raspberry3bp,1544166248000,0,0,0,0,,piece--7-3,Alcalá de Henares,1,-3.38203,40.5076,-3.37691,40.5025,-3.37947,40.505,,
Alcalá de Henares--piece--7-4--raspberry3bp,scraping-airbnb-raspberry3bp--2018-11-29_14_04_43,airbnb,raspberry3bp,1544166263000,0,0,0,0,,piece--7-4,Alcalá de Henares,1,-3.38203,40.5025,-3.37691,40.4974,-3.37947,40.4999,,
Alcalá de Henares--piece--7-5--raspberry3bp,scraping-airbnb-raspberry3bp--2018-11-29_14_04_43,airbnb,raspberry3bp,1544166277000,0,0,0,0,,piece--7-5,Alcalá de Henares,1,-3.38203,40.4974,-3.37691,40.4922,-3.37947,40.4948,,
Alcalá de Henares--piece--7-6--raspberry3bp,scraping-airbnb-raspberry3bp--2018-11-29_14_04_43,airbnb,raspberry3bp,1544166292000,0,0,4,1,,piece--7-6,Alcalá de Henares,1,-3.38203,40.4922,-3.37691,40.4871,-3.37947,40.4897,,
Alcalá de Henares--piece--7-7--raspberry3bp,scraping-airbnb-raspberry3bp--2018-11-29_14_04_43,airbnb,raspberry3bp,1544166305000,0,0,4,1,,piece--7-7,Alcalá de Henares,1,-3.38203,40.4871,-3.37691,40.482,-3.37947,40.4845,,
Alcalá de Henares--piece--7-8--raspberry3bp,scraping-airbnb-raspberry3bp--2018-11-29_14_04_43,airbnb,raspberry3bp,1544166326000,0,0,0,0,,piece--7-8,Alcalá de Henares,1,-3.38203,40.482,-3.37691,40.4769,-3.37947,40.4794,,
Alcalá de Henares--piece--7-9--raspberry3bp,scraping-airbnb-raspberry3bp--2018-11-29_14_04_43,airbnb,raspberry3bp,1544166342000,0,0,0,15,,piece--7-9,Alcalá de Henares,1,-3.38203,40.4769,-3.37691,40.4717,-3.37947,40.4743,,
Alcalá de Henares--piece--8-0--raspberry3bp,scraping-airbnb-raspberry3bp--2018-11-29_14_04_43,airbnb,raspberry3bp,1544166362000,0,0,0,0,,piece--8-0,Alcalá de Henares,1,-3.37691,40.523,-3.37179,40.5179,-3.37435,40.5204,,
Alcalá de Henares--piece--8-1--raspberry3bp,scraping-airbnb-raspberry3bp--2018-11-29_14_04_43,airbnb,raspberry3bp,1544166378000,0,0,0,0,,piece--8-1,Alcalá de Henares,1,-3.37691,40.5179,-3.37179,40.5127,-3.37435,40.5153,,
Alcalá de Henares--piece--8-10--raspberry3bp,scraping-airbnb-raspberry3bp--2018-11-29_14_04_43,airbnb,raspberry3bp,1544166398000,0,0,0,1,,piece--8-10,Alcalá de Henares,1,-3.37691,40.4717,-3.37179,40.4666,-3.37435,40.4692,,
Alcalá de Henares--piece--8-2--raspberry3bp,scraping-airbnb-raspberry3bp--2018-11-29_14_04_43,airbnb,raspberry3bp,1544166411000,0,0,0,0,,piece--8-2,Alcalá de Henares,1,-3.37691,40.5127,-3.37179,40.5076,-3.37435,40.5102,,
Alcalá de Henares--piece--8-3--raspberry3bp,scraping-airbnb-raspberry3bp--2018-11-29_14_04_43,airbnb,raspberry3bp,1544166424000,0,0,0,0,,piece--8-3,Alcalá de Henares,1,-3.37691,40.5076,-3.37179,40.5025,-3.37435,40.505,,
Alcalá de Henares--piece--8-4--raspberry3bp,scraping-airbnb-raspberry3bp--2018-11-29_14_04_43,airbnb,raspberry3bp,1544166446000,0,0,0,0,,piece--8-4,Alcalá de Henares,1,-3.37691,40.5025,-3.37179,40.4974,-3.37435,40.4999,,
Alcalá de Henares--piece--8-5--raspberry3bp,scraping-airbnb-raspberry3bp--2018-11-29_14_04_43,airbnb,raspberry3bp,1544166461000,0,0,4,2,,piece--8-5,Alcalá de Henares,1,-3.37691,40.4974,-3.37179,40.4922,-3.37435,40.4948,,
Alcalá de Henares--piece--8-6--raspberry3bp,scraping-airbnb-raspberry3bp--2018-11-29_14_04_43,airbnb,raspberry3bp,1544166485000,0,0,0,0,,piece--8-6,Alcalá de Henares,1,-3.37691,40.4922,-3.37179,40.4871,-3.37435,40.4897,,
Alcalá de Henares--piece--8-7--raspberry3bp,scraping-airbnb-raspberry3bp--2018-11-29_14_04_43,airbnb,raspberry3bp,1544166501000,0,0,0,1,,piece--8-7,Alcalá de Henares,1,-3.37691,40.4871,-3.37179,40.482,-3.37435,40.4845,,
Alcalá de Henares--piece--8-8--raspberry3bp,scraping-airbnb-raspberry3bp--2018-11-29_14_04_43,airbnb,raspberry3bp,1544166516000,0,0,0,6,,piece--8-8,Alcalá de Henares,1,-3.37691,40.482,-3.37179,40.4769,-3.37435,40.4794,,
Alcalá de Henares--piece--8-9--raspberry3bp,scraping-airbnb-raspberry3bp--2018-11-29_14_04_43,airbnb,raspberry3bp,1544166539000,0,0,0,7,,piece--8-9,Alcalá de Henares,1,-3.37691,40.4769,-3.37179,40.4717,-3.37435,40.4743,,
Alcalá de Henares--piece--9-0--raspberry3bp,scraping-airbnb-raspberry3bp--2018-11-29_14_04_43,airbnb,raspberry3bp,1544166553000,0,0,0,0,,piece--9-0,Alcalá de Henares,1,-3.37179,40.523,-3.36668,40.5179,-3.36924,40.5204,,
Alcalá de Henares--piece--9-1--raspberry3bp,scraping-airbnb-raspberry3bp--2018-11-29_14_04_43,airbnb,raspberry3bp,1544166566000,0,0,0,0,,piece--9-1,Alcalá de Henares,1,-3.37179,40.5179,-3.36668,40.5127,-3.36924,40.5153,,
Alcalá de Henares--piece--9-10--raspberry3bp,scraping-airbnb-raspberry3bp--2018-11-29_14_04_43,airbnb,raspberry3bp,1544166583000,0,0,0,0,,piece--9-10,Alcalá de Henares,1,-3.37179,40.4717,-3.36668,40.4666,-3.36924,40.4692,,
Alcalá de Henares--piece--9-2--raspberry3bp,scraping-airbnb-raspberry3bp--2018-11-29_14_04_43,airbnb,raspberry3bp,1544166597000,0,0,0,0,,piece--9-2,Alcalá de Henares,1,-3.37179,40.5127,-3.36668,40.5076,-3.36924,40.5102,,
Alcalá de Henares--piece--9-3--raspberry3bp,scraping-airbnb-raspberry3bp--2018-11-29_14_04_43,airbnb,raspberry3bp,1544166611000,0,0,0,0,,piece--9-3,Alcalá de Henares,1,-3.37179,40.5076,-3.36668,40.5025,-3.36924,40.505,,
Alcalá de Henares--piece--9-4--raspberry3bp,scraping-airbnb-raspberry3bp--2018-11-29_14_04_43,airbnb,raspberry3bp,1544166625000,0,0,0,0,,piece--9-4,Alcalá de Henares,1,-3.37179,40.5025,-3.36668,40.4974,-3.36924,40.4999,,
Alcalá de Henares--piece--9-5--raspberry3bp,scraping-airbnb-raspberry3bp--2018-11-29_14_04_43,airbnb,raspberry3bp,1544166637000,0,0,0,0,,piece--9-5,Alcalá de Henares,1,-3.37179,40.4974,-3.36668,40.4922,-3.36924,40.4948,,
Alcalá de Henares--piece--9-6--raspberry3bp,scraping-airbnb-raspberry3bp--2018-11-29_14_04_43,airbnb,raspberry3bp,1544166655000,0,0,0,6,,piece--9-6,Alcalá de Henares,1,-3.37179,40.4922,-3.36668,40.4871,-3.36924,40.4897,,
Alcalá de Henares--piece--9-7--raspberry3bp,scraping-airbnb-raspberry3bp--2018-11-29_14_04_43,airbnb,raspberry3bp,1544166678000,0,0,2,6,,piece--9-7,Alcalá de Henares,1,-3.37179,40.4871,-3.36668,40.482,-3.36924,40.4845,,
Alcalá de Henares--piece--9-8--raspberry3bp,scraping-airbnb-raspberry3bp--2018-11-29_14_04_43,airbnb,raspberry3bp,1544166693000,0,0,0,13,,piece--9-8,Alcalá de Henares,1,-3.37179,40.482,-3.36668,40.4769,-3.36924,40.4794,,
Alcalá de Henares--piece--9-9--raspberry3bp,scraping-airbnb-raspberry3bp--2018-11-29_14_04_43,airbnb,raspberry3bp,1544166715000,0,0,3,5,,piece--9-9,Alcalá de Henares,1,-3.37179,40.4769,-3.36668,40.4717,-3.36924,40.4743,,
