piece_id,scraping_id,app_id,device_id,date_scraped,average_prize_buy,number_of_ads_buy,average_prize_rent,number_of_ads_rent,extra_data,piece_name,city_name,scraped,bounding_box1_x,bounding_box1_y,bounding_box2_x,bounding_box2_y,center_point_x,center_point_y,geojson_coordinates,method
Alcorcón--piece--0-0--gCloud,"scraping-fotocasa-gCloud--12_7_2018,_7_11_51_AM",fotocasa,gCloud,1544168927000,0,0,0,0,,piece--0-0,Alcorcón,1,-3.86149,40.3638,-3.85623,40.3583,-3.85886,40.3611,,
Alcorcón--piece--0-1--gCloud,"scraping-fotocasa-gCloud--12_7_2018,_7_11_51_AM",fotocasa,gCloud,1544168937000,0,0,0,0,,piece--0-1,Alcorcón,1,-3.86149,40.3583,-3.85623,40.3528,-3.85886,40.3556,,
Alcorcón--piece--0-2--gCloud,"scraping-fotocasa-gCloud--12_7_2018,_7_11_51_AM",fotocasa,gCloud,1544168945000,0,0,0,0,,piece--0-2,Alcorcón,1,-3.86149,40.3528,-3.85623,40.3473,-3.85886,40.35,,
Alcorcón--piece--0-3--gCloud,"scraping-fotocasa-gCloud--12_7_2018,_7_11_51_AM",fotocasa,gCloud,1544168956000,0,0,0,0,,piece--0-3,Alcorcón,1,-3.86149,40.3473,-3.85623,40.3418,-3.85886,40.3445,,
Alcorcón--piece--0-4--gCloud,"scraping-fotocasa-gCloud--12_7_2018,_7_11_51_AM",fotocasa,gCloud,1544168967000,1932.51,2,0,0,,piece--0-4,Alcorcón,1,-3.86149,40.3418,-3.85623,40.3362,-3.85886,40.339,,
Alcorcón--piece--0-5--gCloud,"scraping-fotocasa-gCloud--12_7_2018,_7_11_51_AM",fotocasa,gCloud,1544168979000,1816.91,14,9.04255,1,,piece--0-5,Alcorcón,1,-3.86149,40.3362,-3.85623,40.3307,-3.85886,40.3335,,
Alcorcón--piece--0-6--gCloud,"scraping-fotocasa-gCloud--12_7_2018,_7_11_51_AM",fotocasa,gCloud,1544168992000,1609.14,26,9.375,1,,piece--0-6,Alcorcón,1,-3.86149,40.3307,-3.85623,40.3252,-3.85886,40.3279,,
Alcorcón--piece--1-0--gCloud,"scraping-fotocasa-gCloud--12_7_2018,_7_11_51_AM",fotocasa,gCloud,1544168997000,0,0,0,0,,piece--1-0,Alcorcón,1,-3.85623,40.3638,-3.85097,40.3583,-3.8536,40.3611,,
Alcorcón--piece--1-1--gCloud,"scraping-fotocasa-gCloud--12_7_2018,_7_11_51_AM",fotocasa,gCloud,1544169003000,0,0,0,0,,piece--1-1,Alcorcón,1,-3.85623,40.3583,-3.85097,40.3528,-3.8536,40.3556,,
Alcorcón--piece--1-2--gCloud,"scraping-fotocasa-gCloud--12_7_2018,_7_11_51_AM",fotocasa,gCloud,1544169013000,0,0,0,0,,piece--1-2,Alcorcón,1,-3.85623,40.3528,-3.85097,40.3473,-3.8536,40.35,,
Alcorcón--piece--1-3--gCloud,"scraping-fotocasa-gCloud--12_7_2018,_7_11_51_AM",fotocasa,gCloud,1544169021000,0,0,0,0,,piece--1-3,Alcorcón,1,-3.85623,40.3473,-3.85097,40.3418,-3.8536,40.3445,,
Alcorcón--piece--1-4--gCloud,"scraping-fotocasa-gCloud--12_7_2018,_7_11_51_AM",fotocasa,gCloud,1544169027000,2572,14,9.53152,6,,piece--1-4,Alcorcón,1,-3.85623,40.3418,-3.85097,40.3362,-3.8536,40.339,,
Alcorcón--piece--1-5--gCloud,"scraping-fotocasa-gCloud--12_7_2018,_7_11_51_AM",fotocasa,gCloud,1544169036000,2288.57,17,9,1,,piece--1-5,Alcorcón,1,-3.85623,40.3362,-3.85097,40.3307,-3.8536,40.3335,,
Alcorcón--piece--1-6--gCloud,"scraping-fotocasa-gCloud--12_7_2018,_7_11_51_AM",fotocasa,gCloud,1544169046000,1854.6,21,8.77778,1,,piece--1-6,Alcorcón,1,-3.85623,40.3307,-3.85097,40.3252,-3.8536,40.3279,,
Alcorcón--piece--10-0--gCloud,"scraping-fotocasa-gCloud--12_7_2018,_7_11_51_AM",fotocasa,gCloud,1544169051000,0,0,0,0,,piece--10-0,Alcorcón,1,-3.80891,40.3638,-3.80365,40.3583,-3.80628,40.3611,,
Alcorcón--piece--10-1--gCloud,"scraping-fotocasa-gCloud--12_7_2018,_7_11_51_AM",fotocasa,gCloud,1544169063000,2101.23,8,11.5625,1,,piece--10-1,Alcorcón,1,-3.80891,40.3583,-3.80365,40.3528,-3.80628,40.3556,,
Alcorcón--piece--10-2--gCloud,"scraping-fotocasa-gCloud--12_7_2018,_7_11_51_AM",fotocasa,gCloud,1544169072000,2806.29,12,9.62304,3,,piece--10-2,Alcorcón,1,-3.80891,40.3528,-3.80365,40.3473,-3.80628,40.35,,
Alcorcón--piece--10-3--gCloud,"scraping-fotocasa-gCloud--12_7_2018,_7_11_51_AM",fotocasa,gCloud,1544169081000,2729.73,5,11.5191,3,,piece--10-3,Alcorcón,1,-3.80891,40.3473,-3.80365,40.3418,-3.80628,40.3445,,
Alcorcón--piece--10-4--gCloud,"scraping-fotocasa-gCloud--12_7_2018,_7_11_51_AM",fotocasa,gCloud,1544169087000,0,0,0,0,,piece--10-4,Alcorcón,1,-3.80891,40.3418,-3.80365,40.3362,-3.80628,40.339,,
Alcorcón--piece--10-5--gCloud,"scraping-fotocasa-gCloud--12_7_2018,_7_11_51_AM",fotocasa,gCloud,1544169092000,0,0,0,0,,piece--10-5,Alcorcón,1,-3.80891,40.3362,-3.80365,40.3307,-3.80628,40.3335,,
Alcorcón--piece--10-6--gCloud,"scraping-fotocasa-gCloud--12_7_2018,_7_11_51_AM",fotocasa,gCloud,1544169100000,0,0,0,0,,piece--10-6,Alcorcón,1,-3.80891,40.3307,-3.80365,40.3252,-3.80628,40.3279,,
Alcorcón--piece--11-0--gCloud,"scraping-fotocasa-gCloud--12_7_2018,_7_11_51_AM",fotocasa,gCloud,1544169109000,0,0,0,0,,piece--11-0,Alcorcón,1,-3.80365,40.3638,-3.79839,40.3583,-3.80102,40.3611,,
Alcorcón--piece--11-1--gCloud,"scraping-fotocasa-gCloud--12_7_2018,_7_11_51_AM",fotocasa,gCloud,1544169120000,2524.19,3,12.069,1,,piece--11-1,Alcorcón,1,-3.80365,40.3583,-3.79839,40.3528,-3.80102,40.3556,,
Alcorcón--piece--11-2--gCloud,"scraping-fotocasa-gCloud--12_7_2018,_7_11_51_AM",fotocasa,gCloud,1544169126000,2935.54,10,0,0,,piece--11-2,Alcorcón,1,-3.80365,40.3528,-3.79839,40.3473,-3.80102,40.35,,
Alcorcón--piece--11-3--gCloud,"scraping-fotocasa-gCloud--12_7_2018,_7_11_51_AM",fotocasa,gCloud,1544169131000,0,0,0,0,,piece--11-3,Alcorcón,1,-3.80365,40.3473,-3.79839,40.3418,-3.80102,40.3445,,
Alcorcón--piece--11-4--gCloud,"scraping-fotocasa-gCloud--12_7_2018,_7_11_51_AM",fotocasa,gCloud,1544169139000,0,0,0,0,,piece--11-4,Alcorcón,1,-3.80365,40.3418,-3.79839,40.3362,-3.80102,40.339,,
Alcorcón--piece--11-5--gCloud,"scraping-fotocasa-gCloud--12_7_2018,_7_11_51_AM",fotocasa,gCloud,1544169150000,0,0,0,0,,piece--11-5,Alcorcón,1,-3.80365,40.3362,-3.79839,40.3307,-3.80102,40.3335,,
Alcorcón--piece--11-6--gCloud,"scraping-fotocasa-gCloud--12_7_2018,_7_11_51_AM",fotocasa,gCloud,1544169155000,0,0,0,0,,piece--11-6,Alcorcón,1,-3.80365,40.3307,-3.79839,40.3252,-3.80102,40.3279,,
Alcorcón--piece--12-0--gCloud,"scraping-fotocasa-gCloud--12_7_2018,_7_11_51_AM",fotocasa,gCloud,1544169161000,0,0,0,0,,piece--12-0,Alcorcón,1,-3.79839,40.3638,-3.79313,40.3583,-3.79576,40.3611,,
Alcorcón--piece--12-1--gCloud,"scraping-fotocasa-gCloud--12_7_2018,_7_11_51_AM",fotocasa,gCloud,1544169169000,0,0,0,0,,piece--12-1,Alcorcón,1,-3.79839,40.3583,-3.79313,40.3528,-3.79576,40.3556,,
Alcorcón--piece--12-2--gCloud,"scraping-fotocasa-gCloud--12_7_2018,_7_11_51_AM",fotocasa,gCloud,1544169174000,0,0,0,0,,piece--12-2,Alcorcón,1,-3.79839,40.3528,-3.79313,40.3473,-3.79576,40.35,,
Alcorcón--piece--12-3--gCloud,"scraping-fotocasa-gCloud--12_7_2018,_7_11_51_AM",fotocasa,gCloud,1544169181000,0,0,0,0,,piece--12-3,Alcorcón,1,-3.79839,40.3473,-3.79313,40.3418,-3.79576,40.3445,,
Alcorcón--piece--12-4--gCloud,"scraping-fotocasa-gCloud--12_7_2018,_7_11_51_AM",fotocasa,gCloud,1544169186000,0,0,0,0,,piece--12-4,Alcorcón,1,-3.79839,40.3418,-3.79313,40.3362,-3.79576,40.339,,
Alcorcón--piece--12-5--gCloud,"scraping-fotocasa-gCloud--12_7_2018,_7_11_51_AM",fotocasa,gCloud,1544169194000,0,0,0,0,,piece--12-5,Alcorcón,1,-3.79839,40.3362,-3.79313,40.3307,-3.79576,40.3335,,
Alcorcón--piece--12-6--gCloud,"scraping-fotocasa-gCloud--12_7_2018,_7_11_51_AM",fotocasa,gCloud,1544169203000,0,0,0,0,,piece--12-6,Alcorcón,1,-3.79839,40.3307,-3.79313,40.3252,-3.79576,40.3279,,
Alcorcón--piece--2-0--gCloud,"scraping-fotocasa-gCloud--12_7_2018,_7_11_51_AM",fotocasa,gCloud,1544169208000,0,0,0,0,,piece--2-0,Alcorcón,1,-3.85097,40.3638,-3.84571,40.3583,-3.84834,40.3611,,
Alcorcón--piece--2-1--gCloud,"scraping-fotocasa-gCloud--12_7_2018,_7_11_51_AM",fotocasa,gCloud,1544169217000,0,0,0,0,,piece--2-1,Alcorcón,1,-3.85097,40.3583,-3.84571,40.3528,-3.84834,40.3556,,
Alcorcón--piece--2-2--gCloud,"scraping-fotocasa-gCloud--12_7_2018,_7_11_51_AM",fotocasa,gCloud,1544169225000,0,0,0,0,,piece--2-2,Alcorcón,1,-3.85097,40.3528,-3.84571,40.3473,-3.84834,40.35,,
Alcorcón--piece--2-3--gCloud,"scraping-fotocasa-gCloud--12_7_2018,_7_11_51_AM",fotocasa,gCloud,1544169230000,2249.36,2,0,0,,piece--2-3,Alcorcón,1,-3.85097,40.3473,-3.84571,40.3418,-3.84834,40.3445,,
Alcorcón--piece--2-4--gCloud,"scraping-fotocasa-gCloud--12_7_2018,_7_11_51_AM",fotocasa,gCloud,1544169239000,0,0,0,0,,piece--2-4,Alcorcón,1,-3.85097,40.3418,-3.84571,40.3362,-3.84834,40.339,,
Alcorcón--piece--2-5--gCloud,"scraping-fotocasa-gCloud--12_7_2018,_7_11_51_AM",fotocasa,gCloud,1544169244000,0,0,0,0,,piece--2-5,Alcorcón,1,-3.85097,40.3362,-3.84571,40.3307,-3.84834,40.3335,,
Alcorcón--piece--2-6--gCloud,"scraping-fotocasa-gCloud--12_7_2018,_7_11_51_AM",fotocasa,gCloud,1544169252000,0,0,0,0,,piece--2-6,Alcorcón,1,-3.85097,40.3307,-3.84571,40.3252,-3.84834,40.3279,,
Alcorcón--piece--3-0--gCloud,"scraping-fotocasa-gCloud--12_7_2018,_7_11_51_AM",fotocasa,gCloud,1544169261000,0,0,0,0,,piece--3-0,Alcorcón,1,-3.84571,40.3638,-3.84046,40.3583,-3.84309,40.3611,,
Alcorcón--piece--3-1--gCloud,"scraping-fotocasa-gCloud--12_7_2018,_7_11_51_AM",fotocasa,gCloud,1544169269000,0,0,0,0,,piece--3-1,Alcorcón,1,-3.84571,40.3583,-3.84046,40.3528,-3.84309,40.3556,,
Alcorcón--piece--3-2--gCloud,"scraping-fotocasa-gCloud--12_7_2018,_7_11_51_AM",fotocasa,gCloud,1544169274000,2644.86,1,0,0,,piece--3-2,Alcorcón,1,-3.84571,40.3528,-3.84046,40.3473,-3.84309,40.35,,
Alcorcón--piece--3-3--gCloud,"scraping-fotocasa-gCloud--12_7_2018,_7_11_51_AM",fotocasa,gCloud,1544169280000,2556.4,6,7.5,1,,piece--3-3,Alcorcón,1,-3.84571,40.3473,-3.84046,40.3418,-3.84309,40.3445,,
Alcorcón--piece--3-4--gCloud,"scraping-fotocasa-gCloud--12_7_2018,_7_11_51_AM",fotocasa,gCloud,1544169285000,2761.24,3,14.1837,1,,piece--3-4,Alcorcón,1,-3.84571,40.3418,-3.84046,40.3362,-3.84309,40.339,,
Alcorcón--piece--3-5--gCloud,"scraping-fotocasa-gCloud--12_7_2018,_7_11_51_AM",fotocasa,gCloud,1544169294000,0,0,0,0,,piece--3-5,Alcorcón,1,-3.84571,40.3362,-3.84046,40.3307,-3.84309,40.3335,,
Alcorcón--piece--3-6--gCloud,"scraping-fotocasa-gCloud--12_7_2018,_7_11_51_AM",fotocasa,gCloud,1544169299000,1456.73,1,9.88889,1,,piece--3-6,Alcorcón,1,-3.84571,40.3307,-3.84046,40.3252,-3.84309,40.3279,,
Alcorcón--piece--4-0--gCloud,"scraping-fotocasa-gCloud--12_7_2018,_7_11_51_AM",fotocasa,gCloud,1544169308000,0,0,0,0,,piece--4-0,Alcorcón,1,-3.84046,40.3638,-3.8352,40.3583,-3.83783,40.3611,,
Alcorcón--piece--4-1--gCloud,"scraping-fotocasa-gCloud--12_7_2018,_7_11_51_AM",fotocasa,gCloud,1544169316000,0,0,0,0,,piece--4-1,Alcorcón,1,-3.84046,40.3583,-3.8352,40.3528,-3.83783,40.3556,,
Alcorcón--piece--4-2--gCloud,"scraping-fotocasa-gCloud--12_7_2018,_7_11_51_AM",fotocasa,gCloud,1544169324000,1457.58,2,0,0,,piece--4-2,Alcorcón,1,-3.84046,40.3528,-3.8352,40.3473,-3.83783,40.35,,
Alcorcón--piece--4-3--gCloud,"scraping-fotocasa-gCloud--12_7_2018,_7_11_51_AM",fotocasa,gCloud,1544169333000,2066.67,1,0,0,,piece--4-3,Alcorcón,1,-3.84046,40.3473,-3.8352,40.3418,-3.83783,40.3445,,
Alcorcón--piece--4-4--gCloud,"scraping-fotocasa-gCloud--12_7_2018,_7_11_51_AM",fotocasa,gCloud,1544169341000,2543.38,5,9.69967,2,,piece--4-4,Alcorcón,1,-3.84046,40.3418,-3.8352,40.3362,-3.83783,40.339,,
Alcorcón--piece--4-5--gCloud,"scraping-fotocasa-gCloud--12_7_2018,_7_11_51_AM",fotocasa,gCloud,1544169353000,2106.48,13,0,0,,piece--4-5,Alcorcón,1,-3.84046,40.3362,-3.8352,40.3307,-3.83783,40.3335,,
Alcorcón--piece--4-6--gCloud,"scraping-fotocasa-gCloud--12_7_2018,_7_11_51_AM",fotocasa,gCloud,1544169362000,2343.39,5,10.3846,1,,piece--4-6,Alcorcón,1,-3.84046,40.3307,-3.8352,40.3252,-3.83783,40.3279,,
Alcorcón--piece--5-0--gCloud,"scraping-fotocasa-gCloud--12_7_2018,_7_11_51_AM",fotocasa,gCloud,1544169367000,0,0,0,0,,piece--5-0,Alcorcón,1,-3.8352,40.3638,-3.82994,40.3583,-3.83257,40.3611,,
Alcorcón--piece--5-1--gCloud,"scraping-fotocasa-gCloud--12_7_2018,_7_11_51_AM",fotocasa,gCloud,1544169378000,0,0,0,0,,piece--5-1,Alcorcón,1,-3.8352,40.3583,-3.82994,40.3528,-3.83257,40.3556,,
Alcorcón--piece--5-2--gCloud,"scraping-fotocasa-gCloud--12_7_2018,_7_11_51_AM",fotocasa,gCloud,1544169388000,1850.13,9,11.4881,5,,piece--5-2,Alcorcón,1,-3.8352,40.3528,-3.82994,40.3473,-3.83257,40.35,,
Alcorcón--piece--5-3--gCloud,"scraping-fotocasa-gCloud--12_7_2018,_7_11_51_AM",fotocasa,gCloud,1544169398000,1894.73,30,10.4286,1,,piece--5-3,Alcorcón,1,-3.8352,40.3473,-3.82994,40.3418,-3.83257,40.3445,,
Alcorcón--piece--5-4--gCloud,"scraping-fotocasa-gCloud--12_7_2018,_7_11_51_AM",fotocasa,gCloud,1544169404000,2362.64,6,8.70784,5,,piece--5-4,Alcorcón,1,-3.8352,40.3418,-3.82994,40.3362,-3.83257,40.339,,
Alcorcón--piece--5-5--gCloud,"scraping-fotocasa-gCloud--12_7_2018,_7_11_51_AM",fotocasa,gCloud,1544169413000,2509.34,12,10.2282,2,,piece--5-5,Alcorcón,1,-3.8352,40.3362,-3.82994,40.3307,-3.83257,40.3335,,
Alcorcón--piece--5-6--gCloud,"scraping-fotocasa-gCloud--12_7_2018,_7_11_51_AM",fotocasa,gCloud,1544169423000,2102.27,2,0,0,,piece--5-6,Alcorcón,1,-3.8352,40.3307,-3.82994,40.3252,-3.83257,40.3279,,
Alcorcón--piece--6-0--gCloud,"scraping-fotocasa-gCloud--12_7_2018,_7_11_51_AM",fotocasa,gCloud,1544169431000,0,0,0,0,,piece--6-0,Alcorcón,1,-3.82994,40.3638,-3.82468,40.3583,-3.82731,40.3611,,
Alcorcón--piece--6-1--gCloud,"scraping-fotocasa-gCloud--12_7_2018,_7_11_51_AM",fotocasa,gCloud,1544169440000,1663.33,2,0,0,,piece--6-1,Alcorcón,1,-3.82994,40.3583,-3.82468,40.3528,-3.82731,40.3556,,
Alcorcón--piece--6-2--gCloud,"scraping-fotocasa-gCloud--12_7_2018,_7_11_51_AM",fotocasa,gCloud,1544169450000,1904.95,30,9.5973,12,,piece--6-2,Alcorcón,1,-3.82994,40.3528,-3.82468,40.3473,-3.82731,40.35,,
Alcorcón--piece--6-3--gCloud,"scraping-fotocasa-gCloud--12_7_2018,_7_11_51_AM",fotocasa,gCloud,1544169461000,1786.36,29,10.7198,7,,piece--6-3,Alcorcón,1,-3.82994,40.3473,-3.82468,40.3418,-3.82731,40.3445,,
Alcorcón--piece--6-4--gCloud,"scraping-fotocasa-gCloud--12_7_2018,_7_11_51_AM",fotocasa,gCloud,1544169467000,2157,17,8.7931,2,,piece--6-4,Alcorcón,1,-3.82994,40.3418,-3.82468,40.3362,-3.82731,40.339,,
Alcorcón--piece--6-5--gCloud,"scraping-fotocasa-gCloud--12_7_2018,_7_11_51_AM",fotocasa,gCloud,1544169479000,2180.65,12,0,0,,piece--6-5,Alcorcón,1,-3.82994,40.3362,-3.82468,40.3307,-3.82731,40.3335,,
Alcorcón--piece--6-6--gCloud,"scraping-fotocasa-gCloud--12_7_2018,_7_11_51_AM",fotocasa,gCloud,1544169487000,2387.45,3,0,0,,piece--6-6,Alcorcón,1,-3.82994,40.3307,-3.82468,40.3252,-3.82731,40.3279,,
Alcorcón--piece--7-0--gCloud,"scraping-fotocasa-gCloud--12_7_2018,_7_11_51_AM",fotocasa,gCloud,1544169500000,0,0,0,0,,piece--7-0,Alcorcón,1,-3.82468,40.3638,-3.81942,40.3583,-3.82205,40.3611,,
Alcorcón--piece--7-1--gCloud,"scraping-fotocasa-gCloud--12_7_2018,_7_11_51_AM",fotocasa,gCloud,1544169509000,2082.22,7,0,0,,piece--7-1,Alcorcón,1,-3.82468,40.3583,-3.81942,40.3528,-3.82205,40.3556,,
Alcorcón--piece--7-2--gCloud,"scraping-fotocasa-gCloud--12_7_2018,_7_11_51_AM",fotocasa,gCloud,1544169516000,2066.87,24,9.8953,3,,piece--7-2,Alcorcón,1,-3.82468,40.3528,-3.81942,40.3473,-3.82205,40.35,,
Alcorcón--piece--7-3--gCloud,"scraping-fotocasa-gCloud--12_7_2018,_7_11_51_AM",fotocasa,gCloud,1544169526000,1924.15,25,8.54936,5,,piece--7-3,Alcorcón,1,-3.82468,40.3473,-3.81942,40.3418,-3.82205,40.3445,,
Alcorcón--piece--7-4--gCloud,"scraping-fotocasa-gCloud--12_7_2018,_7_11_51_AM",fotocasa,gCloud,1544169532000,2280.63,4,11.25,1,,piece--7-4,Alcorcón,1,-3.82468,40.3418,-3.81942,40.3362,-3.82205,40.339,,
Alcorcón--piece--7-5--gCloud,"scraping-fotocasa-gCloud--12_7_2018,_7_11_51_AM",fotocasa,gCloud,1544169541000,2605.81,5,0,0,,piece--7-5,Alcorcón,1,-3.82468,40.3362,-3.81942,40.3307,-3.82205,40.3335,,
Alcorcón--piece--7-6--gCloud,"scraping-fotocasa-gCloud--12_7_2018,_7_11_51_AM",fotocasa,gCloud,1544169549000,0,0,10,1,,piece--7-6,Alcorcón,1,-3.82468,40.3307,-3.81942,40.3252,-3.82205,40.3279,,
Alcorcón--piece--8-0--gCloud,"scraping-fotocasa-gCloud--12_7_2018,_7_11_51_AM",fotocasa,gCloud,1544169558000,0,0,0,0,,piece--8-0,Alcorcón,1,-3.81942,40.3638,-3.81416,40.3583,-3.81679,40.3611,,
Alcorcón--piece--8-1--gCloud,"scraping-fotocasa-gCloud--12_7_2018,_7_11_51_AM",fotocasa,gCloud,1544169569000,2228.37,7,9.61539,1,,piece--8-1,Alcorcón,1,-3.81942,40.3583,-3.81416,40.3528,-3.81679,40.3556,,
Alcorcón--piece--8-2--gCloud,"scraping-fotocasa-gCloud--12_7_2018,_7_11_51_AM",fotocasa,gCloud,1544169578000,2256.02,22,7.12607,2,,piece--8-2,Alcorcón,1,-3.81942,40.3528,-3.81416,40.3473,-3.81679,40.35,,
Alcorcón--piece--8-3--gCloud,"scraping-fotocasa-gCloud--12_7_2018,_7_11_51_AM",fotocasa,gCloud,1544169588000,2163.79,16,9.45548,3,,piece--8-3,Alcorcón,1,-3.81942,40.3473,-3.81416,40.3418,-3.81679,40.3445,,
Alcorcón--piece--8-4--gCloud,"scraping-fotocasa-gCloud--12_7_2018,_7_11_51_AM",fotocasa,gCloud,1544169596000,1968.3,2,0,0,,piece--8-4,Alcorcón,1,-3.81942,40.3418,-3.81416,40.3362,-3.81679,40.339,,
Alcorcón--piece--8-5--gCloud,"scraping-fotocasa-gCloud--12_7_2018,_7_11_51_AM",fotocasa,gCloud,1544169609000,0,0,0,0,,piece--8-5,Alcorcón,1,-3.81942,40.3362,-3.81416,40.3307,-3.81679,40.3335,,
Alcorcón--piece--8-6--gCloud,"scraping-fotocasa-gCloud--12_7_2018,_7_11_51_AM",fotocasa,gCloud,1544169614000,0,0,0,0,,piece--8-6,Alcorcón,1,-3.81942,40.3307,-3.81416,40.3252,-3.81679,40.3279,,
Alcorcón--piece--9-0--gCloud,"scraping-fotocasa-gCloud--12_7_2018,_7_11_51_AM",fotocasa,gCloud,1544169622000,0,0,0,0,,piece--9-0,Alcorcón,1,-3.81416,40.3638,-3.80891,40.3583,-3.81153,40.3611,,
Alcorcón--piece--9-1--gCloud,"scraping-fotocasa-gCloud--12_7_2018,_7_11_51_AM",fotocasa,gCloud,1544169632000,1879.46,16,9.49438,2,,piece--9-1,Alcorcón,1,-3.81416,40.3583,-3.80891,40.3528,-3.81153,40.3556,,
Alcorcón--piece--9-2--gCloud,"scraping-fotocasa-gCloud--12_7_2018,_7_11_51_AM",fotocasa,gCloud,1544169641000,2306.75,8,9.72994,5,,piece--9-2,Alcorcón,1,-3.81416,40.3528,-3.80891,40.3473,-3.81153,40.35,,
Alcorcón--piece--9-3--gCloud,"scraping-fotocasa-gCloud--12_7_2018,_7_11_51_AM",fotocasa,gCloud,1544169648000,2284.23,13,10.4307,2,,piece--9-3,Alcorcón,1,-3.81416,40.3473,-3.80891,40.3418,-3.81153,40.3445,,
Alcorcón--piece--9-4--gCloud,"scraping-fotocasa-gCloud--12_7_2018,_7_11_51_AM",fotocasa,gCloud,1544169656000,979.021,1,0,0,,piece--9-4,Alcorcón,1,-3.81416,40.3418,-3.80891,40.3362,-3.81153,40.339,,
Alcorcón--piece--9-5--gCloud,"scraping-fotocasa-gCloud--12_7_2018,_7_11_51_AM",fotocasa,gCloud,1544169661000,0,0,0,0,,piece--9-5,Alcorcón,1,-3.81416,40.3362,-3.80891,40.3307,-3.81153,40.3335,,
Alcorcón--piece--9-6--gCloud,"scraping-fotocasa-gCloud--12_7_2018,_7_11_51_AM",fotocasa,gCloud,1544169670000,0,0,0,0,,piece--9-6,Alcorcón,1,-3.81416,40.3307,-3.80891,40.3252,-3.81153,40.3279,,
