piece_id,scraping_id,app_id,device_id,date_scraped,average_prize_buy,number_of_ads_buy,average_prize_rent,number_of_ads_rent,extra_data,piece_name,city_name,scraped,bounding_box1_x,bounding_box1_y,bounding_box2_x,bounding_box2_y,center_point_x,center_point_y,geojson_coordinates,method
Alcobendas--piece--0-0--raspberry3bp,scraping-airbnb-raspberry3bp--2018-11-29_14_04_43,airbnb,raspberry3bp,1544166735000,0,0,0,0,,piece--0-0,Alcobendas,1,-3.66555,40.5578,-3.66052,40.5528,-3.66304,40.5553,,
Alcobendas--piece--0-1--raspberry3bp,scraping-airbnb-raspberry3bp--2018-11-29_14_04_43,airbnb,raspberry3bp,1544166752000,0,0,1,1,,piece--0-1,Alcobendas,1,-3.66555,40.5528,-3.66052,40.5478,-3.66304,40.5503,,
Alcobendas--piece--0-2--raspberry3bp,scraping-airbnb-raspberry3bp--2018-11-29_14_04_43,airbnb,raspberry3bp,1544166766000,0,0,0,0,,piece--0-2,Alcobendas,1,-3.66555,40.5478,-3.66052,40.5428,-3.66304,40.5453,,
Alcobendas--piece--0-3--raspberry3bp,scraping-airbnb-raspberry3bp--2018-11-29_14_04_43,airbnb,raspberry3bp,1544166779000,0,0,0,0,,piece--0-3,Alcobendas,1,-3.66555,40.5428,-3.66052,40.5377,-3.66304,40.5403,,
Alcobendas--piece--0-4--raspberry3bp,scraping-airbnb-raspberry3bp--2018-11-29_14_04_43,airbnb,raspberry3bp,1544166797000,0,0,0,0,,piece--0-4,Alcobendas,1,-3.66555,40.5377,-3.66052,40.5327,-3.66304,40.5352,,
Alcobendas--piece--0-5--raspberry3bp,scraping-airbnb-raspberry3bp--2018-11-29_14_04_43,airbnb,raspberry3bp,1544166812000,0,0,0,0,,piece--0-5,Alcobendas,1,-3.66555,40.5327,-3.66052,40.5277,-3.66304,40.5302,,
Alcobendas--piece--0-6--raspberry3bp,scraping-airbnb-raspberry3bp--2018-11-29_14_04_43,airbnb,raspberry3bp,1544166830000,0,0,0,0,,piece--0-6,Alcobendas,1,-3.66555,40.5277,-3.66052,40.5227,-3.66304,40.5252,,
Alcobendas--piece--0-7--raspberry3bp,scraping-airbnb-raspberry3bp--2018-11-29_14_04_43,airbnb,raspberry3bp,1544166846000,0,0,0,0,,piece--0-7,Alcobendas,1,-3.66555,40.5227,-3.66052,40.5176,-3.66304,40.5201,,
Alcobendas--piece--0-8--raspberry3bp,scraping-airbnb-raspberry3bp--2018-11-29_14_04_43,airbnb,raspberry3bp,1544166863000,0,0,0,0,,piece--0-8,Alcobendas,1,-3.66555,40.5176,-3.66052,40.5126,-3.66304,40.5151,,
Alcobendas--piece--0-9--raspberry3bp,scraping-airbnb-raspberry3bp--2018-11-29_14_04_43,airbnb,raspberry3bp,1544166876000,0,0,0,0,,piece--0-9,Alcobendas,1,-3.66555,40.5126,-3.66052,40.5076,-3.66304,40.5101,,
Alcobendas--piece--1-0--raspberry3bp,scraping-airbnb-raspberry3bp--2018-11-29_14_04_43,airbnb,raspberry3bp,1544166892000,0,0,0,4,,piece--1-0,Alcobendas,1,-3.66052,40.5578,-3.65549,40.5528,-3.658,40.5553,,
Alcobendas--piece--1-1--raspberry3bp,scraping-airbnb-raspberry3bp--2018-11-29_14_04_43,airbnb,raspberry3bp,1544166911000,0,0,0,0,,piece--1-1,Alcobendas,1,-3.66052,40.5528,-3.65549,40.5478,-3.658,40.5503,,
Alcobendas--piece--1-2--raspberry3bp,scraping-airbnb-raspberry3bp--2018-11-29_14_04_43,airbnb,raspberry3bp,1544166924000,0,0,0,0,,piece--1-2,Alcobendas,1,-3.66052,40.5478,-3.65549,40.5428,-3.658,40.5453,,
Alcobendas--piece--1-3--raspberry3bp,scraping-airbnb-raspberry3bp--2018-11-29_14_04_43,airbnb,raspberry3bp,1544166944000,0,0,0,0,,piece--1-3,Alcobendas,1,-3.66052,40.5428,-3.65549,40.5377,-3.658,40.5403,,
Alcobendas--piece--1-4--raspberry3bp,scraping-airbnb-raspberry3bp--2018-11-29_14_04_43,airbnb,raspberry3bp,1544166964000,0,0,0,0,,piece--1-4,Alcobendas,1,-3.66052,40.5377,-3.65549,40.5327,-3.658,40.5352,,
Alcobendas--piece--1-5--raspberry3bp,scraping-airbnb-raspberry3bp--2018-11-29_14_04_43,airbnb,raspberry3bp,1544166978000,0,0,0,0,,piece--1-5,Alcobendas,1,-3.66052,40.5327,-3.65549,40.5277,-3.658,40.5302,,
Alcobendas--piece--1-6--raspberry3bp,scraping-airbnb-raspberry3bp--2018-11-29_14_04_43,airbnb,raspberry3bp,1544166993000,0,0,0,0,,piece--1-6,Alcobendas,1,-3.66052,40.5277,-3.65549,40.5227,-3.658,40.5252,,
Alcobendas--piece--1-7--raspberry3bp,scraping-airbnb-raspberry3bp--2018-11-29_14_04_43,airbnb,raspberry3bp,1544167008000,0,0,0,0,,piece--1-7,Alcobendas,1,-3.66052,40.5227,-3.65549,40.5176,-3.658,40.5201,,
Alcobendas--piece--1-8--raspberry3bp,scraping-airbnb-raspberry3bp--2018-11-29_14_04_43,airbnb,raspberry3bp,1544167026000,0,0,0,0,,piece--1-8,Alcobendas,1,-3.66052,40.5176,-3.65549,40.5126,-3.658,40.5151,,
Alcobendas--piece--1-9--raspberry3bp,scraping-airbnb-raspberry3bp--2018-11-29_14_04_43,airbnb,raspberry3bp,1544167039000,0,0,0,0,,piece--1-9,Alcobendas,1,-3.66052,40.5126,-3.65549,40.5076,-3.658,40.5101,,
Alcobendas--piece--10-0--raspberry3bp,scraping-airbnb-raspberry3bp--2018-11-29_14_04_43,airbnb,raspberry3bp,1544167051000,0,0,0,0,,piece--10-0,Alcobendas,1,-3.61523,40.5578,-3.61019,40.5528,-3.61271,40.5553,,
Alcobendas--piece--10-1--raspberry3bp,scraping-airbnb-raspberry3bp--2018-11-29_14_04_43,airbnb,raspberry3bp,1544167064000,0,0,0,0,,piece--10-1,Alcobendas,1,-3.61523,40.5528,-3.61019,40.5478,-3.61271,40.5503,,
Alcobendas--piece--10-2--raspberry3bp,scraping-airbnb-raspberry3bp--2018-11-29_14_04_43,airbnb,raspberry3bp,1544167081000,0,0,2,1,,piece--10-2,Alcobendas,1,-3.61523,40.5478,-3.61019,40.5428,-3.61271,40.5453,,
Alcobendas--piece--10-3--raspberry3bp,scraping-airbnb-raspberry3bp--2018-11-29_14_04_43,airbnb,raspberry3bp,1544167096000,0,0,0,0,,piece--10-3,Alcobendas,1,-3.61523,40.5428,-3.61019,40.5377,-3.61271,40.5403,,
Alcobendas--piece--10-4--raspberry3bp,scraping-airbnb-raspberry3bp--2018-11-29_14_04_43,airbnb,raspberry3bp,1544167109000,0,0,0,0,,piece--10-4,Alcobendas,1,-3.61523,40.5377,-3.61019,40.5327,-3.61271,40.5352,,
Alcobendas--piece--10-5--raspberry3bp,scraping-airbnb-raspberry3bp--2018-11-29_14_04_43,airbnb,raspberry3bp,1544167131000,0,0,0,0,,piece--10-5,Alcobendas,1,-3.61523,40.5327,-3.61019,40.5277,-3.61271,40.5302,,
Alcobendas--piece--10-6--raspberry3bp,scraping-airbnb-raspberry3bp--2018-11-29_14_04_43,airbnb,raspberry3bp,1544167148000,0,0,0,0,,piece--10-6,Alcobendas,1,-3.61523,40.5277,-3.61019,40.5227,-3.61271,40.5252,,
Alcobendas--piece--10-7--raspberry3bp,scraping-airbnb-raspberry3bp--2018-11-29_14_04_43,airbnb,raspberry3bp,1544167166000,0,0,0,0,,piece--10-7,Alcobendas,1,-3.61523,40.5227,-3.61019,40.5176,-3.61271,40.5201,,
Alcobendas--piece--10-8--raspberry3bp,scraping-airbnb-raspberry3bp--2018-11-29_14_04_43,airbnb,raspberry3bp,1544167183000,0,0,0,0,,piece--10-8,Alcobendas,1,-3.61523,40.5176,-3.61019,40.5126,-3.61271,40.5151,,
Alcobendas--piece--10-9--raspberry3bp,scraping-airbnb-raspberry3bp--2018-11-29_14_04_43,airbnb,raspberry3bp,1544167204000,0,0,0,0,,piece--10-9,Alcobendas,1,-3.61523,40.5126,-3.61019,40.5076,-3.61271,40.5101,,
Alcobendas--piece--11-0--raspberry3bp,scraping-airbnb-raspberry3bp--2018-11-29_14_04_43,airbnb,raspberry3bp,1544167220000,0,0,0,0,,piece--11-0,Alcobendas,1,-3.61019,40.5578,-3.60516,40.5528,-3.60768,40.5553,,
Alcobendas--piece--11-1--raspberry3bp,scraping-airbnb-raspberry3bp--2018-11-29_14_04_43,airbnb,raspberry3bp,1544167238000,0,0,0,0,,piece--11-1,Alcobendas,1,-3.61019,40.5528,-3.60516,40.5478,-3.60768,40.5503,,
Alcobendas--piece--11-2--raspberry3bp,scraping-airbnb-raspberry3bp--2018-11-29_14_04_43,airbnb,raspberry3bp,1544167251000,0,0,0,0,,piece--11-2,Alcobendas,1,-3.61019,40.5478,-3.60516,40.5428,-3.60768,40.5453,,
Alcobendas--piece--11-3--raspberry3bp,scraping-airbnb-raspberry3bp--2018-11-29_14_04_43,airbnb,raspberry3bp,1544167264000,0,0,0,0,,piece--11-3,Alcobendas,1,-3.61019,40.5428,-3.60516,40.5377,-3.60768,40.5403,,
Alcobendas--piece--11-4--raspberry3bp,scraping-airbnb-raspberry3bp--2018-11-29_14_04_43,airbnb,raspberry3bp,1544167287000,0,0,0,0,,piece--11-4,Alcobendas,1,-3.61019,40.5377,-3.60516,40.5327,-3.60768,40.5352,,
Alcobendas--piece--11-5--raspberry3bp,scraping-airbnb-raspberry3bp--2018-11-29_14_04_43,airbnb,raspberry3bp,1544167299000,0,0,0,0,,piece--11-5,Alcobendas,1,-3.61019,40.5327,-3.60516,40.5277,-3.60768,40.5302,,
Alcobendas--piece--11-6--raspberry3bp,scraping-airbnb-raspberry3bp--2018-11-29_14_04_43,airbnb,raspberry3bp,1544167319000,0,0,0,0,,piece--11-6,Alcobendas,1,-3.61019,40.5277,-3.60516,40.5227,-3.60768,40.5252,,
Alcobendas--piece--11-7--raspberry3bp,scraping-airbnb-raspberry3bp--2018-11-29_14_04_43,airbnb,raspberry3bp,1544167336000,0,0,0,0,,piece--11-7,Alcobendas,1,-3.61019,40.5227,-3.60516,40.5176,-3.60768,40.5201,,
Alcobendas--piece--11-8--raspberry3bp,scraping-airbnb-raspberry3bp--2018-11-29_14_04_43,airbnb,raspberry3bp,1544167349000,0,0,0,0,,piece--11-8,Alcobendas,1,-3.61019,40.5176,-3.60516,40.5126,-3.60768,40.5151,,
Alcobendas--piece--11-9--raspberry3bp,scraping-airbnb-raspberry3bp--2018-11-29_14_04_43,airbnb,raspberry3bp,1544167363000,0,0,0,0,,piece--11-9,Alcobendas,1,-3.61019,40.5126,-3.60516,40.5076,-3.60768,40.5101,,
Alcobendas--piece--12-0--raspberry3bp,scraping-airbnb-raspberry3bp--2018-11-29_14_04_43,airbnb,raspberry3bp,1544167379000,0,0,0,0,,piece--12-0,Alcobendas,1,-3.60516,40.5578,-3.60013,40.5528,-3.60264,40.5553,,
Alcobendas--piece--12-1--raspberry3bp,scraping-airbnb-raspberry3bp--2018-11-29_14_04_43,airbnb,raspberry3bp,1544167395000,0,0,0,0,,piece--12-1,Alcobendas,1,-3.60516,40.5528,-3.60013,40.5478,-3.60264,40.5503,,
Alcobendas--piece--12-2--raspberry3bp,scraping-airbnb-raspberry3bp--2018-11-29_14_04_43,airbnb,raspberry3bp,1544167411000,0,0,0,0,,piece--12-2,Alcobendas,1,-3.60516,40.5478,-3.60013,40.5428,-3.60264,40.5453,,
Alcobendas--piece--12-3--raspberry3bp,scraping-airbnb-raspberry3bp--2018-11-29_14_04_43,airbnb,raspberry3bp,1544167423000,0,0,0,0,,piece--12-3,Alcobendas,1,-3.60516,40.5428,-3.60013,40.5377,-3.60264,40.5403,,
Alcobendas--piece--12-4--raspberry3bp,scraping-airbnb-raspberry3bp--2018-11-29_14_04_43,airbnb,raspberry3bp,1544167439000,0,0,0,0,,piece--12-4,Alcobendas,1,-3.60516,40.5377,-3.60013,40.5327,-3.60264,40.5352,,
Alcobendas--piece--12-5--raspberry3bp,scraping-airbnb-raspberry3bp--2018-11-29_14_04_43,airbnb,raspberry3bp,1544167456000,0,0,0,0,,piece--12-5,Alcobendas,1,-3.60516,40.5327,-3.60013,40.5277,-3.60264,40.5302,,
Alcobendas--piece--12-6--raspberry3bp,scraping-airbnb-raspberry3bp--2018-11-29_14_04_43,airbnb,raspberry3bp,1544167470000,0,0,0,0,,piece--12-6,Alcobendas,1,-3.60516,40.5277,-3.60013,40.5227,-3.60264,40.5252,,
Alcobendas--piece--12-7--raspberry3bp,scraping-airbnb-raspberry3bp--2018-11-29_14_04_43,airbnb,raspberry3bp,1544167482000,0,0,0,0,,piece--12-7,Alcobendas,1,-3.60516,40.5227,-3.60013,40.5176,-3.60264,40.5201,,
Alcobendas--piece--12-8--raspberry3bp,scraping-airbnb-raspberry3bp--2018-11-29_14_04_43,airbnb,raspberry3bp,1544167494000,0,0,0,0,,piece--12-8,Alcobendas,1,-3.60516,40.5176,-3.60013,40.5126,-3.60264,40.5151,,
Alcobendas--piece--12-9--raspberry3bp,scraping-airbnb-raspberry3bp--2018-11-29_14_04_43,airbnb,raspberry3bp,1544167506000,0,0,0,0,,piece--12-9,Alcobendas,1,-3.60516,40.5126,-3.60013,40.5076,-3.60264,40.5101,,
Alcobendas--piece--2-0--raspberry3bp,scraping-airbnb-raspberry3bp--2018-11-29_14_04_43,airbnb,raspberry3bp,1544167519000,0,0,2,2,,piece--2-0,Alcobendas,1,-3.65549,40.5578,-3.65046,40.5528,-3.65297,40.5553,,
Alcobendas--piece--2-1--raspberry3bp,scraping-airbnb-raspberry3bp--2018-11-29_14_04_43,airbnb,raspberry3bp,1544167537000,0,0,0,0,,piece--2-1,Alcobendas,1,-3.65549,40.5528,-3.65046,40.5478,-3.65297,40.5503,,
Alcobendas--piece--2-2--raspberry3bp,scraping-airbnb-raspberry3bp--2018-11-29_14_04_43,airbnb,raspberry3bp,1544167549000,0,0,0,0,,piece--2-2,Alcobendas,1,-3.65549,40.5478,-3.65046,40.5428,-3.65297,40.5453,,
Alcobendas--piece--2-3--raspberry3bp,scraping-airbnb-raspberry3bp--2018-11-29_14_04_43,airbnb,raspberry3bp,1544167568000,0,0,2,1,,piece--2-3,Alcobendas,1,-3.65549,40.5428,-3.65046,40.5377,-3.65297,40.5403,,
Alcobendas--piece--2-4--raspberry3bp,scraping-airbnb-raspberry3bp--2018-11-29_14_04_43,airbnb,raspberry3bp,1544167585000,0,0,0,0,,piece--2-4,Alcobendas,1,-3.65549,40.5377,-3.65046,40.5327,-3.65297,40.5352,,
Alcobendas--piece--2-5--raspberry3bp,scraping-airbnb-raspberry3bp--2018-11-29_14_04_43,airbnb,raspberry3bp,1544167601000,0,0,0,0,,piece--2-5,Alcobendas,1,-3.65549,40.5327,-3.65046,40.5277,-3.65297,40.5302,,
Alcobendas--piece--2-6--raspberry3bp,scraping-airbnb-raspberry3bp--2018-11-29_14_04_43,airbnb,raspberry3bp,1544167618000,0,0,0,0,,piece--2-6,Alcobendas,1,-3.65549,40.5277,-3.65046,40.5227,-3.65297,40.5252,,
Alcobendas--piece--2-7--raspberry3bp,scraping-airbnb-raspberry3bp--2018-11-29_14_04_43,airbnb,raspberry3bp,1544167633000,0,0,0,0,,piece--2-7,Alcobendas,1,-3.65549,40.5227,-3.65046,40.5176,-3.65297,40.5201,,
Alcobendas--piece--2-8--raspberry3bp,scraping-airbnb-raspberry3bp--2018-11-29_14_04_43,airbnb,raspberry3bp,1544167651000,0,0,0,0,,piece--2-8,Alcobendas,1,-3.65549,40.5176,-3.65046,40.5126,-3.65297,40.5151,,
Alcobendas--piece--2-9--raspberry3bp,scraping-airbnb-raspberry3bp--2018-11-29_14_04_43,airbnb,raspberry3bp,1544167668000,0,0,0,0,,piece--2-9,Alcobendas,1,-3.65549,40.5126,-3.65046,40.5076,-3.65297,40.5101,,
Alcobendas--piece--3-0--raspberry3bp,scraping-airbnb-raspberry3bp--2018-11-29_14_04_43,airbnb,raspberry3bp,1544167684000,0,0,0,0,,piece--3-0,Alcobendas,1,-3.65046,40.5578,-3.64542,40.5528,-3.64794,40.5553,,
Alcobendas--piece--3-1--raspberry3bp,scraping-airbnb-raspberry3bp--2018-11-29_14_04_43,airbnb,raspberry3bp,1544167701000,0,0,0,1,,piece--3-1,Alcobendas,1,-3.65046,40.5528,-3.64542,40.5478,-3.64794,40.5503,,
Alcobendas--piece--3-2--raspberry3bp,scraping-airbnb-raspberry3bp--2018-11-29_14_04_43,airbnb,raspberry3bp,1544167719000,0,0,2,6,,piece--3-2,Alcobendas,1,-3.65046,40.5478,-3.64542,40.5428,-3.64794,40.5453,,
Alcobendas--piece--3-3--raspberry3bp,scraping-airbnb-raspberry3bp--2018-11-29_14_04_43,airbnb,raspberry3bp,1544167734000,0,0,0,2,,piece--3-3,Alcobendas,1,-3.65046,40.5428,-3.64542,40.5377,-3.64794,40.5403,,
Alcobendas--piece--3-4--raspberry3bp,scraping-airbnb-raspberry3bp--2018-11-29_14_04_43,airbnb,raspberry3bp,1544167757000,0,0,0,0,,piece--3-4,Alcobendas,1,-3.65046,40.5377,-3.64542,40.5327,-3.64794,40.5352,,
Alcobendas--piece--3-5--raspberry3bp,scraping-airbnb-raspberry3bp--2018-11-29_14_04_43,airbnb,raspberry3bp,1544167775000,0,0,0,2,,piece--3-5,Alcobendas,1,-3.65046,40.5327,-3.64542,40.5277,-3.64794,40.5302,,
Alcobendas--piece--3-6--raspberry3bp,scraping-airbnb-raspberry3bp--2018-11-29_14_04_43,airbnb,raspberry3bp,1544167796000,0,0,0,0,,piece--3-6,Alcobendas,1,-3.65046,40.5277,-3.64542,40.5227,-3.64794,40.5252,,
Alcobendas--piece--3-7--raspberry3bp,scraping-airbnb-raspberry3bp--2018-11-29_14_04_43,airbnb,raspberry3bp,1544167811000,0,0,6,4,,piece--3-7,Alcobendas,1,-3.65046,40.5227,-3.64542,40.5176,-3.64794,40.5201,,
Alcobendas--piece--3-8--raspberry3bp,scraping-airbnb-raspberry3bp--2018-11-29_14_04_43,airbnb,raspberry3bp,1544167829000,0,0,4,1,,piece--3-8,Alcobendas,1,-3.65046,40.5176,-3.64542,40.5126,-3.64794,40.5151,,
Alcobendas--piece--3-9--raspberry3bp,scraping-airbnb-raspberry3bp--2018-11-29_14_04_43,airbnb,raspberry3bp,1544167847000,0,0,0,0,,piece--3-9,Alcobendas,1,-3.65046,40.5126,-3.64542,40.5076,-3.64794,40.5101,,
Alcobendas--piece--4-0--raspberry3bp,scraping-airbnb-raspberry3bp--2018-11-29_14_04_43,airbnb,raspberry3bp,1544167863000,0,0,0,1,,piece--4-0,Alcobendas,1,-3.64542,40.5578,-3.64039,40.5528,-3.64291,40.5553,,
Alcobendas--piece--4-1--raspberry3bp,scraping-airbnb-raspberry3bp--2018-11-29_14_04_43,airbnb,raspberry3bp,1544167878000,0,0,0,0,,piece--4-1,Alcobendas,1,-3.64542,40.5528,-3.64039,40.5478,-3.64291,40.5503,,
Alcobendas--piece--4-2--raspberry3bp,scraping-airbnb-raspberry3bp--2018-11-29_14_04_43,airbnb,raspberry3bp,1544167894000,0,0,2,3,,piece--4-2,Alcobendas,1,-3.64542,40.5478,-3.64039,40.5428,-3.64291,40.5453,,
Alcobendas--piece--4-3--raspberry3bp,scraping-airbnb-raspberry3bp--2018-11-29_14_04_43,airbnb,raspberry3bp,1544167914000,0,0,0,2,,piece--4-3,Alcobendas,1,-3.64542,40.5428,-3.64039,40.5377,-3.64291,40.5403,,
Alcobendas--piece--4-4--raspberry3bp,scraping-airbnb-raspberry3bp--2018-11-29_14_04_43,airbnb,raspberry3bp,1544167930000,0,0,0,0,,piece--4-4,Alcobendas,1,-3.64542,40.5377,-3.64039,40.5327,-3.64291,40.5352,,
Alcobendas--piece--4-5--raspberry3bp,scraping-airbnb-raspberry3bp--2018-11-29_14_04_43,airbnb,raspberry3bp,1544167947000,0,0,0,0,,piece--4-5,Alcobendas,1,-3.64542,40.5327,-3.64039,40.5277,-3.64291,40.5302,,
Alcobendas--piece--4-6--raspberry3bp,scraping-airbnb-raspberry3bp--2018-11-29_14_04_43,airbnb,raspberry3bp,1544167965000,0,0,0,0,,piece--4-6,Alcobendas,1,-3.64542,40.5277,-3.64039,40.5227,-3.64291,40.5252,,
Alcobendas--piece--4-7--raspberry3bp,scraping-airbnb-raspberry3bp--2018-11-29_14_04_43,airbnb,raspberry3bp,1544167985000,0,0,0,0,,piece--4-7,Alcobendas,1,-3.64542,40.5227,-3.64039,40.5176,-3.64291,40.5201,,
Alcobendas--piece--4-8--raspberry3bp,scraping-airbnb-raspberry3bp--2018-11-29_14_04_43,airbnb,raspberry3bp,1544167997000,0,0,0,0,,piece--4-8,Alcobendas,1,-3.64542,40.5176,-3.64039,40.5126,-3.64291,40.5151,,
Alcobendas--piece--4-9--raspberry3bp,scraping-airbnb-raspberry3bp--2018-11-29_14_04_43,airbnb,raspberry3bp,1544168024000,0,0,0,0,,piece--4-9,Alcobendas,1,-3.64542,40.5126,-3.64039,40.5076,-3.64291,40.5101,,
Alcobendas--piece--5-0--raspberry3bp,scraping-airbnb-raspberry3bp--2018-11-29_14_04_43,airbnb,raspberry3bp,1544168043000,0,0,2,4,,piece--5-0,Alcobendas,1,-3.64039,40.5578,-3.63536,40.5528,-3.63787,40.5553,,
Alcobendas--piece--5-1--raspberry3bp,scraping-airbnb-raspberry3bp--2018-11-29_14_04_43,airbnb,raspberry3bp,1544168059000,0,0,0,5,,piece--5-1,Alcobendas,1,-3.64039,40.5528,-3.63536,40.5478,-3.63787,40.5503,,
Alcobendas--piece--5-2--raspberry3bp,scraping-airbnb-raspberry3bp--2018-11-29_14_04_43,airbnb,raspberry3bp,1544168075000,0,0,0,0,,piece--5-2,Alcobendas,1,-3.64039,40.5478,-3.63536,40.5428,-3.63787,40.5453,,
Alcobendas--piece--5-3--raspberry3bp,scraping-airbnb-raspberry3bp--2018-11-29_14_04_43,airbnb,raspberry3bp,1544168091000,0,0,0,1,,piece--5-3,Alcobendas,1,-3.64039,40.5428,-3.63536,40.5377,-3.63787,40.5403,,
Alcobendas--piece--5-4--raspberry3bp,scraping-airbnb-raspberry3bp--2018-11-29_14_04_43,airbnb,raspberry3bp,1544168116000,0,0,0,0,,piece--5-4,Alcobendas,1,-3.64039,40.5377,-3.63536,40.5327,-3.63787,40.5352,,
Alcobendas--piece--5-5--raspberry3bp,scraping-airbnb-raspberry3bp--2018-11-29_14_04_43,airbnb,raspberry3bp,1544168131000,0,0,0,0,,piece--5-5,Alcobendas,1,-3.64039,40.5327,-3.63536,40.5277,-3.63787,40.5302,,
Alcobendas--piece--5-6--raspberry3bp,scraping-airbnb-raspberry3bp--2018-11-29_14_04_43,airbnb,raspberry3bp,1544168145000,0,0,5,1,,piece--5-6,Alcobendas,1,-3.64039,40.5277,-3.63536,40.5227,-3.63787,40.5252,,
Alcobendas--piece--5-7--raspberry3bp,scraping-airbnb-raspberry3bp--2018-11-29_14_04_43,airbnb,raspberry3bp,1544168169000,0,0,0,0,,piece--5-7,Alcobendas,1,-3.64039,40.5227,-3.63536,40.5176,-3.63787,40.5201,,
Alcobendas--piece--5-8--raspberry3bp,scraping-airbnb-raspberry3bp--2018-11-29_14_04_43,airbnb,raspberry3bp,1544168187000,0,0,0,0,,piece--5-8,Alcobendas,1,-3.64039,40.5176,-3.63536,40.5126,-3.63787,40.5151,,
Alcobendas--piece--5-9--raspberry3bp,scraping-airbnb-raspberry3bp--2018-11-29_14_04_43,airbnb,raspberry3bp,1544168205000,0,0,0,0,,piece--5-9,Alcobendas,1,-3.64039,40.5126,-3.63536,40.5076,-3.63787,40.5101,,
Alcobendas--piece--6-0--raspberry3bp,scraping-airbnb-raspberry3bp--2018-11-29_14_04_43,airbnb,raspberry3bp,1544168221000,0,0,0,0,,piece--6-0,Alcobendas,1,-3.63536,40.5578,-3.63032,40.5528,-3.63284,40.5553,,
Alcobendas--piece--6-1--raspberry3bp,scraping-airbnb-raspberry3bp--2018-11-29_14_04_43,airbnb,raspberry3bp,1544168238000,0,0,0,0,,piece--6-1,Alcobendas,1,-3.63536,40.5528,-3.63032,40.5478,-3.63284,40.5503,,
Alcobendas--piece--6-2--raspberry3bp,scraping-airbnb-raspberry3bp--2018-11-29_14_04_43,airbnb,raspberry3bp,1544168254000,0,0,1,2,,piece--6-2,Alcobendas,1,-3.63536,40.5478,-3.63032,40.5428,-3.63284,40.5453,,
Alcobendas--piece--6-3--raspberry3bp,scraping-airbnb-raspberry3bp--2018-11-29_14_04_43,airbnb,raspberry3bp,1544168275000,0,0,0,4,,piece--6-3,Alcobendas,1,-3.63536,40.5428,-3.63032,40.5377,-3.63284,40.5403,,
Alcobendas--piece--6-4--raspberry3bp,scraping-airbnb-raspberry3bp--2018-11-29_14_04_43,airbnb,raspberry3bp,1544168289000,0,0,0,0,,piece--6-4,Alcobendas,1,-3.63536,40.5377,-3.63032,40.5327,-3.63284,40.5352,,
Alcobendas--piece--6-5--raspberry3bp,scraping-airbnb-raspberry3bp--2018-11-29_14_04_43,airbnb,raspberry3bp,1544168305000,0,0,0,0,,piece--6-5,Alcobendas,1,-3.63536,40.5327,-3.63032,40.5277,-3.63284,40.5302,,
Alcobendas--piece--6-6--raspberry3bp,scraping-airbnb-raspberry3bp--2018-11-29_14_04_43,airbnb,raspberry3bp,1544168323000,0,0,0,0,,piece--6-6,Alcobendas,1,-3.63536,40.5277,-3.63032,40.5227,-3.63284,40.5252,,
Alcobendas--piece--6-7--raspberry3bp,scraping-airbnb-raspberry3bp--2018-11-29_14_04_43,airbnb,raspberry3bp,1544168335000,0,0,0,0,,piece--6-7,Alcobendas,1,-3.63536,40.5227,-3.63032,40.5176,-3.63284,40.5201,,
Alcobendas--piece--6-8--raspberry3bp,scraping-airbnb-raspberry3bp--2018-11-29_14_04_43,airbnb,raspberry3bp,1544168350000,0,0,0,0,,piece--6-8,Alcobendas,1,-3.63536,40.5176,-3.63032,40.5126,-3.63284,40.5151,,
Alcobendas--piece--6-9--raspberry3bp,scraping-airbnb-raspberry3bp--2018-11-29_14_04_43,airbnb,raspberry3bp,1544168365000,0,0,0,0,,piece--6-9,Alcobendas,1,-3.63536,40.5126,-3.63032,40.5076,-3.63284,40.5101,,
Alcobendas--piece--7-0--raspberry3bp,scraping-airbnb-raspberry3bp--2018-11-29_14_04_43,airbnb,raspberry3bp,1544168378000,0,0,2,1,,piece--7-0,Alcobendas,1,-3.63032,40.5578,-3.62529,40.5528,-3.62781,40.5553,,
Alcobendas--piece--7-1--raspberry3bp,scraping-airbnb-raspberry3bp--2018-11-29_14_04_43,airbnb,raspberry3bp,1544168396000,0,0,0,0,,piece--7-1,Alcobendas,1,-3.63032,40.5528,-3.62529,40.5478,-3.62781,40.5503,,
Alcobendas--piece--7-2--raspberry3bp,scraping-airbnb-raspberry3bp--2018-11-29_14_04_43,airbnb,raspberry3bp,1544168413000,0,0,0,4,,piece--7-2,Alcobendas,1,-3.63032,40.5478,-3.62529,40.5428,-3.62781,40.5453,,
Alcobendas--piece--7-3--raspberry3bp,scraping-airbnb-raspberry3bp--2018-11-29_14_04_43,airbnb,raspberry3bp,1544168427000,0,0,0,0,,piece--7-3,Alcobendas,1,-3.63032,40.5428,-3.62529,40.5377,-3.62781,40.5403,,
Alcobendas--piece--7-4--raspberry3bp,scraping-airbnb-raspberry3bp--2018-11-29_14_04_43,airbnb,raspberry3bp,1544168441000,0,0,0,0,,piece--7-4,Alcobendas,1,-3.63032,40.5377,-3.62529,40.5327,-3.62781,40.5352,,
Alcobendas--piece--7-5--raspberry3bp,scraping-airbnb-raspberry3bp--2018-11-29_14_04_43,airbnb,raspberry3bp,1544168458000,0,0,0,0,,piece--7-5,Alcobendas,1,-3.63032,40.5327,-3.62529,40.5277,-3.62781,40.5302,,
Alcobendas--piece--7-6--raspberry3bp,scraping-airbnb-raspberry3bp--2018-11-29_14_04_43,airbnb,raspberry3bp,1544168476000,0,0,0,0,,piece--7-6,Alcobendas,1,-3.63032,40.5277,-3.62529,40.5227,-3.62781,40.5252,,
Alcobendas--piece--7-7--raspberry3bp,scraping-airbnb-raspberry3bp--2018-11-29_14_04_43,airbnb,raspberry3bp,1544168491000,0,0,0,0,,piece--7-7,Alcobendas,1,-3.63032,40.5227,-3.62529,40.5176,-3.62781,40.5201,,
Alcobendas--piece--7-8--raspberry3bp,scraping-airbnb-raspberry3bp--2018-11-29_14_04_43,airbnb,raspberry3bp,1544168509000,0,0,0,0,,piece--7-8,Alcobendas,1,-3.63032,40.5176,-3.62529,40.5126,-3.62781,40.5151,,
Alcobendas--piece--7-9--raspberry3bp,scraping-airbnb-raspberry3bp--2018-11-29_14_04_43,airbnb,raspberry3bp,1544168521000,0,0,0,0,,piece--7-9,Alcobendas,1,-3.63032,40.5126,-3.62529,40.5076,-3.62781,40.5101,,
Alcobendas--piece--8-0--raspberry3bp,scraping-airbnb-raspberry3bp--2018-11-29_14_04_43,airbnb,raspberry3bp,1544168533000,0,0,0,0,,piece--8-0,Alcobendas,1,-3.62529,40.5578,-3.62026,40.5528,-3.62278,40.5553,,
Alcobendas--piece--8-1--raspberry3bp,scraping-airbnb-raspberry3bp--2018-11-29_14_04_43,airbnb,raspberry3bp,1544168551000,0,0,0,2,,piece--8-1,Alcobendas,1,-3.62529,40.5528,-3.62026,40.5478,-3.62278,40.5503,,
Alcobendas--piece--8-2--raspberry3bp,scraping-airbnb-raspberry3bp--2018-11-29_14_04_43,airbnb,raspberry3bp,1544168570000,0,0,2,1,,piece--8-2,Alcobendas,1,-3.62529,40.5478,-3.62026,40.5428,-3.62278,40.5453,,
Alcobendas--piece--8-3--raspberry3bp,scraping-airbnb-raspberry3bp--2018-11-29_14_04_43,airbnb,raspberry3bp,1544168586000,0,0,0,2,,piece--8-3,Alcobendas,1,-3.62529,40.5428,-3.62026,40.5377,-3.62278,40.5403,,
Alcobendas--piece--8-4--raspberry3bp,scraping-airbnb-raspberry3bp--2018-11-29_14_04_43,airbnb,raspberry3bp,1544168605000,0,0,0,0,,piece--8-4,Alcobendas,1,-3.62529,40.5377,-3.62026,40.5327,-3.62278,40.5352,,
Alcobendas--piece--8-5--raspberry3bp,scraping-airbnb-raspberry3bp--2018-11-29_14_04_43,airbnb,raspberry3bp,1544168628000,0,0,0,0,,piece--8-5,Alcobendas,1,-3.62529,40.5327,-3.62026,40.5277,-3.62278,40.5302,,
Alcobendas--piece--8-6--raspberry3bp,scraping-airbnb-raspberry3bp--2018-11-29_14_04_43,airbnb,raspberry3bp,1544168642000,0,0,0,0,,piece--8-6,Alcobendas,1,-3.62529,40.5277,-3.62026,40.5227,-3.62278,40.5252,,
Alcobendas--piece--8-7--raspberry3bp,scraping-airbnb-raspberry3bp--2018-11-29_14_04_43,airbnb,raspberry3bp,1544168662000,0,0,0,0,,piece--8-7,Alcobendas,1,-3.62529,40.5227,-3.62026,40.5176,-3.62278,40.5201,,
Alcobendas--piece--8-8--raspberry3bp,scraping-airbnb-raspberry3bp--2018-11-29_14_04_43,airbnb,raspberry3bp,1544168677000,0,0,0,0,,piece--8-8,Alcobendas,1,-3.62529,40.5176,-3.62026,40.5126,-3.62278,40.5151,,
Alcobendas--piece--8-9--raspberry3bp,scraping-airbnb-raspberry3bp--2018-11-29_14_04_43,airbnb,raspberry3bp,1544168690000,0,0,0,0,,piece--8-9,Alcobendas,1,-3.62529,40.5126,-3.62026,40.5076,-3.62278,40.5101,,
Alcobendas--piece--9-0--raspberry3bp,scraping-airbnb-raspberry3bp--2018-11-29_14_04_43,airbnb,raspberry3bp,1544168713000,0,0,2,4,,piece--9-0,Alcobendas,1,-3.62026,40.5578,-3.61523,40.5528,-3.61774,40.5553,,
Alcobendas--piece--9-1--raspberry3bp,scraping-airbnb-raspberry3bp--2018-11-29_14_04_43,airbnb,raspberry3bp,1544168733000,0,0,0,0,,piece--9-1,Alcobendas,1,-3.62026,40.5528,-3.61523,40.5478,-3.61774,40.5503,,
Alcobendas--piece--9-2--raspberry3bp,scraping-airbnb-raspberry3bp--2018-11-29_14_04_43,airbnb,raspberry3bp,1544168750000,0,0,0,1,,piece--9-2,Alcobendas,1,-3.62026,40.5478,-3.61523,40.5428,-3.61774,40.5453,,
Alcobendas--piece--9-3--raspberry3bp,scraping-airbnb-raspberry3bp--2018-11-29_14_04_43,airbnb,raspberry3bp,1544168765000,0,0,5,1,,piece--9-3,Alcobendas,1,-3.62026,40.5428,-3.61523,40.5377,-3.61774,40.5403,,
Alcobendas--piece--9-4--raspberry3bp,scraping-airbnb-raspberry3bp--2018-11-29_14_04_43,airbnb,raspberry3bp,1544168781000,0,0,0,0,,piece--9-4,Alcobendas,1,-3.62026,40.5377,-3.61523,40.5327,-3.61774,40.5352,,
Alcobendas--piece--9-5--raspberry3bp,scraping-airbnb-raspberry3bp--2018-11-29_14_04_43,airbnb,raspberry3bp,1544168793000,0,0,0,0,,piece--9-5,Alcobendas,1,-3.62026,40.5327,-3.61523,40.5277,-3.61774,40.5302,,
Alcobendas--piece--9-6--raspberry3bp,scraping-airbnb-raspberry3bp--2018-11-29_14_04_43,airbnb,raspberry3bp,1544168811000,0,0,0,0,,piece--9-6,Alcobendas,1,-3.62026,40.5277,-3.61523,40.5227,-3.61774,40.5252,,
Alcobendas--piece--9-7--raspberry3bp,scraping-airbnb-raspberry3bp--2018-11-29_14_04_43,airbnb,raspberry3bp,1544168827000,0,0,0,1,,piece--9-7,Alcobendas,1,-3.62026,40.5227,-3.61523,40.5176,-3.61774,40.5201,,
Alcobendas--piece--9-8--raspberry3bp,scraping-airbnb-raspberry3bp--2018-11-29_14_04_43,airbnb,raspberry3bp,1544168842000,0,0,0,0,,piece--9-8,Alcobendas,1,-3.62026,40.5176,-3.61523,40.5126,-3.61774,40.5151,,
Alcobendas--piece--9-9--raspberry3bp,scraping-airbnb-raspberry3bp--2018-11-29_14_04_43,airbnb,raspberry3bp,1544168863000,0,0,0,0,,piece--9-9,Alcobendas,1,-3.62026,40.5126,-3.61523,40.5076,-3.61774,40.5101,,
