piece_id,scraping_id,app_id,device_id,date_scraped,average_prize_buy,number_of_ads_buy,average_prize_rent,number_of_ads_rent,extra_data,piece_name,city_name,scraped,bounding_box1_x,bounding_box1_y,bounding_box2_x,bounding_box2_y,center_point_x,center_point_y,geojson_coordinates,method
Alcobendas--piece--0-0--gCloud,"scraping-fotocasa-gCloud--12_7_2018,_7_11_51_AM",fotocasa,gCloud,1544166046000,0,0,0,0,,piece--0-0,Alcobendas,1,-3.66555,40.5578,-3.66052,40.5528,-3.66304,40.5553,,
Alcobendas--piece--0-1--gCloud,"scraping-fotocasa-gCloud--12_7_2018,_7_11_51_AM",fotocasa,gCloud,1544167808000,3486.37,4,15.8333,1,,piece--0-1,Alcobendas,1,-3.66555,40.5528,-3.66052,40.5478,-3.66304,40.5503,,
Alcobendas--piece--0-2--gCloud,"scraping-fotocasa-gCloud--12_7_2018,_7_11_51_AM",fotocasa,gCloud,1544167817000,0,0,13.587,1,,piece--0-2,Alcobendas,1,-3.66555,40.5478,-3.66052,40.5428,-3.66304,40.5453,,
Alcobendas--piece--0-3--gCloud,"scraping-fotocasa-gCloud--12_7_2018,_7_11_51_AM",fotocasa,gCloud,1544167823000,3351.59,2,0,0,,piece--0-3,Alcobendas,1,-3.66555,40.5428,-3.66052,40.5377,-3.66304,40.5403,,
Alcobendas--piece--0-4--gCloud,"scraping-fotocasa-gCloud--12_7_2018,_7_11_51_AM",fotocasa,gCloud,1544167835000,0,0,0,0,,piece--0-4,Alcobendas,1,-3.66555,40.5377,-3.66052,40.5327,-3.66304,40.5352,,
Alcobendas--piece--0-5--gCloud,"scraping-fotocasa-gCloud--12_7_2018,_7_11_51_AM",fotocasa,gCloud,1544167845000,0,0,0,0,,piece--0-5,Alcobendas,1,-3.66555,40.5327,-3.66052,40.5277,-3.66304,40.5302,,
Alcobendas--piece--0-6--gCloud,"scraping-fotocasa-gCloud--12_7_2018,_7_11_51_AM",fotocasa,gCloud,1544167858000,0,0,0,0,,piece--0-6,Alcobendas,1,-3.66555,40.5277,-3.66052,40.5227,-3.66304,40.5252,,
Alcobendas--piece--0-7--gCloud,"scraping-fotocasa-gCloud--12_7_2018,_7_11_51_AM",fotocasa,gCloud,1544167866000,0,0,0,0,,piece--0-7,Alcobendas,1,-3.66555,40.5227,-3.66052,40.5176,-3.66304,40.5201,,
Alcobendas--piece--0-8--gCloud,"scraping-fotocasa-gCloud--12_7_2018,_7_11_51_AM",fotocasa,gCloud,1544167875000,0,0,0,0,,piece--0-8,Alcobendas,1,-3.66555,40.5176,-3.66052,40.5126,-3.66304,40.5151,,
Alcobendas--piece--0-9--gCloud,"scraping-fotocasa-gCloud--12_7_2018,_7_11_51_AM",fotocasa,gCloud,1544167883000,0,0,0,0,,piece--0-9,Alcobendas,1,-3.66555,40.5126,-3.66052,40.5076,-3.66304,40.5101,,
Alcobendas--piece--1-0--gCloud,"scraping-fotocasa-gCloud--12_7_2018,_7_11_51_AM",fotocasa,gCloud,1544167895000,3589,5,0,0,,piece--1-0,Alcobendas,1,-3.66052,40.5578,-3.65549,40.5528,-3.658,40.5553,,
Alcobendas--piece--1-1--gCloud,"scraping-fotocasa-gCloud--12_7_2018,_7_11_51_AM",fotocasa,gCloud,1544167900000,3635.54,15,0,0,,piece--1-1,Alcobendas,1,-3.66052,40.5528,-3.65549,40.5478,-3.658,40.5503,,
Alcobendas--piece--1-2--gCloud,"scraping-fotocasa-gCloud--12_7_2018,_7_11_51_AM",fotocasa,gCloud,1544167906000,3073.62,6,10.7407,1,,piece--1-2,Alcobendas,1,-3.66052,40.5478,-3.65549,40.5428,-3.658,40.5453,,
Alcobendas--piece--1-3--gCloud,"scraping-fotocasa-gCloud--12_7_2018,_7_11_51_AM",fotocasa,gCloud,1544167915000,3418.46,13,0,0,,piece--1-3,Alcobendas,1,-3.66052,40.5428,-3.65549,40.5377,-3.658,40.5403,,
Alcobendas--piece--1-4--gCloud,"scraping-fotocasa-gCloud--12_7_2018,_7_11_51_AM",fotocasa,gCloud,1544167923000,0,0,0,0,,piece--1-4,Alcobendas,1,-3.66052,40.5377,-3.65549,40.5327,-3.658,40.5352,,
Alcobendas--piece--1-5--gCloud,"scraping-fotocasa-gCloud--12_7_2018,_7_11_51_AM",fotocasa,gCloud,1544167929000,0,0,0,0,,piece--1-5,Alcobendas,1,-3.66052,40.5327,-3.65549,40.5277,-3.658,40.5302,,
Alcobendas--piece--1-6--gCloud,"scraping-fotocasa-gCloud--12_7_2018,_7_11_51_AM",fotocasa,gCloud,1544167940000,0,0,0,0,,piece--1-6,Alcobendas,1,-3.66052,40.5277,-3.65549,40.5227,-3.658,40.5252,,
Alcobendas--piece--1-7--gCloud,"scraping-fotocasa-gCloud--12_7_2018,_7_11_51_AM",fotocasa,gCloud,1544167950000,3943.66,1,20,1,,piece--1-7,Alcobendas,1,-3.66052,40.5227,-3.65549,40.5176,-3.658,40.5201,,
Alcobendas--piece--1-8--gCloud,"scraping-fotocasa-gCloud--12_7_2018,_7_11_51_AM",fotocasa,gCloud,1544167961000,0,0,0,0,,piece--1-8,Alcobendas,1,-3.66052,40.5176,-3.65549,40.5126,-3.658,40.5151,,
Alcobendas--piece--1-9--gCloud,"scraping-fotocasa-gCloud--12_7_2018,_7_11_51_AM",fotocasa,gCloud,1544167973000,0,0,0,0,,piece--1-9,Alcobendas,1,-3.66052,40.5126,-3.65549,40.5076,-3.658,40.5101,,
Alcobendas--piece--10-0--gCloud,"scraping-fotocasa-gCloud--12_7_2018,_7_11_51_AM",fotocasa,gCloud,1544167984000,0,0,0,0,,piece--10-0,Alcobendas,1,-3.61523,40.5578,-3.61019,40.5528,-3.61271,40.5553,,
Alcobendas--piece--10-1--gCloud,"scraping-fotocasa-gCloud--12_7_2018,_7_11_51_AM",fotocasa,gCloud,1544167995000,0,0,10.1514,4,,piece--10-1,Alcobendas,1,-3.61523,40.5528,-3.61019,40.5478,-3.61271,40.5503,,
Alcobendas--piece--10-2--gCloud,"scraping-fotocasa-gCloud--12_7_2018,_7_11_51_AM",fotocasa,gCloud,1544168004000,2.14286,1,0,0,,piece--10-2,Alcobendas,1,-3.61523,40.5478,-3.61019,40.5428,-3.61271,40.5453,,
Alcobendas--piece--10-3--gCloud,"scraping-fotocasa-gCloud--12_7_2018,_7_11_51_AM",fotocasa,gCloud,1544168015000,2691.12,4,13.427,2,,piece--10-3,Alcobendas,1,-3.61523,40.5428,-3.61019,40.5377,-3.61271,40.5403,,
Alcobendas--piece--10-4--gCloud,"scraping-fotocasa-gCloud--12_7_2018,_7_11_51_AM",fotocasa,gCloud,1544168027000,0,0,0,0,,piece--10-4,Alcobendas,1,-3.61523,40.5377,-3.61019,40.5327,-3.61271,40.5352,,
Alcobendas--piece--10-5--gCloud,"scraping-fotocasa-gCloud--12_7_2018,_7_11_51_AM",fotocasa,gCloud,1544168035000,3.71525,1,0,0,,piece--10-5,Alcobendas,1,-3.61523,40.5327,-3.61019,40.5277,-3.61271,40.5302,,
Alcobendas--piece--10-6--gCloud,"scraping-fotocasa-gCloud--12_7_2018,_7_11_51_AM",fotocasa,gCloud,1544168044000,157.195,10,10.3526,2,,piece--10-6,Alcobendas,1,-3.61523,40.5277,-3.61019,40.5227,-3.61271,40.5252,,
Alcobendas--piece--10-7--gCloud,"scraping-fotocasa-gCloud--12_7_2018,_7_11_51_AM",fotocasa,gCloud,1544168057000,5.41135,15,18.0769,3,,piece--10-7,Alcobendas,1,-3.61523,40.5227,-3.61019,40.5176,-3.61271,40.5201,,
Alcobendas--piece--10-8--gCloud,"scraping-fotocasa-gCloud--12_7_2018,_7_11_51_AM",fotocasa,gCloud,1544168063000,3.96157,12,0,0,,piece--10-8,Alcobendas,1,-3.61523,40.5176,-3.61019,40.5126,-3.61271,40.5151,,
Alcobendas--piece--10-9--gCloud,"scraping-fotocasa-gCloud--12_7_2018,_7_11_51_AM",fotocasa,gCloud,1544168073000,4.54954,15,0,0,,piece--10-9,Alcobendas,1,-3.61523,40.5126,-3.61019,40.5076,-3.61271,40.5101,,
Alcobendas--piece--11-0--gCloud,"scraping-fotocasa-gCloud--12_7_2018,_7_11_51_AM",fotocasa,gCloud,1544168083000,0,0,0,0,,piece--11-0,Alcobendas,1,-3.61019,40.5578,-3.60516,40.5528,-3.60768,40.5553,,
Alcobendas--piece--11-1--gCloud,"scraping-fotocasa-gCloud--12_7_2018,_7_11_51_AM",fotocasa,gCloud,1544168089000,3081.65,2,12.8571,1,,piece--11-1,Alcobendas,1,-3.61019,40.5528,-3.60516,40.5478,-3.60768,40.5503,,
Alcobendas--piece--11-2--gCloud,"scraping-fotocasa-gCloud--12_7_2018,_7_11_51_AM",fotocasa,gCloud,1544168097000,0,0,0,0,,piece--11-2,Alcobendas,1,-3.61019,40.5478,-3.60516,40.5428,-3.60768,40.5453,,
Alcobendas--piece--11-3--gCloud,"scraping-fotocasa-gCloud--12_7_2018,_7_11_51_AM",fotocasa,gCloud,1544168103000,0,0,0,0,,piece--11-3,Alcobendas,1,-3.61019,40.5428,-3.60516,40.5377,-3.60768,40.5403,,
Alcobendas--piece--11-4--gCloud,"scraping-fotocasa-gCloud--12_7_2018,_7_11_51_AM",fotocasa,gCloud,1544168115000,0,0,0,0,,piece--11-4,Alcobendas,1,-3.61019,40.5377,-3.60516,40.5327,-3.60768,40.5352,,
Alcobendas--piece--11-5--gCloud,"scraping-fotocasa-gCloud--12_7_2018,_7_11_51_AM",fotocasa,gCloud,1544168120000,0,0,0,0,,piece--11-5,Alcobendas,1,-3.61019,40.5327,-3.60516,40.5277,-3.60768,40.5302,,
Alcobendas--piece--11-6--gCloud,"scraping-fotocasa-gCloud--12_7_2018,_7_11_51_AM",fotocasa,gCloud,1544168129000,4.32195,9,21.545,3,,piece--11-6,Alcobendas,1,-3.61019,40.5277,-3.60516,40.5227,-3.60768,40.5252,,
Alcobendas--piece--11-7--gCloud,"scraping-fotocasa-gCloud--12_7_2018,_7_11_51_AM",fotocasa,gCloud,1544168139000,5.2143,19,17.7647,2,,piece--11-7,Alcobendas,1,-3.61019,40.5227,-3.60516,40.5176,-3.60768,40.5201,,
Alcobendas--piece--11-8--gCloud,"scraping-fotocasa-gCloud--12_7_2018,_7_11_51_AM",fotocasa,gCloud,1544168145000,3.93562,8,0,0,,piece--11-8,Alcobendas,1,-3.61019,40.5176,-3.60516,40.5126,-3.60768,40.5151,,
Alcobendas--piece--11-9--gCloud,"scraping-fotocasa-gCloud--12_7_2018,_7_11_51_AM",fotocasa,gCloud,1544168156000,377.794,7,0,0,,piece--11-9,Alcobendas,1,-3.61019,40.5126,-3.60516,40.5076,-3.60768,40.5101,,
Alcobendas--piece--12-0--gCloud,"scraping-fotocasa-gCloud--12_7_2018,_7_11_51_AM",fotocasa,gCloud,1544168162000,0,0,0,0,,piece--12-0,Alcobendas,1,-3.60516,40.5578,-3.60013,40.5528,-3.60264,40.5553,,
Alcobendas--piece--12-1--gCloud,"scraping-fotocasa-gCloud--12_7_2018,_7_11_51_AM",fotocasa,gCloud,1544168174000,0,0,0,0,,piece--12-1,Alcobendas,1,-3.60516,40.5528,-3.60013,40.5478,-3.60264,40.5503,,
Alcobendas--piece--12-2--gCloud,"scraping-fotocasa-gCloud--12_7_2018,_7_11_51_AM",fotocasa,gCloud,1544168182000,0,0,0,0,,piece--12-2,Alcobendas,1,-3.60516,40.5478,-3.60013,40.5428,-3.60264,40.5453,,
Alcobendas--piece--12-3--gCloud,"scraping-fotocasa-gCloud--12_7_2018,_7_11_51_AM",fotocasa,gCloud,1544168187000,0,0,0,0,,piece--12-3,Alcobendas,1,-3.60516,40.5428,-3.60013,40.5377,-3.60264,40.5403,,
Alcobendas--piece--12-4--gCloud,"scraping-fotocasa-gCloud--12_7_2018,_7_11_51_AM",fotocasa,gCloud,1544168193000,0,0,0,0,,piece--12-4,Alcobendas,1,-3.60516,40.5377,-3.60013,40.5327,-3.60264,40.5352,,
Alcobendas--piece--12-5--gCloud,"scraping-fotocasa-gCloud--12_7_2018,_7_11_51_AM",fotocasa,gCloud,1544168200000,0,0,0,0,,piece--12-5,Alcobendas,1,-3.60516,40.5327,-3.60013,40.5277,-3.60264,40.5302,,
Alcobendas--piece--12-6--gCloud,"scraping-fotocasa-gCloud--12_7_2018,_7_11_51_AM",fotocasa,gCloud,1544168212000,4.15982,3,0,0,,piece--12-6,Alcobendas,1,-3.60516,40.5277,-3.60013,40.5227,-3.60264,40.5252,,
Alcobendas--piece--12-7--gCloud,"scraping-fotocasa-gCloud--12_7_2018,_7_11_51_AM",fotocasa,gCloud,1544168223000,3.33333,1,0,0,,piece--12-7,Alcobendas,1,-3.60516,40.5227,-3.60013,40.5176,-3.60264,40.5201,,
Alcobendas--piece--12-8--gCloud,"scraping-fotocasa-gCloud--12_7_2018,_7_11_51_AM",fotocasa,gCloud,1544168231000,0,0,0,0,,piece--12-8,Alcobendas,1,-3.60516,40.5176,-3.60013,40.5126,-3.60264,40.5151,,
Alcobendas--piece--12-9--gCloud,"scraping-fotocasa-gCloud--12_7_2018,_7_11_51_AM",fotocasa,gCloud,1544168237000,0,0,16.25,1,,piece--12-9,Alcobendas,1,-3.60516,40.5126,-3.60013,40.5076,-3.60264,40.5101,,
Alcobendas--piece--2-0--gCloud,"scraping-fotocasa-gCloud--12_7_2018,_7_11_51_AM",fotocasa,gCloud,1544168246000,0,0,9.43878,1,,piece--2-0,Alcobendas,1,-3.65549,40.5578,-3.65046,40.5528,-3.65297,40.5553,,
Alcobendas--piece--2-1--gCloud,"scraping-fotocasa-gCloud--12_7_2018,_7_11_51_AM",fotocasa,gCloud,1544168252000,3753.4,4,12.7936,5,,piece--2-1,Alcobendas,1,-3.65549,40.5528,-3.65046,40.5478,-3.65297,40.5503,,
Alcobendas--piece--2-2--gCloud,"scraping-fotocasa-gCloud--12_7_2018,_7_11_51_AM",fotocasa,gCloud,1544168261000,3540.19,9,10,1,,piece--2-2,Alcobendas,1,-3.65549,40.5478,-3.65046,40.5428,-3.65297,40.5453,,
Alcobendas--piece--2-3--gCloud,"scraping-fotocasa-gCloud--12_7_2018,_7_11_51_AM",fotocasa,gCloud,1544168266000,1418.31,2,8.02962,2,,piece--2-3,Alcobendas,1,-3.65549,40.5428,-3.65046,40.5377,-3.65297,40.5403,,
Alcobendas--piece--2-4--gCloud,"scraping-fotocasa-gCloud--12_7_2018,_7_11_51_AM",fotocasa,gCloud,1544168275000,0,0,0,0,,piece--2-4,Alcobendas,1,-3.65549,40.5377,-3.65046,40.5327,-3.65297,40.5352,,
Alcobendas--piece--2-5--gCloud,"scraping-fotocasa-gCloud--12_7_2018,_7_11_51_AM",fotocasa,gCloud,1544168280000,2628.91,2,0,0,,piece--2-5,Alcobendas,1,-3.65549,40.5327,-3.65046,40.5277,-3.65297,40.5302,,
Alcobendas--piece--2-6--gCloud,"scraping-fotocasa-gCloud--12_7_2018,_7_11_51_AM",fotocasa,gCloud,1544168286000,0,0,0,0,,piece--2-6,Alcobendas,1,-3.65549,40.5277,-3.65046,40.5227,-3.65297,40.5252,,
Alcobendas--piece--2-7--gCloud,"scraping-fotocasa-gCloud--12_7_2018,_7_11_51_AM",fotocasa,gCloud,1544168295000,3043.59,11,12.2545,3,,piece--2-7,Alcobendas,1,-3.65549,40.5227,-3.65046,40.5176,-3.65297,40.5201,,
Alcobendas--piece--2-8--gCloud,"scraping-fotocasa-gCloud--12_7_2018,_7_11_51_AM",fotocasa,gCloud,1544168307000,1891.09,8,11.8044,6,,piece--2-8,Alcobendas,1,-3.65549,40.5176,-3.65046,40.5126,-3.65297,40.5151,,
Alcobendas--piece--2-9--gCloud,"scraping-fotocasa-gCloud--12_7_2018,_7_11_51_AM",fotocasa,gCloud,1544168316000,1473.37,10,15.4196,5,,piece--2-9,Alcobendas,1,-3.65549,40.5126,-3.65046,40.5076,-3.65297,40.5101,,
Alcobendas--piece--3-0--gCloud,"scraping-fotocasa-gCloud--12_7_2018,_7_11_51_AM",fotocasa,gCloud,1544168325000,0,0,9.43878,1,,piece--3-0,Alcobendas,1,-3.65046,40.5578,-3.64542,40.5528,-3.64794,40.5553,,
Alcobendas--piece--3-1--gCloud,"scraping-fotocasa-gCloud--12_7_2018,_7_11_51_AM",fotocasa,gCloud,1544168337000,3276.01,3,11,1,,piece--3-1,Alcobendas,1,-3.65046,40.5528,-3.64542,40.5478,-3.64794,40.5503,,
Alcobendas--piece--3-2--gCloud,"scraping-fotocasa-gCloud--12_7_2018,_7_11_51_AM",fotocasa,gCloud,1544168345000,3233.33,1,10.625,1,,piece--3-2,Alcobendas,1,-3.65046,40.5478,-3.64542,40.5428,-3.64794,40.5453,,
Alcobendas--piece--3-3--gCloud,"scraping-fotocasa-gCloud--12_7_2018,_7_11_51_AM",fotocasa,gCloud,1544168354000,2479.1,2,0,0,,piece--3-3,Alcobendas,1,-3.65046,40.5428,-3.64542,40.5377,-3.64794,40.5403,,
Alcobendas--piece--3-4--gCloud,"scraping-fotocasa-gCloud--12_7_2018,_7_11_51_AM",fotocasa,gCloud,1544168367000,0,0,0,0,,piece--3-4,Alcobendas,1,-3.65046,40.5377,-3.64542,40.5327,-3.64794,40.5352,,
Alcobendas--piece--3-5--gCloud,"scraping-fotocasa-gCloud--12_7_2018,_7_11_51_AM",fotocasa,gCloud,1544168372000,2080,1,8.10935,5,,piece--3-5,Alcobendas,1,-3.65046,40.5327,-3.64542,40.5277,-3.64794,40.5302,,
Alcobendas--piece--3-6--gCloud,"scraping-fotocasa-gCloud--12_7_2018,_7_11_51_AM",fotocasa,gCloud,1544168377000,3.70311,3,0,0,,piece--3-6,Alcobendas,1,-3.65046,40.5277,-3.64542,40.5227,-3.64794,40.5252,,
Alcobendas--piece--3-7--gCloud,"scraping-fotocasa-gCloud--12_7_2018,_7_11_51_AM",fotocasa,gCloud,1544168390000,1536.36,19,13.282,6,,piece--3-7,Alcobendas,1,-3.65046,40.5227,-3.64542,40.5176,-3.64794,40.5201,,
Alcobendas--piece--3-8--gCloud,"scraping-fotocasa-gCloud--12_7_2018,_7_11_51_AM",fotocasa,gCloud,1544168398000,5.78947,1,0,0,,piece--3-8,Alcobendas,1,-3.65046,40.5176,-3.64542,40.5126,-3.64794,40.5151,,
Alcobendas--piece--3-9--gCloud,"scraping-fotocasa-gCloud--12_7_2018,_7_11_51_AM",fotocasa,gCloud,1544168407000,1262.67,30,14.8492,6,,piece--3-9,Alcobendas,1,-3.65046,40.5126,-3.64542,40.5076,-3.64794,40.5101,,
Alcobendas--piece--4-0--gCloud,"scraping-fotocasa-gCloud--12_7_2018,_7_11_51_AM",fotocasa,gCloud,1544168418000,2634.44,9,9.8125,2,,piece--4-0,Alcobendas,1,-3.64542,40.5578,-3.64039,40.5528,-3.64291,40.5553,,
Alcobendas--piece--4-1--gCloud,"scraping-fotocasa-gCloud--12_7_2018,_7_11_51_AM",fotocasa,gCloud,1544168430000,2491.4,11,9.9,1,,piece--4-1,Alcobendas,1,-3.64542,40.5528,-3.64039,40.5478,-3.64291,40.5503,,
Alcobendas--piece--4-2--gCloud,"scraping-fotocasa-gCloud--12_7_2018,_7_11_51_AM",fotocasa,gCloud,1544168436000,2204.13,14,12.1569,3,,piece--4-2,Alcobendas,1,-3.64542,40.5478,-3.64039,40.5428,-3.64291,40.5453,,
Alcobendas--piece--4-3--gCloud,"scraping-fotocasa-gCloud--12_7_2018,_7_11_51_AM",fotocasa,gCloud,1544168447000,2297.74,7,10.3089,3,,piece--4-3,Alcobendas,1,-3.64542,40.5428,-3.64039,40.5377,-3.64291,40.5403,,
Alcobendas--piece--4-4--gCloud,"scraping-fotocasa-gCloud--12_7_2018,_7_11_51_AM",fotocasa,gCloud,1544168456000,2792,1,8.46774,1,,piece--4-4,Alcobendas,1,-3.64542,40.5377,-3.64039,40.5327,-3.64291,40.5352,,
Alcobendas--piece--4-5--gCloud,"scraping-fotocasa-gCloud--12_7_2018,_7_11_51_AM",fotocasa,gCloud,1544168465000,0,0,0,0,,piece--4-5,Alcobendas,1,-3.64542,40.5327,-3.64039,40.5277,-3.64291,40.5302,,
Alcobendas--piece--4-6--gCloud,"scraping-fotocasa-gCloud--12_7_2018,_7_11_51_AM",fotocasa,gCloud,1544168475000,3109.92,5,12.2965,3,,piece--4-6,Alcobendas,1,-3.64542,40.5277,-3.64039,40.5227,-3.64291,40.5252,,
Alcobendas--piece--4-7--gCloud,"scraping-fotocasa-gCloud--12_7_2018,_7_11_51_AM",fotocasa,gCloud,1544168481000,1721.41,29,13.1603,10,,piece--4-7,Alcobendas,1,-3.64542,40.5227,-3.64039,40.5176,-3.64291,40.5201,,
Alcobendas--piece--4-8--gCloud,"scraping-fotocasa-gCloud--12_7_2018,_7_11_51_AM",fotocasa,gCloud,1544168490000,4.08828,8,0,0,,piece--4-8,Alcobendas,1,-3.64542,40.5176,-3.64039,40.5126,-3.64291,40.5151,,
Alcobendas--piece--4-9--gCloud,"scraping-fotocasa-gCloud--12_7_2018,_7_11_51_AM",fotocasa,gCloud,1544168497000,3300.72,16,15.6265,5,,piece--4-9,Alcobendas,1,-3.64542,40.5126,-3.64039,40.5076,-3.64291,40.5101,,
Alcobendas--piece--5-0--gCloud,"scraping-fotocasa-gCloud--12_7_2018,_7_11_51_AM",fotocasa,gCloud,1544168509000,2596.64,8,0,0,,piece--5-0,Alcobendas,1,-3.64039,40.5578,-3.63536,40.5528,-3.63787,40.5553,,
Alcobendas--piece--5-1--gCloud,"scraping-fotocasa-gCloud--12_7_2018,_7_11_51_AM",fotocasa,gCloud,1544168516000,2476.89,25,12.5636,2,,piece--5-1,Alcobendas,1,-3.64039,40.5528,-3.63536,40.5478,-3.63787,40.5503,,
Alcobendas--piece--5-2--gCloud,"scraping-fotocasa-gCloud--12_7_2018,_7_11_51_AM",fotocasa,gCloud,1544168526000,2177.96,8,13.8462,1,,piece--5-2,Alcobendas,1,-3.64039,40.5478,-3.63536,40.5428,-3.63787,40.5453,,
Alcobendas--piece--5-3--gCloud,"scraping-fotocasa-gCloud--12_7_2018,_7_11_51_AM",fotocasa,gCloud,1544168532000,2165.17,22,12.2907,6,,piece--5-3,Alcobendas,1,-3.64039,40.5428,-3.63536,40.5377,-3.63787,40.5403,,
Alcobendas--piece--5-4--gCloud,"scraping-fotocasa-gCloud--12_7_2018,_7_11_51_AM",fotocasa,gCloud,1544168541000,2897.81,11,11.5752,2,,piece--5-4,Alcobendas,1,-3.64039,40.5377,-3.63536,40.5327,-3.63787,40.5352,,
Alcobendas--piece--5-5--gCloud,"scraping-fotocasa-gCloud--12_7_2018,_7_11_51_AM",fotocasa,gCloud,1544168547000,3932,10,13.6184,2,,piece--5-5,Alcobendas,1,-3.64039,40.5327,-3.63536,40.5277,-3.63787,40.5302,,
Alcobendas--piece--5-6--gCloud,"scraping-fotocasa-gCloud--12_7_2018,_7_11_51_AM",fotocasa,gCloud,1544168555000,4.78793,12,16.6024,2,,piece--5-6,Alcobendas,1,-3.64039,40.5277,-3.63536,40.5227,-3.63787,40.5252,,
Alcobendas--piece--5-7--gCloud,"scraping-fotocasa-gCloud--12_7_2018,_7_11_51_AM",fotocasa,gCloud,1544168564000,1453.98,13,13.6009,3,,piece--5-7,Alcobendas,1,-3.64039,40.5227,-3.63536,40.5176,-3.63787,40.5201,,
Alcobendas--piece--5-8--gCloud,"scraping-fotocasa-gCloud--12_7_2018,_7_11_51_AM",fotocasa,gCloud,1544168570000,4.50618,3,0,0,,piece--5-8,Alcobendas,1,-3.64039,40.5176,-3.63536,40.5126,-3.63787,40.5151,,
Alcobendas--piece--5-9--gCloud,"scraping-fotocasa-gCloud--12_7_2018,_7_11_51_AM",fotocasa,gCloud,1544168580000,3150.72,5,15.3229,6,,piece--5-9,Alcobendas,1,-3.64039,40.5126,-3.63536,40.5076,-3.63787,40.5101,,
Alcobendas--piece--6-0--gCloud,"scraping-fotocasa-gCloud--12_7_2018,_7_11_51_AM",fotocasa,gCloud,1544168585000,2560.76,2,0,0,,piece--6-0,Alcobendas,1,-3.63536,40.5578,-3.63032,40.5528,-3.63284,40.5553,,
Alcobendas--piece--6-1--gCloud,"scraping-fotocasa-gCloud--12_7_2018,_7_11_51_AM",fotocasa,gCloud,1544168593000,2651.26,29,13.6471,2,,piece--6-1,Alcobendas,1,-3.63536,40.5528,-3.63032,40.5478,-3.63284,40.5503,,
Alcobendas--piece--6-2--gCloud,"scraping-fotocasa-gCloud--12_7_2018,_7_11_51_AM",fotocasa,gCloud,1544168603000,2296.24,23,9.88506,2,,piece--6-2,Alcobendas,1,-3.63536,40.5478,-3.63032,40.5428,-3.63284,40.5453,,
Alcobendas--piece--6-3--gCloud,"scraping-fotocasa-gCloud--12_7_2018,_7_11_51_AM",fotocasa,gCloud,1544168611000,2325.34,26,11.7114,4,,piece--6-3,Alcobendas,1,-3.63536,40.5428,-3.63032,40.5377,-3.63284,40.5403,,
Alcobendas--piece--6-4--gCloud,"scraping-fotocasa-gCloud--12_7_2018,_7_11_51_AM",fotocasa,gCloud,1544168617000,2.86458,1,20.8333,1,,piece--6-4,Alcobendas,1,-3.63536,40.5377,-3.63032,40.5327,-3.63284,40.5352,,
Alcobendas--piece--6-5--gCloud,"scraping-fotocasa-gCloud--12_7_2018,_7_11_51_AM",fotocasa,gCloud,1544168625000,3513.89,2,11.8882,3,,piece--6-5,Alcobendas,1,-3.63536,40.5327,-3.63032,40.5277,-3.63284,40.5302,,
Alcobendas--piece--6-6--gCloud,"scraping-fotocasa-gCloud--12_7_2018,_7_11_51_AM",fotocasa,gCloud,1544168634000,3291.63,12,11.9048,1,,piece--6-6,Alcobendas,1,-3.63536,40.5277,-3.63032,40.5227,-3.63284,40.5252,,
Alcobendas--piece--6-7--gCloud,"scraping-fotocasa-gCloud--12_7_2018,_7_11_51_AM",fotocasa,gCloud,1544168642000,1709.67,8,13.4783,1,,piece--6-7,Alcobendas,1,-3.63536,40.5227,-3.63032,40.5176,-3.63284,40.5201,,
Alcobendas--piece--6-8--gCloud,"scraping-fotocasa-gCloud--12_7_2018,_7_11_51_AM",fotocasa,gCloud,1544168654000,3.27759,4,0,0,,piece--6-8,Alcobendas,1,-3.63536,40.5176,-3.63032,40.5126,-3.63284,40.5151,,
Alcobendas--piece--6-9--gCloud,"scraping-fotocasa-gCloud--12_7_2018,_7_11_51_AM",fotocasa,gCloud,1544168664000,5.06649,17,0,0,,piece--6-9,Alcobendas,1,-3.63536,40.5126,-3.63032,40.5076,-3.63284,40.5101,,
Alcobendas--piece--7-0--gCloud,"scraping-fotocasa-gCloud--12_7_2018,_7_11_51_AM",fotocasa,gCloud,1544168671000,2437.88,20,13.0952,1,,piece--7-0,Alcobendas,1,-3.63032,40.5578,-3.62529,40.5528,-3.62781,40.5553,,
Alcobendas--piece--7-1--gCloud,"scraping-fotocasa-gCloud--12_7_2018,_7_11_51_AM",fotocasa,gCloud,1544168681000,2218.38,23,9.64873,4,,piece--7-1,Alcobendas,1,-3.63032,40.5528,-3.62529,40.5478,-3.62781,40.5503,,
Alcobendas--piece--7-2--gCloud,"scraping-fotocasa-gCloud--12_7_2018,_7_11_51_AM",fotocasa,gCloud,1544168689000,2561.3,29,10.5256,2,,piece--7-2,Alcobendas,1,-3.63032,40.5478,-3.62529,40.5428,-3.62781,40.5453,,
Alcobendas--piece--7-3--gCloud,"scraping-fotocasa-gCloud--12_7_2018,_7_11_51_AM",fotocasa,gCloud,1544168698000,2120.7,8,8.7996,2,,piece--7-3,Alcobendas,1,-3.63032,40.5428,-3.62529,40.5377,-3.62781,40.5403,,
Alcobendas--piece--7-4--gCloud,"scraping-fotocasa-gCloud--12_7_2018,_7_11_51_AM",fotocasa,gCloud,1544168704000,3356.85,6,11.981,3,,piece--7-4,Alcobendas,1,-3.63032,40.5377,-3.62529,40.5327,-3.62781,40.5352,,
Alcobendas--piece--7-5--gCloud,"scraping-fotocasa-gCloud--12_7_2018,_7_11_51_AM",fotocasa,gCloud,1544168719000,3.3,1,0,0,,piece--7-5,Alcobendas,1,-3.63032,40.5327,-3.62529,40.5277,-3.62781,40.5302,,
Alcobendas--piece--7-6--gCloud,"scraping-fotocasa-gCloud--12_7_2018,_7_11_51_AM",fotocasa,gCloud,1544168729000,4.09949,3,0,0,,piece--7-6,Alcobendas,1,-3.63032,40.5277,-3.62529,40.5227,-3.62781,40.5252,,
Alcobendas--piece--7-7--gCloud,"scraping-fotocasa-gCloud--12_7_2018,_7_11_51_AM",fotocasa,gCloud,1544168738000,4.375,1,0,0,,piece--7-7,Alcobendas,1,-3.63032,40.5227,-3.62529,40.5176,-3.62781,40.5201,,
Alcobendas--piece--7-8--gCloud,"scraping-fotocasa-gCloud--12_7_2018,_7_11_51_AM",fotocasa,gCloud,1544168751000,8.42518,2,0,0,,piece--7-8,Alcobendas,1,-3.63032,40.5176,-3.62529,40.5126,-3.62781,40.5151,,
Alcobendas--piece--7-9--gCloud,"scraping-fotocasa-gCloud--12_7_2018,_7_11_51_AM",fotocasa,gCloud,1544168757000,4.34019,22,18.5258,4,,piece--7-9,Alcobendas,1,-3.63032,40.5126,-3.62529,40.5076,-3.62781,40.5101,,
Alcobendas--piece--8-0--gCloud,"scraping-fotocasa-gCloud--12_7_2018,_7_11_51_AM",fotocasa,gCloud,1544168766000,2585.16,4,0,0,,piece--8-0,Alcobendas,1,-3.62529,40.5578,-3.62026,40.5528,-3.62278,40.5553,,
Alcobendas--piece--8-1--gCloud,"scraping-fotocasa-gCloud--12_7_2018,_7_11_51_AM",fotocasa,gCloud,1544168778000,2708.8,6,10.8642,1,,piece--8-1,Alcobendas,1,-3.62529,40.5528,-3.62026,40.5478,-3.62278,40.5503,,
Alcobendas--piece--8-2--gCloud,"scraping-fotocasa-gCloud--12_7_2018,_7_11_51_AM",fotocasa,gCloud,1544168784000,2826.29,10,10.9404,6,,piece--8-2,Alcobendas,1,-3.62529,40.5478,-3.62026,40.5428,-3.62278,40.5453,,
Alcobendas--piece--8-3--gCloud,"scraping-fotocasa-gCloud--12_7_2018,_7_11_51_AM",fotocasa,gCloud,1544168792000,3112.42,24,10.6112,8,,piece--8-3,Alcobendas,1,-3.62529,40.5428,-3.62026,40.5377,-3.62278,40.5403,,
Alcobendas--piece--8-4--gCloud,"scraping-fotocasa-gCloud--12_7_2018,_7_11_51_AM",fotocasa,gCloud,1544168801000,1974.97,4,9.14286,1,,piece--8-4,Alcobendas,1,-3.62529,40.5377,-3.62026,40.5327,-3.62278,40.5352,,
Alcobendas--piece--8-5--gCloud,"scraping-fotocasa-gCloud--12_7_2018,_7_11_51_AM",fotocasa,gCloud,1544168813000,4.25567,5,0,0,,piece--8-5,Alcobendas,1,-3.62529,40.5327,-3.62026,40.5277,-3.62278,40.5302,,
Alcobendas--piece--8-6--gCloud,"scraping-fotocasa-gCloud--12_7_2018,_7_11_51_AM",fotocasa,gCloud,1544168824000,5.53391,3,0,0,,piece--8-6,Alcobendas,1,-3.62529,40.5277,-3.62026,40.5227,-3.62278,40.5252,,
Alcobendas--piece--8-7--gCloud,"scraping-fotocasa-gCloud--12_7_2018,_7_11_51_AM",fotocasa,gCloud,1544168829000,8.75,1,0,0,,piece--8-7,Alcobendas,1,-3.62529,40.5227,-3.62026,40.5176,-3.62278,40.5201,,
Alcobendas--piece--8-8--gCloud,"scraping-fotocasa-gCloud--12_7_2018,_7_11_51_AM",fotocasa,gCloud,1544168835000,5.49206,9,0,0,,piece--8-8,Alcobendas,1,-3.62529,40.5176,-3.62026,40.5126,-3.62278,40.5151,,
Alcobendas--piece--8-9--gCloud,"scraping-fotocasa-gCloud--12_7_2018,_7_11_51_AM",fotocasa,gCloud,1544168844000,4.56393,14,0,0,,piece--8-9,Alcobendas,1,-3.62529,40.5126,-3.62026,40.5076,-3.62278,40.5101,,
Alcobendas--piece--9-0--gCloud,"scraping-fotocasa-gCloud--12_7_2018,_7_11_51_AM",fotocasa,gCloud,1544168854000,2410.71,7,12.037,3,,piece--9-0,Alcobendas,1,-3.62026,40.5578,-3.61523,40.5528,-3.61774,40.5553,,
Alcobendas--piece--9-1--gCloud,"scraping-fotocasa-gCloud--12_7_2018,_7_11_51_AM",fotocasa,gCloud,1544168859000,2.15105,2,0,0,,piece--9-1,Alcobendas,1,-3.62026,40.5528,-3.61523,40.5478,-3.61774,40.5503,,
Alcobendas--piece--9-2--gCloud,"scraping-fotocasa-gCloud--12_7_2018,_7_11_51_AM",fotocasa,gCloud,1544168865000,2374.78,18,10.4536,12,,piece--9-2,Alcobendas,1,-3.62026,40.5478,-3.61523,40.5428,-3.61774,40.5453,,
Alcobendas--piece--9-3--gCloud,"scraping-fotocasa-gCloud--12_7_2018,_7_11_51_AM",fotocasa,gCloud,1544168871000,4000,2,8.49537,2,,piece--9-3,Alcobendas,1,-3.62026,40.5428,-3.61523,40.5377,-3.61774,40.5403,,
Alcobendas--piece--9-4--gCloud,"scraping-fotocasa-gCloud--12_7_2018,_7_11_51_AM",fotocasa,gCloud,1544168877000,4.19847,1,0,0,,piece--9-4,Alcobendas,1,-3.62026,40.5377,-3.61523,40.5327,-3.61774,40.5352,,
Alcobendas--piece--9-5--gCloud,"scraping-fotocasa-gCloud--12_7_2018,_7_11_51_AM",fotocasa,gCloud,1544168886000,4.74929,6,0,0,,piece--9-5,Alcobendas,1,-3.62026,40.5327,-3.61523,40.5277,-3.61774,40.5302,,
Alcobendas--piece--9-6--gCloud,"scraping-fotocasa-gCloud--12_7_2018,_7_11_51_AM",fotocasa,gCloud,1544168893000,5.21628,4,9.90566,1,,piece--9-6,Alcobendas,1,-3.62026,40.5277,-3.61523,40.5227,-3.61774,40.5252,,
Alcobendas--piece--9-7--gCloud,"scraping-fotocasa-gCloud--12_7_2018,_7_11_51_AM",fotocasa,gCloud,1544168904000,4.44071,7,10,1,,piece--9-7,Alcobendas,1,-3.62026,40.5227,-3.61523,40.5176,-3.61774,40.5201,,
Alcobendas--piece--9-8--gCloud,"scraping-fotocasa-gCloud--12_7_2018,_7_11_51_AM",fotocasa,gCloud,1544168913000,3.72825,5,15,1,,piece--9-8,Alcobendas,1,-3.62026,40.5176,-3.61523,40.5126,-3.61774,40.5151,,
Alcobendas--piece--9-9--gCloud,"scraping-fotocasa-gCloud--12_7_2018,_7_11_51_AM",fotocasa,gCloud,1544168919000,4.91333,15,20.8333,1,,piece--9-9,Alcobendas,1,-3.62026,40.5126,-3.61523,40.5076,-3.61774,40.5101,,
