piece_id,scraping_id,app_id,device_id,date_scraped,average_prize_buy,number_of_ads_buy,average_prize_rent,number_of_ads_rent,extra_data,piece_name,city_name,scraped,bounding_box1_x,bounding_box1_y,bounding_box2_x,bounding_box2_y,center_point_x,center_point_y
Alcorcón--piece--0-0--gCloud,"scraping-fotocasa-gCloud--12_3_2018,_2_46_43_PM",fotocasa,gCloud,1543848579000,0,0,0,0,,piece--0-0,Alcorcón,1,-3.86149,40.3638,-3.85623,40.3583,-3.85886,40.3611
Alcorcón--piece--0-1--gCloud,"scraping-fotocasa-gCloud--12_3_2018,_2_46_43_PM",fotocasa,gCloud,1543848584000,0,0,0,0,,piece--0-1,Alcorcón,1,-3.86149,40.3583,-3.85623,40.3528,-3.85886,40.3556
Alcorcón--piece--0-2--gCloud,"scraping-fotocasa-gCloud--12_3_2018,_2_46_43_PM",fotocasa,gCloud,1543848595000,0,0,0,0,,piece--0-2,Alcorcón,1,-3.86149,40.3528,-3.85623,40.3473,-3.85886,40.35
Alcorcón--piece--0-3--gCloud,"scraping-fotocasa-gCloud--12_3_2018,_2_46_43_PM",fotocasa,gCloud,1543848600000,0,0,0,0,,piece--0-3,Alcorcón,1,-3.86149,40.3473,-3.85623,40.3418,-3.85886,40.3445
Alcorcón--piece--0-4--gCloud,"scraping-fotocasa-gCloud--12_3_2018,_2_46_43_PM",fotocasa,gCloud,1543848609000,2198.79,5,0,0,,piece--0-4,Alcorcón,1,-3.86149,40.3418,-3.85623,40.3362,-3.85886,40.339
Alcorcón--piece--0-5--gCloud,"scraping-fotocasa-gCloud--12_3_2018,_2_46_43_PM",fotocasa,gCloud,1543848622000,1760.21,15,9.04255,1,,piece--0-5,Alcorcón,1,-3.86149,40.3362,-3.85623,40.3307,-3.85886,40.3335
Alcorcón--piece--0-6--gCloud,"scraping-fotocasa-gCloud--12_3_2018,_2_46_43_PM",fotocasa,gCloud,1543848629000,1584.39,23,0,0,,piece--0-6,Alcorcón,1,-3.86149,40.3307,-3.85623,40.3252,-3.85886,40.3279
Alcorcón--piece--1-0--gCloud,"scraping-fotocasa-gCloud--12_3_2018,_2_46_43_PM",fotocasa,gCloud,1543848634000,0,0,0,0,,piece--1-0,Alcorcón,1,-3.85623,40.3638,-3.85097,40.3583,-3.8536,40.3611
Alcorcón--piece--1-1--gCloud,"scraping-fotocasa-gCloud--12_3_2018,_2_46_43_PM",fotocasa,gCloud,1543848643000,0,0,0,0,,piece--1-1,Alcorcón,1,-3.85623,40.3583,-3.85097,40.3528,-3.8536,40.3556
Alcorcón--piece--1-2--gCloud,"scraping-fotocasa-gCloud--12_3_2018,_2_46_43_PM",fotocasa,gCloud,1543848648000,0,0,0,0,,piece--1-2,Alcorcón,1,-3.85623,40.3528,-3.85097,40.3473,-3.8536,40.35
Alcorcón--piece--1-3--gCloud,"scraping-fotocasa-gCloud--12_3_2018,_2_46_43_PM",fotocasa,gCloud,1543848654000,0,0,0,0,,piece--1-3,Alcorcón,1,-3.85623,40.3473,-3.85097,40.3418,-3.8536,40.3445
Alcorcón--piece--1-4--gCloud,"scraping-fotocasa-gCloud--12_3_2018,_2_46_43_PM",fotocasa,gCloud,1543848661000,2491.83,18,9.53152,6,,piece--1-4,Alcorcón,1,-3.85623,40.3418,-3.85097,40.3362,-3.8536,40.339
Alcorcón--piece--1-5--gCloud,"scraping-fotocasa-gCloud--12_3_2018,_2_46_43_PM",fotocasa,gCloud,1543848673000,2208.55,12,8.08823,1,,piece--1-5,Alcorcón,1,-3.85623,40.3362,-3.85097,40.3307,-3.8536,40.3335
Alcorcón--piece--1-6--gCloud,"scraping-fotocasa-gCloud--12_3_2018,_2_46_43_PM",fotocasa,gCloud,1543848680000,1836.58,21,8.77778,1,,piece--1-6,Alcorcón,1,-3.85623,40.3307,-3.85097,40.3252,-3.8536,40.3279
Alcorcón--piece--10-0--gCloud,"scraping-fotocasa-gCloud--12_3_2018,_2_46_43_PM",fotocasa,gCloud,1543848688000,0,0,0,0,,piece--10-0,Alcorcón,1,-3.80891,40.3638,-3.80365,40.3583,-3.80628,40.3611
Alcorcón--piece--10-1--gCloud,"scraping-fotocasa-gCloud--12_3_2018,_2_46_43_PM",fotocasa,gCloud,1543848696000,2116.2,7,9.24279,2,,piece--10-1,Alcorcón,1,-3.80891,40.3583,-3.80365,40.3528,-3.80628,40.3556
Alcorcón--piece--10-2--gCloud,"scraping-fotocasa-gCloud--12_3_2018,_2_46_43_PM",fotocasa,gCloud,1543848708000,2806.29,12,9.95166,4,,piece--10-2,Alcorcón,1,-3.80891,40.3528,-3.80365,40.3473,-3.80628,40.35
Alcorcón--piece--10-3--gCloud,"scraping-fotocasa-gCloud--12_3_2018,_2_46_43_PM",fotocasa,gCloud,1543848716000,2729.73,5,11.7647,2,,piece--10-3,Alcorcón,1,-3.80891,40.3473,-3.80365,40.3418,-3.80628,40.3445
Alcorcón--piece--10-4--gCloud,"scraping-fotocasa-gCloud--12_3_2018,_2_46_43_PM",fotocasa,gCloud,1543848727000,0,0,0,0,,piece--10-4,Alcorcón,1,-3.80891,40.3418,-3.80365,40.3362,-3.80628,40.339
Alcorcón--piece--10-5--gCloud,"scraping-fotocasa-gCloud--12_3_2018,_2_46_43_PM",fotocasa,gCloud,1543848736000,0,0,0,0,,piece--10-5,Alcorcón,1,-3.80891,40.3362,-3.80365,40.3307,-3.80628,40.3335
Alcorcón--piece--10-6--gCloud,"scraping-fotocasa-gCloud--12_3_2018,_2_46_43_PM",fotocasa,gCloud,1543848743000,0,0,0,0,,piece--10-6,Alcorcón,1,-3.80891,40.3307,-3.80365,40.3252,-3.80628,40.3279
Alcorcón--piece--11-0--gCloud,"scraping-fotocasa-gCloud--12_3_2018,_2_46_43_PM",fotocasa,gCloud,1543848751000,0,0,0,0,,piece--11-0,Alcorcón,1,-3.80365,40.3638,-3.79839,40.3583,-3.80102,40.3611
Alcorcón--piece--11-1--gCloud,"scraping-fotocasa-gCloud--12_3_2018,_2_46_43_PM",fotocasa,gCloud,1543848760000,2392.25,4,12.069,1,,piece--11-1,Alcorcón,1,-3.80365,40.3583,-3.79839,40.3528,-3.80102,40.3556
Alcorcón--piece--11-2--gCloud,"scraping-fotocasa-gCloud--12_3_2018,_2_46_43_PM",fotocasa,gCloud,1543848769000,3032.22,7,0,0,,piece--11-2,Alcorcón,1,-3.80365,40.3528,-3.79839,40.3473,-3.80102,40.35
Alcorcón--piece--11-3--gCloud,"scraping-fotocasa-gCloud--12_3_2018,_2_46_43_PM",fotocasa,gCloud,1543848777000,0,0,0,0,,piece--11-3,Alcorcón,1,-3.80365,40.3473,-3.79839,40.3418,-3.80102,40.3445
Alcorcón--piece--11-4--gCloud,"scraping-fotocasa-gCloud--12_3_2018,_2_46_43_PM",fotocasa,gCloud,1543848786000,0,0,0,0,,piece--11-4,Alcorcón,1,-3.80365,40.3418,-3.79839,40.3362,-3.80102,40.339
Alcorcón--piece--11-5--gCloud,"scraping-fotocasa-gCloud--12_3_2018,_2_46_43_PM",fotocasa,gCloud,1543848794000,0,0,0,0,,piece--11-5,Alcorcón,1,-3.80365,40.3362,-3.79839,40.3307,-3.80102,40.3335
Alcorcón--piece--11-6--gCloud,"scraping-fotocasa-gCloud--12_3_2018,_2_46_43_PM",fotocasa,gCloud,1543848802000,0,0,0,0,,piece--11-6,Alcorcón,1,-3.80365,40.3307,-3.79839,40.3252,-3.80102,40.3279
Alcorcón--piece--12-0--gCloud,"scraping-fotocasa-gCloud--12_3_2018,_2_46_43_PM",fotocasa,gCloud,1543848807000,0,0,0,0,,piece--12-0,Alcorcón,1,-3.79839,40.3638,-3.79313,40.3583,-3.79576,40.3611
Alcorcón--piece--12-1--gCloud,"scraping-fotocasa-gCloud--12_3_2018,_2_46_43_PM",fotocasa,gCloud,1543848815000,0,0,0,0,,piece--12-1,Alcorcón,1,-3.79839,40.3583,-3.79313,40.3528,-3.79576,40.3556
Alcorcón--piece--12-2--gCloud,"scraping-fotocasa-gCloud--12_3_2018,_2_46_43_PM",fotocasa,gCloud,1543848820000,0,0,0,0,,piece--12-2,Alcorcón,1,-3.79839,40.3528,-3.79313,40.3473,-3.79576,40.35
Alcorcón--piece--12-3--gCloud,"scraping-fotocasa-gCloud--12_3_2018,_2_46_43_PM",fotocasa,gCloud,1543848833000,0,0,0,0,,piece--12-3,Alcorcón,1,-3.79839,40.3473,-3.79313,40.3418,-3.79576,40.3445
Alcorcón--piece--12-4--gCloud,"scraping-fotocasa-gCloud--12_3_2018,_2_46_43_PM",fotocasa,gCloud,1543848841000,0,0,0,0,,piece--12-4,Alcorcón,1,-3.79839,40.3418,-3.79313,40.3362,-3.79576,40.339
Alcorcón--piece--12-5--gCloud,"scraping-fotocasa-gCloud--12_3_2018,_2_46_43_PM",fotocasa,gCloud,1543848850000,0,0,0,0,,piece--12-5,Alcorcón,1,-3.79839,40.3362,-3.79313,40.3307,-3.79576,40.3335
Alcorcón--piece--12-6--gCloud,"scraping-fotocasa-gCloud--12_3_2018,_2_46_43_PM",fotocasa,gCloud,1543848862000,0,0,0,0,,piece--12-6,Alcorcón,1,-3.79839,40.3307,-3.79313,40.3252,-3.79576,40.3279
Alcorcón--piece--2-0--gCloud,"scraping-fotocasa-gCloud--12_3_2018,_2_46_43_PM",fotocasa,gCloud,1543848870000,0,0,0,0,,piece--2-0,Alcorcón,1,-3.85097,40.3638,-3.84571,40.3583,-3.84834,40.3611
Alcorcón--piece--2-1--gCloud,"scraping-fotocasa-gCloud--12_3_2018,_2_46_43_PM",fotocasa,gCloud,1543848876000,0,0,0,0,,piece--2-1,Alcorcón,1,-3.85097,40.3583,-3.84571,40.3528,-3.84834,40.3556
Alcorcón--piece--2-2--gCloud,"scraping-fotocasa-gCloud--12_3_2018,_2_46_43_PM",fotocasa,gCloud,1543848884000,0,0,0,0,,piece--2-2,Alcorcón,1,-3.85097,40.3528,-3.84571,40.3473,-3.84834,40.35
Alcorcón--piece--2-3--gCloud,"scraping-fotocasa-gCloud--12_3_2018,_2_46_43_PM",fotocasa,gCloud,1543848896000,2249.36,2,0,0,,piece--2-3,Alcorcón,1,-3.85097,40.3473,-3.84571,40.3418,-3.84834,40.3445
Alcorcón--piece--2-4--gCloud,"scraping-fotocasa-gCloud--12_3_2018,_2_46_43_PM",fotocasa,gCloud,1543848901000,0,0,0,0,,piece--2-4,Alcorcón,1,-3.85097,40.3418,-3.84571,40.3362,-3.84834,40.339
Alcorcón--piece--2-5--gCloud,"scraping-fotocasa-gCloud--12_3_2018,_2_46_43_PM",fotocasa,gCloud,1543848909000,0,0,0,0,,piece--2-5,Alcorcón,1,-3.85097,40.3362,-3.84571,40.3307,-3.84834,40.3335
Alcorcón--piece--2-6--gCloud,"scraping-fotocasa-gCloud--12_3_2018,_2_46_43_PM",fotocasa,gCloud,1543848921000,0,0,0,0,,piece--2-6,Alcorcón,1,-3.85097,40.3307,-3.84571,40.3252,-3.84834,40.3279
Alcorcón--piece--3-0--gCloud,"scraping-fotocasa-gCloud--12_3_2018,_2_46_43_PM",fotocasa,gCloud,1543848930000,0,0,0,0,,piece--3-0,Alcorcón,1,-3.84571,40.3638,-3.84046,40.3583,-3.84309,40.3611
Alcorcón--piece--3-1--gCloud,"scraping-fotocasa-gCloud--12_3_2018,_2_46_43_PM",fotocasa,gCloud,1543848938000,0,0,0,0,,piece--3-1,Alcorcón,1,-3.84571,40.3583,-3.84046,40.3528,-3.84309,40.3556
Alcorcón--piece--3-2--gCloud,"scraping-fotocasa-gCloud--12_3_2018,_2_46_43_PM",fotocasa,gCloud,1543848946000,2644.86,1,0,0,,piece--3-2,Alcorcón,1,-3.84571,40.3528,-3.84046,40.3473,-3.84309,40.35
Alcorcón--piece--3-3--gCloud,"scraping-fotocasa-gCloud--12_3_2018,_2_46_43_PM",fotocasa,gCloud,1543848955000,2488.23,7,7.5,1,,piece--3-3,Alcorcón,1,-3.84571,40.3473,-3.84046,40.3418,-3.84309,40.3445
Alcorcón--piece--3-4--gCloud,"scraping-fotocasa-gCloud--12_3_2018,_2_46_43_PM",fotocasa,gCloud,1543848960000,3050.63,3,14.1837,1,,piece--3-4,Alcorcón,1,-3.84571,40.3418,-3.84046,40.3362,-3.84309,40.339
Alcorcón--piece--3-5--gCloud,"scraping-fotocasa-gCloud--12_3_2018,_2_46_43_PM",fotocasa,gCloud,1543848969000,0,0,0,0,,piece--3-5,Alcorcón,1,-3.84571,40.3362,-3.84046,40.3307,-3.84309,40.3335
Alcorcón--piece--3-6--gCloud,"scraping-fotocasa-gCloud--12_3_2018,_2_46_43_PM",fotocasa,gCloud,1543848980000,1456.73,1,9.88889,1,,piece--3-6,Alcorcón,1,-3.84571,40.3307,-3.84046,40.3252,-3.84309,40.3279
Alcorcón--piece--4-0--gCloud,"scraping-fotocasa-gCloud--12_3_2018,_2_46_43_PM",fotocasa,gCloud,1543848988000,0,0,0,0,,piece--4-0,Alcorcón,1,-3.84046,40.3638,-3.8352,40.3583,-3.83783,40.3611
Alcorcón--piece--4-1--gCloud,"scraping-fotocasa-gCloud--12_3_2018,_2_46_43_PM",fotocasa,gCloud,1543848997000,0,0,0,0,,piece--4-1,Alcorcón,1,-3.84046,40.3583,-3.8352,40.3528,-3.83783,40.3556
Alcorcón--piece--4-2--gCloud,"scraping-fotocasa-gCloud--12_3_2018,_2_46_43_PM",fotocasa,gCloud,1543849005000,1457.58,2,0,0,,piece--4-2,Alcorcón,1,-3.84046,40.3528,-3.8352,40.3473,-3.83783,40.35
Alcorcón--piece--4-3--gCloud,"scraping-fotocasa-gCloud--12_3_2018,_2_46_43_PM",fotocasa,gCloud,1543849013000,2066.67,1,0,0,,piece--4-3,Alcorcón,1,-3.84046,40.3473,-3.8352,40.3418,-3.83783,40.3445
Alcorcón--piece--4-4--gCloud,"scraping-fotocasa-gCloud--12_3_2018,_2_46_43_PM",fotocasa,gCloud,1543849022000,2543.38,5,10.4274,3,,piece--4-4,Alcorcón,1,-3.84046,40.3418,-3.8352,40.3362,-3.83783,40.339
Alcorcón--piece--4-5--gCloud,"scraping-fotocasa-gCloud--12_3_2018,_2_46_43_PM",fotocasa,gCloud,1543849032000,2106.48,13,0,0,,piece--4-5,Alcorcón,1,-3.84046,40.3362,-3.8352,40.3307,-3.83783,40.3335
Alcorcón--piece--4-6--gCloud,"scraping-fotocasa-gCloud--12_3_2018,_2_46_43_PM",fotocasa,gCloud,1543849044000,2343.39,5,10.3846,1,,piece--4-6,Alcorcón,1,-3.84046,40.3307,-3.8352,40.3252,-3.83783,40.3279
Alcorcón--piece--5-0--gCloud,"scraping-fotocasa-gCloud--12_3_2018,_2_46_43_PM",fotocasa,gCloud,1543849056000,0,0,0,0,,piece--5-0,Alcorcón,1,-3.8352,40.3638,-3.82994,40.3583,-3.83257,40.3611
Alcorcón--piece--5-1--gCloud,"scraping-fotocasa-gCloud--12_3_2018,_2_46_43_PM",fotocasa,gCloud,1543849061000,2350,1,0,0,,piece--5-1,Alcorcón,1,-3.8352,40.3583,-3.82994,40.3528,-3.83257,40.3556
Alcorcón--piece--5-2--gCloud,"scraping-fotocasa-gCloud--12_3_2018,_2_46_43_PM",fotocasa,gCloud,1543849067000,1831.92,7,11.9226,4,,piece--5-2,Alcorcón,1,-3.8352,40.3528,-3.82994,40.3473,-3.83257,40.35
Alcorcón--piece--5-3--gCloud,"scraping-fotocasa-gCloud--12_3_2018,_2_46_43_PM",fotocasa,gCloud,1543849078000,1904.64,29,0,0,,piece--5-3,Alcorcón,1,-3.8352,40.3473,-3.82994,40.3418,-3.83257,40.3445
Alcorcón--piece--5-4--gCloud,"scraping-fotocasa-gCloud--12_3_2018,_2_46_43_PM",fotocasa,gCloud,1543849084000,2441.13,5,9.33521,2,,piece--5-4,Alcorcón,1,-3.8352,40.3418,-3.82994,40.3362,-3.83257,40.339
Alcorcón--piece--5-5--gCloud,"scraping-fotocasa-gCloud--12_3_2018,_2_46_43_PM",fotocasa,gCloud,1543849096000,2493.91,11,0,0,,piece--5-5,Alcorcón,1,-3.8352,40.3362,-3.82994,40.3307,-3.83257,40.3335
Alcorcón--piece--5-6--gCloud,"scraping-fotocasa-gCloud--12_3_2018,_2_46_43_PM",fotocasa,gCloud,1543849108000,2102.27,2,0,0,,piece--5-6,Alcorcón,1,-3.8352,40.3307,-3.82994,40.3252,-3.83257,40.3279
Alcorcón--piece--6-0--gCloud,"scraping-fotocasa-gCloud--12_3_2018,_2_46_43_PM",fotocasa,gCloud,1543849117000,0,0,0,0,,piece--6-0,Alcorcón,1,-3.82994,40.3638,-3.82468,40.3583,-3.82731,40.3611
Alcorcón--piece--6-1--gCloud,"scraping-fotocasa-gCloud--12_3_2018,_2_46_43_PM",fotocasa,gCloud,1543849125000,1663.33,2,0,0,,piece--6-1,Alcorcón,1,-3.82994,40.3583,-3.82468,40.3528,-3.82731,40.3556
Alcorcón--piece--6-2--gCloud,"scraping-fotocasa-gCloud--12_3_2018,_2_46_43_PM",fotocasa,gCloud,1543849134000,1903.77,30,9.60905,13,,piece--6-2,Alcorcón,1,-3.82994,40.3528,-3.82468,40.3473,-3.82731,40.35
Alcorcón--piece--6-3--gCloud,"scraping-fotocasa-gCloud--12_3_2018,_2_46_43_PM",fotocasa,gCloud,1543849144000,1742.15,29,10.1969,10,,piece--6-3,Alcorcón,1,-3.82994,40.3473,-3.82468,40.3418,-3.82731,40.3445
Alcorcón--piece--6-4--gCloud,"scraping-fotocasa-gCloud--12_3_2018,_2_46_43_PM",fotocasa,gCloud,1543849157000,2120.12,16,8.73563,3,,piece--6-4,Alcorcón,1,-3.82994,40.3418,-3.82468,40.3362,-3.82731,40.339
Alcorcón--piece--6-5--gCloud,"scraping-fotocasa-gCloud--12_3_2018,_2_46_43_PM",fotocasa,gCloud,1543849165000,2252.38,10,10,1,,piece--6-5,Alcorcón,1,-3.82994,40.3362,-3.82468,40.3307,-3.82731,40.3335
Alcorcón--piece--6-6--gCloud,"scraping-fotocasa-gCloud--12_3_2018,_2_46_43_PM",fotocasa,gCloud,1543849174000,2387.45,3,0,0,,piece--6-6,Alcorcón,1,-3.82994,40.3307,-3.82468,40.3252,-3.82731,40.3279
Alcorcón--piece--7-0--gCloud,"scraping-fotocasa-gCloud--12_3_2018,_2_46_43_PM",fotocasa,gCloud,1543849182000,0,0,0,0,,piece--7-0,Alcorcón,1,-3.82468,40.3638,-3.81942,40.3583,-3.82205,40.3611
Alcorcón--piece--7-1--gCloud,"scraping-fotocasa-gCloud--12_3_2018,_2_46_43_PM",fotocasa,gCloud,1543849194000,2082.22,7,0,0,,piece--7-1,Alcorcón,1,-3.82468,40.3583,-3.81942,40.3528,-3.82205,40.3556
Alcorcón--piece--7-2--gCloud,"scraping-fotocasa-gCloud--12_3_2018,_2_46_43_PM",fotocasa,gCloud,1543849212000,2063.05,25,9.92147,4,,piece--7-2,Alcorcón,1,-3.82468,40.3528,-3.81942,40.3473,-3.82205,40.35
Alcorcón--piece--7-3--gCloud,"scraping-fotocasa-gCloud--12_3_2018,_2_46_43_PM",fotocasa,gCloud,1543849223000,1893.6,24,9.15515,7,,piece--7-3,Alcorcón,1,-3.82468,40.3473,-3.81942,40.3418,-3.82205,40.3445
Alcorcón--piece--7-4--gCloud,"scraping-fotocasa-gCloud--12_3_2018,_2_46_43_PM",fotocasa,gCloud,1543849242000,2291.17,5,11.25,1,,piece--7-4,Alcorcón,1,-3.82468,40.3418,-3.81942,40.3362,-3.82205,40.339
Alcorcón--piece--7-5--gCloud,"scraping-fotocasa-gCloud--12_3_2018,_2_46_43_PM",fotocasa,gCloud,1543849253000,2605.81,5,0,0,,piece--7-5,Alcorcón,1,-3.82468,40.3362,-3.81942,40.3307,-3.82205,40.3335
Alcorcón--piece--7-6--gCloud,"scraping-fotocasa-gCloud--12_3_2018,_2_46_43_PM",fotocasa,gCloud,1543849264000,0,0,10,1,,piece--7-6,Alcorcón,1,-3.82468,40.3307,-3.81942,40.3252,-3.82205,40.3279
Alcorcón--piece--8-0--gCloud,"scraping-fotocasa-gCloud--12_3_2018,_2_46_43_PM",fotocasa,gCloud,1543849269000,0,0,0,0,,piece--8-0,Alcorcón,1,-3.81942,40.3638,-3.81416,40.3583,-3.81679,40.3611
Alcorcón--piece--8-1--gCloud,"scraping-fotocasa-gCloud--12_3_2018,_2_46_43_PM",fotocasa,gCloud,1543849275000,2228.37,7,9.61539,1,,piece--8-1,Alcorcón,1,-3.81942,40.3583,-3.81416,40.3528,-3.81679,40.3556
Alcorcón--piece--8-2--gCloud,"scraping-fotocasa-gCloud--12_3_2018,_2_46_43_PM",fotocasa,gCloud,1543849284000,2224.85,21,7.12607,2,,piece--8-2,Alcorcón,1,-3.81942,40.3528,-3.81416,40.3473,-3.81679,40.35
Alcorcón--piece--8-3--gCloud,"scraping-fotocasa-gCloud--12_3_2018,_2_46_43_PM",fotocasa,gCloud,1543849294000,2220.41,20,8.72346,3,,piece--8-3,Alcorcón,1,-3.81942,40.3473,-3.81416,40.3418,-3.81679,40.3445
Alcorcón--piece--8-4--gCloud,"scraping-fotocasa-gCloud--12_3_2018,_2_46_43_PM",fotocasa,gCloud,1543849302000,1728.26,1,0,0,,piece--8-4,Alcorcón,1,-3.81942,40.3418,-3.81416,40.3362,-3.81679,40.339
Alcorcón--piece--8-5--gCloud,"scraping-fotocasa-gCloud--12_3_2018,_2_46_43_PM",fotocasa,gCloud,1543849310000,0,0,0,0,,piece--8-5,Alcorcón,1,-3.81942,40.3362,-3.81416,40.3307,-3.81679,40.3335
Alcorcón--piece--8-6--gCloud,"scraping-fotocasa-gCloud--12_3_2018,_2_46_43_PM",fotocasa,gCloud,1543849330000,0,0,0,0,,piece--8-6,Alcorcón,1,-3.81942,40.3307,-3.81416,40.3252,-3.81679,40.3279
Alcorcón--piece--9-0--gCloud,"scraping-fotocasa-gCloud--12_3_2018,_2_46_43_PM",fotocasa,gCloud,1543849335000,0,0,0,0,,piece--9-0,Alcorcón,1,-3.81416,40.3638,-3.80891,40.3583,-3.81153,40.3611
Alcorcón--piece--9-1--gCloud,"scraping-fotocasa-gCloud--12_3_2018,_2_46_43_PM",fotocasa,gCloud,1543849341000,1879.46,16,10.0915,3,,piece--9-1,Alcorcón,1,-3.81416,40.3583,-3.80891,40.3528,-3.81153,40.3556
Alcorcón--piece--9-2--gCloud,"scraping-fotocasa-gCloud--12_3_2018,_2_46_43_PM",fotocasa,gCloud,1543849347000,2367.99,8,9.72994,5,,piece--9-2,Alcorcón,1,-3.81416,40.3528,-3.80891,40.3473,-3.81153,40.35
Alcorcón--piece--9-3--gCloud,"scraping-fotocasa-gCloud--12_3_2018,_2_46_43_PM",fotocasa,gCloud,1543849353000,2263.93,14,10.101,1,,piece--9-3,Alcorcón,1,-3.81416,40.3473,-3.80891,40.3418,-3.81153,40.3445
Alcorcón--piece--9-4--gCloud,"scraping-fotocasa-gCloud--12_3_2018,_2_46_43_PM",fotocasa,gCloud,1543849364000,979.021,1,0,0,,piece--9-4,Alcorcón,1,-3.81416,40.3418,-3.80891,40.3362,-3.81153,40.339
Alcorcón--piece--9-5--gCloud,"scraping-fotocasa-gCloud--12_3_2018,_2_46_43_PM",fotocasa,gCloud,1543849370000,0,0,0,0,,piece--9-5,Alcorcón,1,-3.81416,40.3362,-3.80891,40.3307,-3.81153,40.3335
Alcorcón--piece--9-6--gCloud,"scraping-fotocasa-gCloud--12_3_2018,_2_46_43_PM",fotocasa,gCloud,1543849375000,0,0,0,0,,piece--9-6,Alcorcón,1,-3.81416,40.3307,-3.80891,40.3252,-3.81153,40.3279
