piece_id,scraping_id,app_id,device_id,date_scraped,average_prize_buy,number_of_ads_buy,average_prize_rent,number_of_ads_rent,extra_data,piece_name,city_name,scraped,bounding_box1_x,bounding_box1_y,bounding_box2_x,bounding_box2_y,center_point_x,center_point_y
Alcobendas--piece--0-0--gCloud,"scraping-fotocasa-gCloud--12_3_2018,_2_46_43_PM",fotocasa,gCloud,1543847482000,0,0,0,0,,piece--0-0,Alcobendas,1,-3.66555,40.5578,-3.66052,40.5528,-3.66304,40.5553
Alcobendas--piece--0-1--gCloud,"scraping-fotocasa-gCloud--12_3_2018,_2_46_43_PM",fotocasa,gCloud,1543847498000,3486.37,4,15.8333,1,,piece--0-1,Alcobendas,1,-3.66555,40.5528,-3.66052,40.5478,-3.66304,40.5503
Alcobendas--piece--0-2--gCloud,"scraping-fotocasa-gCloud--12_3_2018,_2_46_43_PM",fotocasa,gCloud,1543847513000,0,0,0,0,,piece--0-2,Alcobendas,1,-3.66555,40.5478,-3.66052,40.5428,-3.66304,40.5453
Alcobendas--piece--0-3--gCloud,"scraping-fotocasa-gCloud--12_3_2018,_2_46_43_PM",fotocasa,gCloud,1543847525000,3340.27,6,0,0,,piece--0-3,Alcobendas,1,-3.66555,40.5428,-3.66052,40.5377,-3.66304,40.5403
Alcobendas--piece--0-4--gCloud,"scraping-fotocasa-gCloud--12_3_2018,_2_46_43_PM",fotocasa,gCloud,1543847534000,0,0,0,0,,piece--0-4,Alcobendas,1,-3.66555,40.5377,-3.66052,40.5327,-3.66304,40.5352
Alcobendas--piece--0-5--gCloud,"scraping-fotocasa-gCloud--12_3_2018,_2_46_43_PM",fotocasa,gCloud,1543847539000,0,0,0,0,,piece--0-5,Alcobendas,1,-3.66555,40.5327,-3.66052,40.5277,-3.66304,40.5302
Alcobendas--piece--0-6--gCloud,"scraping-fotocasa-gCloud--12_3_2018,_2_46_43_PM",fotocasa,gCloud,1543847544000,0,0,0,0,,piece--0-6,Alcobendas,1,-3.66555,40.5277,-3.66052,40.5227,-3.66304,40.5252
Alcobendas--piece--0-7--gCloud,"scraping-fotocasa-gCloud--12_3_2018,_2_46_43_PM",fotocasa,gCloud,1543847549000,0,0,0,0,,piece--0-7,Alcobendas,1,-3.66555,40.5227,-3.66052,40.5176,-3.66304,40.5201
Alcobendas--piece--0-8--gCloud,"scraping-fotocasa-gCloud--12_3_2018,_2_46_43_PM",fotocasa,gCloud,1543847559000,0,0,0,0,,piece--0-8,Alcobendas,1,-3.66555,40.5176,-3.66052,40.5126,-3.66304,40.5151
Alcobendas--piece--0-9--gCloud,"scraping-fotocasa-gCloud--12_3_2018,_2_46_43_PM",fotocasa,gCloud,1543847567000,3108.11,1,0,0,,piece--0-9,Alcobendas,1,-3.66555,40.5126,-3.66052,40.5076,-3.66304,40.5101
Alcobendas--piece--1-0--gCloud,"scraping-fotocasa-gCloud--12_3_2018,_2_46_43_PM",fotocasa,gCloud,1543847576000,3536.31,10,0,0,,piece--1-0,Alcobendas,1,-3.66052,40.5578,-3.65549,40.5528,-3.658,40.5553
Alcobendas--piece--1-1--gCloud,"scraping-fotocasa-gCloud--12_3_2018,_2_46_43_PM",fotocasa,gCloud,1543847585000,3638.71,12,0,0,,piece--1-1,Alcobendas,1,-3.66052,40.5528,-3.65549,40.5478,-3.658,40.5503
Alcobendas--piece--1-2--gCloud,"scraping-fotocasa-gCloud--12_3_2018,_2_46_43_PM",fotocasa,gCloud,1543847590000,3290.11,7,10.7407,1,,piece--1-2,Alcobendas,1,-3.66052,40.5478,-3.65549,40.5428,-3.658,40.5453
Alcobendas--piece--1-3--gCloud,"scraping-fotocasa-gCloud--12_3_2018,_2_46_43_PM",fotocasa,gCloud,1543847599000,3416.5,7,0,0,,piece--1-3,Alcobendas,1,-3.66052,40.5428,-3.65549,40.5377,-3.658,40.5403
Alcobendas--piece--1-4--gCloud,"scraping-fotocasa-gCloud--12_3_2018,_2_46_43_PM",fotocasa,gCloud,1543847604000,0,0,0,0,,piece--1-4,Alcobendas,1,-3.66052,40.5377,-3.65549,40.5327,-3.658,40.5352
Alcobendas--piece--1-5--gCloud,"scraping-fotocasa-gCloud--12_3_2018,_2_46_43_PM",fotocasa,gCloud,1543847610000,0,0,0,0,,piece--1-5,Alcobendas,1,-3.66052,40.5327,-3.65549,40.5277,-3.658,40.5302
Alcobendas--piece--1-6--gCloud,"scraping-fotocasa-gCloud--12_3_2018,_2_46_43_PM",fotocasa,gCloud,1543847618000,0,0,0,0,,piece--1-6,Alcobendas,1,-3.66052,40.5277,-3.65549,40.5227,-3.658,40.5252
Alcobendas--piece--1-7--gCloud,"scraping-fotocasa-gCloud--12_3_2018,_2_46_43_PM",fotocasa,gCloud,1543847623000,3943.66,1,0,0,,piece--1-7,Alcobendas,1,-3.66052,40.5227,-3.65549,40.5176,-3.658,40.5201
Alcobendas--piece--1-8--gCloud,"scraping-fotocasa-gCloud--12_3_2018,_2_46_43_PM",fotocasa,gCloud,1543847637000,0,0,0,0,,piece--1-8,Alcobendas,1,-3.66052,40.5176,-3.65549,40.5126,-3.658,40.5151
Alcobendas--piece--1-9--gCloud,"scraping-fotocasa-gCloud--12_3_2018,_2_46_43_PM",fotocasa,gCloud,1543847646000,0,0,0,0,,piece--1-9,Alcobendas,1,-3.66052,40.5126,-3.65549,40.5076,-3.658,40.5101
Alcobendas--piece--10-0--gCloud,"scraping-fotocasa-gCloud--12_3_2018,_2_46_43_PM",fotocasa,gCloud,1543847654000,0,0,0,0,,piece--10-0,Alcobendas,1,-3.61523,40.5578,-3.61019,40.5528,-3.61271,40.5553
Alcobendas--piece--10-1--gCloud,"scraping-fotocasa-gCloud--12_3_2018,_2_46_43_PM",fotocasa,gCloud,1543847659000,0,0,9.6666,5,,piece--10-1,Alcobendas,1,-3.61523,40.5528,-3.61019,40.5478,-3.61271,40.5503
Alcobendas--piece--10-2--gCloud,"scraping-fotocasa-gCloud--12_3_2018,_2_46_43_PM",fotocasa,gCloud,1543847670000,2.14286,1,0,0,,piece--10-2,Alcobendas,1,-3.61523,40.5478,-3.61019,40.5428,-3.61271,40.5453
Alcobendas--piece--10-3--gCloud,"scraping-fotocasa-gCloud--12_3_2018,_2_46_43_PM",fotocasa,gCloud,1543847679000,2691.12,4,13.427,2,,piece--10-3,Alcobendas,1,-3.61523,40.5428,-3.61019,40.5377,-3.61271,40.5403
Alcobendas--piece--10-4--gCloud,"scraping-fotocasa-gCloud--12_3_2018,_2_46_43_PM",fotocasa,gCloud,1543847692000,0,0,0,0,,piece--10-4,Alcobendas,1,-3.61523,40.5377,-3.61019,40.5327,-3.61271,40.5352
Alcobendas--piece--10-5--gCloud,"scraping-fotocasa-gCloud--12_3_2018,_2_46_43_PM",fotocasa,gCloud,1543847701000,3.71525,1,0,0,,piece--10-5,Alcobendas,1,-3.61523,40.5327,-3.61019,40.5277,-3.61271,40.5302
Alcobendas--piece--10-6--gCloud,"scraping-fotocasa-gCloud--12_3_2018,_2_46_43_PM",fotocasa,gCloud,1543847715000,173.66,9,10.235,3,,piece--10-6,Alcobendas,1,-3.61523,40.5277,-3.61019,40.5227,-3.61271,40.5252
Alcobendas--piece--10-7--gCloud,"scraping-fotocasa-gCloud--12_3_2018,_2_46_43_PM",fotocasa,gCloud,1543847728000,5.63645,16,18.0769,3,,piece--10-7,Alcobendas,1,-3.61523,40.5227,-3.61019,40.5176,-3.61271,40.5201
Alcobendas--piece--10-8--gCloud,"scraping-fotocasa-gCloud--12_3_2018,_2_46_43_PM",fotocasa,gCloud,1543847736000,3.96157,12,0,0,,piece--10-8,Alcobendas,1,-3.61523,40.5176,-3.61019,40.5126,-3.61271,40.5151
Alcobendas--piece--10-9--gCloud,"scraping-fotocasa-gCloud--12_3_2018,_2_46_43_PM",fotocasa,gCloud,1543847742000,4.65484,13,0,0,,piece--10-9,Alcobendas,1,-3.61523,40.5126,-3.61019,40.5076,-3.61271,40.5101
Alcobendas--piece--11-0--gCloud,"scraping-fotocasa-gCloud--12_3_2018,_2_46_43_PM",fotocasa,gCloud,1543847748000,0,0,0,0,,piece--11-0,Alcobendas,1,-3.61019,40.5578,-3.60516,40.5528,-3.60768,40.5553
Alcobendas--piece--11-1--gCloud,"scraping-fotocasa-gCloud--12_3_2018,_2_46_43_PM",fotocasa,gCloud,1543847756000,3081.65,2,0,0,,piece--11-1,Alcobendas,1,-3.61019,40.5528,-3.60516,40.5478,-3.60768,40.5503
Alcobendas--piece--11-2--gCloud,"scraping-fotocasa-gCloud--12_3_2018,_2_46_43_PM",fotocasa,gCloud,1543847764000,0,0,0,0,,piece--11-2,Alcobendas,1,-3.61019,40.5478,-3.60516,40.5428,-3.60768,40.5453
Alcobendas--piece--11-3--gCloud,"scraping-fotocasa-gCloud--12_3_2018,_2_46_43_PM",fotocasa,gCloud,1543847770000,0,0,0,0,,piece--11-3,Alcobendas,1,-3.61019,40.5428,-3.60516,40.5377,-3.60768,40.5403
Alcobendas--piece--11-4--gCloud,"scraping-fotocasa-gCloud--12_3_2018,_2_46_43_PM",fotocasa,gCloud,1543847776000,0,0,0,0,,piece--11-4,Alcobendas,1,-3.61019,40.5377,-3.60516,40.5327,-3.60768,40.5352
Alcobendas--piece--11-5--gCloud,"scraping-fotocasa-gCloud--12_3_2018,_2_46_43_PM",fotocasa,gCloud,1543847788000,0,0,0,0,,piece--11-5,Alcobendas,1,-3.61019,40.5327,-3.60516,40.5277,-3.60768,40.5302
Alcobendas--piece--11-6--gCloud,"scraping-fotocasa-gCloud--12_3_2018,_2_46_43_PM",fotocasa,gCloud,1543847797000,3.96439,13,19.1587,4,,piece--11-6,Alcobendas,1,-3.61019,40.5277,-3.60516,40.5227,-3.60768,40.5252
Alcobendas--piece--11-7--gCloud,"scraping-fotocasa-gCloud--12_3_2018,_2_46_43_PM",fotocasa,gCloud,1543847806000,5.38069,17,23.5294,1,,piece--11-7,Alcobendas,1,-3.61019,40.5227,-3.60516,40.5176,-3.60768,40.5201
Alcobendas--piece--11-8--gCloud,"scraping-fotocasa-gCloud--12_3_2018,_2_46_43_PM",fotocasa,gCloud,1543847812000,3.93562,8,0,0,,piece--11-8,Alcobendas,1,-3.61019,40.5176,-3.60516,40.5126,-3.60768,40.5151
Alcobendas--piece--11-9--gCloud,"scraping-fotocasa-gCloud--12_3_2018,_2_46_43_PM",fotocasa,gCloud,1543847818000,377.794,7,0,0,,piece--11-9,Alcobendas,1,-3.61019,40.5126,-3.60516,40.5076,-3.60768,40.5101
Alcobendas--piece--12-0--gCloud,"scraping-fotocasa-gCloud--12_3_2018,_2_46_43_PM",fotocasa,gCloud,1543847827000,0,0,0,0,,piece--12-0,Alcobendas,1,-3.60516,40.5578,-3.60013,40.5528,-3.60264,40.5553
Alcobendas--piece--12-1--gCloud,"scraping-fotocasa-gCloud--12_3_2018,_2_46_43_PM",fotocasa,gCloud,1543847832000,0,0,0,0,,piece--12-1,Alcobendas,1,-3.60516,40.5528,-3.60013,40.5478,-3.60264,40.5503
Alcobendas--piece--12-2--gCloud,"scraping-fotocasa-gCloud--12_3_2018,_2_46_43_PM",fotocasa,gCloud,1543847837000,0,0,0,0,,piece--12-2,Alcobendas,1,-3.60516,40.5478,-3.60013,40.5428,-3.60264,40.5453
Alcobendas--piece--12-3--gCloud,"scraping-fotocasa-gCloud--12_3_2018,_2_46_43_PM",fotocasa,gCloud,1543847842000,0,0,0,0,,piece--12-3,Alcobendas,1,-3.60516,40.5428,-3.60013,40.5377,-3.60264,40.5403
Alcobendas--piece--12-4--gCloud,"scraping-fotocasa-gCloud--12_3_2018,_2_46_43_PM",fotocasa,gCloud,1543847853000,0,0,0,0,,piece--12-4,Alcobendas,1,-3.60516,40.5377,-3.60013,40.5327,-3.60264,40.5352
Alcobendas--piece--12-5--gCloud,"scraping-fotocasa-gCloud--12_3_2018,_2_46_43_PM",fotocasa,gCloud,1543847859000,0,0,0,0,,piece--12-5,Alcobendas,1,-3.60516,40.5327,-3.60013,40.5277,-3.60264,40.5302
Alcobendas--piece--12-6--gCloud,"scraping-fotocasa-gCloud--12_3_2018,_2_46_43_PM",fotocasa,gCloud,1543847870000,4.15982,3,0,0,,piece--12-6,Alcobendas,1,-3.60516,40.5277,-3.60013,40.5227,-3.60264,40.5252
Alcobendas--piece--12-7--gCloud,"scraping-fotocasa-gCloud--12_3_2018,_2_46_43_PM",fotocasa,gCloud,1543847879000,3.33333,1,0,0,,piece--12-7,Alcobendas,1,-3.60516,40.5227,-3.60013,40.5176,-3.60264,40.5201
Alcobendas--piece--12-8--gCloud,"scraping-fotocasa-gCloud--12_3_2018,_2_46_43_PM",fotocasa,gCloud,1543847884000,0,0,0,0,,piece--12-8,Alcobendas,1,-3.60516,40.5176,-3.60013,40.5126,-3.60264,40.5151
Alcobendas--piece--12-9--gCloud,"scraping-fotocasa-gCloud--12_3_2018,_2_46_43_PM",fotocasa,gCloud,1543847893000,0,0,16.25,1,,piece--12-9,Alcobendas,1,-3.60516,40.5126,-3.60013,40.5076,-3.60264,40.5101
Alcobendas--piece--2-0--gCloud,"scraping-fotocasa-gCloud--12_3_2018,_2_46_43_PM",fotocasa,gCloud,1543847901000,3912.76,2,0,0,,piece--2-0,Alcobendas,1,-3.65549,40.5578,-3.65046,40.5528,-3.65297,40.5553
Alcobendas--piece--2-1--gCloud,"scraping-fotocasa-gCloud--12_3_2018,_2_46_43_PM",fotocasa,gCloud,1543847909000,3412.75,6,12.6587,4,,piece--2-1,Alcobendas,1,-3.65549,40.5528,-3.65046,40.5478,-3.65297,40.5503
Alcobendas--piece--2-2--gCloud,"scraping-fotocasa-gCloud--12_3_2018,_2_46_43_PM",fotocasa,gCloud,1543847921000,3598.42,9,10.5556,2,,piece--2-2,Alcobendas,1,-3.65549,40.5478,-3.65046,40.5428,-3.65297,40.5453
Alcobendas--piece--2-3--gCloud,"scraping-fotocasa-gCloud--12_3_2018,_2_46_43_PM",fotocasa,gCloud,1543847931000,1418.31,2,8.02962,2,,piece--2-3,Alcobendas,1,-3.65549,40.5428,-3.65046,40.5377,-3.65297,40.5403
Alcobendas--piece--2-4--gCloud,"scraping-fotocasa-gCloud--12_3_2018,_2_46_43_PM",fotocasa,gCloud,1543847936000,0,0,0,0,,piece--2-4,Alcobendas,1,-3.65549,40.5377,-3.65046,40.5327,-3.65297,40.5352
Alcobendas--piece--2-5--gCloud,"scraping-fotocasa-gCloud--12_3_2018,_2_46_43_PM",fotocasa,gCloud,1543847945000,2662.37,2,0,0,,piece--2-5,Alcobendas,1,-3.65549,40.5327,-3.65046,40.5277,-3.65297,40.5302
Alcobendas--piece--2-6--gCloud,"scraping-fotocasa-gCloud--12_3_2018,_2_46_43_PM",fotocasa,gCloud,1543847953000,0,0,0,0,,piece--2-6,Alcobendas,1,-3.65549,40.5277,-3.65046,40.5227,-3.65297,40.5252
Alcobendas--piece--2-7--gCloud,"scraping-fotocasa-gCloud--12_3_2018,_2_46_43_PM",fotocasa,gCloud,1543847959000,3347.46,10,10.6017,2,,piece--2-7,Alcobendas,1,-3.65549,40.5227,-3.65046,40.5176,-3.65297,40.5201
Alcobendas--piece--2-8--gCloud,"scraping-fotocasa-gCloud--12_3_2018,_2_46_43_PM",fotocasa,gCloud,1543847968000,1960.81,10,12.2309,5,,piece--2-8,Alcobendas,1,-3.65549,40.5176,-3.65046,40.5126,-3.65297,40.5151
Alcobendas--piece--2-9--gCloud,"scraping-fotocasa-gCloud--12_3_2018,_2_46_43_PM",fotocasa,gCloud,1543847977000,1636.58,9,15.8817,4,,piece--2-9,Alcobendas,1,-3.65549,40.5126,-3.65046,40.5076,-3.65297,40.5101
Alcobendas--piece--3-0--gCloud,"scraping-fotocasa-gCloud--12_3_2018,_2_46_43_PM",fotocasa,gCloud,1543847985000,0,0,9.43878,2,,piece--3-0,Alcobendas,1,-3.65046,40.5578,-3.64542,40.5528,-3.64794,40.5553
Alcobendas--piece--3-1--gCloud,"scraping-fotocasa-gCloud--12_3_2018,_2_46_43_PM",fotocasa,gCloud,1543847991000,3276.01,3,11,1,,piece--3-1,Alcobendas,1,-3.65046,40.5528,-3.64542,40.5478,-3.64794,40.5503
Alcobendas--piece--3-2--gCloud,"scraping-fotocasa-gCloud--12_3_2018,_2_46_43_PM",fotocasa,gCloud,1543848000000,3233.33,1,0,0,,piece--3-2,Alcobendas,1,-3.65046,40.5478,-3.64542,40.5428,-3.64794,40.5453
Alcobendas--piece--3-3--gCloud,"scraping-fotocasa-gCloud--12_3_2018,_2_46_43_PM",fotocasa,gCloud,1543848006000,2479.1,2,0,0,,piece--3-3,Alcobendas,1,-3.65046,40.5428,-3.64542,40.5377,-3.64794,40.5403
Alcobendas--piece--3-4--gCloud,"scraping-fotocasa-gCloud--12_3_2018,_2_46_43_PM",fotocasa,gCloud,1543848014000,0,0,0,0,,piece--3-4,Alcobendas,1,-3.65046,40.5377,-3.64542,40.5327,-3.64794,40.5352
Alcobendas--piece--3-5--gCloud,"scraping-fotocasa-gCloud--12_3_2018,_2_46_43_PM",fotocasa,gCloud,1543848023000,2080,1,8.10935,5,,piece--3-5,Alcobendas,1,-3.65046,40.5327,-3.64542,40.5277,-3.64794,40.5302
Alcobendas--piece--3-6--gCloud,"scraping-fotocasa-gCloud--12_3_2018,_2_46_43_PM",fotocasa,gCloud,1543848028000,3.7759,5,0,0,,piece--3-6,Alcobendas,1,-3.65046,40.5277,-3.64542,40.5227,-3.64794,40.5252
Alcobendas--piece--3-7--gCloud,"scraping-fotocasa-gCloud--12_3_2018,_2_46_43_PM",fotocasa,gCloud,1543848034000,1536.4,19,14.8667,7,,piece--3-7,Alcobendas,1,-3.65046,40.5227,-3.64542,40.5176,-3.64794,40.5201
Alcobendas--piece--3-8--gCloud,"scraping-fotocasa-gCloud--12_3_2018,_2_46_43_PM",fotocasa,gCloud,1543848044000,5.78947,1,0,0,,piece--3-8,Alcobendas,1,-3.65046,40.5176,-3.64542,40.5126,-3.64794,40.5151
Alcobendas--piece--3-9--gCloud,"scraping-fotocasa-gCloud--12_3_2018,_2_46_43_PM",fotocasa,gCloud,1543848052000,1113.79,30,14.3606,7,,piece--3-9,Alcobendas,1,-3.65046,40.5126,-3.64542,40.5076,-3.64794,40.5101
Alcobendas--piece--4-0--gCloud,"scraping-fotocasa-gCloud--12_3_2018,_2_46_43_PM",fotocasa,gCloud,1543848060000,2532.04,7,10.2917,3,,piece--4-0,Alcobendas,1,-3.64542,40.5578,-3.64039,40.5528,-3.64291,40.5553
Alcobendas--piece--4-1--gCloud,"scraping-fotocasa-gCloud--12_3_2018,_2_46_43_PM",fotocasa,gCloud,1543848066000,2509.58,11,9.9,1,,piece--4-1,Alcobendas,1,-3.64542,40.5528,-3.64039,40.5478,-3.64291,40.5503
Alcobendas--piece--4-2--gCloud,"scraping-fotocasa-gCloud--12_3_2018,_2_46_43_PM",fotocasa,gCloud,1543848081000,2227.15,13,12.1569,3,,piece--4-2,Alcobendas,1,-3.64542,40.5478,-3.64039,40.5428,-3.64291,40.5453
Alcobendas--piece--4-3--gCloud,"scraping-fotocasa-gCloud--12_3_2018,_2_46_43_PM",fotocasa,gCloud,1543848090000,1786.25,7,9.9835,3,,piece--4-3,Alcobendas,1,-3.64542,40.5428,-3.64039,40.5377,-3.64291,40.5403
Alcobendas--piece--4-4--gCloud,"scraping-fotocasa-gCloud--12_3_2018,_2_46_43_PM",fotocasa,gCloud,1543848100000,2792,1,0,0,,piece--4-4,Alcobendas,1,-3.64542,40.5377,-3.64039,40.5327,-3.64291,40.5352
Alcobendas--piece--4-5--gCloud,"scraping-fotocasa-gCloud--12_3_2018,_2_46_43_PM",fotocasa,gCloud,1543848105000,0,0,0,0,,piece--4-5,Alcobendas,1,-3.64542,40.5327,-3.64039,40.5277,-3.64291,40.5302
Alcobendas--piece--4-6--gCloud,"scraping-fotocasa-gCloud--12_3_2018,_2_46_43_PM",fotocasa,gCloud,1543848115000,3029.01,7,12.2965,3,,piece--4-6,Alcobendas,1,-3.64542,40.5277,-3.64039,40.5227,-3.64291,40.5252
Alcobendas--piece--4-7--gCloud,"scraping-fotocasa-gCloud--12_3_2018,_2_46_43_PM",fotocasa,gCloud,1543848121000,1591.86,28,13.1603,10,,piece--4-7,Alcobendas,1,-3.64542,40.5227,-3.64039,40.5176,-3.64291,40.5201
Alcobendas--piece--4-8--gCloud,"scraping-fotocasa-gCloud--12_3_2018,_2_46_43_PM",fotocasa,gCloud,1543848132000,4.08828,8,0,0,,piece--4-8,Alcobendas,1,-3.64542,40.5176,-3.64039,40.5126,-3.64291,40.5151
Alcobendas--piece--4-9--gCloud,"scraping-fotocasa-gCloud--12_3_2018,_2_46_43_PM",fotocasa,gCloud,1543848141000,3383.45,17,15.6265,5,,piece--4-9,Alcobendas,1,-3.64542,40.5126,-3.64039,40.5076,-3.64291,40.5101
Alcobendas--piece--5-0--gCloud,"scraping-fotocasa-gCloud--12_3_2018,_2_46_43_PM",fotocasa,gCloud,1543848152000,2613.92,9,0,0,,piece--5-0,Alcobendas,1,-3.64039,40.5578,-3.63536,40.5528,-3.63787,40.5553
Alcobendas--piece--5-1--gCloud,"scraping-fotocasa-gCloud--12_3_2018,_2_46_43_PM",fotocasa,gCloud,1543848158000,2456.31,21,12.5,1,,piece--5-1,Alcobendas,1,-3.64039,40.5528,-3.63536,40.5478,-3.63787,40.5503
Alcobendas--piece--5-2--gCloud,"scraping-fotocasa-gCloud--12_3_2018,_2_46_43_PM",fotocasa,gCloud,1543848167000,2228.78,7,13.8462,1,,piece--5-2,Alcobendas,1,-3.64039,40.5478,-3.63536,40.5428,-3.63787,40.5453
Alcobendas--piece--5-3--gCloud,"scraping-fotocasa-gCloud--12_3_2018,_2_46_43_PM",fotocasa,gCloud,1543848175000,2165.21,22,11.3722,5,,piece--5-3,Alcobendas,1,-3.64039,40.5428,-3.63536,40.5377,-3.63787,40.5403
Alcobendas--piece--5-4--gCloud,"scraping-fotocasa-gCloud--12_3_2018,_2_46_43_PM",fotocasa,gCloud,1543848181000,2897.81,11,11.5752,2,,piece--5-4,Alcobendas,1,-3.64039,40.5377,-3.63536,40.5327,-3.63787,40.5352
Alcobendas--piece--5-5--gCloud,"scraping-fotocasa-gCloud--12_3_2018,_2_46_43_PM",fotocasa,gCloud,1543848192000,3886.54,9,13.6184,2,,piece--5-5,Alcobendas,1,-3.64039,40.5327,-3.63536,40.5277,-3.63787,40.5302
Alcobendas--piece--5-6--gCloud,"scraping-fotocasa-gCloud--12_3_2018,_2_46_43_PM",fotocasa,gCloud,1543848201000,4.9004,13,16.6024,2,,piece--5-6,Alcobendas,1,-3.64039,40.5277,-3.63536,40.5227,-3.63787,40.5252
Alcobendas--piece--5-7--gCloud,"scraping-fotocasa-gCloud--12_3_2018,_2_46_43_PM",fotocasa,gCloud,1543848213000,2154.66,11,13.6009,3,,piece--5-7,Alcobendas,1,-3.64039,40.5227,-3.63536,40.5176,-3.63787,40.5201
Alcobendas--piece--5-8--gCloud,"scraping-fotocasa-gCloud--12_3_2018,_2_46_43_PM",fotocasa,gCloud,1543848218000,4.31742,4,0,0,,piece--5-8,Alcobendas,1,-3.64039,40.5176,-3.63536,40.5126,-3.63787,40.5151
Alcobendas--piece--5-9--gCloud,"scraping-fotocasa-gCloud--12_3_2018,_2_46_43_PM",fotocasa,gCloud,1543848227000,3150.72,5,15.3229,6,,piece--5-9,Alcobendas,1,-3.64039,40.5126,-3.63536,40.5076,-3.63787,40.5101
Alcobendas--piece--6-0--gCloud,"scraping-fotocasa-gCloud--12_3_2018,_2_46_43_PM",fotocasa,gCloud,1543848232000,2449.6,3,0,0,,piece--6-0,Alcobendas,1,-3.63536,40.5578,-3.63032,40.5528,-3.63284,40.5553
Alcobendas--piece--6-1--gCloud,"scraping-fotocasa-gCloud--12_3_2018,_2_46_43_PM",fotocasa,gCloud,1543848243000,2579.7,29,12.6271,1,,piece--6-1,Alcobendas,1,-3.63536,40.5528,-3.63032,40.5478,-3.63284,40.5503
Alcobendas--piece--6-2--gCloud,"scraping-fotocasa-gCloud--12_3_2018,_2_46_43_PM",fotocasa,gCloud,1543848249000,2321.75,28,9.88506,2,,piece--6-2,Alcobendas,1,-3.63536,40.5478,-3.63032,40.5428,-3.63284,40.5453
Alcobendas--piece--6-3--gCloud,"scraping-fotocasa-gCloud--12_3_2018,_2_46_43_PM",fotocasa,gCloud,1543848255000,2346.62,24,11.3141,3,,piece--6-3,Alcobendas,1,-3.63536,40.5428,-3.63032,40.5377,-3.63284,40.5403
Alcobendas--piece--6-4--gCloud,"scraping-fotocasa-gCloud--12_3_2018,_2_46_43_PM",fotocasa,gCloud,1543848261000,2.86458,1,20.8333,1,,piece--6-4,Alcobendas,1,-3.63536,40.5377,-3.63032,40.5327,-3.63284,40.5352
Alcobendas--piece--6-5--gCloud,"scraping-fotocasa-gCloud--12_3_2018,_2_46_43_PM",fotocasa,gCloud,1543848269000,3759.26,3,10,1,,piece--6-5,Alcobendas,1,-3.63536,40.5327,-3.63032,40.5277,-3.63284,40.5302
Alcobendas--piece--6-6--gCloud,"scraping-fotocasa-gCloud--12_3_2018,_2_46_43_PM",fotocasa,gCloud,1543848278000,3056.54,10,11.9048,1,,piece--6-6,Alcobendas,1,-3.63536,40.5277,-3.63032,40.5227,-3.63284,40.5252
Alcobendas--piece--6-7--gCloud,"scraping-fotocasa-gCloud--12_3_2018,_2_46_43_PM",fotocasa,gCloud,1543848290000,1505.82,9,13.4783,1,,piece--6-7,Alcobendas,1,-3.63536,40.5227,-3.63032,40.5176,-3.63284,40.5201
Alcobendas--piece--6-8--gCloud,"scraping-fotocasa-gCloud--12_3_2018,_2_46_43_PM",fotocasa,gCloud,1543848298000,4.85094,2,0,0,,piece--6-8,Alcobendas,1,-3.63536,40.5176,-3.63032,40.5126,-3.63284,40.5151
Alcobendas--piece--6-9--gCloud,"scraping-fotocasa-gCloud--12_3_2018,_2_46_43_PM",fotocasa,gCloud,1543848304000,5.04992,16,25,1,,piece--6-9,Alcobendas,1,-3.63536,40.5126,-3.63032,40.5076,-3.63284,40.5101
Alcobendas--piece--7-0--gCloud,"scraping-fotocasa-gCloud--12_3_2018,_2_46_43_PM",fotocasa,gCloud,1543848313000,2452.15,19,13.0952,1,,piece--7-0,Alcobendas,1,-3.63032,40.5578,-3.62529,40.5528,-3.62781,40.5553
Alcobendas--piece--7-1--gCloud,"scraping-fotocasa-gCloud--12_3_2018,_2_46_43_PM",fotocasa,gCloud,1543848326000,2285.18,22,11.0679,6,,piece--7-1,Alcobendas,1,-3.63032,40.5528,-3.62529,40.5478,-3.62781,40.5503
Alcobendas--piece--7-2--gCloud,"scraping-fotocasa-gCloud--12_3_2018,_2_46_43_PM",fotocasa,gCloud,1543848333000,2609.7,29,8.08823,1,,piece--7-2,Alcobendas,1,-3.63032,40.5478,-3.62529,40.5428,-3.62781,40.5453
Alcobendas--piece--7-3--gCloud,"scraping-fotocasa-gCloud--12_3_2018,_2_46_43_PM",fotocasa,gCloud,1543848342000,2186.74,10,10.625,1,,piece--7-3,Alcobendas,1,-3.63032,40.5428,-3.62529,40.5377,-3.62781,40.5403
Alcobendas--piece--7-4--gCloud,"scraping-fotocasa-gCloud--12_3_2018,_2_46_43_PM",fotocasa,gCloud,1543848347000,3458.89,6,11.1857,2,,piece--7-4,Alcobendas,1,-3.63032,40.5377,-3.62529,40.5327,-3.62781,40.5352
Alcobendas--piece--7-5--gCloud,"scraping-fotocasa-gCloud--12_3_2018,_2_46_43_PM",fotocasa,gCloud,1543848359000,3.3,1,0,0,,piece--7-5,Alcobendas,1,-3.63032,40.5327,-3.62529,40.5277,-3.62781,40.5302
Alcobendas--piece--7-6--gCloud,"scraping-fotocasa-gCloud--12_3_2018,_2_46_43_PM",fotocasa,gCloud,1543848367000,4.09949,3,0,0,,piece--7-6,Alcobendas,1,-3.63032,40.5277,-3.62529,40.5227,-3.62781,40.5252
Alcobendas--piece--7-7--gCloud,"scraping-fotocasa-gCloud--12_3_2018,_2_46_43_PM",fotocasa,gCloud,1543848373000,4.375,1,0,0,,piece--7-7,Alcobendas,1,-3.63032,40.5227,-3.62529,40.5176,-3.62781,40.5201
Alcobendas--piece--7-8--gCloud,"scraping-fotocasa-gCloud--12_3_2018,_2_46_43_PM",fotocasa,gCloud,1543848378000,6.97091,4,0,0,,piece--7-8,Alcobendas,1,-3.63032,40.5176,-3.62529,40.5126,-3.62781,40.5151
Alcobendas--piece--7-9--gCloud,"scraping-fotocasa-gCloud--12_3_2018,_2_46_43_PM",fotocasa,gCloud,1543848388000,4.22254,20,16.3678,3,,piece--7-9,Alcobendas,1,-3.63032,40.5126,-3.62529,40.5076,-3.62781,40.5101
Alcobendas--piece--8-0--gCloud,"scraping-fotocasa-gCloud--12_3_2018,_2_46_43_PM",fotocasa,gCloud,1543848397000,2585.16,4,0,0,,piece--8-0,Alcobendas,1,-3.62529,40.5578,-3.62026,40.5528,-3.62278,40.5553
Alcobendas--piece--8-1--gCloud,"scraping-fotocasa-gCloud--12_3_2018,_2_46_43_PM",fotocasa,gCloud,1543848411000,2100.41,4,0,0,,piece--8-1,Alcobendas,1,-3.62529,40.5528,-3.62026,40.5478,-3.62278,40.5503
Alcobendas--piece--8-2--gCloud,"scraping-fotocasa-gCloud--12_3_2018,_2_46_43_PM",fotocasa,gCloud,1543848420000,2791.72,11,10.3926,6,,piece--8-2,Alcobendas,1,-3.62529,40.5478,-3.62026,40.5428,-3.62278,40.5453
Alcobendas--piece--8-3--gCloud,"scraping-fotocasa-gCloud--12_3_2018,_2_46_43_PM",fotocasa,gCloud,1543848429000,3030.26,22,11.2618,8,,piece--8-3,Alcobendas,1,-3.62529,40.5428,-3.62026,40.5377,-3.62278,40.5403
Alcobendas--piece--8-4--gCloud,"scraping-fotocasa-gCloud--12_3_2018,_2_46_43_PM",fotocasa,gCloud,1543848438000,1974.97,4,9.14286,1,,piece--8-4,Alcobendas,1,-3.62529,40.5377,-3.62026,40.5327,-3.62278,40.5352
Alcobendas--piece--8-5--gCloud,"scraping-fotocasa-gCloud--12_3_2018,_2_46_43_PM",fotocasa,gCloud,1543848449000,4.25567,5,0,0,,piece--8-5,Alcobendas,1,-3.62529,40.5327,-3.62026,40.5277,-3.62278,40.5302
Alcobendas--piece--8-6--gCloud,"scraping-fotocasa-gCloud--12_3_2018,_2_46_43_PM",fotocasa,gCloud,1543848456000,5.53391,3,0,0,,piece--8-6,Alcobendas,1,-3.62529,40.5277,-3.62026,40.5227,-3.62278,40.5252
Alcobendas--piece--8-7--gCloud,"scraping-fotocasa-gCloud--12_3_2018,_2_46_43_PM",fotocasa,gCloud,1543848467000,8.75,1,0,0,,piece--8-7,Alcobendas,1,-3.62529,40.5227,-3.62026,40.5176,-3.62278,40.5201
Alcobendas--piece--8-8--gCloud,"scraping-fotocasa-gCloud--12_3_2018,_2_46_43_PM",fotocasa,gCloud,1543848476000,5.60114,10,0,0,,piece--8-8,Alcobendas,1,-3.62529,40.5176,-3.62026,40.5126,-3.62278,40.5151
Alcobendas--piece--8-9--gCloud,"scraping-fotocasa-gCloud--12_3_2018,_2_46_43_PM",fotocasa,gCloud,1543848482000,4.56393,14,0,0,,piece--8-9,Alcobendas,1,-3.62529,40.5126,-3.62026,40.5076,-3.62278,40.5101
Alcobendas--piece--9-0--gCloud,"scraping-fotocasa-gCloud--12_3_2018,_2_46_43_PM",fotocasa,gCloud,1543848490000,2410.71,7,12.9167,2,,piece--9-0,Alcobendas,1,-3.62026,40.5578,-3.61523,40.5528,-3.61774,40.5553
Alcobendas--piece--9-1--gCloud,"scraping-fotocasa-gCloud--12_3_2018,_2_46_43_PM",fotocasa,gCloud,1543848496000,1502.34,4,0,0,,piece--9-1,Alcobendas,1,-3.62026,40.5528,-3.61523,40.5478,-3.61774,40.5503
Alcobendas--piece--9-2--gCloud,"scraping-fotocasa-gCloud--12_3_2018,_2_46_43_PM",fotocasa,gCloud,1543848502000,2427.58,18,11.1637,10,,piece--9-2,Alcobendas,1,-3.62026,40.5478,-3.61523,40.5428,-3.61774,40.5453
Alcobendas--piece--9-3--gCloud,"scraping-fotocasa-gCloud--12_3_2018,_2_46_43_PM",fotocasa,gCloud,1543848513000,4261.9,3,8.49537,2,,piece--9-3,Alcobendas,1,-3.62026,40.5428,-3.61523,40.5377,-3.61774,40.5403
Alcobendas--piece--9-4--gCloud,"scraping-fotocasa-gCloud--12_3_2018,_2_46_43_PM",fotocasa,gCloud,1543848518000,4.19847,1,0,0,,piece--9-4,Alcobendas,1,-3.62026,40.5377,-3.61523,40.5327,-3.61774,40.5352
Alcobendas--piece--9-5--gCloud,"scraping-fotocasa-gCloud--12_3_2018,_2_46_43_PM",fotocasa,gCloud,1543848527000,4.99582,7,0,0,,piece--9-5,Alcobendas,1,-3.62026,40.5327,-3.61523,40.5277,-3.61774,40.5302
Alcobendas--piece--9-6--gCloud,"scraping-fotocasa-gCloud--12_3_2018,_2_46_43_PM",fotocasa,gCloud,1543848539000,4.79671,3,0,0,,piece--9-6,Alcobendas,1,-3.62026,40.5277,-3.61523,40.5227,-3.61774,40.5252
Alcobendas--piece--9-7--gCloud,"scraping-fotocasa-gCloud--12_3_2018,_2_46_43_PM",fotocasa,gCloud,1543848545000,4.48638,6,0,0,,piece--9-7,Alcobendas,1,-3.62026,40.5227,-3.61523,40.5176,-3.61774,40.5201
Alcobendas--piece--9-8--gCloud,"scraping-fotocasa-gCloud--12_3_2018,_2_46_43_PM",fotocasa,gCloud,1543848558000,3.81726,8,15,1,,piece--9-8,Alcobendas,1,-3.62026,40.5176,-3.61523,40.5126,-3.61774,40.5151
Alcobendas--piece--9-9--gCloud,"scraping-fotocasa-gCloud--12_3_2018,_2_46_43_PM",fotocasa,gCloud,1543848567000,5.07358,15,20.8333,1,,piece--9-9,Alcobendas,1,-3.62026,40.5126,-3.61523,40.5076,-3.61774,40.5101
