piece_id,scraping_id,app_id,device_id,date_scraped,average_prize_buy,number_of_ads_buy,average_prize_rent,number_of_ads_rent,extra_data,piece_name,city_name,scraped,bounding_box1_x,bounding_box1_y,bounding_box2_x,bounding_box2_y,center_point_x,center_point_y,geojson_coordinates,method
Alcorcón--piece--0-0--raspberry3bp,scraping-airbnb-raspberry3bp--2018-11-29_14_04_43,airbnb,raspberry3bp,1544168880000,0,0,0,0,,piece--0-0,Alcorcón,1,-3.86149,40.3638,-3.85623,40.3583,-3.85886,40.3611,,
Alcorcón--piece--0-1--raspberry3bp,scraping-airbnb-raspberry3bp--2018-11-29_14_04_43,airbnb,raspberry3bp,1544168891000,0,0,0,0,,piece--0-1,Alcorcón,1,-3.86149,40.3583,-3.85623,40.3528,-3.85886,40.3556,,
Alcorcón--piece--0-2--raspberry3bp,scraping-airbnb-raspberry3bp--2018-11-29_14_04_43,airbnb,raspberry3bp,1544168909000,0,0,0,0,,piece--0-2,Alcorcón,1,-3.86149,40.3528,-3.85623,40.3473,-3.85886,40.35,,
Alcorcón--piece--0-3--raspberry3bp,scraping-airbnb-raspberry3bp--2018-11-29_14_04_43,airbnb,raspberry3bp,1544168924000,0,0,0,0,,piece--0-3,Alcorcón,1,-3.86149,40.3473,-3.85623,40.3418,-3.85886,40.3445,,
Alcorcón--piece--0-4--raspberry3bp,scraping-airbnb-raspberry3bp--2018-11-29_14_04_43,airbnb,raspberry3bp,1544168941000,0,0,0,0,,piece--0-4,Alcorcón,1,-3.86149,40.3418,-3.85623,40.3362,-3.85886,40.339,,
Alcorcón--piece--0-5--raspberry3bp,scraping-airbnb-raspberry3bp--2018-11-29_14_04_43,airbnb,raspberry3bp,1544168955000,0,0,0,0,,piece--0-5,Alcorcón,1,-3.86149,40.3362,-3.85623,40.3307,-3.85886,40.3335,,
Alcorcón--piece--0-6--raspberry3bp,scraping-airbnb-raspberry3bp--2018-11-29_14_04_43,airbnb,raspberry3bp,1544168971000,0,0,0,3,,piece--0-6,Alcorcón,1,-3.86149,40.3307,-3.85623,40.3252,-3.85886,40.3279,,
Alcorcón--piece--1-0--raspberry3bp,scraping-airbnb-raspberry3bp--2018-11-29_14_04_43,airbnb,raspberry3bp,1544168985000,0,0,0,0,,piece--1-0,Alcorcón,1,-3.85623,40.3638,-3.85097,40.3583,-3.8536,40.3611,,
Alcorcón--piece--1-1--raspberry3bp,scraping-airbnb-raspberry3bp--2018-11-29_14_04_43,airbnb,raspberry3bp,1544168999000,0,0,0,0,,piece--1-1,Alcorcón,1,-3.85623,40.3583,-3.85097,40.3528,-3.8536,40.3556,,
Alcorcón--piece--1-2--raspberry3bp,scraping-airbnb-raspberry3bp--2018-11-29_14_04_43,airbnb,raspberry3bp,1544169013000,0,0,0,0,,piece--1-2,Alcorcón,1,-3.85623,40.3528,-3.85097,40.3473,-3.8536,40.35,,
Alcorcón--piece--1-3--raspberry3bp,scraping-airbnb-raspberry3bp--2018-11-29_14_04_43,airbnb,raspberry3bp,1544169030000,0,0,0,0,,piece--1-3,Alcorcón,1,-3.85623,40.3473,-3.85097,40.3418,-3.8536,40.3445,,
Alcorcón--piece--1-4--raspberry3bp,scraping-airbnb-raspberry3bp--2018-11-29_14_04_43,airbnb,raspberry3bp,1544169047000,0,0,0,0,,piece--1-4,Alcorcón,1,-3.85623,40.3418,-3.85097,40.3362,-3.8536,40.339,,
Alcorcón--piece--1-5--raspberry3bp,scraping-airbnb-raspberry3bp--2018-11-29_14_04_43,airbnb,raspberry3bp,1544169064000,0,0,0,0,,piece--1-5,Alcorcón,1,-3.85623,40.3362,-3.85097,40.3307,-3.8536,40.3335,,
Alcorcón--piece--1-6--raspberry3bp,scraping-airbnb-raspberry3bp--2018-11-29_14_04_43,airbnb,raspberry3bp,1544169079000,0,0,1,1,,piece--1-6,Alcorcón,1,-3.85623,40.3307,-3.85097,40.3252,-3.8536,40.3279,,
Alcorcón--piece--10-0--raspberry3bp,scraping-airbnb-raspberry3bp--2018-11-29_14_04_43,airbnb,raspberry3bp,1544169099000,0,0,0,0,,piece--10-0,Alcorcón,1,-3.80891,40.3638,-3.80365,40.3583,-3.80628,40.3611,,
Alcorcón--piece--10-1--raspberry3bp,scraping-airbnb-raspberry3bp--2018-11-29_14_04_43,airbnb,raspberry3bp,1544169115000,0,0,0,2,,piece--10-1,Alcorcón,1,-3.80891,40.3583,-3.80365,40.3528,-3.80628,40.3556,,
Alcorcón--piece--10-2--raspberry3bp,scraping-airbnb-raspberry3bp--2018-11-29_14_04_43,airbnb,raspberry3bp,1544169132000,0,0,0,0,,piece--10-2,Alcorcón,1,-3.80891,40.3528,-3.80365,40.3473,-3.80628,40.35,,
Alcorcón--piece--10-3--raspberry3bp,scraping-airbnb-raspberry3bp--2018-11-29_14_04_43,airbnb,raspberry3bp,1544169147000,0,0,0,0,,piece--10-3,Alcorcón,1,-3.80891,40.3473,-3.80365,40.3418,-3.80628,40.3445,,
Alcorcón--piece--10-4--raspberry3bp,scraping-airbnb-raspberry3bp--2018-11-29_14_04_43,airbnb,raspberry3bp,1544169167000,0,0,0,0,,piece--10-4,Alcorcón,1,-3.80891,40.3418,-3.80365,40.3362,-3.80628,40.339,,
Alcorcón--piece--10-5--raspberry3bp,scraping-airbnb-raspberry3bp--2018-11-29_14_04_43,airbnb,raspberry3bp,1544169181000,0,0,0,0,,piece--10-5,Alcorcón,1,-3.80891,40.3362,-3.80365,40.3307,-3.80628,40.3335,,
Alcorcón--piece--10-6--raspberry3bp,scraping-airbnb-raspberry3bp--2018-11-29_14_04_43,airbnb,raspberry3bp,1544169193000,0,0,0,0,,piece--10-6,Alcorcón,1,-3.80891,40.3307,-3.80365,40.3252,-3.80628,40.3279,,
Alcorcón--piece--11-0--raspberry3bp,scraping-airbnb-raspberry3bp--2018-11-29_14_04_43,airbnb,raspberry3bp,1544169212000,0,0,0,0,,piece--11-0,Alcorcón,1,-3.80365,40.3638,-3.79839,40.3583,-3.80102,40.3611,,
Alcorcón--piece--11-1--raspberry3bp,scraping-airbnb-raspberry3bp--2018-11-29_14_04_43,airbnb,raspberry3bp,1544169227000,0,0,2,2,,piece--11-1,Alcorcón,1,-3.80365,40.3583,-3.79839,40.3528,-3.80102,40.3556,,
Alcorcón--piece--11-2--raspberry3bp,scraping-airbnb-raspberry3bp--2018-11-29_14_04_43,airbnb,raspberry3bp,1544169241000,0,0,0,1,,piece--11-2,Alcorcón,1,-3.80365,40.3528,-3.79839,40.3473,-3.80102,40.35,,
Alcorcón--piece--11-3--raspberry3bp,scraping-airbnb-raspberry3bp--2018-11-29_14_04_43,airbnb,raspberry3bp,1544169258000,0,0,0,0,,piece--11-3,Alcorcón,1,-3.80365,40.3473,-3.79839,40.3418,-3.80102,40.3445,,
Alcorcón--piece--11-4--raspberry3bp,scraping-airbnb-raspberry3bp--2018-11-29_14_04_43,airbnb,raspberry3bp,1544169275000,0,0,0,0,,piece--11-4,Alcorcón,1,-3.80365,40.3418,-3.79839,40.3362,-3.80102,40.339,,
Alcorcón--piece--11-5--raspberry3bp,scraping-airbnb-raspberry3bp--2018-11-29_14_04_43,airbnb,raspberry3bp,1544169289000,0,0,0,0,,piece--11-5,Alcorcón,1,-3.80365,40.3362,-3.79839,40.3307,-3.80102,40.3335,,
Alcorcón--piece--11-6--raspberry3bp,scraping-airbnb-raspberry3bp--2018-11-29_14_04_43,airbnb,raspberry3bp,1544169302000,0,0,0,0,,piece--11-6,Alcorcón,1,-3.80365,40.3307,-3.79839,40.3252,-3.80102,40.3279,,
Alcorcón--piece--12-0--raspberry3bp,scraping-airbnb-raspberry3bp--2018-11-29_14_04_43,airbnb,raspberry3bp,1544169322000,0,0,0,0,,piece--12-0,Alcorcón,1,-3.79839,40.3638,-3.79313,40.3583,-3.79576,40.3611,,
Alcorcón--piece--12-1--raspberry3bp,scraping-airbnb-raspberry3bp--2018-11-29_14_04_43,airbnb,raspberry3bp,1544169339000,0,0,0,0,,piece--12-1,Alcorcón,1,-3.79839,40.3583,-3.79313,40.3528,-3.79576,40.3556,,
Alcorcón--piece--12-2--raspberry3bp,scraping-airbnb-raspberry3bp--2018-11-29_14_04_43,airbnb,raspberry3bp,1544169355000,0,0,0,0,,piece--12-2,Alcorcón,1,-3.79839,40.3528,-3.79313,40.3473,-3.79576,40.35,,
Alcorcón--piece--12-3--raspberry3bp,scraping-airbnb-raspberry3bp--2018-11-29_14_04_43,airbnb,raspberry3bp,1544169382000,0,0,0,0,,piece--12-3,Alcorcón,1,-3.79839,40.3473,-3.79313,40.3418,-3.79576,40.3445,,
Alcorcón--piece--12-4--raspberry3bp,scraping-airbnb-raspberry3bp--2018-11-29_14_04_43,airbnb,raspberry3bp,1544169405000,0,0,0,0,,piece--12-4,Alcorcón,1,-3.79839,40.3418,-3.79313,40.3362,-3.79576,40.339,,
Alcorcón--piece--12-5--raspberry3bp,scraping-airbnb-raspberry3bp--2018-11-29_14_04_43,airbnb,raspberry3bp,1544169417000,0,0,0,0,,piece--12-5,Alcorcón,1,-3.79839,40.3362,-3.79313,40.3307,-3.79576,40.3335,,
Alcorcón--piece--12-6--raspberry3bp,scraping-airbnb-raspberry3bp--2018-11-29_14_04_43,airbnb,raspberry3bp,1544169440000,0,0,0,0,,piece--12-6,Alcorcón,1,-3.79839,40.3307,-3.79313,40.3252,-3.79576,40.3279,,
Alcorcón--piece--2-0--raspberry3bp,scraping-airbnb-raspberry3bp--2018-11-29_14_04_43,airbnb,raspberry3bp,1544169455000,0,0,0,0,,piece--2-0,Alcorcón,1,-3.85097,40.3638,-3.84571,40.3583,-3.84834,40.3611,,
Alcorcón--piece--2-1--raspberry3bp,scraping-airbnb-raspberry3bp--2018-11-29_14_04_43,airbnb,raspberry3bp,1544169470000,0,0,0,0,,piece--2-1,Alcorcón,1,-3.85097,40.3583,-3.84571,40.3528,-3.84834,40.3556,,
Alcorcón--piece--2-2--raspberry3bp,scraping-airbnb-raspberry3bp--2018-11-29_14_04_43,airbnb,raspberry3bp,1544169486000,0,0,0,0,,piece--2-2,Alcorcón,1,-3.85097,40.3528,-3.84571,40.3473,-3.84834,40.35,,
Alcorcón--piece--2-3--raspberry3bp,scraping-airbnb-raspberry3bp--2018-11-29_14_04_43,airbnb,raspberry3bp,1544169512000,0,0,0,0,,piece--2-3,Alcorcón,1,-3.85097,40.3473,-3.84571,40.3418,-3.84834,40.3445,,
Alcorcón--piece--2-4--raspberry3bp,scraping-airbnb-raspberry3bp--2018-11-29_14_04_43,airbnb,raspberry3bp,1544169530000,0,0,0,0,,piece--2-4,Alcorcón,1,-3.85097,40.3418,-3.84571,40.3362,-3.84834,40.339,,
Alcorcón--piece--2-5--raspberry3bp,scraping-airbnb-raspberry3bp--2018-11-29_14_04_43,airbnb,raspberry3bp,1544169549000,0,0,0,0,,piece--2-5,Alcorcón,1,-3.85097,40.3362,-3.84571,40.3307,-3.84834,40.3335,,
Alcorcón--piece--2-6--raspberry3bp,scraping-airbnb-raspberry3bp--2018-11-29_14_04_43,airbnb,raspberry3bp,1544169568000,0,0,0,0,,piece--2-6,Alcorcón,1,-3.85097,40.3307,-3.84571,40.3252,-3.84834,40.3279,,
Alcorcón--piece--3-0--raspberry3bp,scraping-airbnb-raspberry3bp--2018-11-29_14_04_43,airbnb,raspberry3bp,1544169584000,0,0,0,0,,piece--3-0,Alcorcón,1,-3.84571,40.3638,-3.84046,40.3583,-3.84309,40.3611,,
Alcorcón--piece--3-1--raspberry3bp,scraping-airbnb-raspberry3bp--2018-11-29_14_04_43,airbnb,raspberry3bp,1544169596000,0,0,0,0,,piece--3-1,Alcorcón,1,-3.84571,40.3583,-3.84046,40.3528,-3.84309,40.3556,,
Alcorcón--piece--3-2--raspberry3bp,scraping-airbnb-raspberry3bp--2018-11-29_14_04_43,airbnb,raspberry3bp,1544169611000,0,0,0,0,,piece--3-2,Alcorcón,1,-3.84571,40.3528,-3.84046,40.3473,-3.84309,40.35,,
Alcorcón--piece--3-3--raspberry3bp,scraping-airbnb-raspberry3bp--2018-11-29_14_04_43,airbnb,raspberry3bp,1544169628000,0,0,1,2,,piece--3-3,Alcorcón,1,-3.84571,40.3473,-3.84046,40.3418,-3.84309,40.3445,,
Alcorcón--piece--3-4--raspberry3bp,scraping-airbnb-raspberry3bp--2018-11-29_14_04_43,airbnb,raspberry3bp,1544169640000,0,0,0,0,,piece--3-4,Alcorcón,1,-3.84571,40.3418,-3.84046,40.3362,-3.84309,40.339,,
Alcorcón--piece--3-5--raspberry3bp,scraping-airbnb-raspberry3bp--2018-11-29_14_04_43,airbnb,raspberry3bp,1544169660000,0,0,1,1,,piece--3-5,Alcorcón,1,-3.84571,40.3362,-3.84046,40.3307,-3.84309,40.3335,,
Alcorcón--piece--3-6--raspberry3bp,scraping-airbnb-raspberry3bp--2018-11-29_14_04_43,airbnb,raspberry3bp,1544169679000,0,0,0,0,,piece--3-6,Alcorcón,1,-3.84571,40.3307,-3.84046,40.3252,-3.84309,40.3279,,
Alcorcón--piece--4-0--raspberry3bp,scraping-airbnb-raspberry3bp--2018-11-29_14_04_43,airbnb,raspberry3bp,1544169693000,0,0,0,0,,piece--4-0,Alcorcón,1,-3.84046,40.3638,-3.8352,40.3583,-3.83783,40.3611,,
Alcorcón--piece--4-1--raspberry3bp,scraping-airbnb-raspberry3bp--2018-11-29_14_04_43,airbnb,raspberry3bp,1544169710000,0,0,0,0,,piece--4-1,Alcorcón,1,-3.84046,40.3583,-3.8352,40.3528,-3.83783,40.3556,,
Alcorcón--piece--4-2--raspberry3bp,scraping-airbnb-raspberry3bp--2018-11-29_14_04_43,airbnb,raspberry3bp,1544169726000,0,0,0,0,,piece--4-2,Alcorcón,1,-3.84046,40.3528,-3.8352,40.3473,-3.83783,40.35,,
Alcorcón--piece--4-3--raspberry3bp,scraping-airbnb-raspberry3bp--2018-11-29_14_04_43,airbnb,raspberry3bp,1544169743000,0,0,0,0,,piece--4-3,Alcorcón,1,-3.84046,40.3473,-3.8352,40.3418,-3.83783,40.3445,,
Alcorcón--piece--4-4--raspberry3bp,scraping-airbnb-raspberry3bp--2018-11-29_14_04_43,airbnb,raspberry3bp,1544169763000,0,0,0,0,,piece--4-4,Alcorcón,1,-3.84046,40.3418,-3.8352,40.3362,-3.83783,40.339,,
Alcorcón--piece--4-5--raspberry3bp,scraping-airbnb-raspberry3bp--2018-11-29_14_04_43,airbnb,raspberry3bp,1544169780000,0,0,0,0,,piece--4-5,Alcorcón,1,-3.84046,40.3362,-3.8352,40.3307,-3.83783,40.3335,,
Alcorcón--piece--4-6--raspberry3bp,scraping-airbnb-raspberry3bp--2018-11-29_14_04_43,airbnb,raspberry3bp,1544169792000,0,0,0,0,,piece--4-6,Alcorcón,1,-3.84046,40.3307,-3.8352,40.3252,-3.83783,40.3279,,
Alcorcón--piece--5-0--raspberry3bp,scraping-airbnb-raspberry3bp--2018-11-29_14_04_43,airbnb,raspberry3bp,1544169814000,0,0,0,0,,piece--5-0,Alcorcón,1,-3.8352,40.3638,-3.82994,40.3583,-3.83257,40.3611,,
Alcorcón--piece--5-1--raspberry3bp,scraping-airbnb-raspberry3bp--2018-11-29_14_04_43,airbnb,raspberry3bp,1544169844000,0,0,0,0,,piece--5-1,Alcorcón,1,-3.8352,40.3583,-3.82994,40.3528,-3.83257,40.3556,,
Alcorcón--piece--5-2--raspberry3bp,scraping-airbnb-raspberry3bp--2018-11-29_14_04_43,airbnb,raspberry3bp,1544169862000,0,0,0,2,,piece--5-2,Alcorcón,1,-3.8352,40.3528,-3.82994,40.3473,-3.83257,40.35,,
Alcorcón--piece--5-3--raspberry3bp,scraping-airbnb-raspberry3bp--2018-11-29_14_04_43,airbnb,raspberry3bp,1544169876000,0,0,2,1,,piece--5-3,Alcorcón,1,-3.8352,40.3473,-3.82994,40.3418,-3.83257,40.3445,,
Alcorcón--piece--5-4--raspberry3bp,scraping-airbnb-raspberry3bp--2018-11-29_14_04_43,airbnb,raspberry3bp,1544169893000,0,0,0,0,,piece--5-4,Alcorcón,1,-3.8352,40.3418,-3.82994,40.3362,-3.83257,40.339,,
Alcorcón--piece--5-5--raspberry3bp,scraping-airbnb-raspberry3bp--2018-11-29_14_04_43,airbnb,raspberry3bp,1544169908000,0,0,0,1,,piece--5-5,Alcorcón,1,-3.8352,40.3362,-3.82994,40.3307,-3.83257,40.3335,,
Alcorcón--piece--5-6--raspberry3bp,scraping-airbnb-raspberry3bp--2018-11-29_14_04_43,airbnb,raspberry3bp,1544169929000,0,0,0,0,,piece--5-6,Alcorcón,1,-3.8352,40.3307,-3.82994,40.3252,-3.83257,40.3279,,
Alcorcón--piece--6-0--raspberry3bp,scraping-airbnb-raspberry3bp--2018-11-29_14_04_43,airbnb,raspberry3bp,1544169946000,0,0,0,0,,piece--6-0,Alcorcón,1,-3.82994,40.3638,-3.82468,40.3583,-3.82731,40.3611,,
Alcorcón--piece--6-1--raspberry3bp,scraping-airbnb-raspberry3bp--2018-11-29_14_04_43,airbnb,raspberry3bp,1544169965000,0,0,0,0,,piece--6-1,Alcorcón,1,-3.82994,40.3583,-3.82468,40.3528,-3.82731,40.3556,,
Alcorcón--piece--6-2--raspberry3bp,scraping-airbnb-raspberry3bp--2018-11-29_14_04_43,airbnb,raspberry3bp,1544169983000,0,0,1,5,,piece--6-2,Alcorcón,1,-3.82994,40.3528,-3.82468,40.3473,-3.82731,40.35,,
Alcorcón--piece--6-3--raspberry3bp,scraping-airbnb-raspberry3bp--2018-11-29_14_04_43,airbnb,raspberry3bp,1544170005000,0,0,0,3,,piece--6-3,Alcorcón,1,-3.82994,40.3473,-3.82468,40.3418,-3.82731,40.3445,,
Alcorcón--piece--6-4--raspberry3bp,scraping-airbnb-raspberry3bp--2018-11-29_14_04_43,airbnb,raspberry3bp,1544170020000,0,0,0,0,,piece--6-4,Alcorcón,1,-3.82994,40.3418,-3.82468,40.3362,-3.82731,40.339,,
Alcorcón--piece--6-5--raspberry3bp,scraping-airbnb-raspberry3bp--2018-11-29_14_04_43,airbnb,raspberry3bp,1544170041000,0,0,1,1,,piece--6-5,Alcorcón,1,-3.82994,40.3362,-3.82468,40.3307,-3.82731,40.3335,,
Alcorcón--piece--6-6--raspberry3bp,scraping-airbnb-raspberry3bp--2018-11-29_14_04_43,airbnb,raspberry3bp,1544170054000,0,0,0,1,,piece--6-6,Alcorcón,1,-3.82994,40.3307,-3.82468,40.3252,-3.82731,40.3279,,
Alcorcón--piece--7-0--raspberry3bp,scraping-airbnb-raspberry3bp--2018-11-29_14_04_43,airbnb,raspberry3bp,1544170077000,0,0,0,0,,piece--7-0,Alcorcón,1,-3.82468,40.3638,-3.81942,40.3583,-3.82205,40.3611,,
Alcorcón--piece--7-1--raspberry3bp,scraping-airbnb-raspberry3bp--2018-11-29_14_04_43,airbnb,raspberry3bp,1544170094000,0,0,0,0,,piece--7-1,Alcorcón,1,-3.82468,40.3583,-3.81942,40.3528,-3.82205,40.3556,,
Alcorcón--piece--7-2--raspberry3bp,scraping-airbnb-raspberry3bp--2018-11-29_14_04_43,airbnb,raspberry3bp,1544170108000,0,0,0,3,,piece--7-2,Alcorcón,1,-3.82468,40.3528,-3.81942,40.3473,-3.82205,40.35,,
Alcorcón--piece--7-3--raspberry3bp,scraping-airbnb-raspberry3bp--2018-11-29_14_04_43,airbnb,raspberry3bp,1544170121000,0,0,0,0,,piece--7-3,Alcorcón,1,-3.82468,40.3473,-3.81942,40.3418,-3.82205,40.3445,,
Alcorcón--piece--7-4--raspberry3bp,scraping-airbnb-raspberry3bp--2018-11-29_14_04_43,airbnb,raspberry3bp,1544170139000,0,0,0,0,,piece--7-4,Alcorcón,1,-3.82468,40.3418,-3.81942,40.3362,-3.82205,40.339,,
Alcorcón--piece--7-5--raspberry3bp,scraping-airbnb-raspberry3bp--2018-11-29_14_04_43,airbnb,raspberry3bp,1544170153000,0,0,0,0,,piece--7-5,Alcorcón,1,-3.82468,40.3362,-3.81942,40.3307,-3.82205,40.3335,,
Alcorcón--piece--7-6--raspberry3bp,scraping-airbnb-raspberry3bp--2018-11-29_14_04_43,airbnb,raspberry3bp,1544170165000,0,0,0,0,,piece--7-6,Alcorcón,1,-3.82468,40.3307,-3.81942,40.3252,-3.82205,40.3279,,
Alcorcón--piece--8-0--raspberry3bp,scraping-airbnb-raspberry3bp--2018-11-29_14_04_43,airbnb,raspberry3bp,1544170180000,0,0,0,0,,piece--8-0,Alcorcón,1,-3.81942,40.3638,-3.81416,40.3583,-3.81679,40.3611,,
Alcorcón--piece--8-1--raspberry3bp,scraping-airbnb-raspberry3bp--2018-11-29_14_04_43,airbnb,raspberry3bp,1544170197000,0,0,0,0,,piece--8-1,Alcorcón,1,-3.81942,40.3583,-3.81416,40.3528,-3.81679,40.3556,,
Alcorcón--piece--8-2--raspberry3bp,scraping-airbnb-raspberry3bp--2018-11-29_14_04_43,airbnb,raspberry3bp,1544170215000,0,0,0,3,,piece--8-2,Alcorcón,1,-3.81942,40.3528,-3.81416,40.3473,-3.81679,40.35,,
Alcorcón--piece--8-3--raspberry3bp,scraping-airbnb-raspberry3bp--2018-11-29_14_04_43,airbnb,raspberry3bp,1544170230000,0,0,5,1,,piece--8-3,Alcorcón,1,-3.81942,40.3473,-3.81416,40.3418,-3.81679,40.3445,,
Alcorcón--piece--8-4--raspberry3bp,scraping-airbnb-raspberry3bp--2018-11-29_14_04_43,airbnb,raspberry3bp,1544170246000,0,0,0,0,,piece--8-4,Alcorcón,1,-3.81942,40.3418,-3.81416,40.3362,-3.81679,40.339,,
Alcorcón--piece--8-5--raspberry3bp,scraping-airbnb-raspberry3bp--2018-11-29_14_04_43,airbnb,raspberry3bp,1544170263000,0,0,0,0,,piece--8-5,Alcorcón,1,-3.81942,40.3362,-3.81416,40.3307,-3.81679,40.3335,,
Alcorcón--piece--8-6--raspberry3bp,scraping-airbnb-raspberry3bp--2018-11-29_14_04_43,airbnb,raspberry3bp,1544170278000,0,0,0,0,,piece--8-6,Alcorcón,1,-3.81942,40.3307,-3.81416,40.3252,-3.81679,40.3279,,
Alcorcón--piece--9-0--raspberry3bp,scraping-airbnb-raspberry3bp--2018-11-29_14_04_43,airbnb,raspberry3bp,1544170295000,0,0,0,0,,piece--9-0,Alcorcón,1,-3.81416,40.3638,-3.80891,40.3583,-3.81153,40.3611,,
Alcorcón--piece--9-1--raspberry3bp,scraping-airbnb-raspberry3bp--2018-11-29_14_04_43,airbnb,raspberry3bp,1544170308000,0,0,0,1,,piece--9-1,Alcorcón,1,-3.81416,40.3583,-3.80891,40.3528,-3.81153,40.3556,,
Alcorcón--piece--9-2--raspberry3bp,scraping-airbnb-raspberry3bp--2018-11-29_14_04_43,airbnb,raspberry3bp,1544170329000,0,0,0,0,,piece--9-2,Alcorcón,1,-3.81416,40.3528,-3.80891,40.3473,-3.81153,40.35,,
Alcorcón--piece--9-3--raspberry3bp,scraping-airbnb-raspberry3bp--2018-11-29_14_04_43,airbnb,raspberry3bp,1544170351000,0,0,0,0,,piece--9-3,Alcorcón,1,-3.81416,40.3473,-3.80891,40.3418,-3.81153,40.3445,,
Alcorcón--piece--9-4--raspberry3bp,scraping-airbnb-raspberry3bp--2018-11-29_14_04_43,airbnb,raspberry3bp,1544170364000,0,0,0,0,,piece--9-4,Alcorcón,1,-3.81416,40.3418,-3.80891,40.3362,-3.81153,40.339,,
Alcorcón--piece--9-5--raspberry3bp,scraping-airbnb-raspberry3bp--2018-11-29_14_04_43,airbnb,raspberry3bp,1544170377000,0,0,0,0,,piece--9-5,Alcorcón,1,-3.81416,40.3362,-3.80891,40.3307,-3.81153,40.3335,,
Alcorcón--piece--9-6--raspberry3bp,scraping-airbnb-raspberry3bp--2018-11-29_14_04_43,airbnb,raspberry3bp,1544170390000,0,0,0,0,,piece--9-6,Alcorcón,1,-3.81416,40.3307,-3.80891,40.3252,-3.81153,40.3279,,
