piece_id,scraping_id,app_id,device_id,date_scraped,average_prize_buy,number_of_ads_buy,average_prize_rent,number_of_ads_rent,extra_data,piece_name,city_name,scraped,bounding_box1_x,bounding_box1_y,bounding_box2_x,bounding_box2_y,center_point_x,center_point_y,geojson_coordinates,method
Boadilla del Monte--piece--0-0--gCloud,"scraping-fotocasa-gCloud--12_7_2018,_7_11_51_AM",fotocasa,gCloud,1544175312000,0,0,0,0,,piece--0-0,Boadilla del Monte,1,-3.92587,40.4564,-3.92063,40.4511,-3.92325,40.4537,,
Boadilla del Monte--piece--0-1--gCloud,"scraping-fotocasa-gCloud--12_7_2018,_7_11_51_AM",fotocasa,gCloud,1544175320000,0,0,0,0,,piece--0-1,Boadilla del Monte,1,-3.92587,40.4511,-3.92063,40.4458,-3.92325,40.4484,,
Boadilla del Monte--piece--0-10--gCloud,"scraping-fotocasa-gCloud--12_7_2018,_7_11_51_AM",fotocasa,gCloud,1544175338000,2079.88,2,0,0,,piece--0-10,Boadilla del Monte,1,-3.92587,40.4034,-3.92063,40.3981,-3.92325,40.4007,,
Boadilla del Monte--piece--0-2--gCloud,"scraping-fotocasa-gCloud--12_7_2018,_7_11_51_AM",fotocasa,gCloud,1544175345000,0,0,0,0,,piece--0-2,Boadilla del Monte,1,-3.92587,40.4458,-3.92063,40.4405,-3.92325,40.4431,,
Boadilla del Monte--piece--0-3--gCloud,"scraping-fotocasa-gCloud--12_7_2018,_7_11_51_AM",fotocasa,gCloud,1544175351000,1561.91,4,3.9248,1,,piece--0-3,Boadilla del Monte,1,-3.92587,40.4405,-3.92063,40.4352,-3.92325,40.4378,,
Boadilla del Monte--piece--0-4--gCloud,"scraping-fotocasa-gCloud--12_7_2018,_7_11_51_AM",fotocasa,gCloud,1544175356000,3.19303,1,11,1,,piece--0-4,Boadilla del Monte,1,-3.92587,40.4352,-3.92063,40.4299,-3.92325,40.4325,,
Boadilla del Monte--piece--0-5--gCloud,"scraping-fotocasa-gCloud--12_7_2018,_7_11_51_AM",fotocasa,gCloud,1544175362000,2419.7,7,0,0,,piece--0-5,Boadilla del Monte,1,-3.92587,40.4299,-3.92063,40.4246,-3.92325,40.4272,,
Boadilla del Monte--piece--0-6--gCloud,"scraping-fotocasa-gCloud--12_7_2018,_7_11_51_AM",fotocasa,gCloud,1544175370000,1819.33,2,0,0,,piece--0-6,Boadilla del Monte,1,-3.92587,40.4246,-3.92063,40.4193,-3.92325,40.4219,,
Boadilla del Monte--piece--0-7--gCloud,"scraping-fotocasa-gCloud--12_7_2018,_7_11_51_AM",fotocasa,gCloud,1544175381000,2399.22,1,0,0,,piece--0-7,Boadilla del Monte,1,-3.92587,40.4193,-3.92063,40.414,-3.92325,40.4166,,
Boadilla del Monte--piece--0-8--gCloud,"scraping-fotocasa-gCloud--12_7_2018,_7_11_51_AM",fotocasa,gCloud,1544175389000,0,0,0,0,,piece--0-8,Boadilla del Monte,1,-3.92587,40.414,-3.92063,40.4087,-3.92325,40.4113,,
Boadilla del Monte--piece--0-9--gCloud,"scraping-fotocasa-gCloud--12_7_2018,_7_11_51_AM",fotocasa,gCloud,1544175397000,0,0,0,0,,piece--0-9,Boadilla del Monte,1,-3.92587,40.4087,-3.92063,40.4034,-3.92325,40.406,,
Boadilla del Monte--piece--1-0--gCloud,"scraping-fotocasa-gCloud--12_7_2018,_7_11_51_AM",fotocasa,gCloud,1544175403000,2025,1,0,0,,piece--1-0,Boadilla del Monte,1,-3.92063,40.4564,-3.91539,40.4511,-3.91801,40.4537,,
Boadilla del Monte--piece--1-1--gCloud,"scraping-fotocasa-gCloud--12_7_2018,_7_11_51_AM",fotocasa,gCloud,1544175412000,0,0,0,0,,piece--1-1,Boadilla del Monte,1,-3.92063,40.4511,-3.91539,40.4458,-3.91801,40.4484,,
Boadilla del Monte--piece--1-10--gCloud,"scraping-fotocasa-gCloud--12_7_2018,_7_11_51_AM",fotocasa,gCloud,1544175418000,1280.02,10,0,0,,piece--1-10,Boadilla del Monte,1,-3.92063,40.4034,-3.91539,40.3981,-3.91801,40.4007,,
Boadilla del Monte--piece--1-2--gCloud,"scraping-fotocasa-gCloud--12_7_2018,_7_11_51_AM",fotocasa,gCloud,1544175423000,0,0,0,0,,piece--1-2,Boadilla del Monte,1,-3.92063,40.4458,-3.91539,40.4405,-3.91801,40.4431,,
Boadilla del Monte--piece--1-3--gCloud,"scraping-fotocasa-gCloud--12_7_2018,_7_11_51_AM",fotocasa,gCloud,1544175431000,1916.67,3,5.6,1,,piece--1-3,Boadilla del Monte,1,-3.92063,40.4405,-3.91539,40.4352,-3.91801,40.4378,,
Boadilla del Monte--piece--1-4--gCloud,"scraping-fotocasa-gCloud--12_7_2018,_7_11_51_AM",fotocasa,gCloud,1544175438000,1403.04,5,4.62221,4,,piece--1-4,Boadilla del Monte,1,-3.92063,40.4352,-3.91539,40.4299,-3.91801,40.4325,,
Boadilla del Monte--piece--1-5--gCloud,"scraping-fotocasa-gCloud--12_7_2018,_7_11_51_AM",fotocasa,gCloud,1544175447000,1820.14,7,12.1429,1,,piece--1-5,Boadilla del Monte,1,-3.92063,40.4299,-3.91539,40.4246,-3.91801,40.4272,,
Boadilla del Monte--piece--1-6--gCloud,"scraping-fotocasa-gCloud--12_7_2018,_7_11_51_AM",fotocasa,gCloud,1544175453000,1992.24,13,0,0,,piece--1-6,Boadilla del Monte,1,-3.92063,40.4246,-3.91539,40.4193,-3.91801,40.4219,,
Boadilla del Monte--piece--1-7--gCloud,"scraping-fotocasa-gCloud--12_7_2018,_7_11_51_AM",fotocasa,gCloud,1544175464000,1939.73,5,0,0,,piece--1-7,Boadilla del Monte,1,-3.92063,40.4193,-3.91539,40.414,-3.91801,40.4166,,
Boadilla del Monte--piece--1-8--gCloud,"scraping-fotocasa-gCloud--12_7_2018,_7_11_51_AM",fotocasa,gCloud,1544175469000,1990.65,5,0,0,,piece--1-8,Boadilla del Monte,1,-3.92063,40.414,-3.91539,40.4087,-3.91801,40.4113,,
Boadilla del Monte--piece--1-9--gCloud,"scraping-fotocasa-gCloud--12_7_2018,_7_11_51_AM",fotocasa,gCloud,1544175478000,0,0,0,0,,piece--1-9,Boadilla del Monte,1,-3.92063,40.4087,-3.91539,40.4034,-3.91801,40.406,,
Boadilla del Monte--piece--10-0--gCloud,"scraping-fotocasa-gCloud--12_7_2018,_7_11_51_AM",fotocasa,gCloud,1544175483000,2744.56,6,13.2353,2,,piece--10-0,Boadilla del Monte,1,-3.87346,40.4564,-3.86822,40.4511,-3.87084,40.4537,,
Boadilla del Monte--piece--10-1--gCloud,"scraping-fotocasa-gCloud--12_7_2018,_7_11_51_AM",fotocasa,gCloud,1544175492000,3333.33,2,9.51795,2,,piece--10-1,Boadilla del Monte,1,-3.87346,40.4511,-3.86822,40.4458,-3.87084,40.4484,,
Boadilla del Monte--piece--10-10--gCloud,"scraping-fotocasa-gCloud--12_7_2018,_7_11_51_AM",fotocasa,gCloud,1544175497000,0,0,0,0,,piece--10-10,Boadilla del Monte,1,-3.87346,40.4034,-3.86822,40.3981,-3.87084,40.4007,,
Boadilla del Monte--piece--10-2--gCloud,"scraping-fotocasa-gCloud--12_7_2018,_7_11_51_AM",fotocasa,gCloud,1544175503000,3464.91,25,10.8597,2,,piece--10-2,Boadilla del Monte,1,-3.87346,40.4458,-3.86822,40.4405,-3.87084,40.4431,,
Boadilla del Monte--piece--10-3--gCloud,"scraping-fotocasa-gCloud--12_7_2018,_7_11_51_AM",fotocasa,gCloud,1544175512000,0,0,0,0,,piece--10-3,Boadilla del Monte,1,-3.87346,40.4405,-3.86822,40.4352,-3.87084,40.4378,,
Boadilla del Monte--piece--10-4--gCloud,"scraping-fotocasa-gCloud--12_7_2018,_7_11_51_AM",fotocasa,gCloud,1544175520000,9,1,0,0,,piece--10-4,Boadilla del Monte,1,-3.87346,40.4352,-3.86822,40.4299,-3.87084,40.4325,,
Boadilla del Monte--piece--10-5--gCloud,"scraping-fotocasa-gCloud--12_7_2018,_7_11_51_AM",fotocasa,gCloud,1544175529000,751.476,3,0,0,,piece--10-5,Boadilla del Monte,1,-3.87346,40.4299,-3.86822,40.4246,-3.87084,40.4272,,
Boadilla del Monte--piece--10-6--gCloud,"scraping-fotocasa-gCloud--12_7_2018,_7_11_51_AM",fotocasa,gCloud,1544175535000,0,0,0,0,,piece--10-6,Boadilla del Monte,1,-3.87346,40.4246,-3.86822,40.4193,-3.87084,40.4219,,
Boadilla del Monte--piece--10-7--gCloud,"scraping-fotocasa-gCloud--12_7_2018,_7_11_51_AM",fotocasa,gCloud,1544175542000,0,0,0,0,,piece--10-7,Boadilla del Monte,1,-3.87346,40.4193,-3.86822,40.414,-3.87084,40.4166,,
Boadilla del Monte--piece--10-8--gCloud,"scraping-fotocasa-gCloud--12_7_2018,_7_11_51_AM",fotocasa,gCloud,1544175547000,2785.71,1,0,0,,piece--10-8,Boadilla del Monte,1,-3.87346,40.414,-3.86822,40.4087,-3.87084,40.4113,,
Boadilla del Monte--piece--10-9--gCloud,"scraping-fotocasa-gCloud--12_7_2018,_7_11_51_AM",fotocasa,gCloud,1544175552000,0,0,0,0,,piece--10-9,Boadilla del Monte,1,-3.87346,40.4087,-3.86822,40.4034,-3.87084,40.406,,
Boadilla del Monte--piece--11-0--gCloud,"scraping-fotocasa-gCloud--12_7_2018,_7_11_51_AM",fotocasa,gCloud,1544175558000,2744.85,12,12.8494,11,,piece--11-0,Boadilla del Monte,1,-3.86822,40.4564,-3.86298,40.4511,-3.8656,40.4537,,
Boadilla del Monte--piece--11-1--gCloud,"scraping-fotocasa-gCloud--12_7_2018,_7_11_51_AM",fotocasa,gCloud,1544175567000,3749.73,7,11.25,1,,piece--11-1,Boadilla del Monte,1,-3.86822,40.4511,-3.86298,40.4458,-3.8656,40.4484,,
Boadilla del Monte--piece--11-10--gCloud,"scraping-fotocasa-gCloud--12_7_2018,_7_11_51_AM",fotocasa,gCloud,1544175572000,0,0,0,0,,piece--11-10,Boadilla del Monte,1,-3.86822,40.4034,-3.86298,40.3981,-3.8656,40.4007,,
Boadilla del Monte--piece--11-2--gCloud,"scraping-fotocasa-gCloud--12_7_2018,_7_11_51_AM",fotocasa,gCloud,1544175584000,4212.51,3,9.50549,2,,piece--11-2,Boadilla del Monte,1,-3.86822,40.4458,-3.86298,40.4405,-3.8656,40.4431,,
Boadilla del Monte--piece--11-3--gCloud,"scraping-fotocasa-gCloud--12_7_2018,_7_11_51_AM",fotocasa,gCloud,1544175595000,0,0,0,0,,piece--11-3,Boadilla del Monte,1,-3.86822,40.4405,-3.86298,40.4352,-3.8656,40.4378,,
Boadilla del Monte--piece--11-4--gCloud,"scraping-fotocasa-gCloud--12_7_2018,_7_11_51_AM",fotocasa,gCloud,1544175603000,0,0,0,0,,piece--11-4,Boadilla del Monte,1,-3.86822,40.4352,-3.86298,40.4299,-3.8656,40.4325,,
Boadilla del Monte--piece--11-5--gCloud,"scraping-fotocasa-gCloud--12_7_2018,_7_11_51_AM",fotocasa,gCloud,1544175609000,0,0,0,0,,piece--11-5,Boadilla del Monte,1,-3.86822,40.4299,-3.86298,40.4246,-3.8656,40.4272,,
Boadilla del Monte--piece--11-6--gCloud,"scraping-fotocasa-gCloud--12_7_2018,_7_11_51_AM",fotocasa,gCloud,1544175623000,0,0,0,0,,piece--11-6,Boadilla del Monte,1,-3.86822,40.4246,-3.86298,40.4193,-3.8656,40.4219,,
Boadilla del Monte--piece--11-7--gCloud,"scraping-fotocasa-gCloud--12_7_2018,_7_11_51_AM",fotocasa,gCloud,1544175634000,0,0,0,0,,piece--11-7,Boadilla del Monte,1,-3.86822,40.4193,-3.86298,40.414,-3.8656,40.4166,,
Boadilla del Monte--piece--11-8--gCloud,"scraping-fotocasa-gCloud--12_7_2018,_7_11_51_AM",fotocasa,gCloud,1544175643000,0,0,0,0,,piece--11-8,Boadilla del Monte,1,-3.86822,40.414,-3.86298,40.4087,-3.8656,40.4113,,
Boadilla del Monte--piece--11-9--gCloud,"scraping-fotocasa-gCloud--12_7_2018,_7_11_51_AM",fotocasa,gCloud,1544175654000,0,0,0,0,,piece--11-9,Boadilla del Monte,1,-3.86822,40.4087,-3.86298,40.4034,-3.8656,40.406,,
Boadilla del Monte--piece--12-0--gCloud,"scraping-fotocasa-gCloud--12_7_2018,_7_11_51_AM",fotocasa,gCloud,1544175663000,2850.76,2,11.1598,2,,piece--12-0,Boadilla del Monte,1,-3.86298,40.4564,-3.85774,40.4511,-3.86036,40.4537,,
Boadilla del Monte--piece--12-1--gCloud,"scraping-fotocasa-gCloud--12_7_2018,_7_11_51_AM",fotocasa,gCloud,1544175669000,3305.54,8,10.8335,6,,piece--12-1,Boadilla del Monte,1,-3.86298,40.4511,-3.85774,40.4458,-3.86036,40.4484,,
Boadilla del Monte--piece--12-10--gCloud,"scraping-fotocasa-gCloud--12_7_2018,_7_11_51_AM",fotocasa,gCloud,1544175674000,0,0,0,0,,piece--12-10,Boadilla del Monte,1,-3.86298,40.4034,-3.85774,40.3981,-3.86036,40.4007,,
Boadilla del Monte--piece--12-2--gCloud,"scraping-fotocasa-gCloud--12_7_2018,_7_11_51_AM",fotocasa,gCloud,1544175683000,2273.6,7,8.30772,3,,piece--12-2,Boadilla del Monte,1,-3.86298,40.4458,-3.85774,40.4405,-3.86036,40.4431,,
Boadilla del Monte--piece--12-3--gCloud,"scraping-fotocasa-gCloud--12_7_2018,_7_11_51_AM",fotocasa,gCloud,1544175689000,2.67367,9,8.8664,13,,piece--12-3,Boadilla del Monte,1,-3.86298,40.4405,-3.85774,40.4352,-3.86036,40.4378,,
Boadilla del Monte--piece--12-4--gCloud,"scraping-fotocasa-gCloud--12_7_2018,_7_11_51_AM",fotocasa,gCloud,1544175695000,0,0,0,0,,piece--12-4,Boadilla del Monte,1,-3.86298,40.4352,-3.85774,40.4299,-3.86036,40.4325,,
Boadilla del Monte--piece--12-5--gCloud,"scraping-fotocasa-gCloud--12_7_2018,_7_11_51_AM",fotocasa,gCloud,1544175703000,0,0,0,0,,piece--12-5,Boadilla del Monte,1,-3.86298,40.4299,-3.85774,40.4246,-3.86036,40.4272,,
Boadilla del Monte--piece--12-6--gCloud,"scraping-fotocasa-gCloud--12_7_2018,_7_11_51_AM",fotocasa,gCloud,1544175711000,0,0,0,0,,piece--12-6,Boadilla del Monte,1,-3.86298,40.4246,-3.85774,40.4193,-3.86036,40.4219,,
Boadilla del Monte--piece--12-7--gCloud,"scraping-fotocasa-gCloud--12_7_2018,_7_11_51_AM",fotocasa,gCloud,1544175717000,0,0,0,0,,piece--12-7,Boadilla del Monte,1,-3.86298,40.4193,-3.85774,40.414,-3.86036,40.4166,,
Boadilla del Monte--piece--12-8--gCloud,"scraping-fotocasa-gCloud--12_7_2018,_7_11_51_AM",fotocasa,gCloud,1544175722000,0,0,0,0,,piece--12-8,Boadilla del Monte,1,-3.86298,40.414,-3.85774,40.4087,-3.86036,40.4113,,
Boadilla del Monte--piece--12-9--gCloud,"scraping-fotocasa-gCloud--12_7_2018,_7_11_51_AM",fotocasa,gCloud,1544175730000,0,0,0,0,,piece--12-9,Boadilla del Monte,1,-3.86298,40.4087,-3.85774,40.4034,-3.86036,40.406,,
Boadilla del Monte--piece--2-0--gCloud,"scraping-fotocasa-gCloud--12_7_2018,_7_11_51_AM",fotocasa,gCloud,1544175739000,1949.95,4,0,0,,piece--2-0,Boadilla del Monte,1,-3.91539,40.4564,-3.91015,40.4511,-3.91277,40.4537,,
Boadilla del Monte--piece--2-1--gCloud,"scraping-fotocasa-gCloud--12_7_2018,_7_11_51_AM",fotocasa,gCloud,1544175750000,3333.33,1,0,0,,piece--2-1,Boadilla del Monte,1,-3.91539,40.4511,-3.91015,40.4458,-3.91277,40.4484,,
Boadilla del Monte--piece--2-10--gCloud,"scraping-fotocasa-gCloud--12_7_2018,_7_11_51_AM",fotocasa,gCloud,1544175756000,1688.92,2,0,0,,piece--2-10,Boadilla del Monte,1,-3.91539,40.4034,-3.91015,40.3981,-3.91277,40.4007,,
Boadilla del Monte--piece--2-2--gCloud,"scraping-fotocasa-gCloud--12_7_2018,_7_11_51_AM",fotocasa,gCloud,1544175767000,0,0,0,0,,piece--2-2,Boadilla del Monte,1,-3.91539,40.4458,-3.91015,40.4405,-3.91277,40.4431,,
Boadilla del Monte--piece--2-3--gCloud,"scraping-fotocasa-gCloud--12_7_2018,_7_11_51_AM",fotocasa,gCloud,1544175772000,1044.28,5,6,1,,piece--2-3,Boadilla del Monte,1,-3.91539,40.4405,-3.91015,40.4352,-3.91277,40.4378,,
Boadilla del Monte--piece--2-4--gCloud,"scraping-fotocasa-gCloud--12_7_2018,_7_11_51_AM",fotocasa,gCloud,1544175781000,1518.24,11,0,0,,piece--2-4,Boadilla del Monte,1,-3.91539,40.4352,-3.91015,40.4299,-3.91277,40.4325,,
Boadilla del Monte--piece--2-5--gCloud,"scraping-fotocasa-gCloud--12_7_2018,_7_11_51_AM",fotocasa,gCloud,1544175792000,1879.38,6,0,0,,piece--2-5,Boadilla del Monte,1,-3.91539,40.4299,-3.91015,40.4246,-3.91277,40.4272,,
Boadilla del Monte--piece--2-6--gCloud,"scraping-fotocasa-gCloud--12_7_2018,_7_11_51_AM",fotocasa,gCloud,1544175803000,2512.31,7,0,0,,piece--2-6,Boadilla del Monte,1,-3.91539,40.4246,-3.91015,40.4193,-3.91277,40.4219,,
Boadilla del Monte--piece--2-7--gCloud,"scraping-fotocasa-gCloud--12_7_2018,_7_11_51_AM",fotocasa,gCloud,1544175812000,2171.87,3,9.09091,1,,piece--2-7,Boadilla del Monte,1,-3.91539,40.4193,-3.91015,40.414,-3.91277,40.4166,,
Boadilla del Monte--piece--2-8--gCloud,"scraping-fotocasa-gCloud--12_7_2018,_7_11_51_AM",fotocasa,gCloud,1544175821000,0,0,8.05556,1,,piece--2-8,Boadilla del Monte,1,-3.91539,40.414,-3.91015,40.4087,-3.91277,40.4113,,
Boadilla del Monte--piece--2-9--gCloud,"scraping-fotocasa-gCloud--12_7_2018,_7_11_51_AM",fotocasa,gCloud,1544175829000,0,0,0,0,,piece--2-9,Boadilla del Monte,1,-3.91539,40.4087,-3.91015,40.4034,-3.91277,40.406,,
Boadilla del Monte--piece--3-0--gCloud,"scraping-fotocasa-gCloud--12_7_2018,_7_11_51_AM",fotocasa,gCloud,1544175837000,2278.86,2,0,0,,piece--3-0,Boadilla del Monte,1,-3.91015,40.4564,-3.90491,40.4511,-3.90753,40.4537,,
Boadilla del Monte--piece--3-1--gCloud,"scraping-fotocasa-gCloud--12_7_2018,_7_11_51_AM",fotocasa,gCloud,1544175852000,2942.27,2,0,0,,piece--3-1,Boadilla del Monte,1,-3.91015,40.4511,-3.90491,40.4458,-3.90753,40.4484,,
Boadilla del Monte--piece--3-10--gCloud,"scraping-fotocasa-gCloud--12_7_2018,_7_11_51_AM",fotocasa,gCloud,1544175860000,0,0,0,0,,piece--3-10,Boadilla del Monte,1,-3.91015,40.4034,-3.90491,40.3981,-3.90753,40.4007,,
Boadilla del Monte--piece--3-2--gCloud,"scraping-fotocasa-gCloud--12_7_2018,_7_11_51_AM",fotocasa,gCloud,1544175869000,3.25,1,0,0,,piece--3-2,Boadilla del Monte,1,-3.91015,40.4458,-3.90491,40.4405,-3.90753,40.4431,,
Boadilla del Monte--piece--3-3--gCloud,"scraping-fotocasa-gCloud--12_7_2018,_7_11_51_AM",fotocasa,gCloud,1544175877000,2.83306,6,7.27273,1,,piece--3-3,Boadilla del Monte,1,-3.91015,40.4405,-3.90491,40.4352,-3.90753,40.4378,,
Boadilla del Monte--piece--3-4--gCloud,"scraping-fotocasa-gCloud--12_7_2018,_7_11_51_AM",fotocasa,gCloud,1544175886000,465.58,7,0,0,,piece--3-4,Boadilla del Monte,1,-3.91015,40.4352,-3.90491,40.4299,-3.90753,40.4325,,
Boadilla del Monte--piece--3-5--gCloud,"scraping-fotocasa-gCloud--12_7_2018,_7_11_51_AM",fotocasa,gCloud,1544175894000,1178.49,5,0,0,,piece--3-5,Boadilla del Monte,1,-3.91015,40.4299,-3.90491,40.4246,-3.90753,40.4272,,
Boadilla del Monte--piece--3-6--gCloud,"scraping-fotocasa-gCloud--12_7_2018,_7_11_51_AM",fotocasa,gCloud,1544175901000,1948.4,5,8.80117,2,,piece--3-6,Boadilla del Monte,1,-3.91015,40.4246,-3.90491,40.4193,-3.90753,40.4219,,
Boadilla del Monte--piece--3-7--gCloud,"scraping-fotocasa-gCloud--12_7_2018,_7_11_51_AM",fotocasa,gCloud,1544175913000,2050.54,5,7.4416,3,,piece--3-7,Boadilla del Monte,1,-3.91015,40.4193,-3.90491,40.414,-3.90753,40.4166,,
Boadilla del Monte--piece--3-8--gCloud,"scraping-fotocasa-gCloud--12_7_2018,_7_11_51_AM",fotocasa,gCloud,1544175922000,3066.58,5,8.88889,3,,piece--3-8,Boadilla del Monte,1,-3.91015,40.414,-3.90491,40.4087,-3.90753,40.4113,,
Boadilla del Monte--piece--3-9--gCloud,"scraping-fotocasa-gCloud--12_7_2018,_7_11_51_AM",fotocasa,gCloud,1544175934000,2680.57,14,11.2205,1,,piece--3-9,Boadilla del Monte,1,-3.91015,40.4087,-3.90491,40.4034,-3.90753,40.406,,
Boadilla del Monte--piece--4-0--gCloud,"scraping-fotocasa-gCloud--12_7_2018,_7_11_51_AM",fotocasa,gCloud,1544175945000,2480,1,0,0,,piece--4-0,Boadilla del Monte,1,-3.90491,40.4564,-3.89967,40.4511,-3.90229,40.4537,,
Boadilla del Monte--piece--4-1--gCloud,"scraping-fotocasa-gCloud--12_7_2018,_7_11_51_AM",fotocasa,gCloud,1544175950000,1259,2,0,0,,piece--4-1,Boadilla del Monte,1,-3.90491,40.4511,-3.89967,40.4458,-3.90229,40.4484,,
Boadilla del Monte--piece--4-10--gCloud,"scraping-fotocasa-gCloud--12_7_2018,_7_11_51_AM",fotocasa,gCloud,1544175959000,1861.99,6,10.828,1,,piece--4-10,Boadilla del Monte,1,-3.90491,40.4034,-3.89967,40.3981,-3.90229,40.4007,,
Boadilla del Monte--piece--4-2--gCloud,"scraping-fotocasa-gCloud--12_7_2018,_7_11_51_AM",fotocasa,gCloud,1544175965000,321.608,5,0,0,,piece--4-2,Boadilla del Monte,1,-3.90491,40.4458,-3.89967,40.4405,-3.90229,40.4431,,
Boadilla del Monte--piece--4-3--gCloud,"scraping-fotocasa-gCloud--12_7_2018,_7_11_51_AM",fotocasa,gCloud,1544175971000,2.13219,9,0,0,,piece--4-3,Boadilla del Monte,1,-3.90491,40.4405,-3.89967,40.4352,-3.90229,40.4378,,
Boadilla del Monte--piece--4-4--gCloud,"scraping-fotocasa-gCloud--12_7_2018,_7_11_51_AM",fotocasa,gCloud,1544175982000,453.318,11,0,0,,piece--4-4,Boadilla del Monte,1,-3.90491,40.4352,-3.89967,40.4299,-3.90229,40.4325,,
Boadilla del Monte--piece--4-5--gCloud,"scraping-fotocasa-gCloud--12_7_2018,_7_11_51_AM",fotocasa,gCloud,1544175994000,521.417,7,8,1,,piece--4-5,Boadilla del Monte,1,-3.90491,40.4299,-3.89967,40.4246,-3.90229,40.4272,,
Boadilla del Monte--piece--4-6--gCloud,"scraping-fotocasa-gCloud--12_7_2018,_7_11_51_AM",fotocasa,gCloud,1544176003000,1529.69,9,8.66158,3,,piece--4-6,Boadilla del Monte,1,-3.90491,40.4246,-3.89967,40.4193,-3.90229,40.4219,,
Boadilla del Monte--piece--4-7--gCloud,"scraping-fotocasa-gCloud--12_7_2018,_7_11_51_AM",fotocasa,gCloud,1544176014000,1310.66,7,0,0,,piece--4-7,Boadilla del Monte,1,-3.90491,40.4193,-3.89967,40.414,-3.90229,40.4166,,
Boadilla del Monte--piece--4-8--gCloud,"scraping-fotocasa-gCloud--12_7_2018,_7_11_51_AM",fotocasa,gCloud,1544176020000,3097.78,7,0,0,,piece--4-8,Boadilla del Monte,1,-3.90491,40.414,-3.89967,40.4087,-3.90229,40.4113,,
Boadilla del Monte--piece--4-9--gCloud,"scraping-fotocasa-gCloud--12_7_2018,_7_11_51_AM",fotocasa,gCloud,1544176029000,2300.57,4,8.0834,2,,piece--4-9,Boadilla del Monte,1,-3.90491,40.4087,-3.89967,40.4034,-3.90229,40.406,,
Boadilla del Monte--piece--5-0--gCloud,"scraping-fotocasa-gCloud--12_7_2018,_7_11_51_AM",fotocasa,gCloud,1544176035000,1558.88,2,6.26566,2,,piece--5-0,Boadilla del Monte,1,-3.89967,40.4564,-3.89443,40.4511,-3.89705,40.4537,,
Boadilla del Monte--piece--5-1--gCloud,"scraping-fotocasa-gCloud--12_7_2018,_7_11_51_AM",fotocasa,gCloud,1544176041000,898.312,6,6.04167,1,,piece--5-1,Boadilla del Monte,1,-3.89967,40.4511,-3.89443,40.4458,-3.89705,40.4484,,
Boadilla del Monte--piece--5-10--gCloud,"scraping-fotocasa-gCloud--12_7_2018,_7_11_51_AM",fotocasa,gCloud,1544176047000,3392.86,1,10.5032,8,,piece--5-10,Boadilla del Monte,1,-3.89967,40.4034,-3.89443,40.3981,-3.89705,40.4007,,
Boadilla del Monte--piece--5-2--gCloud,"scraping-fotocasa-gCloud--12_7_2018,_7_11_51_AM",fotocasa,gCloud,1544176053000,415.213,13,0,0,,piece--5-2,Boadilla del Monte,1,-3.89967,40.4458,-3.89443,40.4405,-3.89705,40.4431,,
Boadilla del Monte--piece--5-3--gCloud,"scraping-fotocasa-gCloud--12_7_2018,_7_11_51_AM",fotocasa,gCloud,1544176062000,916.828,12,0,0,,piece--5-3,Boadilla del Monte,1,-3.89967,40.4405,-3.89443,40.4352,-3.89705,40.4378,,
Boadilla del Monte--piece--5-4--gCloud,"scraping-fotocasa-gCloud--12_7_2018,_7_11_51_AM",fotocasa,gCloud,1544176069000,786.168,29,8.94698,6,,piece--5-4,Boadilla del Monte,1,-3.89967,40.4352,-3.89443,40.4299,-3.89705,40.4325,,
Boadilla del Monte--piece--5-5--gCloud,"scraping-fotocasa-gCloud--12_7_2018,_7_11_51_AM",fotocasa,gCloud,1544176080000,295.848,12,0,0,,piece--5-5,Boadilla del Monte,1,-3.89967,40.4299,-3.89443,40.4246,-3.89705,40.4272,,
Boadilla del Monte--piece--5-6--gCloud,"scraping-fotocasa-gCloud--12_7_2018,_7_11_51_AM",fotocasa,gCloud,1544176086000,2111.47,11,11.0119,2,,piece--5-6,Boadilla del Monte,1,-3.89967,40.4246,-3.89443,40.4193,-3.89705,40.4219,,
Boadilla del Monte--piece--5-7--gCloud,"scraping-fotocasa-gCloud--12_7_2018,_7_11_51_AM",fotocasa,gCloud,1544176093000,2475.4,18,7.83613,7,,piece--5-7,Boadilla del Monte,1,-3.89967,40.4193,-3.89443,40.414,-3.89705,40.4166,,
Boadilla del Monte--piece--5-8--gCloud,"scraping-fotocasa-gCloud--12_7_2018,_7_11_51_AM",fotocasa,gCloud,1544176102000,2597.96,13,10.3906,7,,piece--5-8,Boadilla del Monte,1,-3.89967,40.414,-3.89443,40.4087,-3.89705,40.4113,,
Boadilla del Monte--piece--5-9--gCloud,"scraping-fotocasa-gCloud--12_7_2018,_7_11_51_AM",fotocasa,gCloud,1544176107000,2927.18,8,10.0707,6,,piece--5-9,Boadilla del Monte,1,-3.89967,40.4087,-3.89443,40.4034,-3.89705,40.406,,
Boadilla del Monte--piece--6-0--gCloud,"scraping-fotocasa-gCloud--12_7_2018,_7_11_51_AM",fotocasa,gCloud,1544176113000,1990.51,18,0,0,,piece--6-0,Boadilla del Monte,1,-3.89443,40.4564,-3.88919,40.4511,-3.89181,40.4537,,
Boadilla del Monte--piece--6-1--gCloud,"scraping-fotocasa-gCloud--12_7_2018,_7_11_51_AM",fotocasa,gCloud,1544176122000,1138.56,11,6.14035,1,,piece--6-1,Boadilla del Monte,1,-3.89443,40.4511,-3.88919,40.4458,-3.89181,40.4484,,
Boadilla del Monte--piece--6-10--gCloud,"scraping-fotocasa-gCloud--12_7_2018,_7_11_51_AM",fotocasa,gCloud,1544176131000,2367.89,6,10.1727,5,,piece--6-10,Boadilla del Monte,1,-3.89443,40.4034,-3.88919,40.3981,-3.89181,40.4007,,
Boadilla del Monte--piece--6-2--gCloud,"scraping-fotocasa-gCloud--12_7_2018,_7_11_51_AM",fotocasa,gCloud,1544176142000,1307.8,15,0,0,,piece--6-2,Boadilla del Monte,1,-3.89443,40.4458,-3.88919,40.4405,-3.89181,40.4431,,
Boadilla del Monte--piece--6-3--gCloud,"scraping-fotocasa-gCloud--12_7_2018,_7_11_51_AM",fotocasa,gCloud,1544176147000,1575.22,14,0,0,,piece--6-3,Boadilla del Monte,1,-3.89443,40.4405,-3.88919,40.4352,-3.89181,40.4378,,
Boadilla del Monte--piece--6-4--gCloud,"scraping-fotocasa-gCloud--12_7_2018,_7_11_51_AM",fotocasa,gCloud,1544176153000,661.414,8,5.48387,1,,piece--6-4,Boadilla del Monte,1,-3.89443,40.4352,-3.88919,40.4299,-3.89181,40.4325,,
Boadilla del Monte--piece--6-5--gCloud,"scraping-fotocasa-gCloud--12_7_2018,_7_11_51_AM",fotocasa,gCloud,1544176162000,544.908,9,10.4167,1,,piece--6-5,Boadilla del Monte,1,-3.89443,40.4299,-3.88919,40.4246,-3.89181,40.4272,,
Boadilla del Monte--piece--6-6--gCloud,"scraping-fotocasa-gCloud--12_7_2018,_7_11_51_AM",fotocasa,gCloud,1544176170000,2031.8,11,5.63973,1,,piece--6-6,Boadilla del Monte,1,-3.89443,40.4246,-3.88919,40.4193,-3.89181,40.4219,,
Boadilla del Monte--piece--6-7--gCloud,"scraping-fotocasa-gCloud--12_7_2018,_7_11_51_AM",fotocasa,gCloud,1544176176000,0,0,0,0,,piece--6-7,Boadilla del Monte,1,-3.89443,40.4193,-3.88919,40.414,-3.89181,40.4166,,
Boadilla del Monte--piece--6-8--gCloud,"scraping-fotocasa-gCloud--12_7_2018,_7_11_51_AM",fotocasa,gCloud,1544176181000,2928.16,4,8.03301,4,,piece--6-8,Boadilla del Monte,1,-3.89443,40.414,-3.88919,40.4087,-3.89181,40.4113,,
Boadilla del Monte--piece--6-9--gCloud,"scraping-fotocasa-gCloud--12_7_2018,_7_11_51_AM",fotocasa,gCloud,1544176188000,2625.64,5,6.2,1,,piece--6-9,Boadilla del Monte,1,-3.89443,40.4087,-3.88919,40.4034,-3.89181,40.406,,
Boadilla del Monte--piece--7-0--gCloud,"scraping-fotocasa-gCloud--12_7_2018,_7_11_51_AM",fotocasa,gCloud,1544176199000,0,0,0,0,,piece--7-0,Boadilla del Monte,1,-3.88919,40.4564,-3.88395,40.4511,-3.88657,40.4537,,
Boadilla del Monte--piece--7-1--gCloud,"scraping-fotocasa-gCloud--12_7_2018,_7_11_51_AM",fotocasa,gCloud,1544176211000,2320.55,1,0,0,,piece--7-1,Boadilla del Monte,1,-3.88919,40.4511,-3.88395,40.4458,-3.88657,40.4484,,
Boadilla del Monte--piece--7-10--gCloud,"scraping-fotocasa-gCloud--12_7_2018,_7_11_51_AM",fotocasa,gCloud,1544176223000,2137.38,14,9.30711,5,,piece--7-10,Boadilla del Monte,1,-3.88919,40.4034,-3.88395,40.3981,-3.88657,40.4007,,
Boadilla del Monte--piece--7-2--gCloud,"scraping-fotocasa-gCloud--12_7_2018,_7_11_51_AM",fotocasa,gCloud,1544176231000,0,0,0,0,,piece--7-2,Boadilla del Monte,1,-3.88919,40.4458,-3.88395,40.4405,-3.88657,40.4431,,
Boadilla del Monte--piece--7-3--gCloud,"scraping-fotocasa-gCloud--12_7_2018,_7_11_51_AM",fotocasa,gCloud,1544176243000,2948.37,2,0,0,,piece--7-3,Boadilla del Monte,1,-3.88919,40.4405,-3.88395,40.4352,-3.88657,40.4378,,
Boadilla del Monte--piece--7-4--gCloud,"scraping-fotocasa-gCloud--12_7_2018,_7_11_51_AM",fotocasa,gCloud,1544176254000,2443.82,2,9.05263,1,,piece--7-4,Boadilla del Monte,1,-3.88919,40.4352,-3.88395,40.4299,-3.88657,40.4325,,
Boadilla del Monte--piece--7-5--gCloud,"scraping-fotocasa-gCloud--12_7_2018,_7_11_51_AM",fotocasa,gCloud,1544176260000,1618.3,8,0,0,,piece--7-5,Boadilla del Monte,1,-3.88919,40.4299,-3.88395,40.4246,-3.88657,40.4272,,
Boadilla del Monte--piece--7-6--gCloud,"scraping-fotocasa-gCloud--12_7_2018,_7_11_51_AM",fotocasa,gCloud,1544176269000,1439.02,3,0,0,,piece--7-6,Boadilla del Monte,1,-3.88919,40.4246,-3.88395,40.4193,-3.88657,40.4219,,
Boadilla del Monte--piece--7-7--gCloud,"scraping-fotocasa-gCloud--12_7_2018,_7_11_51_AM",fotocasa,gCloud,1544176277000,2225.26,3,6.99088,1,,piece--7-7,Boadilla del Monte,1,-3.88919,40.4193,-3.88395,40.414,-3.88657,40.4166,,
Boadilla del Monte--piece--7-8--gCloud,"scraping-fotocasa-gCloud--12_7_2018,_7_11_51_AM",fotocasa,gCloud,1544176283000,3237.43,9,8.66667,1,,piece--7-8,Boadilla del Monte,1,-3.88919,40.414,-3.88395,40.4087,-3.88657,40.4113,,
Boadilla del Monte--piece--7-9--gCloud,"scraping-fotocasa-gCloud--12_7_2018,_7_11_51_AM",fotocasa,gCloud,1544176292000,2720.89,13,10.6435,5,,piece--7-9,Boadilla del Monte,1,-3.88919,40.4087,-3.88395,40.4034,-3.88657,40.406,,
Boadilla del Monte--piece--8-0--gCloud,"scraping-fotocasa-gCloud--12_7_2018,_7_11_51_AM",fotocasa,gCloud,1544176300000,3851.85,1,9.37057,2,,piece--8-0,Boadilla del Monte,1,-3.88395,40.4564,-3.8787,40.4511,-3.88133,40.4537,,
Boadilla del Monte--piece--8-1--gCloud,"scraping-fotocasa-gCloud--12_7_2018,_7_11_51_AM",fotocasa,gCloud,1544176305000,0,0,0,0,,piece--8-1,Boadilla del Monte,1,-3.88395,40.4511,-3.8787,40.4458,-3.88133,40.4484,,
Boadilla del Monte--piece--8-10--gCloud,"scraping-fotocasa-gCloud--12_7_2018,_7_11_51_AM",fotocasa,gCloud,1544176316000,2738.55,9,9.90625,2,,piece--8-10,Boadilla del Monte,1,-3.88395,40.4034,-3.8787,40.3981,-3.88133,40.4007,,
Boadilla del Monte--piece--8-2--gCloud,"scraping-fotocasa-gCloud--12_7_2018,_7_11_51_AM",fotocasa,gCloud,1544176322000,2875.48,3,0,0,,piece--8-2,Boadilla del Monte,1,-3.88395,40.4458,-3.8787,40.4405,-3.88133,40.4431,,
Boadilla del Monte--piece--8-3--gCloud,"scraping-fotocasa-gCloud--12_7_2018,_7_11_51_AM",fotocasa,gCloud,1544176328000,2355.26,25,0,0,,piece--8-3,Boadilla del Monte,1,-3.88395,40.4405,-3.8787,40.4352,-3.88133,40.4378,,
Boadilla del Monte--piece--8-4--gCloud,"scraping-fotocasa-gCloud--12_7_2018,_7_11_51_AM",fotocasa,gCloud,1544176334000,972.788,2,0,0,,piece--8-4,Boadilla del Monte,1,-3.88395,40.4352,-3.8787,40.4299,-3.88133,40.4325,,
Boadilla del Monte--piece--8-5--gCloud,"scraping-fotocasa-gCloud--12_7_2018,_7_11_51_AM",fotocasa,gCloud,1544176339000,1604.55,4,0,0,,piece--8-5,Boadilla del Monte,1,-3.88395,40.4299,-3.8787,40.4246,-3.88133,40.4272,,
Boadilla del Monte--piece--8-6--gCloud,"scraping-fotocasa-gCloud--12_7_2018,_7_11_51_AM",fotocasa,gCloud,1544176349000,1587.8,20,15.3846,1,,piece--8-6,Boadilla del Monte,1,-3.88395,40.4246,-3.8787,40.4193,-3.88133,40.4219,,
Boadilla del Monte--piece--8-7--gCloud,"scraping-fotocasa-gCloud--12_7_2018,_7_11_51_AM",fotocasa,gCloud,1544176355000,2939.96,24,7.4,1,,piece--8-7,Boadilla del Monte,1,-3.88395,40.4193,-3.8787,40.414,-3.88133,40.4166,,
Boadilla del Monte--piece--8-8--gCloud,"scraping-fotocasa-gCloud--12_7_2018,_7_11_51_AM",fotocasa,gCloud,1544176363000,1.5493,2,0,0,,piece--8-8,Boadilla del Monte,1,-3.88395,40.414,-3.8787,40.4087,-3.88133,40.4113,,
Boadilla del Monte--piece--8-9--gCloud,"scraping-fotocasa-gCloud--12_7_2018,_7_11_51_AM",fotocasa,gCloud,1544176377000,2864.29,9,10.7925,3,,piece--8-9,Boadilla del Monte,1,-3.88395,40.4087,-3.8787,40.4034,-3.88133,40.406,,
Boadilla del Monte--piece--9-0--gCloud,"scraping-fotocasa-gCloud--12_7_2018,_7_11_51_AM",fotocasa,gCloud,1544176385000,3183.76,1,0,0,,piece--9-0,Boadilla del Monte,1,-3.8787,40.4564,-3.87346,40.4511,-3.87608,40.4537,,
Boadilla del Monte--piece--9-1--gCloud,"scraping-fotocasa-gCloud--12_7_2018,_7_11_51_AM",fotocasa,gCloud,1544176393000,0,0,0,0,,piece--9-1,Boadilla del Monte,1,-3.8787,40.4511,-3.87346,40.4458,-3.87608,40.4484,,
Boadilla del Monte--piece--9-10--gCloud,"scraping-fotocasa-gCloud--12_7_2018,_7_11_51_AM",fotocasa,gCloud,1544176402000,3714.29,1,10,1,,piece--9-10,Boadilla del Monte,1,-3.8787,40.4034,-3.87346,40.3981,-3.87608,40.4007,,
Boadilla del Monte--piece--9-2--gCloud,"scraping-fotocasa-gCloud--12_7_2018,_7_11_51_AM",fotocasa,gCloud,1544176407000,3258.26,3,12.2029,2,,piece--9-2,Boadilla del Monte,1,-3.8787,40.4458,-3.87346,40.4405,-3.87608,40.4431,,
Boadilla del Monte--piece--9-3--gCloud,"scraping-fotocasa-gCloud--12_7_2018,_7_11_51_AM",fotocasa,gCloud,1544176416000,3093.21,3,11.3203,7,,piece--9-3,Boadilla del Monte,1,-3.8787,40.4405,-3.87346,40.4352,-3.87608,40.4378,,
Boadilla del Monte--piece--9-4--gCloud,"scraping-fotocasa-gCloud--12_7_2018,_7_11_51_AM",fotocasa,gCloud,1544176422000,0,0,0,0,,piece--9-4,Boadilla del Monte,1,-3.8787,40.4352,-3.87346,40.4299,-3.87608,40.4325,,
Boadilla del Monte--piece--9-5--gCloud,"scraping-fotocasa-gCloud--12_7_2018,_7_11_51_AM",fotocasa,gCloud,1544176431000,2.28137,1,0,0,,piece--9-5,Boadilla del Monte,1,-3.8787,40.4299,-3.87346,40.4246,-3.87608,40.4272,,
Boadilla del Monte--piece--9-6--gCloud,"scraping-fotocasa-gCloud--12_7_2018,_7_11_51_AM",fotocasa,gCloud,1544176443000,1882.7,3,10,1,,piece--9-6,Boadilla del Monte,1,-3.8787,40.4246,-3.87346,40.4193,-3.87608,40.4219,,
Boadilla del Monte--piece--9-7--gCloud,"scraping-fotocasa-gCloud--12_7_2018,_7_11_51_AM",fotocasa,gCloud,1544176448000,3800,1,9.14286,1,,piece--9-7,Boadilla del Monte,1,-3.8787,40.4193,-3.87346,40.414,-3.87608,40.4166,,
Boadilla del Monte--piece--9-8--gCloud,"scraping-fotocasa-gCloud--12_7_2018,_7_11_51_AM",fotocasa,gCloud,1544176459000,0,0,0,0,,piece--9-8,Boadilla del Monte,1,-3.8787,40.414,-3.87346,40.4087,-3.87608,40.4113,,
Boadilla del Monte--piece--9-9--gCloud,"scraping-fotocasa-gCloud--12_7_2018,_7_11_51_AM",fotocasa,gCloud,1544176471000,1818.46,11,13.0833,4,,piece--9-9,Boadilla del Monte,1,-3.8787,40.4087,-3.87346,40.4034,-3.87608,40.406,,
