piece_id,scraping_id,app_id,device_id,date_scraped,average_prize_buy,number_of_ads_buy,average_prize_rent,number_of_ads_rent,extra_data,piece_name,city_name,scraped,bounding_box1_x,bounding_box1_y,bounding_box2_x,bounding_box2_y,center_point_x,center_point_y,geojson_coordinates,method
Boadilla del Monte--piece--0-0--raspberry3bp,scraping-airbnb-raspberry3bp--2018-11-29_14_04_43,airbnb,raspberry3bp,1544118447000,0,0,0,0,,piece--0-0,Boadilla del Monte,0,-3.92587,40.4564,-3.92063,40.4511,-3.92325,40.4537,,
Boadilla del Monte--piece--0-1--raspberry3bp,scraping-airbnb-raspberry3bp--2018-11-29_14_04_43,airbnb,raspberry3bp,1544118468000,0,0,0,0,,piece--0-1,Boadilla del Monte,0,-3.92587,40.4511,-3.92063,40.4458,-3.92325,40.4484,,
Boadilla del Monte--piece--0-10--raspberry3bp,scraping-airbnb-raspberry3bp--2018-11-29_14_04_43,airbnb,raspberry3bp,1544118484000,0,0,0,1,,piece--0-10,Boadilla del Monte,0,-3.92587,40.4034,-3.92063,40.3981,-3.92325,40.4007,,
Boadilla del Monte--piece--0-2--raspberry3bp,scraping-airbnb-raspberry3bp--2018-11-29_14_04_43,airbnb,raspberry3bp,1544118498000,0,0,0,0,,piece--0-2,Boadilla del Monte,0,-3.92587,40.4458,-3.92063,40.4405,-3.92325,40.4431,,
Boadilla del Monte--piece--0-3--raspberry3bp,scraping-airbnb-raspberry3bp--2018-11-29_14_04_43,airbnb,raspberry3bp,1544118525000,0,0,0,0,,piece--0-3,Boadilla del Monte,0,-3.92587,40.4405,-3.92063,40.4352,-3.92325,40.4378,,
Boadilla del Monte--piece--0-4--raspberry3bp,scraping-airbnb-raspberry3bp--2018-11-29_14_04_43,airbnb,raspberry3bp,1544118541000,0,0,0,0,,piece--0-4,Boadilla del Monte,0,-3.92587,40.4352,-3.92063,40.4299,-3.92325,40.4325,,
Boadilla del Monte--piece--0-5--raspberry3bp,scraping-airbnb-raspberry3bp--2018-11-29_14_04_43,airbnb,raspberry3bp,1544118556000,0,0,0,0,,piece--0-5,Boadilla del Monte,0,-3.92587,40.4299,-3.92063,40.4246,-3.92325,40.4272,,
Boadilla del Monte--piece--0-6--raspberry3bp,scraping-airbnb-raspberry3bp--2018-11-29_14_04_43,airbnb,raspberry3bp,1544118574000,0,0,0,0,,piece--0-6,Boadilla del Monte,0,-3.92587,40.4246,-3.92063,40.4193,-3.92325,40.4219,,
Boadilla del Monte--piece--0-7--raspberry3bp,scraping-airbnb-raspberry3bp--2018-11-29_14_04_43,airbnb,raspberry3bp,1544118589000,0,0,0,0,,piece--0-7,Boadilla del Monte,0,-3.92587,40.4193,-3.92063,40.414,-3.92325,40.4166,,
Boadilla del Monte--piece--0-8--raspberry3bp,scraping-airbnb-raspberry3bp--2018-11-29_14_04_43,airbnb,raspberry3bp,1544118612000,0,0,0,0,,piece--0-8,Boadilla del Monte,0,-3.92587,40.414,-3.92063,40.4087,-3.92325,40.4113,,
Boadilla del Monte--piece--0-9--raspberry3bp,scraping-airbnb-raspberry3bp--2018-11-29_14_04_43,airbnb,raspberry3bp,1544118632000,0,0,0,0,,piece--0-9,Boadilla del Monte,0,-3.92587,40.4087,-3.92063,40.4034,-3.92325,40.406,,
Boadilla del Monte--piece--1-0--raspberry3bp,scraping-airbnb-raspberry3bp--2018-11-29_14_04_43,airbnb,raspberry3bp,1544118649000,0,0,0,0,,piece--1-0,Boadilla del Monte,0,-3.92063,40.4564,-3.91539,40.4511,-3.91801,40.4537,,
Boadilla del Monte--piece--1-1--raspberry3bp,scraping-airbnb-raspberry3bp--2018-11-29_14_04_43,airbnb,raspberry3bp,1544118667000,0,0,0,0,,piece--1-1,Boadilla del Monte,0,-3.92063,40.4511,-3.91539,40.4458,-3.91801,40.4484,,
Boadilla del Monte--piece--1-10--raspberry3bp,scraping-airbnb-raspberry3bp--2018-11-29_14_04_43,airbnb,raspberry3bp,1544118686000,0,0,4,1,,piece--1-10,Boadilla del Monte,0,-3.92063,40.4034,-3.91539,40.3981,-3.91801,40.4007,,
Boadilla del Monte--piece--1-2--raspberry3bp,scraping-airbnb-raspberry3bp--2018-11-29_14_04_43,airbnb,raspberry3bp,1544118712000,0,0,0,0,,piece--1-2,Boadilla del Monte,0,-3.92063,40.4458,-3.91539,40.4405,-3.91801,40.4431,,
Boadilla del Monte--piece--1-3--raspberry3bp,scraping-airbnb-raspberry3bp--2018-11-29_14_04_43,airbnb,raspberry3bp,1544118725000,0,0,0,0,,piece--1-3,Boadilla del Monte,0,-3.92063,40.4405,-3.91539,40.4352,-3.91801,40.4378,,
Boadilla del Monte--piece--1-4--raspberry3bp,scraping-airbnb-raspberry3bp--2018-11-29_14_04_43,airbnb,raspberry3bp,1544118742000,0,0,0,0,,piece--1-4,Boadilla del Monte,0,-3.92063,40.4352,-3.91539,40.4299,-3.91801,40.4325,,
Boadilla del Monte--piece--1-5--raspberry3bp,scraping-airbnb-raspberry3bp--2018-11-29_14_04_43,airbnb,raspberry3bp,1544118766000,0,0,0,0,,piece--1-5,Boadilla del Monte,0,-3.92063,40.4299,-3.91539,40.4246,-3.91801,40.4272,,
Boadilla del Monte--piece--1-6--raspberry3bp,scraping-airbnb-raspberry3bp--2018-11-29_14_04_43,airbnb,raspberry3bp,1544118782000,0,0,0,0,,piece--1-6,Boadilla del Monte,0,-3.92063,40.4246,-3.91539,40.4193,-3.91801,40.4219,,
Boadilla del Monte--piece--1-7--raspberry3bp,scraping-airbnb-raspberry3bp--2018-11-29_14_04_43,airbnb,raspberry3bp,1544118798000,0,0,0,0,,piece--1-7,Boadilla del Monte,0,-3.92063,40.4193,-3.91539,40.414,-3.91801,40.4166,,
Boadilla del Monte--piece--1-8--raspberry3bp,scraping-airbnb-raspberry3bp--2018-11-29_14_04_43,airbnb,raspberry3bp,1544118821000,0,0,0,0,,piece--1-8,Boadilla del Monte,0,-3.92063,40.414,-3.91539,40.4087,-3.91801,40.4113,,
Boadilla del Monte--piece--1-9--raspberry3bp,scraping-airbnb-raspberry3bp--2018-11-29_14_04_43,airbnb,raspberry3bp,1544118837000,0,0,0,0,,piece--1-9,Boadilla del Monte,0,-3.92063,40.4087,-3.91539,40.4034,-3.91801,40.406,,
Boadilla del Monte--piece--10-0--raspberry3bp,scraping-airbnb-raspberry3bp--2018-11-29_14_04_43,airbnb,raspberry3bp,1544118858000,0,0,0,1,,piece--10-0,Boadilla del Monte,0,-3.87346,40.4564,-3.86822,40.4511,-3.87084,40.4537,,
Boadilla del Monte--piece--10-1--raspberry3bp,scraping-airbnb-raspberry3bp--2018-11-29_14_04_43,airbnb,raspberry3bp,1544118884000,0,0,0,0,,piece--10-1,Boadilla del Monte,0,-3.87346,40.4511,-3.86822,40.4458,-3.87084,40.4484,,
Boadilla del Monte--piece--10-10--raspberry3bp,scraping-airbnb-raspberry3bp--2018-11-29_14_04_43,airbnb,raspberry3bp,1544118905000,0,0,0,0,,piece--10-10,Boadilla del Monte,0,-3.87346,40.4034,-3.86822,40.3981,-3.87084,40.4007,,
Boadilla del Monte--piece--10-2--raspberry3bp,scraping-airbnb-raspberry3bp--2018-11-29_14_04_43,airbnb,raspberry3bp,1544118922000,0,0,0,0,,piece--10-2,Boadilla del Monte,0,-3.87346,40.4458,-3.86822,40.4405,-3.87084,40.4431,,
Boadilla del Monte--piece--10-3--raspberry3bp,scraping-airbnb-raspberry3bp--2018-11-29_14_04_43,airbnb,raspberry3bp,1544118936000,0,0,0,0,,piece--10-3,Boadilla del Monte,0,-3.87346,40.4405,-3.86822,40.4352,-3.87084,40.4378,,
Boadilla del Monte--piece--10-4--raspberry3bp,scraping-airbnb-raspberry3bp--2018-11-29_14_04_43,airbnb,raspberry3bp,1544118955000,0,0,0,0,,piece--10-4,Boadilla del Monte,0,-3.87346,40.4352,-3.86822,40.4299,-3.87084,40.4325,,
Boadilla del Monte--piece--10-5--raspberry3bp,scraping-airbnb-raspberry3bp--2018-11-29_14_04_43,airbnb,raspberry3bp,1544118975000,0,0,0,1,,piece--10-5,Boadilla del Monte,0,-3.87346,40.4299,-3.86822,40.4246,-3.87084,40.4272,,
Boadilla del Monte--piece--10-6--raspberry3bp,scraping-airbnb-raspberry3bp--2018-11-29_14_04_43,airbnb,raspberry3bp,1544118994000,0,0,0,0,,piece--10-6,Boadilla del Monte,0,-3.87346,40.4246,-3.86822,40.4193,-3.87084,40.4219,,
Boadilla del Monte--piece--10-7--raspberry3bp,scraping-airbnb-raspberry3bp--2018-11-29_14_04_43,airbnb,raspberry3bp,1544119010000,0,0,0,0,,piece--10-7,Boadilla del Monte,0,-3.87346,40.4193,-3.86822,40.414,-3.87084,40.4166,,
Boadilla del Monte--piece--10-8--raspberry3bp,scraping-airbnb-raspberry3bp--2018-11-29_14_04_43,airbnb,raspberry3bp,1544119042000,0,0,0,0,,piece--10-8,Boadilla del Monte,0,-3.87346,40.414,-3.86822,40.4087,-3.87084,40.4113,,
Boadilla del Monte--piece--10-9--raspberry3bp,scraping-airbnb-raspberry3bp--2018-11-29_14_04_43,airbnb,raspberry3bp,1544119079000,0,0,0,0,,piece--10-9,Boadilla del Monte,0,-3.87346,40.4087,-3.86822,40.4034,-3.87084,40.406,,
Boadilla del Monte--piece--11-0--raspberry3bp,scraping-airbnb-raspberry3bp--2018-11-29_14_04_43,airbnb,raspberry3bp,1544119097000,0,0,0,0,,piece--11-0,Boadilla del Monte,0,-3.86822,40.4564,-3.86298,40.4511,-3.8656,40.4537,,
Boadilla del Monte--piece--11-1--raspberry3bp,scraping-airbnb-raspberry3bp--2018-11-29_14_04_43,airbnb,raspberry3bp,1544119115000,0,0,2,2,,piece--11-1,Boadilla del Monte,0,-3.86822,40.4511,-3.86298,40.4458,-3.8656,40.4484,,
Boadilla del Monte--piece--11-10--raspberry3bp,scraping-airbnb-raspberry3bp--2018-11-29_14_04_43,airbnb,raspberry3bp,1544119132000,0,0,0,0,,piece--11-10,Boadilla del Monte,0,-3.86822,40.4034,-3.86298,40.3981,-3.8656,40.4007,,
Boadilla del Monte--piece--11-2--raspberry3bp,scraping-airbnb-raspberry3bp--2018-11-29_14_04_43,airbnb,raspberry3bp,1544119144000,0,0,0,0,,piece--11-2,Boadilla del Monte,0,-3.86822,40.4458,-3.86298,40.4405,-3.8656,40.4431,,
Boadilla del Monte--piece--11-3--raspberry3bp,scraping-airbnb-raspberry3bp--2018-11-29_14_04_43,airbnb,raspberry3bp,1544119156000,0,0,0,0,,piece--11-3,Boadilla del Monte,0,-3.86822,40.4405,-3.86298,40.4352,-3.8656,40.4378,,
Boadilla del Monte--piece--11-4--raspberry3bp,scraping-airbnb-raspberry3bp--2018-11-29_14_04_43,airbnb,raspberry3bp,1544119175000,0,0,0,0,,piece--11-4,Boadilla del Monte,0,-3.86822,40.4352,-3.86298,40.4299,-3.8656,40.4325,,
Boadilla del Monte--piece--11-5--raspberry3bp,scraping-airbnb-raspberry3bp--2018-11-29_14_04_43,airbnb,raspberry3bp,1544119193000,0,0,0,0,,piece--11-5,Boadilla del Monte,0,-3.86822,40.4299,-3.86298,40.4246,-3.8656,40.4272,,
Boadilla del Monte--piece--11-6--raspberry3bp,scraping-airbnb-raspberry3bp--2018-11-29_14_04_43,airbnb,raspberry3bp,1544119215000,0,0,0,0,,piece--11-6,Boadilla del Monte,0,-3.86822,40.4246,-3.86298,40.4193,-3.8656,40.4219,,
Boadilla del Monte--piece--11-7--raspberry3bp,scraping-airbnb-raspberry3bp--2018-11-29_14_04_43,airbnb,raspberry3bp,1544119232000,0,0,0,0,,piece--11-7,Boadilla del Monte,0,-3.86822,40.4193,-3.86298,40.414,-3.8656,40.4166,,
Boadilla del Monte--piece--11-8--raspberry3bp,scraping-airbnb-raspberry3bp--2018-11-29_14_04_43,airbnb,raspberry3bp,1544119245000,0,0,0,0,,piece--11-8,Boadilla del Monte,0,-3.86822,40.414,-3.86298,40.4087,-3.8656,40.4113,,
Boadilla del Monte--piece--11-9--raspberry3bp,scraping-airbnb-raspberry3bp--2018-11-29_14_04_43,airbnb,raspberry3bp,1544119263000,0,0,0,0,,piece--11-9,Boadilla del Monte,0,-3.86822,40.4087,-3.86298,40.4034,-3.8656,40.406,,
Boadilla del Monte--piece--12-0--raspberry3bp,scraping-airbnb-raspberry3bp--2018-11-29_14_04_43,airbnb,raspberry3bp,1544119285000,0,0,0,1,,piece--12-0,Boadilla del Monte,0,-3.86298,40.4564,-3.85774,40.4511,-3.86036,40.4537,,
Boadilla del Monte--piece--12-1--raspberry3bp,scraping-airbnb-raspberry3bp--2018-11-29_14_04_43,airbnb,raspberry3bp,1544119311000,0,0,2,1,,piece--12-1,Boadilla del Monte,0,-3.86298,40.4511,-3.85774,40.4458,-3.86036,40.4484,,
Boadilla del Monte--piece--12-10--raspberry3bp,scraping-airbnb-raspberry3bp--2018-11-29_14_04_43,airbnb,raspberry3bp,1544119326000,0,0,0,0,,piece--12-10,Boadilla del Monte,0,-3.86298,40.4034,-3.85774,40.3981,-3.86036,40.4007,,
Boadilla del Monte--piece--12-2--raspberry3bp,scraping-airbnb-raspberry3bp--2018-11-29_14_04_43,airbnb,raspberry3bp,1544119344000,0,0,0,0,,piece--12-2,Boadilla del Monte,0,-3.86298,40.4458,-3.85774,40.4405,-3.86036,40.4431,,
Boadilla del Monte--piece--12-3--raspberry3bp,scraping-airbnb-raspberry3bp--2018-11-29_14_04_43,airbnb,raspberry3bp,1544119368000,0,0,0,0,,piece--12-3,Boadilla del Monte,0,-3.86298,40.4405,-3.85774,40.4352,-3.86036,40.4378,,
Boadilla del Monte--piece--12-4--raspberry3bp,scraping-airbnb-raspberry3bp--2018-11-29_14_04_43,airbnb,raspberry3bp,1544119381000,0,0,0,0,,piece--12-4,Boadilla del Monte,0,-3.86298,40.4352,-3.85774,40.4299,-3.86036,40.4325,,
Boadilla del Monte--piece--12-5--raspberry3bp,scraping-airbnb-raspberry3bp--2018-11-29_14_04_43,airbnb,raspberry3bp,1544119399000,0,0,0,0,,piece--12-5,Boadilla del Monte,0,-3.86298,40.4299,-3.85774,40.4246,-3.86036,40.4272,,
Boadilla del Monte--piece--12-6--raspberry3bp,scraping-airbnb-raspberry3bp--2018-11-29_14_04_43,airbnb,raspberry3bp,1544119414000,0,0,0,0,,piece--12-6,Boadilla del Monte,0,-3.86298,40.4246,-3.85774,40.4193,-3.86036,40.4219,,
Boadilla del Monte--piece--12-7--raspberry3bp,scraping-airbnb-raspberry3bp--2018-11-29_14_04_43,airbnb,raspberry3bp,1544119430000,0,0,0,0,,piece--12-7,Boadilla del Monte,0,-3.86298,40.4193,-3.85774,40.414,-3.86036,40.4166,,
Boadilla del Monte--piece--12-8--raspberry3bp,scraping-airbnb-raspberry3bp--2018-11-29_14_04_43,airbnb,raspberry3bp,1544119442000,0,0,0,0,,piece--12-8,Boadilla del Monte,0,-3.86298,40.414,-3.85774,40.4087,-3.86036,40.4113,,
Boadilla del Monte--piece--12-9--raspberry3bp,scraping-airbnb-raspberry3bp--2018-11-29_14_04_43,airbnb,raspberry3bp,1544119460000,0,0,0,0,,piece--12-9,Boadilla del Monte,0,-3.86298,40.4087,-3.85774,40.4034,-3.86036,40.406,,
Boadilla del Monte--piece--2-0--raspberry3bp,scraping-airbnb-raspberry3bp--2018-11-29_14_04_43,airbnb,raspberry3bp,1544119472000,0,0,0,0,,piece--2-0,Boadilla del Monte,0,-3.91539,40.4564,-3.91015,40.4511,-3.91277,40.4537,,
Boadilla del Monte--piece--2-1--raspberry3bp,scraping-airbnb-raspberry3bp--2018-11-29_14_04_43,airbnb,raspberry3bp,1544119484000,0,0,0,0,,piece--2-1,Boadilla del Monte,0,-3.91539,40.4511,-3.91015,40.4458,-3.91277,40.4484,,
Boadilla del Monte--piece--2-10--raspberry3bp,scraping-airbnb-raspberry3bp--2018-11-29_14_04_43,airbnb,raspberry3bp,1544119516000,0,0,0,0,,piece--2-10,Boadilla del Monte,0,-3.91539,40.4034,-3.91015,40.3981,-3.91277,40.4007,,
Boadilla del Monte--piece--2-2--raspberry3bp,scraping-airbnb-raspberry3bp--2018-11-29_14_04_43,airbnb,raspberry3bp,1544119539000,0,0,0,0,,piece--2-2,Boadilla del Monte,0,-3.91539,40.4458,-3.91015,40.4405,-3.91277,40.4431,,
Boadilla del Monte--piece--2-3--raspberry3bp,scraping-airbnb-raspberry3bp--2018-11-29_14_04_43,airbnb,raspberry3bp,1544119554000,0,0,0,1,,piece--2-3,Boadilla del Monte,0,-3.91539,40.4405,-3.91015,40.4352,-3.91277,40.4378,,
Boadilla del Monte--piece--2-4--raspberry3bp,scraping-airbnb-raspberry3bp--2018-11-29_14_04_43,airbnb,raspberry3bp,1544119571000,0,0,2,3,,piece--2-4,Boadilla del Monte,0,-3.91539,40.4352,-3.91015,40.4299,-3.91277,40.4325,,
Boadilla del Monte--piece--2-5--raspberry3bp,scraping-airbnb-raspberry3bp--2018-11-29_14_04_43,airbnb,raspberry3bp,1544119586000,0,0,0,0,,piece--2-5,Boadilla del Monte,0,-3.91539,40.4299,-3.91015,40.4246,-3.91277,40.4272,,
Boadilla del Monte--piece--2-6--raspberry3bp,scraping-airbnb-raspberry3bp--2018-11-29_14_04_43,airbnb,raspberry3bp,1544119610000,0,0,0,0,,piece--2-6,Boadilla del Monte,0,-3.91539,40.4246,-3.91015,40.4193,-3.91277,40.4219,,
Boadilla del Monte--piece--2-7--raspberry3bp,scraping-airbnb-raspberry3bp--2018-11-29_14_04_43,airbnb,raspberry3bp,1544119632000,0,0,0,0,,piece--2-7,Boadilla del Monte,0,-3.91539,40.4193,-3.91015,40.414,-3.91277,40.4166,,
Boadilla del Monte--piece--2-8--raspberry3bp,scraping-airbnb-raspberry3bp--2018-11-29_14_04_43,airbnb,raspberry3bp,1544119647000,0,0,0,0,,piece--2-8,Boadilla del Monte,0,-3.91539,40.414,-3.91015,40.4087,-3.91277,40.4113,,
Boadilla del Monte--piece--2-9--raspberry3bp,scraping-airbnb-raspberry3bp--2018-11-29_14_04_43,airbnb,raspberry3bp,1544119662000,0,0,0,0,,piece--2-9,Boadilla del Monte,0,-3.91539,40.4087,-3.91015,40.4034,-3.91277,40.406,,
Boadilla del Monte--piece--3-0--raspberry3bp,scraping-airbnb-raspberry3bp--2018-11-29_14_04_43,airbnb,raspberry3bp,1544119684000,0,0,0,0,,piece--3-0,Boadilla del Monte,0,-3.91015,40.4564,-3.90491,40.4511,-3.90753,40.4537,,
Boadilla del Monte--piece--3-1--raspberry3bp,scraping-airbnb-raspberry3bp--2018-11-29_14_04_43,airbnb,raspberry3bp,1544119703000,0,0,0,0,,piece--3-1,Boadilla del Monte,0,-3.91015,40.4511,-3.90491,40.4458,-3.90753,40.4484,,
Boadilla del Monte--piece--3-10--raspberry3bp,scraping-airbnb-raspberry3bp--2018-11-29_14_04_43,airbnb,raspberry3bp,1544119723000,0,0,0,0,,piece--3-10,Boadilla del Monte,0,-3.91015,40.4034,-3.90491,40.3981,-3.90753,40.4007,,
Boadilla del Monte--piece--3-2--raspberry3bp,scraping-airbnb-raspberry3bp--2018-11-29_14_04_43,airbnb,raspberry3bp,1544119739000,0,0,0,0,,piece--3-2,Boadilla del Monte,0,-3.91015,40.4458,-3.90491,40.4405,-3.90753,40.4431,,
Boadilla del Monte--piece--3-3--raspberry3bp,scraping-airbnb-raspberry3bp--2018-11-29_14_04_43,airbnb,raspberry3bp,1544119751000,0,0,0,0,,piece--3-3,Boadilla del Monte,0,-3.91015,40.4405,-3.90491,40.4352,-3.90753,40.4378,,
Boadilla del Monte--piece--3-4--raspberry3bp,scraping-airbnb-raspberry3bp--2018-11-29_14_04_43,airbnb,raspberry3bp,1544119774000,0,0,0,0,,piece--3-4,Boadilla del Monte,0,-3.91015,40.4352,-3.90491,40.4299,-3.90753,40.4325,,
Boadilla del Monte--piece--3-5--raspberry3bp,scraping-airbnb-raspberry3bp--2018-11-29_14_04_43,airbnb,raspberry3bp,1544119797000,0,0,0,0,,piece--3-5,Boadilla del Monte,0,-3.91015,40.4299,-3.90491,40.4246,-3.90753,40.4272,,
Boadilla del Monte--piece--3-6--raspberry3bp,scraping-airbnb-raspberry3bp--2018-11-29_14_04_43,airbnb,raspberry3bp,1544119812000,0,0,0,0,,piece--3-6,Boadilla del Monte,0,-3.91015,40.4246,-3.90491,40.4193,-3.90753,40.4219,,
Boadilla del Monte--piece--3-7--raspberry3bp,scraping-airbnb-raspberry3bp--2018-11-29_14_04_43,airbnb,raspberry3bp,1544119826000,0,0,0,0,,piece--3-7,Boadilla del Monte,0,-3.91015,40.4193,-3.90491,40.414,-3.90753,40.4166,,
Boadilla del Monte--piece--3-8--raspberry3bp,scraping-airbnb-raspberry3bp--2018-11-29_14_04_43,airbnb,raspberry3bp,1544119850000,0,0,0,0,,piece--3-8,Boadilla del Monte,0,-3.91015,40.414,-3.90491,40.4087,-3.90753,40.4113,,
Boadilla del Monte--piece--3-9--raspberry3bp,scraping-airbnb-raspberry3bp--2018-11-29_14_04_43,airbnb,raspberry3bp,1544119866000,0,0,0,0,,piece--3-9,Boadilla del Monte,0,-3.91015,40.4087,-3.90491,40.4034,-3.90753,40.406,,
Boadilla del Monte--piece--4-0--raspberry3bp,scraping-airbnb-raspberry3bp--2018-11-29_14_04_43,airbnb,raspberry3bp,1544119878000,0,0,0,0,,piece--4-0,Boadilla del Monte,0,-3.90491,40.4564,-3.89967,40.4511,-3.90229,40.4537,,
Boadilla del Monte--piece--4-1--raspberry3bp,scraping-airbnb-raspberry3bp--2018-11-29_14_04_43,airbnb,raspberry3bp,1544119895000,0,0,0,0,,piece--4-1,Boadilla del Monte,0,-3.90491,40.4511,-3.89967,40.4458,-3.90229,40.4484,,
Boadilla del Monte--piece--4-10--raspberry3bp,scraping-airbnb-raspberry3bp--2018-11-29_14_04_43,airbnb,raspberry3bp,1544119921000,0,0,0,0,,piece--4-10,Boadilla del Monte,0,-3.90491,40.4034,-3.89967,40.3981,-3.90229,40.4007,,
Boadilla del Monte--piece--4-2--raspberry3bp,scraping-airbnb-raspberry3bp--2018-11-29_14_04_43,airbnb,raspberry3bp,1544119933000,0,0,0,0,,piece--4-2,Boadilla del Monte,0,-3.90491,40.4458,-3.89967,40.4405,-3.90229,40.4431,,
Boadilla del Monte--piece--4-3--raspberry3bp,scraping-airbnb-raspberry3bp--2018-11-29_14_04_43,airbnb,raspberry3bp,1544119945000,0,0,0,0,,piece--4-3,Boadilla del Monte,0,-3.90491,40.4405,-3.89967,40.4352,-3.90229,40.4378,,
Boadilla del Monte--piece--4-4--raspberry3bp,scraping-airbnb-raspberry3bp--2018-11-29_14_04_43,airbnb,raspberry3bp,1544119964000,0,0,0,0,,piece--4-4,Boadilla del Monte,0,-3.90491,40.4352,-3.89967,40.4299,-3.90229,40.4325,,
Boadilla del Monte--piece--4-5--raspberry3bp,scraping-airbnb-raspberry3bp--2018-11-29_14_04_43,airbnb,raspberry3bp,1544119990000,0,0,0,0,,piece--4-5,Boadilla del Monte,0,-3.90491,40.4299,-3.89967,40.4246,-3.90229,40.4272,,
Boadilla del Monte--piece--4-6--raspberry3bp,scraping-airbnb-raspberry3bp--2018-11-29_14_04_43,airbnb,raspberry3bp,1544120006000,0,0,0,0,,piece--4-6,Boadilla del Monte,0,-3.90491,40.4246,-3.89967,40.4193,-3.90229,40.4219,,
Boadilla del Monte--piece--4-7--raspberry3bp,scraping-airbnb-raspberry3bp--2018-11-29_14_04_43,airbnb,raspberry3bp,1544120029000,0,0,0,0,,piece--4-7,Boadilla del Monte,0,-3.90491,40.4193,-3.89967,40.414,-3.90229,40.4166,,
Boadilla del Monte--piece--4-8--raspberry3bp,scraping-airbnb-raspberry3bp--2018-11-29_14_04_43,airbnb,raspberry3bp,1544120042000,0,0,0,0,,piece--4-8,Boadilla del Monte,0,-3.90491,40.414,-3.89967,40.4087,-3.90229,40.4113,,
Boadilla del Monte--piece--4-9--raspberry3bp,scraping-airbnb-raspberry3bp--2018-11-29_14_04_43,airbnb,raspberry3bp,1544120061000,0,0,0,2,,piece--4-9,Boadilla del Monte,0,-3.90491,40.4087,-3.89967,40.4034,-3.90229,40.406,,
Boadilla del Monte--piece--5-0--raspberry3bp,scraping-airbnb-raspberry3bp--2018-11-29_14_04_43,airbnb,raspberry3bp,1544120083000,0,0,0,0,,piece--5-0,Boadilla del Monte,0,-3.89967,40.4564,-3.89443,40.4511,-3.89705,40.4537,,
Boadilla del Monte--piece--5-1--raspberry3bp,scraping-airbnb-raspberry3bp--2018-11-29_14_04_43,airbnb,raspberry3bp,1544120101000,0,0,0,0,,piece--5-1,Boadilla del Monte,0,-3.89967,40.4511,-3.89443,40.4458,-3.89705,40.4484,,
Boadilla del Monte--piece--5-10--raspberry3bp,scraping-airbnb-raspberry3bp--2018-11-29_14_04_43,airbnb,raspberry3bp,1544120115000,0,0,0,0,,piece--5-10,Boadilla del Monte,0,-3.89967,40.4034,-3.89443,40.3981,-3.89705,40.4007,,
Boadilla del Monte--piece--5-2--raspberry3bp,scraping-airbnb-raspberry3bp--2018-11-29_14_04_43,airbnb,raspberry3bp,1544120130000,0,0,0,0,,piece--5-2,Boadilla del Monte,0,-3.89967,40.4458,-3.89443,40.4405,-3.89705,40.4431,,
Boadilla del Monte--piece--5-3--raspberry3bp,scraping-airbnb-raspberry3bp--2018-11-29_14_04_43,airbnb,raspberry3bp,1544120152000,0,0,0,0,,piece--5-3,Boadilla del Monte,0,-3.89967,40.4405,-3.89443,40.4352,-3.89705,40.4378,,
Boadilla del Monte--piece--5-4--raspberry3bp,scraping-airbnb-raspberry3bp--2018-11-29_14_04_43,airbnb,raspberry3bp,1544120180000,0,0,0,1,,piece--5-4,Boadilla del Monte,0,-3.89967,40.4352,-3.89443,40.4299,-3.89705,40.4325,,
Boadilla del Monte--piece--5-5--raspberry3bp,scraping-airbnb-raspberry3bp--2018-11-29_14_04_43,airbnb,raspberry3bp,1544120198000,0,0,0,0,,piece--5-5,Boadilla del Monte,0,-3.89967,40.4299,-3.89443,40.4246,-3.89705,40.4272,,
Boadilla del Monte--piece--5-6--raspberry3bp,scraping-airbnb-raspberry3bp--2018-11-29_14_04_43,airbnb,raspberry3bp,1544120212000,0,0,0,0,,piece--5-6,Boadilla del Monte,0,-3.89967,40.4246,-3.89443,40.4193,-3.89705,40.4219,,
Boadilla del Monte--piece--5-7--raspberry3bp,scraping-airbnb-raspberry3bp--2018-11-29_14_04_43,airbnb,raspberry3bp,1544120237000,0,0,0,0,,piece--5-7,Boadilla del Monte,0,-3.89967,40.4193,-3.89443,40.414,-3.89705,40.4166,,
Boadilla del Monte--piece--5-8--raspberry3bp,scraping-airbnb-raspberry3bp--2018-11-29_14_04_43,airbnb,raspberry3bp,1544120260000,0,0,0,0,,piece--5-8,Boadilla del Monte,0,-3.89967,40.414,-3.89443,40.4087,-3.89705,40.4113,,
Boadilla del Monte--piece--5-9--raspberry3bp,scraping-airbnb-raspberry3bp--2018-11-29_14_04_43,airbnb,raspberry3bp,1544120275000,0,0,0,0,,piece--5-9,Boadilla del Monte,0,-3.89967,40.4087,-3.89443,40.4034,-3.89705,40.406,,
Boadilla del Monte--piece--6-0--raspberry3bp,scraping-airbnb-raspberry3bp--2018-11-29_14_04_43,airbnb,raspberry3bp,1544120301000,0,0,0,0,,piece--6-0,Boadilla del Monte,0,-3.89443,40.4564,-3.88919,40.4511,-3.89181,40.4537,,
Boadilla del Monte--piece--6-1--raspberry3bp,scraping-airbnb-raspberry3bp--2018-11-29_14_04_43,airbnb,raspberry3bp,1544120319000,0,0,0,0,,piece--6-1,Boadilla del Monte,0,-3.89443,40.4511,-3.88919,40.4458,-3.89181,40.4484,,
Boadilla del Monte--piece--6-10--raspberry3bp,scraping-airbnb-raspberry3bp--2018-11-29_14_04_43,airbnb,raspberry3bp,1544120345000,0,0,0,0,,piece--6-10,Boadilla del Monte,0,-3.89443,40.4034,-3.88919,40.3981,-3.89181,40.4007,,
Boadilla del Monte--piece--6-2--raspberry3bp,scraping-airbnb-raspberry3bp--2018-11-29_14_04_43,airbnb,raspberry3bp,1544120361000,0,0,0,1,,piece--6-2,Boadilla del Monte,0,-3.89443,40.4458,-3.88919,40.4405,-3.89181,40.4431,,
Boadilla del Monte--piece--6-3--raspberry3bp,scraping-airbnb-raspberry3bp--2018-11-29_14_04_43,airbnb,raspberry3bp,1544120380000,0,0,4,1,,piece--6-3,Boadilla del Monte,0,-3.89443,40.4405,-3.88919,40.4352,-3.89181,40.4378,,
Boadilla del Monte--piece--6-4--raspberry3bp,scraping-airbnb-raspberry3bp--2018-11-29_14_04_43,airbnb,raspberry3bp,1544120401000,0,0,0,0,,piece--6-4,Boadilla del Monte,0,-3.89443,40.4352,-3.88919,40.4299,-3.89181,40.4325,,
Boadilla del Monte--piece--6-5--raspberry3bp,scraping-airbnb-raspberry3bp--2018-11-29_14_04_43,airbnb,raspberry3bp,1544120421000,0,0,0,0,,piece--6-5,Boadilla del Monte,0,-3.89443,40.4299,-3.88919,40.4246,-3.89181,40.4272,,
Boadilla del Monte--piece--6-6--raspberry3bp,scraping-airbnb-raspberry3bp--2018-11-29_14_04_43,airbnb,raspberry3bp,1544120439000,0,0,0,0,,piece--6-6,Boadilla del Monte,0,-3.89443,40.4246,-3.88919,40.4193,-3.89181,40.4219,,
Boadilla del Monte--piece--6-7--raspberry3bp,scraping-airbnb-raspberry3bp--2018-11-29_14_04_43,airbnb,raspberry3bp,1544120458000,0,0,0,0,,piece--6-7,Boadilla del Monte,0,-3.89443,40.4193,-3.88919,40.414,-3.89181,40.4166,,
Boadilla del Monte--piece--6-8--raspberry3bp,scraping-airbnb-raspberry3bp--2018-11-29_14_04_43,airbnb,raspberry3bp,1544120474000,0,0,0,0,,piece--6-8,Boadilla del Monte,0,-3.89443,40.414,-3.88919,40.4087,-3.89181,40.4113,,
Boadilla del Monte--piece--6-9--raspberry3bp,scraping-airbnb-raspberry3bp--2018-11-29_14_04_43,airbnb,raspberry3bp,1544120495000,0,0,0,0,,piece--6-9,Boadilla del Monte,0,-3.89443,40.4087,-3.88919,40.4034,-3.89181,40.406,,
Boadilla del Monte--piece--7-0--raspberry3bp,scraping-airbnb-raspberry3bp--2018-11-29_14_04_43,airbnb,raspberry3bp,1544120516000,0,0,0,0,,piece--7-0,Boadilla del Monte,0,-3.88919,40.4564,-3.88395,40.4511,-3.88657,40.4537,,
Boadilla del Monte--piece--7-1--raspberry3bp,scraping-airbnb-raspberry3bp--2018-11-29_14_04_43,airbnb,raspberry3bp,1544120531000,0,0,0,0,,piece--7-1,Boadilla del Monte,0,-3.88919,40.4511,-3.88395,40.4458,-3.88657,40.4484,,
Boadilla del Monte--piece--7-10--raspberry3bp,scraping-airbnb-raspberry3bp--2018-11-29_14_04_43,airbnb,raspberry3bp,1544120551000,0,0,1,1,,piece--7-10,Boadilla del Monte,0,-3.88919,40.4034,-3.88395,40.3981,-3.88657,40.4007,,
Boadilla del Monte--piece--7-2--raspberry3bp,scraping-airbnb-raspberry3bp--2018-11-29_14_04_43,airbnb,raspberry3bp,1544120569000,0,0,0,0,,piece--7-2,Boadilla del Monte,0,-3.88919,40.4458,-3.88395,40.4405,-3.88657,40.4431,,
Boadilla del Monte--piece--7-3--raspberry3bp,scraping-airbnb-raspberry3bp--2018-11-29_14_04_43,airbnb,raspberry3bp,1544120583000,0,0,0,0,,piece--7-3,Boadilla del Monte,0,-3.88919,40.4405,-3.88395,40.4352,-3.88657,40.4378,,
Boadilla del Monte--piece--7-4--raspberry3bp,scraping-airbnb-raspberry3bp--2018-11-29_14_04_43,airbnb,raspberry3bp,1544120595000,0,0,0,0,,piece--7-4,Boadilla del Monte,0,-3.88919,40.4352,-3.88395,40.4299,-3.88657,40.4325,,
Boadilla del Monte--piece--7-5--raspberry3bp,scraping-airbnb-raspberry3bp--2018-11-29_14_04_43,airbnb,raspberry3bp,1544120611000,0,0,0,0,,piece--7-5,Boadilla del Monte,0,-3.88919,40.4299,-3.88395,40.4246,-3.88657,40.4272,,
Boadilla del Monte--piece--7-6--raspberry3bp,scraping-airbnb-raspberry3bp--2018-11-29_14_04_43,airbnb,raspberry3bp,1544120629000,0,0,0,0,,piece--7-6,Boadilla del Monte,0,-3.88919,40.4246,-3.88395,40.4193,-3.88657,40.4219,,
Boadilla del Monte--piece--7-7--raspberry3bp,scraping-airbnb-raspberry3bp--2018-11-29_14_04_43,airbnb,raspberry3bp,1544120652000,0,0,0,0,,piece--7-7,Boadilla del Monte,0,-3.88919,40.4193,-3.88395,40.414,-3.88657,40.4166,,
Boadilla del Monte--piece--7-8--raspberry3bp,scraping-airbnb-raspberry3bp--2018-11-29_14_04_43,airbnb,raspberry3bp,1544120671000,0,0,0,0,,piece--7-8,Boadilla del Monte,0,-3.88919,40.414,-3.88395,40.4087,-3.88657,40.4113,,
Boadilla del Monte--piece--7-9--raspberry3bp,scraping-airbnb-raspberry3bp--2018-11-29_14_04_43,airbnb,raspberry3bp,1544120692000,0,0,0,0,,piece--7-9,Boadilla del Monte,0,-3.88919,40.4087,-3.88395,40.4034,-3.88657,40.406,,
Boadilla del Monte--piece--8-0--raspberry3bp,scraping-airbnb-raspberry3bp--2018-11-29_14_04_43,airbnb,raspberry3bp,1544120706000,0,0,0,0,,piece--8-0,Boadilla del Monte,0,-3.88395,40.4564,-3.8787,40.4511,-3.88133,40.4537,,
Boadilla del Monte--piece--8-1--raspberry3bp,scraping-airbnb-raspberry3bp--2018-11-29_14_04_43,airbnb,raspberry3bp,1544120736000,0,0,2,1,,piece--8-1,Boadilla del Monte,0,-3.88395,40.4511,-3.8787,40.4458,-3.88133,40.4484,,
Boadilla del Monte--piece--8-10--raspberry3bp,scraping-airbnb-raspberry3bp--2018-11-29_14_04_43,airbnb,raspberry3bp,1544120750000,0,0,2,2,,piece--8-10,Boadilla del Monte,0,-3.88395,40.4034,-3.8787,40.3981,-3.88133,40.4007,,
Boadilla del Monte--piece--8-2--raspberry3bp,scraping-airbnb-raspberry3bp--2018-11-29_14_04_43,airbnb,raspberry3bp,1544120785000,0,0,0,0,,piece--8-2,Boadilla del Monte,0,-3.88395,40.4458,-3.8787,40.4405,-3.88133,40.4431,,
Boadilla del Monte--piece--8-3--raspberry3bp,scraping-airbnb-raspberry3bp--2018-11-29_14_04_43,airbnb,raspberry3bp,1544120812000,0,0,0,1,,piece--8-3,Boadilla del Monte,0,-3.88395,40.4405,-3.8787,40.4352,-3.88133,40.4378,,
Boadilla del Monte--piece--8-4--raspberry3bp,scraping-airbnb-raspberry3bp--2018-11-29_14_04_43,airbnb,raspberry3bp,1544120828000,0,0,0,1,,piece--8-4,Boadilla del Monte,0,-3.88395,40.4352,-3.8787,40.4299,-3.88133,40.4325,,
Boadilla del Monte--piece--8-5--raspberry3bp,scraping-airbnb-raspberry3bp--2018-11-29_14_04_43,airbnb,raspberry3bp,1544120855000,0,0,0,0,,piece--8-5,Boadilla del Monte,0,-3.88395,40.4299,-3.8787,40.4246,-3.88133,40.4272,,
Boadilla del Monte--piece--8-6--raspberry3bp,scraping-airbnb-raspberry3bp--2018-11-29_14_04_43,airbnb,raspberry3bp,1544120877000,0,0,0,0,,piece--8-6,Boadilla del Monte,0,-3.88395,40.4246,-3.8787,40.4193,-3.88133,40.4219,,
Boadilla del Monte--piece--8-7--raspberry3bp,scraping-airbnb-raspberry3bp--2018-11-29_14_04_43,airbnb,raspberry3bp,1544120905000,0,0,2,1,,piece--8-7,Boadilla del Monte,0,-3.88395,40.4193,-3.8787,40.414,-3.88133,40.4166,,
Boadilla del Monte--piece--8-8--raspberry3bp,scraping-airbnb-raspberry3bp--2018-11-29_14_04_43,airbnb,raspberry3bp,1544120919000,0,0,0,0,,piece--8-8,Boadilla del Monte,0,-3.88395,40.414,-3.8787,40.4087,-3.88133,40.4113,,
Boadilla del Monte--piece--8-9--raspberry3bp,scraping-airbnb-raspberry3bp--2018-11-29_14_04_43,airbnb,raspberry3bp,1544120953000,0,0,2,1,,piece--8-9,Boadilla del Monte,0,-3.88395,40.4087,-3.8787,40.4034,-3.88133,40.406,,
Boadilla del Monte--piece--9-0--raspberry3bp,scraping-airbnb-raspberry3bp--2018-11-29_14_04_43,airbnb,raspberry3bp,1544120988000,0,0,0,0,,piece--9-0,Boadilla del Monte,0,-3.8787,40.4564,-3.87346,40.4511,-3.87608,40.4537,,
Boadilla del Monte--piece--9-1--raspberry3bp,scraping-airbnb-raspberry3bp--2018-11-29_14_04_43,airbnb,raspberry3bp,1544121005000,0,0,0,0,,piece--9-1,Boadilla del Monte,0,-3.8787,40.4511,-3.87346,40.4458,-3.87608,40.4484,,
Boadilla del Monte--piece--9-10--raspberry3bp,scraping-airbnb-raspberry3bp--2018-11-29_14_04_43,airbnb,raspberry3bp,1544121030000,0,0,0,0,,piece--9-10,Boadilla del Monte,0,-3.8787,40.4034,-3.87346,40.3981,-3.87608,40.4007,,
Boadilla del Monte--piece--9-2--raspberry3bp,scraping-airbnb-raspberry3bp--2018-11-29_14_04_43,airbnb,raspberry3bp,1544121050000,0,0,0,0,,piece--9-2,Boadilla del Monte,0,-3.8787,40.4458,-3.87346,40.4405,-3.87608,40.4431,,
Boadilla del Monte--piece--9-3--raspberry3bp,scraping-airbnb-raspberry3bp--2018-11-29_14_04_43,airbnb,raspberry3bp,1544121069000,0,0,0,0,,piece--9-3,Boadilla del Monte,0,-3.8787,40.4405,-3.87346,40.4352,-3.87608,40.4378,,
Boadilla del Monte--piece--9-4--raspberry3bp,scraping-airbnb-raspberry3bp--2018-11-29_14_04_43,airbnb,raspberry3bp,1544121089000,0,0,0,0,,piece--9-4,Boadilla del Monte,0,-3.8787,40.4352,-3.87346,40.4299,-3.87608,40.4325,,
Boadilla del Monte--piece--9-5--raspberry3bp,scraping-airbnb-raspberry3bp--2018-11-29_14_04_43,airbnb,raspberry3bp,1544121103000,0,0,0,0,,piece--9-5,Boadilla del Monte,0,-3.8787,40.4299,-3.87346,40.4246,-3.87608,40.4272,,
Boadilla del Monte--piece--9-6--raspberry3bp,scraping-airbnb-raspberry3bp--2018-11-29_14_04_43,airbnb,raspberry3bp,1544121119000,0,0,0,0,,piece--9-6,Boadilla del Monte,0,-3.8787,40.4246,-3.87346,40.4193,-3.87608,40.4219,,
Boadilla del Monte--piece--9-7--raspberry3bp,scraping-airbnb-raspberry3bp--2018-11-29_14_04_43,airbnb,raspberry3bp,1544121137000,0,0,0,0,,piece--9-7,Boadilla del Monte,0,-3.8787,40.4193,-3.87346,40.414,-3.87608,40.4166,,
Boadilla del Monte--piece--9-8--raspberry3bp,scraping-airbnb-raspberry3bp--2018-11-29_14_04_43,airbnb,raspberry3bp,1544121149000,0,0,0,0,,piece--9-8,Boadilla del Monte,0,-3.8787,40.414,-3.87346,40.4087,-3.87608,40.4113,,
Boadilla del Monte--piece--9-9--raspberry3bp,scraping-airbnb-raspberry3bp--2018-11-29_14_04_43,airbnb,raspberry3bp,1544121162000,0,0,0,0,,piece--9-9,Boadilla del Monte,0,-3.8787,40.4087,-3.87346,40.4034,-3.87608,40.406,,
