piece_id,scraping_id,app_id,device_id,date_scraped,average_prize_buy,number_of_ads_buy,average_prize_rent,number_of_ads_rent,extra_data,piece_name,city_name,scraped,bounding_box1_x,bounding_box1_y,bounding_box2_x,bounding_box2_y,center_point_x,center_point_y
Boadilla del Monte--piece--0-0--gCloud,"scraping-fotocasa-gCloud--12_3_2018,_2_46_43_PM",fotocasa,gCloud,1543856061000,0,0,0,0,,piece--0-0,Boadilla del Monte,1,-3.92587,40.4564,-3.92063,40.4511,-3.92325,40.4537
Boadilla del Monte--piece--0-1--gCloud,"scraping-fotocasa-gCloud--12_3_2018,_2_46_43_PM",fotocasa,gCloud,1543856066000,0,0,0,0,,piece--0-1,Boadilla del Monte,1,-3.92587,40.4511,-3.92063,40.4458,-3.92325,40.4484
Boadilla del Monte--piece--0-10--gCloud,"scraping-fotocasa-gCloud--12_3_2018,_2_46_43_PM",fotocasa,gCloud,1543856074000,1951.56,3,0,0,,piece--0-10,Boadilla del Monte,1,-3.92587,40.4034,-3.92063,40.3981,-3.92325,40.4007
Boadilla del Monte--piece--0-2--gCloud,"scraping-fotocasa-gCloud--12_3_2018,_2_46_43_PM",fotocasa,gCloud,1543856085000,0,0,5.6,1,,piece--0-2,Boadilla del Monte,1,-3.92587,40.4458,-3.92063,40.4405,-3.92325,40.4431
Boadilla del Monte--piece--0-3--gCloud,"scraping-fotocasa-gCloud--12_3_2018,_2_46_43_PM",fotocasa,gCloud,1543856108000,1561.91,4,3.9248,1,,piece--0-3,Boadilla del Monte,1,-3.92587,40.4405,-3.92063,40.4352,-3.92325,40.4378
Boadilla del Monte--piece--0-4--gCloud,"scraping-fotocasa-gCloud--12_3_2018,_2_46_43_PM",fotocasa,gCloud,1543856114000,3.19303,1,0,0,,piece--0-4,Boadilla del Monte,1,-3.92587,40.4352,-3.92063,40.4299,-3.92325,40.4325
Boadilla del Monte--piece--0-5--gCloud,"scraping-fotocasa-gCloud--12_3_2018,_2_46_43_PM",fotocasa,gCloud,1543856134000,2670.72,5,0,0,,piece--0-5,Boadilla del Monte,1,-3.92587,40.4299,-3.92063,40.4246,-3.92325,40.4272
Boadilla del Monte--piece--0-6--gCloud,"scraping-fotocasa-gCloud--12_3_2018,_2_46_43_PM",fotocasa,gCloud,1543856145000,1819.33,2,0,0,,piece--0-6,Boadilla del Monte,1,-3.92587,40.4246,-3.92063,40.4193,-3.92325,40.4219
Boadilla del Monte--piece--0-7--gCloud,"scraping-fotocasa-gCloud--12_3_2018,_2_46_43_PM",fotocasa,gCloud,1543856162000,2399.22,1,0,0,,piece--0-7,Boadilla del Monte,1,-3.92587,40.4193,-3.92063,40.414,-3.92325,40.4166
Boadilla del Monte--piece--0-8--gCloud,"scraping-fotocasa-gCloud--12_3_2018,_2_46_43_PM",fotocasa,gCloud,1543856167000,0,0,0,0,,piece--0-8,Boadilla del Monte,1,-3.92587,40.414,-3.92063,40.4087,-3.92325,40.4113
Boadilla del Monte--piece--0-9--gCloud,"scraping-fotocasa-gCloud--12_3_2018,_2_46_43_PM",fotocasa,gCloud,1543856173000,0,0,0,0,,piece--0-9,Boadilla del Monte,1,-3.92587,40.4087,-3.92063,40.4034,-3.92325,40.406
Boadilla del Monte--piece--1-0--gCloud,"scraping-fotocasa-gCloud--12_3_2018,_2_46_43_PM",fotocasa,gCloud,1543856187000,2025,1,0,0,,piece--1-0,Boadilla del Monte,1,-3.92063,40.4564,-3.91539,40.4511,-3.91801,40.4537
Boadilla del Monte--piece--1-1--gCloud,"scraping-fotocasa-gCloud--12_3_2018,_2_46_43_PM",fotocasa,gCloud,1543856192000,0,0,0,0,,piece--1-1,Boadilla del Monte,1,-3.92063,40.4511,-3.91539,40.4458,-3.91801,40.4484
Boadilla del Monte--piece--1-10--gCloud,"scraping-fotocasa-gCloud--12_3_2018,_2_46_43_PM",fotocasa,gCloud,1543856199000,1315.06,9,0,0,,piece--1-10,Boadilla del Monte,1,-3.92063,40.4034,-3.91539,40.3981,-3.91801,40.4007
Boadilla del Monte--piece--1-2--gCloud,"scraping-fotocasa-gCloud--12_3_2018,_2_46_43_PM",fotocasa,gCloud,1543856204000,0,0,0,0,,piece--1-2,Boadilla del Monte,1,-3.92063,40.4458,-3.91539,40.4405,-3.91801,40.4431
Boadilla del Monte--piece--1-3--gCloud,"scraping-fotocasa-gCloud--12_3_2018,_2_46_43_PM",fotocasa,gCloud,1543856213000,1916.67,3,0,0,,piece--1-3,Boadilla del Monte,1,-3.92063,40.4405,-3.91539,40.4352,-3.91801,40.4378
Boadilla del Monte--piece--1-4--gCloud,"scraping-fotocasa-gCloud--12_3_2018,_2_46_43_PM",fotocasa,gCloud,1543856222000,1403.04,5,5.89777,5,,piece--1-4,Boadilla del Monte,1,-3.92063,40.4352,-3.91539,40.4299,-3.91801,40.4325
Boadilla del Monte--piece--1-5--gCloud,"scraping-fotocasa-gCloud--12_3_2018,_2_46_43_PM",fotocasa,gCloud,1543856239000,1812.88,8,12.1429,1,,piece--1-5,Boadilla del Monte,1,-3.92063,40.4299,-3.91539,40.4246,-3.91801,40.4272
Boadilla del Monte--piece--1-6--gCloud,"scraping-fotocasa-gCloud--12_3_2018,_2_46_43_PM",fotocasa,gCloud,1543856250000,1992.24,13,0,0,,piece--1-6,Boadilla del Monte,1,-3.92063,40.4246,-3.91539,40.4193,-3.91801,40.4219
Boadilla del Monte--piece--1-7--gCloud,"scraping-fotocasa-gCloud--12_3_2018,_2_46_43_PM",fotocasa,gCloud,1543856259000,1894.22,4,0,0,,piece--1-7,Boadilla del Monte,1,-3.92063,40.4193,-3.91539,40.414,-3.91801,40.4166
Boadilla del Monte--piece--1-8--gCloud,"scraping-fotocasa-gCloud--12_3_2018,_2_46_43_PM",fotocasa,gCloud,1543856264000,1990.65,5,0,0,,piece--1-8,Boadilla del Monte,1,-3.92063,40.414,-3.91539,40.4087,-3.91801,40.4113
Boadilla del Monte--piece--1-9--gCloud,"scraping-fotocasa-gCloud--12_3_2018,_2_46_43_PM",fotocasa,gCloud,1543856274000,0,0,0,0,,piece--1-9,Boadilla del Monte,1,-3.92063,40.4087,-3.91539,40.4034,-3.91801,40.406
Boadilla del Monte--piece--10-0--gCloud,"scraping-fotocasa-gCloud--12_3_2018,_2_46_43_PM",fotocasa,gCloud,1543856283000,2737.7,6,13.2353,2,,piece--10-0,Boadilla del Monte,1,-3.87346,40.4564,-3.86822,40.4511,-3.87084,40.4537
Boadilla del Monte--piece--10-1--gCloud,"scraping-fotocasa-gCloud--12_3_2018,_2_46_43_PM",fotocasa,gCloud,1543856292000,3333.33,1,9.51795,2,,piece--10-1,Boadilla del Monte,1,-3.87346,40.4511,-3.86822,40.4458,-3.87084,40.4484
Boadilla del Monte--piece--10-10--gCloud,"scraping-fotocasa-gCloud--12_3_2018,_2_46_43_PM",fotocasa,gCloud,1543856304000,0,0,0,0,,piece--10-10,Boadilla del Monte,1,-3.87346,40.4034,-3.86822,40.3981,-3.87084,40.4007
Boadilla del Monte--piece--10-2--gCloud,"scraping-fotocasa-gCloud--12_3_2018,_2_46_43_PM",fotocasa,gCloud,1543856310000,3464.91,25,10.5195,1,,piece--10-2,Boadilla del Monte,1,-3.87346,40.4458,-3.86822,40.4405,-3.87084,40.4431
Boadilla del Monte--piece--10-3--gCloud,"scraping-fotocasa-gCloud--12_3_2018,_2_46_43_PM",fotocasa,gCloud,1543856322000,0,0,11.7479,3,,piece--10-3,Boadilla del Monte,1,-3.87346,40.4405,-3.86822,40.4352,-3.87084,40.4378
Boadilla del Monte--piece--10-4--gCloud,"scraping-fotocasa-gCloud--12_3_2018,_2_46_43_PM",fotocasa,gCloud,1543856328000,0,0,0,0,,piece--10-4,Boadilla del Monte,1,-3.87346,40.4352,-3.86822,40.4299,-3.87084,40.4325
Boadilla del Monte--piece--10-5--gCloud,"scraping-fotocasa-gCloud--12_3_2018,_2_46_43_PM",fotocasa,gCloud,1543856333000,565.857,4,0,0,,piece--10-5,Boadilla del Monte,1,-3.87346,40.4299,-3.86822,40.4246,-3.87084,40.4272
Boadilla del Monte--piece--10-6--gCloud,"scraping-fotocasa-gCloud--12_3_2018,_2_46_43_PM",fotocasa,gCloud,1543856338000,0,0,0,0,,piece--10-6,Boadilla del Monte,1,-3.87346,40.4246,-3.86822,40.4193,-3.87084,40.4219
Boadilla del Monte--piece--10-7--gCloud,"scraping-fotocasa-gCloud--12_3_2018,_2_46_43_PM",fotocasa,gCloud,1543856349000,0,0,0,0,,piece--10-7,Boadilla del Monte,1,-3.87346,40.4193,-3.86822,40.414,-3.87084,40.4166
Boadilla del Monte--piece--10-8--gCloud,"scraping-fotocasa-gCloud--12_3_2018,_2_46_43_PM",fotocasa,gCloud,1543856354000,2785.71,1,0,0,,piece--10-8,Boadilla del Monte,1,-3.87346,40.414,-3.86822,40.4087,-3.87084,40.4113
Boadilla del Monte--piece--10-9--gCloud,"scraping-fotocasa-gCloud--12_3_2018,_2_46_43_PM",fotocasa,gCloud,1543856360000,0,0,0,0,,piece--10-9,Boadilla del Monte,1,-3.87346,40.4087,-3.86822,40.4034,-3.87084,40.406
Boadilla del Monte--piece--11-0--gCloud,"scraping-fotocasa-gCloud--12_3_2018,_2_46_43_PM",fotocasa,gCloud,1543856369000,2744.85,12,12.7531,10,,piece--11-0,Boadilla del Monte,1,-3.86822,40.4564,-3.86298,40.4511,-3.8656,40.4537
Boadilla del Monte--piece--11-1--gCloud,"scraping-fotocasa-gCloud--12_3_2018,_2_46_43_PM",fotocasa,gCloud,1543856375000,3749.73,7,9.74588,2,,piece--11-1,Boadilla del Monte,1,-3.86822,40.4511,-3.86298,40.4458,-3.8656,40.4484
Boadilla del Monte--piece--11-10--gCloud,"scraping-fotocasa-gCloud--12_3_2018,_2_46_43_PM",fotocasa,gCloud,1543856380000,0,0,0,0,,piece--11-10,Boadilla del Monte,1,-3.86822,40.4034,-3.86298,40.3981,-3.8656,40.4007
Boadilla del Monte--piece--11-2--gCloud,"scraping-fotocasa-gCloud--12_3_2018,_2_46_43_PM",fotocasa,gCloud,1543856386000,3597.66,4,13.2564,3,,piece--11-2,Boadilla del Monte,1,-3.86822,40.4458,-3.86298,40.4405,-3.8656,40.4431
Boadilla del Monte--piece--11-3--gCloud,"scraping-fotocasa-gCloud--12_3_2018,_2_46_43_PM",fotocasa,gCloud,1543856394000,0,0,0,0,,piece--11-3,Boadilla del Monte,1,-3.86822,40.4405,-3.86298,40.4352,-3.8656,40.4378
Boadilla del Monte--piece--11-4--gCloud,"scraping-fotocasa-gCloud--12_3_2018,_2_46_43_PM",fotocasa,gCloud,1543856402000,0,0,0,0,,piece--11-4,Boadilla del Monte,1,-3.86822,40.4352,-3.86298,40.4299,-3.8656,40.4325
Boadilla del Monte--piece--11-5--gCloud,"scraping-fotocasa-gCloud--12_3_2018,_2_46_43_PM",fotocasa,gCloud,1543856411000,0,0,0,0,,piece--11-5,Boadilla del Monte,1,-3.86822,40.4299,-3.86298,40.4246,-3.8656,40.4272
Boadilla del Monte--piece--11-6--gCloud,"scraping-fotocasa-gCloud--12_3_2018,_2_46_43_PM",fotocasa,gCloud,1543856459000,0,0,0,0,,piece--11-6,Boadilla del Monte,1,-3.86822,40.4246,-3.86298,40.4193,-3.8656,40.4219
Boadilla del Monte--piece--11-7--gCloud,"scraping-fotocasa-gCloud--12_3_2018,_2_46_43_PM",fotocasa,gCloud,1543856464000,0,0,0,0,,piece--11-7,Boadilla del Monte,1,-3.86822,40.4193,-3.86298,40.414,-3.8656,40.4166
Boadilla del Monte--piece--11-8--gCloud,"scraping-fotocasa-gCloud--12_3_2018,_2_46_43_PM",fotocasa,gCloud,1543856470000,0,0,0,0,,piece--11-8,Boadilla del Monte,1,-3.86822,40.414,-3.86298,40.4087,-3.8656,40.4113
Boadilla del Monte--piece--11-9--gCloud,"scraping-fotocasa-gCloud--12_3_2018,_2_46_43_PM",fotocasa,gCloud,1543856476000,0,0,0,0,,piece--11-9,Boadilla del Monte,1,-3.86822,40.4087,-3.86298,40.4034,-3.8656,40.406
Boadilla del Monte--piece--12-0--gCloud,"scraping-fotocasa-gCloud--12_3_2018,_2_46_43_PM",fotocasa,gCloud,1543856484000,2850.76,2,10.9014,3,,piece--12-0,Boadilla del Monte,1,-3.86298,40.4564,-3.85774,40.4511,-3.86036,40.4537
Boadilla del Monte--piece--12-1--gCloud,"scraping-fotocasa-gCloud--12_3_2018,_2_46_43_PM",fotocasa,gCloud,1543856493000,3260.88,7,10.3652,7,,piece--12-1,Boadilla del Monte,1,-3.86298,40.4511,-3.85774,40.4458,-3.86036,40.4484
Boadilla del Monte--piece--12-10--gCloud,"scraping-fotocasa-gCloud--12_3_2018,_2_46_43_PM",fotocasa,gCloud,1543856498000,0,0,0,0,,piece--12-10,Boadilla del Monte,1,-3.86298,40.4034,-3.85774,40.3981,-3.86036,40.4007
Boadilla del Monte--piece--12-2--gCloud,"scraping-fotocasa-gCloud--12_3_2018,_2_46_43_PM",fotocasa,gCloud,1543856504000,1732.13,7,9.54491,2,,piece--12-2,Boadilla del Monte,1,-3.86298,40.4458,-3.85774,40.4405,-3.86036,40.4431
Boadilla del Monte--piece--12-3--gCloud,"scraping-fotocasa-gCloud--12_3_2018,_2_46_43_PM",fotocasa,gCloud,1543856518000,2.64815,8,8.82561,13,,piece--12-3,Boadilla del Monte,1,-3.86298,40.4405,-3.85774,40.4352,-3.86036,40.4378
Boadilla del Monte--piece--12-4--gCloud,"scraping-fotocasa-gCloud--12_3_2018,_2_46_43_PM",fotocasa,gCloud,1543856526000,0,0,0,0,,piece--12-4,Boadilla del Monte,1,-3.86298,40.4352,-3.85774,40.4299,-3.86036,40.4325
Boadilla del Monte--piece--12-5--gCloud,"scraping-fotocasa-gCloud--12_3_2018,_2_46_43_PM",fotocasa,gCloud,1543856531000,0,0,0,0,,piece--12-5,Boadilla del Monte,1,-3.86298,40.4299,-3.85774,40.4246,-3.86036,40.4272
Boadilla del Monte--piece--12-6--gCloud,"scraping-fotocasa-gCloud--12_3_2018,_2_46_43_PM",fotocasa,gCloud,1543856540000,0,0,0,0,,piece--12-6,Boadilla del Monte,1,-3.86298,40.4246,-3.85774,40.4193,-3.86036,40.4219
Boadilla del Monte--piece--12-7--gCloud,"scraping-fotocasa-gCloud--12_3_2018,_2_46_43_PM",fotocasa,gCloud,1543856545000,0,0,0,0,,piece--12-7,Boadilla del Monte,1,-3.86298,40.4193,-3.85774,40.414,-3.86036,40.4166
Boadilla del Monte--piece--12-8--gCloud,"scraping-fotocasa-gCloud--12_3_2018,_2_46_43_PM",fotocasa,gCloud,1543856554000,0,0,0,0,,piece--12-8,Boadilla del Monte,1,-3.86298,40.414,-3.85774,40.4087,-3.86036,40.4113
Boadilla del Monte--piece--12-9--gCloud,"scraping-fotocasa-gCloud--12_3_2018,_2_46_43_PM",fotocasa,gCloud,1543856566000,0,0,0,0,,piece--12-9,Boadilla del Monte,1,-3.86298,40.4087,-3.85774,40.4034,-3.86036,40.406
Boadilla del Monte--piece--2-0--gCloud,"scraping-fotocasa-gCloud--12_3_2018,_2_46_43_PM",fotocasa,gCloud,1543856575000,1949.95,4,0,0,,piece--2-0,Boadilla del Monte,1,-3.91539,40.4564,-3.91015,40.4511,-3.91277,40.4537
Boadilla del Monte--piece--2-1--gCloud,"scraping-fotocasa-gCloud--12_3_2018,_2_46_43_PM",fotocasa,gCloud,1543856584000,3333.33,1,0,0,,piece--2-1,Boadilla del Monte,1,-3.91539,40.4511,-3.91015,40.4458,-3.91277,40.4484
Boadilla del Monte--piece--2-10--gCloud,"scraping-fotocasa-gCloud--12_3_2018,_2_46_43_PM",fotocasa,gCloud,1543856596000,1909.81,1,0,0,,piece--2-10,Boadilla del Monte,1,-3.91539,40.4034,-3.91015,40.3981,-3.91277,40.4007
Boadilla del Monte--piece--2-2--gCloud,"scraping-fotocasa-gCloud--12_3_2018,_2_46_43_PM",fotocasa,gCloud,1543856609000,1369.23,1,0,0,,piece--2-2,Boadilla del Monte,1,-3.91539,40.4458,-3.91015,40.4405,-3.91277,40.4431
Boadilla del Monte--piece--2-3--gCloud,"scraping-fotocasa-gCloud--12_3_2018,_2_46_43_PM",fotocasa,gCloud,1543856618000,963.042,4,6,1,,piece--2-3,Boadilla del Monte,1,-3.91539,40.4405,-3.91015,40.4352,-3.91277,40.4378
Boadilla del Monte--piece--2-4--gCloud,"scraping-fotocasa-gCloud--12_3_2018,_2_46_43_PM",fotocasa,gCloud,1543856631000,1512.23,13,0,0,,piece--2-4,Boadilla del Monte,1,-3.91539,40.4352,-3.91015,40.4299,-3.91277,40.4325
Boadilla del Monte--piece--2-5--gCloud,"scraping-fotocasa-gCloud--12_3_2018,_2_46_43_PM",fotocasa,gCloud,1543856642000,1921.92,5,0,0,,piece--2-5,Boadilla del Monte,1,-3.91539,40.4299,-3.91015,40.4246,-3.91277,40.4272
Boadilla del Monte--piece--2-6--gCloud,"scraping-fotocasa-gCloud--12_3_2018,_2_46_43_PM",fotocasa,gCloud,1543856648000,2512.31,7,0,0,,piece--2-6,Boadilla del Monte,1,-3.91539,40.4246,-3.91015,40.4193,-3.91277,40.4219
Boadilla del Monte--piece--2-7--gCloud,"scraping-fotocasa-gCloud--12_3_2018,_2_46_43_PM",fotocasa,gCloud,1543856656000,1898.99,2,9.09091,1,,piece--2-7,Boadilla del Monte,1,-3.91539,40.4193,-3.91015,40.414,-3.91277,40.4166
Boadilla del Monte--piece--2-8--gCloud,"scraping-fotocasa-gCloud--12_3_2018,_2_46_43_PM",fotocasa,gCloud,1543856662000,2717.65,1,8.05556,1,,piece--2-8,Boadilla del Monte,1,-3.91539,40.414,-3.91015,40.4087,-3.91277,40.4113
Boadilla del Monte--piece--2-9--gCloud,"scraping-fotocasa-gCloud--12_3_2018,_2_46_43_PM",fotocasa,gCloud,1543856670000,0,0,0,0,,piece--2-9,Boadilla del Monte,1,-3.91539,40.4087,-3.91015,40.4034,-3.91277,40.406
Boadilla del Monte--piece--3-0--gCloud,"scraping-fotocasa-gCloud--12_3_2018,_2_46_43_PM",fotocasa,gCloud,1543856677000,2278.86,2,0,0,,piece--3-0,Boadilla del Monte,1,-3.91015,40.4564,-3.90491,40.4511,-3.90753,40.4537
Boadilla del Monte--piece--3-1--gCloud,"scraping-fotocasa-gCloud--12_3_2018,_2_46_43_PM",fotocasa,gCloud,1543856686000,2942.27,2,0,0,,piece--3-1,Boadilla del Monte,1,-3.91015,40.4511,-3.90491,40.4458,-3.90753,40.4484
Boadilla del Monte--piece--3-10--gCloud,"scraping-fotocasa-gCloud--12_3_2018,_2_46_43_PM",fotocasa,gCloud,1543856694000,0,0,0,0,,piece--3-10,Boadilla del Monte,1,-3.91015,40.4034,-3.90491,40.3981,-3.90753,40.4007
Boadilla del Monte--piece--3-2--gCloud,"scraping-fotocasa-gCloud--12_3_2018,_2_46_43_PM",fotocasa,gCloud,1543856702000,3.25,1,0,0,,piece--3-2,Boadilla del Monte,1,-3.91015,40.4458,-3.90491,40.4405,-3.90753,40.4431
Boadilla del Monte--piece--3-3--gCloud,"scraping-fotocasa-gCloud--12_3_2018,_2_46_43_PM",fotocasa,gCloud,1543856710000,2.49749,5,7.27273,1,,piece--3-3,Boadilla del Monte,1,-3.91015,40.4405,-3.90491,40.4352,-3.90753,40.4378
Boadilla del Monte--piece--3-4--gCloud,"scraping-fotocasa-gCloud--12_3_2018,_2_46_43_PM",fotocasa,gCloud,1543856716000,542.667,6,0,0,,piece--3-4,Boadilla del Monte,1,-3.91015,40.4352,-3.90491,40.4299,-3.90753,40.4325
Boadilla del Monte--piece--3-5--gCloud,"scraping-fotocasa-gCloud--12_3_2018,_2_46_43_PM",fotocasa,gCloud,1543856726000,1178.49,5,0,0,,piece--3-5,Boadilla del Monte,1,-3.91015,40.4299,-3.90491,40.4246,-3.90753,40.4272
Boadilla del Monte--piece--3-6--gCloud,"scraping-fotocasa-gCloud--12_3_2018,_2_46_43_PM",fotocasa,gCloud,1543856732000,1959.51,5,9.20078,3,,piece--3-6,Boadilla del Monte,1,-3.91015,40.4246,-3.90491,40.4193,-3.90753,40.4219
Boadilla del Monte--piece--3-7--gCloud,"scraping-fotocasa-gCloud--12_3_2018,_2_46_43_PM",fotocasa,gCloud,1543856740000,2065.92,5,7.4416,3,,piece--3-7,Boadilla del Monte,1,-3.91015,40.4193,-3.90491,40.414,-3.90753,40.4166
Boadilla del Monte--piece--3-8--gCloud,"scraping-fotocasa-gCloud--12_3_2018,_2_46_43_PM",fotocasa,gCloud,1543856749000,3066.58,5,8.88889,3,,piece--3-8,Boadilla del Monte,1,-3.91015,40.414,-3.90491,40.4087,-3.90753,40.4113
Boadilla del Monte--piece--3-9--gCloud,"scraping-fotocasa-gCloud--12_3_2018,_2_46_43_PM",fotocasa,gCloud,1543856759000,2680.57,14,11.2205,1,,piece--3-9,Boadilla del Monte,1,-3.91015,40.4087,-3.90491,40.4034,-3.90753,40.406
Boadilla del Monte--piece--4-0--gCloud,"scraping-fotocasa-gCloud--12_3_2018,_2_46_43_PM",fotocasa,gCloud,1543856769000,2480,1,0,0,,piece--4-0,Boadilla del Monte,1,-3.90491,40.4564,-3.89967,40.4511,-3.90229,40.4537
Boadilla del Monte--piece--4-1--gCloud,"scraping-fotocasa-gCloud--12_3_2018,_2_46_43_PM",fotocasa,gCloud,1543856774000,1259,2,0,0,,piece--4-1,Boadilla del Monte,1,-3.90491,40.4511,-3.89967,40.4458,-3.90229,40.4484
Boadilla del Monte--piece--4-10--gCloud,"scraping-fotocasa-gCloud--12_3_2018,_2_46_43_PM",fotocasa,gCloud,1543856782000,1861.99,6,10.828,1,,piece--4-10,Boadilla del Monte,1,-3.90491,40.4034,-3.89967,40.3981,-3.90229,40.4007
Boadilla del Monte--piece--4-2--gCloud,"scraping-fotocasa-gCloud--12_3_2018,_2_46_43_PM",fotocasa,gCloud,1543856790000,321.608,5,0,0,,piece--4-2,Boadilla del Monte,1,-3.90491,40.4458,-3.89967,40.4405,-3.90229,40.4431
Boadilla del Monte--piece--4-3--gCloud,"scraping-fotocasa-gCloud--12_3_2018,_2_46_43_PM",fotocasa,gCloud,1543856795000,207.368,9,0,0,,piece--4-3,Boadilla del Monte,1,-3.90491,40.4405,-3.89967,40.4352,-3.90229,40.4378
Boadilla del Monte--piece--4-4--gCloud,"scraping-fotocasa-gCloud--12_3_2018,_2_46_43_PM",fotocasa,gCloud,1543856805000,663.291,13,6.36364,1,,piece--4-4,Boadilla del Monte,1,-3.90491,40.4352,-3.89967,40.4299,-3.90229,40.4325
Boadilla del Monte--piece--4-5--gCloud,"scraping-fotocasa-gCloud--12_3_2018,_2_46_43_PM",fotocasa,gCloud,1543856810000,2.70307,6,8,1,,piece--4-5,Boadilla del Monte,1,-3.90491,40.4299,-3.89967,40.4246,-3.90229,40.4272
Boadilla del Monte--piece--4-6--gCloud,"scraping-fotocasa-gCloud--12_3_2018,_2_46_43_PM",fotocasa,gCloud,1543856817000,1419.46,8,9.375,2,,piece--4-6,Boadilla del Monte,1,-3.90491,40.4246,-3.89967,40.4193,-3.90229,40.4219
Boadilla del Monte--piece--4-7--gCloud,"scraping-fotocasa-gCloud--12_3_2018,_2_46_43_PM",fotocasa,gCloud,1543856823000,1219.86,6,0,0,,piece--4-7,Boadilla del Monte,1,-3.90491,40.4193,-3.89967,40.414,-3.90229,40.4166
Boadilla del Monte--piece--4-8--gCloud,"scraping-fotocasa-gCloud--12_3_2018,_2_46_43_PM",fotocasa,gCloud,1543856829000,2870.38,8,0,0,,piece--4-8,Boadilla del Monte,1,-3.90491,40.414,-3.89967,40.4087,-3.90229,40.4113
Boadilla del Monte--piece--4-9--gCloud,"scraping-fotocasa-gCloud--12_3_2018,_2_46_43_PM",fotocasa,gCloud,1543856839000,2489.64,3,8.0834,2,,piece--4-9,Boadilla del Monte,1,-3.90491,40.4087,-3.89967,40.4034,-3.90229,40.406
Boadilla del Monte--piece--5-0--gCloud,"scraping-fotocasa-gCloud--12_3_2018,_2_46_43_PM",fotocasa,gCloud,1543856862000,1558.88,2,6.26566,2,,piece--5-0,Boadilla del Monte,1,-3.89967,40.4564,-3.89443,40.4511,-3.89705,40.4537
Boadilla del Monte--piece--5-1--gCloud,"scraping-fotocasa-gCloud--12_3_2018,_2_46_43_PM",fotocasa,gCloud,1543856877000,972.106,8,6.04167,1,,piece--5-1,Boadilla del Monte,1,-3.89967,40.4511,-3.89443,40.4458,-3.89705,40.4484
Boadilla del Monte--piece--5-10--gCloud,"scraping-fotocasa-gCloud--12_3_2018,_2_46_43_PM",fotocasa,gCloud,1543856896000,3392.86,1,10.0798,5,,piece--5-10,Boadilla del Monte,1,-3.89967,40.4034,-3.89443,40.3981,-3.89705,40.4007
Boadilla del Monte--piece--5-2--gCloud,"scraping-fotocasa-gCloud--12_3_2018,_2_46_43_PM",fotocasa,gCloud,1543856902000,359.418,10,0,0,,piece--5-2,Boadilla del Monte,1,-3.89967,40.4458,-3.89443,40.4405,-3.89705,40.4431
Boadilla del Monte--piece--5-3--gCloud,"scraping-fotocasa-gCloud--12_3_2018,_2_46_43_PM",fotocasa,gCloud,1543856918000,916.828,12,0,0,,piece--5-3,Boadilla del Monte,1,-3.89967,40.4405,-3.89443,40.4352,-3.89705,40.4378
Boadilla del Monte--piece--5-4--gCloud,"scraping-fotocasa-gCloud--12_3_2018,_2_46_43_PM",fotocasa,gCloud,1543856927000,796,26,8.94698,6,,piece--5-4,Boadilla del Monte,1,-3.89967,40.4352,-3.89443,40.4299,-3.89705,40.4325
Boadilla del Monte--piece--5-5--gCloud,"scraping-fotocasa-gCloud--12_3_2018,_2_46_43_PM",fotocasa,gCloud,1543856936000,273.207,13,0,0,,piece--5-5,Boadilla del Monte,1,-3.89967,40.4299,-3.89443,40.4246,-3.89705,40.4272
Boadilla del Monte--piece--5-6--gCloud,"scraping-fotocasa-gCloud--12_3_2018,_2_46_43_PM",fotocasa,gCloud,1543856948000,2083.59,12,11.0119,2,,piece--5-6,Boadilla del Monte,1,-3.89967,40.4246,-3.89443,40.4193,-3.89705,40.4219
Boadilla del Monte--piece--5-7--gCloud,"scraping-fotocasa-gCloud--12_3_2018,_2_46_43_PM",fotocasa,gCloud,1543856961000,2475.4,18,7.83613,7,,piece--5-7,Boadilla del Monte,1,-3.89967,40.4193,-3.89443,40.414,-3.89705,40.4166
Boadilla del Monte--piece--5-8--gCloud,"scraping-fotocasa-gCloud--12_3_2018,_2_46_43_PM",fotocasa,gCloud,1543856970000,2663.8,14,10.217,7,,piece--5-8,Boadilla del Monte,1,-3.89967,40.414,-3.89443,40.4087,-3.89705,40.4113
Boadilla del Monte--piece--5-9--gCloud,"scraping-fotocasa-gCloud--12_3_2018,_2_46_43_PM",fotocasa,gCloud,1543856976000,2844.64,8,9.90086,6,,piece--5-9,Boadilla del Monte,1,-3.89967,40.4087,-3.89443,40.4034,-3.89705,40.406
Boadilla del Monte--piece--6-0--gCloud,"scraping-fotocasa-gCloud--12_3_2018,_2_46_43_PM",fotocasa,gCloud,1543856982000,1990.51,18,0,0,,piece--6-0,Boadilla del Monte,1,-3.89443,40.4564,-3.88919,40.4511,-3.89181,40.4537
Boadilla del Monte--piece--6-1--gCloud,"scraping-fotocasa-gCloud--12_3_2018,_2_46_43_PM",fotocasa,gCloud,1543856999000,1257.67,13,6.14035,1,,piece--6-1,Boadilla del Monte,1,-3.89443,40.4511,-3.88919,40.4458,-3.89181,40.4484
Boadilla del Monte--piece--6-10--gCloud,"scraping-fotocasa-gCloud--12_3_2018,_2_46_43_PM",fotocasa,gCloud,1543857032000,2309.62,7,9.875,4,,piece--6-10,Boadilla del Monte,1,-3.89443,40.4034,-3.88919,40.3981,-3.89181,40.4007
Boadilla del Monte--piece--6-2--gCloud,"scraping-fotocasa-gCloud--12_3_2018,_2_46_43_PM",fotocasa,gCloud,1543857044000,1320.79,15,0,0,,piece--6-2,Boadilla del Monte,1,-3.89443,40.4458,-3.88919,40.4405,-3.89181,40.4431
Boadilla del Monte--piece--6-3--gCloud,"scraping-fotocasa-gCloud--12_3_2018,_2_46_43_PM",fotocasa,gCloud,1543857050000,1408.79,11,0,0,,piece--6-3,Boadilla del Monte,1,-3.89443,40.4405,-3.88919,40.4352,-3.89181,40.4378
Boadilla del Monte--piece--6-4--gCloud,"scraping-fotocasa-gCloud--12_3_2018,_2_46_43_PM",fotocasa,gCloud,1543857061000,588.076,9,5.48387,1,,piece--6-4,Boadilla del Monte,1,-3.89443,40.4352,-3.88919,40.4299,-3.89181,40.4325
Boadilla del Monte--piece--6-5--gCloud,"scraping-fotocasa-gCloud--12_3_2018,_2_46_43_PM",fotocasa,gCloud,1543857076000,398.782,8,10.4167,1,,piece--6-5,Boadilla del Monte,1,-3.89443,40.4299,-3.88919,40.4246,-3.89181,40.4272
Boadilla del Monte--piece--6-6--gCloud,"scraping-fotocasa-gCloud--12_3_2018,_2_46_43_PM",fotocasa,gCloud,1543857088000,1948.58,12,5.63973,1,,piece--6-6,Boadilla del Monte,1,-3.89443,40.4246,-3.88919,40.4193,-3.89181,40.4219
Boadilla del Monte--piece--6-7--gCloud,"scraping-fotocasa-gCloud--12_3_2018,_2_46_43_PM",fotocasa,gCloud,1543857103000,0,0,0,0,,piece--6-7,Boadilla del Monte,1,-3.89443,40.4193,-3.88919,40.414,-3.89181,40.4166
Boadilla del Monte--piece--6-8--gCloud,"scraping-fotocasa-gCloud--12_3_2018,_2_46_43_PM",fotocasa,gCloud,1543857112000,2928.16,4,8.23187,4,,piece--6-8,Boadilla del Monte,1,-3.89443,40.414,-3.88919,40.4087,-3.89181,40.4113
Boadilla del Monte--piece--6-9--gCloud,"scraping-fotocasa-gCloud--12_3_2018,_2_46_43_PM",fotocasa,gCloud,1543857118000,2857.53,4,11.3636,1,,piece--6-9,Boadilla del Monte,1,-3.89443,40.4087,-3.88919,40.4034,-3.89181,40.406
Boadilla del Monte--piece--7-0--gCloud,"scraping-fotocasa-gCloud--12_3_2018,_2_46_43_PM",fotocasa,gCloud,1543857126000,0,0,0,0,,piece--7-0,Boadilla del Monte,1,-3.88919,40.4564,-3.88395,40.4511,-3.88657,40.4537
Boadilla del Monte--piece--7-1--gCloud,"scraping-fotocasa-gCloud--12_3_2018,_2_46_43_PM",fotocasa,gCloud,1543857134000,2320.55,1,0,0,,piece--7-1,Boadilla del Monte,1,-3.88919,40.4511,-3.88395,40.4458,-3.88657,40.4484
Boadilla del Monte--piece--7-10--gCloud,"scraping-fotocasa-gCloud--12_3_2018,_2_46_43_PM",fotocasa,gCloud,1543857145000,2120.79,16,9.30711,5,,piece--7-10,Boadilla del Monte,1,-3.88919,40.4034,-3.88395,40.3981,-3.88657,40.4007
Boadilla del Monte--piece--7-2--gCloud,"scraping-fotocasa-gCloud--12_3_2018,_2_46_43_PM",fotocasa,gCloud,1543857156000,2.08054,1,0.833333,1,,piece--7-2,Boadilla del Monte,1,-3.88919,40.4458,-3.88395,40.4405,-3.88657,40.4431
Boadilla del Monte--piece--7-3--gCloud,"scraping-fotocasa-gCloud--12_3_2018,_2_46_43_PM",fotocasa,gCloud,1543857168000,3920,1,0,0,,piece--7-3,Boadilla del Monte,1,-3.88919,40.4405,-3.88395,40.4352,-3.88657,40.4378
Boadilla del Monte--piece--7-4--gCloud,"scraping-fotocasa-gCloud--12_3_2018,_2_46_43_PM",fotocasa,gCloud,1543857176000,1630.12,3,9.05263,1,,piece--7-4,Boadilla del Monte,1,-3.88919,40.4352,-3.88395,40.4299,-3.88657,40.4325
Boadilla del Monte--piece--7-5--gCloud,"scraping-fotocasa-gCloud--12_3_2018,_2_46_43_PM",fotocasa,gCloud,1543857182000,1631.6,7,0,0,,piece--7-5,Boadilla del Monte,1,-3.88919,40.4299,-3.88395,40.4246,-3.88657,40.4272
Boadilla del Monte--piece--7-6--gCloud,"scraping-fotocasa-gCloud--12_3_2018,_2_46_43_PM",fotocasa,gCloud,1543857191000,1524.26,4,0,0,,piece--7-6,Boadilla del Monte,1,-3.88919,40.4246,-3.88395,40.4193,-3.88657,40.4219
Boadilla del Monte--piece--7-7--gCloud,"scraping-fotocasa-gCloud--12_3_2018,_2_46_43_PM",fotocasa,gCloud,1543857199000,2225.26,3,7.14286,1,,piece--7-7,Boadilla del Monte,1,-3.88919,40.4193,-3.88395,40.414,-3.88657,40.4166
Boadilla del Monte--piece--7-8--gCloud,"scraping-fotocasa-gCloud--12_3_2018,_2_46_43_PM",fotocasa,gCloud,1543857208000,3085.74,11,8.66667,1,,piece--7-8,Boadilla del Monte,1,-3.88919,40.414,-3.88395,40.4087,-3.88657,40.4113
Boadilla del Monte--piece--7-9--gCloud,"scraping-fotocasa-gCloud--12_3_2018,_2_46_43_PM",fotocasa,gCloud,1543857217000,2779.72,11,9.49761,2,,piece--7-9,Boadilla del Monte,1,-3.88919,40.4087,-3.88395,40.4034,-3.88657,40.406
Boadilla del Monte--piece--8-0--gCloud,"scraping-fotocasa-gCloud--12_3_2018,_2_46_43_PM",fotocasa,gCloud,1543857225000,3851.85,1,9.37057,2,,piece--8-0,Boadilla del Monte,1,-3.88395,40.4564,-3.8787,40.4511,-3.88133,40.4537
Boadilla del Monte--piece--8-1--gCloud,"scraping-fotocasa-gCloud--12_3_2018,_2_46_43_PM",fotocasa,gCloud,1543857231000,0,0,0,0,,piece--8-1,Boadilla del Monte,1,-3.88395,40.4511,-3.8787,40.4458,-3.88133,40.4484
Boadilla del Monte--piece--8-10--gCloud,"scraping-fotocasa-gCloud--12_3_2018,_2_46_43_PM",fotocasa,gCloud,1543857236000,3151.38,7,9.90625,2,,piece--8-10,Boadilla del Monte,1,-3.88395,40.4034,-3.8787,40.3981,-3.88133,40.4007
Boadilla del Monte--piece--8-2--gCloud,"scraping-fotocasa-gCloud--12_3_2018,_2_46_43_PM",fotocasa,gCloud,1543857245000,2875.48,3,0,0,,piece--8-2,Boadilla del Monte,1,-3.88395,40.4458,-3.8787,40.4405,-3.88133,40.4431
Boadilla del Monte--piece--8-3--gCloud,"scraping-fotocasa-gCloud--12_3_2018,_2_46_43_PM",fotocasa,gCloud,1543857254000,2362.06,25,0,0,,piece--8-3,Boadilla del Monte,1,-3.88395,40.4405,-3.8787,40.4352,-3.88133,40.4378
Boadilla del Monte--piece--8-4--gCloud,"scraping-fotocasa-gCloud--12_3_2018,_2_46_43_PM",fotocasa,gCloud,1543857261000,972.788,2,0,0,,piece--8-4,Boadilla del Monte,1,-3.88395,40.4352,-3.8787,40.4299,-3.88133,40.4325
Boadilla del Monte--piece--8-5--gCloud,"scraping-fotocasa-gCloud--12_3_2018,_2_46_43_PM",fotocasa,gCloud,1543857270000,1604.55,4,0,0,,piece--8-5,Boadilla del Monte,1,-3.88395,40.4299,-3.8787,40.4246,-3.88133,40.4272
Boadilla del Monte--piece--8-6--gCloud,"scraping-fotocasa-gCloud--12_3_2018,_2_46_43_PM",fotocasa,gCloud,1543857282000,1588.46,20,15.3846,1,,piece--8-6,Boadilla del Monte,1,-3.88395,40.4246,-3.8787,40.4193,-3.88133,40.4219
Boadilla del Monte--piece--8-7--gCloud,"scraping-fotocasa-gCloud--12_3_2018,_2_46_43_PM",fotocasa,gCloud,1543857291000,2531.45,26,7.4,1,,piece--8-7,Boadilla del Monte,1,-3.88395,40.4193,-3.8787,40.414,-3.88133,40.4166
Boadilla del Monte--piece--8-8--gCloud,"scraping-fotocasa-gCloud--12_3_2018,_2_46_43_PM",fotocasa,gCloud,1543857299000,1.5361,1,0,0,,piece--8-8,Boadilla del Monte,1,-3.88395,40.414,-3.8787,40.4087,-3.88133,40.4113
Boadilla del Monte--piece--8-9--gCloud,"scraping-fotocasa-gCloud--12_3_2018,_2_46_43_PM",fotocasa,gCloud,1543857305000,2631.39,14,11.7128,4,,piece--8-9,Boadilla del Monte,1,-3.88395,40.4087,-3.8787,40.4034,-3.88133,40.406
Boadilla del Monte--piece--9-0--gCloud,"scraping-fotocasa-gCloud--12_3_2018,_2_46_43_PM",fotocasa,gCloud,1543857315000,3183.76,1,0,0,,piece--9-0,Boadilla del Monte,1,-3.8787,40.4564,-3.87346,40.4511,-3.87608,40.4537
Boadilla del Monte--piece--9-1--gCloud,"scraping-fotocasa-gCloud--12_3_2018,_2_46_43_PM",fotocasa,gCloud,1543857324000,0,0,0,0,,piece--9-1,Boadilla del Monte,1,-3.8787,40.4511,-3.87346,40.4458,-3.87608,40.4484
Boadilla del Monte--piece--9-10--gCloud,"scraping-fotocasa-gCloud--12_3_2018,_2_46_43_PM",fotocasa,gCloud,1543857334000,3714.29,1,10,1,,piece--9-10,Boadilla del Monte,1,-3.8787,40.4034,-3.87346,40.3981,-3.87608,40.4007
Boadilla del Monte--piece--9-2--gCloud,"scraping-fotocasa-gCloud--12_3_2018,_2_46_43_PM",fotocasa,gCloud,1543857349000,3258.26,3,11.6844,2,,piece--9-2,Boadilla del Monte,1,-3.8787,40.4458,-3.87346,40.4405,-3.87608,40.4431
Boadilla del Monte--piece--9-3--gCloud,"scraping-fotocasa-gCloud--12_3_2018,_2_46_43_PM",fotocasa,gCloud,1543857354000,3093.21,3,11.2589,4,,piece--9-3,Boadilla del Monte,1,-3.8787,40.4405,-3.87346,40.4352,-3.87608,40.4378
Boadilla del Monte--piece--9-4--gCloud,"scraping-fotocasa-gCloud--12_3_2018,_2_46_43_PM",fotocasa,gCloud,1543857363000,0,0,0,0,,piece--9-4,Boadilla del Monte,1,-3.8787,40.4352,-3.87346,40.4299,-3.87608,40.4325
Boadilla del Monte--piece--9-5--gCloud,"scraping-fotocasa-gCloud--12_3_2018,_2_46_43_PM",fotocasa,gCloud,1543857374000,2.28137,1,0,0,,piece--9-5,Boadilla del Monte,1,-3.8787,40.4299,-3.87346,40.4246,-3.87608,40.4272
Boadilla del Monte--piece--9-6--gCloud,"scraping-fotocasa-gCloud--12_3_2018,_2_46_43_PM",fotocasa,gCloud,1543857385000,1882.7,3,10,1,,piece--9-6,Boadilla del Monte,1,-3.8787,40.4246,-3.87346,40.4193,-3.87608,40.4219
Boadilla del Monte--piece--9-7--gCloud,"scraping-fotocasa-gCloud--12_3_2018,_2_46_43_PM",fotocasa,gCloud,1543857390000,3800,1,10.0062,2,,piece--9-7,Boadilla del Monte,1,-3.8787,40.4193,-3.87346,40.414,-3.87608,40.4166
Boadilla del Monte--piece--9-8--gCloud,"scraping-fotocasa-gCloud--12_3_2018,_2_46_43_PM",fotocasa,gCloud,1543857399000,0,0,0,0,,piece--9-8,Boadilla del Monte,1,-3.8787,40.414,-3.87346,40.4087,-3.87608,40.4113
Boadilla del Monte--piece--9-9--gCloud,"scraping-fotocasa-gCloud--12_3_2018,_2_46_43_PM",fotocasa,gCloud,1543857405000,1818.46,11,13.0833,4,,piece--9-9,Boadilla del Monte,1,-3.8787,40.4087,-3.87346,40.4034,-3.87608,40.406
