piece_id,scraping_id,app_id,device_id,date_scraped,average_prize_buy,number_of_ads_buy,average_prize_rent,number_of_ads_rent,extra_data,piece_name,city_name,scraped,bounding_box1_x,bounding_box1_y,bounding_box2_x,bounding_box2_y,center_point_x,center_point_y,geojson_coordinates,method
Collado Villalba--piece--0-0--raspberry3bp,scraping-airbnb-raspberry3bp--2018-11-29_14_04_43,airbnb,raspberry3bp,1544121577000,0,0,0,0,,piece--0-0,Collado Villalba,0,-4.02967,40.6541,-4.02449,40.6487,-4.02708,40.6514,,
Collado Villalba--piece--0-1--raspberry3bp,scraping-airbnb-raspberry3bp--2018-11-29_14_04_43,airbnb,raspberry3bp,1544121595000,0,0,0,0,,piece--0-1,Collado Villalba,0,-4.02967,40.6487,-4.02449,40.6433,-4.02708,40.646,,
Collado Villalba--piece--0-2--raspberry3bp,scraping-airbnb-raspberry3bp--2018-11-29_14_04_43,airbnb,raspberry3bp,1544121616000,0,0,0,0,,piece--0-2,Collado Villalba,0,-4.02967,40.6433,-4.02449,40.6378,-4.02708,40.6405,,
Collado Villalba--piece--0-3--raspberry3bp,scraping-airbnb-raspberry3bp--2018-11-29_14_04_43,airbnb,raspberry3bp,1544121635000,0,0,0,0,,piece--0-3,Collado Villalba,0,-4.02967,40.6378,-4.02449,40.6324,-4.02708,40.6351,,
Collado Villalba--piece--0-4--raspberry3bp,scraping-airbnb-raspberry3bp--2018-11-29_14_04_43,airbnb,raspberry3bp,1544121661000,0,0,0,0,,piece--0-4,Collado Villalba,0,-4.02967,40.6324,-4.02449,40.627,-4.02708,40.6297,,
Collado Villalba--piece--0-5--raspberry3bp,scraping-airbnb-raspberry3bp--2018-11-29_14_04_43,airbnb,raspberry3bp,1544121680000,0,0,0,0,,piece--0-5,Collado Villalba,0,-4.02967,40.627,-4.02449,40.6216,-4.02708,40.6243,,
Collado Villalba--piece--0-6--raspberry3bp,scraping-airbnb-raspberry3bp--2018-11-29_14_04_43,airbnb,raspberry3bp,1544121697000,0,0,0,0,,piece--0-6,Collado Villalba,0,-4.02967,40.6216,-4.02449,40.6162,-4.02708,40.6189,,
Collado Villalba--piece--1-0--raspberry3bp,scraping-airbnb-raspberry3bp--2018-11-29_14_04_43,airbnb,raspberry3bp,1544121720000,0,0,0,1,,piece--1-0,Collado Villalba,0,-4.02449,40.6541,-4.01932,40.6487,-4.0219,40.6514,,
Collado Villalba--piece--1-1--raspberry3bp,scraping-airbnb-raspberry3bp--2018-11-29_14_04_43,airbnb,raspberry3bp,1544121745000,0,0,1,2,,piece--1-1,Collado Villalba,0,-4.02449,40.6487,-4.01932,40.6433,-4.0219,40.646,,
Collado Villalba--piece--1-2--raspberry3bp,scraping-airbnb-raspberry3bp--2018-11-29_14_04_43,airbnb,raspberry3bp,1544121760000,0,0,0,1,,piece--1-2,Collado Villalba,0,-4.02449,40.6433,-4.01932,40.6378,-4.0219,40.6405,,
Collado Villalba--piece--1-3--raspberry3bp,scraping-airbnb-raspberry3bp--2018-11-29_14_04_43,airbnb,raspberry3bp,1544121776000,0,0,3,1,,piece--1-3,Collado Villalba,0,-4.02449,40.6378,-4.01932,40.6324,-4.0219,40.6351,,
Collado Villalba--piece--1-4--raspberry3bp,scraping-airbnb-raspberry3bp--2018-11-29_14_04_43,airbnb,raspberry3bp,1544121798000,0,0,0,0,,piece--1-4,Collado Villalba,0,-4.02449,40.6324,-4.01932,40.627,-4.0219,40.6297,,
Collado Villalba--piece--1-5--raspberry3bp,scraping-airbnb-raspberry3bp--2018-11-29_14_04_43,airbnb,raspberry3bp,1544121821000,0,0,0,0,,piece--1-5,Collado Villalba,0,-4.02449,40.627,-4.01932,40.6216,-4.0219,40.6243,,
Collado Villalba--piece--1-6--raspberry3bp,scraping-airbnb-raspberry3bp--2018-11-29_14_04_43,airbnb,raspberry3bp,1544121834000,0,0,0,0,,piece--1-6,Collado Villalba,0,-4.02449,40.6216,-4.01932,40.6162,-4.0219,40.6189,,
Collado Villalba--piece--2-0--raspberry3bp,scraping-airbnb-raspberry3bp--2018-11-29_14_04_43,airbnb,raspberry3bp,1544121849000,0,0,3,2,,piece--2-0,Collado Villalba,0,-4.01932,40.6541,-4.01414,40.6487,-4.01673,40.6514,,
Collado Villalba--piece--2-1--raspberry3bp,scraping-airbnb-raspberry3bp--2018-11-29_14_04_43,airbnb,raspberry3bp,1544121870000,0,0,0,0,,piece--2-1,Collado Villalba,0,-4.01932,40.6487,-4.01414,40.6433,-4.01673,40.646,,
Collado Villalba--piece--2-2--raspberry3bp,scraping-airbnb-raspberry3bp--2018-11-29_14_04_43,airbnb,raspberry3bp,1544121891000,0,0,0,0,,piece--2-2,Collado Villalba,0,-4.01932,40.6433,-4.01414,40.6378,-4.01673,40.6405,,
Collado Villalba--piece--2-3--raspberry3bp,scraping-airbnb-raspberry3bp--2018-11-29_14_04_43,airbnb,raspberry3bp,1544121903000,0,0,0,0,,piece--2-3,Collado Villalba,0,-4.01932,40.6378,-4.01414,40.6324,-4.01673,40.6351,,
Collado Villalba--piece--2-4--raspberry3bp,scraping-airbnb-raspberry3bp--2018-11-29_14_04_43,airbnb,raspberry3bp,1544121923000,0,0,0,0,,piece--2-4,Collado Villalba,0,-4.01932,40.6324,-4.01414,40.627,-4.01673,40.6297,,
Collado Villalba--piece--2-5--raspberry3bp,scraping-airbnb-raspberry3bp--2018-11-29_14_04_43,airbnb,raspberry3bp,1544121935000,0,0,0,0,,piece--2-5,Collado Villalba,0,-4.01932,40.627,-4.01414,40.6216,-4.01673,40.6243,,
Collado Villalba--piece--2-6--raspberry3bp,scraping-airbnb-raspberry3bp--2018-11-29_14_04_43,airbnb,raspberry3bp,1544121950000,0,0,1,1,,piece--2-6,Collado Villalba,0,-4.01932,40.6216,-4.01414,40.6162,-4.01673,40.6189,,
Collado Villalba--piece--3-0--raspberry3bp,scraping-airbnb-raspberry3bp--2018-11-29_14_04_43,airbnb,raspberry3bp,1544121968000,0,0,1,1,,piece--3-0,Collado Villalba,0,-4.01414,40.6541,-4.00896,40.6487,-4.01155,40.6514,,
Collado Villalba--piece--3-1--raspberry3bp,scraping-airbnb-raspberry3bp--2018-11-29_14_04_43,airbnb,raspberry3bp,1544121981000,0,0,0,0,,piece--3-1,Collado Villalba,0,-4.01414,40.6487,-4.00896,40.6433,-4.01155,40.646,,
Collado Villalba--piece--3-2--raspberry3bp,scraping-airbnb-raspberry3bp--2018-11-29_14_04_43,airbnb,raspberry3bp,1544121993000,0,0,0,0,,piece--3-2,Collado Villalba,0,-4.01414,40.6433,-4.00896,40.6378,-4.01155,40.6405,,
Collado Villalba--piece--3-3--raspberry3bp,scraping-airbnb-raspberry3bp--2018-11-29_14_04_43,airbnb,raspberry3bp,1544122009000,0,0,0,0,,piece--3-3,Collado Villalba,0,-4.01414,40.6378,-4.00896,40.6324,-4.01155,40.6351,,
Collado Villalba--piece--3-4--raspberry3bp,scraping-airbnb-raspberry3bp--2018-11-29_14_04_43,airbnb,raspberry3bp,1544122024000,0,0,0,0,,piece--3-4,Collado Villalba,0,-4.01414,40.6324,-4.00896,40.627,-4.01155,40.6297,,
Collado Villalba--piece--3-5--raspberry3bp,scraping-airbnb-raspberry3bp--2018-11-29_14_04_43,airbnb,raspberry3bp,1544122041000,0,0,0,2,,piece--3-5,Collado Villalba,0,-4.01414,40.627,-4.00896,40.6216,-4.01155,40.6243,,
Collado Villalba--piece--3-6--raspberry3bp,scraping-airbnb-raspberry3bp--2018-11-29_14_04_43,airbnb,raspberry3bp,1544122060000,0,0,0,1,,piece--3-6,Collado Villalba,0,-4.01414,40.6216,-4.00896,40.6162,-4.01155,40.6189,,
Collado Villalba--piece--4-0--raspberry3bp,scraping-airbnb-raspberry3bp--2018-11-29_14_04_43,airbnb,raspberry3bp,1544122078000,0,0,0,0,,piece--4-0,Collado Villalba,0,-4.00896,40.6541,-4.00379,40.6487,-4.00637,40.6514,,
Collado Villalba--piece--4-1--raspberry3bp,scraping-airbnb-raspberry3bp--2018-11-29_14_04_43,airbnb,raspberry3bp,1544122092000,0,0,0,0,,piece--4-1,Collado Villalba,0,-4.00896,40.6487,-4.00379,40.6433,-4.00637,40.646,,
Collado Villalba--piece--4-2--raspberry3bp,scraping-airbnb-raspberry3bp--2018-11-29_14_04_43,airbnb,raspberry3bp,1544122112000,0,0,0,0,,piece--4-2,Collado Villalba,0,-4.00896,40.6433,-4.00379,40.6378,-4.00637,40.6405,,
Collado Villalba--piece--4-3--raspberry3bp,scraping-airbnb-raspberry3bp--2018-11-29_14_04_43,airbnb,raspberry3bp,1544122135000,0,0,0,0,,piece--4-3,Collado Villalba,0,-4.00896,40.6378,-4.00379,40.6324,-4.00637,40.6351,,
Collado Villalba--piece--4-4--raspberry3bp,scraping-airbnb-raspberry3bp--2018-11-29_14_04_43,airbnb,raspberry3bp,1544122154000,0,0,2,1,,piece--4-4,Collado Villalba,0,-4.00896,40.6324,-4.00379,40.627,-4.00637,40.6297,,
Collado Villalba--piece--4-5--raspberry3bp,scraping-airbnb-raspberry3bp--2018-11-29_14_04_43,airbnb,raspberry3bp,1544122174000,0,0,0,0,,piece--4-5,Collado Villalba,0,-4.00896,40.627,-4.00379,40.6216,-4.00637,40.6243,,
Collado Villalba--piece--4-6--raspberry3bp,scraping-airbnb-raspberry3bp--2018-11-29_14_04_43,airbnb,raspberry3bp,1544122191000,0,0,0,0,,piece--4-6,Collado Villalba,0,-4.00896,40.6216,-4.00379,40.6162,-4.00637,40.6189,,
Collado Villalba--piece--5-0--raspberry3bp,scraping-airbnb-raspberry3bp--2018-11-29_14_04_43,airbnb,raspberry3bp,1544122204000,0,0,0,0,,piece--5-0,Collado Villalba,0,-4.00379,40.6541,-3.99861,40.6487,-4.0012,40.6514,,
Collado Villalba--piece--5-1--raspberry3bp,scraping-airbnb-raspberry3bp--2018-11-29_14_04_43,airbnb,raspberry3bp,1544122217000,0,0,0,0,,piece--5-1,Collado Villalba,0,-4.00379,40.6487,-3.99861,40.6433,-4.0012,40.646,,
Collado Villalba--piece--5-2--raspberry3bp,scraping-airbnb-raspberry3bp--2018-11-29_14_04_43,airbnb,raspberry3bp,1544122230000,0,0,0,0,,piece--5-2,Collado Villalba,0,-4.00379,40.6433,-3.99861,40.6378,-4.0012,40.6405,,
Collado Villalba--piece--5-3--raspberry3bp,scraping-airbnb-raspberry3bp--2018-11-29_14_04_43,airbnb,raspberry3bp,1544122251000,0,0,0,0,,piece--5-3,Collado Villalba,0,-4.00379,40.6378,-3.99861,40.6324,-4.0012,40.6351,,
Collado Villalba--piece--5-4--raspberry3bp,scraping-airbnb-raspberry3bp--2018-11-29_14_04_43,airbnb,raspberry3bp,1544122270000,0,0,0,0,,piece--5-4,Collado Villalba,0,-4.00379,40.6324,-3.99861,40.627,-4.0012,40.6297,,
Collado Villalba--piece--5-5--raspberry3bp,scraping-airbnb-raspberry3bp--2018-11-29_14_04_43,airbnb,raspberry3bp,1544122286000,0,0,0,0,,piece--5-5,Collado Villalba,0,-4.00379,40.627,-3.99861,40.6216,-4.0012,40.6243,,
Collado Villalba--piece--5-6--raspberry3bp,scraping-airbnb-raspberry3bp--2018-11-29_14_04_43,airbnb,raspberry3bp,1544122303000,0,0,0,0,,piece--5-6,Collado Villalba,0,-4.00379,40.6216,-3.99861,40.6162,-4.0012,40.6189,,
Collado Villalba--piece--6-0--raspberry3bp,scraping-airbnb-raspberry3bp--2018-11-29_14_04_43,airbnb,raspberry3bp,1544122318000,0,0,0,1,,piece--6-0,Collado Villalba,0,-3.99861,40.6541,-3.99343,40.6487,-3.99602,40.6514,,
Collado Villalba--piece--6-1--raspberry3bp,scraping-airbnb-raspberry3bp--2018-11-29_14_04_43,airbnb,raspberry3bp,1544122335000,0,0,0,0,,piece--6-1,Collado Villalba,0,-3.99861,40.6487,-3.99343,40.6433,-3.99602,40.646,,
Collado Villalba--piece--6-2--raspberry3bp,scraping-airbnb-raspberry3bp--2018-11-29_14_04_43,airbnb,raspberry3bp,1544122353000,0,0,0,0,,piece--6-2,Collado Villalba,0,-3.99861,40.6433,-3.99343,40.6378,-3.99602,40.6405,,
Collado Villalba--piece--6-3--raspberry3bp,scraping-airbnb-raspberry3bp--2018-11-29_14_04_43,airbnb,raspberry3bp,1544122371000,0,0,0,0,,piece--6-3,Collado Villalba,0,-3.99861,40.6378,-3.99343,40.6324,-3.99602,40.6351,,
Collado Villalba--piece--6-4--raspberry3bp,scraping-airbnb-raspberry3bp--2018-11-29_14_04_43,airbnb,raspberry3bp,1544122392000,0,0,0,0,,piece--6-4,Collado Villalba,0,-3.99861,40.6324,-3.99343,40.627,-3.99602,40.6297,,
Collado Villalba--piece--6-5--raspberry3bp,scraping-airbnb-raspberry3bp--2018-11-29_14_04_43,airbnb,raspberry3bp,1544122406000,0,0,2,1,,piece--6-5,Collado Villalba,0,-3.99861,40.627,-3.99343,40.6216,-3.99602,40.6243,,
Collado Villalba--piece--6-6--raspberry3bp,scraping-airbnb-raspberry3bp--2018-11-29_14_04_43,airbnb,raspberry3bp,1544122434000,0,0,0,0,,piece--6-6,Collado Villalba,0,-3.99861,40.6216,-3.99343,40.6162,-3.99602,40.6189,,
Collado Villalba--piece--7-0--raspberry3bp,scraping-airbnb-raspberry3bp--2018-11-29_14_04_43,airbnb,raspberry3bp,1544122452000,0,0,0,0,,piece--7-0,Collado Villalba,0,-3.99343,40.6541,-3.98826,40.6487,-3.99085,40.6514,,
Collado Villalba--piece--7-1--raspberry3bp,scraping-airbnb-raspberry3bp--2018-11-29_14_04_43,airbnb,raspberry3bp,1544122473000,0,0,2,1,,piece--7-1,Collado Villalba,0,-3.99343,40.6487,-3.98826,40.6433,-3.99085,40.646,,
Collado Villalba--piece--7-2--raspberry3bp,scraping-airbnb-raspberry3bp--2018-11-29_14_04_43,airbnb,raspberry3bp,1544122495000,0,0,0,0,,piece--7-2,Collado Villalba,0,-3.99343,40.6433,-3.98826,40.6378,-3.99085,40.6405,,
Collado Villalba--piece--7-3--raspberry3bp,scraping-airbnb-raspberry3bp--2018-11-29_14_04_43,airbnb,raspberry3bp,1544122511000,0,0,0,0,,piece--7-3,Collado Villalba,0,-3.99343,40.6378,-3.98826,40.6324,-3.99085,40.6351,,
Collado Villalba--piece--7-4--raspberry3bp,scraping-airbnb-raspberry3bp--2018-11-29_14_04_43,airbnb,raspberry3bp,1544122530000,0,0,0,0,,piece--7-4,Collado Villalba,0,-3.99343,40.6324,-3.98826,40.627,-3.99085,40.6297,,
Collado Villalba--piece--7-5--raspberry3bp,scraping-airbnb-raspberry3bp--2018-11-29_14_04_43,airbnb,raspberry3bp,1544122545000,0,0,0,1,,piece--7-5,Collado Villalba,0,-3.99343,40.627,-3.98826,40.6216,-3.99085,40.6243,,
Collado Villalba--piece--7-6--raspberry3bp,scraping-airbnb-raspberry3bp--2018-11-29_14_04_43,airbnb,raspberry3bp,1544122559000,0,0,0,0,,piece--7-6,Collado Villalba,0,-3.99343,40.6216,-3.98826,40.6162,-3.99085,40.6189,,
Collado Villalba--piece--8-0--raspberry3bp,scraping-airbnb-raspberry3bp--2018-11-29_14_04_43,airbnb,raspberry3bp,1544122579000,0,0,0,0,,piece--8-0,Collado Villalba,0,-3.98826,40.6541,-3.98308,40.6487,-3.98567,40.6514,,
Collado Villalba--piece--8-1--raspberry3bp,scraping-airbnb-raspberry3bp--2018-11-29_14_04_43,airbnb,raspberry3bp,1544122598000,0,0,2,2,,piece--8-1,Collado Villalba,0,-3.98826,40.6487,-3.98308,40.6433,-3.98567,40.646,,
Collado Villalba--piece--8-2--raspberry3bp,scraping-airbnb-raspberry3bp--2018-11-29_14_04_43,airbnb,raspberry3bp,1544122618000,0,0,0,0,,piece--8-2,Collado Villalba,0,-3.98826,40.6433,-3.98308,40.6378,-3.98567,40.6405,,
Collado Villalba--piece--8-3--raspberry3bp,scraping-airbnb-raspberry3bp--2018-11-29_14_04_43,airbnb,raspberry3bp,1544122645000,0,0,0,0,,piece--8-3,Collado Villalba,0,-3.98826,40.6378,-3.98308,40.6324,-3.98567,40.6351,,
Collado Villalba--piece--8-4--raspberry3bp,scraping-airbnb-raspberry3bp--2018-11-29_14_04_43,airbnb,raspberry3bp,1544122665000,0,0,0,0,,piece--8-4,Collado Villalba,0,-3.98826,40.6324,-3.98308,40.627,-3.98567,40.6297,,
Collado Villalba--piece--8-5--raspberry3bp,scraping-airbnb-raspberry3bp--2018-11-29_14_04_43,airbnb,raspberry3bp,1544122687000,0,0,0,0,,piece--8-5,Collado Villalba,0,-3.98826,40.627,-3.98308,40.6216,-3.98567,40.6243,,
Collado Villalba--piece--8-6--raspberry3bp,scraping-airbnb-raspberry3bp--2018-11-29_14_04_43,airbnb,raspberry3bp,1544122715000,0,0,0,0,,piece--8-6,Collado Villalba,0,-3.98826,40.6216,-3.98308,40.6162,-3.98567,40.6189,,
