piece_id,scraping_id,app_id,device_id,date_scraped,average_prize_buy,number_of_ads_buy,average_prize_rent,number_of_ads_rent,extra_data,piece_name,city_name,scraped,bounding_box1_x,bounding_box1_y,bounding_box2_x,bounding_box2_y,center_point_x,center_point_y,geojson_coordinates,method
Coslada--piece--0-0--gCloud,"scraping-fotocasa-gCloud--12_7_2018,_7_11_51_AM",fotocasa,gCloud,1544177622000,3153.29,30,11.0654,30,,piece--0-0,Coslada,1,-3.57953,40.4469,-3.57423,40.4417,-3.57688,40.4443,,
Coslada--piece--0-1--gCloud,"scraping-fotocasa-gCloud--12_7_2018,_7_11_51_AM",fotocasa,gCloud,1544177631000,2985.49,5,11.1422,3,,piece--0-1,Coslada,1,-3.57953,40.4417,-3.57423,40.4365,-3.57688,40.4391,,
Coslada--piece--0-2--gCloud,"scraping-fotocasa-gCloud--12_7_2018,_7_11_51_AM",fotocasa,gCloud,1544177638000,0,0,0,0,,piece--0-2,Coslada,1,-3.57953,40.4365,-3.57423,40.4313,-3.57688,40.4339,,
Coslada--piece--0-3--gCloud,"scraping-fotocasa-gCloud--12_7_2018,_7_11_51_AM",fotocasa,gCloud,1544177647000,0,0,0,0,,piece--0-3,Coslada,1,-3.57953,40.4313,-3.57423,40.426,-3.57688,40.4286,,
Coslada--piece--0-4--gCloud,"scraping-fotocasa-gCloud--12_7_2018,_7_11_51_AM",fotocasa,gCloud,1544177658000,0,0,0,0,,piece--0-4,Coslada,1,-3.57953,40.426,-3.57423,40.4208,-3.57688,40.4234,,
Coslada--piece--0-5--gCloud,"scraping-fotocasa-gCloud--12_7_2018,_7_11_51_AM",fotocasa,gCloud,1544177663000,2400,1,0,0,,piece--0-5,Coslada,1,-3.57953,40.4208,-3.57423,40.4156,-3.57688,40.4182,,
Coslada--piece--0-6--gCloud,"scraping-fotocasa-gCloud--12_7_2018,_7_11_51_AM",fotocasa,gCloud,1544177669000,2524.75,1,0,0,,piece--0-6,Coslada,1,-3.57953,40.4156,-3.57423,40.4104,-3.57688,40.413,,
Coslada--piece--1-0--gCloud,"scraping-fotocasa-gCloud--12_7_2018,_7_11_51_AM",fotocasa,gCloud,1544177675000,2861.34,8,8.63636,1,,piece--1-0,Coslada,1,-3.57423,40.4469,-3.56893,40.4417,-3.57158,40.4443,,
Coslada--piece--1-1--gCloud,"scraping-fotocasa-gCloud--12_7_2018,_7_11_51_AM",fotocasa,gCloud,1544177680000,2583.33,1,0,0,,piece--1-1,Coslada,1,-3.57423,40.4417,-3.56893,40.4365,-3.57158,40.4391,,
Coslada--piece--1-2--gCloud,"scraping-fotocasa-gCloud--12_7_2018,_7_11_51_AM",fotocasa,gCloud,1544177688000,0,0,0,0,,piece--1-2,Coslada,1,-3.57423,40.4365,-3.56893,40.4313,-3.57158,40.4339,,
Coslada--piece--1-3--gCloud,"scraping-fotocasa-gCloud--12_7_2018,_7_11_51_AM",fotocasa,gCloud,1544177693000,0,0,0,0,,piece--1-3,Coslada,1,-3.57423,40.4313,-3.56893,40.426,-3.57158,40.4286,,
Coslada--piece--1-4--gCloud,"scraping-fotocasa-gCloud--12_7_2018,_7_11_51_AM",fotocasa,gCloud,1544177701000,2200.75,17,10,1,,piece--1-4,Coslada,1,-3.57423,40.426,-3.56893,40.4208,-3.57158,40.4234,,
Coslada--piece--1-5--gCloud,"scraping-fotocasa-gCloud--12_7_2018,_7_11_51_AM",fotocasa,gCloud,1544177706000,2691.57,10,0,0,,piece--1-5,Coslada,1,-3.57423,40.4208,-3.56893,40.4156,-3.57158,40.4182,,
Coslada--piece--1-6--gCloud,"scraping-fotocasa-gCloud--12_7_2018,_7_11_51_AM",fotocasa,gCloud,1544177713000,0,0,0,0,,piece--1-6,Coslada,1,-3.57423,40.4156,-3.56893,40.4104,-3.57158,40.413,,
Coslada--piece--2-0--gCloud,"scraping-fotocasa-gCloud--12_7_2018,_7_11_51_AM",fotocasa,gCloud,1544177721000,1788.49,5,7.57902,2,,piece--2-0,Coslada,1,-3.56893,40.4469,-3.56362,40.4417,-3.56628,40.4443,,
Coslada--piece--2-1--gCloud,"scraping-fotocasa-gCloud--12_7_2018,_7_11_51_AM",fotocasa,gCloud,1544177727000,2080.42,1,0,0,,piece--2-1,Coslada,1,-3.56893,40.4417,-3.56362,40.4365,-3.56628,40.4391,,
Coslada--piece--2-2--gCloud,"scraping-fotocasa-gCloud--12_7_2018,_7_11_51_AM",fotocasa,gCloud,1544177732000,0,0,0,0,,piece--2-2,Coslada,1,-3.56893,40.4365,-3.56362,40.4313,-3.56628,40.4339,,
Coslada--piece--2-3--gCloud,"scraping-fotocasa-gCloud--12_7_2018,_7_11_51_AM",fotocasa,gCloud,1544177737000,1760.92,5,0,0,,piece--2-3,Coslada,1,-3.56893,40.4313,-3.56362,40.426,-3.56628,40.4286,,
Coslada--piece--2-4--gCloud,"scraping-fotocasa-gCloud--12_7_2018,_7_11_51_AM",fotocasa,gCloud,1544177744000,1924.88,28,9.55357,2,,piece--2-4,Coslada,1,-3.56893,40.426,-3.56362,40.4208,-3.56628,40.4234,,
Coslada--piece--2-5--gCloud,"scraping-fotocasa-gCloud--12_7_2018,_7_11_51_AM",fotocasa,gCloud,1544177750000,2701.01,7,0,0,,piece--2-5,Coslada,1,-3.56893,40.4208,-3.56362,40.4156,-3.56628,40.4182,,
Coslada--piece--2-6--gCloud,"scraping-fotocasa-gCloud--12_7_2018,_7_11_51_AM",fotocasa,gCloud,1544177758000,0,0,0,0,,piece--2-6,Coslada,1,-3.56893,40.4156,-3.56362,40.4104,-3.56628,40.413,,
Coslada--piece--3-0--gCloud,"scraping-fotocasa-gCloud--12_7_2018,_7_11_51_AM",fotocasa,gCloud,1544177767000,0,0,0,0,,piece--3-0,Coslada,1,-3.56362,40.4469,-3.55832,40.4417,-3.56097,40.4443,,
Coslada--piece--3-1--gCloud,"scraping-fotocasa-gCloud--12_7_2018,_7_11_51_AM",fotocasa,gCloud,1544177773000,0,0,0,0,,piece--3-1,Coslada,1,-3.56362,40.4417,-3.55832,40.4365,-3.56097,40.4391,,
Coslada--piece--3-2--gCloud,"scraping-fotocasa-gCloud--12_7_2018,_7_11_51_AM",fotocasa,gCloud,1544177784000,0,0,0,0,,piece--3-2,Coslada,1,-3.56362,40.4365,-3.55832,40.4313,-3.56097,40.4339,,
Coslada--piece--3-3--gCloud,"scraping-fotocasa-gCloud--12_7_2018,_7_11_51_AM",fotocasa,gCloud,1544177792000,2581.78,19,9.81013,1,,piece--3-3,Coslada,1,-3.56362,40.4313,-3.55832,40.426,-3.56097,40.4286,,
Coslada--piece--3-4--gCloud,"scraping-fotocasa-gCloud--12_7_2018,_7_11_51_AM",fotocasa,gCloud,1544177798000,2148.94,17,9.6875,1,,piece--3-4,Coslada,1,-3.56362,40.426,-3.55832,40.4208,-3.56097,40.4234,,
Coslada--piece--3-5--gCloud,"scraping-fotocasa-gCloud--12_7_2018,_7_11_51_AM",fotocasa,gCloud,1544177808000,1949.17,7,0,0,,piece--3-5,Coslada,1,-3.56362,40.4208,-3.55832,40.4156,-3.56097,40.4182,,
Coslada--piece--3-6--gCloud,"scraping-fotocasa-gCloud--12_7_2018,_7_11_51_AM",fotocasa,gCloud,1544177814000,1977.5,2,0,0,,piece--3-6,Coslada,1,-3.56362,40.4156,-3.55832,40.4104,-3.56097,40.413,,
Coslada--piece--4-0--gCloud,"scraping-fotocasa-gCloud--12_7_2018,_7_11_51_AM",fotocasa,gCloud,1544177825000,0,0,0,0,,piece--4-0,Coslada,1,-3.55832,40.4469,-3.55302,40.4417,-3.55567,40.4443,,
Coslada--piece--4-1--gCloud,"scraping-fotocasa-gCloud--12_7_2018,_7_11_51_AM",fotocasa,gCloud,1544177830000,0,0,0,0,,piece--4-1,Coslada,1,-3.55832,40.4417,-3.55302,40.4365,-3.55567,40.4391,,
Coslada--piece--4-2--gCloud,"scraping-fotocasa-gCloud--12_7_2018,_7_11_51_AM",fotocasa,gCloud,1544177838000,0,0,0,0,,piece--4-2,Coslada,1,-3.55832,40.4365,-3.55302,40.4313,-3.55567,40.4339,,
Coslada--piece--4-3--gCloud,"scraping-fotocasa-gCloud--12_7_2018,_7_11_51_AM",fotocasa,gCloud,1544177847000,2335.03,5,16,1,,piece--4-3,Coslada,1,-3.55832,40.4313,-3.55302,40.426,-3.55567,40.4286,,
Coslada--piece--4-4--gCloud,"scraping-fotocasa-gCloud--12_7_2018,_7_11_51_AM",fotocasa,gCloud,1544177853000,1746.28,14,7.96296,2,,piece--4-4,Coslada,1,-3.55832,40.426,-3.55302,40.4208,-3.55567,40.4234,,
Coslada--piece--4-5--gCloud,"scraping-fotocasa-gCloud--12_7_2018,_7_11_51_AM",fotocasa,gCloud,1544177859000,1797.8,6,0,0,,piece--4-5,Coslada,1,-3.55832,40.4208,-3.55302,40.4156,-3.55567,40.4182,,
Coslada--piece--4-6--gCloud,"scraping-fotocasa-gCloud--12_7_2018,_7_11_51_AM",fotocasa,gCloud,1544177868000,2129.73,4,0,0,,piece--4-6,Coslada,1,-3.55832,40.4156,-3.55302,40.4104,-3.55567,40.413,,
Coslada--piece--5-0--gCloud,"scraping-fotocasa-gCloud--12_7_2018,_7_11_51_AM",fotocasa,gCloud,1544177873000,0,0,0,0,,piece--5-0,Coslada,1,-3.55302,40.4469,-3.54772,40.4417,-3.55037,40.4443,,
Coslada--piece--5-1--gCloud,"scraping-fotocasa-gCloud--12_7_2018,_7_11_51_AM",fotocasa,gCloud,1544177881000,0,0,0,0,,piece--5-1,Coslada,1,-3.55302,40.4417,-3.54772,40.4365,-3.55037,40.4391,,
Coslada--piece--5-2--gCloud,"scraping-fotocasa-gCloud--12_7_2018,_7_11_51_AM",fotocasa,gCloud,1544177889000,0,0,0,0,,piece--5-2,Coslada,1,-3.55302,40.4365,-3.54772,40.4313,-3.55037,40.4339,,
Coslada--piece--5-3--gCloud,"scraping-fotocasa-gCloud--12_7_2018,_7_11_51_AM",fotocasa,gCloud,1544177898000,2059.64,7,0,0,,piece--5-3,Coslada,1,-3.55302,40.4313,-3.54772,40.426,-3.55037,40.4286,,
Coslada--piece--5-4--gCloud,"scraping-fotocasa-gCloud--12_7_2018,_7_11_51_AM",fotocasa,gCloud,1544177903000,2045.12,9,0,0,,piece--5-4,Coslada,1,-3.55302,40.426,-3.54772,40.4208,-3.55037,40.4234,,
Coslada--piece--5-5--gCloud,"scraping-fotocasa-gCloud--12_7_2018,_7_11_51_AM",fotocasa,gCloud,1544177909000,1673.52,7,0,0,,piece--5-5,Coslada,1,-3.55302,40.4208,-3.54772,40.4156,-3.55037,40.4182,,
Coslada--piece--5-6--gCloud,"scraping-fotocasa-gCloud--12_7_2018,_7_11_51_AM",fotocasa,gCloud,1544177917000,1720.9,14,0,0,,piece--5-6,Coslada,1,-3.55302,40.4156,-3.54772,40.4104,-3.55037,40.413,,
Coslada--piece--6-0--gCloud,"scraping-fotocasa-gCloud--12_7_2018,_7_11_51_AM",fotocasa,gCloud,1544177927000,388.106,1,11.9873,8,,piece--6-0,Coslada,1,-3.54772,40.4469,-3.54241,40.4417,-3.54507,40.4443,,
Coslada--piece--6-1--gCloud,"scraping-fotocasa-gCloud--12_7_2018,_7_11_51_AM",fotocasa,gCloud,1544177933000,0,0,0,0,,piece--6-1,Coslada,1,-3.54772,40.4417,-3.54241,40.4365,-3.54507,40.4391,,
Coslada--piece--6-2--gCloud,"scraping-fotocasa-gCloud--12_7_2018,_7_11_51_AM",fotocasa,gCloud,1544177942000,0,0,0,0,,piece--6-2,Coslada,1,-3.54772,40.4365,-3.54241,40.4313,-3.54507,40.4339,,
Coslada--piece--6-3--gCloud,"scraping-fotocasa-gCloud--12_7_2018,_7_11_51_AM",fotocasa,gCloud,1544177954000,2129.02,9,8,1,,piece--6-3,Coslada,1,-3.54772,40.4313,-3.54241,40.426,-3.54507,40.4286,,
Coslada--piece--6-4--gCloud,"scraping-fotocasa-gCloud--12_7_2018,_7_11_51_AM",fotocasa,gCloud,1544177960000,2214.3,20,0,0,,piece--6-4,Coslada,1,-3.54772,40.426,-3.54241,40.4208,-3.54507,40.4234,,
Coslada--piece--6-5--gCloud,"scraping-fotocasa-gCloud--12_7_2018,_7_11_51_AM",fotocasa,gCloud,1544177965000,1750.21,14,10,1,,piece--6-5,Coslada,1,-3.54772,40.4208,-3.54241,40.4156,-3.54507,40.4182,,
Coslada--piece--6-6--gCloud,"scraping-fotocasa-gCloud--12_7_2018,_7_11_51_AM",fotocasa,gCloud,1544177971000,1484.77,6,0,0,,piece--6-6,Coslada,1,-3.54772,40.4156,-3.54241,40.4104,-3.54507,40.413,,
Coslada--piece--7-0--gCloud,"scraping-fotocasa-gCloud--12_7_2018,_7_11_51_AM",fotocasa,gCloud,1544177977000,0,0,0,0,,piece--7-0,Coslada,1,-3.54241,40.4469,-3.53711,40.4417,-3.53976,40.4443,,
Coslada--piece--7-1--gCloud,"scraping-fotocasa-gCloud--12_7_2018,_7_11_51_AM",fotocasa,gCloud,1544177983000,0,0,0,0,,piece--7-1,Coslada,1,-3.54241,40.4417,-3.53711,40.4365,-3.53976,40.4391,,
Coslada--piece--7-2--gCloud,"scraping-fotocasa-gCloud--12_7_2018,_7_11_51_AM",fotocasa,gCloud,1544177994000,1774.19,1,0,0,,piece--7-2,Coslada,1,-3.54241,40.4365,-3.53711,40.4313,-3.53976,40.4339,,
Coslada--piece--7-3--gCloud,"scraping-fotocasa-gCloud--12_7_2018,_7_11_51_AM",fotocasa,gCloud,1544178004000,1945.74,29,8.92857,2,,piece--7-3,Coslada,1,-3.54241,40.4313,-3.53711,40.426,-3.53976,40.4286,,
Coslada--piece--7-4--gCloud,"scraping-fotocasa-gCloud--12_7_2018,_7_11_51_AM",fotocasa,gCloud,1544178012000,1944.67,30,9.35897,1,,piece--7-4,Coslada,1,-3.54241,40.426,-3.53711,40.4208,-3.53976,40.4234,,
Coslada--piece--7-5--gCloud,"scraping-fotocasa-gCloud--12_7_2018,_7_11_51_AM",fotocasa,gCloud,1544178020000,1908.39,19,0,0,,piece--7-5,Coslada,1,-3.54241,40.4208,-3.53711,40.4156,-3.53976,40.4182,,
Coslada--piece--7-6--gCloud,"scraping-fotocasa-gCloud--12_7_2018,_7_11_51_AM",fotocasa,gCloud,1544178029000,2241.93,4,0,0,,piece--7-6,Coslada,1,-3.54241,40.4156,-3.53711,40.4104,-3.53976,40.413,,
Coslada--piece--8-0--gCloud,"scraping-fotocasa-gCloud--12_7_2018,_7_11_51_AM",fotocasa,gCloud,1544178040000,1530.3,2,0,0,,piece--8-0,Coslada,1,-3.53711,40.4469,-3.53181,40.4417,-3.53446,40.4443,,
Coslada--piece--8-1--gCloud,"scraping-fotocasa-gCloud--12_7_2018,_7_11_51_AM",fotocasa,gCloud,1544178049000,1674.87,9,0,0,,piece--8-1,Coslada,1,-3.53711,40.4417,-3.53181,40.4365,-3.53446,40.4391,,
Coslada--piece--8-2--gCloud,"scraping-fotocasa-gCloud--12_7_2018,_7_11_51_AM",fotocasa,gCloud,1544178055000,0,0,0,0,,piece--8-2,Coslada,1,-3.53711,40.4365,-3.53181,40.4313,-3.53446,40.4339,,
Coslada--piece--8-3--gCloud,"scraping-fotocasa-gCloud--12_7_2018,_7_11_51_AM",fotocasa,gCloud,1544178061000,2019.86,19,0,0,,piece--8-3,Coslada,1,-3.53711,40.4313,-3.53181,40.426,-3.53446,40.4286,,
Coslada--piece--8-4--gCloud,"scraping-fotocasa-gCloud--12_7_2018,_7_11_51_AM",fotocasa,gCloud,1544178068000,1949.02,28,9.4287,2,,piece--8-4,Coslada,1,-3.53711,40.426,-3.53181,40.4208,-3.53446,40.4234,,
Coslada--piece--8-5--gCloud,"scraping-fotocasa-gCloud--12_7_2018,_7_11_51_AM",fotocasa,gCloud,1544178077000,0,0,0,0,,piece--8-5,Coslada,1,-3.53711,40.4208,-3.53181,40.4156,-3.53446,40.4182,,
Coslada--piece--8-6--gCloud,"scraping-fotocasa-gCloud--12_7_2018,_7_11_51_AM",fotocasa,gCloud,1544178085000,0,0,0,0,,piece--8-6,Coslada,1,-3.53711,40.4156,-3.53181,40.4104,-3.53446,40.413,,
Coslada--piece--9-0--gCloud,"scraping-fotocasa-gCloud--12_7_2018,_7_11_51_AM",fotocasa,gCloud,1544178091000,0,0,0,0,,piece--9-0,Coslada,1,-3.53181,40.4469,-3.52651,40.4417,-3.52916,40.4443,,
Coslada--piece--9-1--gCloud,"scraping-fotocasa-gCloud--12_7_2018,_7_11_51_AM",fotocasa,gCloud,1544178099000,1700.7,4,0,0,,piece--9-1,Coslada,1,-3.53181,40.4417,-3.52651,40.4365,-3.52916,40.4391,,
Coslada--piece--9-2--gCloud,"scraping-fotocasa-gCloud--12_7_2018,_7_11_51_AM",fotocasa,gCloud,1544178108000,1660.19,2,9.66667,1,,piece--9-2,Coslada,1,-3.53181,40.4365,-3.52651,40.4313,-3.52916,40.4339,,
Coslada--piece--9-3--gCloud,"scraping-fotocasa-gCloud--12_7_2018,_7_11_51_AM",fotocasa,gCloud,1544178118000,2326.28,20,10,4,,piece--9-3,Coslada,1,-3.53181,40.4313,-3.52651,40.426,-3.52916,40.4286,,
Coslada--piece--9-4--gCloud,"scraping-fotocasa-gCloud--12_7_2018,_7_11_51_AM",fotocasa,gCloud,1544178127000,1720.74,13,14.4444,1,,piece--9-4,Coslada,1,-3.53181,40.426,-3.52651,40.4208,-3.52916,40.4234,,
Coslada--piece--9-5--gCloud,"scraping-fotocasa-gCloud--12_7_2018,_7_11_51_AM",fotocasa,gCloud,1544178136000,2491.04,4,9.91667,2,,piece--9-5,Coslada,1,-3.53181,40.4208,-3.52651,40.4156,-3.52916,40.4182,,
Coslada--piece--9-6--gCloud,"scraping-fotocasa-gCloud--12_7_2018,_7_11_51_AM",fotocasa,gCloud,1544178144000,0,0,0,0,,piece--9-6,Coslada,1,-3.53181,40.4156,-3.52651,40.4104,-3.52916,40.413,,
