piece_id,scraping_id,app_id,device_id,date_scraped,average_prize_buy,number_of_ads_buy,average_prize_rent,number_of_ads_rent,extra_data,piece_name,city_name,scraped,bounding_box1_x,bounding_box1_y,bounding_box2_x,bounding_box2_y,center_point_x,center_point_y,geojson_coordinates,method
Coslada--piece--0-0--raspberry3bp,scraping-airbnb-raspberry3bp--2018-11-29_14_04_43,airbnb,raspberry3bp,1544123731000,0,0,0,4,,piece--0-0,Coslada,0,-3.57953,40.4469,-3.57423,40.4417,-3.57688,40.4443,,
Coslada--piece--0-1--raspberry3bp,scraping-airbnb-raspberry3bp--2018-11-29_14_04_43,airbnb,raspberry3bp,1544123764000,0,0,0,0,,piece--0-1,Coslada,0,-3.57953,40.4417,-3.57423,40.4365,-3.57688,40.4391,,
Coslada--piece--0-2--raspberry3bp,scraping-airbnb-raspberry3bp--2018-11-29_14_04_43,airbnb,raspberry3bp,1544123787000,0,0,0,0,,piece--0-2,Coslada,0,-3.57953,40.4365,-3.57423,40.4313,-3.57688,40.4339,,
Coslada--piece--0-3--raspberry3bp,scraping-airbnb-raspberry3bp--2018-11-29_14_04_43,airbnb,raspberry3bp,1544123823000,0,0,0,0,,piece--0-3,Coslada,0,-3.57953,40.4313,-3.57423,40.426,-3.57688,40.4286,,
Coslada--piece--0-4--raspberry3bp,scraping-airbnb-raspberry3bp--2018-11-29_14_04_43,airbnb,raspberry3bp,1544123843000,0,0,0,0,,piece--0-4,Coslada,0,-3.57953,40.426,-3.57423,40.4208,-3.57688,40.4234,,
Coslada--piece--0-5--raspberry3bp,scraping-airbnb-raspberry3bp--2018-11-29_14_04_43,airbnb,raspberry3bp,1544123863000,0,0,0,0,,piece--0-5,Coslada,0,-3.57953,40.4208,-3.57423,40.4156,-3.57688,40.4182,,
Coslada--piece--0-6--raspberry3bp,scraping-airbnb-raspberry3bp--2018-11-29_14_04_43,airbnb,raspberry3bp,1544123879000,0,0,0,0,,piece--0-6,Coslada,0,-3.57953,40.4156,-3.57423,40.4104,-3.57688,40.413,,
Coslada--piece--1-0--raspberry3bp,scraping-airbnb-raspberry3bp--2018-11-29_14_04_43,airbnb,raspberry3bp,1544123896000,0,0,0,3,,piece--1-0,Coslada,0,-3.57423,40.4469,-3.56893,40.4417,-3.57158,40.4443,,
Coslada--piece--1-1--raspberry3bp,scraping-airbnb-raspberry3bp--2018-11-29_14_04_43,airbnb,raspberry3bp,1544123916000,0,0,0,0,,piece--1-1,Coslada,0,-3.57423,40.4417,-3.56893,40.4365,-3.57158,40.4391,,
Coslada--piece--1-2--raspberry3bp,scraping-airbnb-raspberry3bp--2018-11-29_14_04_43,airbnb,raspberry3bp,1544123930000,0,0,0,0,,piece--1-2,Coslada,0,-3.57423,40.4365,-3.56893,40.4313,-3.57158,40.4339,,
Coslada--piece--1-3--raspberry3bp,scraping-airbnb-raspberry3bp--2018-11-29_14_04_43,airbnb,raspberry3bp,1544123954000,0,0,0,0,,piece--1-3,Coslada,0,-3.57423,40.4313,-3.56893,40.426,-3.57158,40.4286,,
Coslada--piece--1-4--raspberry3bp,scraping-airbnb-raspberry3bp--2018-11-29_14_04_43,airbnb,raspberry3bp,1544123972000,0,0,0,0,,piece--1-4,Coslada,0,-3.57423,40.426,-3.56893,40.4208,-3.57158,40.4234,,
Coslada--piece--1-5--raspberry3bp,scraping-airbnb-raspberry3bp--2018-11-29_14_04_43,airbnb,raspberry3bp,1544123988000,0,0,2,2,,piece--1-5,Coslada,0,-3.57423,40.4208,-3.56893,40.4156,-3.57158,40.4182,,
Coslada--piece--1-6--raspberry3bp,scraping-airbnb-raspberry3bp--2018-11-29_14_04_43,airbnb,raspberry3bp,1544124012000,0,0,0,0,,piece--1-6,Coslada,0,-3.57423,40.4156,-3.56893,40.4104,-3.57158,40.413,,
Coslada--piece--2-0--raspberry3bp,scraping-airbnb-raspberry3bp--2018-11-29_14_04_43,airbnb,raspberry3bp,1544124037000,0,0,0,0,,piece--2-0,Coslada,0,-3.56893,40.4469,-3.56362,40.4417,-3.56628,40.4443,,
Coslada--piece--2-1--raspberry3bp,scraping-airbnb-raspberry3bp--2018-11-29_14_04_43,airbnb,raspberry3bp,1544124057000,0,0,0,0,,piece--2-1,Coslada,0,-3.56893,40.4417,-3.56362,40.4365,-3.56628,40.4391,,
Coslada--piece--2-2--raspberry3bp,scraping-airbnb-raspberry3bp--2018-11-29_14_04_43,airbnb,raspberry3bp,1544124077000,0,0,0,0,,piece--2-2,Coslada,0,-3.56893,40.4365,-3.56362,40.4313,-3.56628,40.4339,,
Coslada--piece--2-3--raspberry3bp,scraping-airbnb-raspberry3bp--2018-11-29_14_04_43,airbnb,raspberry3bp,1544124094000,0,0,0,6,,piece--2-3,Coslada,0,-3.56893,40.4313,-3.56362,40.426,-3.56628,40.4286,,
Coslada--piece--2-4--raspberry3bp,scraping-airbnb-raspberry3bp--2018-11-29_14_04_43,airbnb,raspberry3bp,1544124112000,0,0,2,2,,piece--2-4,Coslada,0,-3.56893,40.426,-3.56362,40.4208,-3.56628,40.4234,,
Coslada--piece--2-5--raspberry3bp,scraping-airbnb-raspberry3bp--2018-11-29_14_04_43,airbnb,raspberry3bp,1544124147000,0,0,0,2,,piece--2-5,Coslada,0,-3.56893,40.4208,-3.56362,40.4156,-3.56628,40.4182,,
Coslada--piece--2-6--raspberry3bp,scraping-airbnb-raspberry3bp--2018-11-29_14_04_43,airbnb,raspberry3bp,1544124166000,0,0,0,0,,piece--2-6,Coslada,0,-3.56893,40.4156,-3.56362,40.4104,-3.56628,40.413,,
Coslada--piece--3-0--raspberry3bp,scraping-airbnb-raspberry3bp--2018-11-29_14_04_43,airbnb,raspberry3bp,1544124184000,0,0,0,0,,piece--3-0,Coslada,0,-3.56362,40.4469,-3.55832,40.4417,-3.56097,40.4443,,
Coslada--piece--3-1--raspberry3bp,scraping-airbnb-raspberry3bp--2018-11-29_14_04_43,airbnb,raspberry3bp,1544124205000,0,0,0,0,,piece--3-1,Coslada,0,-3.56362,40.4417,-3.55832,40.4365,-3.56097,40.4391,,
Coslada--piece--3-2--raspberry3bp,scraping-airbnb-raspberry3bp--2018-11-29_14_04_43,airbnb,raspberry3bp,1544124222000,0,0,0,0,,piece--3-2,Coslada,0,-3.56362,40.4365,-3.55832,40.4313,-3.56097,40.4339,,
Coslada--piece--3-3--raspberry3bp,scraping-airbnb-raspberry3bp--2018-11-29_14_04_43,airbnb,raspberry3bp,1544124235000,0,0,0,3,,piece--3-3,Coslada,0,-3.56362,40.4313,-3.55832,40.426,-3.56097,40.4286,,
Coslada--piece--3-4--raspberry3bp,scraping-airbnb-raspberry3bp--2018-11-29_14_04_43,airbnb,raspberry3bp,1544124252000,0,0,2,1,,piece--3-4,Coslada,0,-3.56362,40.426,-3.55832,40.4208,-3.56097,40.4234,,
Coslada--piece--3-5--raspberry3bp,scraping-airbnb-raspberry3bp--2018-11-29_14_04_43,airbnb,raspberry3bp,1544124270000,0,0,0,0,,piece--3-5,Coslada,0,-3.56362,40.4208,-3.55832,40.4156,-3.56097,40.4182,,
Coslada--piece--3-6--raspberry3bp,scraping-airbnb-raspberry3bp--2018-11-29_14_04_43,airbnb,raspberry3bp,1544124286000,0,0,0,0,,piece--3-6,Coslada,0,-3.56362,40.4156,-3.55832,40.4104,-3.56097,40.413,,
Coslada--piece--4-0--raspberry3bp,scraping-airbnb-raspberry3bp--2018-11-29_14_04_43,airbnb,raspberry3bp,1544124299000,0,0,0,0,,piece--4-0,Coslada,0,-3.55832,40.4469,-3.55302,40.4417,-3.55567,40.4443,,
Coslada--piece--4-1--raspberry3bp,scraping-airbnb-raspberry3bp--2018-11-29_14_04_43,airbnb,raspberry3bp,1544124317000,0,0,0,0,,piece--4-1,Coslada,0,-3.55832,40.4417,-3.55302,40.4365,-3.55567,40.4391,,
Coslada--piece--4-2--raspberry3bp,scraping-airbnb-raspberry3bp--2018-11-29_14_04_43,airbnb,raspberry3bp,1544124335000,0,0,0,0,,piece--4-2,Coslada,0,-3.55832,40.4365,-3.55302,40.4313,-3.55567,40.4339,,
Coslada--piece--4-3--raspberry3bp,scraping-airbnb-raspberry3bp--2018-11-29_14_04_43,airbnb,raspberry3bp,1544124353000,0,0,0,0,,piece--4-3,Coslada,0,-3.55832,40.4313,-3.55302,40.426,-3.55567,40.4286,,
Coslada--piece--4-4--raspberry3bp,scraping-airbnb-raspberry3bp--2018-11-29_14_04_43,airbnb,raspberry3bp,1544124368000,0,0,0,0,,piece--4-4,Coslada,0,-3.55832,40.426,-3.55302,40.4208,-3.55567,40.4234,,
Coslada--piece--4-5--raspberry3bp,scraping-airbnb-raspberry3bp--2018-11-29_14_04_43,airbnb,raspberry3bp,1544124387000,0,0,0,0,,piece--4-5,Coslada,0,-3.55832,40.4208,-3.55302,40.4156,-3.55567,40.4182,,
Coslada--piece--4-6--raspberry3bp,scraping-airbnb-raspberry3bp--2018-11-29_14_04_43,airbnb,raspberry3bp,1544124406000,0,0,0,0,,piece--4-6,Coslada,0,-3.55832,40.4156,-3.55302,40.4104,-3.55567,40.413,,
Coslada--piece--5-0--raspberry3bp,scraping-airbnb-raspberry3bp--2018-11-29_14_04_43,airbnb,raspberry3bp,1544124424000,0,0,0,0,,piece--5-0,Coslada,0,-3.55302,40.4469,-3.54772,40.4417,-3.55037,40.4443,,
Coslada--piece--5-1--raspberry3bp,scraping-airbnb-raspberry3bp--2018-11-29_14_04_43,airbnb,raspberry3bp,1544124448000,0,0,0,0,,piece--5-1,Coslada,0,-3.55302,40.4417,-3.54772,40.4365,-3.55037,40.4391,,
Coslada--piece--5-2--raspberry3bp,scraping-airbnb-raspberry3bp--2018-11-29_14_04_43,airbnb,raspberry3bp,1544124463000,0,0,0,0,,piece--5-2,Coslada,0,-3.55302,40.4365,-3.54772,40.4313,-3.55037,40.4339,,
Coslada--piece--5-3--raspberry3bp,scraping-airbnb-raspberry3bp--2018-11-29_14_04_43,airbnb,raspberry3bp,1544124482000,0,0,2,1,,piece--5-3,Coslada,0,-3.55302,40.4313,-3.54772,40.426,-3.55037,40.4286,,
Coslada--piece--5-4--raspberry3bp,scraping-airbnb-raspberry3bp--2018-11-29_14_04_43,airbnb,raspberry3bp,1544124502000,0,0,0,5,,piece--5-4,Coslada,0,-3.55302,40.426,-3.54772,40.4208,-3.55037,40.4234,,
Coslada--piece--5-5--raspberry3bp,scraping-airbnb-raspberry3bp--2018-11-29_14_04_43,airbnb,raspberry3bp,1544124515000,0,0,0,0,,piece--5-5,Coslada,0,-3.55302,40.4208,-3.54772,40.4156,-3.55037,40.4182,,
Coslada--piece--5-6--raspberry3bp,scraping-airbnb-raspberry3bp--2018-11-29_14_04_43,airbnb,raspberry3bp,1544124532000,0,0,0,0,,piece--5-6,Coslada,0,-3.55302,40.4156,-3.54772,40.4104,-3.55037,40.413,,
Coslada--piece--6-0--raspberry3bp,scraping-airbnb-raspberry3bp--2018-11-29_14_04_43,airbnb,raspberry3bp,1544124549000,0,0,0,0,,piece--6-0,Coslada,0,-3.54772,40.4469,-3.54241,40.4417,-3.54507,40.4443,,
Coslada--piece--6-1--raspberry3bp,scraping-airbnb-raspberry3bp--2018-11-29_14_04_43,airbnb,raspberry3bp,1544124565000,0,0,0,0,,piece--6-1,Coslada,0,-3.54772,40.4417,-3.54241,40.4365,-3.54507,40.4391,,
Coslada--piece--6-2--raspberry3bp,scraping-airbnb-raspberry3bp--2018-11-29_14_04_43,airbnb,raspberry3bp,1544124587000,0,0,0,0,,piece--6-2,Coslada,0,-3.54772,40.4365,-3.54241,40.4313,-3.54507,40.4339,,
Coslada--piece--6-3--raspberry3bp,scraping-airbnb-raspberry3bp--2018-11-29_14_04_43,airbnb,raspberry3bp,1544124603000,0,0,0,0,,piece--6-3,Coslada,0,-3.54772,40.4313,-3.54241,40.426,-3.54507,40.4286,,
Coslada--piece--6-4--raspberry3bp,scraping-airbnb-raspberry3bp--2018-11-29_14_04_43,airbnb,raspberry3bp,1544124624000,0,0,0,0,,piece--6-4,Coslada,0,-3.54772,40.426,-3.54241,40.4208,-3.54507,40.4234,,
Coslada--piece--6-5--raspberry3bp,scraping-airbnb-raspberry3bp--2018-11-29_14_04_43,airbnb,raspberry3bp,1544124642000,0,0,0,0,,piece--6-5,Coslada,0,-3.54772,40.4208,-3.54241,40.4156,-3.54507,40.4182,,
Coslada--piece--6-6--raspberry3bp,scraping-airbnb-raspberry3bp--2018-11-29_14_04_43,airbnb,raspberry3bp,1544124672000,0,0,0,0,,piece--6-6,Coslada,0,-3.54772,40.4156,-3.54241,40.4104,-3.54507,40.413,,
Coslada--piece--7-0--raspberry3bp,scraping-airbnb-raspberry3bp--2018-11-29_14_04_43,airbnb,raspberry3bp,1544124693000,0,0,0,0,,piece--7-0,Coslada,0,-3.54241,40.4469,-3.53711,40.4417,-3.53976,40.4443,,
Coslada--piece--7-1--raspberry3bp,scraping-airbnb-raspberry3bp--2018-11-29_14_04_43,airbnb,raspberry3bp,1544124712000,0,0,0,0,,piece--7-1,Coslada,0,-3.54241,40.4417,-3.53711,40.4365,-3.53976,40.4391,,
Coslada--piece--7-2--raspberry3bp,scraping-airbnb-raspberry3bp--2018-11-29_14_04_43,airbnb,raspberry3bp,1544124736000,0,0,0,0,,piece--7-2,Coslada,0,-3.54241,40.4365,-3.53711,40.4313,-3.53976,40.4339,,
Coslada--piece--7-3--raspberry3bp,scraping-airbnb-raspberry3bp--2018-11-29_14_04_43,airbnb,raspberry3bp,1544124759000,0,0,0,0,,piece--7-3,Coslada,0,-3.54241,40.4313,-3.53711,40.426,-3.53976,40.4286,,
Coslada--piece--7-4--raspberry3bp,scraping-airbnb-raspberry3bp--2018-11-29_14_04_43,airbnb,raspberry3bp,1544124780000,0,0,0,0,,piece--7-4,Coslada,0,-3.54241,40.426,-3.53711,40.4208,-3.53976,40.4234,,
Coslada--piece--7-5--raspberry3bp,scraping-airbnb-raspberry3bp--2018-11-29_14_04_43,airbnb,raspberry3bp,1544124804000,0,0,2,1,,piece--7-5,Coslada,0,-3.54241,40.4208,-3.53711,40.4156,-3.53976,40.4182,,
Coslada--piece--7-6--raspberry3bp,scraping-airbnb-raspberry3bp--2018-11-29_14_04_43,airbnb,raspberry3bp,1544124834000,0,0,0,0,,piece--7-6,Coslada,0,-3.54241,40.4156,-3.53711,40.4104,-3.53976,40.413,,
Coslada--piece--8-0--raspberry3bp,scraping-airbnb-raspberry3bp--2018-11-29_14_04_43,airbnb,raspberry3bp,1544124849000,0,0,0,0,,piece--8-0,Coslada,0,-3.53711,40.4469,-3.53181,40.4417,-3.53446,40.4443,,
Coslada--piece--8-1--raspberry3bp,scraping-airbnb-raspberry3bp--2018-11-29_14_04_43,airbnb,raspberry3bp,1544124865000,0,0,0,0,,piece--8-1,Coslada,0,-3.53711,40.4417,-3.53181,40.4365,-3.53446,40.4391,,
Coslada--piece--8-2--raspberry3bp,scraping-airbnb-raspberry3bp--2018-11-29_14_04_43,airbnb,raspberry3bp,1544124896000,0,0,0,0,,piece--8-2,Coslada,0,-3.53711,40.4365,-3.53181,40.4313,-3.53446,40.4339,,
Coslada--piece--8-3--raspberry3bp,scraping-airbnb-raspberry3bp--2018-11-29_14_04_43,airbnb,raspberry3bp,1544124911000,0,0,0,1,,piece--8-3,Coslada,0,-3.53711,40.4313,-3.53181,40.426,-3.53446,40.4286,,
Coslada--piece--8-4--raspberry3bp,scraping-airbnb-raspberry3bp--2018-11-29_14_04_43,airbnb,raspberry3bp,1544124940000,0,0,0,1,,piece--8-4,Coslada,0,-3.53711,40.426,-3.53181,40.4208,-3.53446,40.4234,,
Coslada--piece--8-5--raspberry3bp,scraping-airbnb-raspberry3bp--2018-11-29_14_04_43,airbnb,raspberry3bp,1544124956000,0,0,0,0,,piece--8-5,Coslada,0,-3.53711,40.4208,-3.53181,40.4156,-3.53446,40.4182,,
Coslada--piece--8-6--raspberry3bp,scraping-airbnb-raspberry3bp--2018-11-29_14_04_43,airbnb,raspberry3bp,1544124974000,0,0,0,0,,piece--8-6,Coslada,0,-3.53711,40.4156,-3.53181,40.4104,-3.53446,40.413,,
Coslada--piece--9-0--raspberry3bp,scraping-airbnb-raspberry3bp--2018-11-29_14_04_43,airbnb,raspberry3bp,1544124987000,0,0,0,0,,piece--9-0,Coslada,0,-3.53181,40.4469,-3.52651,40.4417,-3.52916,40.4443,,
Coslada--piece--9-1--raspberry3bp,scraping-airbnb-raspberry3bp--2018-11-29_14_04_43,airbnb,raspberry3bp,1544125003000,0,0,0,0,,piece--9-1,Coslada,0,-3.53181,40.4417,-3.52651,40.4365,-3.52916,40.4391,,
Coslada--piece--9-2--raspberry3bp,scraping-airbnb-raspberry3bp--2018-11-29_14_04_43,airbnb,raspberry3bp,1544125020000,0,0,0,0,,piece--9-2,Coslada,0,-3.53181,40.4365,-3.52651,40.4313,-3.52916,40.4339,,
Coslada--piece--9-3--raspberry3bp,scraping-airbnb-raspberry3bp--2018-11-29_14_04_43,airbnb,raspberry3bp,1544125032000,0,0,0,0,,piece--9-3,Coslada,0,-3.53181,40.4313,-3.52651,40.426,-3.52916,40.4286,,
Coslada--piece--9-4--raspberry3bp,scraping-airbnb-raspberry3bp--2018-11-29_14_04_43,airbnb,raspberry3bp,1544125057000,0,0,0,0,,piece--9-4,Coslada,0,-3.53181,40.426,-3.52651,40.4208,-3.52916,40.4234,,
Coslada--piece--9-5--raspberry3bp,scraping-airbnb-raspberry3bp--2018-11-29_14_04_43,airbnb,raspberry3bp,1544125077000,0,0,2,1,,piece--9-5,Coslada,0,-3.53181,40.4208,-3.52651,40.4156,-3.52916,40.4182,,
Coslada--piece--9-6--raspberry3bp,scraping-airbnb-raspberry3bp--2018-11-29_14_04_43,airbnb,raspberry3bp,1544125102000,0,0,0,0,,piece--9-6,Coslada,0,-3.53181,40.4156,-3.52651,40.4104,-3.52916,40.413,,
