piece_id,scraping_id,app_id,device_id,date_scraped,average_prize_buy,number_of_ads_buy,average_prize_rent,number_of_ads_rent,extra_data,piece_name,city_name,scraped,bounding_box1_x,bounding_box1_y,bounding_box2_x,bounding_box2_y,center_point_x,center_point_y
Coslada--piece--0-0--gCloud,"scraping-fotocasa-gCloud--12_3_2018,_2_46_43_PM",fotocasa,gCloud,1543858813000,3134.34,30,11.3082,30,,piece--0-0,Coslada,1,-3.57953,40.4469,-3.57423,40.4417,-3.57688,40.4443
Coslada--piece--0-1--gCloud,"scraping-fotocasa-gCloud--12_3_2018,_2_46_43_PM",fotocasa,gCloud,1543858822000,2865.27,2,12.0621,2,,piece--0-1,Coslada,1,-3.57953,40.4417,-3.57423,40.4365,-3.57688,40.4391
Coslada--piece--0-2--gCloud,"scraping-fotocasa-gCloud--12_3_2018,_2_46_43_PM",fotocasa,gCloud,1543858828000,0,0,0,0,,piece--0-2,Coslada,1,-3.57953,40.4365,-3.57423,40.4313,-3.57688,40.4339
Coslada--piece--0-3--gCloud,"scraping-fotocasa-gCloud--12_3_2018,_2_46_43_PM",fotocasa,gCloud,1543858833000,0,0,0,0,,piece--0-3,Coslada,1,-3.57953,40.4313,-3.57423,40.426,-3.57688,40.4286
Coslada--piece--0-4--gCloud,"scraping-fotocasa-gCloud--12_3_2018,_2_46_43_PM",fotocasa,gCloud,1543858842000,0,0,0,0,,piece--0-4,Coslada,1,-3.57953,40.426,-3.57423,40.4208,-3.57688,40.4234
Coslada--piece--0-5--gCloud,"scraping-fotocasa-gCloud--12_3_2018,_2_46_43_PM",fotocasa,gCloud,1543858848000,0,0,0,0,,piece--0-5,Coslada,1,-3.57953,40.4208,-3.57423,40.4156,-3.57688,40.4182
Coslada--piece--0-6--gCloud,"scraping-fotocasa-gCloud--12_3_2018,_2_46_43_PM",fotocasa,gCloud,1543858853000,2524.75,1,0,0,,piece--0-6,Coslada,1,-3.57953,40.4156,-3.57423,40.4104,-3.57688,40.413
Coslada--piece--1-0--gCloud,"scraping-fotocasa-gCloud--12_3_2018,_2_46_43_PM",fotocasa,gCloud,1543858862000,2696.96,8,8.63636,1,,piece--1-0,Coslada,1,-3.57423,40.4469,-3.56893,40.4417,-3.57158,40.4443
Coslada--piece--1-1--gCloud,"scraping-fotocasa-gCloud--12_3_2018,_2_46_43_PM",fotocasa,gCloud,1543858870000,0,0,0,0,,piece--1-1,Coslada,1,-3.57423,40.4417,-3.56893,40.4365,-3.57158,40.4391
Coslada--piece--1-2--gCloud,"scraping-fotocasa-gCloud--12_3_2018,_2_46_43_PM",fotocasa,gCloud,1543858879000,0,0,0,0,,piece--1-2,Coslada,1,-3.57423,40.4365,-3.56893,40.4313,-3.57158,40.4339
Coslada--piece--1-3--gCloud,"scraping-fotocasa-gCloud--12_3_2018,_2_46_43_PM",fotocasa,gCloud,1543858887000,2075,1,0,0,,piece--1-3,Coslada,1,-3.57423,40.4313,-3.56893,40.426,-3.57158,40.4286
Coslada--piece--1-4--gCloud,"scraping-fotocasa-gCloud--12_3_2018,_2_46_43_PM",fotocasa,gCloud,1543858900000,2210.43,16,10,1,,piece--1-4,Coslada,1,-3.57423,40.426,-3.56893,40.4208,-3.57158,40.4234
Coslada--piece--1-5--gCloud,"scraping-fotocasa-gCloud--12_3_2018,_2_46_43_PM",fotocasa,gCloud,1543858906000,2679.61,11,10.3553,4,,piece--1-5,Coslada,1,-3.57423,40.4208,-3.56893,40.4156,-3.57158,40.4182
Coslada--piece--1-6--gCloud,"scraping-fotocasa-gCloud--12_3_2018,_2_46_43_PM",fotocasa,gCloud,1543858912000,0,0,0,0,,piece--1-6,Coslada,1,-3.57423,40.4156,-3.56893,40.4104,-3.57158,40.413
Coslada--piece--2-0--gCloud,"scraping-fotocasa-gCloud--12_3_2018,_2_46_43_PM",fotocasa,gCloud,1543858918000,1788.49,5,7.24018,3,,piece--2-0,Coslada,1,-3.56893,40.4469,-3.56362,40.4417,-3.56628,40.4443
Coslada--piece--2-1--gCloud,"scraping-fotocasa-gCloud--12_3_2018,_2_46_43_PM",fotocasa,gCloud,1543858923000,2080.42,1,0,0,,piece--2-1,Coslada,1,-3.56893,40.4417,-3.56362,40.4365,-3.56628,40.4391
Coslada--piece--2-2--gCloud,"scraping-fotocasa-gCloud--12_3_2018,_2_46_43_PM",fotocasa,gCloud,1543858933000,0,0,0,0,,piece--2-2,Coslada,1,-3.56893,40.4365,-3.56362,40.4313,-3.56628,40.4339
Coslada--piece--2-3--gCloud,"scraping-fotocasa-gCloud--12_3_2018,_2_46_43_PM",fotocasa,gCloud,1543858941000,1760.92,5,0,0,,piece--2-3,Coslada,1,-3.56893,40.4313,-3.56362,40.426,-3.56628,40.4286
Coslada--piece--2-4--gCloud,"scraping-fotocasa-gCloud--12_3_2018,_2_46_43_PM",fotocasa,gCloud,1543858951000,1968.34,27,10.1702,3,,piece--2-4,Coslada,1,-3.56893,40.426,-3.56362,40.4208,-3.56628,40.4234
Coslada--piece--2-5--gCloud,"scraping-fotocasa-gCloud--12_3_2018,_2_46_43_PM",fotocasa,gCloud,1543858956000,2546.55,5,0,0,,piece--2-5,Coslada,1,-3.56893,40.4208,-3.56362,40.4156,-3.56628,40.4182
Coslada--piece--2-6--gCloud,"scraping-fotocasa-gCloud--12_3_2018,_2_46_43_PM",fotocasa,gCloud,1543858961000,0,0,0,0,,piece--2-6,Coslada,1,-3.56893,40.4156,-3.56362,40.4104,-3.56628,40.413
Coslada--piece--3-0--gCloud,"scraping-fotocasa-gCloud--12_3_2018,_2_46_43_PM",fotocasa,gCloud,1543858969000,0,0,0,0,,piece--3-0,Coslada,1,-3.56362,40.4469,-3.55832,40.4417,-3.56097,40.4443
Coslada--piece--3-1--gCloud,"scraping-fotocasa-gCloud--12_3_2018,_2_46_43_PM",fotocasa,gCloud,1543858975000,0,0,0,0,,piece--3-1,Coslada,1,-3.56362,40.4417,-3.55832,40.4365,-3.56097,40.4391
Coslada--piece--3-2--gCloud,"scraping-fotocasa-gCloud--12_3_2018,_2_46_43_PM",fotocasa,gCloud,1543859010000,3214.29,1,0,0,,piece--3-2,Coslada,1,-3.56362,40.4365,-3.55832,40.4313,-3.56097,40.4339
Coslada--piece--3-3--gCloud,"scraping-fotocasa-gCloud--12_3_2018,_2_46_43_PM",fotocasa,gCloud,1543859029000,2702.8,18,9.81013,1,,piece--3-3,Coslada,1,-3.56362,40.4313,-3.55832,40.426,-3.56097,40.4286
Coslada--piece--3-4--gCloud,"scraping-fotocasa-gCloud--12_3_2018,_2_46_43_PM",fotocasa,gCloud,1543859035000,2015.9,20,0,0,,piece--3-4,Coslada,1,-3.56362,40.426,-3.55832,40.4208,-3.56097,40.4234
Coslada--piece--3-5--gCloud,"scraping-fotocasa-gCloud--12_3_2018,_2_46_43_PM",fotocasa,gCloud,1543859044000,1968.48,6,0,0,,piece--3-5,Coslada,1,-3.56362,40.4208,-3.55832,40.4156,-3.56097,40.4182
Coslada--piece--3-6--gCloud,"scraping-fotocasa-gCloud--12_3_2018,_2_46_43_PM",fotocasa,gCloud,1543859052000,1977.5,2,0,0,,piece--3-6,Coslada,1,-3.56362,40.4156,-3.55832,40.4104,-3.56097,40.413
Coslada--piece--4-0--gCloud,"scraping-fotocasa-gCloud--12_3_2018,_2_46_43_PM",fotocasa,gCloud,1543859064000,0,0,0,0,,piece--4-0,Coslada,1,-3.55832,40.4469,-3.55302,40.4417,-3.55567,40.4443
Coslada--piece--4-1--gCloud,"scraping-fotocasa-gCloud--12_3_2018,_2_46_43_PM",fotocasa,gCloud,1543859072000,0,0,0,0,,piece--4-1,Coslada,1,-3.55832,40.4417,-3.55302,40.4365,-3.55567,40.4391
Coslada--piece--4-2--gCloud,"scraping-fotocasa-gCloud--12_3_2018,_2_46_43_PM",fotocasa,gCloud,1543859080000,0,0,0,0,,piece--4-2,Coslada,1,-3.55832,40.4365,-3.55302,40.4313,-3.55567,40.4339
Coslada--piece--4-3--gCloud,"scraping-fotocasa-gCloud--12_3_2018,_2_46_43_PM",fotocasa,gCloud,1543859091000,2474.35,4,15,1,,piece--4-3,Coslada,1,-3.55832,40.4313,-3.55302,40.426,-3.55567,40.4286
Coslada--piece--4-4--gCloud,"scraping-fotocasa-gCloud--12_3_2018,_2_46_43_PM",fotocasa,gCloud,1543859104000,1770.8,15,7.96296,2,,piece--4-4,Coslada,1,-3.55832,40.426,-3.55302,40.4208,-3.55567,40.4234
Coslada--piece--4-5--gCloud,"scraping-fotocasa-gCloud--12_3_2018,_2_46_43_PM",fotocasa,gCloud,1543859110000,1813.46,6,0,0,,piece--4-5,Coslada,1,-3.55832,40.4208,-3.55302,40.4156,-3.55567,40.4182
Coslada--piece--4-6--gCloud,"scraping-fotocasa-gCloud--12_3_2018,_2_46_43_PM",fotocasa,gCloud,1543859129000,2129.73,4,0,0,,piece--4-6,Coslada,1,-3.55832,40.4156,-3.55302,40.4104,-3.55567,40.413
Coslada--piece--5-0--gCloud,"scraping-fotocasa-gCloud--12_3_2018,_2_46_43_PM",fotocasa,gCloud,1543859134000,0,0,0,0,,piece--5-0,Coslada,1,-3.55302,40.4469,-3.54772,40.4417,-3.55037,40.4443
Coslada--piece--5-1--gCloud,"scraping-fotocasa-gCloud--12_3_2018,_2_46_43_PM",fotocasa,gCloud,1543859157000,0,0,0,0,,piece--5-1,Coslada,1,-3.55302,40.4417,-3.54772,40.4365,-3.55037,40.4391
Coslada--piece--5-2--gCloud,"scraping-fotocasa-gCloud--12_3_2018,_2_46_43_PM",fotocasa,gCloud,1543859163000,0,0,0,0,,piece--5-2,Coslada,1,-3.55302,40.4365,-3.54772,40.4313,-3.55037,40.4339
Coslada--piece--5-3--gCloud,"scraping-fotocasa-gCloud--12_3_2018,_2_46_43_PM",fotocasa,gCloud,1543859169000,2110.13,6,0,0,,piece--5-3,Coslada,1,-3.55302,40.4313,-3.54772,40.426,-3.55037,40.4286
Coslada--piece--5-4--gCloud,"scraping-fotocasa-gCloud--12_3_2018,_2_46_43_PM",fotocasa,gCloud,1543859175000,2098.6,10,10,1,,piece--5-4,Coslada,1,-3.55302,40.426,-3.54772,40.4208,-3.55037,40.4234
Coslada--piece--5-5--gCloud,"scraping-fotocasa-gCloud--12_3_2018,_2_46_43_PM",fotocasa,gCloud,1543859180000,1662.18,8,0,0,,piece--5-5,Coslada,1,-3.55302,40.4208,-3.54772,40.4156,-3.55037,40.4182
Coslada--piece--5-6--gCloud,"scraping-fotocasa-gCloud--12_3_2018,_2_46_43_PM",fotocasa,gCloud,1543859219000,1757.57,13,0,0,,piece--5-6,Coslada,1,-3.55302,40.4156,-3.54772,40.4104,-3.55037,40.413
Coslada--piece--6-0--gCloud,"scraping-fotocasa-gCloud--12_3_2018,_2_46_43_PM",fotocasa,gCloud,1543859228000,388.106,1,12.2727,3,,piece--6-0,Coslada,1,-3.54772,40.4469,-3.54241,40.4417,-3.54507,40.4443
Coslada--piece--6-1--gCloud,"scraping-fotocasa-gCloud--12_3_2018,_2_46_43_PM",fotocasa,gCloud,1543859233000,0,0,0,0,,piece--6-1,Coslada,1,-3.54772,40.4417,-3.54241,40.4365,-3.54507,40.4391
Coslada--piece--6-2--gCloud,"scraping-fotocasa-gCloud--12_3_2018,_2_46_43_PM",fotocasa,gCloud,1543859241000,0,0,0,0,,piece--6-2,Coslada,1,-3.54772,40.4365,-3.54241,40.4313,-3.54507,40.4339
Coslada--piece--6-3--gCloud,"scraping-fotocasa-gCloud--12_3_2018,_2_46_43_PM",fotocasa,gCloud,1543859247000,2134.3,10,0,0,,piece--6-3,Coslada,1,-3.54772,40.4313,-3.54241,40.426,-3.54507,40.4286
Coslada--piece--6-4--gCloud,"scraping-fotocasa-gCloud--12_3_2018,_2_46_43_PM",fotocasa,gCloud,1543859254000,2171.25,25,0,0,,piece--6-4,Coslada,1,-3.54772,40.426,-3.54241,40.4208,-3.54507,40.4234
Coslada--piece--6-5--gCloud,"scraping-fotocasa-gCloud--12_3_2018,_2_46_43_PM",fotocasa,gCloud,1543859262000,1742.59,15,0,0,,piece--6-5,Coslada,1,-3.54772,40.4208,-3.54241,40.4156,-3.54507,40.4182
Coslada--piece--6-6--gCloud,"scraping-fotocasa-gCloud--12_3_2018,_2_46_43_PM",fotocasa,gCloud,1543859268000,1498.26,6,0,0,,piece--6-6,Coslada,1,-3.54772,40.4156,-3.54241,40.4104,-3.54507,40.413
Coslada--piece--7-0--gCloud,"scraping-fotocasa-gCloud--12_3_2018,_2_46_43_PM",fotocasa,gCloud,1543859300000,0,0,0,0,,piece--7-0,Coslada,1,-3.54241,40.4469,-3.53711,40.4417,-3.53976,40.4443
Coslada--piece--7-1--gCloud,"scraping-fotocasa-gCloud--12_3_2018,_2_46_43_PM",fotocasa,gCloud,1543859309000,0,0,0,0,,piece--7-1,Coslada,1,-3.54241,40.4417,-3.53711,40.4365,-3.53976,40.4391
Coslada--piece--7-2--gCloud,"scraping-fotocasa-gCloud--12_3_2018,_2_46_43_PM",fotocasa,gCloud,1543859321000,1774.19,1,0,0,,piece--7-2,Coslada,1,-3.54241,40.4365,-3.53711,40.4313,-3.53976,40.4339
Coslada--piece--7-3--gCloud,"scraping-fotocasa-gCloud--12_3_2018,_2_46_43_PM",fotocasa,gCloud,1543859331000,1933.23,29,7.14286,1,,piece--7-3,Coslada,1,-3.54241,40.4313,-3.53711,40.426,-3.53976,40.4286
Coslada--piece--7-4--gCloud,"scraping-fotocasa-gCloud--12_3_2018,_2_46_43_PM",fotocasa,gCloud,1543859341000,1946.09,29,9.35897,1,,piece--7-4,Coslada,1,-3.54241,40.426,-3.53711,40.4208,-3.53976,40.4234
Coslada--piece--7-5--gCloud,"scraping-fotocasa-gCloud--12_3_2018,_2_46_43_PM",fotocasa,gCloud,1543859352000,1930.86,18,0,0,,piece--7-5,Coslada,1,-3.54241,40.4208,-3.53711,40.4156,-3.53976,40.4182
Coslada--piece--7-6--gCloud,"scraping-fotocasa-gCloud--12_3_2018,_2_46_43_PM",fotocasa,gCloud,1543859361000,2230.9,3,0,0,,piece--7-6,Coslada,1,-3.54241,40.4156,-3.53711,40.4104,-3.53976,40.413
Coslada--piece--8-0--gCloud,"scraping-fotocasa-gCloud--12_3_2018,_2_46_43_PM",fotocasa,gCloud,1543859370000,1530.3,2,0,0,,piece--8-0,Coslada,1,-3.53711,40.4469,-3.53181,40.4417,-3.53446,40.4443
Coslada--piece--8-1--gCloud,"scraping-fotocasa-gCloud--12_3_2018,_2_46_43_PM",fotocasa,gCloud,1543859381000,1651.17,7,0,0,,piece--8-1,Coslada,1,-3.53711,40.4417,-3.53181,40.4365,-3.53446,40.4391
Coslada--piece--8-2--gCloud,"scraping-fotocasa-gCloud--12_3_2018,_2_46_43_PM",fotocasa,gCloud,1543859389000,1600,1,0,0,,piece--8-2,Coslada,1,-3.53711,40.4365,-3.53181,40.4313,-3.53446,40.4339
Coslada--piece--8-3--gCloud,"scraping-fotocasa-gCloud--12_3_2018,_2_46_43_PM",fotocasa,gCloud,1543859398000,2026.07,18,0,0,,piece--8-3,Coslada,1,-3.53711,40.4313,-3.53181,40.426,-3.53446,40.4286
Coslada--piece--8-4--gCloud,"scraping-fotocasa-gCloud--12_3_2018,_2_46_43_PM",fotocasa,gCloud,1543859409000,1949.02,28,12.2807,1,,piece--8-4,Coslada,1,-3.53711,40.426,-3.53181,40.4208,-3.53446,40.4234
Coslada--piece--8-5--gCloud,"scraping-fotocasa-gCloud--12_3_2018,_2_46_43_PM",fotocasa,gCloud,1543859420000,0,0,0,0,,piece--8-5,Coslada,1,-3.53711,40.4208,-3.53181,40.4156,-3.53446,40.4182
Coslada--piece--8-6--gCloud,"scraping-fotocasa-gCloud--12_3_2018,_2_46_43_PM",fotocasa,gCloud,1543859425000,0,0,0,0,,piece--8-6,Coslada,1,-3.53711,40.4156,-3.53181,40.4104,-3.53446,40.413
Coslada--piece--9-0--gCloud,"scraping-fotocasa-gCloud--12_3_2018,_2_46_43_PM",fotocasa,gCloud,1543859434000,1915.66,1,0,0,,piece--9-0,Coslada,1,-3.53181,40.4469,-3.52651,40.4417,-3.52916,40.4443
Coslada--piece--9-1--gCloud,"scraping-fotocasa-gCloud--12_3_2018,_2_46_43_PM",fotocasa,gCloud,1543859445000,1700.7,4,0,0,,piece--9-1,Coslada,1,-3.53181,40.4417,-3.52651,40.4365,-3.52916,40.4391
Coslada--piece--9-2--gCloud,"scraping-fotocasa-gCloud--12_3_2018,_2_46_43_PM",fotocasa,gCloud,1543859452000,1660.19,2,9.66667,1,,piece--9-2,Coslada,1,-3.53181,40.4365,-3.52651,40.4313,-3.52916,40.4339
Coslada--piece--9-3--gCloud,"scraping-fotocasa-gCloud--12_3_2018,_2_46_43_PM",fotocasa,gCloud,1543859459000,2273.21,23,8.04902,4,,piece--9-3,Coslada,1,-3.53181,40.4313,-3.52651,40.426,-3.52916,40.4286
Coslada--piece--9-4--gCloud,"scraping-fotocasa-gCloud--12_3_2018,_2_46_43_PM",fotocasa,gCloud,1543859473000,1724.21,10,14.4444,1,,piece--9-4,Coslada,1,-3.53181,40.426,-3.52651,40.4208,-3.52916,40.4234
Coslada--piece--9-5--gCloud,"scraping-fotocasa-gCloud--12_3_2018,_2_46_43_PM",fotocasa,gCloud,1543859478000,2491.04,4,9,1,,piece--9-5,Coslada,1,-3.53181,40.4208,-3.52651,40.4156,-3.52916,40.4182
Coslada--piece--9-6--gCloud,"scraping-fotocasa-gCloud--12_3_2018,_2_46_43_PM",fotocasa,gCloud,1543859484000,0,0,0,0,,piece--9-6,Coslada,1,-3.53181,40.4156,-3.52651,40.4104,-3.52916,40.413
