piece_id,scraping_id,app_id,device_id,date_scraped,average_prize_buy,number_of_ads_buy,average_prize_rent,number_of_ads_rent,extra_data,piece_name,city_name,scraped,bounding_box1_x,bounding_box1_y,bounding_box2_x,bounding_box2_y,center_point_x,center_point_y,geojson_coordinates,method
Fuenlabrada--piece--0-0--gCloud,"scraping-fotocasa-gCloud--12_7_2018,_7_11_51_AM",fotocasa,gCloud,1544178150000,0,0,0,0,,piece--0-0,Fuenlabrada,1,-3.84404,40.321,-3.8387,40.3157,-3.84137,40.3183,,
Fuenlabrada--piece--0-1--gCloud,"scraping-fotocasa-gCloud--12_7_2018,_7_11_51_AM",fotocasa,gCloud,1544178158000,1670.21,1,0,0,,piece--0-1,Fuenlabrada,1,-3.84404,40.3157,-3.8387,40.3104,-3.84137,40.3131,,
Fuenlabrada--piece--0-2--gCloud,"scraping-fotocasa-gCloud--12_7_2018,_7_11_51_AM",fotocasa,gCloud,1544178163000,0,0,0,0,,piece--0-2,Fuenlabrada,1,-3.84404,40.3104,-3.8387,40.3052,-3.84137,40.3078,,
Fuenlabrada--piece--0-3--gCloud,"scraping-fotocasa-gCloud--12_7_2018,_7_11_51_AM",fotocasa,gCloud,1544178169000,1678.9,6,0,0,,piece--0-3,Fuenlabrada,1,-3.84404,40.3052,-3.8387,40.2999,-3.84137,40.3026,,
Fuenlabrada--piece--0-4--gCloud,"scraping-fotocasa-gCloud--12_7_2018,_7_11_51_AM",fotocasa,gCloud,1544178177000,2100.99,5,0,0,,piece--0-4,Fuenlabrada,1,-3.84404,40.2999,-3.8387,40.2947,-3.84137,40.2973,,
Fuenlabrada--piece--0-5--gCloud,"scraping-fotocasa-gCloud--12_7_2018,_7_11_51_AM",fotocasa,gCloud,1544178186000,1893.79,11,7.69905,7,,piece--0-5,Fuenlabrada,1,-3.84404,40.2947,-3.8387,40.2894,-3.84137,40.292,,
Fuenlabrada--piece--0-6--gCloud,"scraping-fotocasa-gCloud--12_7_2018,_7_11_51_AM",fotocasa,gCloud,1544178194000,0,0,0,0,,piece--0-6,Fuenlabrada,1,-3.84404,40.2894,-3.8387,40.2842,-3.84137,40.2868,,
Fuenlabrada--piece--0-7--gCloud,"scraping-fotocasa-gCloud--12_7_2018,_7_11_51_AM",fotocasa,gCloud,1544178202000,0,0,0,0,,piece--0-7,Fuenlabrada,1,-3.84404,40.2842,-3.8387,40.2789,-3.84137,40.2815,,
Fuenlabrada--piece--0-8--gCloud,"scraping-fotocasa-gCloud--12_7_2018,_7_11_51_AM",fotocasa,gCloud,1544178208000,0,0,0,0,,piece--0-8,Fuenlabrada,1,-3.84404,40.2789,-3.8387,40.2736,-3.84137,40.2763,,
Fuenlabrada--piece--1-0--gCloud,"scraping-fotocasa-gCloud--12_7_2018,_7_11_51_AM",fotocasa,gCloud,1544178214000,0,0,0,0,,piece--1-0,Fuenlabrada,1,-3.8387,40.321,-3.83337,40.3157,-3.83604,40.3183,,
Fuenlabrada--piece--1-1--gCloud,"scraping-fotocasa-gCloud--12_7_2018,_7_11_51_AM",fotocasa,gCloud,1544178226000,1605.51,12,0,0,,piece--1-1,Fuenlabrada,1,-3.8387,40.3157,-3.83337,40.3104,-3.83604,40.3131,,
Fuenlabrada--piece--1-2--gCloud,"scraping-fotocasa-gCloud--12_7_2018,_7_11_51_AM",fotocasa,gCloud,1544178235000,0,0,0,0,,piece--1-2,Fuenlabrada,1,-3.8387,40.3104,-3.83337,40.3052,-3.83604,40.3078,,
Fuenlabrada--piece--1-3--gCloud,"scraping-fotocasa-gCloud--12_7_2018,_7_11_51_AM",fotocasa,gCloud,1544178240000,1429.17,4,0,0,,piece--1-3,Fuenlabrada,1,-3.8387,40.3052,-3.83337,40.2999,-3.83604,40.3026,,
Fuenlabrada--piece--1-4--gCloud,"scraping-fotocasa-gCloud--12_7_2018,_7_11_51_AM",fotocasa,gCloud,1544178252000,1617.01,9,6.875,2,,piece--1-4,Fuenlabrada,1,-3.8387,40.2999,-3.83337,40.2947,-3.83604,40.2973,,
Fuenlabrada--piece--1-5--gCloud,"scraping-fotocasa-gCloud--12_7_2018,_7_11_51_AM",fotocasa,gCloud,1544178261000,1691.55,8,7.87124,6,,piece--1-5,Fuenlabrada,1,-3.8387,40.2947,-3.83337,40.2894,-3.83604,40.292,,
Fuenlabrada--piece--1-6--gCloud,"scraping-fotocasa-gCloud--12_7_2018,_7_11_51_AM",fotocasa,gCloud,1544178269000,0,0,0,0,,piece--1-6,Fuenlabrada,1,-3.8387,40.2894,-3.83337,40.2842,-3.83604,40.2868,,
Fuenlabrada--piece--1-7--gCloud,"scraping-fotocasa-gCloud--12_7_2018,_7_11_51_AM",fotocasa,gCloud,1544178278000,0,0,0,0,,piece--1-7,Fuenlabrada,1,-3.8387,40.2842,-3.83337,40.2789,-3.83604,40.2815,,
Fuenlabrada--piece--1-8--gCloud,"scraping-fotocasa-gCloud--12_7_2018,_7_11_51_AM",fotocasa,gCloud,1544178283000,0,0,0,0,,piece--1-8,Fuenlabrada,1,-3.8387,40.2789,-3.83337,40.2736,-3.83604,40.2763,,
Fuenlabrada--piece--10-0--gCloud,"scraping-fotocasa-gCloud--12_7_2018,_7_11_51_AM",fotocasa,gCloud,1544178289000,1518.4,6,0,0,,piece--10-0,Fuenlabrada,1,-3.79071,40.321,-3.78537,40.3157,-3.78804,40.3183,,
Fuenlabrada--piece--10-1--gCloud,"scraping-fotocasa-gCloud--12_7_2018,_7_11_51_AM",fotocasa,gCloud,1544178294000,2049.43,6,0,0,,piece--10-1,Fuenlabrada,1,-3.79071,40.3157,-3.78537,40.3104,-3.78804,40.3131,,
Fuenlabrada--piece--10-2--gCloud,"scraping-fotocasa-gCloud--12_7_2018,_7_11_51_AM",fotocasa,gCloud,1544178305000,1700.02,3,0,0,,piece--10-2,Fuenlabrada,1,-3.79071,40.3104,-3.78537,40.3052,-3.78804,40.3078,,
Fuenlabrada--piece--10-3--gCloud,"scraping-fotocasa-gCloud--12_7_2018,_7_11_51_AM",fotocasa,gCloud,1544178314000,0,0,0,0,,piece--10-3,Fuenlabrada,1,-3.79071,40.3052,-3.78537,40.2999,-3.78804,40.3026,,
Fuenlabrada--piece--10-4--gCloud,"scraping-fotocasa-gCloud--12_7_2018,_7_11_51_AM",fotocasa,gCloud,1544178322000,1438.22,3,0,0,,piece--10-4,Fuenlabrada,1,-3.79071,40.2999,-3.78537,40.2947,-3.78804,40.2973,,
Fuenlabrada--piece--10-5--gCloud,"scraping-fotocasa-gCloud--12_7_2018,_7_11_51_AM",fotocasa,gCloud,1544178328000,1597.19,17,0,0,,piece--10-5,Fuenlabrada,1,-3.79071,40.2947,-3.78537,40.2894,-3.78804,40.292,,
Fuenlabrada--piece--10-6--gCloud,"scraping-fotocasa-gCloud--12_7_2018,_7_11_51_AM",fotocasa,gCloud,1544178341000,1594.83,29,8.53659,1,,piece--10-6,Fuenlabrada,1,-3.79071,40.2894,-3.78537,40.2842,-3.78804,40.2868,,
Fuenlabrada--piece--10-7--gCloud,"scraping-fotocasa-gCloud--12_7_2018,_7_11_51_AM",fotocasa,gCloud,1544178348000,1760.75,30,6.5678,1,,piece--10-7,Fuenlabrada,1,-3.79071,40.2842,-3.78537,40.2789,-3.78804,40.2815,,
Fuenlabrada--piece--10-8--gCloud,"scraping-fotocasa-gCloud--12_7_2018,_7_11_51_AM",fotocasa,gCloud,1544178356000,1604.28,11,0,0,,piece--10-8,Fuenlabrada,1,-3.79071,40.2789,-3.78537,40.2736,-3.78804,40.2763,,
Fuenlabrada--piece--11-0--gCloud,"scraping-fotocasa-gCloud--12_7_2018,_7_11_51_AM",fotocasa,gCloud,1544178365000,1803.97,6,5.9436,5,,piece--11-0,Fuenlabrada,1,-3.78537,40.321,-3.78004,40.3157,-3.78271,40.3183,,
Fuenlabrada--piece--11-1--gCloud,"scraping-fotocasa-gCloud--12_7_2018,_7_11_51_AM",fotocasa,gCloud,1544178376000,1724.51,3,0,0,,piece--11-1,Fuenlabrada,1,-3.78537,40.3157,-3.78004,40.3104,-3.78271,40.3131,,
Fuenlabrada--piece--11-2--gCloud,"scraping-fotocasa-gCloud--12_7_2018,_7_11_51_AM",fotocasa,gCloud,1544178384000,0,0,0,0,,piece--11-2,Fuenlabrada,1,-3.78537,40.3104,-3.78004,40.3052,-3.78271,40.3078,,
Fuenlabrada--piece--11-3--gCloud,"scraping-fotocasa-gCloud--12_7_2018,_7_11_51_AM",fotocasa,gCloud,1544178392000,0,0,0,0,,piece--11-3,Fuenlabrada,1,-3.78537,40.3052,-3.78004,40.2999,-3.78271,40.3026,,
Fuenlabrada--piece--11-4--gCloud,"scraping-fotocasa-gCloud--12_7_2018,_7_11_51_AM",fotocasa,gCloud,1544178397000,1462.5,1,0,0,,piece--11-4,Fuenlabrada,1,-3.78537,40.2999,-3.78004,40.2947,-3.78271,40.2973,,
Fuenlabrada--piece--11-5--gCloud,"scraping-fotocasa-gCloud--12_7_2018,_7_11_51_AM",fotocasa,gCloud,1544178403000,1531.36,7,0,0,,piece--11-5,Fuenlabrada,1,-3.78537,40.2947,-3.78004,40.2894,-3.78271,40.292,,
Fuenlabrada--piece--11-6--gCloud,"scraping-fotocasa-gCloud--12_7_2018,_7_11_51_AM",fotocasa,gCloud,1544178410000,1322.76,12,0,0,,piece--11-6,Fuenlabrada,1,-3.78537,40.2894,-3.78004,40.2842,-3.78271,40.2868,,
Fuenlabrada--piece--11-7--gCloud,"scraping-fotocasa-gCloud--12_7_2018,_7_11_51_AM",fotocasa,gCloud,1544178415000,1812.5,1,0,0,,piece--11-7,Fuenlabrada,1,-3.78537,40.2842,-3.78004,40.2789,-3.78271,40.2815,,
Fuenlabrada--piece--11-8--gCloud,"scraping-fotocasa-gCloud--12_7_2018,_7_11_51_AM",fotocasa,gCloud,1544178420000,0,0,0,0,,piece--11-8,Fuenlabrada,1,-3.78537,40.2789,-3.78004,40.2736,-3.78271,40.2763,,
Fuenlabrada--piece--2-0--gCloud,"scraping-fotocasa-gCloud--12_7_2018,_7_11_51_AM",fotocasa,gCloud,1544178426000,0,0,0,0,,piece--2-0,Fuenlabrada,1,-3.83337,40.321,-3.82804,40.3157,-3.8307,40.3183,,
Fuenlabrada--piece--2-1--gCloud,"scraping-fotocasa-gCloud--12_7_2018,_7_11_51_AM",fotocasa,gCloud,1544178431000,0,0,0,0,,piece--2-1,Fuenlabrada,1,-3.83337,40.3157,-3.82804,40.3104,-3.8307,40.3131,,
Fuenlabrada--piece--2-2--gCloud,"scraping-fotocasa-gCloud--12_7_2018,_7_11_51_AM",fotocasa,gCloud,1544178436000,0,0,0,0,,piece--2-2,Fuenlabrada,1,-3.83337,40.3104,-3.82804,40.3052,-3.8307,40.3078,,
Fuenlabrada--piece--2-3--gCloud,"scraping-fotocasa-gCloud--12_7_2018,_7_11_51_AM",fotocasa,gCloud,1544178442000,0,0,0,0,,piece--2-3,Fuenlabrada,1,-3.83337,40.3052,-3.82804,40.2999,-3.8307,40.3026,,
Fuenlabrada--piece--2-4--gCloud,"scraping-fotocasa-gCloud--12_7_2018,_7_11_51_AM",fotocasa,gCloud,1544178447000,1715.82,4,0,0,,piece--2-4,Fuenlabrada,1,-3.83337,40.2999,-3.82804,40.2947,-3.8307,40.2973,,
Fuenlabrada--piece--2-5--gCloud,"scraping-fotocasa-gCloud--12_7_2018,_7_11_51_AM",fotocasa,gCloud,1544178453000,1890.27,23,0,0,,piece--2-5,Fuenlabrada,1,-3.83337,40.2947,-3.82804,40.2894,-3.8307,40.292,,
Fuenlabrada--piece--2-6--gCloud,"scraping-fotocasa-gCloud--12_7_2018,_7_11_51_AM",fotocasa,gCloud,1544178458000,0,0,0,0,,piece--2-6,Fuenlabrada,1,-3.83337,40.2894,-3.82804,40.2842,-3.8307,40.2868,,
Fuenlabrada--piece--2-7--gCloud,"scraping-fotocasa-gCloud--12_7_2018,_7_11_51_AM",fotocasa,gCloud,1544178463000,0,0,0,0,,piece--2-7,Fuenlabrada,1,-3.83337,40.2842,-3.82804,40.2789,-3.8307,40.2815,,
Fuenlabrada--piece--2-8--gCloud,"scraping-fotocasa-gCloud--12_7_2018,_7_11_51_AM",fotocasa,gCloud,1544178472000,0,0,0,0,,piece--2-8,Fuenlabrada,1,-3.83337,40.2789,-3.82804,40.2736,-3.8307,40.2763,,
Fuenlabrada--piece--3-0--gCloud,"scraping-fotocasa-gCloud--12_7_2018,_7_11_51_AM",fotocasa,gCloud,1544178480000,0,0,0,0,,piece--3-0,Fuenlabrada,1,-3.82804,40.321,-3.82271,40.3157,-3.82537,40.3183,,
Fuenlabrada--piece--3-1--gCloud,"scraping-fotocasa-gCloud--12_7_2018,_7_11_51_AM",fotocasa,gCloud,1544178491000,0,0,0,0,,piece--3-1,Fuenlabrada,1,-3.82804,40.3157,-3.82271,40.3104,-3.82537,40.3131,,
Fuenlabrada--piece--3-2--gCloud,"scraping-fotocasa-gCloud--12_7_2018,_7_11_51_AM",fotocasa,gCloud,1544178497000,0,0,0,0,,piece--3-2,Fuenlabrada,1,-3.82804,40.3104,-3.82271,40.3052,-3.82537,40.3078,,
Fuenlabrada--piece--3-3--gCloud,"scraping-fotocasa-gCloud--12_7_2018,_7_11_51_AM",fotocasa,gCloud,1544178505000,0,0,0,0,,piece--3-3,Fuenlabrada,1,-3.82804,40.3052,-3.82271,40.2999,-3.82537,40.3026,,
Fuenlabrada--piece--3-4--gCloud,"scraping-fotocasa-gCloud--12_7_2018,_7_11_51_AM",fotocasa,gCloud,1544178510000,0,0,0,0,,piece--3-4,Fuenlabrada,1,-3.82804,40.2999,-3.82271,40.2947,-3.82537,40.2973,,
Fuenlabrada--piece--3-5--gCloud,"scraping-fotocasa-gCloud--12_7_2018,_7_11_51_AM",fotocasa,gCloud,1544178516000,2603.93,12,9.11833,4,,piece--3-5,Fuenlabrada,1,-3.82804,40.2947,-3.82271,40.2894,-3.82537,40.292,,
Fuenlabrada--piece--3-6--gCloud,"scraping-fotocasa-gCloud--12_7_2018,_7_11_51_AM",fotocasa,gCloud,1544178524000,1444.44,2,0,0,,piece--3-6,Fuenlabrada,1,-3.82804,40.2894,-3.82271,40.2842,-3.82537,40.2868,,
Fuenlabrada--piece--3-7--gCloud,"scraping-fotocasa-gCloud--12_7_2018,_7_11_51_AM",fotocasa,gCloud,1544178530000,0,0,0,0,,piece--3-7,Fuenlabrada,1,-3.82804,40.2842,-3.82271,40.2789,-3.82537,40.2815,,
Fuenlabrada--piece--3-8--gCloud,"scraping-fotocasa-gCloud--12_7_2018,_7_11_51_AM",fotocasa,gCloud,1544178535000,0,0,0,0,,piece--3-8,Fuenlabrada,1,-3.82804,40.2789,-3.82271,40.2736,-3.82537,40.2763,,
Fuenlabrada--piece--4-0--gCloud,"scraping-fotocasa-gCloud--12_7_2018,_7_11_51_AM",fotocasa,gCloud,1544178543000,0,0,0,0,,piece--4-0,Fuenlabrada,1,-3.82271,40.321,-3.81737,40.3157,-3.82004,40.3183,,
Fuenlabrada--piece--4-1--gCloud,"scraping-fotocasa-gCloud--12_7_2018,_7_11_51_AM",fotocasa,gCloud,1544178551000,0,0,0,0,,piece--4-1,Fuenlabrada,1,-3.82271,40.3157,-3.81737,40.3104,-3.82004,40.3131,,
Fuenlabrada--piece--4-2--gCloud,"scraping-fotocasa-gCloud--12_7_2018,_7_11_51_AM",fotocasa,gCloud,1544178556000,0,0,0,0,,piece--4-2,Fuenlabrada,1,-3.82271,40.3104,-3.81737,40.3052,-3.82004,40.3078,,
Fuenlabrada--piece--4-3--gCloud,"scraping-fotocasa-gCloud--12_7_2018,_7_11_51_AM",fotocasa,gCloud,1544178564000,0,0,0,0,,piece--4-3,Fuenlabrada,1,-3.82271,40.3052,-3.81737,40.2999,-3.82004,40.3026,,
Fuenlabrada--piece--4-4--gCloud,"scraping-fotocasa-gCloud--12_7_2018,_7_11_51_AM",fotocasa,gCloud,1544178573000,0,0,0,0,,piece--4-4,Fuenlabrada,1,-3.82271,40.2999,-3.81737,40.2947,-3.82004,40.2973,,
Fuenlabrada--piece--4-5--gCloud,"scraping-fotocasa-gCloud--12_7_2018,_7_11_51_AM",fotocasa,gCloud,1544178578000,1598.61,8,0,0,,piece--4-5,Fuenlabrada,1,-3.82271,40.2947,-3.81737,40.2894,-3.82004,40.292,,
Fuenlabrada--piece--4-6--gCloud,"scraping-fotocasa-gCloud--12_7_2018,_7_11_51_AM",fotocasa,gCloud,1544178587000,2123.95,8,0,0,,piece--4-6,Fuenlabrada,1,-3.82271,40.2894,-3.81737,40.2842,-3.82004,40.2868,,
Fuenlabrada--piece--4-7--gCloud,"scraping-fotocasa-gCloud--12_7_2018,_7_11_51_AM",fotocasa,gCloud,1544178595000,0,0,0,0,,piece--4-7,Fuenlabrada,1,-3.82271,40.2842,-3.81737,40.2789,-3.82004,40.2815,,
Fuenlabrada--piece--4-8--gCloud,"scraping-fotocasa-gCloud--12_7_2018,_7_11_51_AM",fotocasa,gCloud,1544178612000,0,0,0,0,,piece--4-8,Fuenlabrada,1,-3.82271,40.2789,-3.81737,40.2736,-3.82004,40.2763,,
Fuenlabrada--piece--5-0--gCloud,"scraping-fotocasa-gCloud--12_7_2018,_7_11_51_AM",fotocasa,gCloud,1544178624000,0,0,0,0,,piece--5-0,Fuenlabrada,1,-3.81737,40.321,-3.81204,40.3157,-3.81471,40.3183,,
Fuenlabrada--piece--5-1--gCloud,"scraping-fotocasa-gCloud--12_7_2018,_7_11_51_AM",fotocasa,gCloud,1544178633000,0,0,0,0,,piece--5-1,Fuenlabrada,1,-3.81737,40.3157,-3.81204,40.3104,-3.81471,40.3131,,
Fuenlabrada--piece--5-2--gCloud,"scraping-fotocasa-gCloud--12_7_2018,_7_11_51_AM",fotocasa,gCloud,1544178641000,0,0,0,0,,piece--5-2,Fuenlabrada,1,-3.81737,40.3104,-3.81204,40.3052,-3.81471,40.3078,,
Fuenlabrada--piece--5-3--gCloud,"scraping-fotocasa-gCloud--12_7_2018,_7_11_51_AM",fotocasa,gCloud,1544178646000,0,0,0,0,,piece--5-3,Fuenlabrada,1,-3.81737,40.3052,-3.81204,40.2999,-3.81471,40.3026,,
Fuenlabrada--piece--5-4--gCloud,"scraping-fotocasa-gCloud--12_7_2018,_7_11_51_AM",fotocasa,gCloud,1544178652000,1988.24,1,0,0,,piece--5-4,Fuenlabrada,1,-3.81737,40.2999,-3.81204,40.2947,-3.81471,40.2973,,
Fuenlabrada--piece--5-5--gCloud,"scraping-fotocasa-gCloud--12_7_2018,_7_11_51_AM",fotocasa,gCloud,1544178660000,2001.52,7,0,0,,piece--5-5,Fuenlabrada,1,-3.81737,40.2947,-3.81204,40.2894,-3.81471,40.292,,
Fuenlabrada--piece--5-6--gCloud,"scraping-fotocasa-gCloud--12_7_2018,_7_11_51_AM",fotocasa,gCloud,1544178672000,1552.16,4,0,0,,piece--5-6,Fuenlabrada,1,-3.81737,40.2894,-3.81204,40.2842,-3.81471,40.2868,,
Fuenlabrada--piece--5-7--gCloud,"scraping-fotocasa-gCloud--12_7_2018,_7_11_51_AM",fotocasa,gCloud,1544178681000,2881.88,2,7.14286,1,,piece--5-7,Fuenlabrada,1,-3.81737,40.2842,-3.81204,40.2789,-3.81471,40.2815,,
Fuenlabrada--piece--5-8--gCloud,"scraping-fotocasa-gCloud--12_7_2018,_7_11_51_AM",fotocasa,gCloud,1544178689000,0,0,0,0,,piece--5-8,Fuenlabrada,1,-3.81737,40.2789,-3.81204,40.2736,-3.81471,40.2763,,
Fuenlabrada--piece--6-0--gCloud,"scraping-fotocasa-gCloud--12_7_2018,_7_11_51_AM",fotocasa,gCloud,1544178694000,0,0,0,0,,piece--6-0,Fuenlabrada,1,-3.81204,40.321,-3.80671,40.3157,-3.80937,40.3183,,
Fuenlabrada--piece--6-1--gCloud,"scraping-fotocasa-gCloud--12_7_2018,_7_11_51_AM",fotocasa,gCloud,1544178703000,0,0,0,0,,piece--6-1,Fuenlabrada,1,-3.81204,40.3157,-3.80671,40.3104,-3.80937,40.3131,,
Fuenlabrada--piece--6-2--gCloud,"scraping-fotocasa-gCloud--12_7_2018,_7_11_51_AM",fotocasa,gCloud,1544178708000,2317.07,1,0,0,,piece--6-2,Fuenlabrada,1,-3.81204,40.3104,-3.80671,40.3052,-3.80937,40.3078,,
Fuenlabrada--piece--6-3--gCloud,"scraping-fotocasa-gCloud--12_7_2018,_7_11_51_AM",fotocasa,gCloud,1544178720000,1649.88,6,0,0,,piece--6-3,Fuenlabrada,1,-3.81204,40.3052,-3.80671,40.2999,-3.80937,40.3026,,
Fuenlabrada--piece--6-4--gCloud,"scraping-fotocasa-gCloud--12_7_2018,_7_11_51_AM",fotocasa,gCloud,1544178730000,1530.97,28,6.25,1,,piece--6-4,Fuenlabrada,1,-3.81204,40.2999,-3.80671,40.2947,-3.80937,40.2973,,
Fuenlabrada--piece--6-5--gCloud,"scraping-fotocasa-gCloud--12_7_2018,_7_11_51_AM",fotocasa,gCloud,1544178739000,1679.86,20,0,0,,piece--6-5,Fuenlabrada,1,-3.81204,40.2947,-3.80671,40.2894,-3.80937,40.292,,
Fuenlabrada--piece--6-6--gCloud,"scraping-fotocasa-gCloud--12_7_2018,_7_11_51_AM",fotocasa,gCloud,1544178745000,1592.51,30,0,0,,piece--6-6,Fuenlabrada,1,-3.81204,40.2894,-3.80671,40.2842,-3.80937,40.2868,,
Fuenlabrada--piece--6-7--gCloud,"scraping-fotocasa-gCloud--12_7_2018,_7_11_51_AM",fotocasa,gCloud,1544178756000,1578.85,21,7.05882,1,,piece--6-7,Fuenlabrada,1,-3.81204,40.2842,-3.80671,40.2789,-3.80937,40.2815,,
Fuenlabrada--piece--6-8--gCloud,"scraping-fotocasa-gCloud--12_7_2018,_7_11_51_AM",fotocasa,gCloud,1544178765000,1580.91,13,0,0,,piece--6-8,Fuenlabrada,1,-3.81204,40.2789,-3.80671,40.2736,-3.80937,40.2763,,
Fuenlabrada--piece--7-0--gCloud,"scraping-fotocasa-gCloud--12_7_2018,_7_11_51_AM",fotocasa,gCloud,1544178772000,0,1,0,0,,piece--7-0,Fuenlabrada,1,-3.80671,40.321,-3.80137,40.3157,-3.80404,40.3183,,
Fuenlabrada--piece--7-1--gCloud,"scraping-fotocasa-gCloud--12_7_2018,_7_11_51_AM",fotocasa,gCloud,1544178783000,0,0,0,0,,piece--7-1,Fuenlabrada,1,-3.80671,40.3157,-3.80137,40.3104,-3.80404,40.3131,,
Fuenlabrada--piece--7-2--gCloud,"scraping-fotocasa-gCloud--12_7_2018,_7_11_51_AM",fotocasa,gCloud,1544178791000,0,0,0,0,,piece--7-2,Fuenlabrada,1,-3.80671,40.3104,-3.80137,40.3052,-3.80404,40.3078,,
Fuenlabrada--piece--7-3--gCloud,"scraping-fotocasa-gCloud--12_7_2018,_7_11_51_AM",fotocasa,gCloud,1544178800000,0,0,0,0,,piece--7-3,Fuenlabrada,1,-3.80671,40.3052,-3.80137,40.2999,-3.80404,40.3026,,
Fuenlabrada--piece--7-4--gCloud,"scraping-fotocasa-gCloud--12_7_2018,_7_11_51_AM",fotocasa,gCloud,1544178808000,1833.24,13,7.84257,4,,piece--7-4,Fuenlabrada,1,-3.80671,40.2999,-3.80137,40.2947,-3.80404,40.2973,,
Fuenlabrada--piece--7-5--gCloud,"scraping-fotocasa-gCloud--12_7_2018,_7_11_51_AM",fotocasa,gCloud,1544178814000,1670.52,25,9.55093,3,,piece--7-5,Fuenlabrada,1,-3.80671,40.2947,-3.80137,40.2894,-3.80404,40.292,,
Fuenlabrada--piece--7-6--gCloud,"scraping-fotocasa-gCloud--12_7_2018,_7_11_51_AM",fotocasa,gCloud,1544178823000,1890.12,16,8.70585,4,,piece--7-6,Fuenlabrada,1,-3.80671,40.2894,-3.80137,40.2842,-3.80404,40.2868,,
Fuenlabrada--piece--7-7--gCloud,"scraping-fotocasa-gCloud--12_7_2018,_7_11_51_AM",fotocasa,gCloud,1544178830000,1716.54,29,0,0,,piece--7-7,Fuenlabrada,1,-3.80671,40.2842,-3.80137,40.2789,-3.80404,40.2815,,
Fuenlabrada--piece--7-8--gCloud,"scraping-fotocasa-gCloud--12_7_2018,_7_11_51_AM",fotocasa,gCloud,1544178839000,1986.9,21,0,0,,piece--7-8,Fuenlabrada,1,-3.80671,40.2789,-3.80137,40.2736,-3.80404,40.2763,,
Fuenlabrada--piece--8-0--gCloud,"scraping-fotocasa-gCloud--12_7_2018,_7_11_51_AM",fotocasa,gCloud,1544178844000,0,0,0,0,,piece--8-0,Fuenlabrada,1,-3.80137,40.321,-3.79604,40.3157,-3.79871,40.3183,,
Fuenlabrada--piece--8-1--gCloud,"scraping-fotocasa-gCloud--12_7_2018,_7_11_51_AM",fotocasa,gCloud,1544178853000,0,0,0,0,,piece--8-1,Fuenlabrada,1,-3.80137,40.3157,-3.79604,40.3104,-3.79871,40.3131,,
Fuenlabrada--piece--8-2--gCloud,"scraping-fotocasa-gCloud--12_7_2018,_7_11_51_AM",fotocasa,gCloud,1544178858000,0,0,0,0,,piece--8-2,Fuenlabrada,1,-3.80137,40.3104,-3.79604,40.3052,-3.79871,40.3078,,
Fuenlabrada--piece--8-3--gCloud,"scraping-fotocasa-gCloud--12_7_2018,_7_11_51_AM",fotocasa,gCloud,1544178866000,0,0,0,0,,piece--8-3,Fuenlabrada,1,-3.80137,40.3052,-3.79604,40.2999,-3.79871,40.3026,,
Fuenlabrada--piece--8-4--gCloud,"scraping-fotocasa-gCloud--12_7_2018,_7_11_51_AM",fotocasa,gCloud,1544178875000,1991.51,2,10.625,2,,piece--8-4,Fuenlabrada,1,-3.80137,40.2999,-3.79604,40.2947,-3.79871,40.2973,,
Fuenlabrada--piece--8-5--gCloud,"scraping-fotocasa-gCloud--12_7_2018,_7_11_51_AM",fotocasa,gCloud,1544178882000,1721.9,23,9.16667,1,,piece--8-5,Fuenlabrada,1,-3.80137,40.2947,-3.79604,40.2894,-3.79871,40.292,,
Fuenlabrada--piece--8-6--gCloud,"scraping-fotocasa-gCloud--12_7_2018,_7_11_51_AM",fotocasa,gCloud,1544178892000,1658.18,30,9.31435,3,,piece--8-6,Fuenlabrada,1,-3.80137,40.2894,-3.79604,40.2842,-3.79871,40.2868,,
Fuenlabrada--piece--8-7--gCloud,"scraping-fotocasa-gCloud--12_7_2018,_7_11_51_AM",fotocasa,gCloud,1544178898000,1700.87,27,7.73438,1,,piece--8-7,Fuenlabrada,1,-3.80137,40.2842,-3.79604,40.2789,-3.79871,40.2815,,
Fuenlabrada--piece--8-8--gCloud,"scraping-fotocasa-gCloud--12_7_2018,_7_11_51_AM",fotocasa,gCloud,1544178905000,1715.17,30,8.59305,7,,piece--8-8,Fuenlabrada,1,-3.80137,40.2789,-3.79604,40.2736,-3.79871,40.2763,,
Fuenlabrada--piece--9-0--gCloud,"scraping-fotocasa-gCloud--12_7_2018,_7_11_51_AM",fotocasa,gCloud,1544178911000,0,0,0,0,,piece--9-0,Fuenlabrada,1,-3.79604,40.321,-3.79071,40.3157,-3.79337,40.3183,,
Fuenlabrada--piece--9-1--gCloud,"scraping-fotocasa-gCloud--12_7_2018,_7_11_51_AM",fotocasa,gCloud,1544178919000,1672.46,2,0,0,,piece--9-1,Fuenlabrada,1,-3.79604,40.3157,-3.79071,40.3104,-3.79337,40.3131,,
Fuenlabrada--piece--9-2--gCloud,"scraping-fotocasa-gCloud--12_7_2018,_7_11_51_AM",fotocasa,gCloud,1544178925000,0,0,0,0,,piece--9-2,Fuenlabrada,1,-3.79604,40.3104,-3.79071,40.3052,-3.79337,40.3078,,
Fuenlabrada--piece--9-3--gCloud,"scraping-fotocasa-gCloud--12_7_2018,_7_11_51_AM",fotocasa,gCloud,1544178931000,0,0,0,0,,piece--9-3,Fuenlabrada,1,-3.79604,40.3052,-3.79071,40.2999,-3.79337,40.3026,,
Fuenlabrada--piece--9-4--gCloud,"scraping-fotocasa-gCloud--12_7_2018,_7_11_51_AM",fotocasa,gCloud,1544178936000,1680.79,2,0,0,,piece--9-4,Fuenlabrada,1,-3.79604,40.2999,-3.79071,40.2947,-3.79337,40.2973,,
Fuenlabrada--piece--9-5--gCloud,"scraping-fotocasa-gCloud--12_7_2018,_7_11_51_AM",fotocasa,gCloud,1544178945000,1914.79,29,9.44444,2,,piece--9-5,Fuenlabrada,1,-3.79604,40.2947,-3.79071,40.2894,-3.79337,40.292,,
Fuenlabrada--piece--9-6--gCloud,"scraping-fotocasa-gCloud--12_7_2018,_7_11_51_AM",fotocasa,gCloud,1544178953000,1598.8,30,7.73333,5,,piece--9-6,Fuenlabrada,1,-3.79604,40.2894,-3.79071,40.2842,-3.79337,40.2868,,
Fuenlabrada--piece--9-7--gCloud,"scraping-fotocasa-gCloud--12_7_2018,_7_11_51_AM",fotocasa,gCloud,1544178960000,1628.58,29,8.46762,3,,piece--9-7,Fuenlabrada,1,-3.79604,40.2842,-3.79071,40.2789,-3.79337,40.2815,,
Fuenlabrada--piece--9-8--gCloud,"scraping-fotocasa-gCloud--12_7_2018,_7_11_51_AM",fotocasa,gCloud,1544178968000,1750.39,20,0,0,,piece--9-8,Fuenlabrada,1,-3.79604,40.2789,-3.79071,40.2736,-3.79337,40.2763,,
