piece_id,scraping_id,app_id,device_id,date_scraped,average_prize_buy,number_of_ads_buy,average_prize_rent,number_of_ads_rent,extra_data,piece_name,city_name,scraped,bounding_box1_x,bounding_box1_y,bounding_box2_x,bounding_box2_y,center_point_x,center_point_y
Fuenlabrada--piece--0-0--gCloud,"scraping-fotocasa-gCloud--12_3_2018,_2_46_43_PM",fotocasa,gCloud,1543859495000,0,0,0,0,,piece--0-0,Fuenlabrada,1,-3.84404,40.321,-3.8387,40.3157,-3.84137,40.3183
Fuenlabrada--piece--0-1--gCloud,"scraping-fotocasa-gCloud--12_3_2018,_2_46_43_PM",fotocasa,gCloud,1543859505000,1670.21,1,0,0,,piece--0-1,Fuenlabrada,1,-3.84404,40.3157,-3.8387,40.3104,-3.84137,40.3131
Fuenlabrada--piece--0-2--gCloud,"scraping-fotocasa-gCloud--12_3_2018,_2_46_43_PM",fotocasa,gCloud,1543859518000,0,0,0,0,,piece--0-2,Fuenlabrada,1,-3.84404,40.3104,-3.8387,40.3052,-3.84137,40.3078
Fuenlabrada--piece--0-3--gCloud,"scraping-fotocasa-gCloud--12_3_2018,_2_46_43_PM",fotocasa,gCloud,1543859527000,1747.77,5,0,0,,piece--0-3,Fuenlabrada,1,-3.84404,40.3052,-3.8387,40.2999,-3.84137,40.3026
Fuenlabrada--piece--0-4--gCloud,"scraping-fotocasa-gCloud--12_3_2018,_2_46_43_PM",fotocasa,gCloud,1543859533000,1931.02,3,6.94444,1,,piece--0-4,Fuenlabrada,1,-3.84404,40.2999,-3.8387,40.2947,-3.84137,40.2973
Fuenlabrada--piece--0-5--gCloud,"scraping-fotocasa-gCloud--12_3_2018,_2_46_43_PM",fotocasa,gCloud,1543859538000,1905.9,9,7.56436,4,,piece--0-5,Fuenlabrada,1,-3.84404,40.2947,-3.8387,40.2894,-3.84137,40.292
Fuenlabrada--piece--0-6--gCloud,"scraping-fotocasa-gCloud--12_3_2018,_2_46_43_PM",fotocasa,gCloud,1543859547000,0,0,0,0,,piece--0-6,Fuenlabrada,1,-3.84404,40.2894,-3.8387,40.2842,-3.84137,40.2868
Fuenlabrada--piece--0-7--gCloud,"scraping-fotocasa-gCloud--12_3_2018,_2_46_43_PM",fotocasa,gCloud,1543859554000,0,0,0,0,,piece--0-7,Fuenlabrada,1,-3.84404,40.2842,-3.8387,40.2789,-3.84137,40.2815
Fuenlabrada--piece--0-8--gCloud,"scraping-fotocasa-gCloud--12_3_2018,_2_46_43_PM",fotocasa,gCloud,1543859563000,0,0,0,0,,piece--0-8,Fuenlabrada,1,-3.84404,40.2789,-3.8387,40.2736,-3.84137,40.2763
Fuenlabrada--piece--1-0--gCloud,"scraping-fotocasa-gCloud--12_3_2018,_2_46_43_PM",fotocasa,gCloud,1543859571000,0,0,0,0,,piece--1-0,Fuenlabrada,1,-3.8387,40.321,-3.83337,40.3157,-3.83604,40.3183
Fuenlabrada--piece--1-1--gCloud,"scraping-fotocasa-gCloud--12_3_2018,_2_46_43_PM",fotocasa,gCloud,1543859577000,1592.07,14,0,0,,piece--1-1,Fuenlabrada,1,-3.8387,40.3157,-3.83337,40.3104,-3.83604,40.3131
Fuenlabrada--piece--1-2--gCloud,"scraping-fotocasa-gCloud--12_3_2018,_2_46_43_PM",fotocasa,gCloud,1543859586000,0,0,0,0,,piece--1-2,Fuenlabrada,1,-3.8387,40.3104,-3.83337,40.3052,-3.83604,40.3078
Fuenlabrada--piece--1-3--gCloud,"scraping-fotocasa-gCloud--12_3_2018,_2_46_43_PM",fotocasa,gCloud,1543859593000,1484.79,6,0,0,,piece--1-3,Fuenlabrada,1,-3.8387,40.3052,-3.83337,40.2999,-3.83604,40.3026
Fuenlabrada--piece--1-4--gCloud,"scraping-fotocasa-gCloud--12_3_2018,_2_46_43_PM",fotocasa,gCloud,1543859599000,1665.48,9,6.875,2,,piece--1-4,Fuenlabrada,1,-3.8387,40.2999,-3.83337,40.2947,-3.83604,40.2973
Fuenlabrada--piece--1-5--gCloud,"scraping-fotocasa-gCloud--12_3_2018,_2_46_43_PM",fotocasa,gCloud,1543859613000,1697.71,11,7.97182,8,,piece--1-5,Fuenlabrada,1,-3.8387,40.2947,-3.83337,40.2894,-3.83604,40.292
Fuenlabrada--piece--1-6--gCloud,"scraping-fotocasa-gCloud--12_3_2018,_2_46_43_PM",fotocasa,gCloud,1543859624000,0,0,0,0,,piece--1-6,Fuenlabrada,1,-3.8387,40.2894,-3.83337,40.2842,-3.83604,40.2868
Fuenlabrada--piece--1-7--gCloud,"scraping-fotocasa-gCloud--12_3_2018,_2_46_43_PM",fotocasa,gCloud,1543859634000,0,0,0,0,,piece--1-7,Fuenlabrada,1,-3.8387,40.2842,-3.83337,40.2789,-3.83604,40.2815
Fuenlabrada--piece--1-8--gCloud,"scraping-fotocasa-gCloud--12_3_2018,_2_46_43_PM",fotocasa,gCloud,1543859640000,0,0,0,0,,piece--1-8,Fuenlabrada,1,-3.8387,40.2789,-3.83337,40.2736,-3.83604,40.2763
Fuenlabrada--piece--10-0--gCloud,"scraping-fotocasa-gCloud--12_3_2018,_2_46_43_PM",fotocasa,gCloud,1543859646000,1661.09,7,0,0,,piece--10-0,Fuenlabrada,1,-3.79071,40.321,-3.78537,40.3157,-3.78804,40.3183
Fuenlabrada--piece--10-1--gCloud,"scraping-fotocasa-gCloud--12_3_2018,_2_46_43_PM",fotocasa,gCloud,1543859654000,2049.43,6,8.94737,1,,piece--10-1,Fuenlabrada,1,-3.79071,40.3157,-3.78537,40.3104,-3.78804,40.3131
Fuenlabrada--piece--10-2--gCloud,"scraping-fotocasa-gCloud--12_3_2018,_2_46_43_PM",fotocasa,gCloud,1543859665000,1700.02,3,0,0,,piece--10-2,Fuenlabrada,1,-3.79071,40.3104,-3.78537,40.3052,-3.78804,40.3078
Fuenlabrada--piece--10-3--gCloud,"scraping-fotocasa-gCloud--12_3_2018,_2_46_43_PM",fotocasa,gCloud,1543859670000,0,0,0,0,,piece--10-3,Fuenlabrada,1,-3.79071,40.3052,-3.78537,40.2999,-3.78804,40.3026
Fuenlabrada--piece--10-4--gCloud,"scraping-fotocasa-gCloud--12_3_2018,_2_46_43_PM",fotocasa,gCloud,1543859679000,1508.98,2,0,0,,piece--10-4,Fuenlabrada,1,-3.79071,40.2999,-3.78537,40.2947,-3.78804,40.2973
Fuenlabrada--piece--10-5--gCloud,"scraping-fotocasa-gCloud--12_3_2018,_2_46_43_PM",fotocasa,gCloud,1543859685000,1614.18,20,0,0,,piece--10-5,Fuenlabrada,1,-3.79071,40.2947,-3.78537,40.2894,-3.78804,40.292
Fuenlabrada--piece--10-6--gCloud,"scraping-fotocasa-gCloud--12_3_2018,_2_46_43_PM",fotocasa,gCloud,1543859705000,1644.13,28,8.53659,1,,piece--10-6,Fuenlabrada,1,-3.79071,40.2894,-3.78537,40.2842,-3.78804,40.2868
Fuenlabrada--piece--10-7--gCloud,"scraping-fotocasa-gCloud--12_3_2018,_2_46_43_PM",fotocasa,gCloud,1543859723000,1717.43,30,8.28623,3,,piece--10-7,Fuenlabrada,1,-3.79071,40.2842,-3.78537,40.2789,-3.78804,40.2815
Fuenlabrada--piece--10-8--gCloud,"scraping-fotocasa-gCloud--12_3_2018,_2_46_43_PM",fotocasa,gCloud,1543859742000,1687.77,10,0,0,,piece--10-8,Fuenlabrada,1,-3.79071,40.2789,-3.78537,40.2736,-3.78804,40.2763
Fuenlabrada--piece--11-0--gCloud,"scraping-fotocasa-gCloud--12_3_2018,_2_46_43_PM",fotocasa,gCloud,1543859764000,1803.97,6,5.64513,3,,piece--11-0,Fuenlabrada,1,-3.78537,40.321,-3.78004,40.3157,-3.78271,40.3183
Fuenlabrada--piece--11-1--gCloud,"scraping-fotocasa-gCloud--12_3_2018,_2_46_43_PM",fotocasa,gCloud,1543859779000,1724.51,3,0,0,,piece--11-1,Fuenlabrada,1,-3.78537,40.3157,-3.78004,40.3104,-3.78271,40.3131
Fuenlabrada--piece--11-2--gCloud,"scraping-fotocasa-gCloud--12_3_2018,_2_46_43_PM",fotocasa,gCloud,1543859797000,0,0,0,0,,piece--11-2,Fuenlabrada,1,-3.78537,40.3104,-3.78004,40.3052,-3.78271,40.3078
Fuenlabrada--piece--11-3--gCloud,"scraping-fotocasa-gCloud--12_3_2018,_2_46_43_PM",fotocasa,gCloud,1543859803000,0,0,0,0,,piece--11-3,Fuenlabrada,1,-3.78537,40.3052,-3.78004,40.2999,-3.78271,40.3026
Fuenlabrada--piece--11-4--gCloud,"scraping-fotocasa-gCloud--12_3_2018,_2_46_43_PM",fotocasa,gCloud,1543859811000,1462.5,1,0,0,,piece--11-4,Fuenlabrada,1,-3.78537,40.2999,-3.78004,40.2947,-3.78271,40.2973
Fuenlabrada--piece--11-5--gCloud,"scraping-fotocasa-gCloud--12_3_2018,_2_46_43_PM",fotocasa,gCloud,1543859820000,1518.57,9,0,0,,piece--11-5,Fuenlabrada,1,-3.78537,40.2947,-3.78004,40.2894,-3.78271,40.292
Fuenlabrada--piece--11-6--gCloud,"scraping-fotocasa-gCloud--12_3_2018,_2_46_43_PM",fotocasa,gCloud,1543859826000,1322.76,12,0,0,,piece--11-6,Fuenlabrada,1,-3.78537,40.2894,-3.78004,40.2842,-3.78271,40.2868
Fuenlabrada--piece--11-7--gCloud,"scraping-fotocasa-gCloud--12_3_2018,_2_46_43_PM",fotocasa,gCloud,1543859831000,1812.5,1,0,0,,piece--11-7,Fuenlabrada,1,-3.78537,40.2842,-3.78004,40.2789,-3.78271,40.2815
Fuenlabrada--piece--11-8--gCloud,"scraping-fotocasa-gCloud--12_3_2018,_2_46_43_PM",fotocasa,gCloud,1543859843000,0,0,0,0,,piece--11-8,Fuenlabrada,1,-3.78537,40.2789,-3.78004,40.2736,-3.78271,40.2763
Fuenlabrada--piece--2-0--gCloud,"scraping-fotocasa-gCloud--12_3_2018,_2_46_43_PM",fotocasa,gCloud,1543859849000,0,0,0,0,,piece--2-0,Fuenlabrada,1,-3.83337,40.321,-3.82804,40.3157,-3.8307,40.3183
Fuenlabrada--piece--2-1--gCloud,"scraping-fotocasa-gCloud--12_3_2018,_2_46_43_PM",fotocasa,gCloud,1543859854000,0,0,0,0,,piece--2-1,Fuenlabrada,1,-3.83337,40.3157,-3.82804,40.3104,-3.8307,40.3131
Fuenlabrada--piece--2-2--gCloud,"scraping-fotocasa-gCloud--12_3_2018,_2_46_43_PM",fotocasa,gCloud,1543859862000,0,0,0,0,,piece--2-2,Fuenlabrada,1,-3.83337,40.3104,-3.82804,40.3052,-3.8307,40.3078
Fuenlabrada--piece--2-3--gCloud,"scraping-fotocasa-gCloud--12_3_2018,_2_46_43_PM",fotocasa,gCloud,1543859872000,0,0,0,0,,piece--2-3,Fuenlabrada,1,-3.83337,40.3052,-3.82804,40.2999,-3.8307,40.3026
Fuenlabrada--piece--2-4--gCloud,"scraping-fotocasa-gCloud--12_3_2018,_2_46_43_PM",fotocasa,gCloud,1543859884000,1715.82,4,8.82353,1,,piece--2-4,Fuenlabrada,1,-3.83337,40.2999,-3.82804,40.2947,-3.8307,40.2973
Fuenlabrada--piece--2-5--gCloud,"scraping-fotocasa-gCloud--12_3_2018,_2_46_43_PM",fotocasa,gCloud,1543859893000,1911.84,22,0,0,,piece--2-5,Fuenlabrada,1,-3.83337,40.2947,-3.82804,40.2894,-3.8307,40.292
Fuenlabrada--piece--2-6--gCloud,"scraping-fotocasa-gCloud--12_3_2018,_2_46_43_PM",fotocasa,gCloud,1543859901000,0,0,0,0,,piece--2-6,Fuenlabrada,1,-3.83337,40.2894,-3.82804,40.2842,-3.8307,40.2868
Fuenlabrada--piece--2-7--gCloud,"scraping-fotocasa-gCloud--12_3_2018,_2_46_43_PM",fotocasa,gCloud,1543859906000,0,0,0,0,,piece--2-7,Fuenlabrada,1,-3.83337,40.2842,-3.82804,40.2789,-3.8307,40.2815
Fuenlabrada--piece--2-8--gCloud,"scraping-fotocasa-gCloud--12_3_2018,_2_46_43_PM",fotocasa,gCloud,1543859912000,0,0,0,0,,piece--2-8,Fuenlabrada,1,-3.83337,40.2789,-3.82804,40.2736,-3.8307,40.2763
Fuenlabrada--piece--3-0--gCloud,"scraping-fotocasa-gCloud--12_3_2018,_2_46_43_PM",fotocasa,gCloud,1543859917000,0,0,0,0,,piece--3-0,Fuenlabrada,1,-3.82804,40.321,-3.82271,40.3157,-3.82537,40.3183
Fuenlabrada--piece--3-1--gCloud,"scraping-fotocasa-gCloud--12_3_2018,_2_46_43_PM",fotocasa,gCloud,1543859926000,0,0,0,0,,piece--3-1,Fuenlabrada,1,-3.82804,40.3157,-3.82271,40.3104,-3.82537,40.3131
Fuenlabrada--piece--3-2--gCloud,"scraping-fotocasa-gCloud--12_3_2018,_2_46_43_PM",fotocasa,gCloud,1543859934000,0,0,0,0,,piece--3-2,Fuenlabrada,1,-3.82804,40.3104,-3.82271,40.3052,-3.82537,40.3078
Fuenlabrada--piece--3-3--gCloud,"scraping-fotocasa-gCloud--12_3_2018,_2_46_43_PM",fotocasa,gCloud,1543859943000,0,0,0,0,,piece--3-3,Fuenlabrada,1,-3.82804,40.3052,-3.82271,40.2999,-3.82537,40.3026
Fuenlabrada--piece--3-4--gCloud,"scraping-fotocasa-gCloud--12_3_2018,_2_46_43_PM",fotocasa,gCloud,1543859954000,0,0,0,0,,piece--3-4,Fuenlabrada,1,-3.82804,40.2999,-3.82271,40.2947,-3.82537,40.2973
Fuenlabrada--piece--3-5--gCloud,"scraping-fotocasa-gCloud--12_3_2018,_2_46_43_PM",fotocasa,gCloud,1543859963000,2741.58,11,9.11833,4,,piece--3-5,Fuenlabrada,1,-3.82804,40.2947,-3.82271,40.2894,-3.82537,40.292
Fuenlabrada--piece--3-6--gCloud,"scraping-fotocasa-gCloud--12_3_2018,_2_46_43_PM",fotocasa,gCloud,1543859972000,1444.44,2,0,0,,piece--3-6,Fuenlabrada,1,-3.82804,40.2894,-3.82271,40.2842,-3.82537,40.2868
Fuenlabrada--piece--3-7--gCloud,"scraping-fotocasa-gCloud--12_3_2018,_2_46_43_PM",fotocasa,gCloud,1543859983000,0,0,0,0,,piece--3-7,Fuenlabrada,1,-3.82804,40.2842,-3.82271,40.2789,-3.82537,40.2815
Fuenlabrada--piece--3-8--gCloud,"scraping-fotocasa-gCloud--12_3_2018,_2_46_43_PM",fotocasa,gCloud,1543859991000,0,0,0,0,,piece--3-8,Fuenlabrada,1,-3.82804,40.2789,-3.82271,40.2736,-3.82537,40.2763
Fuenlabrada--piece--4-0--gCloud,"scraping-fotocasa-gCloud--12_3_2018,_2_46_43_PM",fotocasa,gCloud,1543859999000,0,0,0,0,,piece--4-0,Fuenlabrada,1,-3.82271,40.321,-3.81737,40.3157,-3.82004,40.3183
Fuenlabrada--piece--4-1--gCloud,"scraping-fotocasa-gCloud--12_3_2018,_2_46_43_PM",fotocasa,gCloud,1543860011000,0,0,0,0,,piece--4-1,Fuenlabrada,1,-3.82271,40.3157,-3.81737,40.3104,-3.82004,40.3131
Fuenlabrada--piece--4-2--gCloud,"scraping-fotocasa-gCloud--12_3_2018,_2_46_43_PM",fotocasa,gCloud,1543860036000,0,0,0,0,,piece--4-2,Fuenlabrada,1,-3.82271,40.3104,-3.81737,40.3052,-3.82004,40.3078
Fuenlabrada--piece--4-3--gCloud,"scraping-fotocasa-gCloud--12_3_2018,_2_46_43_PM",fotocasa,gCloud,1543860055000,0,0,0,0,,piece--4-3,Fuenlabrada,1,-3.82271,40.3052,-3.81737,40.2999,-3.82004,40.3026
Fuenlabrada--piece--4-4--gCloud,"scraping-fotocasa-gCloud--12_3_2018,_2_46_43_PM",fotocasa,gCloud,1543860074000,0,0,0,0,,piece--4-4,Fuenlabrada,1,-3.82271,40.2999,-3.81737,40.2947,-3.82004,40.2973
Fuenlabrada--piece--4-5--gCloud,"scraping-fotocasa-gCloud--12_3_2018,_2_46_43_PM",fotocasa,gCloud,1543860080000,1685.76,9,0,0,,piece--4-5,Fuenlabrada,1,-3.82271,40.2947,-3.81737,40.2894,-3.82004,40.292
Fuenlabrada--piece--4-6--gCloud,"scraping-fotocasa-gCloud--12_3_2018,_2_46_43_PM",fotocasa,gCloud,1543860099000,2041.93,6,0,0,,piece--4-6,Fuenlabrada,1,-3.82271,40.2894,-3.81737,40.2842,-3.82004,40.2868
Fuenlabrada--piece--4-7--gCloud,"scraping-fotocasa-gCloud--12_3_2018,_2_46_43_PM",fotocasa,gCloud,1543860108000,0,0,0,0,,piece--4-7,Fuenlabrada,1,-3.82271,40.2842,-3.81737,40.2789,-3.82004,40.2815
Fuenlabrada--piece--4-8--gCloud,"scraping-fotocasa-gCloud--12_3_2018,_2_46_43_PM",fotocasa,gCloud,1543860113000,0,0,0,0,,piece--4-8,Fuenlabrada,1,-3.82271,40.2789,-3.81737,40.2736,-3.82004,40.2763
Fuenlabrada--piece--5-0--gCloud,"scraping-fotocasa-gCloud--12_3_2018,_2_46_43_PM",fotocasa,gCloud,1543860125000,0,0,0,0,,piece--5-0,Fuenlabrada,1,-3.81737,40.321,-3.81204,40.3157,-3.81471,40.3183
Fuenlabrada--piece--5-1--gCloud,"scraping-fotocasa-gCloud--12_3_2018,_2_46_43_PM",fotocasa,gCloud,1543860130000,0,0,0,0,,piece--5-1,Fuenlabrada,1,-3.81737,40.3157,-3.81204,40.3104,-3.81471,40.3131
Fuenlabrada--piece--5-2--gCloud,"scraping-fotocasa-gCloud--12_3_2018,_2_46_43_PM",fotocasa,gCloud,1543860140000,0,0,0,0,,piece--5-2,Fuenlabrada,1,-3.81737,40.3104,-3.81204,40.3052,-3.81471,40.3078
Fuenlabrada--piece--5-3--gCloud,"scraping-fotocasa-gCloud--12_3_2018,_2_46_43_PM",fotocasa,gCloud,1543860154000,1674.7,2,0,0,,piece--5-3,Fuenlabrada,1,-3.81737,40.3052,-3.81204,40.2999,-3.81471,40.3026
Fuenlabrada--piece--5-4--gCloud,"scraping-fotocasa-gCloud--12_3_2018,_2_46_43_PM",fotocasa,gCloud,1543860159000,1988.24,1,0,0,,piece--5-4,Fuenlabrada,1,-3.81737,40.2999,-3.81204,40.2947,-3.81471,40.2973
Fuenlabrada--piece--5-5--gCloud,"scraping-fotocasa-gCloud--12_3_2018,_2_46_43_PM",fotocasa,gCloud,1543860165000,1845.01,6,0,0,,piece--5-5,Fuenlabrada,1,-3.81737,40.2947,-3.81204,40.2894,-3.81471,40.292
Fuenlabrada--piece--5-6--gCloud,"scraping-fotocasa-gCloud--12_3_2018,_2_46_43_PM",fotocasa,gCloud,1543860176000,1346.49,3,0,0,,piece--5-6,Fuenlabrada,1,-3.81737,40.2894,-3.81204,40.2842,-3.81471,40.2868
Fuenlabrada--piece--5-7--gCloud,"scraping-fotocasa-gCloud--12_3_2018,_2_46_43_PM",fotocasa,gCloud,1543860184000,2881.88,2,7.14286,1,,piece--5-7,Fuenlabrada,1,-3.81737,40.2842,-3.81204,40.2789,-3.81471,40.2815
Fuenlabrada--piece--5-8--gCloud,"scraping-fotocasa-gCloud--12_3_2018,_2_46_43_PM",fotocasa,gCloud,1543860193000,0,0,0,0,,piece--5-8,Fuenlabrada,1,-3.81737,40.2789,-3.81204,40.2736,-3.81471,40.2763
Fuenlabrada--piece--6-0--gCloud,"scraping-fotocasa-gCloud--12_3_2018,_2_46_43_PM",fotocasa,gCloud,1543860198000,0,0,0,0,,piece--6-0,Fuenlabrada,1,-3.81204,40.321,-3.80671,40.3157,-3.80937,40.3183
Fuenlabrada--piece--6-1--gCloud,"scraping-fotocasa-gCloud--12_3_2018,_2_46_43_PM",fotocasa,gCloud,1543860203000,0,0,0,0,,piece--6-1,Fuenlabrada,1,-3.81204,40.3157,-3.80671,40.3104,-3.80937,40.3131
Fuenlabrada--piece--6-2--gCloud,"scraping-fotocasa-gCloud--12_3_2018,_2_46_43_PM",fotocasa,gCloud,1543860209000,2317.07,1,0,0,,piece--6-2,Fuenlabrada,1,-3.81204,40.3104,-3.80671,40.3052,-3.80937,40.3078
Fuenlabrada--piece--6-3--gCloud,"scraping-fotocasa-gCloud--12_3_2018,_2_46_43_PM",fotocasa,gCloud,1543860221000,1649.88,6,0,0,,piece--6-3,Fuenlabrada,1,-3.81204,40.3052,-3.80671,40.2999,-3.80937,40.3026
Fuenlabrada--piece--6-4--gCloud,"scraping-fotocasa-gCloud--12_3_2018,_2_46_43_PM",fotocasa,gCloud,1543860228000,1518.29,29,6.98883,3,,piece--6-4,Fuenlabrada,1,-3.81204,40.2999,-3.80671,40.2947,-3.80937,40.2973
Fuenlabrada--piece--6-5--gCloud,"scraping-fotocasa-gCloud--12_3_2018,_2_46_43_PM",fotocasa,gCloud,1543860237000,1635.69,25,0,0,,piece--6-5,Fuenlabrada,1,-3.81204,40.2947,-3.80671,40.2894,-3.80937,40.292
Fuenlabrada--piece--6-6--gCloud,"scraping-fotocasa-gCloud--12_3_2018,_2_46_43_PM",fotocasa,gCloud,1543860247000,1616.93,24,7.94118,1,,piece--6-6,Fuenlabrada,1,-3.81204,40.2894,-3.80671,40.2842,-3.80937,40.2868
Fuenlabrada--piece--6-7--gCloud,"scraping-fotocasa-gCloud--12_3_2018,_2_46_43_PM",fotocasa,gCloud,1543860254000,1525.63,24,7.05882,1,,piece--6-7,Fuenlabrada,1,-3.81204,40.2842,-3.80671,40.2789,-3.80937,40.2815
Fuenlabrada--piece--6-8--gCloud,"scraping-fotocasa-gCloud--12_3_2018,_2_46_43_PM",fotocasa,gCloud,1543860262000,1599.3,12,0,0,,piece--6-8,Fuenlabrada,1,-3.81204,40.2789,-3.80671,40.2736,-3.80937,40.2763
Fuenlabrada--piece--7-0--gCloud,"scraping-fotocasa-gCloud--12_3_2018,_2_46_43_PM",fotocasa,gCloud,1543860273000,0,1,0,0,,piece--7-0,Fuenlabrada,1,-3.80671,40.321,-3.80137,40.3157,-3.80404,40.3183
Fuenlabrada--piece--7-1--gCloud,"scraping-fotocasa-gCloud--12_3_2018,_2_46_43_PM",fotocasa,gCloud,1543860278000,0,0,0,0,,piece--7-1,Fuenlabrada,1,-3.80671,40.3157,-3.80137,40.3104,-3.80404,40.3131
Fuenlabrada--piece--7-2--gCloud,"scraping-fotocasa-gCloud--12_3_2018,_2_46_43_PM",fotocasa,gCloud,1543860289000,0,0,0,0,,piece--7-2,Fuenlabrada,1,-3.80671,40.3104,-3.80137,40.3052,-3.80404,40.3078
Fuenlabrada--piece--7-3--gCloud,"scraping-fotocasa-gCloud--12_3_2018,_2_46_43_PM",fotocasa,gCloud,1543860294000,0,0,0,0,,piece--7-3,Fuenlabrada,1,-3.80671,40.3052,-3.80137,40.2999,-3.80404,40.3026
Fuenlabrada--piece--7-4--gCloud,"scraping-fotocasa-gCloud--12_3_2018,_2_46_43_PM",fotocasa,gCloud,1543860303000,1796.03,18,7.95676,3,,piece--7-4,Fuenlabrada,1,-3.80671,40.2999,-3.80137,40.2947,-3.80404,40.2973
Fuenlabrada--piece--7-5--gCloud,"scraping-fotocasa-gCloud--12_3_2018,_2_46_43_PM",fotocasa,gCloud,1543860313000,1650.16,20,9.55093,3,,piece--7-5,Fuenlabrada,1,-3.80671,40.2947,-3.80137,40.2894,-3.80404,40.292
Fuenlabrada--piece--7-6--gCloud,"scraping-fotocasa-gCloud--12_3_2018,_2_46_43_PM",fotocasa,gCloud,1543860322000,1948.33,15,8.70585,4,,piece--7-6,Fuenlabrada,1,-3.80671,40.2894,-3.80137,40.2842,-3.80404,40.2868
Fuenlabrada--piece--7-7--gCloud,"scraping-fotocasa-gCloud--12_3_2018,_2_46_43_PM",fotocasa,gCloud,1543860329000,1733.54,28,8.82353,1,,piece--7-7,Fuenlabrada,1,-3.80671,40.2842,-3.80137,40.2789,-3.80404,40.2815
Fuenlabrada--piece--7-8--gCloud,"scraping-fotocasa-gCloud--12_3_2018,_2_46_43_PM",fotocasa,gCloud,1543860338000,1961.29,21,0,0,,piece--7-8,Fuenlabrada,1,-3.80671,40.2789,-3.80137,40.2736,-3.80404,40.2763
Fuenlabrada--piece--8-0--gCloud,"scraping-fotocasa-gCloud--12_3_2018,_2_46_43_PM",fotocasa,gCloud,1543860344000,0,0,0,0,,piece--8-0,Fuenlabrada,1,-3.80137,40.321,-3.79604,40.3157,-3.79871,40.3183
Fuenlabrada--piece--8-1--gCloud,"scraping-fotocasa-gCloud--12_3_2018,_2_46_43_PM",fotocasa,gCloud,1543860349000,0,0,0,0,,piece--8-1,Fuenlabrada,1,-3.80137,40.3157,-3.79604,40.3104,-3.79871,40.3131
Fuenlabrada--piece--8-2--gCloud,"scraping-fotocasa-gCloud--12_3_2018,_2_46_43_PM",fotocasa,gCloud,1543860357000,0,0,0,0,,piece--8-2,Fuenlabrada,1,-3.80137,40.3104,-3.79604,40.3052,-3.79871,40.3078
Fuenlabrada--piece--8-3--gCloud,"scraping-fotocasa-gCloud--12_3_2018,_2_46_43_PM",fotocasa,gCloud,1543860362000,0,0,0,0,,piece--8-3,Fuenlabrada,1,-3.80137,40.3052,-3.79604,40.2999,-3.79871,40.3026
Fuenlabrada--piece--8-4--gCloud,"scraping-fotocasa-gCloud--12_3_2018,_2_46_43_PM",fotocasa,gCloud,1543860369000,1991.51,2,0,0,,piece--8-4,Fuenlabrada,1,-3.80137,40.2999,-3.79604,40.2947,-3.79871,40.2973
Fuenlabrada--piece--8-5--gCloud,"scraping-fotocasa-gCloud--12_3_2018,_2_46_43_PM",fotocasa,gCloud,1543860375000,1762.08,23,8.15476,2,,piece--8-5,Fuenlabrada,1,-3.80137,40.2947,-3.79604,40.2894,-3.79871,40.292
Fuenlabrada--piece--8-6--gCloud,"scraping-fotocasa-gCloud--12_3_2018,_2_46_43_PM",fotocasa,gCloud,1543860385000,1652.76,30,9.52269,3,,piece--8-6,Fuenlabrada,1,-3.80137,40.2894,-3.79604,40.2842,-3.79871,40.2868
Fuenlabrada--piece--8-7--gCloud,"scraping-fotocasa-gCloud--12_3_2018,_2_46_43_PM",fotocasa,gCloud,1543860392000,1728.66,25,7.73438,1,,piece--8-7,Fuenlabrada,1,-3.80137,40.2842,-3.79604,40.2789,-3.79871,40.2815
Fuenlabrada--piece--8-8--gCloud,"scraping-fotocasa-gCloud--12_3_2018,_2_46_43_PM",fotocasa,gCloud,1543860399000,1685.87,30,8.71937,5,,piece--8-8,Fuenlabrada,1,-3.80137,40.2789,-3.79604,40.2736,-3.79871,40.2763
Fuenlabrada--piece--9-0--gCloud,"scraping-fotocasa-gCloud--12_3_2018,_2_46_43_PM",fotocasa,gCloud,1543860407000,0,0,0,0,,piece--9-0,Fuenlabrada,1,-3.79604,40.321,-3.79071,40.3157,-3.79337,40.3183
Fuenlabrada--piece--9-1--gCloud,"scraping-fotocasa-gCloud--12_3_2018,_2_46_43_PM",fotocasa,gCloud,1543860419000,1672.46,2,0,0,,piece--9-1,Fuenlabrada,1,-3.79604,40.3157,-3.79071,40.3104,-3.79337,40.3131
Fuenlabrada--piece--9-2--gCloud,"scraping-fotocasa-gCloud--12_3_2018,_2_46_43_PM",fotocasa,gCloud,1543860424000,0,0,0,0,,piece--9-2,Fuenlabrada,1,-3.79604,40.3104,-3.79071,40.3052,-3.79337,40.3078
Fuenlabrada--piece--9-3--gCloud,"scraping-fotocasa-gCloud--12_3_2018,_2_46_43_PM",fotocasa,gCloud,1543860430000,0,0,0,0,,piece--9-3,Fuenlabrada,1,-3.79604,40.3052,-3.79071,40.2999,-3.79337,40.3026
Fuenlabrada--piece--9-4--gCloud,"scraping-fotocasa-gCloud--12_3_2018,_2_46_43_PM",fotocasa,gCloud,1543860438000,1767.04,4,0,0,,piece--9-4,Fuenlabrada,1,-3.79604,40.2999,-3.79071,40.2947,-3.79337,40.2973
Fuenlabrada--piece--9-5--gCloud,"scraping-fotocasa-gCloud--12_3_2018,_2_46_43_PM",fotocasa,gCloud,1543860445000,1887.61,29,9.44444,2,,piece--9-5,Fuenlabrada,1,-3.79604,40.2947,-3.79071,40.2894,-3.79337,40.292
Fuenlabrada--piece--9-6--gCloud,"scraping-fotocasa-gCloud--12_3_2018,_2_46_43_PM",fotocasa,gCloud,1543860453000,1603.8,30,8.60621,5,,piece--9-6,Fuenlabrada,1,-3.79604,40.2894,-3.79071,40.2842,-3.79337,40.2868
Fuenlabrada--piece--9-7--gCloud,"scraping-fotocasa-gCloud--12_3_2018,_2_46_43_PM",fotocasa,gCloud,1543860463000,1614.23,28,6.72511,2,,piece--9-7,Fuenlabrada,1,-3.79604,40.2842,-3.79071,40.2789,-3.79337,40.2815
Fuenlabrada--piece--9-8--gCloud,"scraping-fotocasa-gCloud--12_3_2018,_2_46_43_PM",fotocasa,gCloud,1543860473000,1758.84,19,0,0,,piece--9-8,Fuenlabrada,1,-3.79604,40.2789,-3.79071,40.2736,-3.79337,40.2763
