piece_id,scraping_id,app_id,device_id,date_scraped,average_prize_buy,number_of_ads_buy,average_prize_rent,number_of_ads_rent,extra_data,piece_name,city_name,scraped,bounding_box1_x,bounding_box1_y,bounding_box2_x,bounding_box2_y,center_point_x,center_point_y,geojson_coordinates,method
Galapagar--piece--0-0--gCloud,"scraping-fotocasa-gCloud--12_7_2018,_7_11_51_AM",fotocasa,gCloud,1544178978000,1051.25,3,0,0,,piece--0-0,Galapagar,1,-4.01612,40.5881,-4.01085,40.583,-4.01348,40.5855,,
Galapagar--piece--0-1--gCloud,"scraping-fotocasa-gCloud--12_7_2018,_7_11_51_AM",fotocasa,gCloud,1544178984000,1617.18,5,0,0,,piece--0-1,Galapagar,1,-4.01612,40.583,-4.01085,40.5778,-4.01348,40.5804,,
Galapagar--piece--0-2--gCloud,"scraping-fotocasa-gCloud--12_7_2018,_7_11_51_AM",fotocasa,gCloud,1544178992000,1554.73,6,0,0,,piece--0-2,Galapagar,1,-4.01612,40.5778,-4.01085,40.5726,-4.01348,40.5752,,
Galapagar--piece--0-3--gCloud,"scraping-fotocasa-gCloud--12_7_2018,_7_11_51_AM",fotocasa,gCloud,1544179000000,0,0,0,0,,piece--0-3,Galapagar,1,-4.01612,40.5726,-4.01085,40.5674,-4.01348,40.57,,
Galapagar--piece--0-4--gCloud,"scraping-fotocasa-gCloud--12_7_2018,_7_11_51_AM",fotocasa,gCloud,1544179015000,1.51777,1,0,0,,piece--0-4,Galapagar,1,-4.01612,40.5674,-4.01085,40.5623,-4.01348,40.5649,,
Galapagar--piece--1-0--gCloud,"scraping-fotocasa-gCloud--12_7_2018,_7_11_51_AM",fotocasa,gCloud,1544179025000,0,0,9,1,,piece--1-0,Galapagar,1,-4.01085,40.5881,-4.00559,40.583,-4.00822,40.5855,,
Galapagar--piece--1-1--gCloud,"scraping-fotocasa-gCloud--12_7_2018,_7_11_51_AM",fotocasa,gCloud,1544179038000,1729.45,16,0,0,,piece--1-1,Galapagar,1,-4.01085,40.583,-4.00559,40.5778,-4.00822,40.5804,,
Galapagar--piece--1-2--gCloud,"scraping-fotocasa-gCloud--12_7_2018,_7_11_51_AM",fotocasa,gCloud,1544179050000,1555.64,30,9.09091,1,,piece--1-2,Galapagar,1,-4.01085,40.5778,-4.00559,40.5726,-4.00822,40.5752,,
Galapagar--piece--1-3--gCloud,"scraping-fotocasa-gCloud--12_7_2018,_7_11_51_AM",fotocasa,gCloud,1544179056000,1571.67,4,0,0,,piece--1-3,Galapagar,1,-4.01085,40.5726,-4.00559,40.5674,-4.00822,40.57,,
Galapagar--piece--1-4--gCloud,"scraping-fotocasa-gCloud--12_7_2018,_7_11_51_AM",fotocasa,gCloud,1544179068000,1543.33,3,0,0,,piece--1-4,Galapagar,1,-4.01085,40.5674,-4.00559,40.5623,-4.00822,40.5649,,
Galapagar--piece--2-0--gCloud,"scraping-fotocasa-gCloud--12_7_2018,_7_11_51_AM",fotocasa,gCloud,1544179080000,0,0,0,0,,piece--2-0,Galapagar,1,-4.00559,40.5881,-4.00033,40.583,-4.00296,40.5855,,
Galapagar--piece--2-1--gCloud,"scraping-fotocasa-gCloud--12_7_2018,_7_11_51_AM",fotocasa,gCloud,1544179086000,1655.82,30,10.2965,3,,piece--2-1,Galapagar,1,-4.00559,40.583,-4.00033,40.5778,-4.00296,40.5804,,
Galapagar--piece--2-2--gCloud,"scraping-fotocasa-gCloud--12_7_2018,_7_11_51_AM",fotocasa,gCloud,1544179097000,1397.63,28,8.68327,10,,piece--2-2,Galapagar,1,-4.00559,40.5778,-4.00033,40.5726,-4.00296,40.5752,,
Galapagar--piece--2-3--gCloud,"scraping-fotocasa-gCloud--12_7_2018,_7_11_51_AM",fotocasa,gCloud,1544179109000,1490.13,3,4.5,1,,piece--2-3,Galapagar,1,-4.00559,40.5726,-4.00033,40.5674,-4.00296,40.57,,
Galapagar--piece--2-4--gCloud,"scraping-fotocasa-gCloud--12_7_2018,_7_11_51_AM",fotocasa,gCloud,1544179118000,1061.31,4,0,0,,piece--2-4,Galapagar,1,-4.00559,40.5674,-4.00033,40.5623,-4.00296,40.5649,,
Galapagar--piece--3-0--gCloud,"scraping-fotocasa-gCloud--12_7_2018,_7_11_51_AM",fotocasa,gCloud,1544179129000,1333.33,1,0,0,,piece--3-0,Galapagar,1,-4.00033,40.5881,-3.99507,40.583,-3.9977,40.5855,,
Galapagar--piece--3-1--gCloud,"scraping-fotocasa-gCloud--12_7_2018,_7_11_51_AM",fotocasa,gCloud,1544179138000,0,0,0,0,,piece--3-1,Galapagar,1,-4.00033,40.583,-3.99507,40.5778,-3.9977,40.5804,,
Galapagar--piece--3-2--gCloud,"scraping-fotocasa-gCloud--12_7_2018,_7_11_51_AM",fotocasa,gCloud,1544179144000,2019.43,9,24.8594,3,,piece--3-2,Galapagar,1,-4.00033,40.5778,-3.99507,40.5726,-3.9977,40.5752,,
Galapagar--piece--3-3--gCloud,"scraping-fotocasa-gCloud--12_7_2018,_7_11_51_AM",fotocasa,gCloud,1544179150000,1676.52,6,0,0,,piece--3-3,Galapagar,1,-4.00033,40.5726,-3.99507,40.5674,-3.9977,40.57,,
Galapagar--piece--3-4--gCloud,"scraping-fotocasa-gCloud--12_7_2018,_7_11_51_AM",fotocasa,gCloud,1544179157000,1730.47,4,0,0,,piece--3-4,Galapagar,1,-4.00033,40.5674,-3.99507,40.5623,-3.9977,40.5649,,
Galapagar--piece--4-0--gCloud,"scraping-fotocasa-gCloud--12_7_2018,_7_11_51_AM",fotocasa,gCloud,1544179162000,1503.69,4,0,0,,piece--4-0,Galapagar,1,-3.99507,40.5881,-3.98981,40.583,-3.99244,40.5855,,
Galapagar--piece--4-1--gCloud,"scraping-fotocasa-gCloud--12_7_2018,_7_11_51_AM",fotocasa,gCloud,1544179174000,1235.58,4,4.79705,1,,piece--4-1,Galapagar,1,-3.99507,40.583,-3.98981,40.5778,-3.99244,40.5804,,
Galapagar--piece--4-2--gCloud,"scraping-fotocasa-gCloud--12_7_2018,_7_11_51_AM",fotocasa,gCloud,1544179183000,0,0,0,0,,piece--4-2,Galapagar,1,-3.99507,40.5778,-3.98981,40.5726,-3.99244,40.5752,,
Galapagar--piece--4-3--gCloud,"scraping-fotocasa-gCloud--12_7_2018,_7_11_51_AM",fotocasa,gCloud,1544179188000,1575,2,0,0,,piece--4-3,Galapagar,1,-3.99507,40.5726,-3.98981,40.5674,-3.99244,40.57,,
Galapagar--piece--4-4--gCloud,"scraping-fotocasa-gCloud--12_7_2018,_7_11_51_AM",fotocasa,gCloud,1544179196000,0,0,0,0,,piece--4-4,Galapagar,1,-3.99507,40.5674,-3.98981,40.5623,-3.99244,40.5649,,
Galapagar--piece--5-0--gCloud,"scraping-fotocasa-gCloud--12_7_2018,_7_11_51_AM",fotocasa,gCloud,1544179204000,1509.78,2,5.55556,1,,piece--5-0,Galapagar,1,-3.98981,40.5881,-3.98454,40.583,-3.98718,40.5855,,
Galapagar--piece--5-1--gCloud,"scraping-fotocasa-gCloud--12_7_2018,_7_11_51_AM",fotocasa,gCloud,1544179209000,1786.73,4,0,0,,piece--5-1,Galapagar,1,-3.98981,40.583,-3.98454,40.5778,-3.98718,40.5804,,
Galapagar--piece--5-2--gCloud,"scraping-fotocasa-gCloud--12_7_2018,_7_11_51_AM",fotocasa,gCloud,1544179215000,0,0,0,0,,piece--5-2,Galapagar,1,-3.98981,40.5778,-3.98454,40.5726,-3.98718,40.5752,,
Galapagar--piece--5-3--gCloud,"scraping-fotocasa-gCloud--12_7_2018,_7_11_51_AM",fotocasa,gCloud,1544179225000,1333.33,1,0,0,,piece--5-3,Galapagar,1,-3.98981,40.5726,-3.98454,40.5674,-3.98718,40.57,,
Galapagar--piece--5-4--gCloud,"scraping-fotocasa-gCloud--12_7_2018,_7_11_51_AM",fotocasa,gCloud,1544179238000,0,0,0,0,,piece--5-4,Galapagar,1,-3.98981,40.5674,-3.98454,40.5623,-3.98718,40.5649,,
