piece_id,scraping_id,app_id,device_id,date_scraped,average_prize_buy,number_of_ads_buy,average_prize_rent,number_of_ads_rent,extra_data,piece_name,city_name,scraped,bounding_box1_x,bounding_box1_y,bounding_box2_x,bounding_box2_y,center_point_x,center_point_y,geojson_coordinates,method
Getafe--piece--0-0--gCloud,"scraping-fotocasa-gCloud--12_7_2018,_7_11_51_AM",fotocasa,gCloud,1544179244000,1792.08,26,9.58974,2,,piece--0-0,Getafe,1,-3.76126,40.33,-3.75589,40.325,-3.75857,40.3275,,
Getafe--piece--0-1--gCloud,"scraping-fotocasa-gCloud--12_7_2018,_7_11_51_AM",fotocasa,gCloud,1544179256000,1975.78,2,0,0,,piece--0-1,Getafe,1,-3.76126,40.325,-3.75589,40.32,-3.75857,40.3225,,
Getafe--piece--0-2--gCloud,"scraping-fotocasa-gCloud--12_7_2018,_7_11_51_AM",fotocasa,gCloud,1544179270000,2025,6,9.72222,1,,piece--0-2,Getafe,1,-3.76126,40.32,-3.75589,40.315,-3.75857,40.3175,,
Getafe--piece--0-3--gCloud,"scraping-fotocasa-gCloud--12_7_2018,_7_11_51_AM",fotocasa,gCloud,1544179277000,1319.62,1,0,0,,piece--0-3,Getafe,1,-3.76126,40.315,-3.75589,40.31,-3.75857,40.3125,,
Getafe--piece--0-4--gCloud,"scraping-fotocasa-gCloud--12_7_2018,_7_11_51_AM",fotocasa,gCloud,1544179282000,0,0,0,0,,piece--0-4,Getafe,1,-3.76126,40.31,-3.75589,40.305,-3.75857,40.3075,,
Getafe--piece--0-5--gCloud,"scraping-fotocasa-gCloud--12_7_2018,_7_11_51_AM",fotocasa,gCloud,1544179292000,0,0,0,0,,piece--0-5,Getafe,1,-3.76126,40.305,-3.75589,40.2999,-3.75857,40.3025,,
Getafe--piece--0-6--gCloud,"scraping-fotocasa-gCloud--12_7_2018,_7_11_51_AM",fotocasa,gCloud,1544179300000,2440.7,1,0,0,,piece--0-6,Getafe,1,-3.76126,40.2999,-3.75589,40.2949,-3.75857,40.2974,,
Getafe--piece--0-7--gCloud,"scraping-fotocasa-gCloud--12_7_2018,_7_11_51_AM",fotocasa,gCloud,1544179306000,1753.79,6,0,0,,piece--0-7,Getafe,1,-3.76126,40.2949,-3.75589,40.2899,-3.75857,40.2924,,
Getafe--piece--0-8--gCloud,"scraping-fotocasa-gCloud--12_7_2018,_7_11_51_AM",fotocasa,gCloud,1544179314000,2076.19,3,0,0,,piece--0-8,Getafe,1,-3.76126,40.2899,-3.75589,40.2849,-3.75857,40.2874,,
Getafe--piece--0-9--gCloud,"scraping-fotocasa-gCloud--12_7_2018,_7_11_51_AM",fotocasa,gCloud,1544179323000,0,0,0,0,,piece--0-9,Getafe,1,-3.76126,40.2849,-3.75589,40.2799,-3.75857,40.2824,,
Getafe--piece--1-0--gCloud,"scraping-fotocasa-gCloud--12_7_2018,_7_11_51_AM",fotocasa,gCloud,1544179331000,1969.45,11,15,1,,piece--1-0,Getafe,1,-3.75589,40.33,-3.75052,40.325,-3.7532,40.3275,,
Getafe--piece--1-1--gCloud,"scraping-fotocasa-gCloud--12_7_2018,_7_11_51_AM",fotocasa,gCloud,1544179340000,2799.51,5,7.77778,1,,piece--1-1,Getafe,1,-3.75589,40.325,-3.75052,40.32,-3.7532,40.3225,,
Getafe--piece--1-2--gCloud,"scraping-fotocasa-gCloud--12_7_2018,_7_11_51_AM",fotocasa,gCloud,1544179349000,2425.31,17,0,0,,piece--1-2,Getafe,1,-3.75589,40.32,-3.75052,40.315,-3.7532,40.3175,,
Getafe--piece--1-3--gCloud,"scraping-fotocasa-gCloud--12_7_2018,_7_11_51_AM",fotocasa,gCloud,1544179355000,0,0,0,0,,piece--1-3,Getafe,1,-3.75589,40.315,-3.75052,40.31,-3.7532,40.3125,,
Getafe--piece--1-4--gCloud,"scraping-fotocasa-gCloud--12_7_2018,_7_11_51_AM",fotocasa,gCloud,1544179363000,0,0,0,0,,piece--1-4,Getafe,1,-3.75589,40.31,-3.75052,40.305,-3.7532,40.3075,,
Getafe--piece--1-5--gCloud,"scraping-fotocasa-gCloud--12_7_2018,_7_11_51_AM",fotocasa,gCloud,1544179369000,2123,1,10.7143,1,,piece--1-5,Getafe,1,-3.75589,40.305,-3.75052,40.2999,-3.7532,40.3025,,
Getafe--piece--1-6--gCloud,"scraping-fotocasa-gCloud--12_7_2018,_7_11_51_AM",fotocasa,gCloud,1544179377000,2423.51,7,0,0,,piece--1-6,Getafe,1,-3.75589,40.2999,-3.75052,40.2949,-3.7532,40.2974,,
Getafe--piece--1-7--gCloud,"scraping-fotocasa-gCloud--12_7_2018,_7_11_51_AM",fotocasa,gCloud,1544179385000,1972.48,1,0,0,,piece--1-7,Getafe,1,-3.75589,40.2949,-3.75052,40.2899,-3.7532,40.2924,,
Getafe--piece--1-8--gCloud,"scraping-fotocasa-gCloud--12_7_2018,_7_11_51_AM",fotocasa,gCloud,1544179394000,1513.14,8,0,0,,piece--1-8,Getafe,1,-3.75589,40.2899,-3.75052,40.2849,-3.7532,40.2874,,
Getafe--piece--1-9--gCloud,"scraping-fotocasa-gCloud--12_7_2018,_7_11_51_AM",fotocasa,gCloud,1544179403000,1790.56,10,6.04167,1,,piece--1-9,Getafe,1,-3.75589,40.2849,-3.75052,40.2799,-3.7532,40.2824,,
Getafe--piece--2-0--gCloud,"scraping-fotocasa-gCloud--12_7_2018,_7_11_51_AM",fotocasa,gCloud,1544179408000,0,0,0,0,,piece--2-0,Getafe,1,-3.75052,40.33,-3.74514,40.325,-3.74783,40.3275,,
Getafe--piece--2-1--gCloud,"scraping-fotocasa-gCloud--12_7_2018,_7_11_51_AM",fotocasa,gCloud,1544179419000,0,0,0,0,,piece--2-1,Getafe,1,-3.75052,40.325,-3.74514,40.32,-3.74783,40.3225,,
Getafe--piece--2-2--gCloud,"scraping-fotocasa-gCloud--12_7_2018,_7_11_51_AM",fotocasa,gCloud,1544179425000,0,0,0,0,,piece--2-2,Getafe,1,-3.75052,40.32,-3.74514,40.315,-3.74783,40.3175,,
Getafe--piece--2-3--gCloud,"scraping-fotocasa-gCloud--12_7_2018,_7_11_51_AM",fotocasa,gCloud,1544179434000,0,0,0,0,,piece--2-3,Getafe,1,-3.75052,40.315,-3.74514,40.31,-3.74783,40.3125,,
Getafe--piece--2-4--gCloud,"scraping-fotocasa-gCloud--12_7_2018,_7_11_51_AM",fotocasa,gCloud,1544179442000,0,0,9.86667,1,,piece--2-4,Getafe,1,-3.75052,40.31,-3.74514,40.305,-3.74783,40.3075,,
Getafe--piece--2-5--gCloud,"scraping-fotocasa-gCloud--12_7_2018,_7_11_51_AM",fotocasa,gCloud,1544179454000,0,0,7.95172,2,,piece--2-5,Getafe,1,-3.75052,40.305,-3.74514,40.2999,-3.74783,40.3025,,
Getafe--piece--2-6--gCloud,"scraping-fotocasa-gCloud--12_7_2018,_7_11_51_AM",fotocasa,gCloud,1544179460000,1236.4,2,0,0,,piece--2-6,Getafe,1,-3.75052,40.2999,-3.74514,40.2949,-3.74783,40.2974,,
Getafe--piece--2-7--gCloud,"scraping-fotocasa-gCloud--12_7_2018,_7_11_51_AM",fotocasa,gCloud,1544179468000,0,0,0,0,,piece--2-7,Getafe,1,-3.75052,40.2949,-3.74514,40.2899,-3.74783,40.2924,,
Getafe--piece--2-8--gCloud,"scraping-fotocasa-gCloud--12_7_2018,_7_11_51_AM",fotocasa,gCloud,1544179477000,1836.16,1,0,0,,piece--2-8,Getafe,1,-3.75052,40.2899,-3.74514,40.2849,-3.74783,40.2874,,
Getafe--piece--2-9--gCloud,"scraping-fotocasa-gCloud--12_7_2018,_7_11_51_AM",fotocasa,gCloud,1544179486000,1745.44,6,4.10959,1,,piece--2-9,Getafe,1,-3.75052,40.2849,-3.74514,40.2799,-3.74783,40.2824,,
Getafe--piece--3-0--gCloud,"scraping-fotocasa-gCloud--12_7_2018,_7_11_51_AM",fotocasa,gCloud,1544179495000,0,0,0,0,,piece--3-0,Getafe,1,-3.74514,40.33,-3.73977,40.325,-3.74246,40.3275,,
Getafe--piece--3-1--gCloud,"scraping-fotocasa-gCloud--12_7_2018,_7_11_51_AM",fotocasa,gCloud,1544179500000,2016.38,2,0,0,,piece--3-1,Getafe,1,-3.74514,40.325,-3.73977,40.32,-3.74246,40.3225,,
Getafe--piece--3-2--gCloud,"scraping-fotocasa-gCloud--12_7_2018,_7_11_51_AM",fotocasa,gCloud,1544179509000,1606.13,12,0,0,,piece--3-2,Getafe,1,-3.74514,40.32,-3.73977,40.315,-3.74246,40.3175,,
Getafe--piece--3-3--gCloud,"scraping-fotocasa-gCloud--12_7_2018,_7_11_51_AM",fotocasa,gCloud,1544179514000,0,0,0,0,,piece--3-3,Getafe,1,-3.74514,40.315,-3.73977,40.31,-3.74246,40.3125,,
Getafe--piece--3-4--gCloud,"scraping-fotocasa-gCloud--12_7_2018,_7_11_51_AM",fotocasa,gCloud,1544179522000,2250.44,2,0,0,,piece--3-4,Getafe,1,-3.74514,40.31,-3.73977,40.305,-3.74246,40.3075,,
Getafe--piece--3-5--gCloud,"scraping-fotocasa-gCloud--12_7_2018,_7_11_51_AM",fotocasa,gCloud,1544179527000,1250,1,0,0,,piece--3-5,Getafe,1,-3.74514,40.305,-3.73977,40.2999,-3.74246,40.3025,,
Getafe--piece--3-6--gCloud,"scraping-fotocasa-gCloud--12_7_2018,_7_11_51_AM",fotocasa,gCloud,1544179533000,1594.46,5,0,0,,piece--3-6,Getafe,1,-3.74514,40.2999,-3.73977,40.2949,-3.74246,40.2974,,
Getafe--piece--3-7--gCloud,"scraping-fotocasa-gCloud--12_7_2018,_7_11_51_AM",fotocasa,gCloud,1544179542000,1698.7,8,0,0,,piece--3-7,Getafe,1,-3.74514,40.2949,-3.73977,40.2899,-3.74246,40.2924,,
Getafe--piece--3-8--gCloud,"scraping-fotocasa-gCloud--12_7_2018,_7_11_51_AM",fotocasa,gCloud,1544179548000,1834.44,3,6.66667,1,,piece--3-8,Getafe,1,-3.74514,40.2899,-3.73977,40.2849,-3.74246,40.2874,,
Getafe--piece--3-9--gCloud,"scraping-fotocasa-gCloud--12_7_2018,_7_11_51_AM",fotocasa,gCloud,1544179559000,0,0,0,0,,piece--3-9,Getafe,1,-3.74514,40.2849,-3.73977,40.2799,-3.74246,40.2824,,
Getafe--piece--4-0--gCloud,"scraping-fotocasa-gCloud--12_7_2018,_7_11_51_AM",fotocasa,gCloud,1544179567000,1909.09,1,0,0,,piece--4-0,Getafe,1,-3.73977,40.33,-3.7344,40.325,-3.73709,40.3275,,
Getafe--piece--4-1--gCloud,"scraping-fotocasa-gCloud--12_7_2018,_7_11_51_AM",fotocasa,gCloud,1544179574000,1927.76,11,11.1376,3,,piece--4-1,Getafe,1,-3.73977,40.325,-3.7344,40.32,-3.73709,40.3225,,
Getafe--piece--4-2--gCloud,"scraping-fotocasa-gCloud--12_7_2018,_7_11_51_AM",fotocasa,gCloud,1544179585000,2582.76,4,10.5556,1,,piece--4-2,Getafe,1,-3.73977,40.32,-3.7344,40.315,-3.73709,40.3175,,
Getafe--piece--4-3--gCloud,"scraping-fotocasa-gCloud--12_7_2018,_7_11_51_AM",fotocasa,gCloud,1544179591000,1805.51,4,10.2632,1,,piece--4-3,Getafe,1,-3.73977,40.315,-3.7344,40.31,-3.73709,40.3125,,
Getafe--piece--4-4--gCloud,"scraping-fotocasa-gCloud--12_7_2018,_7_11_51_AM",fotocasa,gCloud,1544179601000,1906.3,30,0,0,,piece--4-4,Getafe,1,-3.73977,40.31,-3.7344,40.305,-3.73709,40.3075,,
Getafe--piece--4-5--gCloud,"scraping-fotocasa-gCloud--12_7_2018,_7_11_51_AM",fotocasa,gCloud,1544179608000,1835.07,30,12.4815,3,,piece--4-5,Getafe,1,-3.73977,40.305,-3.7344,40.2999,-3.73709,40.3025,,
Getafe--piece--4-6--gCloud,"scraping-fotocasa-gCloud--12_7_2018,_7_11_51_AM",fotocasa,gCloud,1544179614000,1544.47,5,0,0,,piece--4-6,Getafe,1,-3.73977,40.2999,-3.7344,40.2949,-3.73709,40.2974,,
Getafe--piece--4-7--gCloud,"scraping-fotocasa-gCloud--12_7_2018,_7_11_51_AM",fotocasa,gCloud,1544179620000,1875,1,0,0,,piece--4-7,Getafe,1,-3.73977,40.2949,-3.7344,40.2899,-3.73709,40.2924,,
Getafe--piece--4-8--gCloud,"scraping-fotocasa-gCloud--12_7_2018,_7_11_51_AM",fotocasa,gCloud,1544179625000,0,0,0,0,,piece--4-8,Getafe,1,-3.73977,40.2899,-3.7344,40.2849,-3.73709,40.2874,,
Getafe--piece--4-9--gCloud,"scraping-fotocasa-gCloud--12_7_2018,_7_11_51_AM",fotocasa,gCloud,1544179633000,0,0,0,0,,piece--4-9,Getafe,1,-3.73977,40.2849,-3.7344,40.2799,-3.73709,40.2824,,
Getafe--piece--5-0--gCloud,"scraping-fotocasa-gCloud--12_7_2018,_7_11_51_AM",fotocasa,gCloud,1544179643000,2884.02,23,10.3172,3,,piece--5-0,Getafe,1,-3.7344,40.33,-3.72903,40.325,-3.73172,40.3275,,
Getafe--piece--5-1--gCloud,"scraping-fotocasa-gCloud--12_7_2018,_7_11_51_AM",fotocasa,gCloud,1544179652000,2642.3,4,8.12381,2,,piece--5-1,Getafe,1,-3.7344,40.325,-3.72903,40.32,-3.73172,40.3225,,
Getafe--piece--5-2--gCloud,"scraping-fotocasa-gCloud--12_7_2018,_7_11_51_AM",fotocasa,gCloud,1544179660000,2546.69,7,8.82353,2,,piece--5-2,Getafe,1,-3.7344,40.32,-3.72903,40.315,-3.73172,40.3175,,
Getafe--piece--5-3--gCloud,"scraping-fotocasa-gCloud--12_7_2018,_7_11_51_AM",fotocasa,gCloud,1544179674000,2118.1,15,9.96978,4,,piece--5-3,Getafe,1,-3.7344,40.315,-3.72903,40.31,-3.73172,40.3125,,
Getafe--piece--5-4--gCloud,"scraping-fotocasa-gCloud--12_7_2018,_7_11_51_AM",fotocasa,gCloud,1544179684000,2888.78,30,10.4582,5,,piece--5-4,Getafe,1,-3.7344,40.31,-3.72903,40.305,-3.73172,40.3075,,
Getafe--piece--5-5--gCloud,"scraping-fotocasa-gCloud--12_7_2018,_7_11_51_AM",fotocasa,gCloud,1544179692000,1820.01,29,9.26109,5,,piece--5-5,Getafe,1,-3.7344,40.305,-3.72903,40.2999,-3.73172,40.3025,,
Getafe--piece--5-6--gCloud,"scraping-fotocasa-gCloud--12_7_2018,_7_11_51_AM",fotocasa,gCloud,1544179701000,2054.78,8,0,0,,piece--5-6,Getafe,1,-3.7344,40.2999,-3.72903,40.2949,-3.73172,40.2974,,
Getafe--piece--5-7--gCloud,"scraping-fotocasa-gCloud--12_7_2018,_7_11_51_AM",fotocasa,gCloud,1544179706000,0,0,0,0,,piece--5-7,Getafe,1,-3.7344,40.2949,-3.72903,40.2899,-3.73172,40.2924,,
Getafe--piece--5-8--gCloud,"scraping-fotocasa-gCloud--12_7_2018,_7_11_51_AM",fotocasa,gCloud,1544179717000,0,0,9,1,,piece--5-8,Getafe,1,-3.7344,40.2899,-3.72903,40.2849,-3.73172,40.2874,,
Getafe--piece--5-9--gCloud,"scraping-fotocasa-gCloud--12_7_2018,_7_11_51_AM",fotocasa,gCloud,1544179735000,0,0,0,0,,piece--5-9,Getafe,1,-3.7344,40.2849,-3.72903,40.2799,-3.73172,40.2824,,
Getafe--piece--6-0--gCloud,"scraping-fotocasa-gCloud--12_7_2018,_7_11_51_AM",fotocasa,gCloud,1544179744000,1638.36,1,0,0,,piece--6-0,Getafe,1,-3.72903,40.33,-3.72366,40.325,-3.72634,40.3275,,
Getafe--piece--6-1--gCloud,"scraping-fotocasa-gCloud--12_7_2018,_7_11_51_AM",fotocasa,gCloud,1544179749000,3014.73,3,0,0,,piece--6-1,Getafe,1,-3.72903,40.325,-3.72366,40.32,-3.72634,40.3225,,
Getafe--piece--6-2--gCloud,"scraping-fotocasa-gCloud--12_7_2018,_7_11_51_AM",fotocasa,gCloud,1544179758000,2256.43,13,9.59869,3,,piece--6-2,Getafe,1,-3.72903,40.32,-3.72366,40.315,-3.72634,40.3175,,
Getafe--piece--6-3--gCloud,"scraping-fotocasa-gCloud--12_7_2018,_7_11_51_AM",fotocasa,gCloud,1544179765000,1953.81,30,9.48479,10,,piece--6-3,Getafe,1,-3.72903,40.315,-3.72366,40.31,-3.72634,40.3125,,
Getafe--piece--6-4--gCloud,"scraping-fotocasa-gCloud--12_7_2018,_7_11_51_AM",fotocasa,gCloud,1544179775000,1952.98,30,10.3393,11,,piece--6-4,Getafe,1,-3.72903,40.31,-3.72366,40.305,-3.72634,40.3075,,
Getafe--piece--6-5--gCloud,"scraping-fotocasa-gCloud--12_7_2018,_7_11_51_AM",fotocasa,gCloud,1544179781000,1696.67,12,9.03614,1,,piece--6-5,Getafe,1,-3.72903,40.305,-3.72366,40.2999,-3.72634,40.3025,,
Getafe--piece--6-6--gCloud,"scraping-fotocasa-gCloud--12_7_2018,_7_11_51_AM",fotocasa,gCloud,1544179790000,0,0,0,0,,piece--6-6,Getafe,1,-3.72903,40.2999,-3.72366,40.2949,-3.72634,40.2974,,
Getafe--piece--6-7--gCloud,"scraping-fotocasa-gCloud--12_7_2018,_7_11_51_AM",fotocasa,gCloud,1544179795000,0,0,0,0,,piece--6-7,Getafe,1,-3.72903,40.2949,-3.72366,40.2899,-3.72634,40.2924,,
Getafe--piece--6-8--gCloud,"scraping-fotocasa-gCloud--12_7_2018,_7_11_51_AM",fotocasa,gCloud,1544179800000,0,0,0,0,,piece--6-8,Getafe,1,-3.72903,40.2899,-3.72366,40.2849,-3.72634,40.2874,,
Getafe--piece--6-9--gCloud,"scraping-fotocasa-gCloud--12_7_2018,_7_11_51_AM",fotocasa,gCloud,1544179805000,0,0,0,0,,piece--6-9,Getafe,1,-3.72903,40.2849,-3.72366,40.2799,-3.72634,40.2824,,
Getafe--piece--7-0--gCloud,"scraping-fotocasa-gCloud--12_7_2018,_7_11_51_AM",fotocasa,gCloud,1544179814000,2526.69,7,0,0,,piece--7-0,Getafe,1,-3.72366,40.33,-3.71829,40.325,-3.72097,40.3275,,
Getafe--piece--7-1--gCloud,"scraping-fotocasa-gCloud--12_7_2018,_7_11_51_AM",fotocasa,gCloud,1544179820000,1851.03,9,9.1719,4,,piece--7-1,Getafe,1,-3.72366,40.325,-3.71829,40.32,-3.72097,40.3225,,
Getafe--piece--7-2--gCloud,"scraping-fotocasa-gCloud--12_7_2018,_7_11_51_AM",fotocasa,gCloud,1544179829000,2007.53,11,11.1867,2,,piece--7-2,Getafe,1,-3.72366,40.32,-3.71829,40.315,-3.72097,40.3175,,
Getafe--piece--7-3--gCloud,"scraping-fotocasa-gCloud--12_7_2018,_7_11_51_AM",fotocasa,gCloud,1544179842000,1883.61,26,9.2223,6,,piece--7-3,Getafe,1,-3.72366,40.315,-3.71829,40.31,-3.72097,40.3125,,
Getafe--piece--7-4--gCloud,"scraping-fotocasa-gCloud--12_7_2018,_7_11_51_AM",fotocasa,gCloud,1544179848000,1705.36,15,0,0,,piece--7-4,Getafe,1,-3.72366,40.31,-3.71829,40.305,-3.72097,40.3075,,
Getafe--piece--7-5--gCloud,"scraping-fotocasa-gCloud--12_7_2018,_7_11_51_AM",fotocasa,gCloud,1544179856000,0,0,0,0,,piece--7-5,Getafe,1,-3.72366,40.305,-3.71829,40.2999,-3.72097,40.3025,,
Getafe--piece--7-6--gCloud,"scraping-fotocasa-gCloud--12_7_2018,_7_11_51_AM",fotocasa,gCloud,1544179867000,0,0,0,0,,piece--7-6,Getafe,1,-3.72366,40.2999,-3.71829,40.2949,-3.72097,40.2974,,
Getafe--piece--7-7--gCloud,"scraping-fotocasa-gCloud--12_7_2018,_7_11_51_AM",fotocasa,gCloud,1544179875000,0,0,0,0,,piece--7-7,Getafe,1,-3.72366,40.2949,-3.71829,40.2899,-3.72097,40.2924,,
Getafe--piece--7-8--gCloud,"scraping-fotocasa-gCloud--12_7_2018,_7_11_51_AM",fotocasa,gCloud,1544179880000,0,0,0,0,,piece--7-8,Getafe,1,-3.72366,40.2899,-3.71829,40.2849,-3.72097,40.2874,,
Getafe--piece--7-9--gCloud,"scraping-fotocasa-gCloud--12_7_2018,_7_11_51_AM",fotocasa,gCloud,1544179885000,0,0,0,0,,piece--7-9,Getafe,1,-3.72366,40.2849,-3.71829,40.2799,-3.72097,40.2824,,
Getafe--piece--8-0--gCloud,"scraping-fotocasa-gCloud--12_7_2018,_7_11_51_AM",fotocasa,gCloud,1544179890000,2400,1,0,0,,piece--8-0,Getafe,1,-3.71829,40.33,-3.71292,40.325,-3.7156,40.3275,,
Getafe--piece--8-1--gCloud,"scraping-fotocasa-gCloud--12_7_2018,_7_11_51_AM",fotocasa,gCloud,1544179896000,2030.65,7,4.61538,1,,piece--8-1,Getafe,1,-3.71829,40.325,-3.71292,40.32,-3.7156,40.3225,,
Getafe--piece--8-2--gCloud,"scraping-fotocasa-gCloud--12_7_2018,_7_11_51_AM",fotocasa,gCloud,1544179905000,1801.57,11,8.33333,1,,piece--8-2,Getafe,1,-3.71829,40.32,-3.71292,40.315,-3.7156,40.3175,,
Getafe--piece--8-3--gCloud,"scraping-fotocasa-gCloud--12_7_2018,_7_11_51_AM",fotocasa,gCloud,1544179914000,1807.85,29,0,0,,piece--8-3,Getafe,1,-3.71829,40.315,-3.71292,40.31,-3.7156,40.3125,,
Getafe--piece--8-4--gCloud,"scraping-fotocasa-gCloud--12_7_2018,_7_11_51_AM",fotocasa,gCloud,1544179923000,1772.58,22,0,0,,piece--8-4,Getafe,1,-3.71829,40.31,-3.71292,40.305,-3.7156,40.3075,,
Getafe--piece--8-5--gCloud,"scraping-fotocasa-gCloud--12_7_2018,_7_11_51_AM",fotocasa,gCloud,1544179931000,0,0,0,0,,piece--8-5,Getafe,1,-3.71829,40.305,-3.71292,40.2999,-3.7156,40.3025,,
Getafe--piece--8-6--gCloud,"scraping-fotocasa-gCloud--12_7_2018,_7_11_51_AM",fotocasa,gCloud,1544179940000,0,0,0,0,,piece--8-6,Getafe,1,-3.71829,40.2999,-3.71292,40.2949,-3.7156,40.2974,,
Getafe--piece--8-7--gCloud,"scraping-fotocasa-gCloud--12_7_2018,_7_11_51_AM",fotocasa,gCloud,1544179945000,0,0,0,0,,piece--8-7,Getafe,1,-3.71829,40.2949,-3.71292,40.2899,-3.7156,40.2924,,
Getafe--piece--8-8--gCloud,"scraping-fotocasa-gCloud--12_7_2018,_7_11_51_AM",fotocasa,gCloud,1544179954000,0,0,0,0,,piece--8-8,Getafe,1,-3.71829,40.2899,-3.71292,40.2849,-3.7156,40.2874,,
Getafe--piece--8-9--gCloud,"scraping-fotocasa-gCloud--12_7_2018,_7_11_51_AM",fotocasa,gCloud,1544179959000,0,0,0,0,,piece--8-9,Getafe,1,-3.71829,40.2849,-3.71292,40.2799,-3.7156,40.2824,,
Getafe--piece--9-0--gCloud,"scraping-fotocasa-gCloud--12_7_2018,_7_11_51_AM",fotocasa,gCloud,1544179970000,0,0,0,0,,piece--9-0,Getafe,1,-3.71292,40.33,-3.70755,40.325,-3.71023,40.3275,,
Getafe--piece--9-1--gCloud,"scraping-fotocasa-gCloud--12_7_2018,_7_11_51_AM",fotocasa,gCloud,1544179976000,2038.02,2,0,0,,piece--9-1,Getafe,1,-3.71292,40.325,-3.70755,40.32,-3.71023,40.3225,,
Getafe--piece--9-2--gCloud,"scraping-fotocasa-gCloud--12_7_2018,_7_11_51_AM",fotocasa,gCloud,1544179987000,2099.71,7,0,0,,piece--9-2,Getafe,1,-3.71292,40.32,-3.70755,40.315,-3.71023,40.3175,,
Getafe--piece--9-3--gCloud,"scraping-fotocasa-gCloud--12_7_2018,_7_11_51_AM",fotocasa,gCloud,1544179996000,2147.22,2,0,0,,piece--9-3,Getafe,1,-3.71292,40.315,-3.70755,40.31,-3.71023,40.3125,,
Getafe--piece--9-4--gCloud,"scraping-fotocasa-gCloud--12_7_2018,_7_11_51_AM",fotocasa,gCloud,1544180004000,2230.81,2,0,0,,piece--9-4,Getafe,1,-3.71292,40.31,-3.70755,40.305,-3.71023,40.3075,,
Getafe--piece--9-5--gCloud,"scraping-fotocasa-gCloud--12_7_2018,_7_11_51_AM",fotocasa,gCloud,1544180010000,0,0,0,0,,piece--9-5,Getafe,1,-3.71292,40.305,-3.70755,40.2999,-3.71023,40.3025,,
Getafe--piece--9-6--gCloud,"scraping-fotocasa-gCloud--12_7_2018,_7_11_51_AM",fotocasa,gCloud,1544180015000,0,0,0,0,,piece--9-6,Getafe,1,-3.71292,40.2999,-3.70755,40.2949,-3.71023,40.2974,,
Getafe--piece--9-7--gCloud,"scraping-fotocasa-gCloud--12_7_2018,_7_11_51_AM",fotocasa,gCloud,1544180026000,0,0,0,0,,piece--9-7,Getafe,1,-3.71292,40.2949,-3.70755,40.2899,-3.71023,40.2924,,
Getafe--piece--9-8--gCloud,"scraping-fotocasa-gCloud--12_7_2018,_7_11_51_AM",fotocasa,gCloud,1544180031000,0,0,0,0,,piece--9-8,Getafe,1,-3.71292,40.2899,-3.70755,40.2849,-3.71023,40.2874,,
Getafe--piece--9-9--gCloud,"scraping-fotocasa-gCloud--12_7_2018,_7_11_51_AM",fotocasa,gCloud,1544180039000,0,0,0,0,,piece--9-9,Getafe,1,-3.71292,40.2849,-3.70755,40.2799,-3.71023,40.2824,,
