piece_id,scraping_id,app_id,device_id,date_scraped,average_prize_buy,number_of_ads_buy,average_prize_rent,number_of_ads_rent,extra_data,piece_name,city_name,scraped,bounding_box1_x,bounding_box1_y,bounding_box2_x,bounding_box2_y,center_point_x,center_point_y,geojson_coordinates,method
Las Rozas de Madrid--piece--0-0--gCloud,"scraping-fotocasa-gCloud--12_7_2018,_7_11_51_AM",fotocasa,gCloud,1544180048000,2026.35,4,0,0,,piece--0-0,Las Rozas de Madrid,1,-3.94882,40.5676,-3.94365,40.5623,-3.94624,40.565,,
Las Rozas de Madrid--piece--0-1--gCloud,"scraping-fotocasa-gCloud--12_7_2018,_7_11_51_AM",fotocasa,gCloud,1544180057000,0,0,0,0,,piece--0-1,Las Rozas de Madrid,1,-3.94882,40.5623,-3.94365,40.5571,-3.94624,40.5597,,
Las Rozas de Madrid--piece--0-10--gCloud,"scraping-fotocasa-gCloud--12_7_2018,_7_11_51_AM",fotocasa,gCloud,1544180068000,0,0,0,0,,piece--0-10,Las Rozas de Madrid,1,-3.94882,40.5153,-3.94365,40.51,-3.94624,40.5126,,
Las Rozas de Madrid--piece--0-11--gCloud,"scraping-fotocasa-gCloud--12_7_2018,_7_11_51_AM",fotocasa,gCloud,1544180076000,0,0,0,0,,piece--0-11,Las Rozas de Madrid,1,-3.94882,40.51,-3.94365,40.5048,-3.94624,40.5074,,
Las Rozas de Madrid--piece--0-12--gCloud,"scraping-fotocasa-gCloud--12_7_2018,_7_11_51_AM",fotocasa,gCloud,1544180081000,0,0,0,0,,piece--0-12,Las Rozas de Madrid,1,-3.94882,40.5048,-3.94365,40.4996,-3.94624,40.5022,,
Las Rozas de Madrid--piece--0-13--gCloud,"scraping-fotocasa-gCloud--12_7_2018,_7_11_51_AM",fotocasa,gCloud,1544180092000,0,0,0,0,,piece--0-13,Las Rozas de Madrid,1,-3.94882,40.4996,-3.94365,40.4943,-3.94624,40.497,,
Las Rozas de Madrid--piece--0-14--gCloud,"scraping-fotocasa-gCloud--12_7_2018,_7_11_51_AM",fotocasa,gCloud,1544180098000,1083.03,1,0,0,,piece--0-14,Las Rozas de Madrid,1,-3.94882,40.4943,-3.94365,40.4891,-3.94624,40.4917,,
Las Rozas de Madrid--piece--0-15--gCloud,"scraping-fotocasa-gCloud--12_7_2018,_7_11_51_AM",fotocasa,gCloud,1544180106000,1966.64,4,0,0,,piece--0-15,Las Rozas de Madrid,1,-3.94882,40.4891,-3.94365,40.4839,-3.94624,40.4865,,
Las Rozas de Madrid--piece--0-16--gCloud,"scraping-fotocasa-gCloud--12_7_2018,_7_11_51_AM",fotocasa,gCloud,1544180115000,1453.84,9,0,0,,piece--0-16,Las Rozas de Madrid,1,-3.94882,40.4839,-3.94365,40.4786,-3.94624,40.4813,,
Las Rozas de Madrid--piece--0-2--gCloud,"scraping-fotocasa-gCloud--12_7_2018,_7_11_51_AM",fotocasa,gCloud,1544180120000,0,0,0,0,,piece--0-2,Las Rozas de Madrid,1,-3.94882,40.5571,-3.94365,40.5519,-3.94624,40.5545,,
Las Rozas de Madrid--piece--0-3--gCloud,"scraping-fotocasa-gCloud--12_7_2018,_7_11_51_AM",fotocasa,gCloud,1544180125000,0,0,0,0,,piece--0-3,Las Rozas de Madrid,1,-3.94882,40.5519,-3.94365,40.5467,-3.94624,40.5493,,
Las Rozas de Madrid--piece--0-4--gCloud,"scraping-fotocasa-gCloud--12_7_2018,_7_11_51_AM",fotocasa,gCloud,1544180137000,0,0,0,0,,piece--0-4,Las Rozas de Madrid,1,-3.94882,40.5467,-3.94365,40.5414,-3.94624,40.544,,
Las Rozas de Madrid--piece--0-5--gCloud,"scraping-fotocasa-gCloud--12_7_2018,_7_11_51_AM",fotocasa,gCloud,1544180145000,1079.39,3,7.69231,1,,piece--0-5,Las Rozas de Madrid,1,-3.94882,40.5414,-3.94365,40.5362,-3.94624,40.5388,,
Las Rozas de Madrid--piece--0-6--gCloud,"scraping-fotocasa-gCloud--12_7_2018,_7_11_51_AM",fotocasa,gCloud,1544180154000,0,0,7.73237,3,,piece--0-6,Las Rozas de Madrid,1,-3.94882,40.5362,-3.94365,40.531,-3.94624,40.5336,,
Las Rozas de Madrid--piece--0-7--gCloud,"scraping-fotocasa-gCloud--12_7_2018,_7_11_51_AM",fotocasa,gCloud,1544180159000,0,0,0,0,,piece--0-7,Las Rozas de Madrid,1,-3.94882,40.531,-3.94365,40.5257,-3.94624,40.5283,,
Las Rozas de Madrid--piece--0-8--gCloud,"scraping-fotocasa-gCloud--12_7_2018,_7_11_51_AM",fotocasa,gCloud,1544180165000,0,0,0,0,,piece--0-8,Las Rozas de Madrid,1,-3.94882,40.5257,-3.94365,40.5205,-3.94624,40.5231,,
Las Rozas de Madrid--piece--0-9--gCloud,"scraping-fotocasa-gCloud--12_7_2018,_7_11_51_AM",fotocasa,gCloud,1544180173000,0,0,0,0,,piece--0-9,Las Rozas de Madrid,1,-3.94882,40.5205,-3.94365,40.5153,-3.94624,40.5179,,
Las Rozas de Madrid--piece--1-0--gCloud,"scraping-fotocasa-gCloud--12_7_2018,_7_11_51_AM",fotocasa,gCloud,1544180185000,1567.16,1,0,0,,piece--1-0,Las Rozas de Madrid,1,-3.94365,40.5676,-3.93847,40.5623,-3.94106,40.565,,
Las Rozas de Madrid--piece--1-1--gCloud,"scraping-fotocasa-gCloud--12_7_2018,_7_11_51_AM",fotocasa,gCloud,1544180193000,0,0,0,0,,piece--1-1,Las Rozas de Madrid,1,-3.94365,40.5623,-3.93847,40.5571,-3.94106,40.5597,,
Las Rozas de Madrid--piece--1-10--gCloud,"scraping-fotocasa-gCloud--12_7_2018,_7_11_51_AM",fotocasa,gCloud,1544180201000,0,0,0,0,,piece--1-10,Las Rozas de Madrid,1,-3.94365,40.5153,-3.93847,40.51,-3.94106,40.5126,,
Las Rozas de Madrid--piece--1-11--gCloud,"scraping-fotocasa-gCloud--12_7_2018,_7_11_51_AM",fotocasa,gCloud,1544180213000,0,0,0,0,,piece--1-11,Las Rozas de Madrid,1,-3.94365,40.51,-3.93847,40.5048,-3.94106,40.5074,,
Las Rozas de Madrid--piece--1-12--gCloud,"scraping-fotocasa-gCloud--12_7_2018,_7_11_51_AM",fotocasa,gCloud,1544180221000,0,0,0,0,,piece--1-12,Las Rozas de Madrid,1,-3.94365,40.5048,-3.93847,40.4996,-3.94106,40.5022,,
Las Rozas de Madrid--piece--1-13--gCloud,"scraping-fotocasa-gCloud--12_7_2018,_7_11_51_AM",fotocasa,gCloud,1544180226000,0,0,0,0,,piece--1-13,Las Rozas de Madrid,1,-3.94365,40.4996,-3.93847,40.4943,-3.94106,40.497,,
Las Rozas de Madrid--piece--1-14--gCloud,"scraping-fotocasa-gCloud--12_7_2018,_7_11_51_AM",fotocasa,gCloud,1544180235000,0,0,0,0,,piece--1-14,Las Rozas de Madrid,1,-3.94365,40.4943,-3.93847,40.4891,-3.94106,40.4917,,
Las Rozas de Madrid--piece--1-15--gCloud,"scraping-fotocasa-gCloud--12_7_2018,_7_11_51_AM",fotocasa,gCloud,1544180241000,1446.38,1,0,0,,piece--1-15,Las Rozas de Madrid,1,-3.94365,40.4891,-3.93847,40.4839,-3.94106,40.4865,,
Las Rozas de Madrid--piece--1-16--gCloud,"scraping-fotocasa-gCloud--12_7_2018,_7_11_51_AM",fotocasa,gCloud,1544180250000,1131.27,8,0,0,,piece--1-16,Las Rozas de Madrid,1,-3.94365,40.4839,-3.93847,40.4786,-3.94106,40.4813,,
Las Rozas de Madrid--piece--1-2--gCloud,"scraping-fotocasa-gCloud--12_7_2018,_7_11_51_AM",fotocasa,gCloud,1544180262000,0,0,0,0,,piece--1-2,Las Rozas de Madrid,1,-3.94365,40.5571,-3.93847,40.5519,-3.94106,40.5545,,
Las Rozas de Madrid--piece--1-3--gCloud,"scraping-fotocasa-gCloud--12_7_2018,_7_11_51_AM",fotocasa,gCloud,1544180267000,0,0,0,0,,piece--1-3,Las Rozas de Madrid,1,-3.94365,40.5519,-3.93847,40.5467,-3.94106,40.5493,,
Las Rozas de Madrid--piece--1-4--gCloud,"scraping-fotocasa-gCloud--12_7_2018,_7_11_51_AM",fotocasa,gCloud,1544180276000,0,0,0,0,,piece--1-4,Las Rozas de Madrid,1,-3.94365,40.5467,-3.93847,40.5414,-3.94106,40.544,,
Las Rozas de Madrid--piece--1-5--gCloud,"scraping-fotocasa-gCloud--12_7_2018,_7_11_51_AM",fotocasa,gCloud,1544180288000,552.827,9,17.1429,1,,piece--1-5,Las Rozas de Madrid,1,-3.94365,40.5414,-3.93847,40.5362,-3.94106,40.5388,,
Las Rozas de Madrid--piece--1-6--gCloud,"scraping-fotocasa-gCloud--12_7_2018,_7_11_51_AM",fotocasa,gCloud,1544180296000,1009.44,3,0,0,,piece--1-6,Las Rozas de Madrid,1,-3.94365,40.5362,-3.93847,40.531,-3.94106,40.5336,,
Las Rozas de Madrid--piece--1-7--gCloud,"scraping-fotocasa-gCloud--12_7_2018,_7_11_51_AM",fotocasa,gCloud,1544180302000,1896.55,1,0,0,,piece--1-7,Las Rozas de Madrid,1,-3.94365,40.531,-3.93847,40.5257,-3.94106,40.5283,,
Las Rozas de Madrid--piece--1-8--gCloud,"scraping-fotocasa-gCloud--12_7_2018,_7_11_51_AM",fotocasa,gCloud,1544180307000,0,0,0,0,,piece--1-8,Las Rozas de Madrid,1,-3.94365,40.5257,-3.93847,40.5205,-3.94106,40.5231,,
Las Rozas de Madrid--piece--1-9--gCloud,"scraping-fotocasa-gCloud--12_7_2018,_7_11_51_AM",fotocasa,gCloud,1544180313000,0,0,0,0,,piece--1-9,Las Rozas de Madrid,1,-3.94365,40.5205,-3.93847,40.5153,-3.94106,40.5179,,
Las Rozas de Madrid--piece--10-0--gCloud,"scraping-fotocasa-gCloud--12_7_2018,_7_11_51_AM",fotocasa,gCloud,1544180319000,1778.1,7,0,0,,piece--10-0,Las Rozas de Madrid,1,-3.89707,40.5676,-3.89189,40.5623,-3.89448,40.565,,
Las Rozas de Madrid--piece--10-1--gCloud,"scraping-fotocasa-gCloud--12_7_2018,_7_11_51_AM",fotocasa,gCloud,1544180324000,1740.27,11,7.8443,3,,piece--10-1,Las Rozas de Madrid,1,-3.89707,40.5623,-3.89189,40.5571,-3.89448,40.5597,,
Las Rozas de Madrid--piece--10-10--gCloud,"scraping-fotocasa-gCloud--12_7_2018,_7_11_51_AM",fotocasa,gCloud,1544180330000,0,0,0,0,,piece--10-10,Las Rozas de Madrid,1,-3.89707,40.5153,-3.89189,40.51,-3.89448,40.5126,,
Las Rozas de Madrid--piece--10-11--gCloud,"scraping-fotocasa-gCloud--12_7_2018,_7_11_51_AM",fotocasa,gCloud,1544180339000,3551.02,28,11.2332,6,,piece--10-11,Las Rozas de Madrid,1,-3.89707,40.51,-3.89189,40.5048,-3.89448,40.5074,,
Las Rozas de Madrid--piece--10-12--gCloud,"scraping-fotocasa-gCloud--12_7_2018,_7_11_51_AM",fotocasa,gCloud,1544180351000,3299.45,9,0,0,,piece--10-12,Las Rozas de Madrid,1,-3.89707,40.5048,-3.89189,40.4996,-3.89448,40.5022,,
Las Rozas de Madrid--piece--10-13--gCloud,"scraping-fotocasa-gCloud--12_7_2018,_7_11_51_AM",fotocasa,gCloud,1544180357000,0,0,0,0,,piece--10-13,Las Rozas de Madrid,1,-3.89707,40.4996,-3.89189,40.4943,-3.89448,40.497,,
Las Rozas de Madrid--piece--10-14--gCloud,"scraping-fotocasa-gCloud--12_7_2018,_7_11_51_AM",fotocasa,gCloud,1544180365000,4332.67,1,0,0,,piece--10-14,Las Rozas de Madrid,1,-3.89707,40.4943,-3.89189,40.4891,-3.89448,40.4917,,
Las Rozas de Madrid--piece--10-15--gCloud,"scraping-fotocasa-gCloud--12_7_2018,_7_11_51_AM",fotocasa,gCloud,1544180374000,0,0,0,0,,piece--10-15,Las Rozas de Madrid,1,-3.89707,40.4891,-3.89189,40.4839,-3.89448,40.4865,,
Las Rozas de Madrid--piece--10-16--gCloud,"scraping-fotocasa-gCloud--12_7_2018,_7_11_51_AM",fotocasa,gCloud,1544180379000,0,0,0,0,,piece--10-16,Las Rozas de Madrid,1,-3.89707,40.4839,-3.89189,40.4786,-3.89448,40.4813,,
Las Rozas de Madrid--piece--10-2--gCloud,"scraping-fotocasa-gCloud--12_7_2018,_7_11_51_AM",fotocasa,gCloud,1544180386000,1529.7,8,8.81852,3,,piece--10-2,Las Rozas de Madrid,1,-3.89707,40.5571,-3.89189,40.5519,-3.89448,40.5545,,
Las Rozas de Madrid--piece--10-3--gCloud,"scraping-fotocasa-gCloud--12_7_2018,_7_11_51_AM",fotocasa,gCloud,1544180394000,2413.44,6,0,0,,piece--10-3,Las Rozas de Madrid,1,-3.89707,40.5519,-3.89189,40.5467,-3.89448,40.5493,,
Las Rozas de Madrid--piece--10-4--gCloud,"scraping-fotocasa-gCloud--12_7_2018,_7_11_51_AM",fotocasa,gCloud,1544180400000,1996.36,3,16.6667,1,,piece--10-4,Las Rozas de Madrid,1,-3.89707,40.5467,-3.89189,40.5414,-3.89448,40.544,,
Las Rozas de Madrid--piece--10-5--gCloud,"scraping-fotocasa-gCloud--12_7_2018,_7_11_51_AM",fotocasa,gCloud,1544180412000,2107.9,12,9.96577,7,,piece--10-5,Las Rozas de Madrid,1,-3.89707,40.5414,-3.89189,40.5362,-3.89448,40.5388,,
Las Rozas de Madrid--piece--10-6--gCloud,"scraping-fotocasa-gCloud--12_7_2018,_7_11_51_AM",fotocasa,gCloud,1544180422000,3390.52,9,12.3393,5,,piece--10-6,Las Rozas de Madrid,1,-3.89707,40.5362,-3.89189,40.531,-3.89448,40.5336,,
Las Rozas de Madrid--piece--10-7--gCloud,"scraping-fotocasa-gCloud--12_7_2018,_7_11_51_AM",fotocasa,gCloud,1544180428000,2644.93,1,0,0,,piece--10-7,Las Rozas de Madrid,1,-3.89707,40.531,-3.89189,40.5257,-3.89448,40.5283,,
Las Rozas de Madrid--piece--10-8--gCloud,"scraping-fotocasa-gCloud--12_7_2018,_7_11_51_AM",fotocasa,gCloud,1544180434000,2991.36,9,10.2273,2,,piece--10-8,Las Rozas de Madrid,1,-3.89707,40.5257,-3.89189,40.5205,-3.89448,40.5231,,
Las Rozas de Madrid--piece--10-9--gCloud,"scraping-fotocasa-gCloud--12_7_2018,_7_11_51_AM",fotocasa,gCloud,1544180443000,3402.87,6,11.6786,2,,piece--10-9,Las Rozas de Madrid,1,-3.89707,40.5205,-3.89189,40.5153,-3.89448,40.5179,,
Las Rozas de Madrid--piece--11-0--gCloud,"scraping-fotocasa-gCloud--12_7_2018,_7_11_51_AM",fotocasa,gCloud,1544180455000,1471.71,6,0,0,,piece--11-0,Las Rozas de Madrid,1,-3.89189,40.5676,-3.88672,40.5623,-3.8893,40.565,,
Las Rozas de Madrid--piece--11-1--gCloud,"scraping-fotocasa-gCloud--12_7_2018,_7_11_51_AM",fotocasa,gCloud,1544180463000,1215.84,4,0,0,,piece--11-1,Las Rozas de Madrid,1,-3.89189,40.5623,-3.88672,40.5571,-3.8893,40.5597,,
Las Rozas de Madrid--piece--11-10--gCloud,"scraping-fotocasa-gCloud--12_7_2018,_7_11_51_AM",fotocasa,gCloud,1544180472000,0,0,0,0,,piece--11-10,Las Rozas de Madrid,1,-3.89189,40.5153,-3.88672,40.51,-3.8893,40.5126,,
Las Rozas de Madrid--piece--11-11--gCloud,"scraping-fotocasa-gCloud--12_7_2018,_7_11_51_AM",fotocasa,gCloud,1544180483000,0,0,0,0,,piece--11-11,Las Rozas de Madrid,1,-3.89189,40.51,-3.88672,40.5048,-3.8893,40.5074,,
Las Rozas de Madrid--piece--11-12--gCloud,"scraping-fotocasa-gCloud--12_7_2018,_7_11_51_AM",fotocasa,gCloud,1544180488000,0,0,0,0,,piece--11-12,Las Rozas de Madrid,1,-3.89189,40.5048,-3.88672,40.4996,-3.8893,40.5022,,
Las Rozas de Madrid--piece--11-13--gCloud,"scraping-fotocasa-gCloud--12_7_2018,_7_11_51_AM",fotocasa,gCloud,1544180497000,1559.29,6,7,1,,piece--11-13,Las Rozas de Madrid,1,-3.89189,40.4996,-3.88672,40.4943,-3.8893,40.497,,
Las Rozas de Madrid--piece--11-14--gCloud,"scraping-fotocasa-gCloud--12_7_2018,_7_11_51_AM",fotocasa,gCloud,1544180502000,3177.04,3,5.59441,1,,piece--11-14,Las Rozas de Madrid,1,-3.89189,40.4943,-3.88672,40.4891,-3.8893,40.4917,,
Las Rozas de Madrid--piece--11-15--gCloud,"scraping-fotocasa-gCloud--12_7_2018,_7_11_51_AM",fotocasa,gCloud,1544180511000,1787.18,10,8.33333,1,,piece--11-15,Las Rozas de Madrid,1,-3.89189,40.4891,-3.88672,40.4839,-3.8893,40.4865,,
Las Rozas de Madrid--piece--11-16--gCloud,"scraping-fotocasa-gCloud--12_7_2018,_7_11_51_AM",fotocasa,gCloud,1544180522000,0,0,0,0,,piece--11-16,Las Rozas de Madrid,1,-3.89189,40.4839,-3.88672,40.4786,-3.8893,40.4813,,
Las Rozas de Madrid--piece--11-2--gCloud,"scraping-fotocasa-gCloud--12_7_2018,_7_11_51_AM",fotocasa,gCloud,1544180534000,0,0,0,0,,piece--11-2,Las Rozas de Madrid,1,-3.89189,40.5571,-3.88672,40.5519,-3.8893,40.5545,,
Las Rozas de Madrid--piece--11-3--gCloud,"scraping-fotocasa-gCloud--12_7_2018,_7_11_51_AM",fotocasa,gCloud,1544180546000,1805.82,11,0,0,,piece--11-3,Las Rozas de Madrid,1,-3.89189,40.5519,-3.88672,40.5467,-3.8893,40.5493,,
Las Rozas de Madrid--piece--11-4--gCloud,"scraping-fotocasa-gCloud--12_7_2018,_7_11_51_AM",fotocasa,gCloud,1544180552000,0,0,8.27068,2,,piece--11-4,Las Rozas de Madrid,1,-3.89189,40.5467,-3.88672,40.5414,-3.8893,40.544,,
Las Rozas de Madrid--piece--11-5--gCloud,"scraping-fotocasa-gCloud--12_7_2018,_7_11_51_AM",fotocasa,gCloud,1544180558000,0,0,9.28571,1,,piece--11-5,Las Rozas de Madrid,1,-3.89189,40.5414,-3.88672,40.5362,-3.8893,40.5388,,
Las Rozas de Madrid--piece--11-6--gCloud,"scraping-fotocasa-gCloud--12_7_2018,_7_11_51_AM",fotocasa,gCloud,1544180566000,3094.28,6,10.2604,3,,piece--11-6,Las Rozas de Madrid,1,-3.89189,40.5362,-3.88672,40.531,-3.8893,40.5336,,
Las Rozas de Madrid--piece--11-7--gCloud,"scraping-fotocasa-gCloud--12_7_2018,_7_11_51_AM",fotocasa,gCloud,1544180575000,2846.15,1,0,0,,piece--11-7,Las Rozas de Madrid,1,-3.89189,40.531,-3.88672,40.5257,-3.8893,40.5283,,
Las Rozas de Madrid--piece--11-8--gCloud,"scraping-fotocasa-gCloud--12_7_2018,_7_11_51_AM",fotocasa,gCloud,1544180583000,0,0,0,0,,piece--11-8,Las Rozas de Madrid,1,-3.89189,40.5257,-3.88672,40.5205,-3.8893,40.5231,,
Las Rozas de Madrid--piece--11-9--gCloud,"scraping-fotocasa-gCloud--12_7_2018,_7_11_51_AM",fotocasa,gCloud,1544180590000,0,0,0,0,,piece--11-9,Las Rozas de Madrid,1,-3.89189,40.5205,-3.88672,40.5153,-3.8893,40.5179,,
Las Rozas de Madrid--piece--12-0--gCloud,"scraping-fotocasa-gCloud--12_7_2018,_7_11_51_AM",fotocasa,gCloud,1544180598000,0,0,0,0,,piece--12-0,Las Rozas de Madrid,1,-3.88672,40.5676,-3.88154,40.5623,-3.88413,40.565,,
Las Rozas de Madrid--piece--12-1--gCloud,"scraping-fotocasa-gCloud--12_7_2018,_7_11_51_AM",fotocasa,gCloud,1544180609000,2156.67,1,0,0,,piece--12-1,Las Rozas de Madrid,1,-3.88672,40.5623,-3.88154,40.5571,-3.88413,40.5597,,
Las Rozas de Madrid--piece--12-10--gCloud,"scraping-fotocasa-gCloud--12_7_2018,_7_11_51_AM",fotocasa,gCloud,1544180618000,2680.92,3,7.11111,1,,piece--12-10,Las Rozas de Madrid,1,-3.88672,40.5153,-3.88154,40.51,-3.88413,40.5126,,
Las Rozas de Madrid--piece--12-11--gCloud,"scraping-fotocasa-gCloud--12_7_2018,_7_11_51_AM",fotocasa,gCloud,1544180627000,3453.85,1,0,0,,piece--12-11,Las Rozas de Madrid,1,-3.88672,40.51,-3.88154,40.5048,-3.88413,40.5074,,
Las Rozas de Madrid--piece--12-12--gCloud,"scraping-fotocasa-gCloud--12_7_2018,_7_11_51_AM",fotocasa,gCloud,1544180635000,3067.45,4,0,0,,piece--12-12,Las Rozas de Madrid,1,-3.88672,40.5048,-3.88154,40.4996,-3.88413,40.5022,,
Las Rozas de Madrid--piece--12-13--gCloud,"scraping-fotocasa-gCloud--12_7_2018,_7_11_51_AM",fotocasa,gCloud,1544180641000,2784.3,10,10.3686,5,,piece--12-13,Las Rozas de Madrid,1,-3.88672,40.4996,-3.88154,40.4943,-3.88413,40.497,,
Las Rozas de Madrid--piece--12-14--gCloud,"scraping-fotocasa-gCloud--12_7_2018,_7_11_51_AM",fotocasa,gCloud,1544180655000,3102.92,5,12.3607,6,,piece--12-14,Las Rozas de Madrid,1,-3.88672,40.4943,-3.88154,40.4891,-3.88413,40.4917,,
Las Rozas de Madrid--piece--12-15--gCloud,"scraping-fotocasa-gCloud--12_7_2018,_7_11_51_AM",fotocasa,gCloud,1544180665000,2420.13,7,6.45833,1,,piece--12-15,Las Rozas de Madrid,1,-3.88672,40.4891,-3.88154,40.4839,-3.88413,40.4865,,
Las Rozas de Madrid--piece--12-16--gCloud,"scraping-fotocasa-gCloud--12_7_2018,_7_11_51_AM",fotocasa,gCloud,1544180670000,0,0,0,0,,piece--12-16,Las Rozas de Madrid,1,-3.88672,40.4839,-3.88154,40.4786,-3.88413,40.4813,,
Las Rozas de Madrid--piece--12-2--gCloud,"scraping-fotocasa-gCloud--12_7_2018,_7_11_51_AM",fotocasa,gCloud,1544180689000,0,0,0,0,,piece--12-2,Las Rozas de Madrid,1,-3.88672,40.5571,-3.88154,40.5519,-3.88413,40.5545,,
Las Rozas de Madrid--piece--12-3--gCloud,"scraping-fotocasa-gCloud--12_7_2018,_7_11_51_AM",fotocasa,gCloud,1544180698000,0,0,0,0,,piece--12-3,Las Rozas de Madrid,1,-3.88672,40.5519,-3.88154,40.5467,-3.88413,40.5493,,
Las Rozas de Madrid--piece--12-4--gCloud,"scraping-fotocasa-gCloud--12_7_2018,_7_11_51_AM",fotocasa,gCloud,1544180706000,0,0,0,0,,piece--12-4,Las Rozas de Madrid,1,-3.88672,40.5467,-3.88154,40.5414,-3.88413,40.544,,
Las Rozas de Madrid--piece--12-5--gCloud,"scraping-fotocasa-gCloud--12_7_2018,_7_11_51_AM",fotocasa,gCloud,1544180712000,0,0,0,0,,piece--12-5,Las Rozas de Madrid,1,-3.88672,40.5414,-3.88154,40.5362,-3.88413,40.5388,,
Las Rozas de Madrid--piece--12-6--gCloud,"scraping-fotocasa-gCloud--12_7_2018,_7_11_51_AM",fotocasa,gCloud,1544180720000,0,0,0,0,,piece--12-6,Las Rozas de Madrid,1,-3.88672,40.5362,-3.88154,40.531,-3.88413,40.5336,,
Las Rozas de Madrid--piece--12-7--gCloud,"scraping-fotocasa-gCloud--12_7_2018,_7_11_51_AM",fotocasa,gCloud,1544180729000,0,0,0,0,,piece--12-7,Las Rozas de Madrid,1,-3.88672,40.531,-3.88154,40.5257,-3.88413,40.5283,,
Las Rozas de Madrid--piece--12-8--gCloud,"scraping-fotocasa-gCloud--12_7_2018,_7_11_51_AM",fotocasa,gCloud,1544180735000,0,0,0,0,,piece--12-8,Las Rozas de Madrid,1,-3.88672,40.5257,-3.88154,40.5205,-3.88413,40.5231,,
Las Rozas de Madrid--piece--12-9--gCloud,"scraping-fotocasa-gCloud--12_7_2018,_7_11_51_AM",fotocasa,gCloud,1544180741000,2966.1,1,12.0901,2,,piece--12-9,Las Rozas de Madrid,1,-3.88672,40.5205,-3.88154,40.5153,-3.88413,40.5179,,
Las Rozas de Madrid--piece--13-0--gCloud,"scraping-fotocasa-gCloud--12_7_2018,_7_11_51_AM",fotocasa,gCloud,1544180746000,0,0,0,0,,piece--13-0,Las Rozas de Madrid,1,-3.88154,40.5676,-3.87637,40.5623,-3.87895,40.565,,
Las Rozas de Madrid--piece--13-1--gCloud,"scraping-fotocasa-gCloud--12_7_2018,_7_11_51_AM",fotocasa,gCloud,1544180751000,0,0,0,0,,piece--13-1,Las Rozas de Madrid,1,-3.88154,40.5623,-3.87637,40.5571,-3.87895,40.5597,,
Las Rozas de Madrid--piece--13-10--gCloud,"scraping-fotocasa-gCloud--12_7_2018,_7_11_51_AM",fotocasa,gCloud,1544180759000,0,0,10,1,,piece--13-10,Las Rozas de Madrid,1,-3.88154,40.5153,-3.87637,40.51,-3.87895,40.5126,,
Las Rozas de Madrid--piece--13-11--gCloud,"scraping-fotocasa-gCloud--12_7_2018,_7_11_51_AM",fotocasa,gCloud,1544180766000,3363.1,3,14.445,2,,piece--13-11,Las Rozas de Madrid,1,-3.88154,40.51,-3.87637,40.5048,-3.87895,40.5074,,
Las Rozas de Madrid--piece--13-12--gCloud,"scraping-fotocasa-gCloud--12_7_2018,_7_11_51_AM",fotocasa,gCloud,1544180772000,3111.05,10,15.1429,2,,piece--13-12,Las Rozas de Madrid,1,-3.88154,40.5048,-3.87637,40.4996,-3.87895,40.5022,,
Las Rozas de Madrid--piece--13-13--gCloud,"scraping-fotocasa-gCloud--12_7_2018,_7_11_51_AM",fotocasa,gCloud,1544180780000,2326.55,12,7.65741,6,,piece--13-13,Las Rozas de Madrid,1,-3.88154,40.4996,-3.87637,40.4943,-3.87895,40.497,,
Las Rozas de Madrid--piece--13-14--gCloud,"scraping-fotocasa-gCloud--12_7_2018,_7_11_51_AM",fotocasa,gCloud,1544180787000,2616.06,27,9.01786,2,,piece--13-14,Las Rozas de Madrid,1,-3.88154,40.4943,-3.87637,40.4891,-3.87895,40.4917,,
Las Rozas de Madrid--piece--13-15--gCloud,"scraping-fotocasa-gCloud--12_7_2018,_7_11_51_AM",fotocasa,gCloud,1544180796000,2301.65,7,11.8524,7,,piece--13-15,Las Rozas de Madrid,1,-3.88154,40.4891,-3.87637,40.4839,-3.87895,40.4865,,
Las Rozas de Madrid--piece--13-16--gCloud,"scraping-fotocasa-gCloud--12_7_2018,_7_11_51_AM",fotocasa,gCloud,1544180806000,2616.68,3,0,0,,piece--13-16,Las Rozas de Madrid,1,-3.88154,40.4839,-3.87637,40.4786,-3.87895,40.4813,,
Las Rozas de Madrid--piece--13-2--gCloud,"scraping-fotocasa-gCloud--12_7_2018,_7_11_51_AM",fotocasa,gCloud,1544180812000,0,0,0,0,,piece--13-2,Las Rozas de Madrid,1,-3.88154,40.5571,-3.87637,40.5519,-3.87895,40.5545,,
Las Rozas de Madrid--piece--13-3--gCloud,"scraping-fotocasa-gCloud--12_7_2018,_7_11_51_AM",fotocasa,gCloud,1544180821000,0,0,0,0,,piece--13-3,Las Rozas de Madrid,1,-3.88154,40.5519,-3.87637,40.5467,-3.87895,40.5493,,
Las Rozas de Madrid--piece--13-4--gCloud,"scraping-fotocasa-gCloud--12_7_2018,_7_11_51_AM",fotocasa,gCloud,1544180829000,0,0,0,0,,piece--13-4,Las Rozas de Madrid,1,-3.88154,40.5467,-3.87637,40.5414,-3.87895,40.544,,
Las Rozas de Madrid--piece--13-5--gCloud,"scraping-fotocasa-gCloud--12_7_2018,_7_11_51_AM",fotocasa,gCloud,1544180840000,0,0,0,0,,piece--13-5,Las Rozas de Madrid,1,-3.88154,40.5414,-3.87637,40.5362,-3.87895,40.5388,,
Las Rozas de Madrid--piece--13-6--gCloud,"scraping-fotocasa-gCloud--12_7_2018,_7_11_51_AM",fotocasa,gCloud,1544180845000,0,0,0,0,,piece--13-6,Las Rozas de Madrid,1,-3.88154,40.5362,-3.87637,40.531,-3.87895,40.5336,,
Las Rozas de Madrid--piece--13-7--gCloud,"scraping-fotocasa-gCloud--12_7_2018,_7_11_51_AM",fotocasa,gCloud,1544180853000,0,0,0,0,,piece--13-7,Las Rozas de Madrid,1,-3.88154,40.531,-3.87637,40.5257,-3.87895,40.5283,,
Las Rozas de Madrid--piece--13-8--gCloud,"scraping-fotocasa-gCloud--12_7_2018,_7_11_51_AM",fotocasa,gCloud,1544180859000,0,0,0,0,,piece--13-8,Las Rozas de Madrid,1,-3.88154,40.5257,-3.87637,40.5205,-3.87895,40.5231,,
Las Rozas de Madrid--piece--13-9--gCloud,"scraping-fotocasa-gCloud--12_7_2018,_7_11_51_AM",fotocasa,gCloud,1544180869000,0,0,10.5263,1,,piece--13-9,Las Rozas de Madrid,1,-3.88154,40.5205,-3.87637,40.5153,-3.87895,40.5179,,
Las Rozas de Madrid--piece--14-0--gCloud,"scraping-fotocasa-gCloud--12_7_2018,_7_11_51_AM",fotocasa,gCloud,1544180880000,0,0,0,0,,piece--14-0,Las Rozas de Madrid,1,-3.87637,40.5676,-3.87119,40.5623,-3.87378,40.565,,
Las Rozas de Madrid--piece--14-1--gCloud,"scraping-fotocasa-gCloud--12_7_2018,_7_11_51_AM",fotocasa,gCloud,1544180887000,0,0,0,0,,piece--14-1,Las Rozas de Madrid,1,-3.87637,40.5623,-3.87119,40.5571,-3.87378,40.5597,,
Las Rozas de Madrid--piece--14-10--gCloud,"scraping-fotocasa-gCloud--12_7_2018,_7_11_51_AM",fotocasa,gCloud,1544180895000,0,0,0,0,,piece--14-10,Las Rozas de Madrid,1,-3.87637,40.5153,-3.87119,40.51,-3.87378,40.5126,,
Las Rozas de Madrid--piece--14-11--gCloud,"scraping-fotocasa-gCloud--12_7_2018,_7_11_51_AM",fotocasa,gCloud,1544180903000,0,0,0,0,,piece--14-11,Las Rozas de Madrid,1,-3.87637,40.51,-3.87119,40.5048,-3.87378,40.5074,,
Las Rozas de Madrid--piece--14-12--gCloud,"scraping-fotocasa-gCloud--12_7_2018,_7_11_51_AM",fotocasa,gCloud,1544180909000,934.535,2,0,0,,piece--14-12,Las Rozas de Madrid,1,-3.87637,40.5048,-3.87119,40.4996,-3.87378,40.5022,,
Las Rozas de Madrid--piece--14-13--gCloud,"scraping-fotocasa-gCloud--12_7_2018,_7_11_51_AM",fotocasa,gCloud,1544180921000,2161.43,26,8.26405,3,,piece--14-13,Las Rozas de Madrid,1,-3.87637,40.4996,-3.87119,40.4943,-3.87378,40.497,,
Las Rozas de Madrid--piece--14-14--gCloud,"scraping-fotocasa-gCloud--12_7_2018,_7_11_51_AM",fotocasa,gCloud,1544180929000,3134.31,27,13.0439,10,,piece--14-14,Las Rozas de Madrid,1,-3.87637,40.4943,-3.87119,40.4891,-3.87378,40.4917,,
Las Rozas de Madrid--piece--14-15--gCloud,"scraping-fotocasa-gCloud--12_7_2018,_7_11_51_AM",fotocasa,gCloud,1544180934000,2779.67,9,0,0,,piece--14-15,Las Rozas de Madrid,1,-3.87637,40.4891,-3.87119,40.4839,-3.87378,40.4865,,
Las Rozas de Madrid--piece--14-16--gCloud,"scraping-fotocasa-gCloud--12_7_2018,_7_11_51_AM",fotocasa,gCloud,1544180940000,2683.06,7,9.87239,6,,piece--14-16,Las Rozas de Madrid,1,-3.87637,40.4839,-3.87119,40.4786,-3.87378,40.4813,,
