piece_id,scraping_id,app_id,device_id,date_scraped,average_prize_buy,number_of_ads_buy,average_prize_rent,number_of_ads_rent,extra_data,piece_name,city_name,scraped,bounding_box1_x,bounding_box1_y,bounding_box2_x,bounding_box2_y,center_point_x,center_point_y
Las Rozas de Madrid--piece--0-0--gCloud,"scraping-fotocasa-gCloud--12_3_2018,_2_46_43_PM",fotocasa,gCloud,1543861731000,2026.35,4,0,0,,piece--0-0,Las Rozas de Madrid,1,-3.94882,40.5676,-3.94365,40.5623,-3.94624,40.565
Las Rozas de Madrid--piece--0-1--gCloud,"scraping-fotocasa-gCloud--12_3_2018,_2_46_43_PM",fotocasa,gCloud,1543861737000,0,0,0,0,,piece--0-1,Las Rozas de Madrid,1,-3.94882,40.5623,-3.94365,40.5571,-3.94624,40.5597
Las Rozas de Madrid--piece--0-10--gCloud,"scraping-fotocasa-gCloud--12_3_2018,_2_46_43_PM",fotocasa,gCloud,1543861745000,0,0,0,0,,piece--0-10,Las Rozas de Madrid,1,-3.94882,40.5153,-3.94365,40.51,-3.94624,40.5126
Las Rozas de Madrid--piece--0-11--gCloud,"scraping-fotocasa-gCloud--12_3_2018,_2_46_43_PM",fotocasa,gCloud,1543861759000,0,0,0,0,,piece--0-11,Las Rozas de Madrid,1,-3.94882,40.51,-3.94365,40.5048,-3.94624,40.5074
Las Rozas de Madrid--piece--0-12--gCloud,"scraping-fotocasa-gCloud--12_3_2018,_2_46_43_PM",fotocasa,gCloud,1543861766000,0,0,0,0,,piece--0-12,Las Rozas de Madrid,1,-3.94882,40.5048,-3.94365,40.4996,-3.94624,40.5022
Las Rozas de Madrid--piece--0-13--gCloud,"scraping-fotocasa-gCloud--12_3_2018,_2_46_43_PM",fotocasa,gCloud,1543861776000,0,0,0,0,,piece--0-13,Las Rozas de Madrid,1,-3.94882,40.4996,-3.94365,40.4943,-3.94624,40.497
Las Rozas de Madrid--piece--0-14--gCloud,"scraping-fotocasa-gCloud--12_3_2018,_2_46_43_PM",fotocasa,gCloud,1543861782000,1083.03,1,0,0,,piece--0-14,Las Rozas de Madrid,1,-3.94882,40.4943,-3.94365,40.4891,-3.94624,40.4917
Las Rozas de Madrid--piece--0-15--gCloud,"scraping-fotocasa-gCloud--12_3_2018,_2_46_43_PM",fotocasa,gCloud,1543861787000,1868.31,5,0,0,,piece--0-15,Las Rozas de Madrid,1,-3.94882,40.4891,-3.94365,40.4839,-3.94624,40.4865
Las Rozas de Madrid--piece--0-16--gCloud,"scraping-fotocasa-gCloud--12_3_2018,_2_46_43_PM",fotocasa,gCloud,1543861793000,1451.19,8,0,0,,piece--0-16,Las Rozas de Madrid,1,-3.94882,40.4839,-3.94365,40.4786,-3.94624,40.4813
Las Rozas de Madrid--piece--0-2--gCloud,"scraping-fotocasa-gCloud--12_3_2018,_2_46_43_PM",fotocasa,gCloud,1543861802000,0,0,0,0,,piece--0-2,Las Rozas de Madrid,1,-3.94882,40.5571,-3.94365,40.5519,-3.94624,40.5545
Las Rozas de Madrid--piece--0-3--gCloud,"scraping-fotocasa-gCloud--12_3_2018,_2_46_43_PM",fotocasa,gCloud,1543861810000,0,0,0,0,,piece--0-3,Las Rozas de Madrid,1,-3.94882,40.5519,-3.94365,40.5467,-3.94624,40.5493
Las Rozas de Madrid--piece--0-4--gCloud,"scraping-fotocasa-gCloud--12_3_2018,_2_46_43_PM",fotocasa,gCloud,1543861815000,0,0,0,0,,piece--0-4,Las Rozas de Madrid,1,-3.94882,40.5467,-3.94365,40.5414,-3.94624,40.544
Las Rozas de Madrid--piece--0-5--gCloud,"scraping-fotocasa-gCloud--12_3_2018,_2_46_43_PM",fotocasa,gCloud,1543861827000,1079.39,3,7.69231,1,,piece--0-5,Las Rozas de Madrid,1,-3.94882,40.5414,-3.94365,40.5362,-3.94624,40.5388
Las Rozas de Madrid--piece--0-6--gCloud,"scraping-fotocasa-gCloud--12_3_2018,_2_46_43_PM",fotocasa,gCloud,1543861833000,0,0,7.73237,3,,piece--0-6,Las Rozas de Madrid,1,-3.94882,40.5362,-3.94365,40.531,-3.94624,40.5336
Las Rozas de Madrid--piece--0-7--gCloud,"scraping-fotocasa-gCloud--12_3_2018,_2_46_43_PM",fotocasa,gCloud,1543861838000,0,0,0,0,,piece--0-7,Las Rozas de Madrid,1,-3.94882,40.531,-3.94365,40.5257,-3.94624,40.5283
Las Rozas de Madrid--piece--0-8--gCloud,"scraping-fotocasa-gCloud--12_3_2018,_2_46_43_PM",fotocasa,gCloud,1543861844000,0,0,0,0,,piece--0-8,Las Rozas de Madrid,1,-3.94882,40.5257,-3.94365,40.5205,-3.94624,40.5231
Las Rozas de Madrid--piece--0-9--gCloud,"scraping-fotocasa-gCloud--12_3_2018,_2_46_43_PM",fotocasa,gCloud,1543861852000,0,0,0,0,,piece--0-9,Las Rozas de Madrid,1,-3.94882,40.5205,-3.94365,40.5153,-3.94624,40.5179
Las Rozas de Madrid--piece--1-0--gCloud,"scraping-fotocasa-gCloud--12_3_2018,_2_46_43_PM",fotocasa,gCloud,1543861858000,1567.16,1,0,0,,piece--1-0,Las Rozas de Madrid,1,-3.94365,40.5676,-3.93847,40.5623,-3.94106,40.565
Las Rozas de Madrid--piece--1-1--gCloud,"scraping-fotocasa-gCloud--12_3_2018,_2_46_43_PM",fotocasa,gCloud,1543861866000,0,0,0,0,,piece--1-1,Las Rozas de Madrid,1,-3.94365,40.5623,-3.93847,40.5571,-3.94106,40.5597
Las Rozas de Madrid--piece--1-10--gCloud,"scraping-fotocasa-gCloud--12_3_2018,_2_46_43_PM",fotocasa,gCloud,1543861874000,0,0,0,0,,piece--1-10,Las Rozas de Madrid,1,-3.94365,40.5153,-3.93847,40.51,-3.94106,40.5126
Las Rozas de Madrid--piece--1-11--gCloud,"scraping-fotocasa-gCloud--12_3_2018,_2_46_43_PM",fotocasa,gCloud,1543861880000,0,0,0,0,,piece--1-11,Las Rozas de Madrid,1,-3.94365,40.51,-3.93847,40.5048,-3.94106,40.5074
Las Rozas de Madrid--piece--1-12--gCloud,"scraping-fotocasa-gCloud--12_3_2018,_2_46_43_PM",fotocasa,gCloud,1543861888000,0,0,0,0,,piece--1-12,Las Rozas de Madrid,1,-3.94365,40.5048,-3.93847,40.4996,-3.94106,40.5022
Las Rozas de Madrid--piece--1-13--gCloud,"scraping-fotocasa-gCloud--12_3_2018,_2_46_43_PM",fotocasa,gCloud,1543861899000,0,0,0,0,,piece--1-13,Las Rozas de Madrid,1,-3.94365,40.4996,-3.93847,40.4943,-3.94106,40.497
Las Rozas de Madrid--piece--1-14--gCloud,"scraping-fotocasa-gCloud--12_3_2018,_2_46_43_PM",fotocasa,gCloud,1543861906000,0,0,0,0,,piece--1-14,Las Rozas de Madrid,1,-3.94365,40.4943,-3.93847,40.4891,-3.94106,40.4917
Las Rozas de Madrid--piece--1-15--gCloud,"scraping-fotocasa-gCloud--12_3_2018,_2_46_43_PM",fotocasa,gCloud,1543861915000,1446.38,1,0,0,,piece--1-15,Las Rozas de Madrid,1,-3.94365,40.4891,-3.93847,40.4839,-3.94106,40.4865
Las Rozas de Madrid--piece--1-16--gCloud,"scraping-fotocasa-gCloud--12_3_2018,_2_46_43_PM",fotocasa,gCloud,1543861924000,1131.27,8,0,0,,piece--1-16,Las Rozas de Madrid,1,-3.94365,40.4839,-3.93847,40.4786,-3.94106,40.4813
Las Rozas de Madrid--piece--1-2--gCloud,"scraping-fotocasa-gCloud--12_3_2018,_2_46_43_PM",fotocasa,gCloud,1543861932000,0,0,0,0,,piece--1-2,Las Rozas de Madrid,1,-3.94365,40.5571,-3.93847,40.5519,-3.94106,40.5545
Las Rozas de Madrid--piece--1-3--gCloud,"scraping-fotocasa-gCloud--12_3_2018,_2_46_43_PM",fotocasa,gCloud,1543861938000,0,0,0,0,,piece--1-3,Las Rozas de Madrid,1,-3.94365,40.5519,-3.93847,40.5467,-3.94106,40.5493
Las Rozas de Madrid--piece--1-4--gCloud,"scraping-fotocasa-gCloud--12_3_2018,_2_46_43_PM",fotocasa,gCloud,1543861953000,0,0,0,0,,piece--1-4,Las Rozas de Madrid,1,-3.94365,40.5467,-3.93847,40.5414,-3.94106,40.544
Las Rozas de Madrid--piece--1-5--gCloud,"scraping-fotocasa-gCloud--12_3_2018,_2_46_43_PM",fotocasa,gCloud,1543861959000,653.258,10,17.1429,1,,piece--1-5,Las Rozas de Madrid,1,-3.94365,40.5414,-3.93847,40.5362,-3.94106,40.5388
Las Rozas de Madrid--piece--1-6--gCloud,"scraping-fotocasa-gCloud--12_3_2018,_2_46_43_PM",fotocasa,gCloud,1543861970000,1069.54,3,0,0,,piece--1-6,Las Rozas de Madrid,1,-3.94365,40.5362,-3.93847,40.531,-3.94106,40.5336
Las Rozas de Madrid--piece--1-7--gCloud,"scraping-fotocasa-gCloud--12_3_2018,_2_46_43_PM",fotocasa,gCloud,1543861979000,1896.55,1,0,0,,piece--1-7,Las Rozas de Madrid,1,-3.94365,40.531,-3.93847,40.5257,-3.94106,40.5283
Las Rozas de Madrid--piece--1-8--gCloud,"scraping-fotocasa-gCloud--12_3_2018,_2_46_43_PM",fotocasa,gCloud,1543861984000,0,0,0,0,,piece--1-8,Las Rozas de Madrid,1,-3.94365,40.5257,-3.93847,40.5205,-3.94106,40.5231
Las Rozas de Madrid--piece--1-9--gCloud,"scraping-fotocasa-gCloud--12_3_2018,_2_46_43_PM",fotocasa,gCloud,1543861990000,0,0,0,0,,piece--1-9,Las Rozas de Madrid,1,-3.94365,40.5205,-3.93847,40.5153,-3.94106,40.5179
Las Rozas de Madrid--piece--10-0--gCloud,"scraping-fotocasa-gCloud--12_3_2018,_2_46_43_PM",fotocasa,gCloud,1543861998000,1783.27,8,0,0,,piece--10-0,Las Rozas de Madrid,1,-3.89707,40.5676,-3.89189,40.5623,-3.89448,40.565
Las Rozas de Madrid--piece--10-1--gCloud,"scraping-fotocasa-gCloud--12_3_2018,_2_46_43_PM",fotocasa,gCloud,1543862004000,1732.35,10,7.8443,3,,piece--10-1,Las Rozas de Madrid,1,-3.89707,40.5623,-3.89189,40.5571,-3.89448,40.5597
Las Rozas de Madrid--piece--10-10--gCloud,"scraping-fotocasa-gCloud--12_3_2018,_2_46_43_PM",fotocasa,gCloud,1543862012000,0,0,11.4286,1,,piece--10-10,Las Rozas de Madrid,1,-3.89707,40.5153,-3.89189,40.51,-3.89448,40.5126
Las Rozas de Madrid--piece--10-11--gCloud,"scraping-fotocasa-gCloud--12_3_2018,_2_46_43_PM",fotocasa,gCloud,1543862022000,3368.01,21,11.5334,5,,piece--10-11,Las Rozas de Madrid,1,-3.89707,40.51,-3.89189,40.5048,-3.89448,40.5074
Las Rozas de Madrid--piece--10-12--gCloud,"scraping-fotocasa-gCloud--12_3_2018,_2_46_43_PM",fotocasa,gCloud,1543862028000,3205.65,10,0,0,,piece--10-12,Las Rozas de Madrid,1,-3.89707,40.5048,-3.89189,40.4996,-3.89448,40.5022
Las Rozas de Madrid--piece--10-13--gCloud,"scraping-fotocasa-gCloud--12_3_2018,_2_46_43_PM",fotocasa,gCloud,1543862033000,0,0,0,0,,piece--10-13,Las Rozas de Madrid,1,-3.89707,40.4996,-3.89189,40.4943,-3.89448,40.497
Las Rozas de Madrid--piece--10-14--gCloud,"scraping-fotocasa-gCloud--12_3_2018,_2_46_43_PM",fotocasa,gCloud,1543862045000,4332.67,1,0,0,,piece--10-14,Las Rozas de Madrid,1,-3.89707,40.4943,-3.89189,40.4891,-3.89448,40.4917
Las Rozas de Madrid--piece--10-15--gCloud,"scraping-fotocasa-gCloud--12_3_2018,_2_46_43_PM",fotocasa,gCloud,1543862056000,0,0,0,0,,piece--10-15,Las Rozas de Madrid,1,-3.89707,40.4891,-3.89189,40.4839,-3.89448,40.4865
Las Rozas de Madrid--piece--10-16--gCloud,"scraping-fotocasa-gCloud--12_3_2018,_2_46_43_PM",fotocasa,gCloud,1543862065000,0,0,0,0,,piece--10-16,Las Rozas de Madrid,1,-3.89707,40.4839,-3.89189,40.4786,-3.89448,40.4813
Las Rozas de Madrid--piece--10-2--gCloud,"scraping-fotocasa-gCloud--12_3_2018,_2_46_43_PM",fotocasa,gCloud,1543862070000,1529.7,8,9.01852,3,,piece--10-2,Las Rozas de Madrid,1,-3.89707,40.5571,-3.89189,40.5519,-3.89448,40.5545
Las Rozas de Madrid--piece--10-3--gCloud,"scraping-fotocasa-gCloud--12_3_2018,_2_46_43_PM",fotocasa,gCloud,1543862076000,2617.7,6,0,0,,piece--10-3,Las Rozas de Madrid,1,-3.89707,40.5519,-3.89189,40.5467,-3.89448,40.5493
Las Rozas de Madrid--piece--10-4--gCloud,"scraping-fotocasa-gCloud--12_3_2018,_2_46_43_PM",fotocasa,gCloud,1543862086000,2279.52,2,11.7333,2,,piece--10-4,Las Rozas de Madrid,1,-3.89707,40.5467,-3.89189,40.5414,-3.89448,40.544
Las Rozas de Madrid--piece--10-5--gCloud,"scraping-fotocasa-gCloud--12_3_2018,_2_46_43_PM",fotocasa,gCloud,1543862092000,2154.58,14,9.51852,3,,piece--10-5,Las Rozas de Madrid,1,-3.89707,40.5414,-3.89189,40.5362,-3.89448,40.5388
Las Rozas de Madrid--piece--10-6--gCloud,"scraping-fotocasa-gCloud--12_3_2018,_2_46_43_PM",fotocasa,gCloud,1543862097000,3366.24,8,12.6508,7,,piece--10-6,Las Rozas de Madrid,1,-3.89707,40.5362,-3.89189,40.531,-3.89448,40.5336
Las Rozas de Madrid--piece--10-7--gCloud,"scraping-fotocasa-gCloud--12_3_2018,_2_46_43_PM",fotocasa,gCloud,1543862110000,2539.13,2,0,0,,piece--10-7,Las Rozas de Madrid,1,-3.89707,40.531,-3.89189,40.5257,-3.89448,40.5283
Las Rozas de Madrid--piece--10-8--gCloud,"scraping-fotocasa-gCloud--12_3_2018,_2_46_43_PM",fotocasa,gCloud,1543862116000,2944.38,12,10.2273,2,,piece--10-8,Las Rozas de Madrid,1,-3.89707,40.5257,-3.89189,40.5205,-3.89448,40.5231
Las Rozas de Madrid--piece--10-9--gCloud,"scraping-fotocasa-gCloud--12_3_2018,_2_46_43_PM",fotocasa,gCloud,1543862122000,3501.88,5,11.6786,2,,piece--10-9,Las Rozas de Madrid,1,-3.89707,40.5205,-3.89189,40.5153,-3.89448,40.5179
Las Rozas de Madrid--piece--11-0--gCloud,"scraping-fotocasa-gCloud--12_3_2018,_2_46_43_PM",fotocasa,gCloud,1543862127000,1471.71,6,0,0,,piece--11-0,Las Rozas de Madrid,1,-3.89189,40.5676,-3.88672,40.5623,-3.8893,40.565
Las Rozas de Madrid--piece--11-1--gCloud,"scraping-fotocasa-gCloud--12_3_2018,_2_46_43_PM",fotocasa,gCloud,1543862133000,1187.16,3,0,0,,piece--11-1,Las Rozas de Madrid,1,-3.89189,40.5623,-3.88672,40.5571,-3.8893,40.5597
Las Rozas de Madrid--piece--11-10--gCloud,"scraping-fotocasa-gCloud--12_3_2018,_2_46_43_PM",fotocasa,gCloud,1543862138000,0,0,0,0,,piece--11-10,Las Rozas de Madrid,1,-3.89189,40.5153,-3.88672,40.51,-3.8893,40.5126
Las Rozas de Madrid--piece--11-11--gCloud,"scraping-fotocasa-gCloud--12_3_2018,_2_46_43_PM",fotocasa,gCloud,1543862143000,0,0,0,0,,piece--11-11,Las Rozas de Madrid,1,-3.89189,40.51,-3.88672,40.5048,-3.8893,40.5074
Las Rozas de Madrid--piece--11-12--gCloud,"scraping-fotocasa-gCloud--12_3_2018,_2_46_43_PM",fotocasa,gCloud,1543862148000,0,0,0,0,,piece--11-12,Las Rozas de Madrid,1,-3.89189,40.5048,-3.88672,40.4996,-3.8893,40.5022
Las Rozas de Madrid--piece--11-13--gCloud,"scraping-fotocasa-gCloud--12_3_2018,_2_46_43_PM",fotocasa,gCloud,1543862155000,1559.29,6,7,1,,piece--11-13,Las Rozas de Madrid,1,-3.89189,40.4996,-3.88672,40.4943,-3.8893,40.497
Las Rozas de Madrid--piece--11-14--gCloud,"scraping-fotocasa-gCloud--12_3_2018,_2_46_43_PM",fotocasa,gCloud,1543862165000,3000.42,4,6.96387,2,,piece--11-14,Las Rozas de Madrid,1,-3.89189,40.4943,-3.88672,40.4891,-3.8893,40.4917
Las Rozas de Madrid--piece--11-15--gCloud,"scraping-fotocasa-gCloud--12_3_2018,_2_46_43_PM",fotocasa,gCloud,1543862170000,1711.24,9,0,0,,piece--11-15,Las Rozas de Madrid,1,-3.89189,40.4891,-3.88672,40.4839,-3.8893,40.4865
Las Rozas de Madrid--piece--11-16--gCloud,"scraping-fotocasa-gCloud--12_3_2018,_2_46_43_PM",fotocasa,gCloud,1543862176000,0,0,0,0,,piece--11-16,Las Rozas de Madrid,1,-3.89189,40.4839,-3.88672,40.4786,-3.8893,40.4813
Las Rozas de Madrid--piece--11-2--gCloud,"scraping-fotocasa-gCloud--12_3_2018,_2_46_43_PM",fotocasa,gCloud,1543862185000,0,0,0,0,,piece--11-2,Las Rozas de Madrid,1,-3.89189,40.5571,-3.88672,40.5519,-3.8893,40.5545
Las Rozas de Madrid--piece--11-3--gCloud,"scraping-fotocasa-gCloud--12_3_2018,_2_46_43_PM",fotocasa,gCloud,1543862191000,1727.95,9,0,0,,piece--11-3,Las Rozas de Madrid,1,-3.89189,40.5519,-3.88672,40.5467,-3.8893,40.5493
Las Rozas de Madrid--piece--11-4--gCloud,"scraping-fotocasa-gCloud--12_3_2018,_2_46_43_PM",fotocasa,gCloud,1543862202000,0,0,8.43515,2,,piece--11-4,Las Rozas de Madrid,1,-3.89189,40.5467,-3.88672,40.5414,-3.8893,40.544
Las Rozas de Madrid--piece--11-5--gCloud,"scraping-fotocasa-gCloud--12_3_2018,_2_46_43_PM",fotocasa,gCloud,1543862211000,0,0,0,0,,piece--11-5,Las Rozas de Madrid,1,-3.89189,40.5414,-3.88672,40.5362,-3.8893,40.5388
Las Rozas de Madrid--piece--11-6--gCloud,"scraping-fotocasa-gCloud--12_3_2018,_2_46_43_PM",fotocasa,gCloud,1543862223000,3094.28,6,10.5499,3,,piece--11-6,Las Rozas de Madrid,1,-3.89189,40.5362,-3.88672,40.531,-3.8893,40.5336
Las Rozas de Madrid--piece--11-7--gCloud,"scraping-fotocasa-gCloud--12_3_2018,_2_46_43_PM",fotocasa,gCloud,1543862236000,2846.15,1,0,0,,piece--11-7,Las Rozas de Madrid,1,-3.89189,40.531,-3.88672,40.5257,-3.8893,40.5283
Las Rozas de Madrid--piece--11-8--gCloud,"scraping-fotocasa-gCloud--12_3_2018,_2_46_43_PM",fotocasa,gCloud,1543862244000,0,0,0,0,,piece--11-8,Las Rozas de Madrid,1,-3.89189,40.5257,-3.88672,40.5205,-3.8893,40.5231
Las Rozas de Madrid--piece--11-9--gCloud,"scraping-fotocasa-gCloud--12_3_2018,_2_46_43_PM",fotocasa,gCloud,1543862252000,0,0,0,0,,piece--11-9,Las Rozas de Madrid,1,-3.89189,40.5205,-3.88672,40.5153,-3.8893,40.5179
Las Rozas de Madrid--piece--12-0--gCloud,"scraping-fotocasa-gCloud--12_3_2018,_2_46_43_PM",fotocasa,gCloud,1543862258000,0,0,0,0,,piece--12-0,Las Rozas de Madrid,1,-3.88672,40.5676,-3.88154,40.5623,-3.88413,40.565
Las Rozas de Madrid--piece--12-1--gCloud,"scraping-fotocasa-gCloud--12_3_2018,_2_46_43_PM",fotocasa,gCloud,1543862266000,2156.67,1,0,0,,piece--12-1,Las Rozas de Madrid,1,-3.88672,40.5623,-3.88154,40.5571,-3.88413,40.5597
Las Rozas de Madrid--piece--12-10--gCloud,"scraping-fotocasa-gCloud--12_3_2018,_2_46_43_PM",fotocasa,gCloud,1543862277000,2583.33,2,7.11111,1,,piece--12-10,Las Rozas de Madrid,1,-3.88672,40.5153,-3.88154,40.51,-3.88413,40.5126
Las Rozas de Madrid--piece--12-11--gCloud,"scraping-fotocasa-gCloud--12_3_2018,_2_46_43_PM",fotocasa,gCloud,1543862285000,0,0,0,0,,piece--12-11,Las Rozas de Madrid,1,-3.88672,40.51,-3.88154,40.5048,-3.88413,40.5074
Las Rozas de Madrid--piece--12-12--gCloud,"scraping-fotocasa-gCloud--12_3_2018,_2_46_43_PM",fotocasa,gCloud,1543862291000,3172.78,4,0,0,,piece--12-12,Las Rozas de Madrid,1,-3.88672,40.5048,-3.88154,40.4996,-3.88413,40.5022
Las Rozas de Madrid--piece--12-13--gCloud,"scraping-fotocasa-gCloud--12_3_2018,_2_46_43_PM",fotocasa,gCloud,1543862297000,2677.93,9,10.3686,5,,piece--12-13,Las Rozas de Madrid,1,-3.88672,40.4996,-3.88154,40.4943,-3.88413,40.497
Las Rozas de Madrid--piece--12-14--gCloud,"scraping-fotocasa-gCloud--12_3_2018,_2_46_43_PM",fotocasa,gCloud,1543862309000,2981.14,6,13.2601,3,,piece--12-14,Las Rozas de Madrid,1,-3.88672,40.4943,-3.88154,40.4891,-3.88413,40.4917
Las Rozas de Madrid--piece--12-15--gCloud,"scraping-fotocasa-gCloud--12_3_2018,_2_46_43_PM",fotocasa,gCloud,1543862335000,2487.84,7,6.45833,1,,piece--12-15,Las Rozas de Madrid,1,-3.88672,40.4891,-3.88154,40.4839,-3.88413,40.4865
Las Rozas de Madrid--piece--12-16--gCloud,"scraping-fotocasa-gCloud--12_3_2018,_2_46_43_PM",fotocasa,gCloud,1543862358000,0,0,0,0,,piece--12-16,Las Rozas de Madrid,1,-3.88672,40.4839,-3.88154,40.4786,-3.88413,40.4813
Las Rozas de Madrid--piece--12-2--gCloud,"scraping-fotocasa-gCloud--12_3_2018,_2_46_43_PM",fotocasa,gCloud,1543862383000,0,0,0,0,,piece--12-2,Las Rozas de Madrid,1,-3.88672,40.5571,-3.88154,40.5519,-3.88413,40.5545
Las Rozas de Madrid--piece--12-3--gCloud,"scraping-fotocasa-gCloud--12_3_2018,_2_46_43_PM",fotocasa,gCloud,1543862395000,1812.5,1,0,0,,piece--12-3,Las Rozas de Madrid,1,-3.88672,40.5519,-3.88154,40.5467,-3.88413,40.5493
Las Rozas de Madrid--piece--12-4--gCloud,"scraping-fotocasa-gCloud--12_3_2018,_2_46_43_PM",fotocasa,gCloud,1543862411000,0,0,0,0,,piece--12-4,Las Rozas de Madrid,1,-3.88672,40.5467,-3.88154,40.5414,-3.88413,40.544
Las Rozas de Madrid--piece--12-5--gCloud,"scraping-fotocasa-gCloud--12_3_2018,_2_46_43_PM",fotocasa,gCloud,1543862426000,0,0,0,0,,piece--12-5,Las Rozas de Madrid,1,-3.88672,40.5414,-3.88154,40.5362,-3.88413,40.5388
Las Rozas de Madrid--piece--12-6--gCloud,"scraping-fotocasa-gCloud--12_3_2018,_2_46_43_PM",fotocasa,gCloud,1543862448000,0,0,0,0,,piece--12-6,Las Rozas de Madrid,1,-3.88672,40.5362,-3.88154,40.531,-3.88413,40.5336
Las Rozas de Madrid--piece--12-7--gCloud,"scraping-fotocasa-gCloud--12_3_2018,_2_46_43_PM",fotocasa,gCloud,1543862471000,0,0,0,0,,piece--12-7,Las Rozas de Madrid,1,-3.88672,40.531,-3.88154,40.5257,-3.88413,40.5283
Las Rozas de Madrid--piece--12-8--gCloud,"scraping-fotocasa-gCloud--12_3_2018,_2_46_43_PM",fotocasa,gCloud,1543862482000,0,0,0,0,,piece--12-8,Las Rozas de Madrid,1,-3.88672,40.5257,-3.88154,40.5205,-3.88413,40.5231
Las Rozas de Madrid--piece--12-9--gCloud,"scraping-fotocasa-gCloud--12_3_2018,_2_46_43_PM",fotocasa,gCloud,1543862493000,2921.1,2,12.0901,2,,piece--12-9,Las Rozas de Madrid,1,-3.88672,40.5205,-3.88154,40.5153,-3.88413,40.5179
Las Rozas de Madrid--piece--13-0--gCloud,"scraping-fotocasa-gCloud--12_3_2018,_2_46_43_PM",fotocasa,gCloud,1543862505000,0,0,0,0,,piece--13-0,Las Rozas de Madrid,1,-3.88154,40.5676,-3.87637,40.5623,-3.87895,40.565
Las Rozas de Madrid--piece--13-1--gCloud,"scraping-fotocasa-gCloud--12_3_2018,_2_46_43_PM",fotocasa,gCloud,1543862521000,0,0,0,0,,piece--13-1,Las Rozas de Madrid,1,-3.88154,40.5623,-3.87637,40.5571,-3.87895,40.5597
Las Rozas de Madrid--piece--13-10--gCloud,"scraping-fotocasa-gCloud--12_3_2018,_2_46_43_PM",fotocasa,gCloud,1543862532000,0,0,10,1,,piece--13-10,Las Rozas de Madrid,1,-3.88154,40.5153,-3.87637,40.51,-3.87895,40.5126
Las Rozas de Madrid--piece--13-11--gCloud,"scraping-fotocasa-gCloud--12_3_2018,_2_46_43_PM",fotocasa,gCloud,1543862552000,3540.02,4,14.445,2,,piece--13-11,Las Rozas de Madrid,1,-3.88154,40.51,-3.87637,40.5048,-3.87895,40.5074
Las Rozas de Madrid--piece--13-12--gCloud,"scraping-fotocasa-gCloud--12_3_2018,_2_46_43_PM",fotocasa,gCloud,1543862572000,2899.42,6,15.1429,2,,piece--13-12,Las Rozas de Madrid,1,-3.88154,40.5048,-3.87637,40.4996,-3.87895,40.5022
Las Rozas de Madrid--piece--13-13--gCloud,"scraping-fotocasa-gCloud--12_3_2018,_2_46_43_PM",fotocasa,gCloud,1543862582000,2156.29,16,7.8,5,,piece--13-13,Las Rozas de Madrid,1,-3.88154,40.4996,-3.87637,40.4943,-3.87895,40.497
Las Rozas de Madrid--piece--13-14--gCloud,"scraping-fotocasa-gCloud--12_3_2018,_2_46_43_PM",fotocasa,gCloud,1543862590000,2661.94,26,8.39286,2,,piece--13-14,Las Rozas de Madrid,1,-3.88154,40.4943,-3.87637,40.4891,-3.87895,40.4917
Las Rozas de Madrid--piece--13-15--gCloud,"scraping-fotocasa-gCloud--12_3_2018,_2_46_43_PM",fotocasa,gCloud,1543862599000,2359.78,6,11.8524,7,,piece--13-15,Las Rozas de Madrid,1,-3.88154,40.4891,-3.87637,40.4839,-3.87895,40.4865
Las Rozas de Madrid--piece--13-16--gCloud,"scraping-fotocasa-gCloud--12_3_2018,_2_46_43_PM",fotocasa,gCloud,1543862605000,2052.9,3,0,0,,piece--13-16,Las Rozas de Madrid,1,-3.88154,40.4839,-3.87637,40.4786,-3.87895,40.4813
Las Rozas de Madrid--piece--13-2--gCloud,"scraping-fotocasa-gCloud--12_3_2018,_2_46_43_PM",fotocasa,gCloud,1543862611000,0,0,0,0,,piece--13-2,Las Rozas de Madrid,1,-3.88154,40.5571,-3.87637,40.5519,-3.87895,40.5545
Las Rozas de Madrid--piece--13-3--gCloud,"scraping-fotocasa-gCloud--12_3_2018,_2_46_43_PM",fotocasa,gCloud,1543862619000,0,0,0,0,,piece--13-3,Las Rozas de Madrid,1,-3.88154,40.5519,-3.87637,40.5467,-3.87895,40.5493
Las Rozas de Madrid--piece--13-4--gCloud,"scraping-fotocasa-gCloud--12_3_2018,_2_46_43_PM",fotocasa,gCloud,1543862624000,0,0,0,0,,piece--13-4,Las Rozas de Madrid,1,-3.88154,40.5467,-3.87637,40.5414,-3.87895,40.544
Las Rozas de Madrid--piece--13-5--gCloud,"scraping-fotocasa-gCloud--12_3_2018,_2_46_43_PM",fotocasa,gCloud,1543862635000,0,0,0,0,,piece--13-5,Las Rozas de Madrid,1,-3.88154,40.5414,-3.87637,40.5362,-3.87895,40.5388
Las Rozas de Madrid--piece--13-6--gCloud,"scraping-fotocasa-gCloud--12_3_2018,_2_46_43_PM",fotocasa,gCloud,1543862646000,0,0,0,0,,piece--13-6,Las Rozas de Madrid,1,-3.88154,40.5362,-3.87637,40.531,-3.87895,40.5336
Las Rozas de Madrid--piece--13-7--gCloud,"scraping-fotocasa-gCloud--12_3_2018,_2_46_43_PM",fotocasa,gCloud,1543862656000,0,0,0,0,,piece--13-7,Las Rozas de Madrid,1,-3.88154,40.531,-3.87637,40.5257,-3.87895,40.5283
Las Rozas de Madrid--piece--13-8--gCloud,"scraping-fotocasa-gCloud--12_3_2018,_2_46_43_PM",fotocasa,gCloud,1543862664000,0,0,0,0,,piece--13-8,Las Rozas de Madrid,1,-3.88154,40.5257,-3.87637,40.5205,-3.87895,40.5231
Las Rozas de Madrid--piece--13-9--gCloud,"scraping-fotocasa-gCloud--12_3_2018,_2_46_43_PM",fotocasa,gCloud,1543862676000,0,0,10.5263,1,,piece--13-9,Las Rozas de Madrid,1,-3.88154,40.5205,-3.87637,40.5153,-3.87895,40.5179
Las Rozas de Madrid--piece--14-0--gCloud,"scraping-fotocasa-gCloud--12_3_2018,_2_46_43_PM",fotocasa,gCloud,1543862681000,0,0,0,0,,piece--14-0,Las Rozas de Madrid,1,-3.87637,40.5676,-3.87119,40.5623,-3.87378,40.565
Las Rozas de Madrid--piece--14-1--gCloud,"scraping-fotocasa-gCloud--12_3_2018,_2_46_43_PM",fotocasa,gCloud,1543862689000,0,0,0,0,,piece--14-1,Las Rozas de Madrid,1,-3.87637,40.5623,-3.87119,40.5571,-3.87378,40.5597
Las Rozas de Madrid--piece--14-10--gCloud,"scraping-fotocasa-gCloud--12_3_2018,_2_46_43_PM",fotocasa,gCloud,1543862695000,0,0,0,0,,piece--14-10,Las Rozas de Madrid,1,-3.87637,40.5153,-3.87119,40.51,-3.87378,40.5126
Las Rozas de Madrid--piece--14-11--gCloud,"scraping-fotocasa-gCloud--12_3_2018,_2_46_43_PM",fotocasa,gCloud,1543862704000,0,0,0,0,,piece--14-11,Las Rozas de Madrid,1,-3.87637,40.51,-3.87119,40.5048,-3.87378,40.5074
Las Rozas de Madrid--piece--14-12--gCloud,"scraping-fotocasa-gCloud--12_3_2018,_2_46_43_PM",fotocasa,gCloud,1543862712000,1288.12,4,0,0,,piece--14-12,Las Rozas de Madrid,1,-3.87637,40.5048,-3.87119,40.4996,-3.87378,40.5022
Las Rozas de Madrid--piece--14-13--gCloud,"scraping-fotocasa-gCloud--12_3_2018,_2_46_43_PM",fotocasa,gCloud,1543862719000,2275.94,23,8.20598,4,,piece--14-13,Las Rozas de Madrid,1,-3.87637,40.4996,-3.87119,40.4943,-3.87378,40.497
Las Rozas de Madrid--piece--14-14--gCloud,"scraping-fotocasa-gCloud--12_3_2018,_2_46_43_PM",fotocasa,gCloud,1543862729000,3181.67,27,13.5434,8,,piece--14-14,Las Rozas de Madrid,1,-3.87637,40.4943,-3.87119,40.4891,-3.87378,40.4917
Las Rozas de Madrid--piece--14-15--gCloud,"scraping-fotocasa-gCloud--12_3_2018,_2_46_43_PM",fotocasa,gCloud,1543862735000,2734.58,14,12.931,1,,piece--14-15,Las Rozas de Madrid,1,-3.87637,40.4891,-3.87119,40.4839,-3.87378,40.4865
Las Rozas de Madrid--piece--14-16--gCloud,"scraping-fotocasa-gCloud--12_3_2018,_2_46_43_PM",fotocasa,gCloud,1543862745000,2590.02,8,9.87239,6,,piece--14-16,Las Rozas de Madrid,1,-3.87637,40.4839,-3.87119,40.4786,-3.87378,40.4813
Las Rozas de Madrid--piece--14-2--gCloud,"scraping-fotocasa-gCloud--12_3_2018,_2_46_43_PM",fotocasa,gCloud,1543862750000,0,0,0,0,,piece--14-2,Las Rozas de Madrid,1,-3.87637,40.5571,-3.87119,40.5519,-3.87378,40.5545
Las Rozas de Madrid--piece--14-3--gCloud,"scraping-fotocasa-gCloud--12_3_2018,_2_46_43_PM",fotocasa,gCloud,1543862758000,0,0,0,0,,piece--14-3,Las Rozas de Madrid,1,-3.87637,40.5519,-3.87119,40.5467,-3.87378,40.5493
Las Rozas de Madrid--piece--14-4--gCloud,"scraping-fotocasa-gCloud--12_3_2018,_2_46_43_PM",fotocasa,gCloud,1543862764000,0,0,0,0,,piece--14-4,Las Rozas de Madrid,1,-3.87637,40.5467,-3.87119,40.5414,-3.87378,40.544
Las Rozas de Madrid--piece--14-5--gCloud,"scraping-fotocasa-gCloud--12_3_2018,_2_46_43_PM",fotocasa,gCloud,1543862769000,0,0,0,0,,piece--14-5,Las Rozas de Madrid,1,-3.87637,40.5414,-3.87119,40.5362,-3.87378,40.5388
Las Rozas de Madrid--piece--14-6--gCloud,"scraping-fotocasa-gCloud--12_3_2018,_2_46_43_PM",fotocasa,gCloud,1543862778000,0,0,0,0,,piece--14-6,Las Rozas de Madrid,1,-3.87637,40.5362,-3.87119,40.531,-3.87378,40.5336
Las Rozas de Madrid--piece--14-7--gCloud,"scraping-fotocasa-gCloud--12_3_2018,_2_46_43_PM",fotocasa,gCloud,1543862789000,0,0,0,0,,piece--14-7,Las Rozas de Madrid,1,-3.87637,40.531,-3.87119,40.5257,-3.87378,40.5283
Las Rozas de Madrid--piece--14-8--gCloud,"scraping-fotocasa-gCloud--12_3_2018,_2_46_43_PM",fotocasa,gCloud,1543862794000,0,0,0,0,,piece--14-8,Las Rozas de Madrid,1,-3.87637,40.5257,-3.87119,40.5205,-3.87378,40.5231
Las Rozas de Madrid--piece--14-9--gCloud,"scraping-fotocasa-gCloud--12_3_2018,_2_46_43_PM",fotocasa,gCloud,1543862800000,0,0,0,0,,piece--14-9,Las Rozas de Madrid,1,-3.87637,40.5205,-3.87119,40.5153,-3.87378,40.5179
Las Rozas de Madrid--piece--15-0--gCloud,"scraping-fotocasa-gCloud--12_3_2018,_2_46_43_PM",fotocasa,gCloud,1543862808000,0,0,0,0,,piece--15-0,Las Rozas de Madrid,1,-3.87119,40.5676,-3.86601,40.5623,-3.8686,40.565
Las Rozas de Madrid--piece--15-1--gCloud,"scraping-fotocasa-gCloud--12_3_2018,_2_46_43_PM",fotocasa,gCloud,1543862814000,0,0,0,0,,piece--15-1,Las Rozas de Madrid,1,-3.87119,40.5623,-3.86601,40.5571,-3.8686,40.5597
Las Rozas de Madrid--piece--15-10--gCloud,"scraping-fotocasa-gCloud--12_3_2018,_2_46_43_PM",fotocasa,gCloud,1543862819000,0,0,0,0,,piece--15-10,Las Rozas de Madrid,1,-3.87119,40.5153,-3.86601,40.51,-3.8686,40.5126
Las Rozas de Madrid--piece--15-11--gCloud,"scraping-fotocasa-gCloud--12_3_2018,_2_46_43_PM",fotocasa,gCloud,1543862827000,0,0,0,0,,piece--15-11,Las Rozas de Madrid,1,-3.87119,40.51,-3.86601,40.5048,-3.8686,40.5074
Las Rozas de Madrid--piece--15-12--gCloud,"scraping-fotocasa-gCloud--12_3_2018,_2_46_43_PM",fotocasa,gCloud,1543862836000,3394.16,1,0,0,,piece--15-12,Las Rozas de Madrid,1,-3.87119,40.5048,-3.86601,40.4996,-3.8686,40.5022
Las Rozas de Madrid--piece--15-13--gCloud,"scraping-fotocasa-gCloud--12_3_2018,_2_46_43_PM",fotocasa,gCloud,1543862845000,2424.57,11,10.5263,1,,piece--15-13,Las Rozas de Madrid,1,-3.87119,40.4996,-3.86601,40.4943,-3.8686,40.497
Las Rozas de Madrid--piece--15-14--gCloud,"scraping-fotocasa-gCloud--12_3_2018,_2_46_43_PM",fotocasa,gCloud,1543862856000,3315.54,30,12.8096,9,,piece--15-14,Las Rozas de Madrid,1,-3.87119,40.4943,-3.86601,40.4891,-3.8686,40.4917
Las Rozas de Madrid--piece--15-15--gCloud,"scraping-fotocasa-gCloud--12_3_2018,_2_46_43_PM",fotocasa,gCloud,1543862862000,2417.39,4,11.5517,2,,piece--15-15,Las Rozas de Madrid,1,-3.87119,40.4891,-3.86601,40.4839,-3.8686,40.4865
Las Rozas de Madrid--piece--15-16--gCloud,"scraping-fotocasa-gCloud--12_3_2018,_2_46_43_PM",fotocasa,gCloud,1543862870000,2292.45,10,9.65517,1,,piece--15-16,Las Rozas de Madrid,1,-3.87119,40.4839,-3.86601,40.4786,-3.8686,40.4813
Las Rozas de Madrid--piece--15-2--gCloud,"scraping-fotocasa-gCloud--12_3_2018,_2_46_43_PM",fotocasa,gCloud,1543862878000,0,0,0,0,,piece--15-2,Las Rozas de Madrid,1,-3.87119,40.5571,-3.86601,40.5519,-3.8686,40.5545
Las Rozas de Madrid--piece--15-3--gCloud,"scraping-fotocasa-gCloud--12_3_2018,_2_46_43_PM",fotocasa,gCloud,1543862887000,0,0,0,0,,piece--15-3,Las Rozas de Madrid,1,-3.87119,40.5519,-3.86601,40.5467,-3.8686,40.5493
Las Rozas de Madrid--piece--15-4--gCloud,"scraping-fotocasa-gCloud--12_3_2018,_2_46_43_PM",fotocasa,gCloud,1543862898000,0,0,0,0,,piece--15-4,Las Rozas de Madrid,1,-3.87119,40.5467,-3.86601,40.5414,-3.8686,40.544
Las Rozas de Madrid--piece--15-5--gCloud,"scraping-fotocasa-gCloud--12_3_2018,_2_46_43_PM",fotocasa,gCloud,1543862906000,0,0,0,0,,piece--15-5,Las Rozas de Madrid,1,-3.87119,40.5414,-3.86601,40.5362,-3.8686,40.5388
Las Rozas de Madrid--piece--15-6--gCloud,"scraping-fotocasa-gCloud--12_3_2018,_2_46_43_PM",fotocasa,gCloud,1543862918000,0,0,0,0,,piece--15-6,Las Rozas de Madrid,1,-3.87119,40.5362,-3.86601,40.531,-3.8686,40.5336
Las Rozas de Madrid--piece--15-7--gCloud,"scraping-fotocasa-gCloud--12_3_2018,_2_46_43_PM",fotocasa,gCloud,1543862929000,0,0,0,0,,piece--15-7,Las Rozas de Madrid,1,-3.87119,40.531,-3.86601,40.5257,-3.8686,40.5283
Las Rozas de Madrid--piece--15-8--gCloud,"scraping-fotocasa-gCloud--12_3_2018,_2_46_43_PM",fotocasa,gCloud,1543862937000,0,0,0,0,,piece--15-8,Las Rozas de Madrid,1,-3.87119,40.5257,-3.86601,40.5205,-3.8686,40.5231
Las Rozas de Madrid--piece--15-9--gCloud,"scraping-fotocasa-gCloud--12_3_2018,_2_46_43_PM",fotocasa,gCloud,1543862946000,0,0,0,0,,piece--15-9,Las Rozas de Madrid,1,-3.87119,40.5205,-3.86601,40.5153,-3.8686,40.5179
Las Rozas de Madrid--piece--16-0--gCloud,"scraping-fotocasa-gCloud--12_3_2018,_2_46_43_PM",fotocasa,gCloud,1543862955000,0,0,0,0,,piece--16-0,Las Rozas de Madrid,1,-3.86601,40.5676,-3.86084,40.5623,-3.86343,40.565
Las Rozas de Madrid--piece--16-1--gCloud,"scraping-fotocasa-gCloud--12_3_2018,_2_46_43_PM",fotocasa,gCloud,1543862965000,0,0,0,0,,piece--16-1,Las Rozas de Madrid,1,-3.86601,40.5623,-3.86084,40.5571,-3.86343,40.5597
Las Rozas de Madrid--piece--16-10--gCloud,"scraping-fotocasa-gCloud--12_3_2018,_2_46_43_PM",fotocasa,gCloud,1543862973000,0,0,0,0,,piece--16-10,Las Rozas de Madrid,1,-3.86601,40.5153,-3.86084,40.51,-3.86343,40.5126
Las Rozas de Madrid--piece--16-11--gCloud,"scraping-fotocasa-gCloud--12_3_2018,_2_46_43_PM",fotocasa,gCloud,1543862984000,0,0,0,0,,piece--16-11,Las Rozas de Madrid,1,-3.86601,40.51,-3.86084,40.5048,-3.86343,40.5074
Las Rozas de Madrid--piece--16-12--gCloud,"scraping-fotocasa-gCloud--12_3_2018,_2_46_43_PM",fotocasa,gCloud,1543862998000,0,0,0,0,,piece--16-12,Las Rozas de Madrid,1,-3.86601,40.5048,-3.86084,40.4996,-3.86343,40.5022
Las Rozas de Madrid--piece--16-13--gCloud,"scraping-fotocasa-gCloud--12_3_2018,_2_46_43_PM",fotocasa,gCloud,1543863009000,2358.46,10,12.5,1,,piece--16-13,Las Rozas de Madrid,1,-3.86601,40.4996,-3.86084,40.4943,-3.86343,40.497
Las Rozas de Madrid--piece--16-14--gCloud,"scraping-fotocasa-gCloud--12_3_2018,_2_46_43_PM",fotocasa,gCloud,1543863021000,2534.89,12,10.1391,4,,piece--16-14,Las Rozas de Madrid,1,-3.86601,40.4943,-3.86084,40.4891,-3.86343,40.4917
Las Rozas de Madrid--piece--16-15--gCloud,"scraping-fotocasa-gCloud--12_3_2018,_2_46_43_PM",fotocasa,gCloud,1543863027000,1680,9,6.62857,1,,piece--16-15,Las Rozas de Madrid,1,-3.86601,40.4891,-3.86084,40.4839,-3.86343,40.4865
Las Rozas de Madrid--piece--16-16--gCloud,"scraping-fotocasa-gCloud--12_3_2018,_2_46_43_PM",fotocasa,gCloud,1543863035000,2476.96,10,9.36111,1,,piece--16-16,Las Rozas de Madrid,1,-3.86601,40.4839,-3.86084,40.4786,-3.86343,40.4813
Las Rozas de Madrid--piece--16-2--gCloud,"scraping-fotocasa-gCloud--12_3_2018,_2_46_43_PM",fotocasa,gCloud,1543863044000,0,0,0,0,,piece--16-2,Las Rozas de Madrid,1,-3.86601,40.5571,-3.86084,40.5519,-3.86343,40.5545
Las Rozas de Madrid--piece--16-3--gCloud,"scraping-fotocasa-gCloud--12_3_2018,_2_46_43_PM",fotocasa,gCloud,1543863050000,0,0,0,0,,piece--16-3,Las Rozas de Madrid,1,-3.86601,40.5519,-3.86084,40.5467,-3.86343,40.5493
Las Rozas de Madrid--piece--16-4--gCloud,"scraping-fotocasa-gCloud--12_3_2018,_2_46_43_PM",fotocasa,gCloud,1543863056000,0,0,0,0,,piece--16-4,Las Rozas de Madrid,1,-3.86601,40.5467,-3.86084,40.5414,-3.86343,40.544
Las Rozas de Madrid--piece--16-5--gCloud,"scraping-fotocasa-gCloud--12_3_2018,_2_46_43_PM",fotocasa,gCloud,1543863064000,0,0,0,0,,piece--16-5,Las Rozas de Madrid,1,-3.86601,40.5414,-3.86084,40.5362,-3.86343,40.5388
Las Rozas de Madrid--piece--16-6--gCloud,"scraping-fotocasa-gCloud--12_3_2018,_2_46_43_PM",fotocasa,gCloud,1543863069000,0,0,0,0,,piece--16-6,Las Rozas de Madrid,1,-3.86601,40.5362,-3.86084,40.531,-3.86343,40.5336
Las Rozas de Madrid--piece--16-7--gCloud,"scraping-fotocasa-gCloud--12_3_2018,_2_46_43_PM",fotocasa,gCloud,1543863077000,0,0,0,0,,piece--16-7,Las Rozas de Madrid,1,-3.86601,40.531,-3.86084,40.5257,-3.86343,40.5283
Las Rozas de Madrid--piece--16-8--gCloud,"scraping-fotocasa-gCloud--12_3_2018,_2_46_43_PM",fotocasa,gCloud,1543863086000,0,0,0,0,,piece--16-8,Las Rozas de Madrid,1,-3.86601,40.5257,-3.86084,40.5205,-3.86343,40.5231
Las Rozas de Madrid--piece--16-9--gCloud,"scraping-fotocasa-gCloud--12_3_2018,_2_46_43_PM",fotocasa,gCloud,1543863092000,0,0,0,0,,piece--16-9,Las Rozas de Madrid,1,-3.86601,40.5205,-3.86084,40.5153,-3.86343,40.5179
Las Rozas de Madrid--piece--17-0--gCloud,"scraping-fotocasa-gCloud--12_3_2018,_2_46_43_PM",fotocasa,gCloud,1543863100000,0,0,0,0,,piece--17-0,Las Rozas de Madrid,1,-3.86084,40.5676,-3.85566,40.5623,-3.85825,40.565
Las Rozas de Madrid--piece--17-1--gCloud,"scraping-fotocasa-gCloud--12_3_2018,_2_46_43_PM",fotocasa,gCloud,1543863105000,0,0,0,0,,piece--17-1,Las Rozas de Madrid,1,-3.86084,40.5623,-3.85566,40.5571,-3.85825,40.5597
Las Rozas de Madrid--piece--17-10--gCloud,"scraping-fotocasa-gCloud--12_3_2018,_2_46_43_PM",fotocasa,gCloud,1543863113000,0,0,0,0,,piece--17-10,Las Rozas de Madrid,1,-3.86084,40.5153,-3.85566,40.51,-3.85825,40.5126
Las Rozas de Madrid--piece--17-11--gCloud,"scraping-fotocasa-gCloud--12_3_2018,_2_46_43_PM",fotocasa,gCloud,1543863122000,0,0,0,0,,piece--17-11,Las Rozas de Madrid,1,-3.86084,40.51,-3.85566,40.5048,-3.85825,40.5074
Las Rozas de Madrid--piece--17-12--gCloud,"scraping-fotocasa-gCloud--12_3_2018,_2_46_43_PM",fotocasa,gCloud,1543863130000,0,0,0,0,,piece--17-12,Las Rozas de Madrid,1,-3.86084,40.5048,-3.85566,40.4996,-3.85825,40.5022
Las Rozas de Madrid--piece--17-13--gCloud,"scraping-fotocasa-gCloud--12_3_2018,_2_46_43_PM",fotocasa,gCloud,1543863137000,3285.76,8,0,0,,piece--17-13,Las Rozas de Madrid,1,-3.86084,40.4996,-3.85566,40.4943,-3.85825,40.497
Las Rozas de Madrid--piece--17-14--gCloud,"scraping-fotocasa-gCloud--12_3_2018,_2_46_43_PM",fotocasa,gCloud,1543863147000,2188.78,3,0,0,,piece--17-14,Las Rozas de Madrid,1,-3.86084,40.4943,-3.85566,40.4891,-3.85825,40.4917
Las Rozas de Madrid--piece--17-15--gCloud,"scraping-fotocasa-gCloud--12_3_2018,_2_46_43_PM",fotocasa,gCloud,1543863155000,1704.03,3,6.62857,1,,piece--17-15,Las Rozas de Madrid,1,-3.86084,40.4891,-3.85566,40.4839,-3.85825,40.4865
Las Rozas de Madrid--piece--17-16--gCloud,"scraping-fotocasa-gCloud--12_3_2018,_2_46_43_PM",fotocasa,gCloud,1543863162000,1490.07,12,7.95281,8,,piece--17-16,Las Rozas de Madrid,1,-3.86084,40.4839,-3.85566,40.4786,-3.85825,40.4813
Las Rozas de Madrid--piece--17-2--gCloud,"scraping-fotocasa-gCloud--12_3_2018,_2_46_43_PM",fotocasa,gCloud,1543863174000,0,0,0,0,,piece--17-2,Las Rozas de Madrid,1,-3.86084,40.5571,-3.85566,40.5519,-3.85825,40.5545
Las Rozas de Madrid--piece--17-3--gCloud,"scraping-fotocasa-gCloud--12_3_2018,_2_46_43_PM",fotocasa,gCloud,1543863179000,0,0,0,0,,piece--17-3,Las Rozas de Madrid,1,-3.86084,40.5519,-3.85566,40.5467,-3.85825,40.5493
Las Rozas de Madrid--piece--17-4--gCloud,"scraping-fotocasa-gCloud--12_3_2018,_2_46_43_PM",fotocasa,gCloud,1543863187000,0,0,0,0,,piece--17-4,Las Rozas de Madrid,1,-3.86084,40.5467,-3.85566,40.5414,-3.85825,40.544
Las Rozas de Madrid--piece--17-5--gCloud,"scraping-fotocasa-gCloud--12_3_2018,_2_46_43_PM",fotocasa,gCloud,1543863195000,0,0,0,0,,piece--17-5,Las Rozas de Madrid,1,-3.86084,40.5414,-3.85566,40.5362,-3.85825,40.5388
Las Rozas de Madrid--piece--17-6--gCloud,"scraping-fotocasa-gCloud--12_3_2018,_2_46_43_PM",fotocasa,gCloud,1543863201000,0,0,0,0,,piece--17-6,Las Rozas de Madrid,1,-3.86084,40.5362,-3.85566,40.531,-3.85825,40.5336
Las Rozas de Madrid--piece--17-7--gCloud,"scraping-fotocasa-gCloud--12_3_2018,_2_46_43_PM",fotocasa,gCloud,1543863206000,0,0,0,0,,piece--17-7,Las Rozas de Madrid,1,-3.86084,40.531,-3.85566,40.5257,-3.85825,40.5283
Las Rozas de Madrid--piece--17-8--gCloud,"scraping-fotocasa-gCloud--12_3_2018,_2_46_43_PM",fotocasa,gCloud,1543863214000,0,0,0,0,,piece--17-8,Las Rozas de Madrid,1,-3.86084,40.5257,-3.85566,40.5205,-3.85825,40.5231
Las Rozas de Madrid--piece--17-9--gCloud,"scraping-fotocasa-gCloud--12_3_2018,_2_46_43_PM",fotocasa,gCloud,1543863220000,0,0,0,0,,piece--17-9,Las Rozas de Madrid,1,-3.86084,40.5205,-3.85566,40.5153,-3.85825,40.5179
Las Rozas de Madrid--piece--18-0--gCloud,"scraping-fotocasa-gCloud--12_3_2018,_2_46_43_PM",fotocasa,gCloud,1543863225000,0,0,0,0,,piece--18-0,Las Rozas de Madrid,1,-3.85566,40.5676,-3.85049,40.5623,-3.85307,40.565
Las Rozas de Madrid--piece--18-1--gCloud,"scraping-fotocasa-gCloud--12_3_2018,_2_46_43_PM",fotocasa,gCloud,1543863233000,0,0,0,0,,piece--18-1,Las Rozas de Madrid,1,-3.85566,40.5623,-3.85049,40.5571,-3.85307,40.5597
Las Rozas de Madrid--piece--18-10--gCloud,"scraping-fotocasa-gCloud--12_3_2018,_2_46_43_PM",fotocasa,gCloud,1543863243000,0,0,0,0,,piece--18-10,Las Rozas de Madrid,1,-3.85566,40.5153,-3.85049,40.51,-3.85307,40.5126
Las Rozas de Madrid--piece--18-11--gCloud,"scraping-fotocasa-gCloud--12_3_2018,_2_46_43_PM",fotocasa,gCloud,1543863251000,0,0,0,0,,piece--18-11,Las Rozas de Madrid,1,-3.85566,40.51,-3.85049,40.5048,-3.85307,40.5074
Las Rozas de Madrid--piece--18-12--gCloud,"scraping-fotocasa-gCloud--12_3_2018,_2_46_43_PM",fotocasa,gCloud,1543863259000,0,0,0,0,,piece--18-12,Las Rozas de Madrid,1,-3.85566,40.5048,-3.85049,40.4996,-3.85307,40.5022
Las Rozas de Madrid--piece--18-13--gCloud,"scraping-fotocasa-gCloud--12_3_2018,_2_46_43_PM",fotocasa,gCloud,1543863272000,0,0,0,0,,piece--18-13,Las Rozas de Madrid,1,-3.85566,40.4996,-3.85049,40.4943,-3.85307,40.497
Las Rozas de Madrid--piece--18-14--gCloud,"scraping-fotocasa-gCloud--12_3_2018,_2_46_43_PM",fotocasa,gCloud,1543863278000,0,0,0,0,,piece--18-14,Las Rozas de Madrid,1,-3.85566,40.4943,-3.85049,40.4891,-3.85307,40.4917
Las Rozas de Madrid--piece--18-15--gCloud,"scraping-fotocasa-gCloud--12_3_2018,_2_46_43_PM",fotocasa,gCloud,1543863283000,0,0,0,0,,piece--18-15,Las Rozas de Madrid,1,-3.85566,40.4891,-3.85049,40.4839,-3.85307,40.4865
Las Rozas de Madrid--piece--18-16--gCloud,"scraping-fotocasa-gCloud--12_3_2018,_2_46_43_PM",fotocasa,gCloud,1543863291000,2424.06,3,8.25,1,,piece--18-16,Las Rozas de Madrid,1,-3.85566,40.4839,-3.85049,40.4786,-3.85307,40.4813
Las Rozas de Madrid--piece--18-2--gCloud,"scraping-fotocasa-gCloud--12_3_2018,_2_46_43_PM",fotocasa,gCloud,1543863297000,0,0,0,0,,piece--18-2,Las Rozas de Madrid,1,-3.85566,40.5571,-3.85049,40.5519,-3.85307,40.5545
Las Rozas de Madrid--piece--18-3--gCloud,"scraping-fotocasa-gCloud--12_3_2018,_2_46_43_PM",fotocasa,gCloud,1543863303000,0,0,0,0,,piece--18-3,Las Rozas de Madrid,1,-3.85566,40.5519,-3.85049,40.5467,-3.85307,40.5493
Las Rozas de Madrid--piece--18-4--gCloud,"scraping-fotocasa-gCloud--12_3_2018,_2_46_43_PM",fotocasa,gCloud,1543863312000,0,0,0,0,,piece--18-4,Las Rozas de Madrid,1,-3.85566,40.5467,-3.85049,40.5414,-3.85307,40.544
Las Rozas de Madrid--piece--18-5--gCloud,"scraping-fotocasa-gCloud--12_3_2018,_2_46_43_PM",fotocasa,gCloud,1543863330000,0,0,0,0,,piece--18-5,Las Rozas de Madrid,1,-3.85566,40.5414,-3.85049,40.5362,-3.85307,40.5388
Las Rozas de Madrid--piece--18-6--gCloud,"scraping-fotocasa-gCloud--12_3_2018,_2_46_43_PM",fotocasa,gCloud,1543863335000,0,0,0,0,,piece--18-6,Las Rozas de Madrid,1,-3.85566,40.5362,-3.85049,40.531,-3.85307,40.5336
Las Rozas de Madrid--piece--18-7--gCloud,"scraping-fotocasa-gCloud--12_3_2018,_2_46_43_PM",fotocasa,gCloud,1543863358000,0,0,0,0,,piece--18-7,Las Rozas de Madrid,1,-3.85566,40.531,-3.85049,40.5257,-3.85307,40.5283
Las Rozas de Madrid--piece--18-8--gCloud,"scraping-fotocasa-gCloud--12_3_2018,_2_46_43_PM",fotocasa,gCloud,1543863367000,0,0,0,0,,piece--18-8,Las Rozas de Madrid,1,-3.85566,40.5257,-3.85049,40.5205,-3.85307,40.5231
Las Rozas de Madrid--piece--18-9--gCloud,"scraping-fotocasa-gCloud--12_3_2018,_2_46_43_PM",fotocasa,gCloud,1543863373000,0,0,0,0,,piece--18-9,Las Rozas de Madrid,1,-3.85566,40.5205,-3.85049,40.5153,-3.85307,40.5179
Las Rozas de Madrid--piece--2-0--gCloud,"scraping-fotocasa-gCloud--12_3_2018,_2_46_43_PM",fotocasa,gCloud,1543863379000,0,0,0,0,,piece--2-0,Las Rozas de Madrid,1,-3.93847,40.5676,-3.9333,40.5623,-3.93588,40.565
Las Rozas de Madrid--piece--2-1--gCloud,"scraping-fotocasa-gCloud--12_3_2018,_2_46_43_PM",fotocasa,gCloud,1543863386000,0,0,0,0,,piece--2-1,Las Rozas de Madrid,1,-3.93847,40.5623,-3.9333,40.5571,-3.93588,40.5597
Las Rozas de Madrid--piece--2-10--gCloud,"scraping-fotocasa-gCloud--12_3_2018,_2_46_43_PM",fotocasa,gCloud,1543863396000,0,0,0,0,,piece--2-10,Las Rozas de Madrid,1,-3.93847,40.5153,-3.9333,40.51,-3.93588,40.5126
Las Rozas de Madrid--piece--2-11--gCloud,"scraping-fotocasa-gCloud--12_3_2018,_2_46_43_PM",fotocasa,gCloud,1543863404000,0,0,0,0,,piece--2-11,Las Rozas de Madrid,1,-3.93847,40.51,-3.9333,40.5048,-3.93588,40.5074
Las Rozas de Madrid--piece--2-12--gCloud,"scraping-fotocasa-gCloud--12_3_2018,_2_46_43_PM",fotocasa,gCloud,1543863414000,0,0,0,0,,piece--2-12,Las Rozas de Madrid,1,-3.93847,40.5048,-3.9333,40.4996,-3.93588,40.5022
Las Rozas de Madrid--piece--2-13--gCloud,"scraping-fotocasa-gCloud--12_3_2018,_2_46_43_PM",fotocasa,gCloud,1543863423000,0,0,0,0,,piece--2-13,Las Rozas de Madrid,1,-3.93847,40.4996,-3.9333,40.4943,-3.93588,40.497
Las Rozas de Madrid--piece--2-14--gCloud,"scraping-fotocasa-gCloud--12_3_2018,_2_46_43_PM",fotocasa,gCloud,1543863428000,1983.05,1,0,0,,piece--2-14,Las Rozas de Madrid,1,-3.93847,40.4943,-3.9333,40.4891,-3.93588,40.4917
Las Rozas de Madrid--piece--2-15--gCloud,"scraping-fotocasa-gCloud--12_3_2018,_2_46_43_PM",fotocasa,gCloud,1543863451000,1983.05,3,0,0,,piece--2-15,Las Rozas de Madrid,1,-3.93847,40.4891,-3.9333,40.4839,-3.93588,40.4865
Las Rozas de Madrid--piece--2-16--gCloud,"scraping-fotocasa-gCloud--12_3_2018,_2_46_43_PM",fotocasa,gCloud,1543863468000,1907.28,2,0,0,,piece--2-16,Las Rozas de Madrid,1,-3.93847,40.4839,-3.9333,40.4786,-3.93588,40.4813
Las Rozas de Madrid--piece--2-2--gCloud,"scraping-fotocasa-gCloud--12_3_2018,_2_46_43_PM",fotocasa,gCloud,1543863485000,0,0,0,0,,piece--2-2,Las Rozas de Madrid,1,-3.93847,40.5571,-3.9333,40.5519,-3.93588,40.5545
Las Rozas de Madrid--piece--2-3--gCloud,"scraping-fotocasa-gCloud--12_3_2018,_2_46_43_PM",fotocasa,gCloud,1543863490000,0,0,0,0,,piece--2-3,Las Rozas de Madrid,1,-3.93847,40.5519,-3.9333,40.5467,-3.93588,40.5493
Las Rozas de Madrid--piece--2-4--gCloud,"scraping-fotocasa-gCloud--12_3_2018,_2_46_43_PM",fotocasa,gCloud,1543863499000,558.373,4,0,0,,piece--2-4,Las Rozas de Madrid,1,-3.93847,40.5467,-3.9333,40.5414,-3.93588,40.544
Las Rozas de Madrid--piece--2-5--gCloud,"scraping-fotocasa-gCloud--12_3_2018,_2_46_43_PM",fotocasa,gCloud,1543863508000,878.366,6,0,0,,piece--2-5,Las Rozas de Madrid,1,-3.93847,40.5414,-3.9333,40.5362,-3.93588,40.5388
Las Rozas de Madrid--piece--2-6--gCloud,"scraping-fotocasa-gCloud--12_3_2018,_2_46_43_PM",fotocasa,gCloud,1543863517000,1568.96,6,0,0,,piece--2-6,Las Rozas de Madrid,1,-3.93847,40.5362,-3.9333,40.531,-3.93588,40.5336
Las Rozas de Madrid--piece--2-7--gCloud,"scraping-fotocasa-gCloud--12_3_2018,_2_46_43_PM",fotocasa,gCloud,1543863528000,1446.6,6,0,0,,piece--2-7,Las Rozas de Madrid,1,-3.93847,40.531,-3.9333,40.5257,-3.93588,40.5283
Las Rozas de Madrid--piece--2-8--gCloud,"scraping-fotocasa-gCloud--12_3_2018,_2_46_43_PM",fotocasa,gCloud,1543863534000,2261.69,3,0,0,,piece--2-8,Las Rozas de Madrid,1,-3.93847,40.5257,-3.9333,40.5205,-3.93588,40.5231
Las Rozas de Madrid--piece--2-9--gCloud,"scraping-fotocasa-gCloud--12_3_2018,_2_46_43_PM",fotocasa,gCloud,1543863545000,0,0,0,0,,piece--2-9,Las Rozas de Madrid,1,-3.93847,40.5205,-3.9333,40.5153,-3.93588,40.5179
Las Rozas de Madrid--piece--3-0--gCloud,"scraping-fotocasa-gCloud--12_3_2018,_2_46_43_PM",fotocasa,gCloud,1543863557000,0,0,0,0,,piece--3-0,Las Rozas de Madrid,1,-3.9333,40.5676,-3.92812,40.5623,-3.93071,40.565
Las Rozas de Madrid--piece--3-1--gCloud,"scraping-fotocasa-gCloud--12_3_2018,_2_46_43_PM",fotocasa,gCloud,1543863563000,0,0,0,0,,piece--3-1,Las Rozas de Madrid,1,-3.9333,40.5623,-3.92812,40.5571,-3.93071,40.5597
Las Rozas de Madrid--piece--3-10--gCloud,"scraping-fotocasa-gCloud--12_3_2018,_2_46_43_PM",fotocasa,gCloud,1543863583000,3334.99,4,12.3077,1,,piece--3-10,Las Rozas de Madrid,1,-3.9333,40.5153,-3.92812,40.51,-3.93071,40.5126
Las Rozas de Madrid--piece--3-11--gCloud,"scraping-fotocasa-gCloud--12_3_2018,_2_46_43_PM",fotocasa,gCloud,1543863597000,0,0,0,0,,piece--3-11,Las Rozas de Madrid,1,-3.9333,40.51,-3.92812,40.5048,-3.93071,40.5074
Las Rozas de Madrid--piece--3-12--gCloud,"scraping-fotocasa-gCloud--12_3_2018,_2_46_43_PM",fotocasa,gCloud,1543863622000,0,0,0,0,,piece--3-12,Las Rozas de Madrid,1,-3.9333,40.5048,-3.92812,40.4996,-3.93071,40.5022
Las Rozas de Madrid--piece--3-13--gCloud,"scraping-fotocasa-gCloud--12_3_2018,_2_46_43_PM",fotocasa,gCloud,1543863634000,0,0,0,0,,piece--3-13,Las Rozas de Madrid,1,-3.9333,40.4996,-3.92812,40.4943,-3.93071,40.497
Las Rozas de Madrid--piece--3-14--gCloud,"scraping-fotocasa-gCloud--12_3_2018,_2_46_43_PM",fotocasa,gCloud,1543863644000,0,0,0,0,,piece--3-14,Las Rozas de Madrid,1,-3.9333,40.4943,-3.92812,40.4891,-3.93071,40.4917
Las Rozas de Madrid--piece--3-15--gCloud,"scraping-fotocasa-gCloud--12_3_2018,_2_46_43_PM",fotocasa,gCloud,1543863649000,0,0,0,0,,piece--3-15,Las Rozas de Madrid,1,-3.9333,40.4891,-3.92812,40.4839,-3.93071,40.4865
Las Rozas de Madrid--piece--3-16--gCloud,"scraping-fotocasa-gCloud--12_3_2018,_2_46_43_PM",fotocasa,gCloud,1543863654000,2101.72,2,0,0,,piece--3-16,Las Rozas de Madrid,1,-3.9333,40.4839,-3.92812,40.4786,-3.93071,40.4813
Las Rozas de Madrid--piece--3-2--gCloud,"scraping-fotocasa-gCloud--12_3_2018,_2_46_43_PM",fotocasa,gCloud,1543863665000,0,0,0,0,,piece--3-2,Las Rozas de Madrid,1,-3.9333,40.5571,-3.92812,40.5519,-3.93071,40.5545
Las Rozas de Madrid--piece--3-3--gCloud,"scraping-fotocasa-gCloud--12_3_2018,_2_46_43_PM",fotocasa,gCloud,1543863671000,568.533,3,7.8,1,,piece--3-3,Las Rozas de Madrid,1,-3.9333,40.5519,-3.92812,40.5467,-3.93071,40.5493
Las Rozas de Madrid--piece--3-4--gCloud,"scraping-fotocasa-gCloud--12_3_2018,_2_46_43_PM",fotocasa,gCloud,1543863680000,850.088,12,7.47508,1,,piece--3-4,Las Rozas de Madrid,1,-3.9333,40.5467,-3.92812,40.5414,-3.93071,40.544
Las Rozas de Madrid--piece--3-5--gCloud,"scraping-fotocasa-gCloud--12_3_2018,_2_46_43_PM",fotocasa,gCloud,1543863686000,453.878,8,0,0,,piece--3-5,Las Rozas de Madrid,1,-3.9333,40.5414,-3.92812,40.5362,-3.93071,40.5388
Las Rozas de Madrid--piece--3-6--gCloud,"scraping-fotocasa-gCloud--12_3_2018,_2_46_43_PM",fotocasa,gCloud,1543863694000,178.635,7,0,0,,piece--3-6,Las Rozas de Madrid,1,-3.9333,40.5362,-3.92812,40.531,-3.93071,40.5336
Las Rozas de Madrid--piece--3-7--gCloud,"scraping-fotocasa-gCloud--12_3_2018,_2_46_43_PM",fotocasa,gCloud,1543863703000,2.77778,1,0,0,,piece--3-7,Las Rozas de Madrid,1,-3.9333,40.531,-3.92812,40.5257,-3.93071,40.5283
Las Rozas de Madrid--piece--3-8--gCloud,"scraping-fotocasa-gCloud--12_3_2018,_2_46_43_PM",fotocasa,gCloud,1543863715000,3552.92,3,13.3333,2,,piece--3-8,Las Rozas de Madrid,1,-3.9333,40.5257,-3.92812,40.5205,-3.93071,40.5231
Las Rozas de Madrid--piece--3-9--gCloud,"scraping-fotocasa-gCloud--12_3_2018,_2_46_43_PM",fotocasa,gCloud,1543863721000,3308.56,22,14.5455,1,,piece--3-9,Las Rozas de Madrid,1,-3.9333,40.5205,-3.92812,40.5153,-3.93071,40.5179
Las Rozas de Madrid--piece--4-0--gCloud,"scraping-fotocasa-gCloud--12_3_2018,_2_46_43_PM",fotocasa,gCloud,1543863729000,0,0,0,0,,piece--4-0,Las Rozas de Madrid,1,-3.92812,40.5676,-3.92295,40.5623,-3.92553,40.565
Las Rozas de Madrid--piece--4-1--gCloud,"scraping-fotocasa-gCloud--12_3_2018,_2_46_43_PM",fotocasa,gCloud,1543863741000,0,0,0,0,,piece--4-1,Las Rozas de Madrid,1,-3.92812,40.5623,-3.92295,40.5571,-3.92553,40.5597
Las Rozas de Madrid--piece--4-10--gCloud,"scraping-fotocasa-gCloud--12_3_2018,_2_46_43_PM",fotocasa,gCloud,1543865420000,3417.38,3,10.8108,1,,piece--4-10,Las Rozas de Madrid,1,-3.92812,40.5153,-3.92295,40.51,-3.92553,40.5126
Las Rozas de Madrid--piece--4-11--gCloud,"scraping-fotocasa-gCloud--12_3_2018,_2_46_43_PM",fotocasa,gCloud,1543865425000,0,0,0,0,,piece--4-11,Las Rozas de Madrid,1,-3.92812,40.51,-3.92295,40.5048,-3.92553,40.5074
Las Rozas de Madrid--piece--4-12--gCloud,"scraping-fotocasa-gCloud--12_3_2018,_2_46_43_PM",fotocasa,gCloud,1543865437000,0,0,0,0,,piece--4-12,Las Rozas de Madrid,1,-3.92812,40.5048,-3.92295,40.4996,-3.92553,40.5022
Las Rozas de Madrid--piece--4-13--gCloud,"scraping-fotocasa-gCloud--12_3_2018,_2_46_43_PM",fotocasa,gCloud,1543865446000,0,0,0,0,,piece--4-13,Las Rozas de Madrid,1,-3.92812,40.4996,-3.92295,40.4943,-3.92553,40.497
Las Rozas de Madrid--piece--4-14--gCloud,"scraping-fotocasa-gCloud--12_3_2018,_2_46_43_PM",fotocasa,gCloud,1543865454000,0,0,0,0,,piece--4-14,Las Rozas de Madrid,1,-3.92812,40.4943,-3.92295,40.4891,-3.92553,40.4917
Las Rozas de Madrid--piece--4-15--gCloud,"scraping-fotocasa-gCloud--12_3_2018,_2_46_43_PM",fotocasa,gCloud,1543865462000,0,0,0,0,,piece--4-15,Las Rozas de Madrid,1,-3.92812,40.4891,-3.92295,40.4839,-3.92553,40.4865
Las Rozas de Madrid--piece--4-16--gCloud,"scraping-fotocasa-gCloud--12_3_2018,_2_46_43_PM",fotocasa,gCloud,1543865471000,0,0,0,0,,piece--4-16,Las Rozas de Madrid,1,-3.92812,40.4839,-3.92295,40.4786,-3.92553,40.4813
Las Rozas de Madrid--piece--4-2--gCloud,"scraping-fotocasa-gCloud--12_3_2018,_2_46_43_PM",fotocasa,gCloud,1543865480000,0,0,0,0,,piece--4-2,Las Rozas de Madrid,1,-3.92812,40.5571,-3.92295,40.5519,-3.92553,40.5545
Las Rozas de Madrid--piece--4-3--gCloud,"scraping-fotocasa-gCloud--12_3_2018,_2_46_43_PM",fotocasa,gCloud,1543865495000,0,0,0,0,,piece--4-3,Las Rozas de Madrid,1,-3.92812,40.5519,-3.92295,40.5467,-3.92553,40.5493
Las Rozas de Madrid--piece--4-4--gCloud,"scraping-fotocasa-gCloud--12_3_2018,_2_46_43_PM",fotocasa,gCloud,1543865528000,0,0,0,0,,piece--4-4,Las Rozas de Madrid,1,-3.92812,40.5467,-3.92295,40.5414,-3.92553,40.544
Las Rozas de Madrid--piece--4-5--gCloud,"scraping-fotocasa-gCloud--12_3_2018,_2_46_43_PM",fotocasa,gCloud,1543865544000,856.541,5,0,0,,piece--4-5,Las Rozas de Madrid,1,-3.92812,40.5414,-3.92295,40.5362,-3.92553,40.5388
Las Rozas de Madrid--piece--4-6--gCloud,"scraping-fotocasa-gCloud--12_3_2018,_2_46_43_PM",fotocasa,gCloud,1543865570000,1382.61,4,0,0,,piece--4-6,Las Rozas de Madrid,1,-3.92812,40.5362,-3.92295,40.531,-3.92553,40.5336
Las Rozas de Madrid--piece--4-7--gCloud,"scraping-fotocasa-gCloud--12_3_2018,_2_46_43_PM",fotocasa,gCloud,1543865579000,2105.49,5,6.52174,1,,piece--4-7,Las Rozas de Madrid,1,-3.92812,40.531,-3.92295,40.5257,-3.92553,40.5283
Las Rozas de Madrid--piece--4-8--gCloud,"scraping-fotocasa-gCloud--12_3_2018,_2_46_43_PM",fotocasa,gCloud,1543865588000,1494.67,5,0,0,,piece--4-8,Las Rozas de Madrid,1,-3.92812,40.5257,-3.92295,40.5205,-3.92553,40.5231
Las Rozas de Madrid--piece--4-9--gCloud,"scraping-fotocasa-gCloud--12_3_2018,_2_46_43_PM",fotocasa,gCloud,1543865596000,3146.19,26,11.7656,5,,piece--4-9,Las Rozas de Madrid,1,-3.92812,40.5205,-3.92295,40.5153,-3.92553,40.5179
Las Rozas de Madrid--piece--5-0--gCloud,"scraping-fotocasa-gCloud--12_3_2018,_2_46_43_PM",fotocasa,gCloud,1543865604000,1751.67,6,0,0,,piece--5-0,Las Rozas de Madrid,1,-3.92295,40.5676,-3.91777,40.5623,-3.92036,40.565
Las Rozas de Madrid--piece--5-1--gCloud,"scraping-fotocasa-gCloud--12_3_2018,_2_46_43_PM",fotocasa,gCloud,1543865616000,0,0,0,0,,piece--5-1,Las Rozas de Madrid,1,-3.92295,40.5623,-3.91777,40.5571,-3.92036,40.5597
Las Rozas de Madrid--piece--5-10--gCloud,"scraping-fotocasa-gCloud--12_3_2018,_2_46_43_PM",fotocasa,gCloud,1543865621000,1601.24,1,0,0,,piece--5-10,Las Rozas de Madrid,1,-3.92295,40.5153,-3.91777,40.51,-3.92036,40.5126
Las Rozas de Madrid--piece--5-11--gCloud,"scraping-fotocasa-gCloud--12_3_2018,_2_46_43_PM",fotocasa,gCloud,1543865630000,0,0,0,0,,piece--5-11,Las Rozas de Madrid,1,-3.92295,40.51,-3.91777,40.5048,-3.92036,40.5074
Las Rozas de Madrid--piece--5-12--gCloud,"scraping-fotocasa-gCloud--12_3_2018,_2_46_43_PM",fotocasa,gCloud,1543865638000,0,0,0,0,,piece--5-12,Las Rozas de Madrid,1,-3.92295,40.5048,-3.91777,40.4996,-3.92036,40.5022
Las Rozas de Madrid--piece--5-13--gCloud,"scraping-fotocasa-gCloud--12_3_2018,_2_46_43_PM",fotocasa,gCloud,1543865646000,0,0,0,0,,piece--5-13,Las Rozas de Madrid,1,-3.92295,40.4996,-3.91777,40.4943,-3.92036,40.497
Las Rozas de Madrid--piece--5-14--gCloud,"scraping-fotocasa-gCloud--12_3_2018,_2_46_43_PM",fotocasa,gCloud,1543865654000,0,0,0,0,,piece--5-14,Las Rozas de Madrid,1,-3.92295,40.4943,-3.91777,40.4891,-3.92036,40.4917
Las Rozas de Madrid--piece--5-15--gCloud,"scraping-fotocasa-gCloud--12_3_2018,_2_46_43_PM",fotocasa,gCloud,1543865660000,0,0,0,0,,piece--5-15,Las Rozas de Madrid,1,-3.92295,40.4891,-3.91777,40.4839,-3.92036,40.4865
Las Rozas de Madrid--piece--5-16--gCloud,"scraping-fotocasa-gCloud--12_3_2018,_2_46_43_PM",fotocasa,gCloud,1543865668000,0,0,0,0,,piece--5-16,Las Rozas de Madrid,1,-3.92295,40.4839,-3.91777,40.4786,-3.92036,40.4813
Las Rozas de Madrid--piece--5-2--gCloud,"scraping-fotocasa-gCloud--12_3_2018,_2_46_43_PM",fotocasa,gCloud,1543865674000,0,0,0,0,,piece--5-2,Las Rozas de Madrid,1,-3.92295,40.5571,-3.91777,40.5519,-3.92036,40.5545
Las Rozas de Madrid--piece--5-3--gCloud,"scraping-fotocasa-gCloud--12_3_2018,_2_46_43_PM",fotocasa,gCloud,1543865682000,0,0,0,0,,piece--5-3,Las Rozas de Madrid,1,-3.92295,40.5519,-3.91777,40.5467,-3.92036,40.5493
Las Rozas de Madrid--piece--5-4--gCloud,"scraping-fotocasa-gCloud--12_3_2018,_2_46_43_PM",fotocasa,gCloud,1543865687000,1.55938,2,0,0,,piece--5-4,Las Rozas de Madrid,1,-3.92295,40.5467,-3.91777,40.5414,-3.92036,40.544
Las Rozas de Madrid--piece--5-5--gCloud,"scraping-fotocasa-gCloud--12_3_2018,_2_46_43_PM",fotocasa,gCloud,1543865698000,1039.91,8,7.44048,1,,piece--5-5,Las Rozas de Madrid,1,-3.92295,40.5414,-3.91777,40.5362,-3.92036,40.5388
Las Rozas de Madrid--piece--5-6--gCloud,"scraping-fotocasa-gCloud--12_3_2018,_2_46_43_PM",fotocasa,gCloud,1543865706000,2286.59,1,7.6087,1,,piece--5-6,Las Rozas de Madrid,1,-3.92295,40.5362,-3.91777,40.531,-3.92036,40.5336
Las Rozas de Madrid--piece--5-7--gCloud,"scraping-fotocasa-gCloud--12_3_2018,_2_46_43_PM",fotocasa,gCloud,1543865715000,1897.5,2,0,0,,piece--5-7,Las Rozas de Madrid,1,-3.92295,40.531,-3.91777,40.5257,-3.92036,40.5283
Las Rozas de Madrid--piece--5-8--gCloud,"scraping-fotocasa-gCloud--12_3_2018,_2_46_43_PM",fotocasa,gCloud,1543865733000,209.619,7,0,0,,piece--5-8,Las Rozas de Madrid,1,-3.92295,40.5257,-3.91777,40.5205,-3.92036,40.5231
Las Rozas de Madrid--piece--5-9--gCloud,"scraping-fotocasa-gCloud--12_3_2018,_2_46_43_PM",fotocasa,gCloud,1543865767000,1971.07,3,0,0,,piece--5-9,Las Rozas de Madrid,1,-3.92295,40.5205,-3.91777,40.5153,-3.92036,40.5179
Las Rozas de Madrid--piece--6-0--gCloud,"scraping-fotocasa-gCloud--12_3_2018,_2_46_43_PM",fotocasa,gCloud,1543865776000,1781.25,2,0,0,,piece--6-0,Las Rozas de Madrid,1,-3.91777,40.5676,-3.91259,40.5623,-3.91518,40.565
Las Rozas de Madrid--piece--6-1--gCloud,"scraping-fotocasa-gCloud--12_3_2018,_2_46_43_PM",fotocasa,gCloud,1543865781000,0,0,0,0,,piece--6-1,Las Rozas de Madrid,1,-3.91777,40.5623,-3.91259,40.5571,-3.91518,40.5597
Las Rozas de Madrid--piece--6-10--gCloud,"scraping-fotocasa-gCloud--12_3_2018,_2_46_43_PM",fotocasa,gCloud,1543865792000,2128.72,3,0,0,,piece--6-10,Las Rozas de Madrid,1,-3.91777,40.5153,-3.91259,40.51,-3.91518,40.5126
Las Rozas de Madrid--piece--6-11--gCloud,"scraping-fotocasa-gCloud--12_3_2018,_2_46_43_PM",fotocasa,gCloud,1543865801000,0,0,0,0,,piece--6-11,Las Rozas de Madrid,1,-3.91777,40.51,-3.91259,40.5048,-3.91518,40.5074
Las Rozas de Madrid--piece--6-12--gCloud,"scraping-fotocasa-gCloud--12_3_2018,_2_46_43_PM",fotocasa,gCloud,1543865811000,0,0,0,0,,piece--6-12,Las Rozas de Madrid,1,-3.91777,40.5048,-3.91259,40.4996,-3.91518,40.5022
Las Rozas de Madrid--piece--6-13--gCloud,"scraping-fotocasa-gCloud--12_3_2018,_2_46_43_PM",fotocasa,gCloud,1543865816000,0,0,0,0,,piece--6-13,Las Rozas de Madrid,1,-3.91777,40.4996,-3.91259,40.4943,-3.91518,40.497
Las Rozas de Madrid--piece--6-14--gCloud,"scraping-fotocasa-gCloud--12_3_2018,_2_46_43_PM",fotocasa,gCloud,1543865822000,0,0,0,0,,piece--6-14,Las Rozas de Madrid,1,-3.91777,40.4943,-3.91259,40.4891,-3.91518,40.4917
Las Rozas de Madrid--piece--6-15--gCloud,"scraping-fotocasa-gCloud--12_3_2018,_2_46_43_PM",fotocasa,gCloud,1543865833000,0,0,0,0,,piece--6-15,Las Rozas de Madrid,1,-3.91777,40.4891,-3.91259,40.4839,-3.91518,40.4865
Las Rozas de Madrid--piece--6-16--gCloud,"scraping-fotocasa-gCloud--12_3_2018,_2_46_43_PM",fotocasa,gCloud,1543865841000,0,0,0,0,,piece--6-16,Las Rozas de Madrid,1,-3.91777,40.4839,-3.91259,40.4786,-3.91518,40.4813
Las Rozas de Madrid--piece--6-2--gCloud,"scraping-fotocasa-gCloud--12_3_2018,_2_46_43_PM",fotocasa,gCloud,1543865849000,0,0,0,0,,piece--6-2,Las Rozas de Madrid,1,-3.91777,40.5571,-3.91259,40.5519,-3.91518,40.5545
Las Rozas de Madrid--piece--6-3--gCloud,"scraping-fotocasa-gCloud--12_3_2018,_2_46_43_PM",fotocasa,gCloud,1543865858000,2.75556,1,0,0,,piece--6-3,Las Rozas de Madrid,1,-3.91777,40.5519,-3.91259,40.5467,-3.91518,40.5493
Las Rozas de Madrid--piece--6-4--gCloud,"scraping-fotocasa-gCloud--12_3_2018,_2_46_43_PM",fotocasa,gCloud,1543865863000,1.78161,2,0,0,,piece--6-4,Las Rozas de Madrid,1,-3.91777,40.5467,-3.91259,40.5414,-3.91518,40.544
Las Rozas de Madrid--piece--6-5--gCloud,"scraping-fotocasa-gCloud--12_3_2018,_2_46_43_PM",fotocasa,gCloud,1543865869000,201.052,5,0,0,,piece--6-5,Las Rozas de Madrid,1,-3.91777,40.5414,-3.91259,40.5362,-3.91518,40.5388
Las Rozas de Madrid--piece--6-6--gCloud,"scraping-fotocasa-gCloud--12_3_2018,_2_46_43_PM",fotocasa,gCloud,1543865874000,0,0,0,0,,piece--6-6,Las Rozas de Madrid,1,-3.91777,40.5362,-3.91259,40.531,-3.91518,40.5336
Las Rozas de Madrid--piece--6-7--gCloud,"scraping-fotocasa-gCloud--12_3_2018,_2_46_43_PM",fotocasa,gCloud,1543865883000,0,0,0,0,,piece--6-7,Las Rozas de Madrid,1,-3.91777,40.531,-3.91259,40.5257,-3.91518,40.5283
Las Rozas de Madrid--piece--6-8--gCloud,"scraping-fotocasa-gCloud--12_3_2018,_2_46_43_PM",fotocasa,gCloud,1543865891000,1538.84,2,7.39645,1,,piece--6-8,Las Rozas de Madrid,1,-3.91777,40.5257,-3.91259,40.5205,-3.91518,40.5231
Las Rozas de Madrid--piece--6-9--gCloud,"scraping-fotocasa-gCloud--12_3_2018,_2_46_43_PM",fotocasa,gCloud,1543865900000,1563.15,9,0,0,,piece--6-9,Las Rozas de Madrid,1,-3.91777,40.5205,-3.91259,40.5153,-3.91518,40.5179
Las Rozas de Madrid--piece--7-0--gCloud,"scraping-fotocasa-gCloud--12_3_2018,_2_46_43_PM",fotocasa,gCloud,1543865911000,0,0,0,0,,piece--7-0,Las Rozas de Madrid,1,-3.91259,40.5676,-3.90742,40.5623,-3.91001,40.565
Las Rozas de Madrid--piece--7-1--gCloud,"scraping-fotocasa-gCloud--12_3_2018,_2_46_43_PM",fotocasa,gCloud,1543865919000,0,0,0,0,,piece--7-1,Las Rozas de Madrid,1,-3.91259,40.5623,-3.90742,40.5571,-3.91001,40.5597
Las Rozas de Madrid--piece--7-10--gCloud,"scraping-fotocasa-gCloud--12_3_2018,_2_46_43_PM",fotocasa,gCloud,1543865925000,1996.03,10,9.71345,3,,piece--7-10,Las Rozas de Madrid,1,-3.91259,40.5153,-3.90742,40.51,-3.91001,40.5126
Las Rozas de Madrid--piece--7-11--gCloud,"scraping-fotocasa-gCloud--12_3_2018,_2_46_43_PM",fotocasa,gCloud,1543865931000,1338.63,6,0,0,,piece--7-11,Las Rozas de Madrid,1,-3.91259,40.51,-3.90742,40.5048,-3.91001,40.5074
Las Rozas de Madrid--piece--7-12--gCloud,"scraping-fotocasa-gCloud--12_3_2018,_2_46_43_PM",fotocasa,gCloud,1543865936000,0,0,0,0,,piece--7-12,Las Rozas de Madrid,1,-3.91259,40.5048,-3.90742,40.4996,-3.91001,40.5022
Las Rozas de Madrid--piece--7-13--gCloud,"scraping-fotocasa-gCloud--12_3_2018,_2_46_43_PM",fotocasa,gCloud,1543865941000,0,0,0,0,,piece--7-13,Las Rozas de Madrid,1,-3.91259,40.4996,-3.90742,40.4943,-3.91001,40.497
Las Rozas de Madrid--piece--7-14--gCloud,"scraping-fotocasa-gCloud--12_3_2018,_2_46_43_PM",fotocasa,gCloud,1543865952000,0,0,0,0,,piece--7-14,Las Rozas de Madrid,1,-3.91259,40.4943,-3.90742,40.4891,-3.91001,40.4917
Las Rozas de Madrid--piece--7-15--gCloud,"scraping-fotocasa-gCloud--12_3_2018,_2_46_43_PM",fotocasa,gCloud,1543865958000,0,0,0,0,,piece--7-15,Las Rozas de Madrid,1,-3.91259,40.4891,-3.90742,40.4839,-3.91001,40.4865
Las Rozas de Madrid--piece--7-16--gCloud,"scraping-fotocasa-gCloud--12_3_2018,_2_46_43_PM",fotocasa,gCloud,1543865967000,0,0,0,0,,piece--7-16,Las Rozas de Madrid,1,-3.91259,40.4839,-3.90742,40.4786,-3.91001,40.4813
Las Rozas de Madrid--piece--7-2--gCloud,"scraping-fotocasa-gCloud--12_3_2018,_2_46_43_PM",fotocasa,gCloud,1543865976000,2640.88,1,0,0,,piece--7-2,Las Rozas de Madrid,1,-3.91259,40.5571,-3.90742,40.5519,-3.91001,40.5545
Las Rozas de Madrid--piece--7-3--gCloud,"scraping-fotocasa-gCloud--12_3_2018,_2_46_43_PM",fotocasa,gCloud,1543865982000,951.161,19,10.3306,1,,piece--7-3,Las Rozas de Madrid,1,-3.91259,40.5519,-3.90742,40.5467,-3.91001,40.5493
Las Rozas de Madrid--piece--7-4--gCloud,"scraping-fotocasa-gCloud--12_3_2018,_2_46_43_PM",fotocasa,gCloud,1543865991000,915.865,6,0,0,,piece--7-4,Las Rozas de Madrid,1,-3.91259,40.5467,-3.90742,40.5414,-3.91001,40.544
Las Rozas de Madrid--piece--7-5--gCloud,"scraping-fotocasa-gCloud--12_3_2018,_2_46_43_PM",fotocasa,gCloud,1543865999000,0,0,0,0,,piece--7-5,Las Rozas de Madrid,1,-3.91259,40.5414,-3.90742,40.5362,-3.91001,40.5388
Las Rozas de Madrid--piece--7-6--gCloud,"scraping-fotocasa-gCloud--12_3_2018,_2_46_43_PM",fotocasa,gCloud,1543866008000,1504.91,4,6.66667,1,,piece--7-6,Las Rozas de Madrid,1,-3.91259,40.5362,-3.90742,40.531,-3.91001,40.5336
Las Rozas de Madrid--piece--7-7--gCloud,"scraping-fotocasa-gCloud--12_3_2018,_2_46_43_PM",fotocasa,gCloud,1543866021000,1052.57,2,0,0,,piece--7-7,Las Rozas de Madrid,1,-3.91259,40.531,-3.90742,40.5257,-3.91001,40.5283
Las Rozas de Madrid--piece--7-8--gCloud,"scraping-fotocasa-gCloud--12_3_2018,_2_46_43_PM",fotocasa,gCloud,1543866029000,1719.17,3,0,0,,piece--7-8,Las Rozas de Madrid,1,-3.91259,40.5257,-3.90742,40.5205,-3.91001,40.5231
Las Rozas de Madrid--piece--7-9--gCloud,"scraping-fotocasa-gCloud--12_3_2018,_2_46_43_PM",fotocasa,gCloud,1543866041000,1563.02,12,0,0,,piece--7-9,Las Rozas de Madrid,1,-3.91259,40.5205,-3.90742,40.5153,-3.91001,40.5179
Las Rozas de Madrid--piece--8-0--gCloud,"scraping-fotocasa-gCloud--12_3_2018,_2_46_43_PM",fotocasa,gCloud,1543866052000,1714.46,4,0,0,,piece--8-0,Las Rozas de Madrid,1,-3.90742,40.5676,-3.90224,40.5623,-3.90483,40.565
Las Rozas de Madrid--piece--8-1--gCloud,"scraping-fotocasa-gCloud--12_3_2018,_2_46_43_PM",fotocasa,gCloud,1543866060000,1134.71,1,0,0,,piece--8-1,Las Rozas de Madrid,1,-3.90742,40.5623,-3.90224,40.5571,-3.90483,40.5597
Las Rozas de Madrid--piece--8-10--gCloud,"scraping-fotocasa-gCloud--12_3_2018,_2_46_43_PM",fotocasa,gCloud,1543866069000,1626.86,3,0,0,,piece--8-10,Las Rozas de Madrid,1,-3.90742,40.5153,-3.90224,40.51,-3.90483,40.5126
Las Rozas de Madrid--piece--8-11--gCloud,"scraping-fotocasa-gCloud--12_3_2018,_2_46_43_PM",fotocasa,gCloud,1543866082000,1451,13,11.5972,2,,piece--8-11,Las Rozas de Madrid,1,-3.90742,40.51,-3.90224,40.5048,-3.90483,40.5074
Las Rozas de Madrid--piece--8-12--gCloud,"scraping-fotocasa-gCloud--12_3_2018,_2_46_43_PM",fotocasa,gCloud,1543866092000,0,0,0,0,,piece--8-12,Las Rozas de Madrid,1,-3.90742,40.5048,-3.90224,40.4996,-3.90483,40.5022
Las Rozas de Madrid--piece--8-13--gCloud,"scraping-fotocasa-gCloud--12_3_2018,_2_46_43_PM",fotocasa,gCloud,1543866104000,0,0,0,0,,piece--8-13,Las Rozas de Madrid,1,-3.90742,40.4996,-3.90224,40.4943,-3.90483,40.497
Las Rozas de Madrid--piece--8-14--gCloud,"scraping-fotocasa-gCloud--12_3_2018,_2_46_43_PM",fotocasa,gCloud,1543866109000,0,0,0,0,,piece--8-14,Las Rozas de Madrid,1,-3.90742,40.4943,-3.90224,40.4891,-3.90483,40.4917
Las Rozas de Madrid--piece--8-15--gCloud,"scraping-fotocasa-gCloud--12_3_2018,_2_46_43_PM",fotocasa,gCloud,1543866123000,0,0,0,0,,piece--8-15,Las Rozas de Madrid,1,-3.90742,40.4891,-3.90224,40.4839,-3.90483,40.4865
Las Rozas de Madrid--piece--8-16--gCloud,"scraping-fotocasa-gCloud--12_3_2018,_2_46_43_PM",fotocasa,gCloud,1543866128000,0,0,0,0,,piece--8-16,Las Rozas de Madrid,1,-3.90742,40.4839,-3.90224,40.4786,-3.90483,40.4813
Las Rozas de Madrid--piece--8-2--gCloud,"scraping-fotocasa-gCloud--12_3_2018,_2_46_43_PM",fotocasa,gCloud,1543866134000,1912.7,4,0,0,,piece--8-2,Las Rozas de Madrid,1,-3.90742,40.5571,-3.90224,40.5519,-3.90483,40.5545
Las Rozas de Madrid--piece--8-3--gCloud,"scraping-fotocasa-gCloud--12_3_2018,_2_46_43_PM",fotocasa,gCloud,1543866143000,1565.28,8,0,0,,piece--8-3,Las Rozas de Madrid,1,-3.90742,40.5519,-3.90224,40.5467,-3.90483,40.5493
Las Rozas de Madrid--piece--8-4--gCloud,"scraping-fotocasa-gCloud--12_3_2018,_2_46_43_PM",fotocasa,gCloud,1543866156000,485.485,6,15.4444,1,,piece--8-4,Las Rozas de Madrid,1,-3.90742,40.5467,-3.90224,40.5414,-3.90483,40.544
Las Rozas de Madrid--piece--8-5--gCloud,"scraping-fotocasa-gCloud--12_3_2018,_2_46_43_PM",fotocasa,gCloud,1543866161000,0,0,0,0,,piece--8-5,Las Rozas de Madrid,1,-3.90742,40.5414,-3.90224,40.5362,-3.90483,40.5388
Las Rozas de Madrid--piece--8-6--gCloud,"scraping-fotocasa-gCloud--12_3_2018,_2_46_43_PM",fotocasa,gCloud,1543866183000,746.494,7,0,0,,piece--8-6,Las Rozas de Madrid,1,-3.90742,40.5362,-3.90224,40.531,-3.90483,40.5336
Las Rozas de Madrid--piece--8-7--gCloud,"scraping-fotocasa-gCloud--12_3_2018,_2_46_43_PM",fotocasa,gCloud,1543866191000,1.40822,3,0,0,,piece--8-7,Las Rozas de Madrid,1,-3.90742,40.531,-3.90224,40.5257,-3.90483,40.5283
Las Rozas de Madrid--piece--8-8--gCloud,"scraping-fotocasa-gCloud--12_3_2018,_2_46_43_PM",fotocasa,gCloud,1543866200000,2183.98,8,0,0,,piece--8-8,Las Rozas de Madrid,1,-3.90742,40.5257,-3.90224,40.5205,-3.90483,40.5231
Las Rozas de Madrid--piece--8-9--gCloud,"scraping-fotocasa-gCloud--12_3_2018,_2_46_43_PM",fotocasa,gCloud,1543866208000,1625,3,0,0,,piece--8-9,Las Rozas de Madrid,1,-3.90742,40.5205,-3.90224,40.5153,-3.90483,40.5179
Las Rozas de Madrid--piece--9-0--gCloud,"scraping-fotocasa-gCloud--12_3_2018,_2_46_43_PM",fotocasa,gCloud,1543866214000,1797.84,13,0,0,,piece--9-0,Las Rozas de Madrid,1,-3.90224,40.5676,-3.89707,40.5623,-3.89966,40.565
Las Rozas de Madrid--piece--9-1--gCloud,"scraping-fotocasa-gCloud--12_3_2018,_2_46_43_PM",fotocasa,gCloud,1543866226000,1799.52,15,0,0,,piece--9-1,Las Rozas de Madrid,1,-3.90224,40.5623,-3.89707,40.5571,-3.89966,40.5597
Las Rozas de Madrid--piece--9-10--gCloud,"scraping-fotocasa-gCloud--12_3_2018,_2_46_43_PM",fotocasa,gCloud,1543866234000,0,0,0,0,,piece--9-10,Las Rozas de Madrid,1,-3.90224,40.5153,-3.89707,40.51,-3.89966,40.5126
Las Rozas de Madrid--piece--9-11--gCloud,"scraping-fotocasa-gCloud--12_3_2018,_2_46_43_PM",fotocasa,gCloud,1543866252000,0,0,0,0,,piece--9-11,Las Rozas de Madrid,1,-3.90224,40.51,-3.89707,40.5048,-3.89966,40.5074
Las Rozas de Madrid--piece--9-12--gCloud,"scraping-fotocasa-gCloud--12_3_2018,_2_46_43_PM",fotocasa,gCloud,1543866260000,0,0,0,0,,piece--9-12,Las Rozas de Madrid,1,-3.90224,40.5048,-3.89707,40.4996,-3.89966,40.5022
Las Rozas de Madrid--piece--9-13--gCloud,"scraping-fotocasa-gCloud--12_3_2018,_2_46_43_PM",fotocasa,gCloud,1543866265000,7047.24,1,0,0,,piece--9-13,Las Rozas de Madrid,1,-3.90224,40.4996,-3.89707,40.4943,-3.89966,40.497
Las Rozas de Madrid--piece--9-14--gCloud,"scraping-fotocasa-gCloud--12_3_2018,_2_46_43_PM",fotocasa,gCloud,1543866277000,0,0,0,0,,piece--9-14,Las Rozas de Madrid,1,-3.90224,40.4943,-3.89707,40.4891,-3.89966,40.4917
Las Rozas de Madrid--piece--9-15--gCloud,"scraping-fotocasa-gCloud--12_3_2018,_2_46_43_PM",fotocasa,gCloud,1543866294000,0,0,0,0,,piece--9-15,Las Rozas de Madrid,1,-3.90224,40.4891,-3.89707,40.4839,-3.89966,40.4865
Las Rozas de Madrid--piece--9-16--gCloud,"scraping-fotocasa-gCloud--12_3_2018,_2_46_43_PM",fotocasa,gCloud,1543866302000,0,0,0,0,,piece--9-16,Las Rozas de Madrid,1,-3.90224,40.4839,-3.89707,40.4786,-3.89966,40.4813
Las Rozas de Madrid--piece--9-2--gCloud,"scraping-fotocasa-gCloud--12_3_2018,_2_46_43_PM",fotocasa,gCloud,1543866311000,1625.47,9,10.7477,1,,piece--9-2,Las Rozas de Madrid,1,-3.90224,40.5571,-3.89707,40.5519,-3.89966,40.5545
Las Rozas de Madrid--piece--9-3--gCloud,"scraping-fotocasa-gCloud--12_3_2018,_2_46_43_PM",fotocasa,gCloud,1543866318000,305.805,6,0,0,,piece--9-3,Las Rozas de Madrid,1,-3.90224,40.5519,-3.89707,40.5467,-3.89966,40.5493
Las Rozas de Madrid--piece--9-4--gCloud,"scraping-fotocasa-gCloud--12_3_2018,_2_46_43_PM",fotocasa,gCloud,1543866335000,2997.74,5,0,0,,piece--9-4,Las Rozas de Madrid,1,-3.90224,40.5467,-3.89707,40.5414,-3.89966,40.544
Las Rozas de Madrid--piece--9-5--gCloud,"scraping-fotocasa-gCloud--12_3_2018,_2_46_43_PM",fotocasa,gCloud,1543866344000,2321.91,12,6.42202,1,,piece--9-5,Las Rozas de Madrid,1,-3.90224,40.5414,-3.89707,40.5362,-3.89966,40.5388
Las Rozas de Madrid--piece--9-6--gCloud,"scraping-fotocasa-gCloud--12_3_2018,_2_46_43_PM",fotocasa,gCloud,1543866363000,2314.13,10,14.5,1,,piece--9-6,Las Rozas de Madrid,1,-3.90224,40.5362,-3.89707,40.531,-3.89966,40.5336
Las Rozas de Madrid--piece--9-7--gCloud,"scraping-fotocasa-gCloud--12_3_2018,_2_46_43_PM",fotocasa,gCloud,1543866369000,3225.81,1,0,0,,piece--9-7,Las Rozas de Madrid,1,-3.90224,40.531,-3.89707,40.5257,-3.89966,40.5283
Las Rozas de Madrid--piece--9-8--gCloud,"scraping-fotocasa-gCloud--12_3_2018,_2_46_43_PM",fotocasa,gCloud,1543866382000,0,0,0,0,,piece--9-8,Las Rozas de Madrid,1,-3.90224,40.5257,-3.89707,40.5205,-3.89966,40.5231
Las Rozas de Madrid--piece--9-9--gCloud,"scraping-fotocasa-gCloud--12_3_2018,_2_46_43_PM",fotocasa,gCloud,1543866388000,3136,4,0,0,,piece--9-9,Las Rozas de Madrid,1,-3.90224,40.5205,-3.89707,40.5153,-3.89966,40.5179
