piece_id,scraping_id,app_id,device_id,date_scraped,average_prize_buy,number_of_ads_buy,average_prize_rent,number_of_ads_rent,extra_data,piece_name,city_name,scraped,bounding_box1_x,bounding_box1_y,bounding_box2_x,bounding_box2_y,center_point_x,center_point_y,geojson_coordinates,method
Las Rozas de Madrid--piece--0-0--raspberry3bp,scraping-airbnb-raspberry3bp--2018-11-29_14_04_43,airbnb,raspberry3bp,1544129832000,0,0,0,0,,piece--0-0,Las Rozas de Madrid,0,-3.94882,40.5676,-3.94365,40.5623,-3.94624,40.565,,
Las Rozas de Madrid--piece--0-1--raspberry3bp,scraping-airbnb-raspberry3bp--2018-11-29_14_04_43,airbnb,raspberry3bp,1544129850000,0,0,0,0,,piece--0-1,Las Rozas de Madrid,0,-3.94882,40.5623,-3.94365,40.5571,-3.94624,40.5597,,
Las Rozas de Madrid--piece--0-10--raspberry3bp,scraping-airbnb-raspberry3bp--2018-11-29_14_04_43,airbnb,raspberry3bp,1544129866000,0,0,0,0,,piece--0-10,Las Rozas de Madrid,0,-3.94882,40.5153,-3.94365,40.51,-3.94624,40.5126,,
Las Rozas de Madrid--piece--0-11--raspberry3bp,scraping-airbnb-raspberry3bp--2018-11-29_14_04_43,airbnb,raspberry3bp,1544129881000,0,0,0,0,,piece--0-11,Las Rozas de Madrid,0,-3.94882,40.51,-3.94365,40.5048,-3.94624,40.5074,,
Las Rozas de Madrid--piece--0-12--raspberry3bp,scraping-airbnb-raspberry3bp--2018-11-29_14_04_43,airbnb,raspberry3bp,1544129905000,0,0,0,0,,piece--0-12,Las Rozas de Madrid,0,-3.94882,40.5048,-3.94365,40.4996,-3.94624,40.5022,,
Las Rozas de Madrid--piece--0-13--raspberry3bp,scraping-airbnb-raspberry3bp--2018-11-29_14_04_43,airbnb,raspberry3bp,1544129932000,0,0,0,0,,piece--0-13,Las Rozas de Madrid,0,-3.94882,40.4996,-3.94365,40.4943,-3.94624,40.497,,
Las Rozas de Madrid--piece--0-14--raspberry3bp,scraping-airbnb-raspberry3bp--2018-11-29_14_04_43,airbnb,raspberry3bp,1544129953000,0,0,0,0,,piece--0-14,Las Rozas de Madrid,0,-3.94882,40.4943,-3.94365,40.4891,-3.94624,40.4917,,
Las Rozas de Madrid--piece--0-15--raspberry3bp,scraping-airbnb-raspberry3bp--2018-11-29_14_04_43,airbnb,raspberry3bp,1544129980000,0,0,0,2,,piece--0-15,Las Rozas de Madrid,0,-3.94882,40.4891,-3.94365,40.4839,-3.94624,40.4865,,
Las Rozas de Madrid--piece--0-16--raspberry3bp,scraping-airbnb-raspberry3bp--2018-11-29_14_04_43,airbnb,raspberry3bp,1544130000000,0,0,0,1,,piece--0-16,Las Rozas de Madrid,0,-3.94882,40.4839,-3.94365,40.4786,-3.94624,40.4813,,
Las Rozas de Madrid--piece--0-2--raspberry3bp,scraping-airbnb-raspberry3bp--2018-11-29_14_04_43,airbnb,raspberry3bp,1544130016000,0,0,0,0,,piece--0-2,Las Rozas de Madrid,0,-3.94882,40.5571,-3.94365,40.5519,-3.94624,40.5545,,
Las Rozas de Madrid--piece--0-3--raspberry3bp,scraping-airbnb-raspberry3bp--2018-11-29_14_04_43,airbnb,raspberry3bp,1544130037000,0,0,0,0,,piece--0-3,Las Rozas de Madrid,0,-3.94882,40.5519,-3.94365,40.5467,-3.94624,40.5493,,
Las Rozas de Madrid--piece--0-4--raspberry3bp,scraping-airbnb-raspberry3bp--2018-11-29_14_04_43,airbnb,raspberry3bp,1544130068000,0,0,0,0,,piece--0-4,Las Rozas de Madrid,0,-3.94882,40.5467,-3.94365,40.5414,-3.94624,40.544,,
Las Rozas de Madrid--piece--0-5--raspberry3bp,scraping-airbnb-raspberry3bp--2018-11-29_14_04_43,airbnb,raspberry3bp,1544130084000,0,0,0,1,,piece--0-5,Las Rozas de Madrid,0,-3.94882,40.5414,-3.94365,40.5362,-3.94624,40.5388,,
Las Rozas de Madrid--piece--0-6--raspberry3bp,scraping-airbnb-raspberry3bp--2018-11-29_14_04_43,airbnb,raspberry3bp,1544130099000,0,0,0,1,,piece--0-6,Las Rozas de Madrid,0,-3.94882,40.5362,-3.94365,40.531,-3.94624,40.5336,,
Las Rozas de Madrid--piece--0-7--raspberry3bp,scraping-airbnb-raspberry3bp--2018-11-29_14_04_43,airbnb,raspberry3bp,1544130124000,0,0,0,0,,piece--0-7,Las Rozas de Madrid,0,-3.94882,40.531,-3.94365,40.5257,-3.94624,40.5283,,
Las Rozas de Madrid--piece--0-8--raspberry3bp,scraping-airbnb-raspberry3bp--2018-11-29_14_04_43,airbnb,raspberry3bp,1544130146000,0,0,0,0,,piece--0-8,Las Rozas de Madrid,0,-3.94882,40.5257,-3.94365,40.5205,-3.94624,40.5231,,
Las Rozas de Madrid--piece--0-9--raspberry3bp,scraping-airbnb-raspberry3bp--2018-11-29_14_04_43,airbnb,raspberry3bp,1544130158000,0,0,0,0,,piece--0-9,Las Rozas de Madrid,0,-3.94882,40.5205,-3.94365,40.5153,-3.94624,40.5179,,
Las Rozas de Madrid--piece--1-0--raspberry3bp,scraping-airbnb-raspberry3bp--2018-11-29_14_04_43,airbnb,raspberry3bp,1544130176000,0,0,0,0,,piece--1-0,Las Rozas de Madrid,0,-3.94365,40.5676,-3.93847,40.5623,-3.94106,40.565,,
Las Rozas de Madrid--piece--1-1--raspberry3bp,scraping-airbnb-raspberry3bp--2018-11-29_14_04_43,airbnb,raspberry3bp,1544130197000,0,0,0,0,,piece--1-1,Las Rozas de Madrid,0,-3.94365,40.5623,-3.93847,40.5571,-3.94106,40.5597,,
Las Rozas de Madrid--piece--1-10--raspberry3bp,scraping-airbnb-raspberry3bp--2018-11-29_14_04_43,airbnb,raspberry3bp,1544130216000,0,0,0,0,,piece--1-10,Las Rozas de Madrid,0,-3.94365,40.5153,-3.93847,40.51,-3.94106,40.5126,,
Las Rozas de Madrid--piece--1-11--raspberry3bp,scraping-airbnb-raspberry3bp--2018-11-29_14_04_43,airbnb,raspberry3bp,1544130231000,0,0,0,0,,piece--1-11,Las Rozas de Madrid,0,-3.94365,40.51,-3.93847,40.5048,-3.94106,40.5074,,
Las Rozas de Madrid--piece--1-12--raspberry3bp,scraping-airbnb-raspberry3bp--2018-11-29_14_04_43,airbnb,raspberry3bp,1544130249000,0,0,0,0,,piece--1-12,Las Rozas de Madrid,0,-3.94365,40.5048,-3.93847,40.4996,-3.94106,40.5022,,
Las Rozas de Madrid--piece--1-13--raspberry3bp,scraping-airbnb-raspberry3bp--2018-11-29_14_04_43,airbnb,raspberry3bp,1544130275000,0,0,0,0,,piece--1-13,Las Rozas de Madrid,0,-3.94365,40.4996,-3.93847,40.4943,-3.94106,40.497,,
Las Rozas de Madrid--piece--1-14--raspberry3bp,scraping-airbnb-raspberry3bp--2018-11-29_14_04_43,airbnb,raspberry3bp,1544130293000,0,0,0,0,,piece--1-14,Las Rozas de Madrid,0,-3.94365,40.4943,-3.93847,40.4891,-3.94106,40.4917,,
Las Rozas de Madrid--piece--1-15--raspberry3bp,scraping-airbnb-raspberry3bp--2018-11-29_14_04_43,airbnb,raspberry3bp,1544130306000,0,0,0,0,,piece--1-15,Las Rozas de Madrid,0,-3.94365,40.4891,-3.93847,40.4839,-3.94106,40.4865,,
Las Rozas de Madrid--piece--1-16--raspberry3bp,scraping-airbnb-raspberry3bp--2018-11-29_14_04_43,airbnb,raspberry3bp,1544130319000,0,0,0,2,,piece--1-16,Las Rozas de Madrid,0,-3.94365,40.4839,-3.93847,40.4786,-3.94106,40.4813,,
Las Rozas de Madrid--piece--1-2--raspberry3bp,scraping-airbnb-raspberry3bp--2018-11-29_14_04_43,airbnb,raspberry3bp,1544130331000,0,0,0,0,,piece--1-2,Las Rozas de Madrid,0,-3.94365,40.5571,-3.93847,40.5519,-3.94106,40.5545,,
Las Rozas de Madrid--piece--1-3--raspberry3bp,scraping-airbnb-raspberry3bp--2018-11-29_14_04_43,airbnb,raspberry3bp,1544130347000,0,0,0,0,,piece--1-3,Las Rozas de Madrid,0,-3.94365,40.5519,-3.93847,40.5467,-3.94106,40.5493,,
Las Rozas de Madrid--piece--1-4--raspberry3bp,scraping-airbnb-raspberry3bp--2018-11-29_14_04_43,airbnb,raspberry3bp,1544130375000,0,0,0,0,,piece--1-4,Las Rozas de Madrid,0,-3.94365,40.5467,-3.93847,40.5414,-3.94106,40.544,,
Las Rozas de Madrid--piece--1-5--raspberry3bp,scraping-airbnb-raspberry3bp--2018-11-29_14_04_43,airbnb,raspberry3bp,1544130391000,0,0,3,2,,piece--1-5,Las Rozas de Madrid,0,-3.94365,40.5414,-3.93847,40.5362,-3.94106,40.5388,,
Las Rozas de Madrid--piece--1-6--raspberry3bp,scraping-airbnb-raspberry3bp--2018-11-29_14_04_43,airbnb,raspberry3bp,1544130404000,0,0,0,0,,piece--1-6,Las Rozas de Madrid,0,-3.94365,40.5362,-3.93847,40.531,-3.94106,40.5336,,
Las Rozas de Madrid--piece--1-7--raspberry3bp,scraping-airbnb-raspberry3bp--2018-11-29_14_04_43,airbnb,raspberry3bp,1544130419000,0,0,0,0,,piece--1-7,Las Rozas de Madrid,0,-3.94365,40.531,-3.93847,40.5257,-3.94106,40.5283,,
Las Rozas de Madrid--piece--1-8--raspberry3bp,scraping-airbnb-raspberry3bp--2018-11-29_14_04_43,airbnb,raspberry3bp,1544130434000,0,0,0,0,,piece--1-8,Las Rozas de Madrid,0,-3.94365,40.5257,-3.93847,40.5205,-3.94106,40.5231,,
Las Rozas de Madrid--piece--1-9--raspberry3bp,scraping-airbnb-raspberry3bp--2018-11-29_14_04_43,airbnb,raspberry3bp,1544130452000,0,0,0,0,,piece--1-9,Las Rozas de Madrid,0,-3.94365,40.5205,-3.93847,40.5153,-3.94106,40.5179,,
Las Rozas de Madrid--piece--10-0--raspberry3bp,scraping-airbnb-raspberry3bp--2018-11-29_14_04_43,airbnb,raspberry3bp,1544130468000,0,0,0,0,,piece--10-0,Las Rozas de Madrid,0,-3.89707,40.5676,-3.89189,40.5623,-3.89448,40.565,,
Las Rozas de Madrid--piece--10-1--raspberry3bp,scraping-airbnb-raspberry3bp--2018-11-29_14_04_43,airbnb,raspberry3bp,1544130493000,0,0,0,0,,piece--10-1,Las Rozas de Madrid,0,-3.89707,40.5623,-3.89189,40.5571,-3.89448,40.5597,,
Las Rozas de Madrid--piece--10-10--raspberry3bp,scraping-airbnb-raspberry3bp--2018-11-29_14_04_43,airbnb,raspberry3bp,1544130509000,0,0,0,0,,piece--10-10,Las Rozas de Madrid,0,-3.89707,40.5153,-3.89189,40.51,-3.89448,40.5126,,
Las Rozas de Madrid--piece--10-11--raspberry3bp,scraping-airbnb-raspberry3bp--2018-11-29_14_04_43,airbnb,raspberry3bp,1544130530000,0,0,0,6,,piece--10-11,Las Rozas de Madrid,0,-3.89707,40.51,-3.89189,40.5048,-3.89448,40.5074,,
Las Rozas de Madrid--piece--10-12--raspberry3bp,scraping-airbnb-raspberry3bp--2018-11-29_14_04_43,airbnb,raspberry3bp,1544130556000,0,0,0,0,,piece--10-12,Las Rozas de Madrid,0,-3.89707,40.5048,-3.89189,40.4996,-3.89448,40.5022,,
Las Rozas de Madrid--piece--10-13--raspberry3bp,scraping-airbnb-raspberry3bp--2018-11-29_14_04_43,airbnb,raspberry3bp,1544130573000,0,0,0,0,,piece--10-13,Las Rozas de Madrid,0,-3.89707,40.4996,-3.89189,40.4943,-3.89448,40.497,,
Las Rozas de Madrid--piece--10-14--raspberry3bp,scraping-airbnb-raspberry3bp--2018-11-29_14_04_43,airbnb,raspberry3bp,1544130588000,0,0,0,0,,piece--10-14,Las Rozas de Madrid,0,-3.89707,40.4943,-3.89189,40.4891,-3.89448,40.4917,,
Las Rozas de Madrid--piece--10-15--raspberry3bp,scraping-airbnb-raspberry3bp--2018-11-29_14_04_43,airbnb,raspberry3bp,1544130605000,0,0,0,0,,piece--10-15,Las Rozas de Madrid,0,-3.89707,40.4891,-3.89189,40.4839,-3.89448,40.4865,,
Las Rozas de Madrid--piece--10-16--raspberry3bp,scraping-airbnb-raspberry3bp--2018-11-29_14_04_43,airbnb,raspberry3bp,1544130617000,0,0,0,0,,piece--10-16,Las Rozas de Madrid,0,-3.89707,40.4839,-3.89189,40.4786,-3.89448,40.4813,,
Las Rozas de Madrid--piece--10-2--raspberry3bp,scraping-airbnb-raspberry3bp--2018-11-29_14_04_43,airbnb,raspberry3bp,1544130643000,0,0,0,0,,piece--10-2,Las Rozas de Madrid,0,-3.89707,40.5571,-3.89189,40.5519,-3.89448,40.5545,,
Las Rozas de Madrid--piece--10-3--raspberry3bp,scraping-airbnb-raspberry3bp--2018-11-29_14_04_43,airbnb,raspberry3bp,1544130660000,0,0,2,1,,piece--10-3,Las Rozas de Madrid,0,-3.89707,40.5519,-3.89189,40.5467,-3.89448,40.5493,,
Las Rozas de Madrid--piece--10-4--raspberry3bp,scraping-airbnb-raspberry3bp--2018-11-29_14_04_43,airbnb,raspberry3bp,1544130675000,0,0,0,0,,piece--10-4,Las Rozas de Madrid,0,-3.89707,40.5467,-3.89189,40.5414,-3.89448,40.544,,
Las Rozas de Madrid--piece--10-5--raspberry3bp,scraping-airbnb-raspberry3bp--2018-11-29_14_04_43,airbnb,raspberry3bp,1544130703000,0,0,0,0,,piece--10-5,Las Rozas de Madrid,0,-3.89707,40.5414,-3.89189,40.5362,-3.89448,40.5388,,
Las Rozas de Madrid--piece--10-6--raspberry3bp,scraping-airbnb-raspberry3bp--2018-11-29_14_04_43,airbnb,raspberry3bp,1544130725000,0,0,0,0,,piece--10-6,Las Rozas de Madrid,0,-3.89707,40.5362,-3.89189,40.531,-3.89448,40.5336,,
Las Rozas de Madrid--piece--10-7--raspberry3bp,scraping-airbnb-raspberry3bp--2018-11-29_14_04_43,airbnb,raspberry3bp,1544130745000,0,0,0,0,,piece--10-7,Las Rozas de Madrid,0,-3.89707,40.531,-3.89189,40.5257,-3.89448,40.5283,,
Las Rozas de Madrid--piece--10-8--raspberry3bp,scraping-airbnb-raspberry3bp--2018-11-29_14_04_43,airbnb,raspberry3bp,1544130761000,0,0,0,0,,piece--10-8,Las Rozas de Madrid,0,-3.89707,40.5257,-3.89189,40.5205,-3.89448,40.5231,,
Las Rozas de Madrid--piece--10-9--raspberry3bp,scraping-airbnb-raspberry3bp--2018-11-29_14_04_43,airbnb,raspberry3bp,1544130778000,0,0,0,0,,piece--10-9,Las Rozas de Madrid,0,-3.89707,40.5205,-3.89189,40.5153,-3.89448,40.5179,,
Las Rozas de Madrid--piece--11-0--raspberry3bp,scraping-airbnb-raspberry3bp--2018-11-29_14_04_43,airbnb,raspberry3bp,1544130792000,0,0,0,0,,piece--11-0,Las Rozas de Madrid,0,-3.89189,40.5676,-3.88672,40.5623,-3.8893,40.565,,
Las Rozas de Madrid--piece--11-1--raspberry3bp,scraping-airbnb-raspberry3bp--2018-11-29_14_04_43,airbnb,raspberry3bp,1544130806000,0,0,0,0,,piece--11-1,Las Rozas de Madrid,0,-3.89189,40.5623,-3.88672,40.5571,-3.8893,40.5597,,
Las Rozas de Madrid--piece--11-10--raspberry3bp,scraping-airbnb-raspberry3bp--2018-11-29_14_04_43,airbnb,raspberry3bp,1544130828000,0,0,0,0,,piece--11-10,Las Rozas de Madrid,0,-3.89189,40.5153,-3.88672,40.51,-3.8893,40.5126,,
Las Rozas de Madrid--piece--11-11--raspberry3bp,scraping-airbnb-raspberry3bp--2018-11-29_14_04_43,airbnb,raspberry3bp,1544130851000,0,0,0,0,,piece--11-11,Las Rozas de Madrid,0,-3.89189,40.51,-3.88672,40.5048,-3.8893,40.5074,,
Las Rozas de Madrid--piece--11-12--raspberry3bp,scraping-airbnb-raspberry3bp--2018-11-29_14_04_43,airbnb,raspberry3bp,1544130874000,0,0,0,0,,piece--11-12,Las Rozas de Madrid,0,-3.89189,40.5048,-3.88672,40.4996,-3.8893,40.5022,,
Las Rozas de Madrid--piece--11-13--raspberry3bp,scraping-airbnb-raspberry3bp--2018-11-29_14_04_43,airbnb,raspberry3bp,1544130898000,0,0,0,0,,piece--11-13,Las Rozas de Madrid,0,-3.89189,40.4996,-3.88672,40.4943,-3.8893,40.497,,
Las Rozas de Madrid--piece--11-14--raspberry3bp,scraping-airbnb-raspberry3bp--2018-11-29_14_04_43,airbnb,raspberry3bp,1544130922000,0,0,0,0,,piece--11-14,Las Rozas de Madrid,0,-3.89189,40.4943,-3.88672,40.4891,-3.8893,40.4917,,
Las Rozas de Madrid--piece--11-15--raspberry3bp,scraping-airbnb-raspberry3bp--2018-11-29_14_04_43,airbnb,raspberry3bp,1544130944000,0,0,0,0,,piece--11-15,Las Rozas de Madrid,0,-3.89189,40.4891,-3.88672,40.4839,-3.8893,40.4865,,
Las Rozas de Madrid--piece--11-16--raspberry3bp,scraping-airbnb-raspberry3bp--2018-11-29_14_04_43,airbnb,raspberry3bp,1544130957000,0,0,0,0,,piece--11-16,Las Rozas de Madrid,0,-3.89189,40.4839,-3.88672,40.4786,-3.8893,40.4813,,
Las Rozas de Madrid--piece--11-2--raspberry3bp,scraping-airbnb-raspberry3bp--2018-11-29_14_04_43,airbnb,raspberry3bp,1544130974000,0,0,0,0,,piece--11-2,Las Rozas de Madrid,0,-3.89189,40.5571,-3.88672,40.5519,-3.8893,40.5545,,
Las Rozas de Madrid--piece--11-3--raspberry3bp,scraping-airbnb-raspberry3bp--2018-11-29_14_04_43,airbnb,raspberry3bp,1544130994000,0,0,0,0,,piece--11-3,Las Rozas de Madrid,0,-3.89189,40.5519,-3.88672,40.5467,-3.8893,40.5493,,
Las Rozas de Madrid--piece--11-4--raspberry3bp,scraping-airbnb-raspberry3bp--2018-11-29_14_04_43,airbnb,raspberry3bp,1544131010000,0,0,0,0,,piece--11-4,Las Rozas de Madrid,0,-3.89189,40.5467,-3.88672,40.5414,-3.8893,40.544,,
Las Rozas de Madrid--piece--11-5--raspberry3bp,scraping-airbnb-raspberry3bp--2018-11-29_14_04_43,airbnb,raspberry3bp,1544131042000,0,0,0,0,,piece--11-5,Las Rozas de Madrid,0,-3.89189,40.5414,-3.88672,40.5362,-3.8893,40.5388,,
Las Rozas de Madrid--piece--11-6--raspberry3bp,scraping-airbnb-raspberry3bp--2018-11-29_14_04_43,airbnb,raspberry3bp,1544131063000,0,0,0,0,,piece--11-6,Las Rozas de Madrid,0,-3.89189,40.5362,-3.88672,40.531,-3.8893,40.5336,,
Las Rozas de Madrid--piece--11-7--raspberry3bp,scraping-airbnb-raspberry3bp--2018-11-29_14_04_43,airbnb,raspberry3bp,1544131084000,0,0,0,0,,piece--11-7,Las Rozas de Madrid,0,-3.89189,40.531,-3.88672,40.5257,-3.8893,40.5283,,
Las Rozas de Madrid--piece--11-8--raspberry3bp,scraping-airbnb-raspberry3bp--2018-11-29_14_04_43,airbnb,raspberry3bp,1544131112000,0,0,0,0,,piece--11-8,Las Rozas de Madrid,0,-3.89189,40.5257,-3.88672,40.5205,-3.8893,40.5231,,
Las Rozas de Madrid--piece--11-9--raspberry3bp,scraping-airbnb-raspberry3bp--2018-11-29_14_04_43,airbnb,raspberry3bp,1544131128000,0,0,0,0,,piece--11-9,Las Rozas de Madrid,0,-3.89189,40.5205,-3.88672,40.5153,-3.8893,40.5179,,
Las Rozas de Madrid--piece--12-0--raspberry3bp,scraping-airbnb-raspberry3bp--2018-11-29_14_04_43,airbnb,raspberry3bp,1544131143000,0,0,0,0,,piece--12-0,Las Rozas de Madrid,0,-3.88672,40.5676,-3.88154,40.5623,-3.88413,40.565,,
Las Rozas de Madrid--piece--12-1--raspberry3bp,scraping-airbnb-raspberry3bp--2018-11-29_14_04_43,airbnb,raspberry3bp,1544131167000,0,0,0,0,,piece--12-1,Las Rozas de Madrid,0,-3.88672,40.5623,-3.88154,40.5571,-3.88413,40.5597,,
Las Rozas de Madrid--piece--12-10--raspberry3bp,scraping-airbnb-raspberry3bp--2018-11-29_14_04_43,airbnb,raspberry3bp,1544131183000,0,0,0,0,,piece--12-10,Las Rozas de Madrid,0,-3.88672,40.5153,-3.88154,40.51,-3.88413,40.5126,,
Las Rozas de Madrid--piece--12-11--raspberry3bp,scraping-airbnb-raspberry3bp--2018-11-29_14_04_43,airbnb,raspberry3bp,1544131195000,0,0,0,0,,piece--12-11,Las Rozas de Madrid,0,-3.88672,40.51,-3.88154,40.5048,-3.88413,40.5074,,
Las Rozas de Madrid--piece--12-12--raspberry3bp,scraping-airbnb-raspberry3bp--2018-11-29_14_04_43,airbnb,raspberry3bp,1544131218000,0,0,0,0,,piece--12-12,Las Rozas de Madrid,0,-3.88672,40.5048,-3.88154,40.4996,-3.88413,40.5022,,
Las Rozas de Madrid--piece--12-13--raspberry3bp,scraping-airbnb-raspberry3bp--2018-11-29_14_04_43,airbnb,raspberry3bp,1544131236000,0,0,2,2,,piece--12-13,Las Rozas de Madrid,0,-3.88672,40.4996,-3.88154,40.4943,-3.88413,40.497,,
Las Rozas de Madrid--piece--12-14--raspberry3bp,scraping-airbnb-raspberry3bp--2018-11-29_14_04_43,airbnb,raspberry3bp,1544131252000,0,0,2,2,,piece--12-14,Las Rozas de Madrid,0,-3.88672,40.4943,-3.88154,40.4891,-3.88413,40.4917,,
Las Rozas de Madrid--piece--12-15--raspberry3bp,scraping-airbnb-raspberry3bp--2018-11-29_14_04_43,airbnb,raspberry3bp,1544131276000,0,0,0,0,,piece--12-15,Las Rozas de Madrid,0,-3.88672,40.4891,-3.88154,40.4839,-3.88413,40.4865,,
Las Rozas de Madrid--piece--12-16--raspberry3bp,scraping-airbnb-raspberry3bp--2018-11-29_14_04_43,airbnb,raspberry3bp,1544131297000,0,0,0,0,,piece--12-16,Las Rozas de Madrid,0,-3.88672,40.4839,-3.88154,40.4786,-3.88413,40.4813,,
Las Rozas de Madrid--piece--12-2--raspberry3bp,scraping-airbnb-raspberry3bp--2018-11-29_14_04_43,airbnb,raspberry3bp,1544131313000,0,0,0,0,,piece--12-2,Las Rozas de Madrid,0,-3.88672,40.5571,-3.88154,40.5519,-3.88413,40.5545,,
Las Rozas de Madrid--piece--12-3--raspberry3bp,scraping-airbnb-raspberry3bp--2018-11-29_14_04_43,airbnb,raspberry3bp,1544131330000,0,0,0,0,,piece--12-3,Las Rozas de Madrid,0,-3.88672,40.5519,-3.88154,40.5467,-3.88413,40.5493,,
Las Rozas de Madrid--piece--12-4--raspberry3bp,scraping-airbnb-raspberry3bp--2018-11-29_14_04_43,airbnb,raspberry3bp,1544131355000,0,0,0,0,,piece--12-4,Las Rozas de Madrid,0,-3.88672,40.5467,-3.88154,40.5414,-3.88413,40.544,,
Las Rozas de Madrid--piece--12-5--raspberry3bp,scraping-airbnb-raspberry3bp--2018-11-29_14_04_43,airbnb,raspberry3bp,1544131374000,0,0,0,0,,piece--12-5,Las Rozas de Madrid,0,-3.88672,40.5414,-3.88154,40.5362,-3.88413,40.5388,,
Las Rozas de Madrid--piece--12-6--raspberry3bp,scraping-airbnb-raspberry3bp--2018-11-29_14_04_43,airbnb,raspberry3bp,1544131390000,0,0,0,0,,piece--12-6,Las Rozas de Madrid,0,-3.88672,40.5362,-3.88154,40.531,-3.88413,40.5336,,
Las Rozas de Madrid--piece--12-7--raspberry3bp,scraping-airbnb-raspberry3bp--2018-11-29_14_04_43,airbnb,raspberry3bp,1544131411000,0,0,0,0,,piece--12-7,Las Rozas de Madrid,0,-3.88672,40.531,-3.88154,40.5257,-3.88413,40.5283,,
Las Rozas de Madrid--piece--12-8--raspberry3bp,scraping-airbnb-raspberry3bp--2018-11-29_14_04_43,airbnb,raspberry3bp,1544131434000,0,0,1,2,,piece--12-8,Las Rozas de Madrid,0,-3.88672,40.5257,-3.88154,40.5205,-3.88413,40.5231,,
Las Rozas de Madrid--piece--12-9--raspberry3bp,scraping-airbnb-raspberry3bp--2018-11-29_14_04_43,airbnb,raspberry3bp,1544131450000,0,0,0,0,,piece--12-9,Las Rozas de Madrid,0,-3.88672,40.5205,-3.88154,40.5153,-3.88413,40.5179,,
Las Rozas de Madrid--piece--13-0--raspberry3bp,scraping-airbnb-raspberry3bp--2018-11-29_14_04_43,airbnb,raspberry3bp,1544131464000,0,0,0,0,,piece--13-0,Las Rozas de Madrid,0,-3.88154,40.5676,-3.87637,40.5623,-3.87895,40.565,,
Las Rozas de Madrid--piece--13-1--raspberry3bp,scraping-airbnb-raspberry3bp--2018-11-29_14_04_43,airbnb,raspberry3bp,1544131478000,0,0,0,0,,piece--13-1,Las Rozas de Madrid,0,-3.88154,40.5623,-3.87637,40.5571,-3.87895,40.5597,,
Las Rozas de Madrid--piece--13-10--raspberry3bp,scraping-airbnb-raspberry3bp--2018-11-29_14_04_43,airbnb,raspberry3bp,1544131492000,0,0,0,0,,piece--13-10,Las Rozas de Madrid,0,-3.88154,40.5153,-3.87637,40.51,-3.87895,40.5126,,
Las Rozas de Madrid--piece--13-11--raspberry3bp,scraping-airbnb-raspberry3bp--2018-11-29_14_04_43,airbnb,raspberry3bp,1544131509000,0,0,0,0,,piece--13-11,Las Rozas de Madrid,0,-3.88154,40.51,-3.87637,40.5048,-3.87895,40.5074,,
Las Rozas de Madrid--piece--13-12--raspberry3bp,scraping-airbnb-raspberry3bp--2018-11-29_14_04_43,airbnb,raspberry3bp,1544131523000,0,0,0,0,,piece--13-12,Las Rozas de Madrid,0,-3.88154,40.5048,-3.87637,40.4996,-3.87895,40.5022,,
Las Rozas de Madrid--piece--13-13--raspberry3bp,scraping-airbnb-raspberry3bp--2018-11-29_14_04_43,airbnb,raspberry3bp,1544131541000,0,0,3,1,,piece--13-13,Las Rozas de Madrid,0,-3.88154,40.4996,-3.87637,40.4943,-3.87895,40.497,,
Las Rozas de Madrid--piece--13-14--raspberry3bp,scraping-airbnb-raspberry3bp--2018-11-29_14_04_43,airbnb,raspberry3bp,1544131561000,0,0,0,1,,piece--13-14,Las Rozas de Madrid,0,-3.88154,40.4943,-3.87637,40.4891,-3.87895,40.4917,,
Las Rozas de Madrid--piece--13-15--raspberry3bp,scraping-airbnb-raspberry3bp--2018-11-29_14_04_43,airbnb,raspberry3bp,1544131579000,0,0,0,0,,piece--13-15,Las Rozas de Madrid,0,-3.88154,40.4891,-3.87637,40.4839,-3.87895,40.4865,,
Las Rozas de Madrid--piece--13-16--raspberry3bp,scraping-airbnb-raspberry3bp--2018-11-29_14_04_43,airbnb,raspberry3bp,1544131596000,0,0,0,0,,piece--13-16,Las Rozas de Madrid,0,-3.88154,40.4839,-3.87637,40.4786,-3.87895,40.4813,,
Las Rozas de Madrid--piece--13-2--raspberry3bp,scraping-airbnb-raspberry3bp--2018-11-29_14_04_43,airbnb,raspberry3bp,1544131612000,0,0,0,0,,piece--13-2,Las Rozas de Madrid,0,-3.88154,40.5571,-3.87637,40.5519,-3.87895,40.5545,,
Las Rozas de Madrid--piece--13-3--raspberry3bp,scraping-airbnb-raspberry3bp--2018-11-29_14_04_43,airbnb,raspberry3bp,1544131624000,0,0,0,0,,piece--13-3,Las Rozas de Madrid,0,-3.88154,40.5519,-3.87637,40.5467,-3.87895,40.5493,,
Las Rozas de Madrid--piece--13-4--raspberry3bp,scraping-airbnb-raspberry3bp--2018-11-29_14_04_43,airbnb,raspberry3bp,1544131638000,0,0,0,0,,piece--13-4,Las Rozas de Madrid,0,-3.88154,40.5467,-3.87637,40.5414,-3.87895,40.544,,
Las Rozas de Madrid--piece--13-5--raspberry3bp,scraping-airbnb-raspberry3bp--2018-11-29_14_04_43,airbnb,raspberry3bp,1544131653000,0,0,0,0,,piece--13-5,Las Rozas de Madrid,0,-3.88154,40.5414,-3.87637,40.5362,-3.87895,40.5388,,
Las Rozas de Madrid--piece--13-6--raspberry3bp,scraping-airbnb-raspberry3bp--2018-11-29_14_04_43,airbnb,raspberry3bp,1544131669000,0,0,0,0,,piece--13-6,Las Rozas de Madrid,0,-3.88154,40.5362,-3.87637,40.531,-3.87895,40.5336,,
Las Rozas de Madrid--piece--13-7--raspberry3bp,scraping-airbnb-raspberry3bp--2018-11-29_14_04_43,airbnb,raspberry3bp,1544131687000,0,0,0,0,,piece--13-7,Las Rozas de Madrid,0,-3.88154,40.531,-3.87637,40.5257,-3.87895,40.5283,,
Las Rozas de Madrid--piece--13-8--raspberry3bp,scraping-airbnb-raspberry3bp--2018-11-29_14_04_43,airbnb,raspberry3bp,1544131711000,0,0,0,0,,piece--13-8,Las Rozas de Madrid,0,-3.88154,40.5257,-3.87637,40.5205,-3.87895,40.5231,,
Las Rozas de Madrid--piece--13-9--raspberry3bp,scraping-airbnb-raspberry3bp--2018-11-29_14_04_43,airbnb,raspberry3bp,1544131735000,0,0,0,1,,piece--13-9,Las Rozas de Madrid,0,-3.88154,40.5205,-3.87637,40.5153,-3.87895,40.5179,,
Las Rozas de Madrid--piece--14-0--raspberry3bp,scraping-airbnb-raspberry3bp--2018-11-29_14_04_43,airbnb,raspberry3bp,1544131757000,0,0,0,0,,piece--14-0,Las Rozas de Madrid,0,-3.87637,40.5676,-3.87119,40.5623,-3.87378,40.565,,
Las Rozas de Madrid--piece--14-1--raspberry3bp,scraping-airbnb-raspberry3bp--2018-11-29_14_04_43,airbnb,raspberry3bp,1544131772000,0,0,0,0,,piece--14-1,Las Rozas de Madrid,0,-3.87637,40.5623,-3.87119,40.5571,-3.87378,40.5597,,
Las Rozas de Madrid--piece--14-10--raspberry3bp,scraping-airbnb-raspberry3bp--2018-11-29_14_04_43,airbnb,raspberry3bp,1544131788000,0,0,0,0,,piece--14-10,Las Rozas de Madrid,0,-3.87637,40.5153,-3.87119,40.51,-3.87378,40.5126,,
Las Rozas de Madrid--piece--14-11--raspberry3bp,scraping-airbnb-raspberry3bp--2018-11-29_14_04_43,airbnb,raspberry3bp,1544131803000,0,0,0,0,,piece--14-11,Las Rozas de Madrid,0,-3.87637,40.51,-3.87119,40.5048,-3.87378,40.5074,,
Las Rozas de Madrid--piece--14-12--raspberry3bp,scraping-airbnb-raspberry3bp--2018-11-29_14_04_43,airbnb,raspberry3bp,1544131829000,0,0,0,0,,piece--14-12,Las Rozas de Madrid,0,-3.87637,40.5048,-3.87119,40.4996,-3.87378,40.5022,,
Las Rozas de Madrid--piece--14-13--raspberry3bp,scraping-airbnb-raspberry3bp--2018-11-29_14_04_43,airbnb,raspberry3bp,1544131843000,0,0,0,0,,piece--14-13,Las Rozas de Madrid,0,-3.87637,40.4996,-3.87119,40.4943,-3.87378,40.497,,
Las Rozas de Madrid--piece--14-14--raspberry3bp,scraping-airbnb-raspberry3bp--2018-11-29_14_04_43,airbnb,raspberry3bp,1544131865000,0,0,0,0,,piece--14-14,Las Rozas de Madrid,0,-3.87637,40.4943,-3.87119,40.4891,-3.87378,40.4917,,
Las Rozas de Madrid--piece--14-15--raspberry3bp,scraping-airbnb-raspberry3bp--2018-11-29_14_04_43,airbnb,raspberry3bp,1544131880000,0,0,0,0,,piece--14-15,Las Rozas de Madrid,0,-3.87637,40.4891,-3.87119,40.4839,-3.87378,40.4865,,
Las Rozas de Madrid--piece--14-16--raspberry3bp,scraping-airbnb-raspberry3bp--2018-11-29_14_04_43,airbnb,raspberry3bp,1544131899000,0,0,0,0,,piece--14-16,Las Rozas de Madrid,0,-3.87637,40.4839,-3.87119,40.4786,-3.87378,40.4813,,
Las Rozas de Madrid--piece--14-2--raspberry3bp,scraping-airbnb-raspberry3bp--2018-11-29_14_04_43,airbnb,raspberry3bp,1544131923000,0,0,0,0,,piece--14-2,Las Rozas de Madrid,0,-3.87637,40.5571,-3.87119,40.5519,-3.87378,40.5545,,
Las Rozas de Madrid--piece--14-3--raspberry3bp,scraping-airbnb-raspberry3bp--2018-11-29_14_04_43,airbnb,raspberry3bp,1544131941000,0,0,0,0,,piece--14-3,Las Rozas de Madrid,0,-3.87637,40.5519,-3.87119,40.5467,-3.87378,40.5493,,
Las Rozas de Madrid--piece--14-4--raspberry3bp,scraping-airbnb-raspberry3bp--2018-11-29_14_04_43,airbnb,raspberry3bp,1544131961000,0,0,0,0,,piece--14-4,Las Rozas de Madrid,0,-3.87637,40.5467,-3.87119,40.5414,-3.87378,40.544,,
Las Rozas de Madrid--piece--14-5--raspberry3bp,scraping-airbnb-raspberry3bp--2018-11-29_14_04_43,airbnb,raspberry3bp,1544131979000,0,0,0,0,,piece--14-5,Las Rozas de Madrid,0,-3.87637,40.5414,-3.87119,40.5362,-3.87378,40.5388,,
Las Rozas de Madrid--piece--14-6--raspberry3bp,scraping-airbnb-raspberry3bp--2018-11-29_14_04_43,airbnb,raspberry3bp,1544131999000,0,0,0,0,,piece--14-6,Las Rozas de Madrid,0,-3.87637,40.5362,-3.87119,40.531,-3.87378,40.5336,,
Las Rozas de Madrid--piece--14-7--raspberry3bp,scraping-airbnb-raspberry3bp--2018-11-29_14_04_43,airbnb,raspberry3bp,1544132017000,0,0,0,0,,piece--14-7,Las Rozas de Madrid,0,-3.87637,40.531,-3.87119,40.5257,-3.87378,40.5283,,
Las Rozas de Madrid--piece--14-8--raspberry3bp,scraping-airbnb-raspberry3bp--2018-11-29_14_04_43,airbnb,raspberry3bp,1544132031000,0,0,0,0,,piece--14-8,Las Rozas de Madrid,0,-3.87637,40.5257,-3.87119,40.5205,-3.87378,40.5231,,
Las Rozas de Madrid--piece--14-9--raspberry3bp,scraping-airbnb-raspberry3bp--2018-11-29_14_04_43,airbnb,raspberry3bp,1544132054000,0,0,0,0,,piece--14-9,Las Rozas de Madrid,0,-3.87637,40.5205,-3.87119,40.5153,-3.87378,40.5179,,
Las Rozas de Madrid--piece--15-0--raspberry3bp,scraping-airbnb-raspberry3bp--2018-11-29_14_04_43,airbnb,raspberry3bp,1544132077000,0,0,0,0,,piece--15-0,Las Rozas de Madrid,0,-3.87119,40.5676,-3.86601,40.5623,-3.8686,40.565,,
Las Rozas de Madrid--piece--15-1--raspberry3bp,scraping-airbnb-raspberry3bp--2018-11-29_14_04_43,airbnb,raspberry3bp,1544132091000,0,0,0,0,,piece--15-1,Las Rozas de Madrid,0,-3.87119,40.5623,-3.86601,40.5571,-3.8686,40.5597,,
Las Rozas de Madrid--piece--15-10--raspberry3bp,scraping-airbnb-raspberry3bp--2018-11-29_14_04_43,airbnb,raspberry3bp,1544132110000,0,0,0,0,,piece--15-10,Las Rozas de Madrid,0,-3.87119,40.5153,-3.86601,40.51,-3.8686,40.5126,,
Las Rozas de Madrid--piece--15-11--raspberry3bp,scraping-airbnb-raspberry3bp--2018-11-29_14_04_43,airbnb,raspberry3bp,1544132122000,0,0,0,0,,piece--15-11,Las Rozas de Madrid,0,-3.87119,40.51,-3.86601,40.5048,-3.8686,40.5074,,
Las Rozas de Madrid--piece--15-12--raspberry3bp,scraping-airbnb-raspberry3bp--2018-11-29_14_04_43,airbnb,raspberry3bp,1544132134000,0,0,0,0,,piece--15-12,Las Rozas de Madrid,0,-3.87119,40.5048,-3.86601,40.4996,-3.8686,40.5022,,
Las Rozas de Madrid--piece--15-13--raspberry3bp,scraping-airbnb-raspberry3bp--2018-11-29_14_04_43,airbnb,raspberry3bp,1544132156000,0,0,0,1,,piece--15-13,Las Rozas de Madrid,0,-3.87119,40.4996,-3.86601,40.4943,-3.8686,40.497,,
Las Rozas de Madrid--piece--15-14--raspberry3bp,scraping-airbnb-raspberry3bp--2018-11-29_14_04_43,airbnb,raspberry3bp,1544132174000,0,0,0,7,,piece--15-14,Las Rozas de Madrid,0,-3.87119,40.4943,-3.86601,40.4891,-3.8686,40.4917,,
Las Rozas de Madrid--piece--15-15--raspberry3bp,scraping-airbnb-raspberry3bp--2018-11-29_14_04_43,airbnb,raspberry3bp,1544132189000,0,0,2,1,,piece--15-15,Las Rozas de Madrid,0,-3.87119,40.4891,-3.86601,40.4839,-3.8686,40.4865,,
Las Rozas de Madrid--piece--15-16--raspberry3bp,scraping-airbnb-raspberry3bp--2018-11-29_14_04_43,airbnb,raspberry3bp,1544132221000,0,0,2,1,,piece--15-16,Las Rozas de Madrid,0,-3.87119,40.4839,-3.86601,40.4786,-3.8686,40.4813,,
Las Rozas de Madrid--piece--15-2--raspberry3bp,scraping-airbnb-raspberry3bp--2018-11-29_14_04_43,airbnb,raspberry3bp,1544132238000,0,0,0,0,,piece--15-2,Las Rozas de Madrid,0,-3.87119,40.5571,-3.86601,40.5519,-3.8686,40.5545,,
Las Rozas de Madrid--piece--15-3--raspberry3bp,scraping-airbnb-raspberry3bp--2018-11-29_14_04_43,airbnb,raspberry3bp,1544132252000,0,0,0,0,,piece--15-3,Las Rozas de Madrid,0,-3.87119,40.5519,-3.86601,40.5467,-3.8686,40.5493,,
Las Rozas de Madrid--piece--15-4--raspberry3bp,scraping-airbnb-raspberry3bp--2018-11-29_14_04_43,airbnb,raspberry3bp,1544132272000,0,0,0,0,,piece--15-4,Las Rozas de Madrid,0,-3.87119,40.5467,-3.86601,40.5414,-3.8686,40.544,,
Las Rozas de Madrid--piece--15-5--raspberry3bp,scraping-airbnb-raspberry3bp--2018-11-29_14_04_43,airbnb,raspberry3bp,1544132290000,0,0,0,0,,piece--15-5,Las Rozas de Madrid,0,-3.87119,40.5414,-3.86601,40.5362,-3.8686,40.5388,,
Las Rozas de Madrid--piece--15-6--raspberry3bp,scraping-airbnb-raspberry3bp--2018-11-29_14_04_43,airbnb,raspberry3bp,1544132306000,0,0,0,0,,piece--15-6,Las Rozas de Madrid,0,-3.87119,40.5362,-3.86601,40.531,-3.8686,40.5336,,
Las Rozas de Madrid--piece--15-7--raspberry3bp,scraping-airbnb-raspberry3bp--2018-11-29_14_04_43,airbnb,raspberry3bp,1544132323000,0,0,0,0,,piece--15-7,Las Rozas de Madrid,0,-3.87119,40.531,-3.86601,40.5257,-3.8686,40.5283,,
Las Rozas de Madrid--piece--15-8--raspberry3bp,scraping-airbnb-raspberry3bp--2018-11-29_14_04_43,airbnb,raspberry3bp,1544132345000,0,0,0,0,,piece--15-8,Las Rozas de Madrid,0,-3.87119,40.5257,-3.86601,40.5205,-3.8686,40.5231,,
Las Rozas de Madrid--piece--15-9--raspberry3bp,scraping-airbnb-raspberry3bp--2018-11-29_14_04_43,airbnb,raspberry3bp,1544132366000,0,0,0,0,,piece--15-9,Las Rozas de Madrid,0,-3.87119,40.5205,-3.86601,40.5153,-3.8686,40.5179,,
Las Rozas de Madrid--piece--16-0--raspberry3bp,scraping-airbnb-raspberry3bp--2018-11-29_14_04_43,airbnb,raspberry3bp,1544132386000,0,0,0,1,,piece--16-0,Las Rozas de Madrid,0,-3.86601,40.5676,-3.86084,40.5623,-3.86343,40.565,,
Las Rozas de Madrid--piece--16-1--raspberry3bp,scraping-airbnb-raspberry3bp--2018-11-29_14_04_43,airbnb,raspberry3bp,1544132401000,0,0,0,0,,piece--16-1,Las Rozas de Madrid,0,-3.86601,40.5623,-3.86084,40.5571,-3.86343,40.5597,,
Las Rozas de Madrid--piece--16-10--raspberry3bp,scraping-airbnb-raspberry3bp--2018-11-29_14_04_43,airbnb,raspberry3bp,1544132415000,0,0,0,0,,piece--16-10,Las Rozas de Madrid,0,-3.86601,40.5153,-3.86084,40.51,-3.86343,40.5126,,
Las Rozas de Madrid--piece--16-11--raspberry3bp,scraping-airbnb-raspberry3bp--2018-11-29_14_04_43,airbnb,raspberry3bp,1544132429000,0,0,0,0,,piece--16-11,Las Rozas de Madrid,0,-3.86601,40.51,-3.86084,40.5048,-3.86343,40.5074,,
Las Rozas de Madrid--piece--16-12--raspberry3bp,scraping-airbnb-raspberry3bp--2018-11-29_14_04_43,airbnb,raspberry3bp,1544132443000,0,0,0,0,,piece--16-12,Las Rozas de Madrid,0,-3.86601,40.5048,-3.86084,40.4996,-3.86343,40.5022,,
Las Rozas de Madrid--piece--16-13--raspberry3bp,scraping-airbnb-raspberry3bp--2018-11-29_14_04_43,airbnb,raspberry3bp,1544132458000,0,0,0,0,,piece--16-13,Las Rozas de Madrid,0,-3.86601,40.4996,-3.86084,40.4943,-3.86343,40.497,,
Las Rozas de Madrid--piece--16-14--raspberry3bp,scraping-airbnb-raspberry3bp--2018-11-29_14_04_43,airbnb,raspberry3bp,1544132472000,0,0,0,1,,piece--16-14,Las Rozas de Madrid,0,-3.86601,40.4943,-3.86084,40.4891,-3.86343,40.4917,,
Las Rozas de Madrid--piece--16-15--raspberry3bp,scraping-airbnb-raspberry3bp--2018-11-29_14_04_43,airbnb,raspberry3bp,1544132487000,0,0,0,0,,piece--16-15,Las Rozas de Madrid,0,-3.86601,40.4891,-3.86084,40.4839,-3.86343,40.4865,,
Las Rozas de Madrid--piece--16-16--raspberry3bp,scraping-airbnb-raspberry3bp--2018-11-29_14_04_43,airbnb,raspberry3bp,1544132505000,0,0,0,0,,piece--16-16,Las Rozas de Madrid,0,-3.86601,40.4839,-3.86084,40.4786,-3.86343,40.4813,,
Las Rozas de Madrid--piece--16-2--raspberry3bp,scraping-airbnb-raspberry3bp--2018-11-29_14_04_43,airbnb,raspberry3bp,1544132521000,0,0,0,0,,piece--16-2,Las Rozas de Madrid,0,-3.86601,40.5571,-3.86084,40.5519,-3.86343,40.5545,,
Las Rozas de Madrid--piece--16-3--raspberry3bp,scraping-airbnb-raspberry3bp--2018-11-29_14_04_43,airbnb,raspberry3bp,1544132536000,0,0,0,0,,piece--16-3,Las Rozas de Madrid,0,-3.86601,40.5519,-3.86084,40.5467,-3.86343,40.5493,,
Las Rozas de Madrid--piece--16-4--raspberry3bp,scraping-airbnb-raspberry3bp--2018-11-29_14_04_43,airbnb,raspberry3bp,1544132556000,0,0,0,0,,piece--16-4,Las Rozas de Madrid,0,-3.86601,40.5467,-3.86084,40.5414,-3.86343,40.544,,
Las Rozas de Madrid--piece--16-5--raspberry3bp,scraping-airbnb-raspberry3bp--2018-11-29_14_04_43,airbnb,raspberry3bp,1544132574000,0,0,0,0,,piece--16-5,Las Rozas de Madrid,0,-3.86601,40.5414,-3.86084,40.5362,-3.86343,40.5388,,
Las Rozas de Madrid--piece--16-6--raspberry3bp,scraping-airbnb-raspberry3bp--2018-11-29_14_04_43,airbnb,raspberry3bp,1544132587000,0,0,0,0,,piece--16-6,Las Rozas de Madrid,0,-3.86601,40.5362,-3.86084,40.531,-3.86343,40.5336,,
Las Rozas de Madrid--piece--16-7--raspberry3bp,scraping-airbnb-raspberry3bp--2018-11-29_14_04_43,airbnb,raspberry3bp,1544132606000,0,0,0,0,,piece--16-7,Las Rozas de Madrid,0,-3.86601,40.531,-3.86084,40.5257,-3.86343,40.5283,,
Las Rozas de Madrid--piece--16-8--raspberry3bp,scraping-airbnb-raspberry3bp--2018-11-29_14_04_43,airbnb,raspberry3bp,1544132621000,0,0,0,0,,piece--16-8,Las Rozas de Madrid,0,-3.86601,40.5257,-3.86084,40.5205,-3.86343,40.5231,,
Las Rozas de Madrid--piece--16-9--raspberry3bp,scraping-airbnb-raspberry3bp--2018-11-29_14_04_43,airbnb,raspberry3bp,1544132634000,0,0,0,0,,piece--16-9,Las Rozas de Madrid,0,-3.86601,40.5205,-3.86084,40.5153,-3.86343,40.5179,,
Las Rozas de Madrid--piece--17-0--raspberry3bp,scraping-airbnb-raspberry3bp--2018-11-29_14_04_43,airbnb,raspberry3bp,1544132652000,0,0,0,0,,piece--17-0,Las Rozas de Madrid,0,-3.86084,40.5676,-3.85566,40.5623,-3.85825,40.565,,
Las Rozas de Madrid--piece--17-1--raspberry3bp,scraping-airbnb-raspberry3bp--2018-11-29_14_04_43,airbnb,raspberry3bp,1544132675000,0,0,0,0,,piece--17-1,Las Rozas de Madrid,0,-3.86084,40.5623,-3.85566,40.5571,-3.85825,40.5597,,
Las Rozas de Madrid--piece--17-10--raspberry3bp,scraping-airbnb-raspberry3bp--2018-11-29_14_04_43,airbnb,raspberry3bp,1544132697000,0,0,0,0,,piece--17-10,Las Rozas de Madrid,0,-3.86084,40.5153,-3.85566,40.51,-3.85825,40.5126,,
Las Rozas de Madrid--piece--17-11--raspberry3bp,scraping-airbnb-raspberry3bp--2018-11-29_14_04_43,airbnb,raspberry3bp,1544132709000,0,0,0,0,,piece--17-11,Las Rozas de Madrid,0,-3.86084,40.51,-3.85566,40.5048,-3.85825,40.5074,,
Las Rozas de Madrid--piece--17-12--raspberry3bp,scraping-airbnb-raspberry3bp--2018-11-29_14_04_43,airbnb,raspberry3bp,1544132726000,0,0,0,0,,piece--17-12,Las Rozas de Madrid,0,-3.86084,40.5048,-3.85566,40.4996,-3.85825,40.5022,,
Las Rozas de Madrid--piece--17-13--raspberry3bp,scraping-airbnb-raspberry3bp--2018-11-29_14_04_43,airbnb,raspberry3bp,1544132743000,0,0,0,0,,piece--17-13,Las Rozas de Madrid,0,-3.86084,40.4996,-3.85566,40.4943,-3.85825,40.497,,
Las Rozas de Madrid--piece--17-14--raspberry3bp,scraping-airbnb-raspberry3bp--2018-11-29_14_04_43,airbnb,raspberry3bp,1544132760000,0,0,0,0,,piece--17-14,Las Rozas de Madrid,0,-3.86084,40.4943,-3.85566,40.4891,-3.85825,40.4917,,
Las Rozas de Madrid--piece--17-15--raspberry3bp,scraping-airbnb-raspberry3bp--2018-11-29_14_04_43,airbnb,raspberry3bp,1544132782000,0,0,0,0,,piece--17-15,Las Rozas de Madrid,0,-3.86084,40.4891,-3.85566,40.4839,-3.85825,40.4865,,
Las Rozas de Madrid--piece--17-16--raspberry3bp,scraping-airbnb-raspberry3bp--2018-11-29_14_04_43,airbnb,raspberry3bp,1544132801000,0,0,0,1,,piece--17-16,Las Rozas de Madrid,0,-3.86084,40.4839,-3.85566,40.4786,-3.85825,40.4813,,
Las Rozas de Madrid--piece--17-2--raspberry3bp,scraping-airbnb-raspberry3bp--2018-11-29_14_04_43,airbnb,raspberry3bp,1544132816000,0,0,0,0,,piece--17-2,Las Rozas de Madrid,0,-3.86084,40.5571,-3.85566,40.5519,-3.85825,40.5545,,
Las Rozas de Madrid--piece--17-3--raspberry3bp,scraping-airbnb-raspberry3bp--2018-11-29_14_04_43,airbnb,raspberry3bp,1544132838000,0,0,0,0,,piece--17-3,Las Rozas de Madrid,0,-3.86084,40.5519,-3.85566,40.5467,-3.85825,40.5493,,
Las Rozas de Madrid--piece--17-4--raspberry3bp,scraping-airbnb-raspberry3bp--2018-11-29_14_04_43,airbnb,raspberry3bp,1544132850000,0,0,0,0,,piece--17-4,Las Rozas de Madrid,0,-3.86084,40.5467,-3.85566,40.5414,-3.85825,40.544,,
Las Rozas de Madrid--piece--17-5--raspberry3bp,scraping-airbnb-raspberry3bp--2018-11-29_14_04_43,airbnb,raspberry3bp,1544132862000,0,0,0,0,,piece--17-5,Las Rozas de Madrid,0,-3.86084,40.5414,-3.85566,40.5362,-3.85825,40.5388,,
Las Rozas de Madrid--piece--17-6--raspberry3bp,scraping-airbnb-raspberry3bp--2018-11-29_14_04_43,airbnb,raspberry3bp,1544132873000,0,0,0,0,,piece--17-6,Las Rozas de Madrid,0,-3.86084,40.5362,-3.85566,40.531,-3.85825,40.5336,,
Las Rozas de Madrid--piece--17-7--raspberry3bp,scraping-airbnb-raspberry3bp--2018-11-29_14_04_43,airbnb,raspberry3bp,1544132888000,0,0,0,0,,piece--17-7,Las Rozas de Madrid,0,-3.86084,40.531,-3.85566,40.5257,-3.85825,40.5283,,
Las Rozas de Madrid--piece--17-8--raspberry3bp,scraping-airbnb-raspberry3bp--2018-11-29_14_04_43,airbnb,raspberry3bp,1544132907000,0,0,0,0,,piece--17-8,Las Rozas de Madrid,0,-3.86084,40.5257,-3.85566,40.5205,-3.85825,40.5231,,
Las Rozas de Madrid--piece--17-9--raspberry3bp,scraping-airbnb-raspberry3bp--2018-11-29_14_04_43,airbnb,raspberry3bp,1544132919000,0,0,0,0,,piece--17-9,Las Rozas de Madrid,0,-3.86084,40.5205,-3.85566,40.5153,-3.85825,40.5179,,
Las Rozas de Madrid--piece--18-0--raspberry3bp,scraping-airbnb-raspberry3bp--2018-11-29_14_04_43,airbnb,raspberry3bp,1544132934000,0,0,0,0,,piece--18-0,Las Rozas de Madrid,0,-3.85566,40.5676,-3.85049,40.5623,-3.85307,40.565,,
Las Rozas de Madrid--piece--18-1--raspberry3bp,scraping-airbnb-raspberry3bp--2018-11-29_14_04_43,airbnb,raspberry3bp,1544132946000,0,0,0,0,,piece--18-1,Las Rozas de Madrid,0,-3.85566,40.5623,-3.85049,40.5571,-3.85307,40.5597,,
Las Rozas de Madrid--piece--18-10--raspberry3bp,scraping-airbnb-raspberry3bp--2018-11-29_14_04_43,airbnb,raspberry3bp,1544132958000,0,0,0,0,,piece--18-10,Las Rozas de Madrid,0,-3.85566,40.5153,-3.85049,40.51,-3.85307,40.5126,,
Las Rozas de Madrid--piece--18-11--raspberry3bp,scraping-airbnb-raspberry3bp--2018-11-29_14_04_43,airbnb,raspberry3bp,1544132974000,0,0,0,0,,piece--18-11,Las Rozas de Madrid,0,-3.85566,40.51,-3.85049,40.5048,-3.85307,40.5074,,
Las Rozas de Madrid--piece--18-12--raspberry3bp,scraping-airbnb-raspberry3bp--2018-11-29_14_04_43,airbnb,raspberry3bp,1544132989000,0,0,0,0,,piece--18-12,Las Rozas de Madrid,0,-3.85566,40.5048,-3.85049,40.4996,-3.85307,40.5022,,
Las Rozas de Madrid--piece--18-13--raspberry3bp,scraping-airbnb-raspberry3bp--2018-11-29_14_04_43,airbnb,raspberry3bp,1544133004000,0,0,0,0,,piece--18-13,Las Rozas de Madrid,0,-3.85566,40.4996,-3.85049,40.4943,-3.85307,40.497,,
Las Rozas de Madrid--piece--18-14--raspberry3bp,scraping-airbnb-raspberry3bp--2018-11-29_14_04_43,airbnb,raspberry3bp,1544133022000,0,0,0,0,,piece--18-14,Las Rozas de Madrid,0,-3.85566,40.4943,-3.85049,40.4891,-3.85307,40.4917,,
Las Rozas de Madrid--piece--18-15--raspberry3bp,scraping-airbnb-raspberry3bp--2018-11-29_14_04_43,airbnb,raspberry3bp,1544133036000,0,0,0,0,,piece--18-15,Las Rozas de Madrid,0,-3.85566,40.4891,-3.85049,40.4839,-3.85307,40.4865,,
Las Rozas de Madrid--piece--18-16--raspberry3bp,scraping-airbnb-raspberry3bp--2018-11-29_14_04_43,airbnb,raspberry3bp,1544133052000,0,0,0,0,,piece--18-16,Las Rozas de Madrid,0,-3.85566,40.4839,-3.85049,40.4786,-3.85307,40.4813,,
Las Rozas de Madrid--piece--18-2--raspberry3bp,scraping-airbnb-raspberry3bp--2018-11-29_14_04_43,airbnb,raspberry3bp,1544133068000,0,0,0,0,,piece--18-2,Las Rozas de Madrid,0,-3.85566,40.5571,-3.85049,40.5519,-3.85307,40.5545,,
Las Rozas de Madrid--piece--18-3--raspberry3bp,scraping-airbnb-raspberry3bp--2018-11-29_14_04_43,airbnb,raspberry3bp,1544133087000,0,0,0,0,,piece--18-3,Las Rozas de Madrid,0,-3.85566,40.5519,-3.85049,40.5467,-3.85307,40.5493,,
Las Rozas de Madrid--piece--18-4--raspberry3bp,scraping-airbnb-raspberry3bp--2018-11-29_14_04_43,airbnb,raspberry3bp,1544133102000,0,0,0,0,,piece--18-4,Las Rozas de Madrid,0,-3.85566,40.5467,-3.85049,40.5414,-3.85307,40.544,,
Las Rozas de Madrid--piece--18-5--raspberry3bp,scraping-airbnb-raspberry3bp--2018-11-29_14_04_43,airbnb,raspberry3bp,1544133115000,0,0,0,0,,piece--18-5,Las Rozas de Madrid,0,-3.85566,40.5414,-3.85049,40.5362,-3.85307,40.5388,,
Las Rozas de Madrid--piece--18-6--raspberry3bp,scraping-airbnb-raspberry3bp--2018-11-29_14_04_43,airbnb,raspberry3bp,1544133129000,0,0,0,0,,piece--18-6,Las Rozas de Madrid,0,-3.85566,40.5362,-3.85049,40.531,-3.85307,40.5336,,
Las Rozas de Madrid--piece--18-7--raspberry3bp,scraping-airbnb-raspberry3bp--2018-11-29_14_04_43,airbnb,raspberry3bp,1544133141000,0,0,0,0,,piece--18-7,Las Rozas de Madrid,0,-3.85566,40.531,-3.85049,40.5257,-3.85307,40.5283,,
Las Rozas de Madrid--piece--18-8--raspberry3bp,scraping-airbnb-raspberry3bp--2018-11-29_14_04_43,airbnb,raspberry3bp,1544133157000,0,0,0,0,,piece--18-8,Las Rozas de Madrid,0,-3.85566,40.5257,-3.85049,40.5205,-3.85307,40.5231,,
Las Rozas de Madrid--piece--18-9--raspberry3bp,scraping-airbnb-raspberry3bp--2018-11-29_14_04_43,airbnb,raspberry3bp,1544133181000,0,0,0,0,,piece--18-9,Las Rozas de Madrid,0,-3.85566,40.5205,-3.85049,40.5153,-3.85307,40.5179,,
Las Rozas de Madrid--piece--2-0--raspberry3bp,scraping-airbnb-raspberry3bp--2018-11-29_14_04_43,airbnb,raspberry3bp,1544133202000,0,0,0,0,,piece--2-0,Las Rozas de Madrid,0,-3.93847,40.5676,-3.9333,40.5623,-3.93588,40.565,,
Las Rozas de Madrid--piece--2-1--raspberry3bp,scraping-airbnb-raspberry3bp--2018-11-29_14_04_43,airbnb,raspberry3bp,1544133221000,0,0,0,0,,piece--2-1,Las Rozas de Madrid,0,-3.93847,40.5623,-3.9333,40.5571,-3.93588,40.5597,,
Las Rozas de Madrid--piece--2-10--raspberry3bp,scraping-airbnb-raspberry3bp--2018-11-29_14_04_43,airbnb,raspberry3bp,1544133234000,0,0,0,0,,piece--2-10,Las Rozas de Madrid,0,-3.93847,40.5153,-3.9333,40.51,-3.93588,40.5126,,
Las Rozas de Madrid--piece--2-11--raspberry3bp,scraping-airbnb-raspberry3bp--2018-11-29_14_04_43,airbnb,raspberry3bp,1544133252000,0,0,0,0,,piece--2-11,Las Rozas de Madrid,0,-3.93847,40.51,-3.9333,40.5048,-3.93588,40.5074,,
Las Rozas de Madrid--piece--2-12--raspberry3bp,scraping-airbnb-raspberry3bp--2018-11-29_14_04_43,airbnb,raspberry3bp,1544133266000,0,0,0,0,,piece--2-12,Las Rozas de Madrid,0,-3.93847,40.5048,-3.9333,40.4996,-3.93588,40.5022,,
Las Rozas de Madrid--piece--2-13--raspberry3bp,scraping-airbnb-raspberry3bp--2018-11-29_14_04_43,airbnb,raspberry3bp,1544133280000,0,0,0,0,,piece--2-13,Las Rozas de Madrid,0,-3.93847,40.4996,-3.9333,40.4943,-3.93588,40.497,,
Las Rozas de Madrid--piece--2-14--raspberry3bp,scraping-airbnb-raspberry3bp--2018-11-29_14_04_43,airbnb,raspberry3bp,1544133292000,0,0,0,0,,piece--2-14,Las Rozas de Madrid,0,-3.93847,40.4943,-3.9333,40.4891,-3.93588,40.4917,,
Las Rozas de Madrid--piece--2-15--raspberry3bp,scraping-airbnb-raspberry3bp--2018-11-29_14_04_43,airbnb,raspberry3bp,1544133307000,0,0,1,1,,piece--2-15,Las Rozas de Madrid,0,-3.93847,40.4891,-3.9333,40.4839,-3.93588,40.4865,,
Las Rozas de Madrid--piece--2-16--raspberry3bp,scraping-airbnb-raspberry3bp--2018-11-29_14_04_43,airbnb,raspberry3bp,1544133327000,0,0,4,3,,piece--2-16,Las Rozas de Madrid,0,-3.93847,40.4839,-3.9333,40.4786,-3.93588,40.4813,,
Las Rozas de Madrid--piece--2-2--raspberry3bp,scraping-airbnb-raspberry3bp--2018-11-29_14_04_43,airbnb,raspberry3bp,1544133360000,0,0,0,0,,piece--2-2,Las Rozas de Madrid,0,-3.93847,40.5571,-3.9333,40.5519,-3.93588,40.5545,,
Las Rozas de Madrid--piece--2-3--raspberry3bp,scraping-airbnb-raspberry3bp--2018-11-29_14_04_43,airbnb,raspberry3bp,1544133377000,0,0,0,0,,piece--2-3,Las Rozas de Madrid,0,-3.93847,40.5519,-3.9333,40.5467,-3.93588,40.5493,,
Las Rozas de Madrid--piece--2-4--raspberry3bp,scraping-airbnb-raspberry3bp--2018-11-29_14_04_43,airbnb,raspberry3bp,1544133399000,0,0,0,0,,piece--2-4,Las Rozas de Madrid,0,-3.93847,40.5467,-3.9333,40.5414,-3.93588,40.544,,
Las Rozas de Madrid--piece--2-5--raspberry3bp,scraping-airbnb-raspberry3bp--2018-11-29_14_04_43,airbnb,raspberry3bp,1544133417000,0,0,0,0,,piece--2-5,Las Rozas de Madrid,0,-3.93847,40.5414,-3.9333,40.5362,-3.93588,40.5388,,
Las Rozas de Madrid--piece--2-6--raspberry3bp,scraping-airbnb-raspberry3bp--2018-11-29_14_04_43,airbnb,raspberry3bp,1544133433000,0,0,0,0,,piece--2-6,Las Rozas de Madrid,0,-3.93847,40.5362,-3.9333,40.531,-3.93588,40.5336,,
Las Rozas de Madrid--piece--2-7--raspberry3bp,scraping-airbnb-raspberry3bp--2018-11-29_14_04_43,airbnb,raspberry3bp,1544133454000,0,0,0,0,,piece--2-7,Las Rozas de Madrid,0,-3.93847,40.531,-3.9333,40.5257,-3.93588,40.5283,,
Las Rozas de Madrid--piece--2-8--raspberry3bp,scraping-airbnb-raspberry3bp--2018-11-29_14_04_43,airbnb,raspberry3bp,1544133466000,0,0,0,0,,piece--2-8,Las Rozas de Madrid,0,-3.93847,40.5257,-3.9333,40.5205,-3.93588,40.5231,,
Las Rozas de Madrid--piece--2-9--raspberry3bp,scraping-airbnb-raspberry3bp--2018-11-29_14_04_43,airbnb,raspberry3bp,1544133480000,0,0,0,0,,piece--2-9,Las Rozas de Madrid,0,-3.93847,40.5205,-3.9333,40.5153,-3.93588,40.5179,,
Las Rozas de Madrid--piece--3-0--raspberry3bp,scraping-airbnb-raspberry3bp--2018-11-29_14_04_43,airbnb,raspberry3bp,1544133495000,0,0,0,0,,piece--3-0,Las Rozas de Madrid,0,-3.9333,40.5676,-3.92812,40.5623,-3.93071,40.565,,
Las Rozas de Madrid--piece--3-1--raspberry3bp,scraping-airbnb-raspberry3bp--2018-11-29_14_04_43,airbnb,raspberry3bp,1544133517000,0,0,0,0,,piece--3-1,Las Rozas de Madrid,0,-3.9333,40.5623,-3.92812,40.5571,-3.93071,40.5597,,
Las Rozas de Madrid--piece--3-10--raspberry3bp,scraping-airbnb-raspberry3bp--2018-11-29_14_04_43,airbnb,raspberry3bp,1544133532000,0,0,0,0,,piece--3-10,Las Rozas de Madrid,0,-3.9333,40.5153,-3.92812,40.51,-3.93071,40.5126,,
Las Rozas de Madrid--piece--3-11--raspberry3bp,scraping-airbnb-raspberry3bp--2018-11-29_14_04_43,airbnb,raspberry3bp,1544133544000,0,0,0,0,,piece--3-11,Las Rozas de Madrid,0,-3.9333,40.51,-3.92812,40.5048,-3.93071,40.5074,,
Las Rozas de Madrid--piece--3-12--raspberry3bp,scraping-airbnb-raspberry3bp--2018-11-29_14_04_43,airbnb,raspberry3bp,1544133557000,0,0,0,0,,piece--3-12,Las Rozas de Madrid,0,-3.9333,40.5048,-3.92812,40.4996,-3.93071,40.5022,,
Las Rozas de Madrid--piece--3-13--raspberry3bp,scraping-airbnb-raspberry3bp--2018-11-29_14_04_43,airbnb,raspberry3bp,1544133578000,0,0,0,0,,piece--3-13,Las Rozas de Madrid,0,-3.9333,40.4996,-3.92812,40.4943,-3.93071,40.497,,
Las Rozas de Madrid--piece--3-14--raspberry3bp,scraping-airbnb-raspberry3bp--2018-11-29_14_04_43,airbnb,raspberry3bp,1544133594000,0,0,0,0,,piece--3-14,Las Rozas de Madrid,0,-3.9333,40.4943,-3.92812,40.4891,-3.93071,40.4917,,
Las Rozas de Madrid--piece--3-15--raspberry3bp,scraping-airbnb-raspberry3bp--2018-11-29_14_04_43,airbnb,raspberry3bp,1544133621000,0,0,0,0,,piece--3-15,Las Rozas de Madrid,0,-3.9333,40.4891,-3.92812,40.4839,-3.93071,40.4865,,
Las Rozas de Madrid--piece--3-16--raspberry3bp,scraping-airbnb-raspberry3bp--2018-11-29_14_04_43,airbnb,raspberry3bp,1544133640000,0,0,0,0,,piece--3-16,Las Rozas de Madrid,0,-3.9333,40.4839,-3.92812,40.4786,-3.93071,40.4813,,
Las Rozas de Madrid--piece--3-2--raspberry3bp,scraping-airbnb-raspberry3bp--2018-11-29_14_04_43,airbnb,raspberry3bp,1544133655000,0,0,0,0,,piece--3-2,Las Rozas de Madrid,0,-3.9333,40.5571,-3.92812,40.5519,-3.93071,40.5545,,
Las Rozas de Madrid--piece--3-3--raspberry3bp,scraping-airbnb-raspberry3bp--2018-11-29_14_04_43,airbnb,raspberry3bp,1544133675000,0,0,0,0,,piece--3-3,Las Rozas de Madrid,0,-3.9333,40.5519,-3.92812,40.5467,-3.93071,40.5493,,
Las Rozas de Madrid--piece--3-4--raspberry3bp,scraping-airbnb-raspberry3bp--2018-11-29_14_04_43,airbnb,raspberry3bp,1544133695000,0,0,1,1,,piece--3-4,Las Rozas de Madrid,0,-3.9333,40.5467,-3.92812,40.5414,-3.93071,40.544,,
Las Rozas de Madrid--piece--3-5--raspberry3bp,scraping-airbnb-raspberry3bp--2018-11-29_14_04_43,airbnb,raspberry3bp,1544133715000,0,0,0,0,,piece--3-5,Las Rozas de Madrid,0,-3.9333,40.5414,-3.92812,40.5362,-3.93071,40.5388,,
Las Rozas de Madrid--piece--3-6--raspberry3bp,scraping-airbnb-raspberry3bp--2018-11-29_14_04_43,airbnb,raspberry3bp,1544133736000,0,0,1,1,,piece--3-6,Las Rozas de Madrid,0,-3.9333,40.5362,-3.92812,40.531,-3.93071,40.5336,,
Las Rozas de Madrid--piece--3-7--raspberry3bp,scraping-airbnb-raspberry3bp--2018-11-29_14_04_43,airbnb,raspberry3bp,1544133751000,0,0,0,0,,piece--3-7,Las Rozas de Madrid,0,-3.9333,40.531,-3.92812,40.5257,-3.93071,40.5283,,
Las Rozas de Madrid--piece--3-8--raspberry3bp,scraping-airbnb-raspberry3bp--2018-11-29_14_04_43,airbnb,raspberry3bp,1544133772000,0,0,0,0,,piece--3-8,Las Rozas de Madrid,0,-3.9333,40.5257,-3.92812,40.5205,-3.93071,40.5231,,
Las Rozas de Madrid--piece--3-9--raspberry3bp,scraping-airbnb-raspberry3bp--2018-11-29_14_04_43,airbnb,raspberry3bp,1544133786000,0,0,0,0,,piece--3-9,Las Rozas de Madrid,0,-3.9333,40.5205,-3.92812,40.5153,-3.93071,40.5179,,
Las Rozas de Madrid--piece--4-0--raspberry3bp,scraping-airbnb-raspberry3bp--2018-11-29_14_04_43,airbnb,raspberry3bp,1544133812000,0,0,0,0,,piece--4-0,Las Rozas de Madrid,0,-3.92812,40.5676,-3.92295,40.5623,-3.92553,40.565,,
Las Rozas de Madrid--piece--4-1--raspberry3bp,scraping-airbnb-raspberry3bp--2018-11-29_14_04_43,airbnb,raspberry3bp,1544133828000,0,0,0,0,,piece--4-1,Las Rozas de Madrid,0,-3.92812,40.5623,-3.92295,40.5571,-3.92553,40.5597,,
Las Rozas de Madrid--piece--4-10--raspberry3bp,scraping-airbnb-raspberry3bp--2018-11-29_14_04_43,airbnb,raspberry3bp,1544133842000,0,0,0,0,,piece--4-10,Las Rozas de Madrid,0,-3.92812,40.5153,-3.92295,40.51,-3.92553,40.5126,,
Las Rozas de Madrid--piece--4-11--raspberry3bp,scraping-airbnb-raspberry3bp--2018-11-29_14_04_43,airbnb,raspberry3bp,1544133866000,0,0,0,0,,piece--4-11,Las Rozas de Madrid,0,-3.92812,40.51,-3.92295,40.5048,-3.92553,40.5074,,
Las Rozas de Madrid--piece--4-12--raspberry3bp,scraping-airbnb-raspberry3bp--2018-11-29_14_04_43,airbnb,raspberry3bp,1544133884000,0,0,0,0,,piece--4-12,Las Rozas de Madrid,0,-3.92812,40.5048,-3.92295,40.4996,-3.92553,40.5022,,
Las Rozas de Madrid--piece--4-13--raspberry3bp,scraping-airbnb-raspberry3bp--2018-11-29_14_04_43,airbnb,raspberry3bp,1544133903000,0,0,0,0,,piece--4-13,Las Rozas de Madrid,0,-3.92812,40.4996,-3.92295,40.4943,-3.92553,40.497,,
Las Rozas de Madrid--piece--4-14--raspberry3bp,scraping-airbnb-raspberry3bp--2018-11-29_14_04_43,airbnb,raspberry3bp,1544133919000,0,0,0,0,,piece--4-14,Las Rozas de Madrid,0,-3.92812,40.4943,-3.92295,40.4891,-3.92553,40.4917,,
Las Rozas de Madrid--piece--4-15--raspberry3bp,scraping-airbnb-raspberry3bp--2018-11-29_14_04_43,airbnb,raspberry3bp,1544133932000,0,0,0,0,,piece--4-15,Las Rozas de Madrid,0,-3.92812,40.4891,-3.92295,40.4839,-3.92553,40.4865,,
Las Rozas de Madrid--piece--4-16--raspberry3bp,scraping-airbnb-raspberry3bp--2018-11-29_14_04_43,airbnb,raspberry3bp,1544133947000,0,0,0,0,,piece--4-16,Las Rozas de Madrid,0,-3.92812,40.4839,-3.92295,40.4786,-3.92553,40.4813,,
Las Rozas de Madrid--piece--4-2--raspberry3bp,scraping-airbnb-raspberry3bp--2018-11-29_14_04_43,airbnb,raspberry3bp,1544133965000,0,0,0,0,,piece--4-2,Las Rozas de Madrid,0,-3.92812,40.5571,-3.92295,40.5519,-3.92553,40.5545,,
Las Rozas de Madrid--piece--4-3--raspberry3bp,scraping-airbnb-raspberry3bp--2018-11-29_14_04_43,airbnb,raspberry3bp,1544133990000,0,0,0,0,,piece--4-3,Las Rozas de Madrid,0,-3.92812,40.5519,-3.92295,40.5467,-3.92553,40.5493,,
Las Rozas de Madrid--piece--4-4--raspberry3bp,scraping-airbnb-raspberry3bp--2018-11-29_14_04_43,airbnb,raspberry3bp,1544134014000,0,0,3,1,,piece--4-4,Las Rozas de Madrid,0,-3.92812,40.5467,-3.92295,40.5414,-3.92553,40.544,,
Las Rozas de Madrid--piece--4-5--raspberry3bp,scraping-airbnb-raspberry3bp--2018-11-29_14_04_43,airbnb,raspberry3bp,1544134032000,0,0,0,0,,piece--4-5,Las Rozas de Madrid,0,-3.92812,40.5414,-3.92295,40.5362,-3.92553,40.5388,,
Las Rozas de Madrid--piece--4-6--raspberry3bp,scraping-airbnb-raspberry3bp--2018-11-29_14_04_43,airbnb,raspberry3bp,1544134048000,0,0,0,1,,piece--4-6,Las Rozas de Madrid,0,-3.92812,40.5362,-3.92295,40.531,-3.92553,40.5336,,
Las Rozas de Madrid--piece--4-7--raspberry3bp,scraping-airbnb-raspberry3bp--2018-11-29_14_04_43,airbnb,raspberry3bp,1544134065000,0,0,0,0,,piece--4-7,Las Rozas de Madrid,0,-3.92812,40.531,-3.92295,40.5257,-3.92553,40.5283,,
Las Rozas de Madrid--piece--4-8--raspberry3bp,scraping-airbnb-raspberry3bp--2018-11-29_14_04_43,airbnb,raspberry3bp,1544134077000,0,0,0,0,,piece--4-8,Las Rozas de Madrid,0,-3.92812,40.5257,-3.92295,40.5205,-3.92553,40.5231,,
Las Rozas de Madrid--piece--4-9--raspberry3bp,scraping-airbnb-raspberry3bp--2018-11-29_14_04_43,airbnb,raspberry3bp,1544134091000,0,0,0,0,,piece--4-9,Las Rozas de Madrid,0,-3.92812,40.5205,-3.92295,40.5153,-3.92553,40.5179,,
Las Rozas de Madrid--piece--5-0--raspberry3bp,scraping-airbnb-raspberry3bp--2018-11-29_14_04_43,airbnb,raspberry3bp,1544134102000,0,0,0,0,,piece--5-0,Las Rozas de Madrid,0,-3.92295,40.5676,-3.91777,40.5623,-3.92036,40.565,,
Las Rozas de Madrid--piece--5-1--raspberry3bp,scraping-airbnb-raspberry3bp--2018-11-29_14_04_43,airbnb,raspberry3bp,1544134120000,0,0,0,0,,piece--5-1,Las Rozas de Madrid,0,-3.92295,40.5623,-3.91777,40.5571,-3.92036,40.5597,,
Las Rozas de Madrid--piece--5-10--raspberry3bp,scraping-airbnb-raspberry3bp--2018-11-29_14_04_43,airbnb,raspberry3bp,1544134137000,0,0,0,0,,piece--5-10,Las Rozas de Madrid,0,-3.92295,40.5153,-3.91777,40.51,-3.92036,40.5126,,
Las Rozas de Madrid--piece--5-11--raspberry3bp,scraping-airbnb-raspberry3bp--2018-11-29_14_04_43,airbnb,raspberry3bp,1544134154000,0,0,0,0,,piece--5-11,Las Rozas de Madrid,0,-3.92295,40.51,-3.91777,40.5048,-3.92036,40.5074,,
Las Rozas de Madrid--piece--5-12--raspberry3bp,scraping-airbnb-raspberry3bp--2018-11-29_14_04_43,airbnb,raspberry3bp,1544134166000,0,0,0,0,,piece--5-12,Las Rozas de Madrid,0,-3.92295,40.5048,-3.91777,40.4996,-3.92036,40.5022,,
Las Rozas de Madrid--piece--5-13--raspberry3bp,scraping-airbnb-raspberry3bp--2018-11-29_14_04_43,airbnb,raspberry3bp,1544134180000,0,0,0,0,,piece--5-13,Las Rozas de Madrid,0,-3.92295,40.4996,-3.91777,40.4943,-3.92036,40.497,,
Las Rozas de Madrid--piece--5-14--raspberry3bp,scraping-airbnb-raspberry3bp--2018-11-29_14_04_43,airbnb,raspberry3bp,1544134198000,0,0,0,0,,piece--5-14,Las Rozas de Madrid,0,-3.92295,40.4943,-3.91777,40.4891,-3.92036,40.4917,,
Las Rozas de Madrid--piece--5-15--raspberry3bp,scraping-airbnb-raspberry3bp--2018-11-29_14_04_43,airbnb,raspberry3bp,1544134210000,0,0,0,0,,piece--5-15,Las Rozas de Madrid,0,-3.92295,40.4891,-3.91777,40.4839,-3.92036,40.4865,,
Las Rozas de Madrid--piece--5-16--raspberry3bp,scraping-airbnb-raspberry3bp--2018-11-29_14_04_43,airbnb,raspberry3bp,1544134222000,0,0,0,0,,piece--5-16,Las Rozas de Madrid,0,-3.92295,40.4839,-3.91777,40.4786,-3.92036,40.4813,,
Las Rozas de Madrid--piece--5-2--raspberry3bp,scraping-airbnb-raspberry3bp--2018-11-29_14_04_43,airbnb,raspberry3bp,1544134234000,0,0,0,0,,piece--5-2,Las Rozas de Madrid,0,-3.92295,40.5571,-3.91777,40.5519,-3.92036,40.5545,,
Las Rozas de Madrid--piece--5-3--raspberry3bp,scraping-airbnb-raspberry3bp--2018-11-29_14_04_43,airbnb,raspberry3bp,1544134250000,0,0,0,0,,piece--5-3,Las Rozas de Madrid,0,-3.92295,40.5519,-3.91777,40.5467,-3.92036,40.5493,,
Las Rozas de Madrid--piece--5-4--raspberry3bp,scraping-airbnb-raspberry3bp--2018-11-29_14_04_43,airbnb,raspberry3bp,1544134266000,0,0,0,0,,piece--5-4,Las Rozas de Madrid,0,-3.92295,40.5467,-3.91777,40.5414,-3.92036,40.544,,
Las Rozas de Madrid--piece--5-5--raspberry3bp,scraping-airbnb-raspberry3bp--2018-11-29_14_04_43,airbnb,raspberry3bp,1544134285000,0,0,0,0,,piece--5-5,Las Rozas de Madrid,0,-3.92295,40.5414,-3.91777,40.5362,-3.92036,40.5388,,
Las Rozas de Madrid--piece--5-6--raspberry3bp,scraping-airbnb-raspberry3bp--2018-11-29_14_04_43,airbnb,raspberry3bp,1544134300000,0,0,0,1,,piece--5-6,Las Rozas de Madrid,0,-3.92295,40.5362,-3.91777,40.531,-3.92036,40.5336,,
Las Rozas de Madrid--piece--5-7--raspberry3bp,scraping-airbnb-raspberry3bp--2018-11-29_14_04_43,airbnb,raspberry3bp,1544134313000,0,0,0,0,,piece--5-7,Las Rozas de Madrid,0,-3.92295,40.531,-3.91777,40.5257,-3.92036,40.5283,,
Las Rozas de Madrid--piece--5-8--raspberry3bp,scraping-airbnb-raspberry3bp--2018-11-29_14_04_43,airbnb,raspberry3bp,1544134332000,0,0,0,0,,piece--5-8,Las Rozas de Madrid,0,-3.92295,40.5257,-3.91777,40.5205,-3.92036,40.5231,,
Las Rozas de Madrid--piece--5-9--raspberry3bp,scraping-airbnb-raspberry3bp--2018-11-29_14_04_43,airbnb,raspberry3bp,1544134344000,0,0,0,0,,piece--5-9,Las Rozas de Madrid,0,-3.92295,40.5205,-3.91777,40.5153,-3.92036,40.5179,,
Las Rozas de Madrid--piece--6-0--raspberry3bp,scraping-airbnb-raspberry3bp--2018-11-29_14_04_43,airbnb,raspberry3bp,1544134359000,0,0,0,0,,piece--6-0,Las Rozas de Madrid,0,-3.91777,40.5676,-3.91259,40.5623,-3.91518,40.565,,
Las Rozas de Madrid--piece--6-1--raspberry3bp,scraping-airbnb-raspberry3bp--2018-11-29_14_04_43,airbnb,raspberry3bp,1544134375000,0,0,0,0,,piece--6-1,Las Rozas de Madrid,0,-3.91777,40.5623,-3.91259,40.5571,-3.91518,40.5597,,
Las Rozas de Madrid--piece--6-10--raspberry3bp,scraping-airbnb-raspberry3bp--2018-11-29_14_04_43,airbnb,raspberry3bp,1544134396000,0,0,0,0,,piece--6-10,Las Rozas de Madrid,0,-3.91777,40.5153,-3.91259,40.51,-3.91518,40.5126,,
Las Rozas de Madrid--piece--6-11--raspberry3bp,scraping-airbnb-raspberry3bp--2018-11-29_14_04_43,airbnb,raspberry3bp,1544134413000,0,0,0,0,,piece--6-11,Las Rozas de Madrid,0,-3.91777,40.51,-3.91259,40.5048,-3.91518,40.5074,,
Las Rozas de Madrid--piece--6-12--raspberry3bp,scraping-airbnb-raspberry3bp--2018-11-29_14_04_43,airbnb,raspberry3bp,1544134433000,0,0,0,0,,piece--6-12,Las Rozas de Madrid,0,-3.91777,40.5048,-3.91259,40.4996,-3.91518,40.5022,,
Las Rozas de Madrid--piece--6-13--raspberry3bp,scraping-airbnb-raspberry3bp--2018-11-29_14_04_43,airbnb,raspberry3bp,1544134445000,0,0,0,0,,piece--6-13,Las Rozas de Madrid,0,-3.91777,40.4996,-3.91259,40.4943,-3.91518,40.497,,
Las Rozas de Madrid--piece--6-14--raspberry3bp,scraping-airbnb-raspberry3bp--2018-11-29_14_04_43,airbnb,raspberry3bp,1544134462000,0,0,0,0,,piece--6-14,Las Rozas de Madrid,0,-3.91777,40.4943,-3.91259,40.4891,-3.91518,40.4917,,
Las Rozas de Madrid--piece--6-15--raspberry3bp,scraping-airbnb-raspberry3bp--2018-11-29_14_04_43,airbnb,raspberry3bp,1544134474000,0,0,0,0,,piece--6-15,Las Rozas de Madrid,0,-3.91777,40.4891,-3.91259,40.4839,-3.91518,40.4865,,
Las Rozas de Madrid--piece--6-16--raspberry3bp,scraping-airbnb-raspberry3bp--2018-11-29_14_04_43,airbnb,raspberry3bp,1544134490000,0,0,0,0,,piece--6-16,Las Rozas de Madrid,0,-3.91777,40.4839,-3.91259,40.4786,-3.91518,40.4813,,
Las Rozas de Madrid--piece--6-2--raspberry3bp,scraping-airbnb-raspberry3bp--2018-11-29_14_04_43,airbnb,raspberry3bp,1544134503000,0,0,0,0,,piece--6-2,Las Rozas de Madrid,0,-3.91777,40.5571,-3.91259,40.5519,-3.91518,40.5545,,
Las Rozas de Madrid--piece--6-3--raspberry3bp,scraping-airbnb-raspberry3bp--2018-11-29_14_04_43,airbnb,raspberry3bp,1544134519000,0,0,0,0,,piece--6-3,Las Rozas de Madrid,0,-3.91777,40.5519,-3.91259,40.5467,-3.91518,40.5493,,
Las Rozas de Madrid--piece--6-4--raspberry3bp,scraping-airbnb-raspberry3bp--2018-11-29_14_04_43,airbnb,raspberry3bp,1544134536000,0,0,0,0,,piece--6-4,Las Rozas de Madrid,0,-3.91777,40.5467,-3.91259,40.5414,-3.91518,40.544,,
Las Rozas de Madrid--piece--6-5--raspberry3bp,scraping-airbnb-raspberry3bp--2018-11-29_14_04_43,airbnb,raspberry3bp,1544134563000,0,0,0,0,,piece--6-5,Las Rozas de Madrid,0,-3.91777,40.5414,-3.91259,40.5362,-3.91518,40.5388,,
Las Rozas de Madrid--piece--6-6--raspberry3bp,scraping-airbnb-raspberry3bp--2018-11-29_14_04_43,airbnb,raspberry3bp,1544134579000,0,0,0,0,,piece--6-6,Las Rozas de Madrid,0,-3.91777,40.5362,-3.91259,40.531,-3.91518,40.5336,,
Las Rozas de Madrid--piece--6-7--raspberry3bp,scraping-airbnb-raspberry3bp--2018-11-29_14_04_43,airbnb,raspberry3bp,1544134593000,0,0,0,0,,piece--6-7,Las Rozas de Madrid,0,-3.91777,40.531,-3.91259,40.5257,-3.91518,40.5283,,
Las Rozas de Madrid--piece--6-8--raspberry3bp,scraping-airbnb-raspberry3bp--2018-11-29_14_04_43,airbnb,raspberry3bp,1544134608000,0,0,0,1,,piece--6-8,Las Rozas de Madrid,0,-3.91777,40.5257,-3.91259,40.5205,-3.91518,40.5231,,
Las Rozas de Madrid--piece--6-9--raspberry3bp,scraping-airbnb-raspberry3bp--2018-11-29_14_04_43,airbnb,raspberry3bp,1544134620000,0,0,0,0,,piece--6-9,Las Rozas de Madrid,0,-3.91777,40.5205,-3.91259,40.5153,-3.91518,40.5179,,
Las Rozas de Madrid--piece--7-0--raspberry3bp,scraping-airbnb-raspberry3bp--2018-11-29_14_04_43,airbnb,raspberry3bp,1544134638000,0,0,0,0,,piece--7-0,Las Rozas de Madrid,0,-3.91259,40.5676,-3.90742,40.5623,-3.91001,40.565,,
Las Rozas de Madrid--piece--7-1--raspberry3bp,scraping-airbnb-raspberry3bp--2018-11-29_14_04_43,airbnb,raspberry3bp,1544134653000,0,0,0,0,,piece--7-1,Las Rozas de Madrid,0,-3.91259,40.5623,-3.90742,40.5571,-3.91001,40.5597,,
Las Rozas de Madrid--piece--7-10--raspberry3bp,scraping-airbnb-raspberry3bp--2018-11-29_14_04_43,airbnb,raspberry3bp,1544134668000,0,0,1,1,,piece--7-10,Las Rozas de Madrid,0,-3.91259,40.5153,-3.90742,40.51,-3.91001,40.5126,,
Las Rozas de Madrid--piece--7-11--raspberry3bp,scraping-airbnb-raspberry3bp--2018-11-29_14_04_43,airbnb,raspberry3bp,1544134687000,0,0,0,0,,piece--7-11,Las Rozas de Madrid,0,-3.91259,40.51,-3.90742,40.5048,-3.91001,40.5074,,
Las Rozas de Madrid--piece--7-12--raspberry3bp,scraping-airbnb-raspberry3bp--2018-11-29_14_04_43,airbnb,raspberry3bp,1544134699000,0,0,0,0,,piece--7-12,Las Rozas de Madrid,0,-3.91259,40.5048,-3.90742,40.4996,-3.91001,40.5022,,
Las Rozas de Madrid--piece--7-13--raspberry3bp,scraping-airbnb-raspberry3bp--2018-11-29_14_04_43,airbnb,raspberry3bp,1544134711000,0,0,0,0,,piece--7-13,Las Rozas de Madrid,0,-3.91259,40.4996,-3.90742,40.4943,-3.91001,40.497,,
Las Rozas de Madrid--piece--7-14--raspberry3bp,scraping-airbnb-raspberry3bp--2018-11-29_14_04_43,airbnb,raspberry3bp,1544134738000,0,0,0,0,,piece--7-14,Las Rozas de Madrid,0,-3.91259,40.4943,-3.90742,40.4891,-3.91001,40.4917,,
Las Rozas de Madrid--piece--7-15--raspberry3bp,scraping-airbnb-raspberry3bp--2018-11-29_14_04_43,airbnb,raspberry3bp,1544134751000,0,0,0,0,,piece--7-15,Las Rozas de Madrid,0,-3.91259,40.4891,-3.90742,40.4839,-3.91001,40.4865,,
Las Rozas de Madrid--piece--7-16--raspberry3bp,scraping-airbnb-raspberry3bp--2018-11-29_14_04_43,airbnb,raspberry3bp,1544134763000,0,0,0,0,,piece--7-16,Las Rozas de Madrid,0,-3.91259,40.4839,-3.90742,40.4786,-3.91001,40.4813,,
Las Rozas de Madrid--piece--7-2--raspberry3bp,scraping-airbnb-raspberry3bp--2018-11-29_14_04_43,airbnb,raspberry3bp,1544134776000,0,0,0,0,,piece--7-2,Las Rozas de Madrid,0,-3.91259,40.5571,-3.90742,40.5519,-3.91001,40.5545,,
Las Rozas de Madrid--piece--7-3--raspberry3bp,scraping-airbnb-raspberry3bp--2018-11-29_14_04_43,airbnb,raspberry3bp,1544134790000,0,0,0,0,,piece--7-3,Las Rozas de Madrid,0,-3.91259,40.5519,-3.90742,40.5467,-3.91001,40.5493,,
Las Rozas de Madrid--piece--7-4--raspberry3bp,scraping-airbnb-raspberry3bp--2018-11-29_14_04_43,airbnb,raspberry3bp,1544134808000,0,0,0,0,,piece--7-4,Las Rozas de Madrid,0,-3.91259,40.5467,-3.90742,40.5414,-3.91001,40.544,,
Las Rozas de Madrid--piece--7-5--raspberry3bp,scraping-airbnb-raspberry3bp--2018-11-29_14_04_43,airbnb,raspberry3bp,1544134820000,0,0,0,0,,piece--7-5,Las Rozas de Madrid,0,-3.91259,40.5414,-3.90742,40.5362,-3.91001,40.5388,,
Las Rozas de Madrid--piece--7-6--raspberry3bp,scraping-airbnb-raspberry3bp--2018-11-29_14_04_43,airbnb,raspberry3bp,1544134836000,0,0,0,0,,piece--7-6,Las Rozas de Madrid,0,-3.91259,40.5362,-3.90742,40.531,-3.91001,40.5336,,
Las Rozas de Madrid--piece--7-7--raspberry3bp,scraping-airbnb-raspberry3bp--2018-11-29_14_04_43,airbnb,raspberry3bp,1544134852000,0,0,0,0,,piece--7-7,Las Rozas de Madrid,0,-3.91259,40.531,-3.90742,40.5257,-3.91001,40.5283,,
Las Rozas de Madrid--piece--7-8--raspberry3bp,scraping-airbnb-raspberry3bp--2018-11-29_14_04_43,airbnb,raspberry3bp,1544134864000,0,0,0,0,,piece--7-8,Las Rozas de Madrid,0,-3.91259,40.5257,-3.90742,40.5205,-3.91001,40.5231,,
Las Rozas de Madrid--piece--7-9--raspberry3bp,scraping-airbnb-raspberry3bp--2018-11-29_14_04_43,airbnb,raspberry3bp,1544134881000,0,0,0,2,,piece--7-9,Las Rozas de Madrid,0,-3.91259,40.5205,-3.90742,40.5153,-3.91001,40.5179,,
Las Rozas de Madrid--piece--8-0--raspberry3bp,scraping-airbnb-raspberry3bp--2018-11-29_14_04_43,airbnb,raspberry3bp,1544134899000,0,0,0,0,,piece--8-0,Las Rozas de Madrid,0,-3.90742,40.5676,-3.90224,40.5623,-3.90483,40.565,,
Las Rozas de Madrid--piece--8-1--raspberry3bp,scraping-airbnb-raspberry3bp--2018-11-29_14_04_43,airbnb,raspberry3bp,1544134914000,0,0,2,1,,piece--8-1,Las Rozas de Madrid,0,-3.90742,40.5623,-3.90224,40.5571,-3.90483,40.5597,,
Las Rozas de Madrid--piece--8-10--raspberry3bp,scraping-airbnb-raspberry3bp--2018-11-29_14_04_43,airbnb,raspberry3bp,1544134930000,0,0,0,0,,piece--8-10,Las Rozas de Madrid,0,-3.90742,40.5153,-3.90224,40.51,-3.90483,40.5126,,
Las Rozas de Madrid--piece--8-11--raspberry3bp,scraping-airbnb-raspberry3bp--2018-11-29_14_04_43,airbnb,raspberry3bp,1544134942000,0,0,0,0,,piece--8-11,Las Rozas de Madrid,0,-3.90742,40.51,-3.90224,40.5048,-3.90483,40.5074,,
Las Rozas de Madrid--piece--8-12--raspberry3bp,scraping-airbnb-raspberry3bp--2018-11-29_14_04_43,airbnb,raspberry3bp,1544134954000,0,0,0,0,,piece--8-12,Las Rozas de Madrid,0,-3.90742,40.5048,-3.90224,40.4996,-3.90483,40.5022,,
Las Rozas de Madrid--piece--8-13--raspberry3bp,scraping-airbnb-raspberry3bp--2018-11-29_14_04_43,airbnb,raspberry3bp,1544134966000,0,0,0,0,,piece--8-13,Las Rozas de Madrid,0,-3.90742,40.4996,-3.90224,40.4943,-3.90483,40.497,,
Las Rozas de Madrid--piece--8-14--raspberry3bp,scraping-airbnb-raspberry3bp--2018-11-29_14_04_43,airbnb,raspberry3bp,1544134981000,0,0,0,0,,piece--8-14,Las Rozas de Madrid,0,-3.90742,40.4943,-3.90224,40.4891,-3.90483,40.4917,,
Las Rozas de Madrid--piece--8-15--raspberry3bp,scraping-airbnb-raspberry3bp--2018-11-29_14_04_43,airbnb,raspberry3bp,1544134995000,0,0,0,0,,piece--8-15,Las Rozas de Madrid,0,-3.90742,40.4891,-3.90224,40.4839,-3.90483,40.4865,,
Las Rozas de Madrid--piece--8-16--raspberry3bp,scraping-airbnb-raspberry3bp--2018-11-29_14_04_43,airbnb,raspberry3bp,1544135009000,0,0,0,0,,piece--8-16,Las Rozas de Madrid,0,-3.90742,40.4839,-3.90224,40.4786,-3.90483,40.4813,,
Las Rozas de Madrid--piece--8-2--raspberry3bp,scraping-airbnb-raspberry3bp--2018-11-29_14_04_43,airbnb,raspberry3bp,1544135024000,0,0,0,0,,piece--8-2,Las Rozas de Madrid,0,-3.90742,40.5571,-3.90224,40.5519,-3.90483,40.5545,,
Las Rozas de Madrid--piece--8-3--raspberry3bp,scraping-airbnb-raspberry3bp--2018-11-29_14_04_43,airbnb,raspberry3bp,1544135047000,0,0,0,0,,piece--8-3,Las Rozas de Madrid,0,-3.90742,40.5519,-3.90224,40.5467,-3.90483,40.5493,,
Las Rozas de Madrid--piece--8-4--raspberry3bp,scraping-airbnb-raspberry3bp--2018-11-29_14_04_43,airbnb,raspberry3bp,1544135063000,0,0,0,0,,piece--8-4,Las Rozas de Madrid,0,-3.90742,40.5467,-3.90224,40.5414,-3.90483,40.544,,
Las Rozas de Madrid--piece--8-5--raspberry3bp,scraping-airbnb-raspberry3bp--2018-11-29_14_04_43,airbnb,raspberry3bp,1544135079000,0,0,0,0,,piece--8-5,Las Rozas de Madrid,0,-3.90742,40.5414,-3.90224,40.5362,-3.90483,40.5388,,
Las Rozas de Madrid--piece--8-6--raspberry3bp,scraping-airbnb-raspberry3bp--2018-11-29_14_04_43,airbnb,raspberry3bp,1544135106000,0,0,0,1,,piece--8-6,Las Rozas de Madrid,0,-3.90742,40.5362,-3.90224,40.531,-3.90483,40.5336,,
Las Rozas de Madrid--piece--8-7--raspberry3bp,scraping-airbnb-raspberry3bp--2018-11-29_14_04_43,airbnb,raspberry3bp,1544135118000,0,0,0,0,,piece--8-7,Las Rozas de Madrid,0,-3.90742,40.531,-3.90224,40.5257,-3.90483,40.5283,,
Las Rozas de Madrid--piece--8-8--raspberry3bp,scraping-airbnb-raspberry3bp--2018-11-29_14_04_43,airbnb,raspberry3bp,1544135131000,0,0,0,0,,piece--8-8,Las Rozas de Madrid,0,-3.90742,40.5257,-3.90224,40.5205,-3.90483,40.5231,,
Las Rozas de Madrid--piece--8-9--raspberry3bp,scraping-airbnb-raspberry3bp--2018-11-29_14_04_43,airbnb,raspberry3bp,1544135149000,0,0,0,0,,piece--8-9,Las Rozas de Madrid,0,-3.90742,40.5205,-3.90224,40.5153,-3.90483,40.5179,,
Las Rozas de Madrid--piece--9-0--raspberry3bp,scraping-airbnb-raspberry3bp--2018-11-29_14_04_43,airbnb,raspberry3bp,1544135163000,0,0,0,1,,piece--9-0,Las Rozas de Madrid,0,-3.90224,40.5676,-3.89707,40.5623,-3.89966,40.565,,
Las Rozas de Madrid--piece--9-1--raspberry3bp,scraping-airbnb-raspberry3bp--2018-11-29_14_04_43,airbnb,raspberry3bp,1544135176000,0,0,2,1,,piece--9-1,Las Rozas de Madrid,0,-3.90224,40.5623,-3.89707,40.5571,-3.89966,40.5597,,
Las Rozas de Madrid--piece--9-10--raspberry3bp,scraping-airbnb-raspberry3bp--2018-11-29_14_04_43,airbnb,raspberry3bp,1544135197000,0,0,0,0,,piece--9-10,Las Rozas de Madrid,0,-3.90224,40.5153,-3.89707,40.51,-3.89966,40.5126,,
Las Rozas de Madrid--piece--9-11--raspberry3bp,scraping-airbnb-raspberry3bp--2018-11-29_14_04_43,airbnb,raspberry3bp,1544135214000,0,0,0,0,,piece--9-11,Las Rozas de Madrid,0,-3.90224,40.51,-3.89707,40.5048,-3.89966,40.5074,,
Las Rozas de Madrid--piece--9-12--raspberry3bp,scraping-airbnb-raspberry3bp--2018-11-29_14_04_43,airbnb,raspberry3bp,1544135228000,0,0,0,0,,piece--9-12,Las Rozas de Madrid,0,-3.90224,40.5048,-3.89707,40.4996,-3.89966,40.5022,,
Las Rozas de Madrid--piece--9-13--raspberry3bp,scraping-airbnb-raspberry3bp--2018-11-29_14_04_43,airbnb,raspberry3bp,1544135243000,0,0,0,0,,piece--9-13,Las Rozas de Madrid,0,-3.90224,40.4996,-3.89707,40.4943,-3.89966,40.497,,
Las Rozas de Madrid--piece--9-14--raspberry3bp,scraping-airbnb-raspberry3bp--2018-11-29_14_04_43,airbnb,raspberry3bp,1544135259000,0,0,0,0,,piece--9-14,Las Rozas de Madrid,0,-3.90224,40.4943,-3.89707,40.4891,-3.89966,40.4917,,
Las Rozas de Madrid--piece--9-15--raspberry3bp,scraping-airbnb-raspberry3bp--2018-11-29_14_04_43,airbnb,raspberry3bp,1544135271000,0,0,0,0,,piece--9-15,Las Rozas de Madrid,0,-3.90224,40.4891,-3.89707,40.4839,-3.89966,40.4865,,
Las Rozas de Madrid--piece--9-16--raspberry3bp,scraping-airbnb-raspberry3bp--2018-11-29_14_04_43,airbnb,raspberry3bp,1544135285000,0,0,0,0,,piece--9-16,Las Rozas de Madrid,0,-3.90224,40.4839,-3.89707,40.4786,-3.89966,40.4813,,
Las Rozas de Madrid--piece--9-2--raspberry3bp,scraping-airbnb-raspberry3bp--2018-11-29_14_04_43,airbnb,raspberry3bp,1544135298000,0,0,0,1,,piece--9-2,Las Rozas de Madrid,0,-3.90224,40.5571,-3.89707,40.5519,-3.89966,40.5545,,
Las Rozas de Madrid--piece--9-3--raspberry3bp,scraping-airbnb-raspberry3bp--2018-11-29_14_04_43,airbnb,raspberry3bp,1544135314000,0,0,0,0,,piece--9-3,Las Rozas de Madrid,0,-3.90224,40.5519,-3.89707,40.5467,-3.89966,40.5493,,
Las Rozas de Madrid--piece--9-4--raspberry3bp,scraping-airbnb-raspberry3bp--2018-11-29_14_04_43,airbnb,raspberry3bp,1544135329000,0,0,0,0,,piece--9-4,Las Rozas de Madrid,0,-3.90224,40.5467,-3.89707,40.5414,-3.89966,40.544,,
Las Rozas de Madrid--piece--9-5--raspberry3bp,scraping-airbnb-raspberry3bp--2018-11-29_14_04_43,airbnb,raspberry3bp,1544135343000,0,0,0,1,,piece--9-5,Las Rozas de Madrid,0,-3.90224,40.5414,-3.89707,40.5362,-3.89966,40.5388,,
Las Rozas de Madrid--piece--9-6--raspberry3bp,scraping-airbnb-raspberry3bp--2018-11-29_14_04_43,airbnb,raspberry3bp,1544135359000,0,0,0,0,,piece--9-6,Las Rozas de Madrid,0,-3.90224,40.5362,-3.89707,40.531,-3.89966,40.5336,,
Las Rozas de Madrid--piece--9-7--raspberry3bp,scraping-airbnb-raspberry3bp--2018-11-29_14_04_43,airbnb,raspberry3bp,1544135375000,0,0,0,0,,piece--9-7,Las Rozas de Madrid,0,-3.90224,40.531,-3.89707,40.5257,-3.89966,40.5283,,
Las Rozas de Madrid--piece--9-8--raspberry3bp,scraping-airbnb-raspberry3bp--2018-11-29_14_04_43,airbnb,raspberry3bp,1544135399000,0,0,0,0,,piece--9-8,Las Rozas de Madrid,0,-3.90224,40.5257,-3.89707,40.5205,-3.89966,40.5231,,
Las Rozas de Madrid--piece--9-9--raspberry3bp,scraping-airbnb-raspberry3bp--2018-11-29_14_04_43,airbnb,raspberry3bp,1544135411000,0,0,0,0,,piece--9-9,Las Rozas de Madrid,0,-3.90224,40.5205,-3.89707,40.5153,-3.89966,40.5179,,
