piece_id,scraping_id,app_id,device_id,date_scraped,average_prize_buy,number_of_ads_buy,average_prize_rent,number_of_ads_rent,extra_data,piece_name,city_name,scraped,bounding_box1_x,bounding_box1_y,bounding_box2_x,bounding_box2_y,center_point_x,center_point_y,geojson_coordinates,method
Leganés--piece--0-0--raspberry3bp,scraping-airbnb-raspberry3bp--2018-11-29_14_04_43,airbnb,raspberry3bp,1544135426000,0,0,0,0,,piece--0-0,Leganés,0,-3.79549,40.3472,-3.79016,40.3417,-3.79282,40.3444,,
Leganés--piece--0-1--raspberry3bp,scraping-airbnb-raspberry3bp--2018-11-29_14_04_43,airbnb,raspberry3bp,1544135442000,0,0,0,0,,piece--0-1,Leganés,0,-3.79549,40.3417,-3.79016,40.3363,-3.79282,40.339,,
Leganés--piece--0-2--raspberry3bp,scraping-airbnb-raspberry3bp--2018-11-29_14_04_43,airbnb,raspberry3bp,1544135454000,0,0,0,0,,piece--0-2,Leganés,0,-3.79549,40.3363,-3.79016,40.3308,-3.79282,40.3335,,
Leganés--piece--0-3--raspberry3bp,scraping-airbnb-raspberry3bp--2018-11-29_14_04_43,airbnb,raspberry3bp,1544135468000,0,0,0,0,,piece--0-3,Leganés,0,-3.79549,40.3308,-3.79016,40.3254,-3.79282,40.3281,,
Leganés--piece--0-4--raspberry3bp,scraping-airbnb-raspberry3bp--2018-11-29_14_04_43,airbnb,raspberry3bp,1544135487000,0,0,0,0,,piece--0-4,Leganés,0,-3.79549,40.3254,-3.79016,40.3199,-3.79282,40.3226,,
Leganés--piece--0-5--raspberry3bp,scraping-airbnb-raspberry3bp--2018-11-29_14_04_43,airbnb,raspberry3bp,1544135510000,0,0,0,0,,piece--0-5,Leganés,0,-3.79549,40.3199,-3.79016,40.3145,-3.79282,40.3172,,
Leganés--piece--0-6--raspberry3bp,scraping-airbnb-raspberry3bp--2018-11-29_14_04_43,airbnb,raspberry3bp,1544135528000,0,0,0,0,,piece--0-6,Leganés,0,-3.79549,40.3145,-3.79016,40.309,-3.79282,40.3117,,
Leganés--piece--1-0--raspberry3bp,scraping-airbnb-raspberry3bp--2018-11-29_14_04_43,airbnb,raspberry3bp,1544135540000,0,0,0,0,,piece--1-0,Leganés,0,-3.79016,40.3472,-3.78484,40.3417,-3.7875,40.3444,,
Leganés--piece--1-1--raspberry3bp,scraping-airbnb-raspberry3bp--2018-11-29_14_04_43,airbnb,raspberry3bp,1544135553000,0,0,0,0,,piece--1-1,Leganés,0,-3.79016,40.3417,-3.78484,40.3363,-3.7875,40.339,,
Leganés--piece--1-2--raspberry3bp,scraping-airbnb-raspberry3bp--2018-11-29_14_04_43,airbnb,raspberry3bp,1544135581000,0,0,0,0,,piece--1-2,Leganés,0,-3.79016,40.3363,-3.78484,40.3308,-3.7875,40.3335,,
Leganés--piece--1-3--raspberry3bp,scraping-airbnb-raspberry3bp--2018-11-29_14_04_43,airbnb,raspberry3bp,1544135609000,0,0,0,0,,piece--1-3,Leganés,0,-3.79016,40.3308,-3.78484,40.3254,-3.7875,40.3281,,
Leganés--piece--1-4--raspberry3bp,scraping-airbnb-raspberry3bp--2018-11-29_14_04_43,airbnb,raspberry3bp,1544135622000,0,0,0,0,,piece--1-4,Leganés,0,-3.79016,40.3254,-3.78484,40.3199,-3.7875,40.3226,,
Leganés--piece--1-5--raspberry3bp,scraping-airbnb-raspberry3bp--2018-11-29_14_04_43,airbnb,raspberry3bp,1544135635000,0,0,0,0,,piece--1-5,Leganés,0,-3.79016,40.3199,-3.78484,40.3145,-3.7875,40.3172,,
Leganés--piece--1-6--raspberry3bp,scraping-airbnb-raspberry3bp--2018-11-29_14_04_43,airbnb,raspberry3bp,1544135650000,0,0,0,0,,piece--1-6,Leganés,0,-3.79016,40.3145,-3.78484,40.309,-3.7875,40.3117,,
Leganés--piece--10-0--raspberry3bp,scraping-airbnb-raspberry3bp--2018-11-29_14_04_43,airbnb,raspberry3bp,1544135668000,0,0,0,0,,piece--10-0,Leganés,0,-3.74224,40.3472,-3.73691,40.3417,-3.73957,40.3444,,
Leganés--piece--10-1--raspberry3bp,scraping-airbnb-raspberry3bp--2018-11-29_14_04_43,airbnb,raspberry3bp,1544135687000,0,0,0,0,,piece--10-1,Leganés,0,-3.74224,40.3417,-3.73691,40.3363,-3.73957,40.339,,
Leganés--piece--10-2--raspberry3bp,scraping-airbnb-raspberry3bp--2018-11-29_14_04_43,airbnb,raspberry3bp,1544135701000,0,0,2,2,,piece--10-2,Leganés,0,-3.74224,40.3363,-3.73691,40.3308,-3.73957,40.3335,,
Leganés--piece--10-3--raspberry3bp,scraping-airbnb-raspberry3bp--2018-11-29_14_04_43,airbnb,raspberry3bp,1544135719000,0,0,0,0,,piece--10-3,Leganés,0,-3.74224,40.3308,-3.73691,40.3254,-3.73957,40.3281,,
Leganés--piece--10-4--raspberry3bp,scraping-airbnb-raspberry3bp--2018-11-29_14_04_43,airbnb,raspberry3bp,1544135732000,0,0,0,1,,piece--10-4,Leganés,0,-3.74224,40.3254,-3.73691,40.3199,-3.73957,40.3226,,
Leganés--piece--10-5--raspberry3bp,scraping-airbnb-raspberry3bp--2018-11-29_14_04_43,airbnb,raspberry3bp,1544135745000,0,0,0,1,,piece--10-5,Leganés,0,-3.74224,40.3199,-3.73691,40.3145,-3.73957,40.3172,,
Leganés--piece--10-6--raspberry3bp,scraping-airbnb-raspberry3bp--2018-11-29_14_04_43,airbnb,raspberry3bp,1544135763000,0,0,1,1,,piece--10-6,Leganés,0,-3.74224,40.3145,-3.73691,40.309,-3.73957,40.3117,,
Leganés--piece--2-0--raspberry3bp,scraping-airbnb-raspberry3bp--2018-11-29_14_04_43,airbnb,raspberry3bp,1544135781000,0,0,0,0,,piece--2-0,Leganés,0,-3.78484,40.3472,-3.77951,40.3417,-3.78217,40.3444,,
Leganés--piece--2-1--raspberry3bp,scraping-airbnb-raspberry3bp--2018-11-29_14_04_43,airbnb,raspberry3bp,1544135799000,0,0,0,0,,piece--2-1,Leganés,0,-3.78484,40.3417,-3.77951,40.3363,-3.78217,40.339,,
Leganés--piece--2-2--raspberry3bp,scraping-airbnb-raspberry3bp--2018-11-29_14_04_43,airbnb,raspberry3bp,1544135817000,0,0,0,0,,piece--2-2,Leganés,0,-3.78484,40.3363,-3.77951,40.3308,-3.78217,40.3335,,
Leganés--piece--2-3--raspberry3bp,scraping-airbnb-raspberry3bp--2018-11-29_14_04_43,airbnb,raspberry3bp,1544135833000,0,0,0,0,,piece--2-3,Leganés,0,-3.78484,40.3308,-3.77951,40.3254,-3.78217,40.3281,,
Leganés--piece--2-4--raspberry3bp,scraping-airbnb-raspberry3bp--2018-11-29_14_04_43,airbnb,raspberry3bp,1544135847000,0,0,0,0,,piece--2-4,Leganés,0,-3.78484,40.3254,-3.77951,40.3199,-3.78217,40.3226,,
Leganés--piece--2-5--raspberry3bp,scraping-airbnb-raspberry3bp--2018-11-29_14_04_43,airbnb,raspberry3bp,1544135863000,0,0,2,2,,piece--2-5,Leganés,0,-3.78484,40.3199,-3.77951,40.3145,-3.78217,40.3172,,
Leganés--piece--2-6--raspberry3bp,scraping-airbnb-raspberry3bp--2018-11-29_14_04_43,airbnb,raspberry3bp,1544135878000,0,0,0,0,,piece--2-6,Leganés,0,-3.78484,40.3145,-3.77951,40.309,-3.78217,40.3117,,
Leganés--piece--3-0--raspberry3bp,scraping-airbnb-raspberry3bp--2018-11-29_14_04_43,airbnb,raspberry3bp,1544135899000,0,0,0,0,,piece--3-0,Leganés,0,-3.77951,40.3472,-3.77419,40.3417,-3.77685,40.3444,,
Leganés--piece--3-1--raspberry3bp,scraping-airbnb-raspberry3bp--2018-11-29_14_04_43,airbnb,raspberry3bp,1544135913000,0,0,0,0,,piece--3-1,Leganés,0,-3.77951,40.3417,-3.77419,40.3363,-3.77685,40.339,,
Leganés--piece--3-2--raspberry3bp,scraping-airbnb-raspberry3bp--2018-11-29_14_04_43,airbnb,raspberry3bp,1544135929000,0,0,0,1,,piece--3-2,Leganés,0,-3.77951,40.3363,-3.77419,40.3308,-3.77685,40.3335,,
Leganés--piece--3-3--raspberry3bp,scraping-airbnb-raspberry3bp--2018-11-29_14_04_43,airbnb,raspberry3bp,1544135942000,0,0,0,0,,piece--3-3,Leganés,0,-3.77951,40.3308,-3.77419,40.3254,-3.77685,40.3281,,
Leganés--piece--3-4--raspberry3bp,scraping-airbnb-raspberry3bp--2018-11-29_14_04_43,airbnb,raspberry3bp,1544135958000,0,0,2,1,,piece--3-4,Leganés,0,-3.77951,40.3254,-3.77419,40.3199,-3.77685,40.3226,,
Leganés--piece--3-5--raspberry3bp,scraping-airbnb-raspberry3bp--2018-11-29_14_04_43,airbnb,raspberry3bp,1544135970000,0,0,0,0,,piece--3-5,Leganés,0,-3.77951,40.3199,-3.77419,40.3145,-3.77685,40.3172,,
Leganés--piece--3-6--raspberry3bp,scraping-airbnb-raspberry3bp--2018-11-29_14_04_43,airbnb,raspberry3bp,1544135983000,0,0,0,0,,piece--3-6,Leganés,0,-3.77951,40.3145,-3.77419,40.309,-3.77685,40.3117,,
Leganés--piece--4-0--raspberry3bp,scraping-airbnb-raspberry3bp--2018-11-29_14_04_43,airbnb,raspberry3bp,1544135997000,0,0,2,1,,piece--4-0,Leganés,0,-3.77419,40.3472,-3.76886,40.3417,-3.77152,40.3444,,
Leganés--piece--4-1--raspberry3bp,scraping-airbnb-raspberry3bp--2018-11-29_14_04_43,airbnb,raspberry3bp,1544136015000,0,0,0,1,,piece--4-1,Leganés,0,-3.77419,40.3417,-3.76886,40.3363,-3.77152,40.339,,
Leganés--piece--4-2--raspberry3bp,scraping-airbnb-raspberry3bp--2018-11-29_14_04_43,airbnb,raspberry3bp,1544136031000,0,0,0,3,,piece--4-2,Leganés,0,-3.77419,40.3363,-3.76886,40.3308,-3.77152,40.3335,,
Leganés--piece--4-3--raspberry3bp,scraping-airbnb-raspberry3bp--2018-11-29_14_04_43,airbnb,raspberry3bp,1544136047000,0,0,2,1,,piece--4-3,Leganés,0,-3.77419,40.3308,-3.76886,40.3254,-3.77152,40.3281,,
Leganés--piece--4-4--raspberry3bp,scraping-airbnb-raspberry3bp--2018-11-29_14_04_43,airbnb,raspberry3bp,1544136063000,0,0,0,1,,piece--4-4,Leganés,0,-3.77419,40.3254,-3.76886,40.3199,-3.77152,40.3226,,
Leganés--piece--4-5--raspberry3bp,scraping-airbnb-raspberry3bp--2018-11-29_14_04_43,airbnb,raspberry3bp,1544136082000,0,0,0,4,,piece--4-5,Leganés,0,-3.77419,40.3199,-3.76886,40.3145,-3.77152,40.3172,,
Leganés--piece--4-6--raspberry3bp,scraping-airbnb-raspberry3bp--2018-11-29_14_04_43,airbnb,raspberry3bp,1544136097000,0,0,0,0,,piece--4-6,Leganés,0,-3.77419,40.3145,-3.76886,40.309,-3.77152,40.3117,,
Leganés--piece--5-0--raspberry3bp,scraping-airbnb-raspberry3bp--2018-11-29_14_04_43,airbnb,raspberry3bp,1544136112000,0,0,0,0,,piece--5-0,Leganés,0,-3.76886,40.3472,-3.76354,40.3417,-3.7662,40.3444,,
Leganés--piece--5-1--raspberry3bp,scraping-airbnb-raspberry3bp--2018-11-29_14_04_43,airbnb,raspberry3bp,1544136141000,0,0,0,0,,piece--5-1,Leganés,0,-3.76886,40.3417,-3.76354,40.3363,-3.7662,40.339,,
Leganés--piece--5-2--raspberry3bp,scraping-airbnb-raspberry3bp--2018-11-29_14_04_43,airbnb,raspberry3bp,1544136161000,0,0,0,0,,piece--5-2,Leganés,0,-3.76886,40.3363,-3.76354,40.3308,-3.7662,40.3335,,
Leganés--piece--5-3--raspberry3bp,scraping-airbnb-raspberry3bp--2018-11-29_14_04_43,airbnb,raspberry3bp,1544136176000,0,0,0,0,,piece--5-3,Leganés,0,-3.76886,40.3308,-3.76354,40.3254,-3.7662,40.3281,,
Leganés--piece--5-4--raspberry3bp,scraping-airbnb-raspberry3bp--2018-11-29_14_04_43,airbnb,raspberry3bp,1544136192000,0,0,0,0,,piece--5-4,Leganés,0,-3.76886,40.3254,-3.76354,40.3199,-3.7662,40.3226,,
Leganés--piece--5-5--raspberry3bp,scraping-airbnb-raspberry3bp--2018-11-29_14_04_43,airbnb,raspberry3bp,1544136205000,0,0,0,0,,piece--5-5,Leganés,0,-3.76886,40.3199,-3.76354,40.3145,-3.7662,40.3172,,
Leganés--piece--5-6--raspberry3bp,scraping-airbnb-raspberry3bp--2018-11-29_14_04_43,airbnb,raspberry3bp,1544136220000,0,0,0,0,,piece--5-6,Leganés,0,-3.76886,40.3145,-3.76354,40.309,-3.7662,40.3117,,
Leganés--piece--6-0--raspberry3bp,scraping-airbnb-raspberry3bp--2018-11-29_14_04_43,airbnb,raspberry3bp,1544136238000,0,0,0,0,,piece--6-0,Leganés,0,-3.76354,40.3472,-3.75821,40.3417,-3.76087,40.3444,,
Leganés--piece--6-1--raspberry3bp,scraping-airbnb-raspberry3bp--2018-11-29_14_04_43,airbnb,raspberry3bp,1544136250000,0,0,0,0,,piece--6-1,Leganés,0,-3.76354,40.3417,-3.75821,40.3363,-3.76087,40.339,,
Leganés--piece--6-2--raspberry3bp,scraping-airbnb-raspberry3bp--2018-11-29_14_04_43,airbnb,raspberry3bp,1544136266000,0,0,0,8,,piece--6-2,Leganés,0,-3.76354,40.3363,-3.75821,40.3308,-3.76087,40.3335,,
Leganés--piece--6-3--raspberry3bp,scraping-airbnb-raspberry3bp--2018-11-29_14_04_43,airbnb,raspberry3bp,1544136280000,0,0,0,1,,piece--6-3,Leganés,0,-3.76354,40.3308,-3.75821,40.3254,-3.76087,40.3281,,
Leganés--piece--6-4--raspberry3bp,scraping-airbnb-raspberry3bp--2018-11-29_14_04_43,airbnb,raspberry3bp,1544136298000,0,0,0,0,,piece--6-4,Leganés,0,-3.76354,40.3254,-3.75821,40.3199,-3.76087,40.3226,,
Leganés--piece--6-5--raspberry3bp,scraping-airbnb-raspberry3bp--2018-11-29_14_04_43,airbnb,raspberry3bp,1544136315000,0,0,0,0,,piece--6-5,Leganés,0,-3.76354,40.3199,-3.75821,40.3145,-3.76087,40.3172,,
Leganés--piece--6-6--raspberry3bp,scraping-airbnb-raspberry3bp--2018-11-29_14_04_43,airbnb,raspberry3bp,1544136333000,0,0,0,0,,piece--6-6,Leganés,0,-3.76354,40.3145,-3.75821,40.309,-3.76087,40.3117,,
Leganés--piece--7-0--raspberry3bp,scraping-airbnb-raspberry3bp--2018-11-29_14_04_43,airbnb,raspberry3bp,1544136354000,0,0,0,0,,piece--7-0,Leganés,0,-3.75821,40.3472,-3.75289,40.3417,-3.75555,40.3444,,
Leganés--piece--7-1--raspberry3bp,scraping-airbnb-raspberry3bp--2018-11-29_14_04_43,airbnb,raspberry3bp,1544136376000,0,0,1,1,,piece--7-1,Leganés,0,-3.75821,40.3417,-3.75289,40.3363,-3.75555,40.339,,
Leganés--piece--7-2--raspberry3bp,scraping-airbnb-raspberry3bp--2018-11-29_14_04_43,airbnb,raspberry3bp,1544136390000,0,0,0,1,,piece--7-2,Leganés,0,-3.75821,40.3363,-3.75289,40.3308,-3.75555,40.3335,,
Leganés--piece--7-3--raspberry3bp,scraping-airbnb-raspberry3bp--2018-11-29_14_04_43,airbnb,raspberry3bp,1544136407000,0,0,0,0,,piece--7-3,Leganés,0,-3.75821,40.3308,-3.75289,40.3254,-3.75555,40.3281,,
Leganés--piece--7-4--raspberry3bp,scraping-airbnb-raspberry3bp--2018-11-29_14_04_43,airbnb,raspberry3bp,1544136419000,0,0,0,0,,piece--7-4,Leganés,0,-3.75821,40.3254,-3.75289,40.3199,-3.75555,40.3226,,
Leganés--piece--7-5--raspberry3bp,scraping-airbnb-raspberry3bp--2018-11-29_14_04_43,airbnb,raspberry3bp,1544136431000,0,0,0,0,,piece--7-5,Leganés,0,-3.75821,40.3199,-3.75289,40.3145,-3.75555,40.3172,,
Leganés--piece--7-6--raspberry3bp,scraping-airbnb-raspberry3bp--2018-11-29_14_04_43,airbnb,raspberry3bp,1544136450000,0,0,0,0,,piece--7-6,Leganés,0,-3.75821,40.3145,-3.75289,40.309,-3.75555,40.3117,,
Leganés--piece--8-0--raspberry3bp,scraping-airbnb-raspberry3bp--2018-11-29_14_04_43,airbnb,raspberry3bp,1544136465000,0,0,0,1,,piece--8-0,Leganés,0,-3.75289,40.3472,-3.74756,40.3417,-3.75022,40.3444,,
Leganés--piece--8-1--raspberry3bp,scraping-airbnb-raspberry3bp--2018-11-29_14_04_43,airbnb,raspberry3bp,1544136486000,0,0,0,0,,piece--8-1,Leganés,0,-3.75289,40.3417,-3.74756,40.3363,-3.75022,40.339,,
Leganés--piece--8-2--raspberry3bp,scraping-airbnb-raspberry3bp--2018-11-29_14_04_43,airbnb,raspberry3bp,1544136500000,0,0,0,0,,piece--8-2,Leganés,0,-3.75289,40.3363,-3.74756,40.3308,-3.75022,40.3335,,
Leganés--piece--8-3--raspberry3bp,scraping-airbnb-raspberry3bp--2018-11-29_14_04_43,airbnb,raspberry3bp,1544136516000,0,0,1,1,,piece--8-3,Leganés,0,-3.75289,40.3308,-3.74756,40.3254,-3.75022,40.3281,,
Leganés--piece--8-4--raspberry3bp,scraping-airbnb-raspberry3bp--2018-11-29_14_04_43,airbnb,raspberry3bp,1544136531000,0,0,1,1,,piece--8-4,Leganés,0,-3.75289,40.3254,-3.74756,40.3199,-3.75022,40.3226,,
Leganés--piece--8-5--raspberry3bp,scraping-airbnb-raspberry3bp--2018-11-29_14_04_43,airbnb,raspberry3bp,1544136547000,0,0,0,0,,piece--8-5,Leganés,0,-3.75289,40.3199,-3.74756,40.3145,-3.75022,40.3172,,
Leganés--piece--8-6--raspberry3bp,scraping-airbnb-raspberry3bp--2018-11-29_14_04_43,airbnb,raspberry3bp,1544136560000,0,0,0,0,,piece--8-6,Leganés,0,-3.75289,40.3145,-3.74756,40.309,-3.75022,40.3117,,
Leganés--piece--9-0--raspberry3bp,scraping-airbnb-raspberry3bp--2018-11-29_14_04_43,airbnb,raspberry3bp,1544136572000,0,0,0,0,,piece--9-0,Leganés,0,-3.74756,40.3472,-3.74224,40.3417,-3.7449,40.3444,,
Leganés--piece--9-1--raspberry3bp,scraping-airbnb-raspberry3bp--2018-11-29_14_04_43,airbnb,raspberry3bp,1544136588000,0,0,0,0,,piece--9-1,Leganés,0,-3.74756,40.3417,-3.74224,40.3363,-3.7449,40.339,,
Leganés--piece--9-2--raspberry3bp,scraping-airbnb-raspberry3bp--2018-11-29_14_04_43,airbnb,raspberry3bp,1544136602000,0,0,0,0,,piece--9-2,Leganés,0,-3.74756,40.3363,-3.74224,40.3308,-3.7449,40.3335,,
Leganés--piece--9-3--raspberry3bp,scraping-airbnb-raspberry3bp--2018-11-29_14_04_43,airbnb,raspberry3bp,1544136614000,0,0,0,0,,piece--9-3,Leganés,0,-3.74756,40.3308,-3.74224,40.3254,-3.7449,40.3281,,
Leganés--piece--9-4--raspberry3bp,scraping-airbnb-raspberry3bp--2018-11-29_14_04_43,airbnb,raspberry3bp,1544136629000,0,0,0,1,,piece--9-4,Leganés,0,-3.74756,40.3254,-3.74224,40.3199,-3.7449,40.3226,,
Leganés--piece--9-5--raspberry3bp,scraping-airbnb-raspberry3bp--2018-11-29_14_04_43,airbnb,raspberry3bp,1544136644000,0,0,0,0,,piece--9-5,Leganés,0,-3.74756,40.3199,-3.74224,40.3145,-3.7449,40.3172,,
Leganés--piece--9-6--raspberry3bp,scraping-airbnb-raspberry3bp--2018-11-29_14_04_43,airbnb,raspberry3bp,1544136661000,0,0,0,0,,piece--9-6,Leganés,0,-3.74756,40.3145,-3.74224,40.309,-3.7449,40.3117,,
