piece_id,scraping_id,app_id,device_id,date_scraped,average_prize_buy,number_of_ads_buy,average_prize_rent,number_of_ads_rent,extra_data,piece_name,city_name,scraped,bounding_box1_x,bounding_box1_y,bounding_box2_x,bounding_box2_y,center_point_x,center_point_y
Mejorada del Campo--piece--0-0--gCloud,"scraping-fotocasa-gCloud--12_3_2018,_2_46_43_PM",fotocasa,gCloud,1543893755000,0,0,0,0,,piece--0-0,Mejorada del Campo,1,-3.49584,40.4222,-3.49082,40.4166,-3.49333,40.4194
Mejorada del Campo--piece--0-1--gCloud,"scraping-fotocasa-gCloud--12_3_2018,_2_46_43_PM",fotocasa,gCloud,1543893761000,0,0,0,0,,piece--0-1,Mejorada del Campo,1,-3.49584,40.4166,-3.49082,40.4111,-3.49333,40.4139
Mejorada del Campo--piece--0-2--gCloud,"scraping-fotocasa-gCloud--12_3_2018,_2_46_43_PM",fotocasa,gCloud,1543893766000,0,0,0,0,,piece--0-2,Mejorada del Campo,1,-3.49584,40.4111,-3.49082,40.4056,-3.49333,40.4083
Mejorada del Campo--piece--0-3--gCloud,"scraping-fotocasa-gCloud--12_3_2018,_2_46_43_PM",fotocasa,gCloud,1543893775000,0,0,0,0,,piece--0-3,Mejorada del Campo,1,-3.49584,40.4056,-3.49082,40.4,-3.49333,40.4028
Mejorada del Campo--piece--0-4--gCloud,"scraping-fotocasa-gCloud--12_3_2018,_2_46_43_PM",fotocasa,gCloud,1543893781000,1485.73,28,0,0,,piece--0-4,Mejorada del Campo,1,-3.49584,40.4,-3.49082,40.3945,-3.49333,40.3973
Mejorada del Campo--piece--0-5--gCloud,"scraping-fotocasa-gCloud--12_3_2018,_2_46_43_PM",fotocasa,gCloud,1543893787000,1681.29,16,0,0,,piece--0-5,Mejorada del Campo,1,-3.49584,40.3945,-3.49082,40.389,-3.49333,40.3918
Mejorada del Campo--piece--0-6--gCloud,"scraping-fotocasa-gCloud--12_3_2018,_2_46_43_PM",fotocasa,gCloud,1543893796000,0,0,0,0,,piece--0-6,Mejorada del Campo,1,-3.49584,40.389,-3.49082,40.3835,-3.49333,40.3862
Mejorada del Campo--piece--1-0--gCloud,"scraping-fotocasa-gCloud--12_3_2018,_2_46_43_PM",fotocasa,gCloud,1543893803000,0,0,0,0,,piece--1-0,Mejorada del Campo,1,-3.49082,40.4222,-3.4858,40.4166,-3.48831,40.4194
Mejorada del Campo--piece--1-1--gCloud,"scraping-fotocasa-gCloud--12_3_2018,_2_46_43_PM",fotocasa,gCloud,1543893812000,0,0,0,0,,piece--1-1,Mejorada del Campo,1,-3.49082,40.4166,-3.4858,40.4111,-3.48831,40.4139
Mejorada del Campo--piece--1-2--gCloud,"scraping-fotocasa-gCloud--12_3_2018,_2_46_43_PM",fotocasa,gCloud,1543893824000,0,0,0,0,,piece--1-2,Mejorada del Campo,1,-3.49082,40.4111,-3.4858,40.4056,-3.48831,40.4083
Mejorada del Campo--piece--1-3--gCloud,"scraping-fotocasa-gCloud--12_3_2018,_2_46_43_PM",fotocasa,gCloud,1543893832000,0,0,0,0,,piece--1-3,Mejorada del Campo,1,-3.49082,40.4056,-3.4858,40.4,-3.48831,40.4028
Mejorada del Campo--piece--1-4--gCloud,"scraping-fotocasa-gCloud--12_3_2018,_2_46_43_PM",fotocasa,gCloud,1543893844000,1640.77,30,7.32861,3,,piece--1-4,Mejorada del Campo,1,-3.49082,40.4,-3.4858,40.3945,-3.48831,40.3973
Mejorada del Campo--piece--1-5--gCloud,"scraping-fotocasa-gCloud--12_3_2018,_2_46_43_PM",fotocasa,gCloud,1543893857000,1521.39,18,8.17935,2,,piece--1-5,Mejorada del Campo,1,-3.49082,40.3945,-3.4858,40.389,-3.48831,40.3918
Mejorada del Campo--piece--1-6--gCloud,"scraping-fotocasa-gCloud--12_3_2018,_2_46_43_PM",fotocasa,gCloud,1543893873000,1375,2,0,0,,piece--1-6,Mejorada del Campo,1,-3.49082,40.389,-3.4858,40.3835,-3.48831,40.3862
Mejorada del Campo--piece--10-0--gCloud,"scraping-fotocasa-gCloud--12_3_2018,_2_46_43_PM",fotocasa,gCloud,1543893881000,0,0,0,0,,piece--10-0,Mejorada del Campo,1,-3.44563,40.4222,-3.44061,40.4166,-3.44312,40.4194
Mejorada del Campo--piece--10-1--gCloud,"scraping-fotocasa-gCloud--12_3_2018,_2_46_43_PM",fotocasa,gCloud,1543893891000,693.75,2,0,0,,piece--10-1,Mejorada del Campo,1,-3.44563,40.4166,-3.44061,40.4111,-3.44312,40.4139
Mejorada del Campo--piece--10-2--gCloud,"scraping-fotocasa-gCloud--12_3_2018,_2_46_43_PM",fotocasa,gCloud,1543893905000,0,0,0,0,,piece--10-2,Mejorada del Campo,1,-3.44563,40.4111,-3.44061,40.4056,-3.44312,40.4083
Mejorada del Campo--piece--10-3--gCloud,"scraping-fotocasa-gCloud--12_3_2018,_2_46_43_PM",fotocasa,gCloud,1543893914000,0,0,0,0,,piece--10-3,Mejorada del Campo,1,-3.44563,40.4056,-3.44061,40.4,-3.44312,40.4028
Mejorada del Campo--piece--10-4--gCloud,"scraping-fotocasa-gCloud--12_3_2018,_2_46_43_PM",fotocasa,gCloud,1543893924000,0,0,0,0,,piece--10-4,Mejorada del Campo,1,-3.44563,40.4,-3.44061,40.3945,-3.44312,40.3973
Mejorada del Campo--piece--10-5--gCloud,"scraping-fotocasa-gCloud--12_3_2018,_2_46_43_PM",fotocasa,gCloud,1543893933000,0,0,0,0,,piece--10-5,Mejorada del Campo,1,-3.44563,40.3945,-3.44061,40.389,-3.44312,40.3918
Mejorada del Campo--piece--10-6--gCloud,"scraping-fotocasa-gCloud--12_3_2018,_2_46_43_PM",fotocasa,gCloud,1543893944000,0,0,0,0,,piece--10-6,Mejorada del Campo,1,-3.44563,40.389,-3.44061,40.3835,-3.44312,40.3862
Mejorada del Campo--piece--2-0--gCloud,"scraping-fotocasa-gCloud--12_3_2018,_2_46_43_PM",fotocasa,gCloud,1543893953000,0,0,0,0,,piece--2-0,Mejorada del Campo,1,-3.4858,40.4222,-3.48078,40.4166,-3.48329,40.4194
Mejorada del Campo--piece--2-1--gCloud,"scraping-fotocasa-gCloud--12_3_2018,_2_46_43_PM",fotocasa,gCloud,1543893962000,0,0,0,0,,piece--2-1,Mejorada del Campo,1,-3.4858,40.4166,-3.48078,40.4111,-3.48329,40.4139
Mejorada del Campo--piece--2-2--gCloud,"scraping-fotocasa-gCloud--12_3_2018,_2_46_43_PM",fotocasa,gCloud,1543893970000,0,0,0,0,,piece--2-2,Mejorada del Campo,1,-3.4858,40.4111,-3.48078,40.4056,-3.48329,40.4083
Mejorada del Campo--piece--2-3--gCloud,"scraping-fotocasa-gCloud--12_3_2018,_2_46_43_PM",fotocasa,gCloud,1543893977000,1310.97,7,0,0,,piece--2-3,Mejorada del Campo,1,-3.4858,40.4056,-3.48078,40.4,-3.48329,40.4028
Mejorada del Campo--piece--2-4--gCloud,"scraping-fotocasa-gCloud--12_3_2018,_2_46_43_PM",fotocasa,gCloud,1543893988000,1429.53,29,6.37186,3,,piece--2-4,Mejorada del Campo,1,-3.4858,40.4,-3.48078,40.3945,-3.48329,40.3973
Mejorada del Campo--piece--2-5--gCloud,"scraping-fotocasa-gCloud--12_3_2018,_2_46_43_PM",fotocasa,gCloud,1543893995000,1420.72,30,7.57353,2,,piece--2-5,Mejorada del Campo,1,-3.4858,40.3945,-3.48078,40.389,-3.48329,40.3918
Mejorada del Campo--piece--2-6--gCloud,"scraping-fotocasa-gCloud--12_3_2018,_2_46_43_PM",fotocasa,gCloud,1543894000000,1696.68,3,0,0,,piece--2-6,Mejorada del Campo,1,-3.4858,40.389,-3.48078,40.3835,-3.48329,40.3862
Mejorada del Campo--piece--3-0--gCloud,"scraping-fotocasa-gCloud--12_3_2018,_2_46_43_PM",fotocasa,gCloud,1543894006000,0,0,0,0,,piece--3-0,Mejorada del Campo,1,-3.48078,40.4222,-3.47576,40.4166,-3.47827,40.4194
Mejorada del Campo--piece--3-1--gCloud,"scraping-fotocasa-gCloud--12_3_2018,_2_46_43_PM",fotocasa,gCloud,1543894021000,0,0,0,0,,piece--3-1,Mejorada del Campo,1,-3.48078,40.4166,-3.47576,40.4111,-3.47827,40.4139
Mejorada del Campo--piece--3-2--gCloud,"scraping-fotocasa-gCloud--12_3_2018,_2_46_43_PM",fotocasa,gCloud,1543894026000,0,0,0,0,,piece--3-2,Mejorada del Campo,1,-3.48078,40.4111,-3.47576,40.4056,-3.47827,40.4083
Mejorada del Campo--piece--3-3--gCloud,"scraping-fotocasa-gCloud--12_3_2018,_2_46_43_PM",fotocasa,gCloud,1543894032000,1452.26,2,0,0,,piece--3-3,Mejorada del Campo,1,-3.48078,40.4056,-3.47576,40.4,-3.47827,40.4028
Mejorada del Campo--piece--3-4--gCloud,"scraping-fotocasa-gCloud--12_3_2018,_2_46_43_PM",fotocasa,gCloud,1543894043000,1401.88,16,8.18182,1,,piece--3-4,Mejorada del Campo,1,-3.48078,40.4,-3.47576,40.3945,-3.47827,40.3973
Mejorada del Campo--piece--3-5--gCloud,"scraping-fotocasa-gCloud--12_3_2018,_2_46_43_PM",fotocasa,gCloud,1543894050000,1548.54,16,4.19913,3,,piece--3-5,Mejorada del Campo,1,-3.48078,40.3945,-3.47576,40.389,-3.47827,40.3918
Mejorada del Campo--piece--3-6--gCloud,"scraping-fotocasa-gCloud--12_3_2018,_2_46_43_PM",fotocasa,gCloud,1543894055000,936.364,1,0,0,,piece--3-6,Mejorada del Campo,1,-3.48078,40.389,-3.47576,40.3835,-3.47827,40.3862
Mejorada del Campo--piece--4-0--gCloud,"scraping-fotocasa-gCloud--12_3_2018,_2_46_43_PM",fotocasa,gCloud,1543894061000,0,0,0,0,,piece--4-0,Mejorada del Campo,1,-3.47576,40.4222,-3.47073,40.4166,-3.47325,40.4194
Mejorada del Campo--piece--4-1--gCloud,"scraping-fotocasa-gCloud--12_3_2018,_2_46_43_PM",fotocasa,gCloud,1543894066000,2241.92,5,0,0,,piece--4-1,Mejorada del Campo,1,-3.47576,40.4166,-3.47073,40.4111,-3.47325,40.4139
Mejorada del Campo--piece--4-2--gCloud,"scraping-fotocasa-gCloud--12_3_2018,_2_46_43_PM",fotocasa,gCloud,1543894075000,400,1,0,0,,piece--4-2,Mejorada del Campo,1,-3.47576,40.4111,-3.47073,40.4056,-3.47325,40.4083
Mejorada del Campo--piece--4-3--gCloud,"scraping-fotocasa-gCloud--12_3_2018,_2_46_43_PM",fotocasa,gCloud,1543894084000,0,0,0,0,,piece--4-3,Mejorada del Campo,1,-3.47576,40.4056,-3.47073,40.4,-3.47325,40.4028
Mejorada del Campo--piece--4-4--gCloud,"scraping-fotocasa-gCloud--12_3_2018,_2_46_43_PM",fotocasa,gCloud,1543894093000,1069.38,2,0,0,,piece--4-4,Mejorada del Campo,1,-3.47576,40.4,-3.47073,40.3945,-3.47325,40.3973
Mejorada del Campo--piece--4-5--gCloud,"scraping-fotocasa-gCloud--12_3_2018,_2_46_43_PM",fotocasa,gCloud,1543894098000,1293.79,3,0,0,,piece--4-5,Mejorada del Campo,1,-3.47576,40.3945,-3.47073,40.389,-3.47325,40.3918
Mejorada del Campo--piece--4-6--gCloud,"scraping-fotocasa-gCloud--12_3_2018,_2_46_43_PM",fotocasa,gCloud,1543894107000,874.525,1,0,0,,piece--4-6,Mejorada del Campo,1,-3.47576,40.389,-3.47073,40.3835,-3.47325,40.3862
Mejorada del Campo--piece--5-0--gCloud,"scraping-fotocasa-gCloud--12_3_2018,_2_46_43_PM",fotocasa,gCloud,1543894114000,0,0,0,0,,piece--5-0,Mejorada del Campo,1,-3.47073,40.4222,-3.46571,40.4166,-3.46822,40.4194
Mejorada del Campo--piece--5-1--gCloud,"scraping-fotocasa-gCloud--12_3_2018,_2_46_43_PM",fotocasa,gCloud,1543894119000,303.846,1,0,0,,piece--5-1,Mejorada del Campo,1,-3.47073,40.4166,-3.46571,40.4111,-3.46822,40.4139
Mejorada del Campo--piece--5-2--gCloud,"scraping-fotocasa-gCloud--12_3_2018,_2_46_43_PM",fotocasa,gCloud,1543894125000,1277.78,1,0,0,,piece--5-2,Mejorada del Campo,1,-3.47073,40.4111,-3.46571,40.4056,-3.46822,40.4083
Mejorada del Campo--piece--5-3--gCloud,"scraping-fotocasa-gCloud--12_3_2018,_2_46_43_PM",fotocasa,gCloud,1543894130000,0,0,0,0,,piece--5-3,Mejorada del Campo,1,-3.47073,40.4056,-3.46571,40.4,-3.46822,40.4028
Mejorada del Campo--piece--5-4--gCloud,"scraping-fotocasa-gCloud--12_3_2018,_2_46_43_PM",fotocasa,gCloud,1543894136000,0,0,0,0,,piece--5-4,Mejorada del Campo,1,-3.47073,40.4,-3.46571,40.3945,-3.46822,40.3973
Mejorada del Campo--piece--5-5--gCloud,"scraping-fotocasa-gCloud--12_3_2018,_2_46_43_PM",fotocasa,gCloud,1543894142000,0,0,0,0,,piece--5-5,Mejorada del Campo,1,-3.47073,40.3945,-3.46571,40.389,-3.46822,40.3918
Mejorada del Campo--piece--5-6--gCloud,"scraping-fotocasa-gCloud--12_3_2018,_2_46_43_PM",fotocasa,gCloud,1543894152000,0,0,0,0,,piece--5-6,Mejorada del Campo,1,-3.47073,40.389,-3.46571,40.3835,-3.46822,40.3862
Mejorada del Campo--piece--6-0--gCloud,"scraping-fotocasa-gCloud--12_3_2018,_2_46_43_PM",fotocasa,gCloud,1543894158000,0,0,0,0,,piece--6-0,Mejorada del Campo,1,-3.46571,40.4222,-3.46069,40.4166,-3.4632,40.4194
Mejorada del Campo--piece--6-1--gCloud,"scraping-fotocasa-gCloud--12_3_2018,_2_46_43_PM",fotocasa,gCloud,1543894163000,0,0,0,0,,piece--6-1,Mejorada del Campo,1,-3.46571,40.4166,-3.46069,40.4111,-3.4632,40.4139
Mejorada del Campo--piece--6-2--gCloud,"scraping-fotocasa-gCloud--12_3_2018,_2_46_43_PM",fotocasa,gCloud,1543894172000,605.49,3,0,0,,piece--6-2,Mejorada del Campo,1,-3.46571,40.4111,-3.46069,40.4056,-3.4632,40.4083
Mejorada del Campo--piece--6-3--gCloud,"scraping-fotocasa-gCloud--12_3_2018,_2_46_43_PM",fotocasa,gCloud,1543894180000,0,0,0,0,,piece--6-3,Mejorada del Campo,1,-3.46571,40.4056,-3.46069,40.4,-3.4632,40.4028
Mejorada del Campo--piece--6-4--gCloud,"scraping-fotocasa-gCloud--12_3_2018,_2_46_43_PM",fotocasa,gCloud,1543894186000,0,0,0,0,,piece--6-4,Mejorada del Campo,1,-3.46571,40.4,-3.46069,40.3945,-3.4632,40.3973
Mejorada del Campo--piece--6-5--gCloud,"scraping-fotocasa-gCloud--12_3_2018,_2_46_43_PM",fotocasa,gCloud,1543894191000,0,0,0,0,,piece--6-5,Mejorada del Campo,1,-3.46571,40.3945,-3.46069,40.389,-3.4632,40.3918
Mejorada del Campo--piece--6-6--gCloud,"scraping-fotocasa-gCloud--12_3_2018,_2_46_43_PM",fotocasa,gCloud,1543894200000,0,0,0,0,,piece--6-6,Mejorada del Campo,1,-3.46571,40.389,-3.46069,40.3835,-3.4632,40.3862
Mejorada del Campo--piece--7-0--gCloud,"scraping-fotocasa-gCloud--12_3_2018,_2_46_43_PM",fotocasa,gCloud,1543894213000,0,0,0,0,,piece--7-0,Mejorada del Campo,1,-3.46069,40.4222,-3.45567,40.4166,-3.45818,40.4194
Mejorada del Campo--piece--7-1--gCloud,"scraping-fotocasa-gCloud--12_3_2018,_2_46_43_PM",fotocasa,gCloud,1543894221000,609.831,1,0,0,,piece--7-1,Mejorada del Campo,1,-3.46069,40.4166,-3.45567,40.4111,-3.45818,40.4139
Mejorada del Campo--piece--7-2--gCloud,"scraping-fotocasa-gCloud--12_3_2018,_2_46_43_PM",fotocasa,gCloud,1543894233000,0,0,0,0,,piece--7-2,Mejorada del Campo,1,-3.46069,40.4111,-3.45567,40.4056,-3.45818,40.4083
Mejorada del Campo--piece--7-3--gCloud,"scraping-fotocasa-gCloud--12_3_2018,_2_46_43_PM",fotocasa,gCloud,1543894241000,0,0,0,0,,piece--7-3,Mejorada del Campo,1,-3.46069,40.4056,-3.45567,40.4,-3.45818,40.4028
Mejorada del Campo--piece--7-4--gCloud,"scraping-fotocasa-gCloud--12_3_2018,_2_46_43_PM",fotocasa,gCloud,1543894252000,0,0,0,0,,piece--7-4,Mejorada del Campo,1,-3.46069,40.4,-3.45567,40.3945,-3.45818,40.3973
Mejorada del Campo--piece--7-5--gCloud,"scraping-fotocasa-gCloud--12_3_2018,_2_46_43_PM",fotocasa,gCloud,1543894261000,0,0,0,0,,piece--7-5,Mejorada del Campo,1,-3.46069,40.3945,-3.45567,40.389,-3.45818,40.3918
Mejorada del Campo--piece--7-6--gCloud,"scraping-fotocasa-gCloud--12_3_2018,_2_46_43_PM",fotocasa,gCloud,1543894269000,0,0,0,0,,piece--7-6,Mejorada del Campo,1,-3.46069,40.389,-3.45567,40.3835,-3.45818,40.3862
Mejorada del Campo--piece--8-0--gCloud,"scraping-fotocasa-gCloud--12_3_2018,_2_46_43_PM",fotocasa,gCloud,1543894276000,0,0,0,0,,piece--8-0,Mejorada del Campo,1,-3.45567,40.4222,-3.45065,40.4166,-3.45316,40.4194
Mejorada del Campo--piece--8-1--gCloud,"scraping-fotocasa-gCloud--12_3_2018,_2_46_43_PM",fotocasa,gCloud,1543894284000,922.083,2,0,0,,piece--8-1,Mejorada del Campo,1,-3.45567,40.4166,-3.45065,40.4111,-3.45316,40.4139
Mejorada del Campo--piece--8-2--gCloud,"scraping-fotocasa-gCloud--12_3_2018,_2_46_43_PM",fotocasa,gCloud,1543894290000,0,1,0,0,,piece--8-2,Mejorada del Campo,1,-3.45567,40.4111,-3.45065,40.4056,-3.45316,40.4083
Mejorada del Campo--piece--8-3--gCloud,"scraping-fotocasa-gCloud--12_3_2018,_2_46_43_PM",fotocasa,gCloud,1543894296000,0,0,0,0,,piece--8-3,Mejorada del Campo,1,-3.45567,40.4056,-3.45065,40.4,-3.45316,40.4028
Mejorada del Campo--piece--8-4--gCloud,"scraping-fotocasa-gCloud--12_3_2018,_2_46_43_PM",fotocasa,gCloud,1543894301000,0,0,0,0,,piece--8-4,Mejorada del Campo,1,-3.45567,40.4,-3.45065,40.3945,-3.45316,40.3973
Mejorada del Campo--piece--8-5--gCloud,"scraping-fotocasa-gCloud--12_3_2018,_2_46_43_PM",fotocasa,gCloud,1543894307000,0,0,0,0,,piece--8-5,Mejorada del Campo,1,-3.45567,40.3945,-3.45065,40.389,-3.45316,40.3918
Mejorada del Campo--piece--8-6--gCloud,"scraping-fotocasa-gCloud--12_3_2018,_2_46_43_PM",fotocasa,gCloud,1543894312000,0,0,0,0,,piece--8-6,Mejorada del Campo,1,-3.45567,40.389,-3.45065,40.3835,-3.45316,40.3862
Mejorada del Campo--piece--9-0--gCloud,"scraping-fotocasa-gCloud--12_3_2018,_2_46_43_PM",fotocasa,gCloud,1543894319000,0,0,0,0,,piece--9-0,Mejorada del Campo,1,-3.45065,40.4222,-3.44563,40.4166,-3.44814,40.4194
Mejorada del Campo--piece--9-1--gCloud,"scraping-fotocasa-gCloud--12_3_2018,_2_46_43_PM",fotocasa,gCloud,1543894324000,1500,1,0,0,,piece--9-1,Mejorada del Campo,1,-3.45065,40.4166,-3.44563,40.4111,-3.44814,40.4139
Mejorada del Campo--piece--9-2--gCloud,"scraping-fotocasa-gCloud--12_3_2018,_2_46_43_PM",fotocasa,gCloud,1543894331000,0,0,0,0,,piece--9-2,Mejorada del Campo,1,-3.45065,40.4111,-3.44563,40.4056,-3.44814,40.4083
Mejorada del Campo--piece--9-3--gCloud,"scraping-fotocasa-gCloud--12_3_2018,_2_46_43_PM",fotocasa,gCloud,1543894337000,0,0,0,0,,piece--9-3,Mejorada del Campo,1,-3.45065,40.4056,-3.44563,40.4,-3.44814,40.4028
Mejorada del Campo--piece--9-4--gCloud,"scraping-fotocasa-gCloud--12_3_2018,_2_46_43_PM",fotocasa,gCloud,1543894343000,0,0,0,0,,piece--9-4,Mejorada del Campo,1,-3.45065,40.4,-3.44563,40.3945,-3.44814,40.3973
Mejorada del Campo--piece--9-5--gCloud,"scraping-fotocasa-gCloud--12_3_2018,_2_46_43_PM",fotocasa,gCloud,1543894348000,0,0,0,0,,piece--9-5,Mejorada del Campo,1,-3.45065,40.3945,-3.44563,40.389,-3.44814,40.3918
Mejorada del Campo--piece--9-6--gCloud,"scraping-fotocasa-gCloud--12_3_2018,_2_46_43_PM",fotocasa,gCloud,1543894356000,0,0,0,0,,piece--9-6,Mejorada del Campo,1,-3.45065,40.389,-3.44563,40.3835,-3.44814,40.3862
