piece_id,scraping_id,app_id,device_id,date_scraped,average_prize_buy,number_of_ads_buy,average_prize_rent,number_of_ads_rent,extra_data,piece_name,city_name,scraped,bounding_box1_x,bounding_box1_y,bounding_box2_x,bounding_box2_y,center_point_x,center_point_y
Móstoles--piece--0-0--gCloud,"scraping-fotocasa-gCloud--12_3_2018,_2_46_43_PM",fotocasa,gCloud,1543894365000,0,0,0,0,,piece--0-0,Móstoles,1,-3.89256,40.344,-3.88702,40.3388,-3.88979,40.3414
Móstoles--piece--0-1--gCloud,"scraping-fotocasa-gCloud--12_3_2018,_2_46_43_PM",fotocasa,gCloud,1543894373000,0,0,0,0,,piece--0-1,Móstoles,1,-3.89256,40.3388,-3.88702,40.3336,-3.88979,40.3362
Móstoles--piece--0-2--gCloud,"scraping-fotocasa-gCloud--12_3_2018,_2_46_43_PM",fotocasa,gCloud,1543894380000,1878.24,26,0,0,,piece--0-2,Móstoles,1,-3.89256,40.3336,-3.88702,40.3283,-3.88979,40.3309
Móstoles--piece--0-3--gCloud,"scraping-fotocasa-gCloud--12_3_2018,_2_46_43_PM",fotocasa,gCloud,1543894392000,0,0,0,0,,piece--0-3,Móstoles,1,-3.89256,40.3283,-3.88702,40.3231,-3.88979,40.3257
Móstoles--piece--0-4--gCloud,"scraping-fotocasa-gCloud--12_3_2018,_2_46_43_PM",fotocasa,gCloud,1543894397000,0,0,0,0,,piece--0-4,Móstoles,1,-3.89256,40.3231,-3.88702,40.3179,-3.88979,40.3205
Móstoles--piece--0-5--gCloud,"scraping-fotocasa-gCloud--12_3_2018,_2_46_43_PM",fotocasa,gCloud,1543894405000,0,0,0,0,,piece--0-5,Móstoles,1,-3.89256,40.3179,-3.88702,40.3127,-3.88979,40.3153
Móstoles--piece--0-6--gCloud,"scraping-fotocasa-gCloud--12_3_2018,_2_46_43_PM",fotocasa,gCloud,1543894411000,0,0,0,0,,piece--0-6,Móstoles,1,-3.89256,40.3127,-3.88702,40.3075,-3.88979,40.3101
Móstoles--piece--0-7--gCloud,"scraping-fotocasa-gCloud--12_3_2018,_2_46_43_PM",fotocasa,gCloud,1543894416000,0,0,0,0,,piece--0-7,Móstoles,1,-3.89256,40.3075,-3.88702,40.3023,-3.88979,40.3049
Móstoles--piece--1-0--gCloud,"scraping-fotocasa-gCloud--12_3_2018,_2_46_43_PM",fotocasa,gCloud,1543894421000,0,0,0,0,,piece--1-0,Móstoles,1,-3.88702,40.344,-3.88148,40.3388,-3.88425,40.3414
Móstoles--piece--1-1--gCloud,"scraping-fotocasa-gCloud--12_3_2018,_2_46_43_PM",fotocasa,gCloud,1543894430000,1914.29,1,0,0,,piece--1-1,Móstoles,1,-3.88702,40.3388,-3.88148,40.3336,-3.88425,40.3362
Móstoles--piece--1-2--gCloud,"scraping-fotocasa-gCloud--12_3_2018,_2_46_43_PM",fotocasa,gCloud,1543894436000,1800.43,5,0,0,,piece--1-2,Móstoles,1,-3.88702,40.3336,-3.88148,40.3283,-3.88425,40.3309
Móstoles--piece--1-3--gCloud,"scraping-fotocasa-gCloud--12_3_2018,_2_46_43_PM",fotocasa,gCloud,1543894447000,1901.8,28,0,0,,piece--1-3,Móstoles,1,-3.88702,40.3283,-3.88148,40.3231,-3.88425,40.3257
Móstoles--piece--1-4--gCloud,"scraping-fotocasa-gCloud--12_3_2018,_2_46_43_PM",fotocasa,gCloud,1543894452000,1662.03,5,0,0,,piece--1-4,Móstoles,1,-3.88702,40.3231,-3.88148,40.3179,-3.88425,40.3205
Móstoles--piece--1-5--gCloud,"scraping-fotocasa-gCloud--12_3_2018,_2_46_43_PM",fotocasa,gCloud,1543894458000,0,0,0,0,,piece--1-5,Móstoles,1,-3.88702,40.3179,-3.88148,40.3127,-3.88425,40.3153
Móstoles--piece--1-6--gCloud,"scraping-fotocasa-gCloud--12_3_2018,_2_46_43_PM",fotocasa,gCloud,1543894464000,1541.67,1,0,0,,piece--1-6,Móstoles,1,-3.88702,40.3127,-3.88148,40.3075,-3.88425,40.3101
Móstoles--piece--1-7--gCloud,"scraping-fotocasa-gCloud--12_3_2018,_2_46_43_PM",fotocasa,gCloud,1543894469000,0,0,0,0,,piece--1-7,Móstoles,1,-3.88702,40.3075,-3.88148,40.3023,-3.88425,40.3049
Móstoles--piece--2-0--gCloud,"scraping-fotocasa-gCloud--12_3_2018,_2_46_43_PM",fotocasa,gCloud,1543894481000,0,0,0,0,,piece--2-0,Móstoles,1,-3.88148,40.344,-3.87594,40.3388,-3.87871,40.3414
Móstoles--piece--2-1--gCloud,"scraping-fotocasa-gCloud--12_3_2018,_2_46_43_PM",fotocasa,gCloud,1543894489000,0,0,0,0,,piece--2-1,Móstoles,1,-3.88148,40.3388,-3.87594,40.3336,-3.87871,40.3362
Móstoles--piece--2-2--gCloud,"scraping-fotocasa-gCloud--12_3_2018,_2_46_43_PM",fotocasa,gCloud,1543894498000,2377.32,14,7.5,2,,piece--2-2,Móstoles,1,-3.88148,40.3336,-3.87594,40.3283,-3.87871,40.3309
Móstoles--piece--2-3--gCloud,"scraping-fotocasa-gCloud--12_3_2018,_2_46_43_PM",fotocasa,gCloud,1543894507000,2351.52,9,9.375,1,,piece--2-3,Móstoles,1,-3.88148,40.3283,-3.87594,40.3231,-3.87871,40.3257
Móstoles--piece--2-4--gCloud,"scraping-fotocasa-gCloud--12_3_2018,_2_46_43_PM",fotocasa,gCloud,1543894513000,1927.98,26,0,0,,piece--2-4,Móstoles,1,-3.88148,40.3231,-3.87594,40.3179,-3.87871,40.3205
Móstoles--piece--2-5--gCloud,"scraping-fotocasa-gCloud--12_3_2018,_2_46_43_PM",fotocasa,gCloud,1543894519000,1851.28,17,8.4065,6,,piece--2-5,Móstoles,1,-3.88148,40.3179,-3.87594,40.3127,-3.87871,40.3153
Móstoles--piece--2-6--gCloud,"scraping-fotocasa-gCloud--12_3_2018,_2_46_43_PM",fotocasa,gCloud,1543894525000,1892.04,19,7.97727,2,,piece--2-6,Móstoles,1,-3.88148,40.3127,-3.87594,40.3075,-3.87871,40.3101
Móstoles--piece--2-7--gCloud,"scraping-fotocasa-gCloud--12_3_2018,_2_46_43_PM",fotocasa,gCloud,1543894534000,0,0,0,0,,piece--2-7,Móstoles,1,-3.88148,40.3075,-3.87594,40.3023,-3.87871,40.3049
Móstoles--piece--3-0--gCloud,"scraping-fotocasa-gCloud--12_3_2018,_2_46_43_PM",fotocasa,gCloud,1543894542000,0,0,0,0,,piece--3-0,Móstoles,1,-3.87594,40.344,-3.8704,40.3388,-3.87317,40.3414
Móstoles--piece--3-1--gCloud,"scraping-fotocasa-gCloud--12_3_2018,_2_46_43_PM",fotocasa,gCloud,1543894551000,0,0,6.66,1,,piece--3-1,Móstoles,1,-3.87594,40.3388,-3.8704,40.3336,-3.87317,40.3362
Móstoles--piece--3-2--gCloud,"scraping-fotocasa-gCloud--12_3_2018,_2_46_43_PM",fotocasa,gCloud,1543894560000,1735.79,12,7.24206,3,,piece--3-2,Móstoles,1,-3.87594,40.3336,-3.8704,40.3283,-3.87317,40.3309
Móstoles--piece--3-3--gCloud,"scraping-fotocasa-gCloud--12_3_2018,_2_46_43_PM",fotocasa,gCloud,1543894566000,1676.92,9,9.39815,6,,piece--3-3,Móstoles,1,-3.87594,40.3283,-3.8704,40.3231,-3.87317,40.3257
Móstoles--piece--3-4--gCloud,"scraping-fotocasa-gCloud--12_3_2018,_2_46_43_PM",fotocasa,gCloud,1543894572000,1759.34,18,8.98046,4,,piece--3-4,Móstoles,1,-3.87594,40.3231,-3.8704,40.3179,-3.87317,40.3205
Móstoles--piece--3-5--gCloud,"scraping-fotocasa-gCloud--12_3_2018,_2_46_43_PM",fotocasa,gCloud,1543894582000,1812.92,19,8.69277,4,,piece--3-5,Móstoles,1,-3.87594,40.3179,-3.8704,40.3127,-3.87317,40.3153
Móstoles--piece--3-6--gCloud,"scraping-fotocasa-gCloud--12_3_2018,_2_46_43_PM",fotocasa,gCloud,1543894588000,1525.3,4,0,0,,piece--3-6,Móstoles,1,-3.87594,40.3127,-3.8704,40.3075,-3.87317,40.3101
Móstoles--piece--3-7--gCloud,"scraping-fotocasa-gCloud--12_3_2018,_2_46_43_PM",fotocasa,gCloud,1543894598000,1591.21,4,0,0,,piece--3-7,Móstoles,1,-3.87594,40.3075,-3.8704,40.3023,-3.87317,40.3049
Móstoles--piece--4-0--gCloud,"scraping-fotocasa-gCloud--12_3_2018,_2_46_43_PM",fotocasa,gCloud,1543894610000,2000,1,0,0,,piece--4-0,Móstoles,1,-3.8704,40.344,-3.86486,40.3388,-3.86763,40.3414
Móstoles--piece--4-1--gCloud,"scraping-fotocasa-gCloud--12_3_2018,_2_46_43_PM",fotocasa,gCloud,1543894618000,1884.27,11,0,0,,piece--4-1,Móstoles,1,-3.8704,40.3388,-3.86486,40.3336,-3.86763,40.3362
Móstoles--piece--4-2--gCloud,"scraping-fotocasa-gCloud--12_3_2018,_2_46_43_PM",fotocasa,gCloud,1543894628000,1594.22,19,6.35227,4,,piece--4-2,Móstoles,1,-3.8704,40.3336,-3.86486,40.3283,-3.86763,40.3309
Móstoles--piece--4-3--gCloud,"scraping-fotocasa-gCloud--12_3_2018,_2_46_43_PM",fotocasa,gCloud,1543894637000,1954.68,29,7.09578,2,,piece--4-3,Móstoles,1,-3.8704,40.3283,-3.86486,40.3231,-3.86763,40.3257
Móstoles--piece--4-4--gCloud,"scraping-fotocasa-gCloud--12_3_2018,_2_46_43_PM",fotocasa,gCloud,1543894644000,1797.85,29,9.69066,11,,piece--4-4,Móstoles,1,-3.8704,40.3231,-3.86486,40.3179,-3.86763,40.3205
Móstoles--piece--4-5--gCloud,"scraping-fotocasa-gCloud--12_3_2018,_2_46_43_PM",fotocasa,gCloud,1543894649000,1837.03,17,0,0,,piece--4-5,Móstoles,1,-3.8704,40.3179,-3.86486,40.3127,-3.86763,40.3153
Móstoles--piece--4-6--gCloud,"scraping-fotocasa-gCloud--12_3_2018,_2_46_43_PM",fotocasa,gCloud,1543894662000,1560.4,3,10.241,1,,piece--4-6,Móstoles,1,-3.8704,40.3127,-3.86486,40.3075,-3.86763,40.3101
Móstoles--piece--4-7--gCloud,"scraping-fotocasa-gCloud--12_3_2018,_2_46_43_PM",fotocasa,gCloud,1543894673000,1773.02,30,9.85714,3,,piece--4-7,Móstoles,1,-3.8704,40.3075,-3.86486,40.3023,-3.86763,40.3049
Móstoles--piece--5-0--gCloud,"scraping-fotocasa-gCloud--12_3_2018,_2_46_43_PM",fotocasa,gCloud,1543894688000,0,0,0,0,,piece--5-0,Móstoles,1,-3.86486,40.344,-3.85932,40.3388,-3.86209,40.3414
Móstoles--piece--5-1--gCloud,"scraping-fotocasa-gCloud--12_3_2018,_2_46_43_PM",fotocasa,gCloud,1543894697000,2089.41,6,0,0,,piece--5-1,Móstoles,1,-3.86486,40.3388,-3.85932,40.3336,-3.86209,40.3362
Móstoles--piece--5-2--gCloud,"scraping-fotocasa-gCloud--12_3_2018,_2_46_43_PM",fotocasa,gCloud,1543894711000,1848.18,22,0,0,,piece--5-2,Móstoles,1,-3.86486,40.3336,-3.85932,40.3283,-3.86209,40.3309
Móstoles--piece--5-3--gCloud,"scraping-fotocasa-gCloud--12_3_2018,_2_46_43_PM",fotocasa,gCloud,1543894718000,1622.4,30,8.42159,3,,piece--5-3,Móstoles,1,-3.86486,40.3283,-3.85932,40.3231,-3.86209,40.3257
Móstoles--piece--5-4--gCloud,"scraping-fotocasa-gCloud--12_3_2018,_2_46_43_PM",fotocasa,gCloud,1543894725000,1799.24,30,9.32916,7,,piece--5-4,Móstoles,1,-3.86486,40.3231,-3.85932,40.3179,-3.86209,40.3205
Móstoles--piece--5-5--gCloud,"scraping-fotocasa-gCloud--12_3_2018,_2_46_43_PM",fotocasa,gCloud,1543894737000,1961.59,12,6.66667,1,,piece--5-5,Móstoles,1,-3.86486,40.3179,-3.85932,40.3127,-3.86209,40.3153
Móstoles--piece--5-6--gCloud,"scraping-fotocasa-gCloud--12_3_2018,_2_46_43_PM",fotocasa,gCloud,1543894749000,2175.91,9,11.058,1,,piece--5-6,Móstoles,1,-3.86486,40.3127,-3.85932,40.3075,-3.86209,40.3101
Móstoles--piece--5-7--gCloud,"scraping-fotocasa-gCloud--12_3_2018,_2_46_43_PM",fotocasa,gCloud,1543894763000,1953.9,8,10.881,3,,piece--5-7,Móstoles,1,-3.86486,40.3075,-3.85932,40.3023,-3.86209,40.3049
Móstoles--piece--6-0--gCloud,"scraping-fotocasa-gCloud--12_3_2018,_2_46_43_PM",fotocasa,gCloud,1543894771000,0,0,0,0,,piece--6-0,Móstoles,1,-3.85932,40.344,-3.85378,40.3388,-3.85655,40.3414
Móstoles--piece--6-1--gCloud,"scraping-fotocasa-gCloud--12_3_2018,_2_46_43_PM",fotocasa,gCloud,1543894778000,2352.91,30,9.46167,7,,piece--6-1,Móstoles,1,-3.85932,40.3388,-3.85378,40.3336,-3.85655,40.3362
Móstoles--piece--6-2--gCloud,"scraping-fotocasa-gCloud--12_3_2018,_2_46_43_PM",fotocasa,gCloud,1543894793000,1787.15,19,8.77778,1,,piece--6-2,Móstoles,1,-3.85932,40.3336,-3.85378,40.3283,-3.85655,40.3309
Móstoles--piece--6-3--gCloud,"scraping-fotocasa-gCloud--12_3_2018,_2_46_43_PM",fotocasa,gCloud,1543894800000,1711.16,27,9.09823,3,,piece--6-3,Móstoles,1,-3.85932,40.3283,-3.85378,40.3231,-3.85655,40.3257
Móstoles--piece--6-4--gCloud,"scraping-fotocasa-gCloud--12_3_2018,_2_46_43_PM",fotocasa,gCloud,1543894807000,1667.13,30,7.69385,6,,piece--6-4,Móstoles,1,-3.85932,40.3231,-3.85378,40.3179,-3.85655,40.3205
Móstoles--piece--6-5--gCloud,"scraping-fotocasa-gCloud--12_3_2018,_2_46_43_PM",fotocasa,gCloud,1543894825000,1785.27,23,0,0,,piece--6-5,Móstoles,1,-3.85932,40.3179,-3.85378,40.3127,-3.85655,40.3153
Móstoles--piece--6-6--gCloud,"scraping-fotocasa-gCloud--12_3_2018,_2_46_43_PM",fotocasa,gCloud,1543894831000,2193.46,3,10.1636,5,,piece--6-6,Móstoles,1,-3.85932,40.3127,-3.85378,40.3075,-3.85655,40.3101
Móstoles--piece--6-7--gCloud,"scraping-fotocasa-gCloud--12_3_2018,_2_46_43_PM",fotocasa,gCloud,1543894839000,2539.43,4,9.22222,1,,piece--6-7,Móstoles,1,-3.85932,40.3075,-3.85378,40.3023,-3.85655,40.3049
Móstoles--piece--7-0--gCloud,"scraping-fotocasa-gCloud--12_3_2018,_2_46_43_PM",fotocasa,gCloud,1543894844000,0,0,0,0,,piece--7-0,Móstoles,1,-3.85378,40.344,-3.84824,40.3388,-3.85101,40.3414
Móstoles--piece--7-1--gCloud,"scraping-fotocasa-gCloud--12_3_2018,_2_46_43_PM",fotocasa,gCloud,1543894853000,2290.36,2,0,0,,piece--7-1,Móstoles,1,-3.85378,40.3388,-3.84824,40.3336,-3.85101,40.3362
Móstoles--piece--7-2--gCloud,"scraping-fotocasa-gCloud--12_3_2018,_2_46_43_PM",fotocasa,gCloud,1543894862000,2826.09,1,0,0,,piece--7-2,Móstoles,1,-3.85378,40.3336,-3.84824,40.3283,-3.85101,40.3309
Móstoles--piece--7-3--gCloud,"scraping-fotocasa-gCloud--12_3_2018,_2_46_43_PM",fotocasa,gCloud,1543894869000,1817.31,24,0,0,,piece--7-3,Móstoles,1,-3.85378,40.3283,-3.84824,40.3231,-3.85101,40.3257
Móstoles--piece--7-4--gCloud,"scraping-fotocasa-gCloud--12_3_2018,_2_46_43_PM",fotocasa,gCloud,1543894878000,1765.67,30,8.01907,7,,piece--7-4,Móstoles,1,-3.85378,40.3231,-3.84824,40.3179,-3.85101,40.3205
Móstoles--piece--7-5--gCloud,"scraping-fotocasa-gCloud--12_3_2018,_2_46_43_PM",fotocasa,gCloud,1543894886000,1806.19,13,9.33333,1,,piece--7-5,Móstoles,1,-3.85378,40.3179,-3.84824,40.3127,-3.85101,40.3153
Móstoles--piece--7-6--gCloud,"scraping-fotocasa-gCloud--12_3_2018,_2_46_43_PM",fotocasa,gCloud,1543894892000,2254.8,8,0,0,,piece--7-6,Móstoles,1,-3.85378,40.3127,-3.84824,40.3075,-3.85101,40.3101
Móstoles--piece--7-7--gCloud,"scraping-fotocasa-gCloud--12_3_2018,_2_46_43_PM",fotocasa,gCloud,1543894901000,1461.21,2,0,0,,piece--7-7,Móstoles,1,-3.85378,40.3075,-3.84824,40.3023,-3.85101,40.3049
Móstoles--piece--8-0--gCloud,"scraping-fotocasa-gCloud--12_3_2018,_2_46_43_PM",fotocasa,gCloud,1543894914000,2604.05,7,10.8418,2,,piece--8-0,Móstoles,1,-3.84824,40.344,-3.84271,40.3388,-3.84548,40.3414
Móstoles--piece--8-1--gCloud,"scraping-fotocasa-gCloud--12_3_2018,_2_46_43_PM",fotocasa,gCloud,1543894923000,0,0,0,0,,piece--8-1,Móstoles,1,-3.84824,40.3388,-3.84271,40.3336,-3.84548,40.3362
Móstoles--piece--8-2--gCloud,"scraping-fotocasa-gCloud--12_3_2018,_2_46_43_PM",fotocasa,gCloud,1543894929000,0,0,0,0,,piece--8-2,Móstoles,1,-3.84824,40.3336,-3.84271,40.3283,-3.84548,40.3309
Móstoles--piece--8-3--gCloud,"scraping-fotocasa-gCloud--12_3_2018,_2_46_43_PM",fotocasa,gCloud,1543894943000,0,0,0,0,,piece--8-3,Móstoles,1,-3.84824,40.3283,-3.84271,40.3231,-3.84548,40.3257
Móstoles--piece--8-4--gCloud,"scraping-fotocasa-gCloud--12_3_2018,_2_46_43_PM",fotocasa,gCloud,1543894961000,1041.25,1,0,0,,piece--8-4,Móstoles,1,-3.84824,40.3231,-3.84271,40.3179,-3.84548,40.3205
Móstoles--piece--8-5--gCloud,"scraping-fotocasa-gCloud--12_3_2018,_2_46_43_PM",fotocasa,gCloud,1543894967000,0,0,0,0,,piece--8-5,Móstoles,1,-3.84824,40.3179,-3.84271,40.3127,-3.84548,40.3153
Móstoles--piece--8-6--gCloud,"scraping-fotocasa-gCloud--12_3_2018,_2_46_43_PM",fotocasa,gCloud,1543894973000,0,0,0,0,,piece--8-6,Móstoles,1,-3.84824,40.3127,-3.84271,40.3075,-3.84548,40.3101
Móstoles--piece--8-7--gCloud,"scraping-fotocasa-gCloud--12_3_2018,_2_46_43_PM",fotocasa,gCloud,1543894981000,0,0,0,0,,piece--8-7,Móstoles,1,-3.84824,40.3075,-3.84271,40.3023,-3.84548,40.3049
