piece_id,scraping_id,app_id,device_id,date_scraped,average_prize_buy,number_of_ads_buy,average_prize_rent,number_of_ads_rent,extra_data,piece_name,city_name,scraped,bounding_box1_x,bounding_box1_y,bounding_box2_x,bounding_box2_y,center_point_x,center_point_y
Paracuellos de Jarama--piece--0-0--gCloud,"scraping-fotocasa-gCloud--12_3_2018,_2_46_43_PM",fotocasa,gCloud,1543900815000,0,0,0,0,,piece--0-0,Paracuellos de Jarama,1,-3.55441,40.5305,-3.54931,40.5249,-3.55186,40.5277
Paracuellos de Jarama--piece--0-1--gCloud,"scraping-fotocasa-gCloud--12_3_2018,_2_46_43_PM",fotocasa,gCloud,1543900823000,0,0,0,0,,piece--0-1,Paracuellos de Jarama,1,-3.55441,40.5249,-3.54931,40.5194,-3.55186,40.5221
Paracuellos de Jarama--piece--0-2--gCloud,"scraping-fotocasa-gCloud--12_3_2018,_2_46_43_PM",fotocasa,gCloud,1543900829000,0,0,0,0,,piece--0-2,Paracuellos de Jarama,1,-3.55441,40.5194,-3.54931,40.5138,-3.55186,40.5166
Paracuellos de Jarama--piece--0-3--gCloud,"scraping-fotocasa-gCloud--12_3_2018,_2_46_43_PM",fotocasa,gCloud,1543900834000,0,0,0,0,,piece--0-3,Paracuellos de Jarama,1,-3.55441,40.5138,-3.54931,40.5083,-3.55186,40.5111
Paracuellos de Jarama--piece--0-4--gCloud,"scraping-fotocasa-gCloud--12_3_2018,_2_46_43_PM",fotocasa,gCloud,1543900845000,0,0,0,0,,piece--0-4,Paracuellos de Jarama,1,-3.55441,40.5083,-3.54931,40.5028,-3.55186,40.5055
Paracuellos de Jarama--piece--0-5--gCloud,"scraping-fotocasa-gCloud--12_3_2018,_2_46_43_PM",fotocasa,gCloud,1543900851000,0,0,0,0,,piece--0-5,Paracuellos de Jarama,1,-3.55441,40.5028,-3.54931,40.4972,-3.55186,40.5
Paracuellos de Jarama--piece--0-6--gCloud,"scraping-fotocasa-gCloud--12_3_2018,_2_46_43_PM",fotocasa,gCloud,1543900856000,0,0,0,0,,piece--0-6,Paracuellos de Jarama,1,-3.55441,40.4972,-3.54931,40.4917,-3.55186,40.4944
Paracuellos de Jarama--piece--1-0--gCloud,"scraping-fotocasa-gCloud--12_3_2018,_2_46_43_PM",fotocasa,gCloud,1543900865000,0,0,0,0,,piece--1-0,Paracuellos de Jarama,1,-3.54931,40.5305,-3.54422,40.5249,-3.54677,40.5277
Paracuellos de Jarama--piece--1-1--gCloud,"scraping-fotocasa-gCloud--12_3_2018,_2_46_43_PM",fotocasa,gCloud,1543900873000,0,0,0,0,,piece--1-1,Paracuellos de Jarama,1,-3.54931,40.5249,-3.54422,40.5194,-3.54677,40.5221
Paracuellos de Jarama--piece--1-2--gCloud,"scraping-fotocasa-gCloud--12_3_2018,_2_46_43_PM",fotocasa,gCloud,1543900881000,0,0,0,0,,piece--1-2,Paracuellos de Jarama,1,-3.54931,40.5194,-3.54422,40.5138,-3.54677,40.5166
Paracuellos de Jarama--piece--1-3--gCloud,"scraping-fotocasa-gCloud--12_3_2018,_2_46_43_PM",fotocasa,gCloud,1543900887000,0,0,0,0,,piece--1-3,Paracuellos de Jarama,1,-3.54931,40.5138,-3.54422,40.5083,-3.54677,40.5111
Paracuellos de Jarama--piece--1-4--gCloud,"scraping-fotocasa-gCloud--12_3_2018,_2_46_43_PM",fotocasa,gCloud,1543900898000,0,0,0,0,,piece--1-4,Paracuellos de Jarama,1,-3.54931,40.5083,-3.54422,40.5028,-3.54677,40.5055
Paracuellos de Jarama--piece--1-5--gCloud,"scraping-fotocasa-gCloud--12_3_2018,_2_46_43_PM",fotocasa,gCloud,1543900909000,2301.86,4,7.52212,1,,piece--1-5,Paracuellos de Jarama,1,-3.54931,40.5028,-3.54422,40.4972,-3.54677,40.5
Paracuellos de Jarama--piece--1-6--gCloud,"scraping-fotocasa-gCloud--12_3_2018,_2_46_43_PM",fotocasa,gCloud,1543900917000,0,0,0,0,,piece--1-6,Paracuellos de Jarama,1,-3.54931,40.4972,-3.54422,40.4917,-3.54677,40.4944
Paracuellos de Jarama--piece--2-0--gCloud,"scraping-fotocasa-gCloud--12_3_2018,_2_46_43_PM",fotocasa,gCloud,1543900925000,1352.01,6,0,0,,piece--2-0,Paracuellos de Jarama,1,-3.54422,40.5305,-3.53912,40.5249,-3.54167,40.5277
Paracuellos de Jarama--piece--2-1--gCloud,"scraping-fotocasa-gCloud--12_3_2018,_2_46_43_PM",fotocasa,gCloud,1543900937000,1713.79,3,0,0,,piece--2-1,Paracuellos de Jarama,1,-3.54422,40.5249,-3.53912,40.5194,-3.54167,40.5221
Paracuellos de Jarama--piece--2-2--gCloud,"scraping-fotocasa-gCloud--12_3_2018,_2_46_43_PM",fotocasa,gCloud,1543900945000,1431.36,3,0,0,,piece--2-2,Paracuellos de Jarama,1,-3.54422,40.5194,-3.53912,40.5138,-3.54167,40.5166
Paracuellos de Jarama--piece--2-3--gCloud,"scraping-fotocasa-gCloud--12_3_2018,_2_46_43_PM",fotocasa,gCloud,1543900954000,0,0,0,0,,piece--2-3,Paracuellos de Jarama,1,-3.54422,40.5138,-3.53912,40.5083,-3.54167,40.5111
Paracuellos de Jarama--piece--2-4--gCloud,"scraping-fotocasa-gCloud--12_3_2018,_2_46_43_PM",fotocasa,gCloud,1543900962000,0,0,0,0,,piece--2-4,Paracuellos de Jarama,1,-3.54422,40.5083,-3.53912,40.5028,-3.54167,40.5055
Paracuellos de Jarama--piece--2-5--gCloud,"scraping-fotocasa-gCloud--12_3_2018,_2_46_43_PM",fotocasa,gCloud,1543900968000,0,0,0,0,,piece--2-5,Paracuellos de Jarama,1,-3.54422,40.5028,-3.53912,40.4972,-3.54167,40.5
Paracuellos de Jarama--piece--2-6--gCloud,"scraping-fotocasa-gCloud--12_3_2018,_2_46_43_PM",fotocasa,gCloud,1543900978000,0,0,0,0,,piece--2-6,Paracuellos de Jarama,1,-3.54422,40.4972,-3.53912,40.4917,-3.54167,40.4944
Paracuellos de Jarama--piece--3-0--gCloud,"scraping-fotocasa-gCloud--12_3_2018,_2_46_43_PM",fotocasa,gCloud,1543900983000,1044.08,3,0,0,,piece--3-0,Paracuellos de Jarama,1,-3.53912,40.5305,-3.53402,40.5249,-3.53657,40.5277
Paracuellos de Jarama--piece--3-1--gCloud,"scraping-fotocasa-gCloud--12_3_2018,_2_46_43_PM",fotocasa,gCloud,1543900992000,1445.61,1,0,0,,piece--3-1,Paracuellos de Jarama,1,-3.53912,40.5249,-3.53402,40.5194,-3.53657,40.5221
Paracuellos de Jarama--piece--3-2--gCloud,"scraping-fotocasa-gCloud--12_3_2018,_2_46_43_PM",fotocasa,gCloud,1543900998000,1545.35,3,2.66667,1,,piece--3-2,Paracuellos de Jarama,1,-3.53912,40.5194,-3.53402,40.5138,-3.53657,40.5166
Paracuellos de Jarama--piece--3-3--gCloud,"scraping-fotocasa-gCloud--12_3_2018,_2_46_43_PM",fotocasa,gCloud,1543901003000,2700,1,0,0,,piece--3-3,Paracuellos de Jarama,1,-3.53912,40.5138,-3.53402,40.5083,-3.53657,40.5111
Paracuellos de Jarama--piece--3-4--gCloud,"scraping-fotocasa-gCloud--12_3_2018,_2_46_43_PM",fotocasa,gCloud,1543901011000,1091.05,1,11.5625,1,,piece--3-4,Paracuellos de Jarama,1,-3.53912,40.5083,-3.53402,40.5028,-3.53657,40.5055
Paracuellos de Jarama--piece--3-5--gCloud,"scraping-fotocasa-gCloud--12_3_2018,_2_46_43_PM",fotocasa,gCloud,1543901022000,0,0,0,0,,piece--3-5,Paracuellos de Jarama,1,-3.53912,40.5028,-3.53402,40.4972,-3.53657,40.5
Paracuellos de Jarama--piece--3-6--gCloud,"scraping-fotocasa-gCloud--12_3_2018,_2_46_43_PM",fotocasa,gCloud,1543901033000,0,0,0,0,,piece--3-6,Paracuellos de Jarama,1,-3.53912,40.4972,-3.53402,40.4917,-3.53657,40.4944
Paracuellos de Jarama--piece--4-0--gCloud,"scraping-fotocasa-gCloud--12_3_2018,_2_46_43_PM",fotocasa,gCloud,1543901038000,666.667,1,0,0,,piece--4-0,Paracuellos de Jarama,1,-3.53402,40.5305,-3.52892,40.5249,-3.53147,40.5277
Paracuellos de Jarama--piece--4-1--gCloud,"scraping-fotocasa-gCloud--12_3_2018,_2_46_43_PM",fotocasa,gCloud,1543901044000,0,0,0,0,,piece--4-1,Paracuellos de Jarama,1,-3.53402,40.5249,-3.52892,40.5194,-3.53147,40.5221
Paracuellos de Jarama--piece--4-2--gCloud,"scraping-fotocasa-gCloud--12_3_2018,_2_46_43_PM",fotocasa,gCloud,1543901052000,0,0,0,0,,piece--4-2,Paracuellos de Jarama,1,-3.53402,40.5194,-3.52892,40.5138,-3.53147,40.5166
Paracuellos de Jarama--piece--4-3--gCloud,"scraping-fotocasa-gCloud--12_3_2018,_2_46_43_PM",fotocasa,gCloud,1543901061000,0,0,0,0,,piece--4-3,Paracuellos de Jarama,1,-3.53402,40.5138,-3.52892,40.5083,-3.53147,40.5111
Paracuellos de Jarama--piece--4-4--gCloud,"scraping-fotocasa-gCloud--12_3_2018,_2_46_43_PM",fotocasa,gCloud,1543901067000,1724.26,17,11.7276,2,,piece--4-4,Paracuellos de Jarama,1,-3.53402,40.5083,-3.52892,40.5028,-3.53147,40.5055
Paracuellos de Jarama--piece--4-5--gCloud,"scraping-fotocasa-gCloud--12_3_2018,_2_46_43_PM",fotocasa,gCloud,1543901079000,2127.24,3,10.7143,1,,piece--4-5,Paracuellos de Jarama,1,-3.53402,40.5028,-3.52892,40.4972,-3.53147,40.5
Paracuellos de Jarama--piece--4-6--gCloud,"scraping-fotocasa-gCloud--12_3_2018,_2_46_43_PM",fotocasa,gCloud,1543901087000,0,0,0,0,,piece--4-6,Paracuellos de Jarama,1,-3.53402,40.4972,-3.52892,40.4917,-3.53147,40.4944
Paracuellos de Jarama--piece--5-0--gCloud,"scraping-fotocasa-gCloud--12_3_2018,_2_46_43_PM",fotocasa,gCloud,1543901092000,0,0,0,0,,piece--5-0,Paracuellos de Jarama,1,-3.52892,40.5305,-3.52382,40.5249,-3.52637,40.5277
Paracuellos de Jarama--piece--5-1--gCloud,"scraping-fotocasa-gCloud--12_3_2018,_2_46_43_PM",fotocasa,gCloud,1543901101000,0,0,0,0,,piece--5-1,Paracuellos de Jarama,1,-3.52892,40.5249,-3.52382,40.5194,-3.52637,40.5221
Paracuellos de Jarama--piece--5-2--gCloud,"scraping-fotocasa-gCloud--12_3_2018,_2_46_43_PM",fotocasa,gCloud,1543901110000,0,0,0,0,,piece--5-2,Paracuellos de Jarama,1,-3.52892,40.5194,-3.52382,40.5138,-3.52637,40.5166
Paracuellos de Jarama--piece--5-3--gCloud,"scraping-fotocasa-gCloud--12_3_2018,_2_46_43_PM",fotocasa,gCloud,1543901117000,0,0,0,0,,piece--5-3,Paracuellos de Jarama,1,-3.52892,40.5138,-3.52382,40.5083,-3.52637,40.5111
Paracuellos de Jarama--piece--5-4--gCloud,"scraping-fotocasa-gCloud--12_3_2018,_2_46_43_PM",fotocasa,gCloud,1543901128000,1839.12,10,8.03571,1,,piece--5-4,Paracuellos de Jarama,1,-3.52892,40.5083,-3.52382,40.5028,-3.52637,40.5055
Paracuellos de Jarama--piece--5-5--gCloud,"scraping-fotocasa-gCloud--12_3_2018,_2_46_43_PM",fotocasa,gCloud,1543901137000,1790.28,3,0,0,,piece--5-5,Paracuellos de Jarama,1,-3.52892,40.5028,-3.52382,40.4972,-3.52637,40.5
Paracuellos de Jarama--piece--5-6--gCloud,"scraping-fotocasa-gCloud--12_3_2018,_2_46_43_PM",fotocasa,gCloud,1543901142000,2222.22,1,0,0,,piece--5-6,Paracuellos de Jarama,1,-3.52892,40.4972,-3.52382,40.4917,-3.52637,40.4944
Paracuellos de Jarama--piece--6-0--gCloud,"scraping-fotocasa-gCloud--12_3_2018,_2_46_43_PM",fotocasa,gCloud,1543901148000,0,0,0,0,,piece--6-0,Paracuellos de Jarama,1,-3.52382,40.5305,-3.51873,40.5249,-3.52128,40.5277
Paracuellos de Jarama--piece--6-1--gCloud,"scraping-fotocasa-gCloud--12_3_2018,_2_46_43_PM",fotocasa,gCloud,1543901153000,0,0,0,0,,piece--6-1,Paracuellos de Jarama,1,-3.52382,40.5249,-3.51873,40.5194,-3.52128,40.5221
Paracuellos de Jarama--piece--6-2--gCloud,"scraping-fotocasa-gCloud--12_3_2018,_2_46_43_PM",fotocasa,gCloud,1543901161000,0,0,0,0,,piece--6-2,Paracuellos de Jarama,1,-3.52382,40.5194,-3.51873,40.5138,-3.52128,40.5166
Paracuellos de Jarama--piece--6-3--gCloud,"scraping-fotocasa-gCloud--12_3_2018,_2_46_43_PM",fotocasa,gCloud,1543901167000,0,0,0,0,,piece--6-3,Paracuellos de Jarama,1,-3.52382,40.5138,-3.51873,40.5083,-3.52128,40.5111
Paracuellos de Jarama--piece--6-4--gCloud,"scraping-fotocasa-gCloud--12_3_2018,_2_46_43_PM",fotocasa,gCloud,1543901173000,0,0,0,0,,piece--6-4,Paracuellos de Jarama,1,-3.52382,40.5083,-3.51873,40.5028,-3.52128,40.5055
Paracuellos de Jarama--piece--6-5--gCloud,"scraping-fotocasa-gCloud--12_3_2018,_2_46_43_PM",fotocasa,gCloud,1543901181000,2030.59,5,0,0,,piece--6-5,Paracuellos de Jarama,1,-3.52382,40.5028,-3.51873,40.4972,-3.52128,40.5
Paracuellos de Jarama--piece--6-6--gCloud,"scraping-fotocasa-gCloud--12_3_2018,_2_46_43_PM",fotocasa,gCloud,1543901189000,1537.5,1,0,0,,piece--6-6,Paracuellos de Jarama,1,-3.52382,40.4972,-3.51873,40.4917,-3.52128,40.4944
Paracuellos de Jarama--piece--7-0--gCloud,"scraping-fotocasa-gCloud--12_3_2018,_2_46_43_PM",fotocasa,gCloud,1543901195000,0,0,0,0,,piece--7-0,Paracuellos de Jarama,1,-3.51873,40.5305,-3.51363,40.5249,-3.51618,40.5277
Paracuellos de Jarama--piece--7-1--gCloud,"scraping-fotocasa-gCloud--12_3_2018,_2_46_43_PM",fotocasa,gCloud,1543901200000,0,0,0,0,,piece--7-1,Paracuellos de Jarama,1,-3.51873,40.5249,-3.51363,40.5194,-3.51618,40.5221
Paracuellos de Jarama--piece--7-2--gCloud,"scraping-fotocasa-gCloud--12_3_2018,_2_46_43_PM",fotocasa,gCloud,1543901211000,0,0,0,0,,piece--7-2,Paracuellos de Jarama,1,-3.51873,40.5194,-3.51363,40.5138,-3.51618,40.5166
Paracuellos de Jarama--piece--7-3--gCloud,"scraping-fotocasa-gCloud--12_3_2018,_2_46_43_PM",fotocasa,gCloud,1543901219000,0,0,0,0,,piece--7-3,Paracuellos de Jarama,1,-3.51873,40.5138,-3.51363,40.5083,-3.51618,40.5111
Paracuellos de Jarama--piece--7-4--gCloud,"scraping-fotocasa-gCloud--12_3_2018,_2_46_43_PM",fotocasa,gCloud,1543901225000,1975.78,3,7.76699,1,,piece--7-4,Paracuellos de Jarama,1,-3.51873,40.5083,-3.51363,40.5028,-3.51618,40.5055
Paracuellos de Jarama--piece--7-5--gCloud,"scraping-fotocasa-gCloud--12_3_2018,_2_46_43_PM",fotocasa,gCloud,1543901231000,2183.15,4,8.91775,2,,piece--7-5,Paracuellos de Jarama,1,-3.51873,40.5028,-3.51363,40.4972,-3.51618,40.5
Paracuellos de Jarama--piece--7-6--gCloud,"scraping-fotocasa-gCloud--12_3_2018,_2_46_43_PM",fotocasa,gCloud,1543901240000,1691.94,3,0,0,,piece--7-6,Paracuellos de Jarama,1,-3.51873,40.4972,-3.51363,40.4917,-3.51618,40.4944
Paracuellos de Jarama--piece--8-0--gCloud,"scraping-fotocasa-gCloud--12_3_2018,_2_46_43_PM",fotocasa,gCloud,1543901249000,0,0,0,0,,piece--8-0,Paracuellos de Jarama,1,-3.51363,40.5305,-3.50853,40.5249,-3.51108,40.5277
Paracuellos de Jarama--piece--8-1--gCloud,"scraping-fotocasa-gCloud--12_3_2018,_2_46_43_PM",fotocasa,gCloud,1543901258000,0,0,0,0,,piece--8-1,Paracuellos de Jarama,1,-3.51363,40.5249,-3.50853,40.5194,-3.51108,40.5221
Paracuellos de Jarama--piece--8-2--gCloud,"scraping-fotocasa-gCloud--12_3_2018,_2_46_43_PM",fotocasa,gCloud,1543901263000,0,0,0,0,,piece--8-2,Paracuellos de Jarama,1,-3.51363,40.5194,-3.50853,40.5138,-3.51108,40.5166
Paracuellos de Jarama--piece--8-3--gCloud,"scraping-fotocasa-gCloud--12_3_2018,_2_46_43_PM",fotocasa,gCloud,1543901274000,0,0,0,0,,piece--8-3,Paracuellos de Jarama,1,-3.51363,40.5138,-3.50853,40.5083,-3.51108,40.5111
Paracuellos de Jarama--piece--8-4--gCloud,"scraping-fotocasa-gCloud--12_3_2018,_2_46_43_PM",fotocasa,gCloud,1543901286000,1658.67,4,13.8333,1,,piece--8-4,Paracuellos de Jarama,1,-3.51363,40.5083,-3.50853,40.5028,-3.51108,40.5055
Paracuellos de Jarama--piece--8-5--gCloud,"scraping-fotocasa-gCloud--12_3_2018,_2_46_43_PM",fotocasa,gCloud,1543901293000,2349.62,7,0,0,,piece--8-5,Paracuellos de Jarama,1,-3.51363,40.5028,-3.50853,40.4972,-3.51108,40.5
Paracuellos de Jarama--piece--8-6--gCloud,"scraping-fotocasa-gCloud--12_3_2018,_2_46_43_PM",fotocasa,gCloud,1543901299000,2182.54,1,6.69476,2,,piece--8-6,Paracuellos de Jarama,1,-3.51363,40.4972,-3.50853,40.4917,-3.51108,40.4944
Paracuellos de Jarama--piece--9-0--gCloud,"scraping-fotocasa-gCloud--12_3_2018,_2_46_43_PM",fotocasa,gCloud,1543901304000,0,0,0,0,,piece--9-0,Paracuellos de Jarama,1,-3.50853,40.5305,-3.50343,40.5249,-3.50598,40.5277
Paracuellos de Jarama--piece--9-1--gCloud,"scraping-fotocasa-gCloud--12_3_2018,_2_46_43_PM",fotocasa,gCloud,1543901313000,0,0,0,0,,piece--9-1,Paracuellos de Jarama,1,-3.50853,40.5249,-3.50343,40.5194,-3.50598,40.5221
Paracuellos de Jarama--piece--9-2--gCloud,"scraping-fotocasa-gCloud--12_3_2018,_2_46_43_PM",fotocasa,gCloud,1543901321000,0,0,0,0,,piece--9-2,Paracuellos de Jarama,1,-3.50853,40.5194,-3.50343,40.5138,-3.50598,40.5166
Paracuellos de Jarama--piece--9-3--gCloud,"scraping-fotocasa-gCloud--12_3_2018,_2_46_43_PM",fotocasa,gCloud,1543901333000,0,0,0,0,,piece--9-3,Paracuellos de Jarama,1,-3.50853,40.5138,-3.50343,40.5083,-3.50598,40.5111
Paracuellos de Jarama--piece--9-4--gCloud,"scraping-fotocasa-gCloud--12_3_2018,_2_46_43_PM",fotocasa,gCloud,1543901341000,3200,1,0,0,,piece--9-4,Paracuellos de Jarama,1,-3.50853,40.5083,-3.50343,40.5028,-3.50598,40.5055
Paracuellos de Jarama--piece--9-5--gCloud,"scraping-fotocasa-gCloud--12_3_2018,_2_46_43_PM",fotocasa,gCloud,1543901350000,2250.14,11,9.01411,3,,piece--9-5,Paracuellos de Jarama,1,-3.50853,40.5028,-3.50343,40.4972,-3.50598,40.5
Paracuellos de Jarama--piece--9-6--gCloud,"scraping-fotocasa-gCloud--12_3_2018,_2_46_43_PM",fotocasa,gCloud,1543901362000,1956.55,2,0,0,,piece--9-6,Paracuellos de Jarama,1,-3.50853,40.4972,-3.50343,40.4917,-3.50598,40.4944
