piece_id,scraping_id,app_id,device_id,date_scraped,average_prize_buy,number_of_ads_buy,average_prize_rent,number_of_ads_rent,extra_data,piece_name,city_name,scraped,bounding_box1_x,bounding_box1_y,bounding_box2_x,bounding_box2_y,center_point_x,center_point_y
Pozuelo de Alarcón--piece--0-0--gCloud,"scraping-fotocasa-gCloud--12_3_2018,_2_46_43_PM",fotocasa,gCloud,1543901371000,2771.07,13,13.8966,5,,piece--0-0,Pozuelo de Alarcón,1,-3.86313,40.4664,-3.858,40.461,-3.86057,40.4637
Pozuelo de Alarcón--piece--0-1--gCloud,"scraping-fotocasa-gCloud--12_3_2018,_2_46_43_PM",fotocasa,gCloud,1543901378000,3599.91,18,12.8452,9,,piece--0-1,Pozuelo de Alarcón,1,-3.86313,40.461,-3.858,40.4557,-3.86057,40.4584
Pozuelo de Alarcón--piece--0-10--gCloud,"scraping-fotocasa-gCloud--12_3_2018,_2_46_43_PM",fotocasa,gCloud,1543901386000,0,0,0,0,,piece--0-10,Pozuelo de Alarcón,1,-3.86313,40.4133,-3.858,40.408,-3.86057,40.4106
Pozuelo de Alarcón--piece--0-11--gCloud,"scraping-fotocasa-gCloud--12_3_2018,_2_46_43_PM",fotocasa,gCloud,1543901391000,0,0,0,0,,piece--0-11,Pozuelo de Alarcón,1,-3.86313,40.408,-3.858,40.4026,-3.86057,40.4053
Pozuelo de Alarcón--piece--0-12--gCloud,"scraping-fotocasa-gCloud--12_3_2018,_2_46_43_PM",fotocasa,gCloud,1543901397000,0,0,0,0,,piece--0-12,Pozuelo de Alarcón,1,-3.86313,40.4026,-3.858,40.3973,-3.86057,40.4
Pozuelo de Alarcón--piece--0-13--gCloud,"scraping-fotocasa-gCloud--12_3_2018,_2_46_43_PM",fotocasa,gCloud,1543901402000,0,0,0,0,,piece--0-13,Pozuelo de Alarcón,1,-3.86313,40.3973,-3.858,40.392,-3.86057,40.3947
Pozuelo de Alarcón--piece--0-2--gCloud,"scraping-fotocasa-gCloud--12_3_2018,_2_46_43_PM",fotocasa,gCloud,1543901419000,3343.18,2,10.359,2,,piece--0-2,Pozuelo de Alarcón,1,-3.86313,40.4557,-3.858,40.4504,-3.86057,40.4531
Pozuelo de Alarcón--piece--0-3--gCloud,"scraping-fotocasa-gCloud--12_3_2018,_2_46_43_PM",fotocasa,gCloud,1543901425000,3320.03,8,10.4798,8,,piece--0-3,Pozuelo de Alarcón,1,-3.86313,40.4504,-3.858,40.4451,-3.86057,40.4478
Pozuelo de Alarcón--piece--0-4--gCloud,"scraping-fotocasa-gCloud--12_3_2018,_2_46_43_PM",fotocasa,gCloud,1543901434000,954.695,5,8.93227,4,,piece--0-4,Pozuelo de Alarcón,1,-3.86313,40.4451,-3.858,40.4398,-3.86057,40.4425
Pozuelo de Alarcón--piece--0-5--gCloud,"scraping-fotocasa-gCloud--12_3_2018,_2_46_43_PM",fotocasa,gCloud,1543901439000,2.50838,5,9.67767,5,,piece--0-5,Pozuelo de Alarcón,1,-3.86313,40.4398,-3.858,40.4345,-3.86057,40.4372
Pozuelo de Alarcón--piece--0-6--gCloud,"scraping-fotocasa-gCloud--12_3_2018,_2_46_43_PM",fotocasa,gCloud,1543901448000,0,0,0,0,,piece--0-6,Pozuelo de Alarcón,1,-3.86313,40.4345,-3.858,40.4292,-3.86057,40.4318
Pozuelo de Alarcón--piece--0-7--gCloud,"scraping-fotocasa-gCloud--12_3_2018,_2_46_43_PM",fotocasa,gCloud,1543901457000,0,0,0,0,,piece--0-7,Pozuelo de Alarcón,1,-3.86313,40.4292,-3.858,40.4239,-3.86057,40.4265
Pozuelo de Alarcón--piece--0-8--gCloud,"scraping-fotocasa-gCloud--12_3_2018,_2_46_43_PM",fotocasa,gCloud,1543901468000,0,0,0,0,,piece--0-8,Pozuelo de Alarcón,1,-3.86313,40.4239,-3.858,40.4186,-3.86057,40.4212
Pozuelo de Alarcón--piece--0-9--gCloud,"scraping-fotocasa-gCloud--12_3_2018,_2_46_43_PM",fotocasa,gCloud,1543901473000,0,0,0,0,,piece--0-9,Pozuelo de Alarcón,1,-3.86313,40.4186,-3.858,40.4133,-3.86057,40.4159
Pozuelo de Alarcón--piece--1-0--gCloud,"scraping-fotocasa-gCloud--12_3_2018,_2_46_43_PM",fotocasa,gCloud,1543901483000,4193.01,4,14.7315,4,,piece--1-0,Pozuelo de Alarcón,1,-3.858,40.4664,-3.85288,40.461,-3.85544,40.4637
Pozuelo de Alarcón--piece--1-1--gCloud,"scraping-fotocasa-gCloud--12_3_2018,_2_46_43_PM",fotocasa,gCloud,1543901492000,1272.56,2,0,0,,piece--1-1,Pozuelo de Alarcón,1,-3.858,40.461,-3.85288,40.4557,-3.85544,40.4584
Pozuelo de Alarcón--piece--1-10--gCloud,"scraping-fotocasa-gCloud--12_3_2018,_2_46_43_PM",fotocasa,gCloud,1543901503000,1.75318,4,0,0,,piece--1-10,Pozuelo de Alarcón,1,-3.858,40.4133,-3.85288,40.408,-3.85544,40.4106
Pozuelo de Alarcón--piece--1-11--gCloud,"scraping-fotocasa-gCloud--12_3_2018,_2_46_43_PM",fotocasa,gCloud,1543901515000,0,0,0,0,,piece--1-11,Pozuelo de Alarcón,1,-3.858,40.408,-3.85288,40.4026,-3.85544,40.4053
Pozuelo de Alarcón--piece--1-12--gCloud,"scraping-fotocasa-gCloud--12_3_2018,_2_46_43_PM",fotocasa,gCloud,1543901523000,0,0,0,0,,piece--1-12,Pozuelo de Alarcón,1,-3.858,40.4026,-3.85288,40.3973,-3.85544,40.4
Pozuelo de Alarcón--piece--1-13--gCloud,"scraping-fotocasa-gCloud--12_3_2018,_2_46_43_PM",fotocasa,gCloud,1543901532000,0,0,0,0,,piece--1-13,Pozuelo de Alarcón,1,-3.858,40.3973,-3.85288,40.392,-3.85544,40.3947
Pozuelo de Alarcón--piece--1-2--gCloud,"scraping-fotocasa-gCloud--12_3_2018,_2_46_43_PM",fotocasa,gCloud,1543901544000,1769.09,5,11.9863,1,,piece--1-2,Pozuelo de Alarcón,1,-3.858,40.4557,-3.85288,40.4504,-3.85544,40.4531
Pozuelo de Alarcón--piece--1-3--gCloud,"scraping-fotocasa-gCloud--12_3_2018,_2_46_43_PM",fotocasa,gCloud,1543901549000,2025,1,0,0,,piece--1-3,Pozuelo de Alarcón,1,-3.858,40.4504,-3.85288,40.4451,-3.85544,40.4478
Pozuelo de Alarcón--piece--1-4--gCloud,"scraping-fotocasa-gCloud--12_3_2018,_2_46_43_PM",fotocasa,gCloud,1543901561000,2.91135,5,10.3157,3,,piece--1-4,Pozuelo de Alarcón,1,-3.858,40.4451,-3.85288,40.4398,-3.85544,40.4425
Pozuelo de Alarcón--piece--1-5--gCloud,"scraping-fotocasa-gCloud--12_3_2018,_2_46_43_PM",fotocasa,gCloud,1543901567000,2.74478,8,7.81897,9,,piece--1-5,Pozuelo de Alarcón,1,-3.858,40.4398,-3.85288,40.4345,-3.85544,40.4372
Pozuelo de Alarcón--piece--1-6--gCloud,"scraping-fotocasa-gCloud--12_3_2018,_2_46_43_PM",fotocasa,gCloud,1543901572000,2.85084,4,0,0,,piece--1-6,Pozuelo de Alarcón,1,-3.858,40.4345,-3.85288,40.4292,-3.85544,40.4318
Pozuelo de Alarcón--piece--1-7--gCloud,"scraping-fotocasa-gCloud--12_3_2018,_2_46_43_PM",fotocasa,gCloud,1543901578000,0,0,0,0,,piece--1-7,Pozuelo de Alarcón,1,-3.858,40.4292,-3.85288,40.4239,-3.85544,40.4265
Pozuelo de Alarcón--piece--1-8--gCloud,"scraping-fotocasa-gCloud--12_3_2018,_2_46_43_PM",fotocasa,gCloud,1543901583000,0,0,0,0,,piece--1-8,Pozuelo de Alarcón,1,-3.858,40.4239,-3.85288,40.4186,-3.85544,40.4212
Pozuelo de Alarcón--piece--1-9--gCloud,"scraping-fotocasa-gCloud--12_3_2018,_2_46_43_PM",fotocasa,gCloud,1543901595000,2.02252,1,0,0,,piece--1-9,Pozuelo de Alarcón,1,-3.858,40.4186,-3.85288,40.4133,-3.85544,40.4159
Pozuelo de Alarcón--piece--10-0--gCloud,"scraping-fotocasa-gCloud--12_3_2018,_2_46_43_PM",fotocasa,gCloud,1543901603000,3.43702,3,10.8333,1,,piece--10-0,Pozuelo de Alarcón,1,-3.81186,40.4664,-3.80673,40.461,-3.80929,40.4637
Pozuelo de Alarcón--piece--10-1--gCloud,"scraping-fotocasa-gCloud--12_3_2018,_2_46_43_PM",fotocasa,gCloud,1543901613000,3870.34,8,11.3571,2,,piece--10-1,Pozuelo de Alarcón,1,-3.81186,40.461,-3.80673,40.4557,-3.80929,40.4584
Pozuelo de Alarcón--piece--10-10--gCloud,"scraping-fotocasa-gCloud--12_3_2018,_2_46_43_PM",fotocasa,gCloud,1543901622000,4.2512,14,17.3611,2,,piece--10-10,Pozuelo de Alarcón,1,-3.81186,40.4133,-3.80673,40.408,-3.80929,40.4106
Pozuelo de Alarcón--piece--10-11--gCloud,"scraping-fotocasa-gCloud--12_3_2018,_2_46_43_PM",fotocasa,gCloud,1543901630000,2.73289,2,0,0,,piece--10-11,Pozuelo de Alarcón,1,-3.81186,40.408,-3.80673,40.4026,-3.80929,40.4053
Pozuelo de Alarcón--piece--10-12--gCloud,"scraping-fotocasa-gCloud--12_3_2018,_2_46_43_PM",fotocasa,gCloud,1543901636000,0,0,0,0,,piece--10-12,Pozuelo de Alarcón,1,-3.81186,40.4026,-3.80673,40.3973,-3.80929,40.4
Pozuelo de Alarcón--piece--10-13--gCloud,"scraping-fotocasa-gCloud--12_3_2018,_2_46_43_PM",fotocasa,gCloud,1543901647000,0,0,0,0,,piece--10-13,Pozuelo de Alarcón,1,-3.81186,40.3973,-3.80673,40.392,-3.80929,40.3947
Pozuelo de Alarcón--piece--10-2--gCloud,"scraping-fotocasa-gCloud--12_3_2018,_2_46_43_PM",fotocasa,gCloud,1543901656000,3154.57,5,8,2,,piece--10-2,Pozuelo de Alarcón,1,-3.81186,40.4557,-3.80673,40.4504,-3.80929,40.4531
Pozuelo de Alarcón--piece--10-3--gCloud,"scraping-fotocasa-gCloud--12_3_2018,_2_46_43_PM",fotocasa,gCloud,1543901665000,2279.73,5,8.8,1,,piece--10-3,Pozuelo de Alarcón,1,-3.81186,40.4504,-3.80673,40.4451,-3.80929,40.4478
Pozuelo de Alarcón--piece--10-4--gCloud,"scraping-fotocasa-gCloud--12_3_2018,_2_46_43_PM",fotocasa,gCloud,1543901670000,2225.49,4,0,0,,piece--10-4,Pozuelo de Alarcón,1,-3.81186,40.4451,-3.80673,40.4398,-3.80929,40.4425
Pozuelo de Alarcón--piece--10-5--gCloud,"scraping-fotocasa-gCloud--12_3_2018,_2_46_43_PM",fotocasa,gCloud,1543901679000,2835.25,10,8.45,2,,piece--10-5,Pozuelo de Alarcón,1,-3.81186,40.4398,-3.80673,40.4345,-3.80929,40.4372
Pozuelo de Alarcón--piece--10-6--gCloud,"scraping-fotocasa-gCloud--12_3_2018,_2_46_43_PM",fotocasa,gCloud,1543901688000,3353.58,13,0,0,,piece--10-6,Pozuelo de Alarcón,1,-3.81186,40.4345,-3.80673,40.4292,-3.80929,40.4318
Pozuelo de Alarcón--piece--10-7--gCloud,"scraping-fotocasa-gCloud--12_3_2018,_2_46_43_PM",fotocasa,gCloud,1543901694000,0,0,0,0,,piece--10-7,Pozuelo de Alarcón,1,-3.81186,40.4292,-3.80673,40.4239,-3.80929,40.4265
Pozuelo de Alarcón--piece--10-8--gCloud,"scraping-fotocasa-gCloud--12_3_2018,_2_46_43_PM",fotocasa,gCloud,1543901699000,0,0,0,0,,piece--10-8,Pozuelo de Alarcón,1,-3.81186,40.4239,-3.80673,40.4186,-3.80929,40.4212
Pozuelo de Alarcón--piece--10-9--gCloud,"scraping-fotocasa-gCloud--12_3_2018,_2_46_43_PM",fotocasa,gCloud,1543901705000,0,0,0,0,,piece--10-9,Pozuelo de Alarcón,1,-3.81186,40.4186,-3.80673,40.4133,-3.80929,40.4159
Pozuelo de Alarcón--piece--11-0--gCloud,"scraping-fotocasa-gCloud--12_3_2018,_2_46_43_PM",fotocasa,gCloud,1543901717000,5104.48,3,27.1286,1,,piece--11-0,Pozuelo de Alarcón,1,-3.80673,40.4664,-3.8016,40.461,-3.80417,40.4637
Pozuelo de Alarcón--piece--11-1--gCloud,"scraping-fotocasa-gCloud--12_3_2018,_2_46_43_PM",fotocasa,gCloud,1543901725000,3465.51,6,0,0,,piece--11-1,Pozuelo de Alarcón,1,-3.80673,40.461,-3.8016,40.4557,-3.80417,40.4584
Pozuelo de Alarcón--piece--11-10--gCloud,"scraping-fotocasa-gCloud--12_3_2018,_2_46_43_PM",fotocasa,gCloud,1543901735000,3.26162,10,7.89474,1,,piece--11-10,Pozuelo de Alarcón,1,-3.80673,40.4133,-3.8016,40.408,-3.80417,40.4106
Pozuelo de Alarcón--piece--11-11--gCloud,"scraping-fotocasa-gCloud--12_3_2018,_2_46_43_PM",fotocasa,gCloud,1543901741000,2.9667,22,8.93862,4,,piece--11-11,Pozuelo de Alarcón,1,-3.80673,40.408,-3.8016,40.4026,-3.80417,40.4053
Pozuelo de Alarcón--piece--11-12--gCloud,"scraping-fotocasa-gCloud--12_3_2018,_2_46_43_PM",fotocasa,gCloud,1543901749000,0,0,0,0,,piece--11-12,Pozuelo de Alarcón,1,-3.80673,40.4026,-3.8016,40.3973,-3.80417,40.4
Pozuelo de Alarcón--piece--11-13--gCloud,"scraping-fotocasa-gCloud--12_3_2018,_2_46_43_PM",fotocasa,gCloud,1543901758000,0,0,0,0,,piece--11-13,Pozuelo de Alarcón,1,-3.80673,40.3973,-3.8016,40.392,-3.80417,40.3947
Pozuelo de Alarcón--piece--11-2--gCloud,"scraping-fotocasa-gCloud--12_3_2018,_2_46_43_PM",fotocasa,gCloud,1543901767000,2847.83,15,8.5576,3,,piece--11-2,Pozuelo de Alarcón,1,-3.80673,40.4557,-3.8016,40.4504,-3.80417,40.4531
Pozuelo de Alarcón--piece--11-3--gCloud,"scraping-fotocasa-gCloud--12_3_2018,_2_46_43_PM",fotocasa,gCloud,1543901773000,1616.72,4,15.032,3,,piece--11-3,Pozuelo de Alarcón,1,-3.80673,40.4504,-3.8016,40.4451,-3.80417,40.4478
Pozuelo de Alarcón--piece--11-4--gCloud,"scraping-fotocasa-gCloud--12_3_2018,_2_46_43_PM",fotocasa,gCloud,1543901781000,2097.47,6,8.39286,1,,piece--11-4,Pozuelo de Alarcón,1,-3.80673,40.4451,-3.8016,40.4398,-3.80417,40.4425
Pozuelo de Alarcón--piece--11-5--gCloud,"scraping-fotocasa-gCloud--12_3_2018,_2_46_43_PM",fotocasa,gCloud,1543901787000,1662.19,4,15.2941,1,,piece--11-5,Pozuelo de Alarcón,1,-3.80673,40.4398,-3.8016,40.4345,-3.80417,40.4372
Pozuelo de Alarcón--piece--11-6--gCloud,"scraping-fotocasa-gCloud--12_3_2018,_2_46_43_PM",fotocasa,gCloud,1543901793000,4075.77,10,15.0332,11,,piece--11-6,Pozuelo de Alarcón,1,-3.80673,40.4345,-3.8016,40.4292,-3.80417,40.4318
Pozuelo de Alarcón--piece--11-7--gCloud,"scraping-fotocasa-gCloud--12_3_2018,_2_46_43_PM",fotocasa,gCloud,1543901802000,3.52318,5,14.4603,2,,piece--11-7,Pozuelo de Alarcón,1,-3.80673,40.4292,-3.8016,40.4239,-3.80417,40.4265
Pozuelo de Alarcón--piece--11-8--gCloud,"scraping-fotocasa-gCloud--12_3_2018,_2_46_43_PM",fotocasa,gCloud,1543901809000,262.878,20,10.322,8,,piece--11-8,Pozuelo de Alarcón,1,-3.80673,40.4239,-3.8016,40.4186,-3.80417,40.4212
Pozuelo de Alarcón--piece--11-9--gCloud,"scraping-fotocasa-gCloud--12_3_2018,_2_46_43_PM",fotocasa,gCloud,1543901817000,2.74083,3,10.5495,2,,piece--11-9,Pozuelo de Alarcón,1,-3.80673,40.4186,-3.8016,40.4133,-3.80417,40.4159
Pozuelo de Alarcón--piece--12-0--gCloud,"scraping-fotocasa-gCloud--12_3_2018,_2_46_43_PM",fotocasa,gCloud,1543901826000,0,0,15.557,2,,piece--12-0,Pozuelo de Alarcón,1,-3.8016,40.4664,-3.79647,40.461,-3.79904,40.4637
Pozuelo de Alarcón--piece--12-1--gCloud,"scraping-fotocasa-gCloud--12_3_2018,_2_46_43_PM",fotocasa,gCloud,1543901833000,3215.37,13,13.4632,2,,piece--12-1,Pozuelo de Alarcón,1,-3.8016,40.461,-3.79647,40.4557,-3.79904,40.4584
Pozuelo de Alarcón--piece--12-10--gCloud,"scraping-fotocasa-gCloud--12_3_2018,_2_46_43_PM",fotocasa,gCloud,1543901842000,1268.68,5,9.50984,3,,piece--12-10,Pozuelo de Alarcón,1,-3.8016,40.4133,-3.79647,40.408,-3.79904,40.4106
Pozuelo de Alarcón--piece--12-11--gCloud,"scraping-fotocasa-gCloud--12_3_2018,_2_46_43_PM",fotocasa,gCloud,1543901851000,2811.38,6,10.1048,7,,piece--12-11,Pozuelo de Alarcón,1,-3.8016,40.408,-3.79647,40.4026,-3.79904,40.4053
Pozuelo de Alarcón--piece--12-12--gCloud,"scraping-fotocasa-gCloud--12_3_2018,_2_46_43_PM",fotocasa,gCloud,1543901863000,0,0,0,0,,piece--12-12,Pozuelo de Alarcón,1,-3.8016,40.4026,-3.79647,40.3973,-3.79904,40.4
Pozuelo de Alarcón--piece--12-13--gCloud,"scraping-fotocasa-gCloud--12_3_2018,_2_46_43_PM",fotocasa,gCloud,1543901868000,0,0,0,0,,piece--12-13,Pozuelo de Alarcón,1,-3.8016,40.3973,-3.79647,40.392,-3.79904,40.3947
Pozuelo de Alarcón--piece--12-2--gCloud,"scraping-fotocasa-gCloud--12_3_2018,_2_46_43_PM",fotocasa,gCloud,1543901877000,3311.79,14,8.58336,2,,piece--12-2,Pozuelo de Alarcón,1,-3.8016,40.4557,-3.79647,40.4504,-3.79904,40.4531
Pozuelo de Alarcón--piece--12-3--gCloud,"scraping-fotocasa-gCloud--12_3_2018,_2_46_43_PM",fotocasa,gCloud,1543901884000,3770.55,19,14.1835,4,,piece--12-3,Pozuelo de Alarcón,1,-3.8016,40.4504,-3.79647,40.4451,-3.79904,40.4478
Pozuelo de Alarcón--piece--12-4--gCloud,"scraping-fotocasa-gCloud--12_3_2018,_2_46_43_PM",fotocasa,gCloud,1543901890000,2981.72,10,9.53732,12,,piece--12-4,Pozuelo de Alarcón,1,-3.8016,40.4451,-3.79647,40.4398,-3.79904,40.4425
Pozuelo de Alarcón--piece--12-5--gCloud,"scraping-fotocasa-gCloud--12_3_2018,_2_46_43_PM",fotocasa,gCloud,1543901896000,4037.81,13,12.1967,6,,piece--12-5,Pozuelo de Alarcón,1,-3.8016,40.4398,-3.79647,40.4345,-3.79904,40.4372
Pozuelo de Alarcón--piece--12-6--gCloud,"scraping-fotocasa-gCloud--12_3_2018,_2_46_43_PM",fotocasa,gCloud,1543901902000,4361.92,2,15.4715,4,,piece--12-6,Pozuelo de Alarcón,1,-3.8016,40.4345,-3.79647,40.4292,-3.79904,40.4318
Pozuelo de Alarcón--piece--12-7--gCloud,"scraping-fotocasa-gCloud--12_3_2018,_2_46_43_PM",fotocasa,gCloud,1543901907000,3.14064,5,10.625,1,,piece--12-7,Pozuelo de Alarcón,1,-3.8016,40.4292,-3.79647,40.4239,-3.79904,40.4265
Pozuelo de Alarcón--piece--12-8--gCloud,"scraping-fotocasa-gCloud--12_3_2018,_2_46_43_PM",fotocasa,gCloud,1543901919000,837.623,12,6.94276,2,,piece--12-8,Pozuelo de Alarcón,1,-3.8016,40.4239,-3.79647,40.4186,-3.79904,40.4212
Pozuelo de Alarcón--piece--12-9--gCloud,"scraping-fotocasa-gCloud--12_3_2018,_2_46_43_PM",fotocasa,gCloud,1543901928000,3.77773,4,12.0833,1,,piece--12-9,Pozuelo de Alarcón,1,-3.8016,40.4186,-3.79647,40.4133,-3.79904,40.4159
Pozuelo de Alarcón--piece--13-0--gCloud,"scraping-fotocasa-gCloud--12_3_2018,_2_46_43_PM",fotocasa,gCloud,1543901935000,3270.51,21,14.3554,3,,piece--13-0,Pozuelo de Alarcón,1,-3.79647,40.4664,-3.79135,40.461,-3.79391,40.4637
Pozuelo de Alarcón--piece--13-1--gCloud,"scraping-fotocasa-gCloud--12_3_2018,_2_46_43_PM",fotocasa,gCloud,1543901941000,1677.82,10,15.2098,12,,piece--13-1,Pozuelo de Alarcón,1,-3.79647,40.461,-3.79135,40.4557,-3.79391,40.4584
Pozuelo de Alarcón--piece--13-10--gCloud,"scraping-fotocasa-gCloud--12_3_2018,_2_46_43_PM",fotocasa,gCloud,1543901951000,2838.77,22,9.60519,3,,piece--13-10,Pozuelo de Alarcón,1,-3.79647,40.4133,-3.79135,40.408,-3.79391,40.4106
Pozuelo de Alarcón--piece--13-11--gCloud,"scraping-fotocasa-gCloud--12_3_2018,_2_46_43_PM",fotocasa,gCloud,1543901960000,3622.41,26,10.2978,3,,piece--13-11,Pozuelo de Alarcón,1,-3.79647,40.408,-3.79135,40.4026,-3.79391,40.4053
Pozuelo de Alarcón--piece--13-12--gCloud,"scraping-fotocasa-gCloud--12_3_2018,_2_46_43_PM",fotocasa,gCloud,1543901969000,0,0,0,0,,piece--13-12,Pozuelo de Alarcón,1,-3.79647,40.4026,-3.79135,40.3973,-3.79391,40.4
Pozuelo de Alarcón--piece--13-13--gCloud,"scraping-fotocasa-gCloud--12_3_2018,_2_46_43_PM",fotocasa,gCloud,1543901978000,0,0,8.55556,1,,piece--13-13,Pozuelo de Alarcón,1,-3.79647,40.3973,-3.79135,40.392,-3.79391,40.3947
Pozuelo de Alarcón--piece--13-2--gCloud,"scraping-fotocasa-gCloud--12_3_2018,_2_46_43_PM",fotocasa,gCloud,1543901991000,920.985,19,7.22022,1,,piece--13-2,Pozuelo de Alarcón,1,-3.79647,40.4557,-3.79135,40.4504,-3.79391,40.4531
Pozuelo de Alarcón--piece--13-3--gCloud,"scraping-fotocasa-gCloud--12_3_2018,_2_46_43_PM",fotocasa,gCloud,1543901997000,2138.4,19,8.30671,1,,piece--13-3,Pozuelo de Alarcón,1,-3.79647,40.4504,-3.79135,40.4451,-3.79391,40.4478
Pozuelo de Alarcón--piece--13-4--gCloud,"scraping-fotocasa-gCloud--12_3_2018,_2_46_43_PM",fotocasa,gCloud,1543902003000,1728.32,8,12.7381,2,,piece--13-4,Pozuelo de Alarcón,1,-3.79647,40.4451,-3.79135,40.4398,-3.79391,40.4425
Pozuelo de Alarcón--piece--13-5--gCloud,"scraping-fotocasa-gCloud--12_3_2018,_2_46_43_PM",fotocasa,gCloud,1543902009000,3682.15,13,12.6044,5,,piece--13-5,Pozuelo de Alarcón,1,-3.79647,40.4398,-3.79135,40.4345,-3.79391,40.4372
Pozuelo de Alarcón--piece--13-6--gCloud,"scraping-fotocasa-gCloud--12_3_2018,_2_46_43_PM",fotocasa,gCloud,1543902020000,0,0,0,0,,piece--13-6,Pozuelo de Alarcón,1,-3.79647,40.4345,-3.79135,40.4292,-3.79391,40.4318
Pozuelo de Alarcón--piece--13-7--gCloud,"scraping-fotocasa-gCloud--12_3_2018,_2_46_43_PM",fotocasa,gCloud,1543902026000,3.44643,3,13.2193,1,,piece--13-7,Pozuelo de Alarcón,1,-3.79647,40.4292,-3.79135,40.4239,-3.79391,40.4265
Pozuelo de Alarcón--piece--13-8--gCloud,"scraping-fotocasa-gCloud--12_3_2018,_2_46_43_PM",fotocasa,gCloud,1543902035000,534.61,4,7.76948,3,,piece--13-8,Pozuelo de Alarcón,1,-3.79647,40.4239,-3.79135,40.4186,-3.79391,40.4212
Pozuelo de Alarcón--piece--13-9--gCloud,"scraping-fotocasa-gCloud--12_3_2018,_2_46_43_PM",fotocasa,gCloud,1543902044000,840.486,7,7.39305,2,,piece--13-9,Pozuelo de Alarcón,1,-3.79647,40.4186,-3.79135,40.4133,-3.79391,40.4159
Pozuelo de Alarcón--piece--14-0--gCloud,"scraping-fotocasa-gCloud--12_3_2018,_2_46_43_PM",fotocasa,gCloud,1543902054000,3452.92,16,10.984,10,,piece--14-0,Pozuelo de Alarcón,1,-3.79135,40.4664,-3.78622,40.461,-3.78878,40.4637
Pozuelo de Alarcón--piece--14-1--gCloud,"scraping-fotocasa-gCloud--12_3_2018,_2_46_43_PM",fotocasa,gCloud,1543902062000,1737.29,12,9.01521,3,,piece--14-1,Pozuelo de Alarcón,1,-3.79135,40.461,-3.78622,40.4557,-3.78878,40.4584
Pozuelo de Alarcón--piece--14-10--gCloud,"scraping-fotocasa-gCloud--12_3_2018,_2_46_43_PM",fotocasa,gCloud,1543902071000,2851.71,1,0,0,,piece--14-10,Pozuelo de Alarcón,1,-3.79135,40.4133,-3.78622,40.408,-3.78878,40.4106
Pozuelo de Alarcón--piece--14-11--gCloud,"scraping-fotocasa-gCloud--12_3_2018,_2_46_43_PM",fotocasa,gCloud,1543902080000,3746.68,12,11.737,2,,piece--14-11,Pozuelo de Alarcón,1,-3.79135,40.408,-3.78622,40.4026,-3.78878,40.4053
Pozuelo de Alarcón--piece--14-12--gCloud,"scraping-fotocasa-gCloud--12_3_2018,_2_46_43_PM",fotocasa,gCloud,1543902086000,4054.36,14,12.32,3,,piece--14-12,Pozuelo de Alarcón,1,-3.79135,40.4026,-3.78622,40.3973,-3.78878,40.4
Pozuelo de Alarcón--piece--14-13--gCloud,"scraping-fotocasa-gCloud--12_3_2018,_2_46_43_PM",fotocasa,gCloud,1543902094000,0,0,7.77778,1,,piece--14-13,Pozuelo de Alarcón,1,-3.79135,40.3973,-3.78622,40.392,-3.78878,40.3947
Pozuelo de Alarcón--piece--14-2--gCloud,"scraping-fotocasa-gCloud--12_3_2018,_2_46_43_PM",fotocasa,gCloud,1543902103000,1747.58,10,7.06806,1,,piece--14-2,Pozuelo de Alarcón,1,-3.79135,40.4557,-3.78622,40.4504,-3.78878,40.4531
Pozuelo de Alarcón--piece--14-3--gCloud,"scraping-fotocasa-gCloud--12_3_2018,_2_46_43_PM",fotocasa,gCloud,1543902110000,3567.19,13,10.9684,9,,piece--14-3,Pozuelo de Alarcón,1,-3.79135,40.4504,-3.78622,40.4451,-3.78878,40.4478
Pozuelo de Alarcón--piece--14-4--gCloud,"scraping-fotocasa-gCloud--12_3_2018,_2_46_43_PM",fotocasa,gCloud,1543902118000,3251.89,7,13.1883,10,,piece--14-4,Pozuelo de Alarcón,1,-3.79135,40.4451,-3.78622,40.4398,-3.78878,40.4425
Pozuelo de Alarcón--piece--14-5--gCloud,"scraping-fotocasa-gCloud--12_3_2018,_2_46_43_PM",fotocasa,gCloud,1543902126000,4106.38,1,14.1667,4,,piece--14-5,Pozuelo de Alarcón,1,-3.79135,40.4398,-3.78622,40.4345,-3.78878,40.4372
Pozuelo de Alarcón--piece--14-6--gCloud,"scraping-fotocasa-gCloud--12_3_2018,_2_46_43_PM",fotocasa,gCloud,1543902135000,0,0,0,0,,piece--14-6,Pozuelo de Alarcón,1,-3.79135,40.4345,-3.78622,40.4292,-3.78878,40.4318
Pozuelo de Alarcón--piece--14-7--gCloud,"scraping-fotocasa-gCloud--12_3_2018,_2_46_43_PM",fotocasa,gCloud,1543902140000,2.66912,5,0,0,,piece--14-7,Pozuelo de Alarcón,1,-3.79135,40.4292,-3.78622,40.4239,-3.78878,40.4265
Pozuelo de Alarcón--piece--14-8--gCloud,"scraping-fotocasa-gCloud--12_3_2018,_2_46_43_PM",fotocasa,gCloud,1543902149000,2.85117,13,6.86655,2,,piece--14-8,Pozuelo de Alarcón,1,-3.79135,40.4239,-3.78622,40.4186,-3.78878,40.4212
Pozuelo de Alarcón--piece--14-9--gCloud,"scraping-fotocasa-gCloud--12_3_2018,_2_46_43_PM",fotocasa,gCloud,1543902156000,537.904,5,11.6307,2,,piece--14-9,Pozuelo de Alarcón,1,-3.79135,40.4186,-3.78622,40.4133,-3.78878,40.4159
Pozuelo de Alarcón--piece--15-0--gCloud,"scraping-fotocasa-gCloud--12_3_2018,_2_46_43_PM",fotocasa,gCloud,1543902166000,1852.54,6,13.8525,2,,piece--15-0,Pozuelo de Alarcón,1,-3.78622,40.4664,-3.78109,40.461,-3.78366,40.4637
Pozuelo de Alarcón--piece--15-1--gCloud,"scraping-fotocasa-gCloud--12_3_2018,_2_46_43_PM",fotocasa,gCloud,1543902173000,3118.99,28,17.1527,6,,piece--15-1,Pozuelo de Alarcón,1,-3.78622,40.461,-3.78109,40.4557,-3.78366,40.4584
Pozuelo de Alarcón--piece--15-10--gCloud,"scraping-fotocasa-gCloud--12_3_2018,_2_46_43_PM",fotocasa,gCloud,1543902178000,2197.87,6,10.8238,5,,piece--15-10,Pozuelo de Alarcón,1,-3.78622,40.4133,-3.78109,40.408,-3.78366,40.4106
Pozuelo de Alarcón--piece--15-11--gCloud,"scraping-fotocasa-gCloud--12_3_2018,_2_46_43_PM",fotocasa,gCloud,1543902187000,3483.88,12,12.1991,2,,piece--15-11,Pozuelo de Alarcón,1,-3.78622,40.408,-3.78109,40.4026,-3.78366,40.4053
Pozuelo de Alarcón--piece--15-12--gCloud,"scraping-fotocasa-gCloud--12_3_2018,_2_46_43_PM",fotocasa,gCloud,1543902192000,0,0,0,0,,piece--15-12,Pozuelo de Alarcón,1,-3.78622,40.4026,-3.78109,40.3973,-3.78366,40.4
Pozuelo de Alarcón--piece--15-13--gCloud,"scraping-fotocasa-gCloud--12_3_2018,_2_46_43_PM",fotocasa,gCloud,1543902198000,0,0,0,0,,piece--15-13,Pozuelo de Alarcón,1,-3.78622,40.3973,-3.78109,40.392,-3.78366,40.3947
Pozuelo de Alarcón--piece--15-2--gCloud,"scraping-fotocasa-gCloud--12_3_2018,_2_46_43_PM",fotocasa,gCloud,1543902209000,3170.58,12,0,0,,piece--15-2,Pozuelo de Alarcón,1,-3.78622,40.4557,-3.78109,40.4504,-3.78366,40.4531
Pozuelo de Alarcón--piece--15-3--gCloud,"scraping-fotocasa-gCloud--12_3_2018,_2_46_43_PM",fotocasa,gCloud,1543902222000,3682.18,22,15.7553,5,,piece--15-3,Pozuelo de Alarcón,1,-3.78622,40.4504,-3.78109,40.4451,-3.78366,40.4478
Pozuelo de Alarcón--piece--15-4--gCloud,"scraping-fotocasa-gCloud--12_3_2018,_2_46_43_PM",fotocasa,gCloud,1543902227000,4500.45,3,13.8857,4,,piece--15-4,Pozuelo de Alarcón,1,-3.78622,40.4451,-3.78109,40.4398,-3.78366,40.4425
Pozuelo de Alarcón--piece--15-5--gCloud,"scraping-fotocasa-gCloud--12_3_2018,_2_46_43_PM",fotocasa,gCloud,1543902238000,0,0,0,0,,piece--15-5,Pozuelo de Alarcón,1,-3.78622,40.4398,-3.78109,40.4345,-3.78366,40.4372
Pozuelo de Alarcón--piece--15-6--gCloud,"scraping-fotocasa-gCloud--12_3_2018,_2_46_43_PM",fotocasa,gCloud,1543902246000,0,0,0,0,,piece--15-6,Pozuelo de Alarcón,1,-3.78622,40.4345,-3.78109,40.4292,-3.78366,40.4318
Pozuelo de Alarcón--piece--15-7--gCloud,"scraping-fotocasa-gCloud--12_3_2018,_2_46_43_PM",fotocasa,gCloud,1543902252000,379.264,7,15.4199,10,,piece--15-7,Pozuelo de Alarcón,1,-3.78622,40.4292,-3.78109,40.4239,-3.78366,40.4265
Pozuelo de Alarcón--piece--15-8--gCloud,"scraping-fotocasa-gCloud--12_3_2018,_2_46_43_PM",fotocasa,gCloud,1543902257000,414.562,9,0,0,,piece--15-8,Pozuelo de Alarcón,1,-3.78622,40.4239,-3.78109,40.4186,-3.78366,40.4212
Pozuelo de Alarcón--piece--15-9--gCloud,"scraping-fotocasa-gCloud--12_3_2018,_2_46_43_PM",fotocasa,gCloud,1543902266000,423.47,24,7.71104,2,,piece--15-9,Pozuelo de Alarcón,1,-3.78622,40.4186,-3.78109,40.4133,-3.78366,40.4159
Pozuelo de Alarcón--piece--16-0--gCloud,"scraping-fotocasa-gCloud--12_3_2018,_2_46_43_PM",fotocasa,gCloud,1543902275000,980.622,4,15.0489,5,,piece--16-0,Pozuelo de Alarcón,1,-3.78109,40.4664,-3.77597,40.461,-3.77853,40.4637
Pozuelo de Alarcón--piece--16-1--gCloud,"scraping-fotocasa-gCloud--12_3_2018,_2_46_43_PM",fotocasa,gCloud,1543902284000,2547.38,25,6.5625,1,,piece--16-1,Pozuelo de Alarcón,1,-3.78109,40.461,-3.77597,40.4557,-3.77853,40.4584
Pozuelo de Alarcón--piece--16-10--gCloud,"scraping-fotocasa-gCloud--12_3_2018,_2_46_43_PM",fotocasa,gCloud,1543902290000,0,0,0,0,,piece--16-10,Pozuelo de Alarcón,1,-3.78109,40.4133,-3.77597,40.408,-3.77853,40.4106
Pozuelo de Alarcón--piece--16-11--gCloud,"scraping-fotocasa-gCloud--12_3_2018,_2_46_43_PM",fotocasa,gCloud,1543902295000,1725.82,9,4.6875,1,,piece--16-11,Pozuelo de Alarcón,1,-3.78109,40.408,-3.77597,40.4026,-3.77853,40.4053
Pozuelo de Alarcón--piece--16-12--gCloud,"scraping-fotocasa-gCloud--12_3_2018,_2_46_43_PM",fotocasa,gCloud,1543902303000,2057.25,7,9.47159,1,,piece--16-12,Pozuelo de Alarcón,1,-3.78109,40.4026,-3.77597,40.3973,-3.77853,40.4
Pozuelo de Alarcón--piece--16-13--gCloud,"scraping-fotocasa-gCloud--12_3_2018,_2_46_43_PM",fotocasa,gCloud,1543902311000,0,0,0,0,,piece--16-13,Pozuelo de Alarcón,1,-3.78109,40.3973,-3.77597,40.392,-3.77853,40.3947
Pozuelo de Alarcón--piece--16-2--gCloud,"scraping-fotocasa-gCloud--12_3_2018,_2_46_43_PM",fotocasa,gCloud,1543902321000,2004.92,6,14.6154,1,,piece--16-2,Pozuelo de Alarcón,1,-3.78109,40.4557,-3.77597,40.4504,-3.77853,40.4531
Pozuelo de Alarcón--piece--16-3--gCloud,"scraping-fotocasa-gCloud--12_3_2018,_2_46_43_PM",fotocasa,gCloud,1543902330000,4332.68,7,11.6539,4,,piece--16-3,Pozuelo de Alarcón,1,-3.78109,40.4504,-3.77597,40.4451,-3.77853,40.4478
Pozuelo de Alarcón--piece--16-4--gCloud,"scraping-fotocasa-gCloud--12_3_2018,_2_46_43_PM",fotocasa,gCloud,1543902336000,4517.35,2,0,0,,piece--16-4,Pozuelo de Alarcón,1,-3.78109,40.4451,-3.77597,40.4398,-3.77853,40.4425
Pozuelo de Alarcón--piece--16-5--gCloud,"scraping-fotocasa-gCloud--12_3_2018,_2_46_43_PM",fotocasa,gCloud,1543902344000,0,0,0,0,,piece--16-5,Pozuelo de Alarcón,1,-3.78109,40.4398,-3.77597,40.4345,-3.77853,40.4372
Pozuelo de Alarcón--piece--16-6--gCloud,"scraping-fotocasa-gCloud--12_3_2018,_2_46_43_PM",fotocasa,gCloud,1543902350000,0,0,0,0,,piece--16-6,Pozuelo de Alarcón,1,-3.78109,40.4345,-3.77597,40.4292,-3.77853,40.4318
Pozuelo de Alarcón--piece--16-7--gCloud,"scraping-fotocasa-gCloud--12_3_2018,_2_46_43_PM",fotocasa,gCloud,1543902356000,2.6638,4,6.24395,4,,piece--16-7,Pozuelo de Alarcón,1,-3.78109,40.4292,-3.77597,40.4239,-3.77853,40.4265
Pozuelo de Alarcón--piece--16-8--gCloud,"scraping-fotocasa-gCloud--12_3_2018,_2_46_43_PM",fotocasa,gCloud,1543902364000,4.79616,1,0,0,,piece--16-8,Pozuelo de Alarcón,1,-3.78109,40.4239,-3.77597,40.4186,-3.77853,40.4212
Pozuelo de Alarcón--piece--16-9--gCloud,"scraping-fotocasa-gCloud--12_3_2018,_2_46_43_PM",fotocasa,gCloud,1543902375000,0,0,0,0,,piece--16-9,Pozuelo de Alarcón,1,-3.78109,40.4186,-3.77597,40.4133,-3.77853,40.4159
Pozuelo de Alarcón--piece--17-0--gCloud,"scraping-fotocasa-gCloud--12_3_2018,_2_46_43_PM",fotocasa,gCloud,1543902386000,3.37046,9,9.3058,2,,piece--17-0,Pozuelo de Alarcón,1,-3.77597,40.4664,-3.77084,40.461,-3.7734,40.4637
Pozuelo de Alarcón--piece--17-1--gCloud,"scraping-fotocasa-gCloud--12_3_2018,_2_46_43_PM",fotocasa,gCloud,1543902393000,3.25777,19,9.67114,8,,piece--17-1,Pozuelo de Alarcón,1,-3.77597,40.461,-3.77084,40.4557,-3.7734,40.4584
Pozuelo de Alarcón--piece--17-10--gCloud,"scraping-fotocasa-gCloud--12_3_2018,_2_46_43_PM",fotocasa,gCloud,1543902401000,0,0,0,0,,piece--17-10,Pozuelo de Alarcón,1,-3.77597,40.4133,-3.77084,40.408,-3.7734,40.4106
Pozuelo de Alarcón--piece--17-11--gCloud,"scraping-fotocasa-gCloud--12_3_2018,_2_46_43_PM",fotocasa,gCloud,1543902410000,2317.55,1,0,0,,piece--17-11,Pozuelo de Alarcón,1,-3.77597,40.408,-3.77084,40.4026,-3.7734,40.4053
Pozuelo de Alarcón--piece--17-12--gCloud,"scraping-fotocasa-gCloud--12_3_2018,_2_46_43_PM",fotocasa,gCloud,1543902419000,1995.4,13,11.217,2,,piece--17-12,Pozuelo de Alarcón,1,-3.77597,40.4026,-3.77084,40.3973,-3.7734,40.4
Pozuelo de Alarcón--piece--17-13--gCloud,"scraping-fotocasa-gCloud--12_3_2018,_2_46_43_PM",fotocasa,gCloud,1543902425000,2762.36,20,12.8446,9,,piece--17-13,Pozuelo de Alarcón,1,-3.77597,40.3973,-3.77084,40.392,-3.7734,40.3947
Pozuelo de Alarcón--piece--17-2--gCloud,"scraping-fotocasa-gCloud--12_3_2018,_2_46_43_PM",fotocasa,gCloud,1543902431000,360.754,10,10.1041,3,,piece--17-2,Pozuelo de Alarcón,1,-3.77597,40.4557,-3.77084,40.4504,-3.7734,40.4531
Pozuelo de Alarcón--piece--17-3--gCloud,"scraping-fotocasa-gCloud--12_3_2018,_2_46_43_PM",fotocasa,gCloud,1543902440000,2511.51,4,9.34783,2,,piece--17-3,Pozuelo de Alarcón,1,-3.77597,40.4504,-3.77084,40.4451,-3.7734,40.4478
Pozuelo de Alarcón--piece--17-4--gCloud,"scraping-fotocasa-gCloud--12_3_2018,_2_46_43_PM",fotocasa,gCloud,1543902448000,0,0,0,0,,piece--17-4,Pozuelo de Alarcón,1,-3.77597,40.4451,-3.77084,40.4398,-3.7734,40.4425
Pozuelo de Alarcón--piece--17-5--gCloud,"scraping-fotocasa-gCloud--12_3_2018,_2_46_43_PM",fotocasa,gCloud,1543902456000,0,0,0,0,,piece--17-5,Pozuelo de Alarcón,1,-3.77597,40.4398,-3.77084,40.4345,-3.7734,40.4372
Pozuelo de Alarcón--piece--17-6--gCloud,"scraping-fotocasa-gCloud--12_3_2018,_2_46_43_PM",fotocasa,gCloud,1543902467000,0,0,0,0,,piece--17-6,Pozuelo de Alarcón,1,-3.77597,40.4345,-3.77084,40.4292,-3.7734,40.4318
Pozuelo de Alarcón--piece--17-7--gCloud,"scraping-fotocasa-gCloud--12_3_2018,_2_46_43_PM",fotocasa,gCloud,1543902476000,1.88335,2,11.0081,1,,piece--17-7,Pozuelo de Alarcón,1,-3.77597,40.4292,-3.77084,40.4239,-3.7734,40.4265
Pozuelo de Alarcón--piece--17-8--gCloud,"scraping-fotocasa-gCloud--12_3_2018,_2_46_43_PM",fotocasa,gCloud,1543902481000,2.3125,1,0,0,,piece--17-8,Pozuelo de Alarcón,1,-3.77597,40.4239,-3.77084,40.4186,-3.7734,40.4212
Pozuelo de Alarcón--piece--17-9--gCloud,"scraping-fotocasa-gCloud--12_3_2018,_2_46_43_PM",fotocasa,gCloud,1543902490000,0,0,0,0,,piece--17-9,Pozuelo de Alarcón,1,-3.77597,40.4186,-3.77084,40.4133,-3.7734,40.4159
Pozuelo de Alarcón--piece--2-0--gCloud,"scraping-fotocasa-gCloud--12_3_2018,_2_46_43_PM",fotocasa,gCloud,1543902498000,0,0,0,0,,piece--2-0,Pozuelo de Alarcón,1,-3.85288,40.4664,-3.84775,40.461,-3.85031,40.4637
Pozuelo de Alarcón--piece--2-1--gCloud,"scraping-fotocasa-gCloud--12_3_2018,_2_46_43_PM",fotocasa,gCloud,1543902507000,3.57143,1,0,0,,piece--2-1,Pozuelo de Alarcón,1,-3.85288,40.461,-3.84775,40.4557,-3.85031,40.4584
Pozuelo de Alarcón--piece--2-10--gCloud,"scraping-fotocasa-gCloud--12_3_2018,_2_46_43_PM",fotocasa,gCloud,1543902512000,284.184,7,7.17949,1,,piece--2-10,Pozuelo de Alarcón,1,-3.85288,40.4133,-3.84775,40.408,-3.85031,40.4106
Pozuelo de Alarcón--piece--2-11--gCloud,"scraping-fotocasa-gCloud--12_3_2018,_2_46_43_PM",fotocasa,gCloud,1543902518000,1958.63,4,0,0,,piece--2-11,Pozuelo de Alarcón,1,-3.85288,40.408,-3.84775,40.4026,-3.85031,40.4053
Pozuelo de Alarcón--piece--2-12--gCloud,"scraping-fotocasa-gCloud--12_3_2018,_2_46_43_PM",fotocasa,gCloud,1543902526000,3.27448,2,0,0,,piece--2-12,Pozuelo de Alarcón,1,-3.85288,40.4026,-3.84775,40.3973,-3.85031,40.4
Pozuelo de Alarcón--piece--2-13--gCloud,"scraping-fotocasa-gCloud--12_3_2018,_2_46_43_PM",fotocasa,gCloud,1543902531000,4.17216,1,0,0,,piece--2-13,Pozuelo de Alarcón,1,-3.85288,40.3973,-3.84775,40.392,-3.85031,40.3947
Pozuelo de Alarcón--piece--2-2--gCloud,"scraping-fotocasa-gCloud--12_3_2018,_2_46_43_PM",fotocasa,gCloud,1543902540000,0,0,0,0,,piece--2-2,Pozuelo de Alarcón,1,-3.85288,40.4557,-3.84775,40.4504,-3.85031,40.4531
Pozuelo de Alarcón--piece--2-3--gCloud,"scraping-fotocasa-gCloud--12_3_2018,_2_46_43_PM",fotocasa,gCloud,1543902545000,1840.49,1,0,0,,piece--2-3,Pozuelo de Alarcón,1,-3.85288,40.4504,-3.84775,40.4451,-3.85031,40.4478
Pozuelo de Alarcón--piece--2-4--gCloud,"scraping-fotocasa-gCloud--12_3_2018,_2_46_43_PM",fotocasa,gCloud,1543902550000,0,0,0,0,,piece--2-4,Pozuelo de Alarcón,1,-3.85288,40.4451,-3.84775,40.4398,-3.85031,40.4425
Pozuelo de Alarcón--piece--2-5--gCloud,"scraping-fotocasa-gCloud--12_3_2018,_2_46_43_PM",fotocasa,gCloud,1543902558000,518.712,9,0,0,,piece--2-5,Pozuelo de Alarcón,1,-3.85288,40.4398,-3.84775,40.4345,-3.85031,40.4372
Pozuelo de Alarcón--piece--2-6--gCloud,"scraping-fotocasa-gCloud--12_3_2018,_2_46_43_PM",fotocasa,gCloud,1543902567000,2.90537,13,0,0,,piece--2-6,Pozuelo de Alarcón,1,-3.85288,40.4345,-3.84775,40.4292,-3.85031,40.4318
Pozuelo de Alarcón--piece--2-7--gCloud,"scraping-fotocasa-gCloud--12_3_2018,_2_46_43_PM",fotocasa,gCloud,1543902576000,2.49129,4,0,0,,piece--2-7,Pozuelo de Alarcón,1,-3.85288,40.4292,-3.84775,40.4239,-3.85031,40.4265
Pozuelo de Alarcón--piece--2-8--gCloud,"scraping-fotocasa-gCloud--12_3_2018,_2_46_43_PM",fotocasa,gCloud,1543902581000,0,0,0,0,,piece--2-8,Pozuelo de Alarcón,1,-3.85288,40.4239,-3.84775,40.4186,-3.85031,40.4212
Pozuelo de Alarcón--piece--2-9--gCloud,"scraping-fotocasa-gCloud--12_3_2018,_2_46_43_PM",fotocasa,gCloud,1543902589000,1.4817,1,0,0,,piece--2-9,Pozuelo de Alarcón,1,-3.85288,40.4186,-3.84775,40.4133,-3.85031,40.4159
Pozuelo de Alarcón--piece--3-0--gCloud,"scraping-fotocasa-gCloud--12_3_2018,_2_46_43_PM",fotocasa,gCloud,1543902598000,0,0,0,0,,piece--3-0,Pozuelo de Alarcón,1,-3.84775,40.4664,-3.84262,40.461,-3.84518,40.4637
Pozuelo de Alarcón--piece--3-1--gCloud,"scraping-fotocasa-gCloud--12_3_2018,_2_46_43_PM",fotocasa,gCloud,1543902603000,0,0,0,0,,piece--3-1,Pozuelo de Alarcón,1,-3.84775,40.461,-3.84262,40.4557,-3.84518,40.4584
Pozuelo de Alarcón--piece--3-10--gCloud,"scraping-fotocasa-gCloud--12_3_2018,_2_46_43_PM",fotocasa,gCloud,1543902612000,1653.15,4,0,0,,piece--3-10,Pozuelo de Alarcón,1,-3.84775,40.4133,-3.84262,40.408,-3.84518,40.4106
Pozuelo de Alarcón--piece--3-11--gCloud,"scraping-fotocasa-gCloud--12_3_2018,_2_46_43_PM",fotocasa,gCloud,1543902618000,1299.88,12,8.38194,2,,piece--3-11,Pozuelo de Alarcón,1,-3.84775,40.408,-3.84262,40.4026,-3.84518,40.4053
Pozuelo de Alarcón--piece--3-12--gCloud,"scraping-fotocasa-gCloud--12_3_2018,_2_46_43_PM",fotocasa,gCloud,1543902626000,1655.31,8,7.85714,1,,piece--3-12,Pozuelo de Alarcón,1,-3.84775,40.4026,-3.84262,40.3973,-3.84518,40.4
Pozuelo de Alarcón--piece--3-13--gCloud,"scraping-fotocasa-gCloud--12_3_2018,_2_46_43_PM",fotocasa,gCloud,1543902632000,2.47949,2,6.66667,1,,piece--3-13,Pozuelo de Alarcón,1,-3.84775,40.3973,-3.84262,40.392,-3.84518,40.3947
Pozuelo de Alarcón--piece--3-2--gCloud,"scraping-fotocasa-gCloud--12_3_2018,_2_46_43_PM",fotocasa,gCloud,1543902642000,0,0,0,0,,piece--3-2,Pozuelo de Alarcón,1,-3.84775,40.4557,-3.84262,40.4504,-3.84518,40.4531
Pozuelo de Alarcón--piece--3-3--gCloud,"scraping-fotocasa-gCloud--12_3_2018,_2_46_43_PM",fotocasa,gCloud,1543902648000,581.96,7,11.5016,1,,piece--3-3,Pozuelo de Alarcón,1,-3.84775,40.4504,-3.84262,40.4451,-3.84518,40.4478
Pozuelo de Alarcón--piece--3-4--gCloud,"scraping-fotocasa-gCloud--12_3_2018,_2_46_43_PM",fotocasa,gCloud,1543902654000,454.385,6,7.77778,1,,piece--3-4,Pozuelo de Alarcón,1,-3.84775,40.4451,-3.84262,40.4398,-3.84518,40.4425
Pozuelo de Alarcón--piece--3-5--gCloud,"scraping-fotocasa-gCloud--12_3_2018,_2_46_43_PM",fotocasa,gCloud,1543902659000,0,0,0,0,,piece--3-5,Pozuelo de Alarcón,1,-3.84775,40.4398,-3.84262,40.4345,-3.84518,40.4372
Pozuelo de Alarcón--piece--3-6--gCloud,"scraping-fotocasa-gCloud--12_3_2018,_2_46_43_PM",fotocasa,gCloud,1543902672000,457.044,15,7.59487,2,,piece--3-6,Pozuelo de Alarcón,1,-3.84775,40.4345,-3.84262,40.4292,-3.84518,40.4318
Pozuelo de Alarcón--piece--3-7--gCloud,"scraping-fotocasa-gCloud--12_3_2018,_2_46_43_PM",fotocasa,gCloud,1543902684000,2.8958,9,9.60947,3,,piece--3-7,Pozuelo de Alarcón,1,-3.84775,40.4292,-3.84262,40.4239,-3.84518,40.4265
Pozuelo de Alarcón--piece--3-8--gCloud,"scraping-fotocasa-gCloud--12_3_2018,_2_46_43_PM",fotocasa,gCloud,1543902693000,2.62618,11,5.88235,1,,piece--3-8,Pozuelo de Alarcón,1,-3.84775,40.4239,-3.84262,40.4186,-3.84518,40.4212
Pozuelo de Alarcón--piece--3-9--gCloud,"scraping-fotocasa-gCloud--12_3_2018,_2_46_43_PM",fotocasa,gCloud,1543902702000,2.1932,3,5.45455,1,,piece--3-9,Pozuelo de Alarcón,1,-3.84775,40.4186,-3.84262,40.4133,-3.84518,40.4159
Pozuelo de Alarcón--piece--4-0--gCloud,"scraping-fotocasa-gCloud--12_3_2018,_2_46_43_PM",fotocasa,gCloud,1543902710000,4101.12,1,0,0,,piece--4-0,Pozuelo de Alarcón,1,-3.84262,40.4664,-3.83749,40.461,-3.84006,40.4637
Pozuelo de Alarcón--piece--4-1--gCloud,"scraping-fotocasa-gCloud--12_3_2018,_2_46_43_PM",fotocasa,gCloud,1543902715000,0,0,0,0,,piece--4-1,Pozuelo de Alarcón,1,-3.84262,40.461,-3.83749,40.4557,-3.84006,40.4584
Pozuelo de Alarcón--piece--4-10--gCloud,"scraping-fotocasa-gCloud--12_3_2018,_2_46_43_PM",fotocasa,gCloud,1543902721000,1013.75,2,7.77778,1,,piece--4-10,Pozuelo de Alarcón,1,-3.84262,40.4133,-3.83749,40.408,-3.84006,40.4106
Pozuelo de Alarcón--piece--4-11--gCloud,"scraping-fotocasa-gCloud--12_3_2018,_2_46_43_PM",fotocasa,gCloud,1543902733000,1933.43,2,6.66667,1,,piece--4-11,Pozuelo de Alarcón,1,-3.84262,40.408,-3.83749,40.4026,-3.84006,40.4053
Pozuelo de Alarcón--piece--4-12--gCloud,"scraping-fotocasa-gCloud--12_3_2018,_2_46_43_PM",fotocasa,gCloud,1543902745000,1500.81,4,0,0,,piece--4-12,Pozuelo de Alarcón,1,-3.84262,40.4026,-3.83749,40.3973,-3.84006,40.4
Pozuelo de Alarcón--piece--4-13--gCloud,"scraping-fotocasa-gCloud--12_3_2018,_2_46_43_PM",fotocasa,gCloud,1543902756000,0,0,0,0,,piece--4-13,Pozuelo de Alarcón,1,-3.84262,40.3973,-3.83749,40.392,-3.84006,40.3947
Pozuelo de Alarcón--piece--4-2--gCloud,"scraping-fotocasa-gCloud--12_3_2018,_2_46_43_PM",fotocasa,gCloud,1543902765000,0,0,0,0,,piece--4-2,Pozuelo de Alarcón,1,-3.84262,40.4557,-3.83749,40.4504,-3.84006,40.4531
Pozuelo de Alarcón--piece--4-3--gCloud,"scraping-fotocasa-gCloud--12_3_2018,_2_46_43_PM",fotocasa,gCloud,1543902770000,1918.37,1,0,0,,piece--4-3,Pozuelo de Alarcón,1,-3.84262,40.4504,-3.83749,40.4451,-3.84006,40.4478
Pozuelo de Alarcón--piece--4-4--gCloud,"scraping-fotocasa-gCloud--12_3_2018,_2_46_43_PM",fotocasa,gCloud,1543902778000,3.3104,2,0,0,,piece--4-4,Pozuelo de Alarcón,1,-3.84262,40.4451,-3.83749,40.4398,-3.84006,40.4425
Pozuelo de Alarcón--piece--4-5--gCloud,"scraping-fotocasa-gCloud--12_3_2018,_2_46_43_PM",fotocasa,gCloud,1543902790000,0,0,0,0,,piece--4-5,Pozuelo de Alarcón,1,-3.84262,40.4398,-3.83749,40.4345,-3.84006,40.4372
Pozuelo de Alarcón--piece--4-6--gCloud,"scraping-fotocasa-gCloud--12_3_2018,_2_46_43_PM",fotocasa,gCloud,1543902798000,0,0,0,0,,piece--4-6,Pozuelo de Alarcón,1,-3.84262,40.4345,-3.83749,40.4292,-3.84006,40.4318
Pozuelo de Alarcón--piece--4-7--gCloud,"scraping-fotocasa-gCloud--12_3_2018,_2_46_43_PM",fotocasa,gCloud,1543902807000,2.27485,8,0,0,,piece--4-7,Pozuelo de Alarcón,1,-3.84262,40.4292,-3.83749,40.4239,-3.84006,40.4265
Pozuelo de Alarcón--piece--4-8--gCloud,"scraping-fotocasa-gCloud--12_3_2018,_2_46_43_PM",fotocasa,gCloud,1543902816000,590.613,13,0,0,,piece--4-8,Pozuelo de Alarcón,1,-3.84262,40.4239,-3.83749,40.4186,-3.84006,40.4212
Pozuelo de Alarcón--piece--4-9--gCloud,"scraping-fotocasa-gCloud--12_3_2018,_2_46_43_PM",fotocasa,gCloud,1543902821000,718.327,6,13.9189,2,,piece--4-9,Pozuelo de Alarcón,1,-3.84262,40.4186,-3.83749,40.4133,-3.84006,40.4159
Pozuelo de Alarcón--piece--5-0--gCloud,"scraping-fotocasa-gCloud--12_3_2018,_2_46_43_PM",fotocasa,gCloud,1543902827000,0,0,0,0,,piece--5-0,Pozuelo de Alarcón,1,-3.83749,40.4664,-3.83237,40.461,-3.83493,40.4637
Pozuelo de Alarcón--piece--5-1--gCloud,"scraping-fotocasa-gCloud--12_3_2018,_2_46_43_PM",fotocasa,gCloud,1543902832000,0,0,0,0,,piece--5-1,Pozuelo de Alarcón,1,-3.83749,40.461,-3.83237,40.4557,-3.83493,40.4584
Pozuelo de Alarcón--piece--5-10--gCloud,"scraping-fotocasa-gCloud--12_3_2018,_2_46_43_PM",fotocasa,gCloud,1543902844000,1335.47,3,0,0,,piece--5-10,Pozuelo de Alarcón,1,-3.83749,40.4133,-3.83237,40.408,-3.83493,40.4106
Pozuelo de Alarcón--piece--5-11--gCloud,"scraping-fotocasa-gCloud--12_3_2018,_2_46_43_PM",fotocasa,gCloud,1543902849000,0,0,0,0,,piece--5-11,Pozuelo de Alarcón,1,-3.83749,40.408,-3.83237,40.4026,-3.83493,40.4053
Pozuelo de Alarcón--piece--5-12--gCloud,"scraping-fotocasa-gCloud--12_3_2018,_2_46_43_PM",fotocasa,gCloud,1543902858000,0,0,0,0,,piece--5-12,Pozuelo de Alarcón,1,-3.83749,40.4026,-3.83237,40.3973,-3.83493,40.4
Pozuelo de Alarcón--piece--5-13--gCloud,"scraping-fotocasa-gCloud--12_3_2018,_2_46_43_PM",fotocasa,gCloud,1543902863000,1858.95,4,8.37893,4,,piece--5-13,Pozuelo de Alarcón,1,-3.83749,40.3973,-3.83237,40.392,-3.83493,40.3947
Pozuelo de Alarcón--piece--5-2--gCloud,"scraping-fotocasa-gCloud--12_3_2018,_2_46_43_PM",fotocasa,gCloud,1543902870000,0,0,0,0,,piece--5-2,Pozuelo de Alarcón,1,-3.83749,40.4557,-3.83237,40.4504,-3.83493,40.4531
Pozuelo de Alarcón--piece--5-3--gCloud,"scraping-fotocasa-gCloud--12_3_2018,_2_46_43_PM",fotocasa,gCloud,1543902876000,5.89022,4,10.9628,2,,piece--5-3,Pozuelo de Alarcón,1,-3.83749,40.4504,-3.83237,40.4451,-3.83493,40.4478
Pozuelo de Alarcón--piece--5-4--gCloud,"scraping-fotocasa-gCloud--12_3_2018,_2_46_43_PM",fotocasa,gCloud,1543902884000,4.76553,2,0,0,,piece--5-4,Pozuelo de Alarcón,1,-3.83749,40.4451,-3.83237,40.4398,-3.83493,40.4425
Pozuelo de Alarcón--piece--5-5--gCloud,"scraping-fotocasa-gCloud--12_3_2018,_2_46_43_PM",fotocasa,gCloud,1543902895000,4.25773,2,0,0,,piece--5-5,Pozuelo de Alarcón,1,-3.83749,40.4398,-3.83237,40.4345,-3.83493,40.4372
Pozuelo de Alarcón--piece--5-6--gCloud,"scraping-fotocasa-gCloud--12_3_2018,_2_46_43_PM",fotocasa,gCloud,1543902904000,0,0,0,0,,piece--5-6,Pozuelo de Alarcón,1,-3.83749,40.4345,-3.83237,40.4292,-3.83493,40.4318
Pozuelo de Alarcón--piece--5-7--gCloud,"scraping-fotocasa-gCloud--12_3_2018,_2_46_43_PM",fotocasa,gCloud,1543902912000,2253.33,1,0,0,,piece--5-7,Pozuelo de Alarcón,1,-3.83749,40.4292,-3.83237,40.4239,-3.83493,40.4265
Pozuelo de Alarcón--piece--5-8--gCloud,"scraping-fotocasa-gCloud--12_3_2018,_2_46_43_PM",fotocasa,gCloud,1543902917000,2825.71,3,0,0,,piece--5-8,Pozuelo de Alarcón,1,-3.83749,40.4239,-3.83237,40.4186,-3.83493,40.4212
Pozuelo de Alarcón--piece--5-9--gCloud,"scraping-fotocasa-gCloud--12_3_2018,_2_46_43_PM",fotocasa,gCloud,1543902926000,1738.39,12,0,0,,piece--5-9,Pozuelo de Alarcón,1,-3.83749,40.4186,-3.83237,40.4133,-3.83493,40.4159
Pozuelo de Alarcón--piece--6-0--gCloud,"scraping-fotocasa-gCloud--12_3_2018,_2_46_43_PM",fotocasa,gCloud,1543902937000,0,0,0,0,,piece--6-0,Pozuelo de Alarcón,1,-3.83237,40.4664,-3.82724,40.461,-3.8298,40.4637
Pozuelo de Alarcón--piece--6-1--gCloud,"scraping-fotocasa-gCloud--12_3_2018,_2_46_43_PM",fotocasa,gCloud,1543902948000,0,0,0,0,,piece--6-1,Pozuelo de Alarcón,1,-3.83237,40.461,-3.82724,40.4557,-3.8298,40.4584
Pozuelo de Alarcón--piece--6-10--gCloud,"scraping-fotocasa-gCloud--12_3_2018,_2_46_43_PM",fotocasa,gCloud,1543902954000,2705.45,2,0,0,,piece--6-10,Pozuelo de Alarcón,1,-3.83237,40.4133,-3.82724,40.408,-3.8298,40.4106
Pozuelo de Alarcón--piece--6-11--gCloud,"scraping-fotocasa-gCloud--12_3_2018,_2_46_43_PM",fotocasa,gCloud,1543902965000,0,0,0,0,,piece--6-11,Pozuelo de Alarcón,1,-3.83237,40.408,-3.82724,40.4026,-3.8298,40.4053
Pozuelo de Alarcón--piece--6-12--gCloud,"scraping-fotocasa-gCloud--12_3_2018,_2_46_43_PM",fotocasa,gCloud,1543902971000,0,0,0,0,,piece--6-12,Pozuelo de Alarcón,1,-3.83237,40.4026,-3.82724,40.3973,-3.8298,40.4
Pozuelo de Alarcón--piece--6-13--gCloud,"scraping-fotocasa-gCloud--12_3_2018,_2_46_43_PM",fotocasa,gCloud,1543902979000,0,0,0,0,,piece--6-13,Pozuelo de Alarcón,1,-3.83237,40.3973,-3.82724,40.392,-3.8298,40.3947
Pozuelo de Alarcón--piece--6-2--gCloud,"scraping-fotocasa-gCloud--12_3_2018,_2_46_43_PM",fotocasa,gCloud,1543902987000,0,0,0,0,,piece--6-2,Pozuelo de Alarcón,1,-3.83237,40.4557,-3.82724,40.4504,-3.8298,40.4531
Pozuelo de Alarcón--piece--6-3--gCloud,"scraping-fotocasa-gCloud--12_3_2018,_2_46_43_PM",fotocasa,gCloud,1543902993000,3.65,1,0,0,,piece--6-3,Pozuelo de Alarcón,1,-3.83237,40.4504,-3.82724,40.4451,-3.8298,40.4478
Pozuelo de Alarcón--piece--6-4--gCloud,"scraping-fotocasa-gCloud--12_3_2018,_2_46_43_PM",fotocasa,gCloud,1543902998000,2.01521,1,0,0,,piece--6-4,Pozuelo de Alarcón,1,-3.83237,40.4451,-3.82724,40.4398,-3.8298,40.4425
Pozuelo de Alarcón--piece--6-5--gCloud,"scraping-fotocasa-gCloud--12_3_2018,_2_46_43_PM",fotocasa,gCloud,1543903007000,0,0,0,0,,piece--6-5,Pozuelo de Alarcón,1,-3.83237,40.4398,-3.82724,40.4345,-3.8298,40.4372
Pozuelo de Alarcón--piece--6-6--gCloud,"scraping-fotocasa-gCloud--12_3_2018,_2_46_43_PM",fotocasa,gCloud,1543903013000,0,0,0,0,,piece--6-6,Pozuelo de Alarcón,1,-3.83237,40.4345,-3.82724,40.4292,-3.8298,40.4318
Pozuelo de Alarcón--piece--6-7--gCloud,"scraping-fotocasa-gCloud--12_3_2018,_2_46_43_PM",fotocasa,gCloud,1543903024000,8.57143,1,0,0,,piece--6-7,Pozuelo de Alarcón,1,-3.83237,40.4292,-3.82724,40.4239,-3.8298,40.4265
Pozuelo de Alarcón--piece--6-8--gCloud,"scraping-fotocasa-gCloud--12_3_2018,_2_46_43_PM",fotocasa,gCloud,1543903033000,0,0,0,0,,piece--6-8,Pozuelo de Alarcón,1,-3.83237,40.4239,-3.82724,40.4186,-3.8298,40.4212
Pozuelo de Alarcón--piece--6-9--gCloud,"scraping-fotocasa-gCloud--12_3_2018,_2_46_43_PM",fotocasa,gCloud,1543903041000,2562.5,1,0,0,,piece--6-9,Pozuelo de Alarcón,1,-3.83237,40.4186,-3.82724,40.4133,-3.8298,40.4159
Pozuelo de Alarcón--piece--7-0--gCloud,"scraping-fotocasa-gCloud--12_3_2018,_2_46_43_PM",fotocasa,gCloud,1543903052000,0,0,0,0,,piece--7-0,Pozuelo de Alarcón,1,-3.82724,40.4664,-3.82211,40.461,-3.82468,40.4637
Pozuelo de Alarcón--piece--7-1--gCloud,"scraping-fotocasa-gCloud--12_3_2018,_2_46_43_PM",fotocasa,gCloud,1543903061000,0,0,0,0,,piece--7-1,Pozuelo de Alarcón,1,-3.82724,40.461,-3.82211,40.4557,-3.82468,40.4584
Pozuelo de Alarcón--piece--7-10--gCloud,"scraping-fotocasa-gCloud--12_3_2018,_2_46_43_PM",fotocasa,gCloud,1543903066000,1841.72,2,0,0,,piece--7-10,Pozuelo de Alarcón,1,-3.82724,40.4133,-3.82211,40.408,-3.82468,40.4106
Pozuelo de Alarcón--piece--7-11--gCloud,"scraping-fotocasa-gCloud--12_3_2018,_2_46_43_PM",fotocasa,gCloud,1543903072000,0,0,0,0,,piece--7-11,Pozuelo de Alarcón,1,-3.82724,40.408,-3.82211,40.4026,-3.82468,40.4053
Pozuelo de Alarcón--piece--7-12--gCloud,"scraping-fotocasa-gCloud--12_3_2018,_2_46_43_PM",fotocasa,gCloud,1543903077000,0,0,0,0,,piece--7-12,Pozuelo de Alarcón,1,-3.82724,40.4026,-3.82211,40.3973,-3.82468,40.4
Pozuelo de Alarcón--piece--7-13--gCloud,"scraping-fotocasa-gCloud--12_3_2018,_2_46_43_PM",fotocasa,gCloud,1543903082000,0,0,0,0,,piece--7-13,Pozuelo de Alarcón,1,-3.82724,40.3973,-3.82211,40.392,-3.82468,40.3947
Pozuelo de Alarcón--piece--7-2--gCloud,"scraping-fotocasa-gCloud--12_3_2018,_2_46_43_PM",fotocasa,gCloud,1543903088000,0,0,0,0,,piece--7-2,Pozuelo de Alarcón,1,-3.82724,40.4557,-3.82211,40.4504,-3.82468,40.4531
Pozuelo de Alarcón--piece--7-3--gCloud,"scraping-fotocasa-gCloud--12_3_2018,_2_46_43_PM",fotocasa,gCloud,1543903096000,0,0,0,0,,piece--7-3,Pozuelo de Alarcón,1,-3.82724,40.4504,-3.82211,40.4451,-3.82468,40.4478
Pozuelo de Alarcón--piece--7-4--gCloud,"scraping-fotocasa-gCloud--12_3_2018,_2_46_43_PM",fotocasa,gCloud,1543903106000,2177.78,1,0,0,,piece--7-4,Pozuelo de Alarcón,1,-3.82724,40.4451,-3.82211,40.4398,-3.82468,40.4425
Pozuelo de Alarcón--piece--7-5--gCloud,"scraping-fotocasa-gCloud--12_3_2018,_2_46_43_PM",fotocasa,gCloud,1543903115000,601.545,4,0,0,,piece--7-5,Pozuelo de Alarcón,1,-3.82724,40.4398,-3.82211,40.4345,-3.82468,40.4372
Pozuelo de Alarcón--piece--7-6--gCloud,"scraping-fotocasa-gCloud--12_3_2018,_2_46_43_PM",fotocasa,gCloud,1543903124000,0,0,0,0,,piece--7-6,Pozuelo de Alarcón,1,-3.82724,40.4345,-3.82211,40.4292,-3.82468,40.4318
Pozuelo de Alarcón--piece--7-7--gCloud,"scraping-fotocasa-gCloud--12_3_2018,_2_46_43_PM",fotocasa,gCloud,1543903135000,2.63158,1,0,0,,piece--7-7,Pozuelo de Alarcón,1,-3.82724,40.4292,-3.82211,40.4239,-3.82468,40.4265
Pozuelo de Alarcón--piece--7-8--gCloud,"scraping-fotocasa-gCloud--12_3_2018,_2_46_43_PM",fotocasa,gCloud,1543903140000,0,0,0,0,,piece--7-8,Pozuelo de Alarcón,1,-3.82724,40.4239,-3.82211,40.4186,-3.82468,40.4212
Pozuelo de Alarcón--piece--7-9--gCloud,"scraping-fotocasa-gCloud--12_3_2018,_2_46_43_PM",fotocasa,gCloud,1543903148000,0,0,0,0,,piece--7-9,Pozuelo de Alarcón,1,-3.82724,40.4186,-3.82211,40.4133,-3.82468,40.4159
Pozuelo de Alarcón--piece--8-0--gCloud,"scraping-fotocasa-gCloud--12_3_2018,_2_46_43_PM",fotocasa,gCloud,1543903156000,1827.68,1,0,0,,piece--8-0,Pozuelo de Alarcón,1,-3.82211,40.4664,-3.81698,40.461,-3.81955,40.4637
Pozuelo de Alarcón--piece--8-1--gCloud,"scraping-fotocasa-gCloud--12_3_2018,_2_46_43_PM",fotocasa,gCloud,1543903165000,0,0,0,0,,piece--8-1,Pozuelo de Alarcón,1,-3.82211,40.461,-3.81698,40.4557,-3.81955,40.4584
Pozuelo de Alarcón--piece--8-10--gCloud,"scraping-fotocasa-gCloud--12_3_2018,_2_46_43_PM",fotocasa,gCloud,1543903176000,0,0,0,0,,piece--8-10,Pozuelo de Alarcón,1,-3.82211,40.4133,-3.81698,40.408,-3.81955,40.4106
Pozuelo de Alarcón--piece--8-11--gCloud,"scraping-fotocasa-gCloud--12_3_2018,_2_46_43_PM",fotocasa,gCloud,1543903182000,0,0,0,0,,piece--8-11,Pozuelo de Alarcón,1,-3.82211,40.408,-3.81698,40.4026,-3.81955,40.4053
Pozuelo de Alarcón--piece--8-12--gCloud,"scraping-fotocasa-gCloud--12_3_2018,_2_46_43_PM",fotocasa,gCloud,1543903193000,0,0,0,0,,piece--8-12,Pozuelo de Alarcón,1,-3.82211,40.4026,-3.81698,40.3973,-3.81955,40.4
Pozuelo de Alarcón--piece--8-13--gCloud,"scraping-fotocasa-gCloud--12_3_2018,_2_46_43_PM",fotocasa,gCloud,1543903201000,0,0,0,0,,piece--8-13,Pozuelo de Alarcón,1,-3.82211,40.3973,-3.81698,40.392,-3.81955,40.3947
Pozuelo de Alarcón--piece--8-2--gCloud,"scraping-fotocasa-gCloud--12_3_2018,_2_46_43_PM",fotocasa,gCloud,1543903211000,2.43333,1,0,0,,piece--8-2,Pozuelo de Alarcón,1,-3.82211,40.4557,-3.81698,40.4504,-3.81955,40.4531
Pozuelo de Alarcón--piece--8-3--gCloud,"scraping-fotocasa-gCloud--12_3_2018,_2_46_43_PM",fotocasa,gCloud,1543903217000,2.3169,5,0,0,,piece--8-3,Pozuelo de Alarcón,1,-3.82211,40.4504,-3.81698,40.4451,-3.81955,40.4478
Pozuelo de Alarcón--piece--8-4--gCloud,"scraping-fotocasa-gCloud--12_3_2018,_2_46_43_PM",fotocasa,gCloud,1543903223000,734.054,13,7.02466,5,,piece--8-4,Pozuelo de Alarcón,1,-3.82211,40.4451,-3.81698,40.4398,-3.81955,40.4425
Pozuelo de Alarcón--piece--8-5--gCloud,"scraping-fotocasa-gCloud--12_3_2018,_2_46_43_PM",fotocasa,gCloud,1543903233000,1345.79,14,13.8462,1,,piece--8-5,Pozuelo de Alarcón,1,-3.82211,40.4398,-3.81698,40.4345,-3.81955,40.4372
Pozuelo de Alarcón--piece--8-6--gCloud,"scraping-fotocasa-gCloud--12_3_2018,_2_46_43_PM",fotocasa,gCloud,1543903238000,1453.22,7,10.4199,2,,piece--8-6,Pozuelo de Alarcón,1,-3.82211,40.4345,-3.81698,40.4292,-3.81955,40.4318
Pozuelo de Alarcón--piece--8-7--gCloud,"scraping-fotocasa-gCloud--12_3_2018,_2_46_43_PM",fotocasa,gCloud,1543903244000,3697.84,3,10.8902,2,,piece--8-7,Pozuelo de Alarcón,1,-3.82211,40.4292,-3.81698,40.4239,-3.81955,40.4265
Pozuelo de Alarcón--piece--8-8--gCloud,"scraping-fotocasa-gCloud--12_3_2018,_2_46_43_PM",fotocasa,gCloud,1543903253000,0,0,0,0,,piece--8-8,Pozuelo de Alarcón,1,-3.82211,40.4239,-3.81698,40.4186,-3.81955,40.4212
Pozuelo de Alarcón--piece--8-9--gCloud,"scraping-fotocasa-gCloud--12_3_2018,_2_46_43_PM",fotocasa,gCloud,1543903264000,6.17284,1,0,0,,piece--8-9,Pozuelo de Alarcón,1,-3.82211,40.4186,-3.81698,40.4133,-3.81955,40.4159
Pozuelo de Alarcón--piece--9-0--gCloud,"scraping-fotocasa-gCloud--12_3_2018,_2_46_43_PM",fotocasa,gCloud,1543903273000,518.202,5,10.8333,1,,piece--9-0,Pozuelo de Alarcón,1,-3.81698,40.4664,-3.81186,40.461,-3.81442,40.4637
Pozuelo de Alarcón--piece--9-1--gCloud,"scraping-fotocasa-gCloud--12_3_2018,_2_46_43_PM",fotocasa,gCloud,1543903278000,0,0,0,0,,piece--9-1,Pozuelo de Alarcón,1,-3.81698,40.461,-3.81186,40.4557,-3.81442,40.4584
Pozuelo de Alarcón--piece--9-10--gCloud,"scraping-fotocasa-gCloud--12_3_2018,_2_46_43_PM",fotocasa,gCloud,1543903284000,0,0,0,0,,piece--9-10,Pozuelo de Alarcón,1,-3.81698,40.4133,-3.81186,40.408,-3.81442,40.4106
Pozuelo de Alarcón--piece--9-11--gCloud,"scraping-fotocasa-gCloud--12_3_2018,_2_46_43_PM",fotocasa,gCloud,1543903292000,5,1,0,0,,piece--9-11,Pozuelo de Alarcón,1,-3.81698,40.408,-3.81186,40.4026,-3.81442,40.4053
Pozuelo de Alarcón--piece--9-12--gCloud,"scraping-fotocasa-gCloud--12_3_2018,_2_46_43_PM",fotocasa,gCloud,1543903301000,0,0,0,0,,piece--9-12,Pozuelo de Alarcón,1,-3.81698,40.4026,-3.81186,40.3973,-3.81442,40.4
Pozuelo de Alarcón--piece--9-13--gCloud,"scraping-fotocasa-gCloud--12_3_2018,_2_46_43_PM",fotocasa,gCloud,1543903307000,0,0,0,0,,piece--9-13,Pozuelo de Alarcón,1,-3.81698,40.3973,-3.81186,40.392,-3.81442,40.3947
Pozuelo de Alarcón--piece--9-2--gCloud,"scraping-fotocasa-gCloud--12_3_2018,_2_46_43_PM",fotocasa,gCloud,1543903313000,2209.49,9,13,1,,piece--9-2,Pozuelo de Alarcón,1,-3.81698,40.4557,-3.81186,40.4504,-3.81442,40.4531
Pozuelo de Alarcón--piece--9-3--gCloud,"scraping-fotocasa-gCloud--12_3_2018,_2_46_43_PM",fotocasa,gCloud,1543903319000,860.376,9,0,0,,piece--9-3,Pozuelo de Alarcón,1,-3.81698,40.4504,-3.81186,40.4451,-3.81442,40.4478
Pozuelo de Alarcón--piece--9-4--gCloud,"scraping-fotocasa-gCloud--12_3_2018,_2_46_43_PM",fotocasa,gCloud,1543903327000,647.563,4,7,1,,piece--9-4,Pozuelo de Alarcón,1,-3.81698,40.4451,-3.81186,40.4398,-3.81442,40.4425
Pozuelo de Alarcón--piece--9-5--gCloud,"scraping-fotocasa-gCloud--12_3_2018,_2_46_43_PM",fotocasa,gCloud,1543903334000,2213.22,25,13.053,5,,piece--9-5,Pozuelo de Alarcón,1,-3.81698,40.4398,-3.81186,40.4345,-3.81442,40.4372
Pozuelo de Alarcón--piece--9-6--gCloud,"scraping-fotocasa-gCloud--12_3_2018,_2_46_43_PM",fotocasa,gCloud,1543903343000,2844.2,19,17.3137,2,,piece--9-6,Pozuelo de Alarcón,1,-3.81698,40.4345,-3.81186,40.4292,-3.81442,40.4318
Pozuelo de Alarcón--piece--9-7--gCloud,"scraping-fotocasa-gCloud--12_3_2018,_2_46_43_PM",fotocasa,gCloud,1543903355000,4082.05,4,0,0,,piece--9-7,Pozuelo de Alarcón,1,-3.81698,40.4292,-3.81186,40.4239,-3.81442,40.4265
Pozuelo de Alarcón--piece--9-8--gCloud,"scraping-fotocasa-gCloud--12_3_2018,_2_46_43_PM",fotocasa,gCloud,1543903363000,0,0,0,0,,piece--9-8,Pozuelo de Alarcón,1,-3.81698,40.4239,-3.81186,40.4186,-3.81442,40.4212
Pozuelo de Alarcón--piece--9-9--gCloud,"scraping-fotocasa-gCloud--12_3_2018,_2_46_43_PM",fotocasa,gCloud,1543903372000,4.635,1,0,0,,piece--9-9,Pozuelo de Alarcón,1,-3.81698,40.4186,-3.81186,40.4133,-3.81442,40.4159
