piece_id,scraping_id,app_id,device_id,date_scraped,average_prize_buy,number_of_ads_buy,average_prize_rent,number_of_ads_rent,extra_data,piece_name,city_name,scraped,bounding_box1_x,bounding_box1_y,bounding_box2_x,bounding_box2_y,center_point_x,center_point_y
Rivas-Vaciamadrid--piece--0-0--gCloud,"scraping-fotocasa-gCloud--12_3_2018,_2_46_43_PM",fotocasa,gCloud,1543903377000,0,0,0,0,,piece--0-0,Rivas-Vaciamadrid,1,-3.56147,40.376,-3.55647,40.3707,-3.55897,40.3733
Rivas-Vaciamadrid--piece--0-1--gCloud,"scraping-fotocasa-gCloud--12_3_2018,_2_46_43_PM",fotocasa,gCloud,1543903386000,0,0,0,0,,piece--0-1,Rivas-Vaciamadrid,1,-3.56147,40.3707,-3.55647,40.3653,-3.55897,40.368
Rivas-Vaciamadrid--piece--0-2--gCloud,"scraping-fotocasa-gCloud--12_3_2018,_2_46_43_PM",fotocasa,gCloud,1543903394000,0,0,0,0,,piece--0-2,Rivas-Vaciamadrid,1,-3.56147,40.3653,-3.55647,40.36,-3.55897,40.3627
Rivas-Vaciamadrid--piece--0-3--gCloud,"scraping-fotocasa-gCloud--12_3_2018,_2_46_43_PM",fotocasa,gCloud,1543903405000,0,0,0,0,,piece--0-3,Rivas-Vaciamadrid,1,-3.56147,40.36,-3.55647,40.3547,-3.55897,40.3573
Rivas-Vaciamadrid--piece--0-4--gCloud,"scraping-fotocasa-gCloud--12_3_2018,_2_46_43_PM",fotocasa,gCloud,1543903411000,0,0,0,0,,piece--0-4,Rivas-Vaciamadrid,1,-3.56147,40.3547,-3.55647,40.3493,-3.55897,40.352
Rivas-Vaciamadrid--piece--0-5--gCloud,"scraping-fotocasa-gCloud--12_3_2018,_2_46_43_PM",fotocasa,gCloud,1543903416000,0,0,0,0,,piece--0-5,Rivas-Vaciamadrid,1,-3.56147,40.3493,-3.55647,40.344,-3.55897,40.3467
Rivas-Vaciamadrid--piece--0-6--gCloud,"scraping-fotocasa-gCloud--12_3_2018,_2_46_43_PM",fotocasa,gCloud,1543903427000,0,0,0,0,,piece--0-6,Rivas-Vaciamadrid,1,-3.56147,40.344,-3.55647,40.3387,-3.55897,40.3413
Rivas-Vaciamadrid--piece--0-7--gCloud,"scraping-fotocasa-gCloud--12_3_2018,_2_46_43_PM",fotocasa,gCloud,1543903439000,0,0,0,0,,piece--0-7,Rivas-Vaciamadrid,1,-3.56147,40.3387,-3.55647,40.3333,-3.55897,40.336
Rivas-Vaciamadrid--piece--0-8--gCloud,"scraping-fotocasa-gCloud--12_3_2018,_2_46_43_PM",fotocasa,gCloud,1543903447000,0,0,0,0,,piece--0-8,Rivas-Vaciamadrid,1,-3.56147,40.3333,-3.55647,40.328,-3.55897,40.3307
Rivas-Vaciamadrid--piece--0-9--gCloud,"scraping-fotocasa-gCloud--12_3_2018,_2_46_43_PM",fotocasa,gCloud,1543903453000,0,0,0,0,,piece--0-9,Rivas-Vaciamadrid,1,-3.56147,40.328,-3.55647,40.3227,-3.55897,40.3253
Rivas-Vaciamadrid--piece--1-0--gCloud,"scraping-fotocasa-gCloud--12_3_2018,_2_46_43_PM",fotocasa,gCloud,1543903458000,0,0,0,0,,piece--1-0,Rivas-Vaciamadrid,1,-3.55647,40.376,-3.55146,40.3707,-3.55396,40.3733
Rivas-Vaciamadrid--piece--1-1--gCloud,"scraping-fotocasa-gCloud--12_3_2018,_2_46_43_PM",fotocasa,gCloud,1543903469000,1580.34,1,0,0,,piece--1-1,Rivas-Vaciamadrid,1,-3.55647,40.3707,-3.55146,40.3653,-3.55396,40.368
Rivas-Vaciamadrid--piece--1-2--gCloud,"scraping-fotocasa-gCloud--12_3_2018,_2_46_43_PM",fotocasa,gCloud,1543903482000,1649.3,15,0,0,,piece--1-2,Rivas-Vaciamadrid,1,-3.55647,40.3653,-3.55146,40.36,-3.55396,40.3627
Rivas-Vaciamadrid--piece--1-3--gCloud,"scraping-fotocasa-gCloud--12_3_2018,_2_46_43_PM",fotocasa,gCloud,1543903488000,0,0,0,0,,piece--1-3,Rivas-Vaciamadrid,1,-3.55647,40.36,-3.55146,40.3547,-3.55396,40.3573
Rivas-Vaciamadrid--piece--1-4--gCloud,"scraping-fotocasa-gCloud--12_3_2018,_2_46_43_PM",fotocasa,gCloud,1543903496000,0,0,0,0,,piece--1-4,Rivas-Vaciamadrid,1,-3.55647,40.3547,-3.55146,40.3493,-3.55396,40.352
Rivas-Vaciamadrid--piece--1-5--gCloud,"scraping-fotocasa-gCloud--12_3_2018,_2_46_43_PM",fotocasa,gCloud,1543903508000,0,0,0,0,,piece--1-5,Rivas-Vaciamadrid,1,-3.55647,40.3493,-3.55146,40.344,-3.55396,40.3467
Rivas-Vaciamadrid--piece--1-6--gCloud,"scraping-fotocasa-gCloud--12_3_2018,_2_46_43_PM",fotocasa,gCloud,1543903513000,0,0,0,0,,piece--1-6,Rivas-Vaciamadrid,1,-3.55647,40.344,-3.55146,40.3387,-3.55396,40.3413
Rivas-Vaciamadrid--piece--1-7--gCloud,"scraping-fotocasa-gCloud--12_3_2018,_2_46_43_PM",fotocasa,gCloud,1543903525000,0,0,0,0,,piece--1-7,Rivas-Vaciamadrid,1,-3.55647,40.3387,-3.55146,40.3333,-3.55396,40.336
Rivas-Vaciamadrid--piece--1-8--gCloud,"scraping-fotocasa-gCloud--12_3_2018,_2_46_43_PM",fotocasa,gCloud,1543903533000,0,0,0,0,,piece--1-8,Rivas-Vaciamadrid,1,-3.55647,40.3333,-3.55146,40.328,-3.55396,40.3307
Rivas-Vaciamadrid--piece--1-9--gCloud,"scraping-fotocasa-gCloud--12_3_2018,_2_46_43_PM",fotocasa,gCloud,1543903539000,0,0,0,0,,piece--1-9,Rivas-Vaciamadrid,1,-3.55647,40.328,-3.55146,40.3227,-3.55396,40.3253
Rivas-Vaciamadrid--piece--10-0--gCloud,"scraping-fotocasa-gCloud--12_3_2018,_2_46_43_PM",fotocasa,gCloud,1543903544000,0,0,0,0,,piece--10-0,Rivas-Vaciamadrid,1,-3.51139,40.376,-3.50638,40.3707,-3.50888,40.3733
Rivas-Vaciamadrid--piece--10-1--gCloud,"scraping-fotocasa-gCloud--12_3_2018,_2_46_43_PM",fotocasa,gCloud,1543903553000,0,0,0,0,,piece--10-1,Rivas-Vaciamadrid,1,-3.51139,40.3707,-3.50638,40.3653,-3.50888,40.368
Rivas-Vaciamadrid--piece--10-2--gCloud,"scraping-fotocasa-gCloud--12_3_2018,_2_46_43_PM",fotocasa,gCloud,1543903559000,0,0,0,0,,piece--10-2,Rivas-Vaciamadrid,1,-3.51139,40.3653,-3.50638,40.36,-3.50888,40.3627
Rivas-Vaciamadrid--piece--10-3--gCloud,"scraping-fotocasa-gCloud--12_3_2018,_2_46_43_PM",fotocasa,gCloud,1543903565000,0,0,0,0,,piece--10-3,Rivas-Vaciamadrid,1,-3.51139,40.36,-3.50638,40.3547,-3.50888,40.3573
Rivas-Vaciamadrid--piece--10-4--gCloud,"scraping-fotocasa-gCloud--12_3_2018,_2_46_43_PM",fotocasa,gCloud,1543903603000,0,0,0,0,,piece--10-4,Rivas-Vaciamadrid,1,-3.51139,40.3547,-3.50638,40.3493,-3.50888,40.352
Rivas-Vaciamadrid--piece--10-5--gCloud,"scraping-fotocasa-gCloud--12_3_2018,_2_46_43_PM",fotocasa,gCloud,1543903609000,0,0,0,0,,piece--10-5,Rivas-Vaciamadrid,1,-3.51139,40.3493,-3.50638,40.344,-3.50888,40.3467
Rivas-Vaciamadrid--piece--10-6--gCloud,"scraping-fotocasa-gCloud--12_3_2018,_2_46_43_PM",fotocasa,gCloud,1543903620000,0,0,0,0,,piece--10-6,Rivas-Vaciamadrid,1,-3.51139,40.344,-3.50638,40.3387,-3.50888,40.3413
Rivas-Vaciamadrid--piece--10-7--gCloud,"scraping-fotocasa-gCloud--12_3_2018,_2_46_43_PM",fotocasa,gCloud,1543903629000,0,0,0,0,,piece--10-7,Rivas-Vaciamadrid,1,-3.51139,40.3387,-3.50638,40.3333,-3.50888,40.336
Rivas-Vaciamadrid--piece--10-8--gCloud,"scraping-fotocasa-gCloud--12_3_2018,_2_46_43_PM",fotocasa,gCloud,1543903640000,1682.86,4,0,0,,piece--10-8,Rivas-Vaciamadrid,1,-3.51139,40.3333,-3.50638,40.328,-3.50888,40.3307
Rivas-Vaciamadrid--piece--10-9--gCloud,"scraping-fotocasa-gCloud--12_3_2018,_2_46_43_PM",fotocasa,gCloud,1543903650000,1846.42,5,11.6663,6,,piece--10-9,Rivas-Vaciamadrid,1,-3.51139,40.328,-3.50638,40.3227,-3.50888,40.3253
Rivas-Vaciamadrid--piece--2-0--gCloud,"scraping-fotocasa-gCloud--12_3_2018,_2_46_43_PM",fotocasa,gCloud,1543903658000,1529.77,2,9.58333,1,,piece--2-0,Rivas-Vaciamadrid,1,-3.55146,40.376,-3.54645,40.3707,-3.54895,40.3733
Rivas-Vaciamadrid--piece--2-1--gCloud,"scraping-fotocasa-gCloud--12_3_2018,_2_46_43_PM",fotocasa,gCloud,1543903664000,1754.81,10,0,0,,piece--2-1,Rivas-Vaciamadrid,1,-3.55146,40.3707,-3.54645,40.3653,-3.54895,40.368
Rivas-Vaciamadrid--piece--2-2--gCloud,"scraping-fotocasa-gCloud--12_3_2018,_2_46_43_PM",fotocasa,gCloud,1543903670000,1670.57,10,12.2169,3,,piece--2-2,Rivas-Vaciamadrid,1,-3.55146,40.3653,-3.54645,40.36,-3.54895,40.3627
Rivas-Vaciamadrid--piece--2-3--gCloud,"scraping-fotocasa-gCloud--12_3_2018,_2_46_43_PM",fotocasa,gCloud,1543903676000,1801.23,7,8.5,1,,piece--2-3,Rivas-Vaciamadrid,1,-3.55146,40.36,-3.54645,40.3547,-3.54895,40.3573
Rivas-Vaciamadrid--piece--2-4--gCloud,"scraping-fotocasa-gCloud--12_3_2018,_2_46_43_PM",fotocasa,gCloud,1543903686000,2414.63,1,0,0,,piece--2-4,Rivas-Vaciamadrid,1,-3.55146,40.3547,-3.54645,40.3493,-3.54895,40.352
Rivas-Vaciamadrid--piece--2-5--gCloud,"scraping-fotocasa-gCloud--12_3_2018,_2_46_43_PM",fotocasa,gCloud,1543903694000,0,0,0,0,,piece--2-5,Rivas-Vaciamadrid,1,-3.55146,40.3493,-3.54645,40.344,-3.54895,40.3467
Rivas-Vaciamadrid--piece--2-6--gCloud,"scraping-fotocasa-gCloud--12_3_2018,_2_46_43_PM",fotocasa,gCloud,1543903706000,0,0,0,0,,piece--2-6,Rivas-Vaciamadrid,1,-3.55146,40.344,-3.54645,40.3387,-3.54895,40.3413
Rivas-Vaciamadrid--piece--2-7--gCloud,"scraping-fotocasa-gCloud--12_3_2018,_2_46_43_PM",fotocasa,gCloud,1543903712000,0,0,0,0,,piece--2-7,Rivas-Vaciamadrid,1,-3.55146,40.3387,-3.54645,40.3333,-3.54895,40.336
Rivas-Vaciamadrid--piece--2-8--gCloud,"scraping-fotocasa-gCloud--12_3_2018,_2_46_43_PM",fotocasa,gCloud,1543903720000,0,0,0,0,,piece--2-8,Rivas-Vaciamadrid,1,-3.55146,40.3333,-3.54645,40.328,-3.54895,40.3307
Rivas-Vaciamadrid--piece--2-9--gCloud,"scraping-fotocasa-gCloud--12_3_2018,_2_46_43_PM",fotocasa,gCloud,1543903726000,0,0,0,0,,piece--2-9,Rivas-Vaciamadrid,1,-3.55146,40.328,-3.54645,40.3227,-3.54895,40.3253
Rivas-Vaciamadrid--piece--3-0--gCloud,"scraping-fotocasa-gCloud--12_3_2018,_2_46_43_PM",fotocasa,gCloud,1543903738000,1635.99,4,0,0,,piece--3-0,Rivas-Vaciamadrid,1,-3.54645,40.376,-3.54144,40.3707,-3.54394,40.3733
Rivas-Vaciamadrid--piece--3-1--gCloud,"scraping-fotocasa-gCloud--12_3_2018,_2_46_43_PM",fotocasa,gCloud,1543903745000,1897.93,5,8.6863,2,,piece--3-1,Rivas-Vaciamadrid,1,-3.54645,40.3707,-3.54144,40.3653,-3.54394,40.368
Rivas-Vaciamadrid--piece--3-2--gCloud,"scraping-fotocasa-gCloud--12_3_2018,_2_46_43_PM",fotocasa,gCloud,1543903754000,1661.64,5,0,0,,piece--3-2,Rivas-Vaciamadrid,1,-3.54645,40.3653,-3.54144,40.36,-3.54394,40.3627
Rivas-Vaciamadrid--piece--3-3--gCloud,"scraping-fotocasa-gCloud--12_3_2018,_2_46_43_PM",fotocasa,gCloud,1543903766000,1569.25,4,0,0,,piece--3-3,Rivas-Vaciamadrid,1,-3.54645,40.36,-3.54144,40.3547,-3.54394,40.3573
Rivas-Vaciamadrid--piece--3-4--gCloud,"scraping-fotocasa-gCloud--12_3_2018,_2_46_43_PM",fotocasa,gCloud,1543903775000,0,0,0,0,,piece--3-4,Rivas-Vaciamadrid,1,-3.54645,40.3547,-3.54144,40.3493,-3.54394,40.352
Rivas-Vaciamadrid--piece--3-5--gCloud,"scraping-fotocasa-gCloud--12_3_2018,_2_46_43_PM",fotocasa,gCloud,1543903784000,1592.59,1,0,0,,piece--3-5,Rivas-Vaciamadrid,1,-3.54645,40.3493,-3.54144,40.344,-3.54394,40.3467
Rivas-Vaciamadrid--piece--3-6--gCloud,"scraping-fotocasa-gCloud--12_3_2018,_2_46_43_PM",fotocasa,gCloud,1543903796000,0,0,0,0,,piece--3-6,Rivas-Vaciamadrid,1,-3.54645,40.344,-3.54144,40.3387,-3.54394,40.3413
Rivas-Vaciamadrid--piece--3-7--gCloud,"scraping-fotocasa-gCloud--12_3_2018,_2_46_43_PM",fotocasa,gCloud,1543903802000,0,0,0,0,,piece--3-7,Rivas-Vaciamadrid,1,-3.54645,40.3387,-3.54144,40.3333,-3.54394,40.336
Rivas-Vaciamadrid--piece--3-8--gCloud,"scraping-fotocasa-gCloud--12_3_2018,_2_46_43_PM",fotocasa,gCloud,1543903813000,0,0,0,0,,piece--3-8,Rivas-Vaciamadrid,1,-3.54645,40.3333,-3.54144,40.328,-3.54394,40.3307
Rivas-Vaciamadrid--piece--3-9--gCloud,"scraping-fotocasa-gCloud--12_3_2018,_2_46_43_PM",fotocasa,gCloud,1543903822000,0,0,0,0,,piece--3-9,Rivas-Vaciamadrid,1,-3.54645,40.328,-3.54144,40.3227,-3.54394,40.3253
Rivas-Vaciamadrid--piece--4-0--gCloud,"scraping-fotocasa-gCloud--12_3_2018,_2_46_43_PM",fotocasa,gCloud,1543903831000,1679.55,1,0,0,,piece--4-0,Rivas-Vaciamadrid,1,-3.54144,40.376,-3.53643,40.3707,-3.53894,40.3733
Rivas-Vaciamadrid--piece--4-1--gCloud,"scraping-fotocasa-gCloud--12_3_2018,_2_46_43_PM",fotocasa,gCloud,1543903839000,1506.5,4,9.3609,1,,piece--4-1,Rivas-Vaciamadrid,1,-3.54144,40.3707,-3.53643,40.3653,-3.53894,40.368
Rivas-Vaciamadrid--piece--4-2--gCloud,"scraping-fotocasa-gCloud--12_3_2018,_2_46_43_PM",fotocasa,gCloud,1543903850000,1283.58,7,0,0,,piece--4-2,Rivas-Vaciamadrid,1,-3.54144,40.3653,-3.53643,40.36,-3.53894,40.3627
Rivas-Vaciamadrid--piece--4-3--gCloud,"scraping-fotocasa-gCloud--12_3_2018,_2_46_43_PM",fotocasa,gCloud,1543903860000,1853.9,22,0,0,,piece--4-3,Rivas-Vaciamadrid,1,-3.54144,40.36,-3.53643,40.3547,-3.53894,40.3573
Rivas-Vaciamadrid--piece--4-4--gCloud,"scraping-fotocasa-gCloud--12_3_2018,_2_46_43_PM",fotocasa,gCloud,1543903872000,2250.56,2,0,0,,piece--4-4,Rivas-Vaciamadrid,1,-3.54144,40.3547,-3.53643,40.3493,-3.53894,40.352
Rivas-Vaciamadrid--piece--4-5--gCloud,"scraping-fotocasa-gCloud--12_3_2018,_2_46_43_PM",fotocasa,gCloud,1543903880000,1650,1,0,0,,piece--4-5,Rivas-Vaciamadrid,1,-3.54144,40.3493,-3.53643,40.344,-3.53894,40.3467
Rivas-Vaciamadrid--piece--4-6--gCloud,"scraping-fotocasa-gCloud--12_3_2018,_2_46_43_PM",fotocasa,gCloud,1543903889000,0,0,0,0,,piece--4-6,Rivas-Vaciamadrid,1,-3.54144,40.344,-3.53643,40.3387,-3.53894,40.3413
Rivas-Vaciamadrid--piece--4-7--gCloud,"scraping-fotocasa-gCloud--12_3_2018,_2_46_43_PM",fotocasa,gCloud,1543903897000,0,0,0,0,,piece--4-7,Rivas-Vaciamadrid,1,-3.54144,40.3387,-3.53643,40.3333,-3.53894,40.336
Rivas-Vaciamadrid--piece--4-8--gCloud,"scraping-fotocasa-gCloud--12_3_2018,_2_46_43_PM",fotocasa,gCloud,1543903908000,0,0,0,0,,piece--4-8,Rivas-Vaciamadrid,1,-3.54144,40.3333,-3.53643,40.328,-3.53894,40.3307
Rivas-Vaciamadrid--piece--4-9--gCloud,"scraping-fotocasa-gCloud--12_3_2018,_2_46_43_PM",fotocasa,gCloud,1543903913000,0,0,0,0,,piece--4-9,Rivas-Vaciamadrid,1,-3.54144,40.328,-3.53643,40.3227,-3.53894,40.3253
Rivas-Vaciamadrid--piece--5-0--gCloud,"scraping-fotocasa-gCloud--12_3_2018,_2_46_43_PM",fotocasa,gCloud,1543903924000,1760.02,4,0,0,,piece--5-0,Rivas-Vaciamadrid,1,-3.53643,40.376,-3.53142,40.3707,-3.53393,40.3733
Rivas-Vaciamadrid--piece--5-1--gCloud,"scraping-fotocasa-gCloud--12_3_2018,_2_46_43_PM",fotocasa,gCloud,1543903930000,2047.04,5,4.58115,1,,piece--5-1,Rivas-Vaciamadrid,1,-3.53643,40.3707,-3.53142,40.3653,-3.53393,40.368
Rivas-Vaciamadrid--piece--5-2--gCloud,"scraping-fotocasa-gCloud--12_3_2018,_2_46_43_PM",fotocasa,gCloud,1543903939000,2060.86,6,0,0,,piece--5-2,Rivas-Vaciamadrid,1,-3.53643,40.3653,-3.53142,40.36,-3.53393,40.3627
Rivas-Vaciamadrid--piece--5-3--gCloud,"scraping-fotocasa-gCloud--12_3_2018,_2_46_43_PM",fotocasa,gCloud,1543903945000,1678.54,4,9.89907,2,,piece--5-3,Rivas-Vaciamadrid,1,-3.53643,40.36,-3.53142,40.3547,-3.53393,40.3573
Rivas-Vaciamadrid--piece--5-4--gCloud,"scraping-fotocasa-gCloud--12_3_2018,_2_46_43_PM",fotocasa,gCloud,1543903955000,2000,1,9.5,1,,piece--5-4,Rivas-Vaciamadrid,1,-3.53643,40.3547,-3.53142,40.3493,-3.53393,40.352
Rivas-Vaciamadrid--piece--5-5--gCloud,"scraping-fotocasa-gCloud--12_3_2018,_2_46_43_PM",fotocasa,gCloud,1543903963000,0,0,0,0,,piece--5-5,Rivas-Vaciamadrid,1,-3.53643,40.3493,-3.53142,40.344,-3.53393,40.3467
Rivas-Vaciamadrid--piece--5-6--gCloud,"scraping-fotocasa-gCloud--12_3_2018,_2_46_43_PM",fotocasa,gCloud,1543903969000,0,0,0,0,,piece--5-6,Rivas-Vaciamadrid,1,-3.53643,40.344,-3.53142,40.3387,-3.53393,40.3413
Rivas-Vaciamadrid--piece--5-7--gCloud,"scraping-fotocasa-gCloud--12_3_2018,_2_46_43_PM",fotocasa,gCloud,1543903975000,0,0,0,0,,piece--5-7,Rivas-Vaciamadrid,1,-3.53643,40.3387,-3.53142,40.3333,-3.53393,40.336
Rivas-Vaciamadrid--piece--5-8--gCloud,"scraping-fotocasa-gCloud--12_3_2018,_2_46_43_PM",fotocasa,gCloud,1543903980000,0,0,0,0,,piece--5-8,Rivas-Vaciamadrid,1,-3.53643,40.3333,-3.53142,40.328,-3.53393,40.3307
Rivas-Vaciamadrid--piece--5-9--gCloud,"scraping-fotocasa-gCloud--12_3_2018,_2_46_43_PM",fotocasa,gCloud,1543903985000,0,0,0,0,,piece--5-9,Rivas-Vaciamadrid,1,-3.53643,40.328,-3.53142,40.3227,-3.53393,40.3253
Rivas-Vaciamadrid--piece--6-0--gCloud,"scraping-fotocasa-gCloud--12_3_2018,_2_46_43_PM",fotocasa,gCloud,1543903995000,1853.14,3,0,0,,piece--6-0,Rivas-Vaciamadrid,1,-3.53142,40.376,-3.52641,40.3707,-3.52892,40.3733
Rivas-Vaciamadrid--piece--6-1--gCloud,"scraping-fotocasa-gCloud--12_3_2018,_2_46_43_PM",fotocasa,gCloud,1543904005000,1795.81,6,0,0,,piece--6-1,Rivas-Vaciamadrid,1,-3.53142,40.3707,-3.52641,40.3653,-3.52892,40.368
Rivas-Vaciamadrid--piece--6-2--gCloud,"scraping-fotocasa-gCloud--12_3_2018,_2_46_43_PM",fotocasa,gCloud,1543904011000,1787.92,7,5.92612,2,,piece--6-2,Rivas-Vaciamadrid,1,-3.53142,40.3653,-3.52641,40.36,-3.52892,40.3627
Rivas-Vaciamadrid--piece--6-3--gCloud,"scraping-fotocasa-gCloud--12_3_2018,_2_46_43_PM",fotocasa,gCloud,1543904020000,2325.44,2,0,0,,piece--6-3,Rivas-Vaciamadrid,1,-3.53142,40.36,-3.52641,40.3547,-3.52892,40.3573
Rivas-Vaciamadrid--piece--6-4--gCloud,"scraping-fotocasa-gCloud--12_3_2018,_2_46_43_PM",fotocasa,gCloud,1543904029000,1954.95,2,0,0,,piece--6-4,Rivas-Vaciamadrid,1,-3.53142,40.3547,-3.52641,40.3493,-3.52892,40.352
Rivas-Vaciamadrid--piece--6-5--gCloud,"scraping-fotocasa-gCloud--12_3_2018,_2_46_43_PM",fotocasa,gCloud,1543904041000,1518.99,1,0,0,,piece--6-5,Rivas-Vaciamadrid,1,-3.53142,40.3493,-3.52641,40.344,-3.52892,40.3467
Rivas-Vaciamadrid--piece--6-6--gCloud,"scraping-fotocasa-gCloud--12_3_2018,_2_46_43_PM",fotocasa,gCloud,1543904047000,0,0,0,0,,piece--6-6,Rivas-Vaciamadrid,1,-3.53142,40.344,-3.52641,40.3387,-3.52892,40.3413
Rivas-Vaciamadrid--piece--6-7--gCloud,"scraping-fotocasa-gCloud--12_3_2018,_2_46_43_PM",fotocasa,gCloud,1543904061000,0,0,0,0,,piece--6-7,Rivas-Vaciamadrid,1,-3.53142,40.3387,-3.52641,40.3333,-3.52892,40.336
Rivas-Vaciamadrid--piece--6-8--gCloud,"scraping-fotocasa-gCloud--12_3_2018,_2_46_43_PM",fotocasa,gCloud,1543904072000,0,0,0,0,,piece--6-8,Rivas-Vaciamadrid,1,-3.53142,40.3333,-3.52641,40.328,-3.52892,40.3307
Rivas-Vaciamadrid--piece--6-9--gCloud,"scraping-fotocasa-gCloud--12_3_2018,_2_46_43_PM",fotocasa,gCloud,1543904078000,0,0,0,0,,piece--6-9,Rivas-Vaciamadrid,1,-3.53142,40.328,-3.52641,40.3227,-3.52892,40.3253
Rivas-Vaciamadrid--piece--7-0--gCloud,"scraping-fotocasa-gCloud--12_3_2018,_2_46_43_PM",fotocasa,gCloud,1543904093000,1713.8,3,0,0,,piece--7-0,Rivas-Vaciamadrid,1,-3.52641,40.376,-3.5214,40.3707,-3.52391,40.3733
Rivas-Vaciamadrid--piece--7-1--gCloud,"scraping-fotocasa-gCloud--12_3_2018,_2_46_43_PM",fotocasa,gCloud,1543904099000,777.359,1,0,0,,piece--7-1,Rivas-Vaciamadrid,1,-3.52641,40.3707,-3.5214,40.3653,-3.52391,40.368
Rivas-Vaciamadrid--piece--7-2--gCloud,"scraping-fotocasa-gCloud--12_3_2018,_2_46_43_PM",fotocasa,gCloud,1543904105000,0,0,0,0,,piece--7-2,Rivas-Vaciamadrid,1,-3.52641,40.3653,-3.5214,40.36,-3.52391,40.3627
Rivas-Vaciamadrid--piece--7-3--gCloud,"scraping-fotocasa-gCloud--12_3_2018,_2_46_43_PM",fotocasa,gCloud,1543904110000,1737.54,3,0,0,,piece--7-3,Rivas-Vaciamadrid,1,-3.52641,40.36,-3.5214,40.3547,-3.52391,40.3573
Rivas-Vaciamadrid--piece--7-4--gCloud,"scraping-fotocasa-gCloud--12_3_2018,_2_46_43_PM",fotocasa,gCloud,1543904120000,1842.21,20,7.03518,2,,piece--7-4,Rivas-Vaciamadrid,1,-3.52641,40.3547,-3.5214,40.3493,-3.52391,40.352
Rivas-Vaciamadrid--piece--7-5--gCloud,"scraping-fotocasa-gCloud--12_3_2018,_2_46_43_PM",fotocasa,gCloud,1543904126000,2134,16,0,0,,piece--7-5,Rivas-Vaciamadrid,1,-3.52641,40.3493,-3.5214,40.344,-3.52391,40.3467
Rivas-Vaciamadrid--piece--7-6--gCloud,"scraping-fotocasa-gCloud--12_3_2018,_2_46_43_PM",fotocasa,gCloud,1543904132000,2179.39,2,10.5976,2,,piece--7-6,Rivas-Vaciamadrid,1,-3.52641,40.344,-3.5214,40.3387,-3.52391,40.3413
Rivas-Vaciamadrid--piece--7-7--gCloud,"scraping-fotocasa-gCloud--12_3_2018,_2_46_43_PM",fotocasa,gCloud,1543904141000,2290,6,8.2421,5,,piece--7-7,Rivas-Vaciamadrid,1,-3.52641,40.3387,-3.5214,40.3333,-3.52391,40.336
Rivas-Vaciamadrid--piece--7-8--gCloud,"scraping-fotocasa-gCloud--12_3_2018,_2_46_43_PM",fotocasa,gCloud,1543904151000,1927.15,3,8.32582,2,,piece--7-8,Rivas-Vaciamadrid,1,-3.52641,40.3333,-3.5214,40.328,-3.52391,40.3307
Rivas-Vaciamadrid--piece--7-9--gCloud,"scraping-fotocasa-gCloud--12_3_2018,_2_46_43_PM",fotocasa,gCloud,1543904156000,0,0,0,0,,piece--7-9,Rivas-Vaciamadrid,1,-3.52641,40.328,-3.5214,40.3227,-3.52391,40.3253
Rivas-Vaciamadrid--piece--8-0--gCloud,"scraping-fotocasa-gCloud--12_3_2018,_2_46_43_PM",fotocasa,gCloud,1543904162000,0,0,0,0,,piece--8-0,Rivas-Vaciamadrid,1,-3.5214,40.376,-3.5164,40.3707,-3.5189,40.3733
Rivas-Vaciamadrid--piece--8-1--gCloud,"scraping-fotocasa-gCloud--12_3_2018,_2_46_43_PM",fotocasa,gCloud,1543904167000,0,0,0,0,,piece--8-1,Rivas-Vaciamadrid,1,-3.5214,40.3707,-3.5164,40.3653,-3.5189,40.368
Rivas-Vaciamadrid--piece--8-2--gCloud,"scraping-fotocasa-gCloud--12_3_2018,_2_46_43_PM",fotocasa,gCloud,1543904172000,1637.37,3,7.34463,1,,piece--8-2,Rivas-Vaciamadrid,1,-3.5214,40.3653,-3.5164,40.36,-3.5189,40.3627
Rivas-Vaciamadrid--piece--8-3--gCloud,"scraping-fotocasa-gCloud--12_3_2018,_2_46_43_PM",fotocasa,gCloud,1543904185000,2417.01,16,5.41667,1,,piece--8-3,Rivas-Vaciamadrid,1,-3.5214,40.36,-3.5164,40.3547,-3.5189,40.3573
Rivas-Vaciamadrid--piece--8-4--gCloud,"scraping-fotocasa-gCloud--12_3_2018,_2_46_43_PM",fotocasa,gCloud,1543904194000,1978.4,19,8.42962,2,,piece--8-4,Rivas-Vaciamadrid,1,-3.5214,40.3547,-3.5164,40.3493,-3.5189,40.352
Rivas-Vaciamadrid--piece--8-5--gCloud,"scraping-fotocasa-gCloud--12_3_2018,_2_46_43_PM",fotocasa,gCloud,1543904200000,1875.24,11,0,0,,piece--8-5,Rivas-Vaciamadrid,1,-3.5214,40.3493,-3.5164,40.344,-3.5189,40.3467
Rivas-Vaciamadrid--piece--8-6--gCloud,"scraping-fotocasa-gCloud--12_3_2018,_2_46_43_PM",fotocasa,gCloud,1543904207000,1880.87,30,8.35088,3,,piece--8-6,Rivas-Vaciamadrid,1,-3.5214,40.344,-3.5164,40.3387,-3.5189,40.3413
Rivas-Vaciamadrid--piece--8-7--gCloud,"scraping-fotocasa-gCloud--12_3_2018,_2_46_43_PM",fotocasa,gCloud,1543904216000,1858.95,6,8.62454,2,,piece--8-7,Rivas-Vaciamadrid,1,-3.5214,40.3387,-3.5164,40.3333,-3.5189,40.336
Rivas-Vaciamadrid--piece--8-8--gCloud,"scraping-fotocasa-gCloud--12_3_2018,_2_46_43_PM",fotocasa,gCloud,1543904221000,2109.9,3,0,0,,piece--8-8,Rivas-Vaciamadrid,1,-3.5214,40.3333,-3.5164,40.328,-3.5189,40.3307
Rivas-Vaciamadrid--piece--8-9--gCloud,"scraping-fotocasa-gCloud--12_3_2018,_2_46_43_PM",fotocasa,gCloud,1543904226000,1340.93,3,0,0,,piece--8-9,Rivas-Vaciamadrid,1,-3.5214,40.328,-3.5164,40.3227,-3.5189,40.3253
Rivas-Vaciamadrid--piece--9-0--gCloud,"scraping-fotocasa-gCloud--12_3_2018,_2_46_43_PM",fotocasa,gCloud,1543904237000,0,0,0,0,,piece--9-0,Rivas-Vaciamadrid,1,-3.5164,40.376,-3.51139,40.3707,-3.51389,40.3733
Rivas-Vaciamadrid--piece--9-1--gCloud,"scraping-fotocasa-gCloud--12_3_2018,_2_46_43_PM",fotocasa,gCloud,1543904245000,0,0,0,0,,piece--9-1,Rivas-Vaciamadrid,1,-3.5164,40.3707,-3.51139,40.3653,-3.51389,40.368
Rivas-Vaciamadrid--piece--9-2--gCloud,"scraping-fotocasa-gCloud--12_3_2018,_2_46_43_PM",fotocasa,gCloud,1543904254000,2154.55,1,6.59091,1,,piece--9-2,Rivas-Vaciamadrid,1,-3.5164,40.3653,-3.51139,40.36,-3.51389,40.3627
Rivas-Vaciamadrid--piece--9-3--gCloud,"scraping-fotocasa-gCloud--12_3_2018,_2_46_43_PM",fotocasa,gCloud,1543904259000,1970.56,9,0,0,,piece--9-3,Rivas-Vaciamadrid,1,-3.5164,40.36,-3.51139,40.3547,-3.51389,40.3573
Rivas-Vaciamadrid--piece--9-4--gCloud,"scraping-fotocasa-gCloud--12_3_2018,_2_46_43_PM",fotocasa,gCloud,1543904268000,1995.65,3,0,0,,piece--9-4,Rivas-Vaciamadrid,1,-3.5164,40.3547,-3.51139,40.3493,-3.51389,40.352
Rivas-Vaciamadrid--piece--9-5--gCloud,"scraping-fotocasa-gCloud--12_3_2018,_2_46_43_PM",fotocasa,gCloud,1543904276000,0,0,0,0,,piece--9-5,Rivas-Vaciamadrid,1,-3.5164,40.3493,-3.51139,40.344,-3.51389,40.3467
Rivas-Vaciamadrid--piece--9-6--gCloud,"scraping-fotocasa-gCloud--12_3_2018,_2_46_43_PM",fotocasa,gCloud,1543904284000,0,0,0,0,,piece--9-6,Rivas-Vaciamadrid,1,-3.5164,40.344,-3.51139,40.3387,-3.51389,40.3413
Rivas-Vaciamadrid--piece--9-7--gCloud,"scraping-fotocasa-gCloud--12_3_2018,_2_46_43_PM",fotocasa,gCloud,1543904292000,0,0,0,0,,piece--9-7,Rivas-Vaciamadrid,1,-3.5164,40.3387,-3.51139,40.3333,-3.51389,40.336
Rivas-Vaciamadrid--piece--9-8--gCloud,"scraping-fotocasa-gCloud--12_3_2018,_2_46_43_PM",fotocasa,gCloud,1543904300000,2038.68,5,0,0,,piece--9-8,Rivas-Vaciamadrid,1,-3.5164,40.3333,-3.51139,40.328,-3.51389,40.3307
Rivas-Vaciamadrid--piece--9-9--gCloud,"scraping-fotocasa-gCloud--12_3_2018,_2_46_43_PM",fotocasa,gCloud,1543904310000,1940.83,14,7.5188,1,,piece--9-9,Rivas-Vaciamadrid,1,-3.5164,40.328,-3.51139,40.3227,-3.51389,40.3253
