piece_id,scraping_id,app_id,device_id,date_scraped,average_prize_buy,number_of_ads_buy,average_prize_rent,number_of_ads_rent,extra_data,piece_name,city_name,scraped,bounding_box1_x,bounding_box1_y,bounding_box2_x,bounding_box2_y,center_point_x,center_point_y
San Sebastián de los Reyes--piece--0-0--gCloud,"scraping-fotocasa-gCloud--12_3_2018,_2_46_43_PM",fotocasa,gCloud,1543906956000,0,0,0,0,,piece--0-0,San Sebastián de los Reyes,1,-3.67414,40.6311,-3.66908,40.6259,-3.67161,40.6285
San Sebastián de los Reyes--piece--0-1--gCloud,"scraping-fotocasa-gCloud--12_3_2018,_2_46_43_PM",fotocasa,gCloud,1543906961000,0,0,0,0,,piece--0-1,San Sebastián de los Reyes,1,-3.67414,40.6259,-3.66908,40.6207,-3.67161,40.6233
San Sebastián de los Reyes--piece--0-10--gCloud,"scraping-fotocasa-gCloud--12_3_2018,_2_46_43_PM",fotocasa,gCloud,1543906969000,0,0,0,0,,piece--0-10,San Sebastián de los Reyes,1,-3.67414,40.5791,-3.66908,40.5739,-3.67161,40.5765
San Sebastián de los Reyes--piece--0-11--gCloud,"scraping-fotocasa-gCloud--12_3_2018,_2_46_43_PM",fotocasa,gCloud,1543906978000,0,0,0,0,,piece--0-11,San Sebastián de los Reyes,1,-3.67414,40.5739,-3.66908,40.5687,-3.67161,40.5713
San Sebastián de los Reyes--piece--0-12--gCloud,"scraping-fotocasa-gCloud--12_3_2018,_2_46_43_PM",fotocasa,gCloud,1543906986000,0,0,0,0,,piece--0-12,San Sebastián de los Reyes,1,-3.67414,40.5687,-3.66908,40.5635,-3.67161,40.5661
San Sebastián de los Reyes--piece--0-13--gCloud,"scraping-fotocasa-gCloud--12_3_2018,_2_46_43_PM",fotocasa,gCloud,1543906994000,0,0,0,0,,piece--0-13,San Sebastián de los Reyes,1,-3.67414,40.5635,-3.66908,40.5583,-3.67161,40.5609
San Sebastián de los Reyes--piece--0-14--gCloud,"scraping-fotocasa-gCloud--12_3_2018,_2_46_43_PM",fotocasa,gCloud,1543907005000,0,0,0,0,,piece--0-14,San Sebastián de los Reyes,1,-3.67414,40.5583,-3.66908,40.5531,-3.67161,40.5557
San Sebastián de los Reyes--piece--0-15--gCloud,"scraping-fotocasa-gCloud--12_3_2018,_2_46_43_PM",fotocasa,gCloud,1543907013000,0,0,0,0,,piece--0-15,San Sebastián de los Reyes,1,-3.67414,40.5531,-3.66908,40.5479,-3.67161,40.5505
San Sebastián de los Reyes--piece--0-16--gCloud,"scraping-fotocasa-gCloud--12_3_2018,_2_46_43_PM",fotocasa,gCloud,1543907021000,0,0,0,0,,piece--0-16,San Sebastián de los Reyes,1,-3.67414,40.5479,-3.66908,40.5427,-3.67161,40.5453
San Sebastián de los Reyes--piece--0-17--gCloud,"scraping-fotocasa-gCloud--12_3_2018,_2_46_43_PM",fotocasa,gCloud,1543907029000,0,0,0,0,,piece--0-17,San Sebastián de los Reyes,1,-3.67414,40.5427,-3.66908,40.5375,-3.67161,40.5401
San Sebastián de los Reyes--piece--0-18--gCloud,"scraping-fotocasa-gCloud--12_3_2018,_2_46_43_PM",fotocasa,gCloud,1543907038000,0,0,0,0,,piece--0-18,San Sebastián de los Reyes,1,-3.67414,40.5375,-3.66908,40.5322,-3.67161,40.5349
San Sebastián de los Reyes--piece--0-2--gCloud,"scraping-fotocasa-gCloud--12_3_2018,_2_46_43_PM",fotocasa,gCloud,1543907046000,0,0,0,0,,piece--0-2,San Sebastián de los Reyes,1,-3.67414,40.6207,-3.66908,40.6155,-3.67161,40.6181
San Sebastián de los Reyes--piece--0-3--gCloud,"scraping-fotocasa-gCloud--12_3_2018,_2_46_43_PM",fotocasa,gCloud,1543907052000,0,0,0,0,,piece--0-3,San Sebastián de los Reyes,1,-3.67414,40.6155,-3.66908,40.6103,-3.67161,40.6129
San Sebastián de los Reyes--piece--0-4--gCloud,"scraping-fotocasa-gCloud--12_3_2018,_2_46_43_PM",fotocasa,gCloud,1543907057000,0,0,0,0,,piece--0-4,San Sebastián de los Reyes,1,-3.67414,40.6103,-3.66908,40.6051,-3.67161,40.6077
San Sebastián de los Reyes--piece--0-5--gCloud,"scraping-fotocasa-gCloud--12_3_2018,_2_46_43_PM",fotocasa,gCloud,1543907062000,0,0,0,0,,piece--0-5,San Sebastián de los Reyes,1,-3.67414,40.6051,-3.66908,40.5999,-3.67161,40.6025
San Sebastián de los Reyes--piece--0-6--gCloud,"scraping-fotocasa-gCloud--12_3_2018,_2_46_43_PM",fotocasa,gCloud,1543907068000,0,0,0,0,,piece--0-6,San Sebastián de los Reyes,1,-3.67414,40.5999,-3.66908,40.5947,-3.67161,40.5973
San Sebastián de los Reyes--piece--0-7--gCloud,"scraping-fotocasa-gCloud--12_3_2018,_2_46_43_PM",fotocasa,gCloud,1543907073000,0,0,0,0,,piece--0-7,San Sebastián de los Reyes,1,-3.67414,40.5947,-3.66908,40.5895,-3.67161,40.5921
San Sebastián de los Reyes--piece--0-8--gCloud,"scraping-fotocasa-gCloud--12_3_2018,_2_46_43_PM",fotocasa,gCloud,1543907078000,0,0,0,0,,piece--0-8,San Sebastián de los Reyes,1,-3.67414,40.5895,-3.66908,40.5843,-3.67161,40.5869
San Sebastián de los Reyes--piece--0-9--gCloud,"scraping-fotocasa-gCloud--12_3_2018,_2_46_43_PM",fotocasa,gCloud,1543907084000,0,0,0,0,,piece--0-9,San Sebastián de los Reyes,1,-3.67414,40.5843,-3.66908,40.5791,-3.67161,40.5817
San Sebastián de los Reyes--piece--1-0--gCloud,"scraping-fotocasa-gCloud--12_3_2018,_2_46_43_PM",fotocasa,gCloud,1543907092000,0,0,0,0,,piece--1-0,San Sebastián de los Reyes,1,-3.66908,40.6311,-3.66402,40.6259,-3.66655,40.6285
San Sebastián de los Reyes--piece--1-1--gCloud,"scraping-fotocasa-gCloud--12_3_2018,_2_46_43_PM",fotocasa,gCloud,1543907098000,0,0,0,0,,piece--1-1,San Sebastián de los Reyes,1,-3.66908,40.6259,-3.66402,40.6207,-3.66655,40.6233
San Sebastián de los Reyes--piece--1-10--gCloud,"scraping-fotocasa-gCloud--12_3_2018,_2_46_43_PM",fotocasa,gCloud,1543907109000,0,0,0,0,,piece--1-10,San Sebastián de los Reyes,1,-3.66908,40.5791,-3.66402,40.5739,-3.66655,40.5765
San Sebastián de los Reyes--piece--1-11--gCloud,"scraping-fotocasa-gCloud--12_3_2018,_2_46_43_PM",fotocasa,gCloud,1543907120000,0,0,0,0,,piece--1-11,San Sebastián de los Reyes,1,-3.66908,40.5739,-3.66402,40.5687,-3.66655,40.5713
San Sebastián de los Reyes--piece--1-12--gCloud,"scraping-fotocasa-gCloud--12_3_2018,_2_46_43_PM",fotocasa,gCloud,1543907131000,0,0,0,0,,piece--1-12,San Sebastián de los Reyes,1,-3.66908,40.5687,-3.66402,40.5635,-3.66655,40.5661
San Sebastián de los Reyes--piece--1-13--gCloud,"scraping-fotocasa-gCloud--12_3_2018,_2_46_43_PM",fotocasa,gCloud,1543907142000,0,0,0,0,,piece--1-13,San Sebastián de los Reyes,1,-3.66908,40.5635,-3.66402,40.5583,-3.66655,40.5609
San Sebastián de los Reyes--piece--1-14--gCloud,"scraping-fotocasa-gCloud--12_3_2018,_2_46_43_PM",fotocasa,gCloud,1543907148000,0,0,0,0,,piece--1-14,San Sebastián de los Reyes,1,-3.66908,40.5583,-3.66402,40.5531,-3.66655,40.5557
San Sebastián de los Reyes--piece--1-15--gCloud,"scraping-fotocasa-gCloud--12_3_2018,_2_46_43_PM",fotocasa,gCloud,1543907153000,0,0,0,0,,piece--1-15,San Sebastián de los Reyes,1,-3.66908,40.5531,-3.66402,40.5479,-3.66655,40.5505
San Sebastián de los Reyes--piece--1-16--gCloud,"scraping-fotocasa-gCloud--12_3_2018,_2_46_43_PM",fotocasa,gCloud,1543907166000,0,0,0,0,,piece--1-16,San Sebastián de los Reyes,1,-3.66908,40.5479,-3.66402,40.5427,-3.66655,40.5453
San Sebastián de los Reyes--piece--1-17--gCloud,"scraping-fotocasa-gCloud--12_3_2018,_2_46_43_PM",fotocasa,gCloud,1543907176000,0,0,0,0,,piece--1-17,San Sebastián de los Reyes,1,-3.66908,40.5427,-3.66402,40.5375,-3.66655,40.5401
San Sebastián de los Reyes--piece--1-18--gCloud,"scraping-fotocasa-gCloud--12_3_2018,_2_46_43_PM",fotocasa,gCloud,1543907184000,0,0,0,0,,piece--1-18,San Sebastián de los Reyes,1,-3.66908,40.5375,-3.66402,40.5322,-3.66655,40.5349
San Sebastián de los Reyes--piece--1-2--gCloud,"scraping-fotocasa-gCloud--12_3_2018,_2_46_43_PM",fotocasa,gCloud,1543907192000,0,0,0,0,,piece--1-2,San Sebastián de los Reyes,1,-3.66908,40.6207,-3.66402,40.6155,-3.66655,40.6181
San Sebastián de los Reyes--piece--1-3--gCloud,"scraping-fotocasa-gCloud--12_3_2018,_2_46_43_PM",fotocasa,gCloud,1543907201000,0,0,0,0,,piece--1-3,San Sebastián de los Reyes,1,-3.66908,40.6155,-3.66402,40.6103,-3.66655,40.6129
San Sebastián de los Reyes--piece--1-4--gCloud,"scraping-fotocasa-gCloud--12_3_2018,_2_46_43_PM",fotocasa,gCloud,1543907206000,0,0,0,0,,piece--1-4,San Sebastián de los Reyes,1,-3.66908,40.6103,-3.66402,40.6051,-3.66655,40.6077
San Sebastián de los Reyes--piece--1-5--gCloud,"scraping-fotocasa-gCloud--12_3_2018,_2_46_43_PM",fotocasa,gCloud,1543907215000,0,0,0,0,,piece--1-5,San Sebastián de los Reyes,1,-3.66908,40.6051,-3.66402,40.5999,-3.66655,40.6025
San Sebastián de los Reyes--piece--1-6--gCloud,"scraping-fotocasa-gCloud--12_3_2018,_2_46_43_PM",fotocasa,gCloud,1543907220000,0,0,0,0,,piece--1-6,San Sebastián de los Reyes,1,-3.66908,40.5999,-3.66402,40.5947,-3.66655,40.5973
San Sebastián de los Reyes--piece--1-7--gCloud,"scraping-fotocasa-gCloud--12_3_2018,_2_46_43_PM",fotocasa,gCloud,1543907226000,0,0,0,0,,piece--1-7,San Sebastián de los Reyes,1,-3.66908,40.5947,-3.66402,40.5895,-3.66655,40.5921
San Sebastián de los Reyes--piece--1-8--gCloud,"scraping-fotocasa-gCloud--12_3_2018,_2_46_43_PM",fotocasa,gCloud,1543907234000,0,0,0,0,,piece--1-8,San Sebastián de los Reyes,1,-3.66908,40.5895,-3.66402,40.5843,-3.66655,40.5869
San Sebastián de los Reyes--piece--1-9--gCloud,"scraping-fotocasa-gCloud--12_3_2018,_2_46_43_PM",fotocasa,gCloud,1543907239000,0,0,0,0,,piece--1-9,San Sebastián de los Reyes,1,-3.66908,40.5843,-3.66402,40.5791,-3.66655,40.5817
San Sebastián de los Reyes--piece--10-0--gCloud,"scraping-fotocasa-gCloud--12_3_2018,_2_46_43_PM",fotocasa,gCloud,1543907245000,0,0,0,0,,piece--10-0,San Sebastián de los Reyes,1,-3.62355,40.6311,-3.61849,40.6259,-3.62102,40.6285
San Sebastián de los Reyes--piece--10-1--gCloud,"scraping-fotocasa-gCloud--12_3_2018,_2_46_43_PM",fotocasa,gCloud,1543907256000,984.813,2,8.66667,1,,piece--10-1,San Sebastián de los Reyes,1,-3.62355,40.6259,-3.61849,40.6207,-3.62102,40.6233
San Sebastián de los Reyes--piece--10-10--gCloud,"scraping-fotocasa-gCloud--12_3_2018,_2_46_43_PM",fotocasa,gCloud,1543907261000,0,0,0,0,,piece--10-10,San Sebastián de los Reyes,1,-3.62355,40.5791,-3.61849,40.5739,-3.62102,40.5765
San Sebastián de los Reyes--piece--10-11--gCloud,"scraping-fotocasa-gCloud--12_3_2018,_2_46_43_PM",fotocasa,gCloud,1543907270000,0,0,0,0,,piece--10-11,San Sebastián de los Reyes,1,-3.62355,40.5739,-3.61849,40.5687,-3.62102,40.5713
San Sebastián de los Reyes--piece--10-12--gCloud,"scraping-fotocasa-gCloud--12_3_2018,_2_46_43_PM",fotocasa,gCloud,1543907278000,0,0,0,0,,piece--10-12,San Sebastián de los Reyes,1,-3.62355,40.5687,-3.61849,40.5635,-3.62102,40.5661
San Sebastián de los Reyes--piece--10-13--gCloud,"scraping-fotocasa-gCloud--12_3_2018,_2_46_43_PM",fotocasa,gCloud,1543907287000,2596.05,14,10.3039,3,,piece--10-13,San Sebastián de los Reyes,1,-3.62355,40.5635,-3.61849,40.5583,-3.62102,40.5609
San Sebastián de los Reyes--piece--10-14--gCloud,"scraping-fotocasa-gCloud--12_3_2018,_2_46_43_PM",fotocasa,gCloud,1543907292000,2517.57,7,10.241,1,,piece--10-14,San Sebastián de los Reyes,1,-3.62355,40.5583,-3.61849,40.5531,-3.62102,40.5557
San Sebastián de los Reyes--piece--10-15--gCloud,"scraping-fotocasa-gCloud--12_3_2018,_2_46_43_PM",fotocasa,gCloud,1543907298000,2714.06,2,0,0,,piece--10-15,San Sebastián de los Reyes,1,-3.62355,40.5531,-3.61849,40.5479,-3.62102,40.5505
San Sebastián de los Reyes--piece--10-16--gCloud,"scraping-fotocasa-gCloud--12_3_2018,_2_46_43_PM",fotocasa,gCloud,1543907307000,2324.55,7,10.2983,5,,piece--10-16,San Sebastián de los Reyes,1,-3.62355,40.5479,-3.61849,40.5427,-3.62102,40.5453
San Sebastián de los Reyes--piece--10-17--gCloud,"scraping-fotocasa-gCloud--12_3_2018,_2_46_43_PM",fotocasa,gCloud,1543907314000,3073.33,23,10.7085,10,,piece--10-17,San Sebastián de los Reyes,1,-3.62355,40.5427,-3.61849,40.5375,-3.62102,40.5401
San Sebastián de los Reyes--piece--10-18--gCloud,"scraping-fotocasa-gCloud--12_3_2018,_2_46_43_PM",fotocasa,gCloud,1543907323000,1974.97,4,9.14286,1,,piece--10-18,San Sebastián de los Reyes,1,-3.62355,40.5375,-3.61849,40.5322,-3.62102,40.5349
San Sebastián de los Reyes--piece--10-2--gCloud,"scraping-fotocasa-gCloud--12_3_2018,_2_46_43_PM",fotocasa,gCloud,1543907331000,526.127,24,8.80768,3,,piece--10-2,San Sebastián de los Reyes,1,-3.62355,40.6207,-3.61849,40.6155,-3.62102,40.6181
San Sebastián de los Reyes--piece--10-3--gCloud,"scraping-fotocasa-gCloud--12_3_2018,_2_46_43_PM",fotocasa,gCloud,1543907342000,3.09339,2,7.14286,1,,piece--10-3,San Sebastián de los Reyes,1,-3.62355,40.6155,-3.61849,40.6103,-3.62102,40.6129
San Sebastián de los Reyes--piece--10-4--gCloud,"scraping-fotocasa-gCloud--12_3_2018,_2_46_43_PM",fotocasa,gCloud,1543907350000,0,0,0,0,,piece--10-4,San Sebastián de los Reyes,1,-3.62355,40.6103,-3.61849,40.6051,-3.62102,40.6077
San Sebastián de los Reyes--piece--10-5--gCloud,"scraping-fotocasa-gCloud--12_3_2018,_2_46_43_PM",fotocasa,gCloud,1543907362000,0,0,0,0,,piece--10-5,San Sebastián de los Reyes,1,-3.62355,40.6051,-3.61849,40.5999,-3.62102,40.6025
San Sebastián de los Reyes--piece--10-6--gCloud,"scraping-fotocasa-gCloud--12_3_2018,_2_46_43_PM",fotocasa,gCloud,1543907368000,0,0,0,0,,piece--10-6,San Sebastián de los Reyes,1,-3.62355,40.5999,-3.61849,40.5947,-3.62102,40.5973
San Sebastián de los Reyes--piece--10-7--gCloud,"scraping-fotocasa-gCloud--12_3_2018,_2_46_43_PM",fotocasa,gCloud,1543907379000,0,0,0,0,,piece--10-7,San Sebastián de los Reyes,1,-3.62355,40.5947,-3.61849,40.5895,-3.62102,40.5921
San Sebastián de los Reyes--piece--10-8--gCloud,"scraping-fotocasa-gCloud--12_3_2018,_2_46_43_PM",fotocasa,gCloud,1543907387000,0,0,0,0,,piece--10-8,San Sebastián de los Reyes,1,-3.62355,40.5895,-3.61849,40.5843,-3.62102,40.5869
San Sebastián de los Reyes--piece--10-9--gCloud,"scraping-fotocasa-gCloud--12_3_2018,_2_46_43_PM",fotocasa,gCloud,1543907395000,0,0,0,0,,piece--10-9,San Sebastián de los Reyes,1,-3.62355,40.5843,-3.61849,40.5791,-3.62102,40.5817
San Sebastián de los Reyes--piece--11-0--gCloud,"scraping-fotocasa-gCloud--12_3_2018,_2_46_43_PM",fotocasa,gCloud,1543907406000,0,0,0,0,,piece--11-0,San Sebastián de los Reyes,1,-3.61849,40.6311,-3.61343,40.6259,-3.61596,40.6285
San Sebastián de los Reyes--piece--11-1--gCloud,"scraping-fotocasa-gCloud--12_3_2018,_2_46_43_PM",fotocasa,gCloud,1543907415000,304.78,10,0,0,,piece--11-1,San Sebastián de los Reyes,1,-3.61849,40.6259,-3.61343,40.6207,-3.61596,40.6233
San Sebastián de los Reyes--piece--11-10--gCloud,"scraping-fotocasa-gCloud--12_3_2018,_2_46_43_PM",fotocasa,gCloud,1543907424000,0,0,0,0,,piece--11-10,San Sebastián de los Reyes,1,-3.61849,40.5791,-3.61343,40.5739,-3.61596,40.5765
San Sebastián de los Reyes--piece--11-11--gCloud,"scraping-fotocasa-gCloud--12_3_2018,_2_46_43_PM",fotocasa,gCloud,1543907432000,0,0,0,0,,piece--11-11,San Sebastián de los Reyes,1,-3.61849,40.5739,-3.61343,40.5687,-3.61596,40.5713
San Sebastián de los Reyes--piece--11-12--gCloud,"scraping-fotocasa-gCloud--12_3_2018,_2_46_43_PM",fotocasa,gCloud,1543907440000,0,0,0,0,,piece--11-12,San Sebastián de los Reyes,1,-3.61849,40.5687,-3.61343,40.5635,-3.61596,40.5661
San Sebastián de los Reyes--piece--11-13--gCloud,"scraping-fotocasa-gCloud--12_3_2018,_2_46_43_PM",fotocasa,gCloud,1543907446000,3313.69,7,10.7983,2,,piece--11-13,San Sebastián de los Reyes,1,-3.61849,40.5635,-3.61343,40.5583,-3.61596,40.5609
San Sebastián de los Reyes--piece--11-14--gCloud,"scraping-fotocasa-gCloud--12_3_2018,_2_46_43_PM",fotocasa,gCloud,1543907455000,2785.71,1,12.9167,2,,piece--11-14,San Sebastián de los Reyes,1,-3.61849,40.5583,-3.61343,40.5531,-3.61596,40.5557
San Sebastián de los Reyes--piece--11-15--gCloud,"scraping-fotocasa-gCloud--12_3_2018,_2_46_43_PM",fotocasa,gCloud,1543907466000,2.15105,2,0,0,,piece--11-15,San Sebastián de los Reyes,1,-3.61849,40.5531,-3.61343,40.5479,-3.61596,40.5505
San Sebastián de los Reyes--piece--11-16--gCloud,"scraping-fotocasa-gCloud--12_3_2018,_2_46_43_PM",fotocasa,gCloud,1543907477000,2478.36,16,11.0952,10,,piece--11-16,San Sebastián de los Reyes,1,-3.61849,40.5479,-3.61343,40.5427,-3.61596,40.5453
San Sebastián de los Reyes--piece--11-17--gCloud,"scraping-fotocasa-gCloud--12_3_2018,_2_46_43_PM",fotocasa,gCloud,1543907486000,3304.56,5,13.427,2,,piece--11-17,San Sebastián de los Reyes,1,-3.61849,40.5427,-3.61343,40.5375,-3.61596,40.5401
San Sebastián de los Reyes--piece--11-18--gCloud,"scraping-fotocasa-gCloud--12_3_2018,_2_46_43_PM",fotocasa,gCloud,1543907496000,4.19847,1,0,0,,piece--11-18,San Sebastián de los Reyes,1,-3.61849,40.5375,-3.61343,40.5322,-3.61596,40.5349
San Sebastián de los Reyes--piece--11-2--gCloud,"scraping-fotocasa-gCloud--12_3_2018,_2_46_43_PM",fotocasa,gCloud,1543907502000,193.514,24,10.989,2,,piece--11-2,San Sebastián de los Reyes,1,-3.61849,40.6207,-3.61343,40.6155,-3.61596,40.6181
San Sebastián de los Reyes--piece--11-3--gCloud,"scraping-fotocasa-gCloud--12_3_2018,_2_46_43_PM",fotocasa,gCloud,1543907508000,192.401,9,0,0,,piece--11-3,San Sebastián de los Reyes,1,-3.61849,40.6155,-3.61343,40.6103,-3.61596,40.6129
San Sebastián de los Reyes--piece--11-4--gCloud,"scraping-fotocasa-gCloud--12_3_2018,_2_46_43_PM",fotocasa,gCloud,1543907519000,0,0,0,0,,piece--11-4,San Sebastián de los Reyes,1,-3.61849,40.6103,-3.61343,40.6051,-3.61596,40.6077
San Sebastián de los Reyes--piece--11-5--gCloud,"scraping-fotocasa-gCloud--12_3_2018,_2_46_43_PM",fotocasa,gCloud,1543907531000,0,0,0,0,,piece--11-5,San Sebastián de los Reyes,1,-3.61849,40.6051,-3.61343,40.5999,-3.61596,40.6025
San Sebastián de los Reyes--piece--11-6--gCloud,"scraping-fotocasa-gCloud--12_3_2018,_2_46_43_PM",fotocasa,gCloud,1543907538000,0,0,0,0,,piece--11-6,San Sebastián de los Reyes,1,-3.61849,40.5999,-3.61343,40.5947,-3.61596,40.5973
San Sebastián de los Reyes--piece--11-7--gCloud,"scraping-fotocasa-gCloud--12_3_2018,_2_46_43_PM",fotocasa,gCloud,1543907549000,0,0,0,0,,piece--11-7,San Sebastián de los Reyes,1,-3.61849,40.5947,-3.61343,40.5895,-3.61596,40.5921
San Sebastián de los Reyes--piece--11-8--gCloud,"scraping-fotocasa-gCloud--12_3_2018,_2_46_43_PM",fotocasa,gCloud,1543907561000,0,0,0,0,,piece--11-8,San Sebastián de los Reyes,1,-3.61849,40.5895,-3.61343,40.5843,-3.61596,40.5869
San Sebastián de los Reyes--piece--11-9--gCloud,"scraping-fotocasa-gCloud--12_3_2018,_2_46_43_PM",fotocasa,gCloud,1543907569000,0,0,0,0,,piece--11-9,San Sebastián de los Reyes,1,-3.61849,40.5843,-3.61343,40.5791,-3.61596,40.5817
San Sebastián de los Reyes--piece--12-0--gCloud,"scraping-fotocasa-gCloud--12_3_2018,_2_46_43_PM",fotocasa,gCloud,1543907578000,468.614,7,0,0,,piece--12-0,San Sebastián de los Reyes,1,-3.61343,40.6311,-3.60837,40.6259,-3.6109,40.6285
San Sebastián de los Reyes--piece--12-1--gCloud,"scraping-fotocasa-gCloud--12_3_2018,_2_46_43_PM",fotocasa,gCloud,1543907590000,472.034,14,0,0,,piece--12-1,San Sebastián de los Reyes,1,-3.61343,40.6259,-3.60837,40.6207,-3.6109,40.6233
San Sebastián de los Reyes--piece--12-10--gCloud,"scraping-fotocasa-gCloud--12_3_2018,_2_46_43_PM",fotocasa,gCloud,1543907599000,0,0,0,0,,piece--12-10,San Sebastián de los Reyes,1,-3.61343,40.5791,-3.60837,40.5739,-3.6109,40.5765
San Sebastián de los Reyes--piece--12-11--gCloud,"scraping-fotocasa-gCloud--12_3_2018,_2_46_43_PM",fotocasa,gCloud,1543907605000,2166.67,1,0,0,,piece--12-11,San Sebastián de los Reyes,1,-3.61343,40.5739,-3.60837,40.5687,-3.6109,40.5713
San Sebastián de los Reyes--piece--12-12--gCloud,"scraping-fotocasa-gCloud--12_3_2018,_2_46_43_PM",fotocasa,gCloud,1543907614000,3725,1,11.227,5,,piece--12-12,San Sebastián de los Reyes,1,-3.61343,40.5687,-3.60837,40.5635,-3.6109,40.5661
San Sebastián de los Reyes--piece--12-13--gCloud,"scraping-fotocasa-gCloud--12_3_2018,_2_46_43_PM",fotocasa,gCloud,1543907623000,0,0,11,1,,piece--12-13,San Sebastián de los Reyes,1,-3.61343,40.5635,-3.60837,40.5583,-3.6109,40.5609
San Sebastián de los Reyes--piece--12-14--gCloud,"scraping-fotocasa-gCloud--12_3_2018,_2_46_43_PM",fotocasa,gCloud,1543907631000,0,0,0,0,,piece--12-14,San Sebastián de los Reyes,1,-3.61343,40.5583,-3.60837,40.5531,-3.6109,40.5557
San Sebastián de los Reyes--piece--12-15--gCloud,"scraping-fotocasa-gCloud--12_3_2018,_2_46_43_PM",fotocasa,gCloud,1543907640000,3081.65,2,10.1514,4,,piece--12-15,San Sebastián de los Reyes,1,-3.61343,40.5531,-3.60837,40.5479,-3.6109,40.5505
San Sebastián de los Reyes--piece--12-16--gCloud,"scraping-fotocasa-gCloud--12_3_2018,_2_46_43_PM",fotocasa,gCloud,1543907652000,2.14286,1,0,0,,piece--12-16,San Sebastián de los Reyes,1,-3.61343,40.5479,-3.60837,40.5427,-3.6109,40.5453
San Sebastián de los Reyes--piece--12-17--gCloud,"scraping-fotocasa-gCloud--12_3_2018,_2_46_43_PM",fotocasa,gCloud,1543907660000,2241.67,1,0,0,,piece--12-17,San Sebastián de los Reyes,1,-3.61343,40.5427,-3.60837,40.5375,-3.6109,40.5401
San Sebastián de los Reyes--piece--12-18--gCloud,"scraping-fotocasa-gCloud--12_3_2018,_2_46_43_PM",fotocasa,gCloud,1543907669000,0,0,0,0,,piece--12-18,San Sebastián de los Reyes,1,-3.61343,40.5375,-3.60837,40.5322,-3.6109,40.5349
San Sebastián de los Reyes--piece--12-2--gCloud,"scraping-fotocasa-gCloud--12_3_2018,_2_46_43_PM",fotocasa,gCloud,1543907675000,263.552,19,9.28571,1,,piece--12-2,San Sebastián de los Reyes,1,-3.61343,40.6207,-3.60837,40.6155,-3.6109,40.6181
San Sebastián de los Reyes--piece--12-3--gCloud,"scraping-fotocasa-gCloud--12_3_2018,_2_46_43_PM",fotocasa,gCloud,1543907683000,1070.44,4,7.33333,1,,piece--12-3,San Sebastián de los Reyes,1,-3.61343,40.6155,-3.60837,40.6103,-3.6109,40.6129
San Sebastián de los Reyes--piece--12-4--gCloud,"scraping-fotocasa-gCloud--12_3_2018,_2_46_43_PM",fotocasa,gCloud,1543907692000,0,0,0,0,,piece--12-4,San Sebastián de los Reyes,1,-3.61343,40.6103,-3.60837,40.6051,-3.6109,40.6077
San Sebastián de los Reyes--piece--12-5--gCloud,"scraping-fotocasa-gCloud--12_3_2018,_2_46_43_PM",fotocasa,gCloud,1543907698000,0,0,0,0,,piece--12-5,San Sebastián de los Reyes,1,-3.61343,40.6051,-3.60837,40.5999,-3.6109,40.6025
San Sebastián de los Reyes--piece--12-6--gCloud,"scraping-fotocasa-gCloud--12_3_2018,_2_46_43_PM",fotocasa,gCloud,1543907709000,0,0,0,0,,piece--12-6,San Sebastián de los Reyes,1,-3.61343,40.5999,-3.60837,40.5947,-3.6109,40.5973
San Sebastián de los Reyes--piece--12-7--gCloud,"scraping-fotocasa-gCloud--12_3_2018,_2_46_43_PM",fotocasa,gCloud,1543907717000,0,0,0,0,,piece--12-7,San Sebastián de los Reyes,1,-3.61343,40.5947,-3.60837,40.5895,-3.6109,40.5921
San Sebastián de los Reyes--piece--12-8--gCloud,"scraping-fotocasa-gCloud--12_3_2018,_2_46_43_PM",fotocasa,gCloud,1543907723000,0,0,0,0,,piece--12-8,San Sebastián de los Reyes,1,-3.61343,40.5895,-3.60837,40.5843,-3.6109,40.5869
San Sebastián de los Reyes--piece--12-9--gCloud,"scraping-fotocasa-gCloud--12_3_2018,_2_46_43_PM",fotocasa,gCloud,1543907733000,0,0,0,0,,piece--12-9,San Sebastián de los Reyes,1,-3.61343,40.5843,-3.60837,40.5791,-3.6109,40.5817
San Sebastián de los Reyes--piece--13-0--gCloud,"scraping-fotocasa-gCloud--12_3_2018,_2_46_43_PM",fotocasa,gCloud,1543907741000,1399.34,6,0,0,,piece--13-0,San Sebastián de los Reyes,1,-3.60837,40.6311,-3.60331,40.6259,-3.60584,40.6285
San Sebastián de los Reyes--piece--13-1--gCloud,"scraping-fotocasa-gCloud--12_3_2018,_2_46_43_PM",fotocasa,gCloud,1543907751000,608.589,3,0,0,,piece--13-1,San Sebastián de los Reyes,1,-3.60837,40.6259,-3.60331,40.6207,-3.60584,40.6233
San Sebastián de los Reyes--piece--13-10--gCloud,"scraping-fotocasa-gCloud--12_3_2018,_2_46_43_PM",fotocasa,gCloud,1543907767000,2094.62,2,0,0,,piece--13-10,San Sebastián de los Reyes,1,-3.60837,40.5791,-3.60331,40.5739,-3.60584,40.5765
San Sebastián de los Reyes--piece--13-11--gCloud,"scraping-fotocasa-gCloud--12_3_2018,_2_46_43_PM",fotocasa,gCloud,1543907776000,2318.42,9,0,0,,piece--13-11,San Sebastián de los Reyes,1,-3.60837,40.5739,-3.60331,40.5687,-3.60584,40.5713
San Sebastián de los Reyes--piece--13-12--gCloud,"scraping-fotocasa-gCloud--12_3_2018,_2_46_43_PM",fotocasa,gCloud,1543907787000,2345.45,1,10.5556,1,,piece--13-12,San Sebastián de los Reyes,1,-3.60837,40.5687,-3.60331,40.5635,-3.60584,40.5661
San Sebastián de los Reyes--piece--13-13--gCloud,"scraping-fotocasa-gCloud--12_3_2018,_2_46_43_PM",fotocasa,gCloud,1543907799000,0,0,0,0,,piece--13-13,San Sebastián de los Reyes,1,-3.60837,40.5635,-3.60331,40.5583,-3.60584,40.5609
San Sebastián de los Reyes--piece--13-14--gCloud,"scraping-fotocasa-gCloud--12_3_2018,_2_46_43_PM",fotocasa,gCloud,1543907811000,0,0,0,0,,piece--13-14,San Sebastián de los Reyes,1,-3.60837,40.5583,-3.60331,40.5531,-3.60584,40.5557
San Sebastián de los Reyes--piece--13-15--gCloud,"scraping-fotocasa-gCloud--12_3_2018,_2_46_43_PM",fotocasa,gCloud,1543907820000,0,0,0,0,,piece--13-15,San Sebastián de los Reyes,1,-3.60837,40.5531,-3.60331,40.5479,-3.60584,40.5505
San Sebastián de los Reyes--piece--13-16--gCloud,"scraping-fotocasa-gCloud--12_3_2018,_2_46_43_PM",fotocasa,gCloud,1543907827000,0,0,0,0,,piece--13-16,San Sebastián de los Reyes,1,-3.60837,40.5479,-3.60331,40.5427,-3.60584,40.5453
San Sebastián de los Reyes--piece--13-17--gCloud,"scraping-fotocasa-gCloud--12_3_2018,_2_46_43_PM",fotocasa,gCloud,1543907837000,0,0,0,0,,piece--13-17,San Sebastián de los Reyes,1,-3.60837,40.5427,-3.60331,40.5375,-3.60584,40.5401
San Sebastián de los Reyes--piece--13-18--gCloud,"scraping-fotocasa-gCloud--12_3_2018,_2_46_43_PM",fotocasa,gCloud,1543907846000,0,0,0,0,,piece--13-18,San Sebastián de los Reyes,1,-3.60837,40.5375,-3.60331,40.5322,-3.60584,40.5349
San Sebastián de los Reyes--piece--13-2--gCloud,"scraping-fotocasa-gCloud--12_3_2018,_2_46_43_PM",fotocasa,gCloud,1543907853000,108.577,11,0,0,,piece--13-2,San Sebastián de los Reyes,1,-3.60837,40.6207,-3.60331,40.6155,-3.60584,40.6181
San Sebastián de los Reyes--piece--13-3--gCloud,"scraping-fotocasa-gCloud--12_3_2018,_2_46_43_PM",fotocasa,gCloud,1543907862000,2.60389,3,7.33333,1,,piece--13-3,San Sebastián de los Reyes,1,-3.60837,40.6155,-3.60331,40.6103,-3.60584,40.6129
San Sebastián de los Reyes--piece--13-4--gCloud,"scraping-fotocasa-gCloud--12_3_2018,_2_46_43_PM",fotocasa,gCloud,1543907869000,0,0,0,0,,piece--13-4,San Sebastián de los Reyes,1,-3.60837,40.6103,-3.60331,40.6051,-3.60584,40.6077
San Sebastián de los Reyes--piece--13-5--gCloud,"scraping-fotocasa-gCloud--12_3_2018,_2_46_43_PM",fotocasa,gCloud,1543907874000,0,0,0,0,,piece--13-5,San Sebastián de los Reyes,1,-3.60837,40.6051,-3.60331,40.5999,-3.60584,40.6025
San Sebastián de los Reyes--piece--13-6--gCloud,"scraping-fotocasa-gCloud--12_3_2018,_2_46_43_PM",fotocasa,gCloud,1543907883000,0,0,0,0,,piece--13-6,San Sebastián de los Reyes,1,-3.60837,40.5999,-3.60331,40.5947,-3.60584,40.5973
San Sebastián de los Reyes--piece--13-7--gCloud,"scraping-fotocasa-gCloud--12_3_2018,_2_46_43_PM",fotocasa,gCloud,1543907888000,0,0,0,0,,piece--13-7,San Sebastián de los Reyes,1,-3.60837,40.5947,-3.60331,40.5895,-3.60584,40.5921
San Sebastián de los Reyes--piece--13-8--gCloud,"scraping-fotocasa-gCloud--12_3_2018,_2_46_43_PM",fotocasa,gCloud,1543907896000,0,0,0,0,,piece--13-8,San Sebastián de los Reyes,1,-3.60837,40.5895,-3.60331,40.5843,-3.60584,40.5869
San Sebastián de los Reyes--piece--13-9--gCloud,"scraping-fotocasa-gCloud--12_3_2018,_2_46_43_PM",fotocasa,gCloud,1543907907000,0,0,0,0,,piece--13-9,San Sebastián de los Reyes,1,-3.60837,40.5843,-3.60331,40.5791,-3.60584,40.5817
San Sebastián de los Reyes--piece--14-0--gCloud,"scraping-fotocasa-gCloud--12_3_2018,_2_46_43_PM",fotocasa,gCloud,1543907916000,0,0,0,0,,piece--14-0,San Sebastián de los Reyes,1,-3.60331,40.6311,-3.59826,40.6259,-3.60078,40.6285
San Sebastián de los Reyes--piece--14-1--gCloud,"scraping-fotocasa-gCloud--12_3_2018,_2_46_43_PM",fotocasa,gCloud,1543907921000,0,0,0,0,,piece--14-1,San Sebastián de los Reyes,1,-3.60331,40.6259,-3.59826,40.6207,-3.60078,40.6233
San Sebastián de los Reyes--piece--14-10--gCloud,"scraping-fotocasa-gCloud--12_3_2018,_2_46_43_PM",fotocasa,gCloud,1543907927000,1230.16,1,0,0,,piece--14-10,San Sebastián de los Reyes,1,-3.60331,40.5791,-3.59826,40.5739,-3.60078,40.5765
San Sebastián de los Reyes--piece--14-11--gCloud,"scraping-fotocasa-gCloud--12_3_2018,_2_46_43_PM",fotocasa,gCloud,1543907935000,1708.33,1,0,0,,piece--14-11,San Sebastián de los Reyes,1,-3.60331,40.5739,-3.59826,40.5687,-3.60078,40.5713
San Sebastián de los Reyes--piece--14-12--gCloud,"scraping-fotocasa-gCloud--12_3_2018,_2_46_43_PM",fotocasa,gCloud,1543907947000,0,0,0,0,,piece--14-12,San Sebastián de los Reyes,1,-3.60331,40.5687,-3.59826,40.5635,-3.60078,40.5661
San Sebastián de los Reyes--piece--14-13--gCloud,"scraping-fotocasa-gCloud--12_3_2018,_2_46_43_PM",fotocasa,gCloud,1543907955000,0,0,0,0,,piece--14-13,San Sebastián de los Reyes,1,-3.60331,40.5635,-3.59826,40.5583,-3.60078,40.5609
San Sebastián de los Reyes--piece--14-14--gCloud,"scraping-fotocasa-gCloud--12_3_2018,_2_46_43_PM",fotocasa,gCloud,1543907960000,0,0,0,0,,piece--14-14,San Sebastián de los Reyes,1,-3.60331,40.5583,-3.59826,40.5531,-3.60078,40.5557
San Sebastián de los Reyes--piece--14-15--gCloud,"scraping-fotocasa-gCloud--12_3_2018,_2_46_43_PM",fotocasa,gCloud,1543907967000,0,0,0,0,,piece--14-15,San Sebastián de los Reyes,1,-3.60331,40.5531,-3.59826,40.5479,-3.60078,40.5505
San Sebastián de los Reyes--piece--14-16--gCloud,"scraping-fotocasa-gCloud--12_3_2018,_2_46_43_PM",fotocasa,gCloud,1543907978000,0,0,0,1,,piece--14-16,San Sebastián de los Reyes,1,-3.60331,40.5479,-3.59826,40.5427,-3.60078,40.5453
San Sebastián de los Reyes--piece--14-17--gCloud,"scraping-fotocasa-gCloud--12_3_2018,_2_46_43_PM",fotocasa,gCloud,1543907984000,0,0,0,0,,piece--14-17,San Sebastián de los Reyes,1,-3.60331,40.5427,-3.59826,40.5375,-3.60078,40.5401
San Sebastián de los Reyes--piece--14-18--gCloud,"scraping-fotocasa-gCloud--12_3_2018,_2_46_43_PM",fotocasa,gCloud,1543907992000,0,0,0,0,,piece--14-18,San Sebastián de los Reyes,1,-3.60331,40.5375,-3.59826,40.5322,-3.60078,40.5349
San Sebastián de los Reyes--piece--14-2--gCloud,"scraping-fotocasa-gCloud--12_3_2018,_2_46_43_PM",fotocasa,gCloud,1543908001000,2.47324,12,11.1111,1,,piece--14-2,San Sebastián de los Reyes,1,-3.60331,40.6207,-3.59826,40.6155,-3.60078,40.6181
San Sebastián de los Reyes--piece--14-3--gCloud,"scraping-fotocasa-gCloud--12_3_2018,_2_46_43_PM",fotocasa,gCloud,1543908009000,2.5,1,0,0,,piece--14-3,San Sebastián de los Reyes,1,-3.60331,40.6155,-3.59826,40.6103,-3.60078,40.6129
San Sebastián de los Reyes--piece--14-4--gCloud,"scraping-fotocasa-gCloud--12_3_2018,_2_46_43_PM",fotocasa,gCloud,1543908017000,0,0,0,0,,piece--14-4,San Sebastián de los Reyes,1,-3.60331,40.6103,-3.59826,40.6051,-3.60078,40.6077
San Sebastián de los Reyes--piece--14-5--gCloud,"scraping-fotocasa-gCloud--12_3_2018,_2_46_43_PM",fotocasa,gCloud,1543908029000,0,0,0,0,,piece--14-5,San Sebastián de los Reyes,1,-3.60331,40.6051,-3.59826,40.5999,-3.60078,40.6025
San Sebastián de los Reyes--piece--14-6--gCloud,"scraping-fotocasa-gCloud--12_3_2018,_2_46_43_PM",fotocasa,gCloud,1543908040000,669.19,9,0,0,,piece--14-6,San Sebastián de los Reyes,1,-3.60331,40.5999,-3.59826,40.5947,-3.60078,40.5973
San Sebastián de los Reyes--piece--14-7--gCloud,"scraping-fotocasa-gCloud--12_3_2018,_2_46_43_PM",fotocasa,gCloud,1543908053000,919.436,10,8.28571,1,,piece--14-7,San Sebastián de los Reyes,1,-3.60331,40.5947,-3.59826,40.5895,-3.60078,40.5921
San Sebastián de los Reyes--piece--14-8--gCloud,"scraping-fotocasa-gCloud--12_3_2018,_2_46_43_PM",fotocasa,gCloud,1543908061000,990.758,5,7.10455,2,,piece--14-8,San Sebastián de los Reyes,1,-3.60331,40.5895,-3.59826,40.5843,-3.60078,40.5869
San Sebastián de los Reyes--piece--14-9--gCloud,"scraping-fotocasa-gCloud--12_3_2018,_2_46_43_PM",fotocasa,gCloud,1543908069000,0,0,0,0,,piece--14-9,San Sebastián de los Reyes,1,-3.60331,40.5843,-3.59826,40.5791,-3.60078,40.5817
San Sebastián de los Reyes--piece--15-0--gCloud,"scraping-fotocasa-gCloud--12_3_2018,_2_46_43_PM",fotocasa,gCloud,1543908076000,2.55562,2,7,3,,piece--15-0,San Sebastián de los Reyes,1,-3.59826,40.6311,-3.5932,40.6259,-3.59573,40.6285
San Sebastián de los Reyes--piece--15-1--gCloud,"scraping-fotocasa-gCloud--12_3_2018,_2_46_43_PM",fotocasa,gCloud,1543908085000,0,0,0,0,,piece--15-1,San Sebastián de los Reyes,1,-3.59826,40.6259,-3.5932,40.6207,-3.59573,40.6233
San Sebastián de los Reyes--piece--15-10--gCloud,"scraping-fotocasa-gCloud--12_3_2018,_2_46_43_PM",fotocasa,gCloud,1543908094000,0,0,0,0,,piece--15-10,San Sebastián de los Reyes,1,-3.59826,40.5791,-3.5932,40.5739,-3.59573,40.5765
San Sebastián de los Reyes--piece--15-11--gCloud,"scraping-fotocasa-gCloud--12_3_2018,_2_46_43_PM",fotocasa,gCloud,1543908101000,0,0,0,0,,piece--15-11,San Sebastián de los Reyes,1,-3.59826,40.5739,-3.5932,40.5687,-3.59573,40.5713
San Sebastián de los Reyes--piece--15-12--gCloud,"scraping-fotocasa-gCloud--12_3_2018,_2_46_43_PM",fotocasa,gCloud,1543908106000,0,0,0,0,,piece--15-12,San Sebastián de los Reyes,1,-3.59826,40.5687,-3.5932,40.5635,-3.59573,40.5661
San Sebastián de los Reyes--piece--15-13--gCloud,"scraping-fotocasa-gCloud--12_3_2018,_2_46_43_PM",fotocasa,gCloud,1543908117000,0,0,0,0,,piece--15-13,San Sebastián de los Reyes,1,-3.59826,40.5635,-3.5932,40.5583,-3.59573,40.5609
San Sebastián de los Reyes--piece--15-14--gCloud,"scraping-fotocasa-gCloud--12_3_2018,_2_46_43_PM",fotocasa,gCloud,1543908128000,0,0,0,0,,piece--15-14,San Sebastián de los Reyes,1,-3.59826,40.5583,-3.5932,40.5531,-3.59573,40.5557
San Sebastián de los Reyes--piece--15-15--gCloud,"scraping-fotocasa-gCloud--12_3_2018,_2_46_43_PM",fotocasa,gCloud,1543908133000,0,0,0,0,,piece--15-15,San Sebastián de los Reyes,1,-3.59826,40.5531,-3.5932,40.5479,-3.59573,40.5505
San Sebastián de los Reyes--piece--15-16--gCloud,"scraping-fotocasa-gCloud--12_3_2018,_2_46_43_PM",fotocasa,gCloud,1543908142000,2.15385,1,0,0,,piece--15-16,San Sebastián de los Reyes,1,-3.59826,40.5479,-3.5932,40.5427,-3.59573,40.5453
San Sebastián de los Reyes--piece--15-17--gCloud,"scraping-fotocasa-gCloud--12_3_2018,_2_46_43_PM",fotocasa,gCloud,1543908152000,0,0,0,0,,piece--15-17,San Sebastián de los Reyes,1,-3.59826,40.5427,-3.5932,40.5375,-3.59573,40.5401
San Sebastián de los Reyes--piece--15-18--gCloud,"scraping-fotocasa-gCloud--12_3_2018,_2_46_43_PM",fotocasa,gCloud,1543908168000,0,0,0,0,,piece--15-18,San Sebastián de los Reyes,1,-3.59826,40.5375,-3.5932,40.5322,-3.59573,40.5349
San Sebastián de los Reyes--piece--15-2--gCloud,"scraping-fotocasa-gCloud--12_3_2018,_2_46_43_PM",fotocasa,gCloud,1543908174000,746.471,12,0,0,,piece--15-2,San Sebastián de los Reyes,1,-3.59826,40.6207,-3.5932,40.6155,-3.59573,40.6181
San Sebastián de los Reyes--piece--15-3--gCloud,"scraping-fotocasa-gCloud--12_3_2018,_2_46_43_PM",fotocasa,gCloud,1543908185000,0,0,0,0,,piece--15-3,San Sebastián de los Reyes,1,-3.59826,40.6155,-3.5932,40.6103,-3.59573,40.6129
San Sebastián de los Reyes--piece--15-4--gCloud,"scraping-fotocasa-gCloud--12_3_2018,_2_46_43_PM",fotocasa,gCloud,1543908191000,0,0,0,0,,piece--15-4,San Sebastián de los Reyes,1,-3.59826,40.6103,-3.5932,40.6051,-3.59573,40.6077
San Sebastián de los Reyes--piece--15-5--gCloud,"scraping-fotocasa-gCloud--12_3_2018,_2_46_43_PM",fotocasa,gCloud,1543908196000,0,0,0,0,,piece--15-5,San Sebastián de los Reyes,1,-3.59826,40.6051,-3.5932,40.5999,-3.59573,40.6025
San Sebastián de los Reyes--piece--15-6--gCloud,"scraping-fotocasa-gCloud--12_3_2018,_2_46_43_PM",fotocasa,gCloud,1543908206000,1733.57,3,7.18182,2,,piece--15-6,San Sebastián de los Reyes,1,-3.59826,40.5999,-3.5932,40.5947,-3.59573,40.5973
San Sebastián de los Reyes--piece--15-7--gCloud,"scraping-fotocasa-gCloud--12_3_2018,_2_46_43_PM",fotocasa,gCloud,1543908220000,1437.96,9,7.77778,1,,piece--15-7,San Sebastián de los Reyes,1,-3.59826,40.5947,-3.5932,40.5895,-3.59573,40.5921
San Sebastián de los Reyes--piece--15-8--gCloud,"scraping-fotocasa-gCloud--12_3_2018,_2_46_43_PM",fotocasa,gCloud,1543908232000,466.195,14,8.06921,2,,piece--15-8,San Sebastián de los Reyes,1,-3.59826,40.5895,-3.5932,40.5843,-3.59573,40.5869
San Sebastián de los Reyes--piece--15-9--gCloud,"scraping-fotocasa-gCloud--12_3_2018,_2_46_43_PM",fotocasa,gCloud,1543908241000,0,0,0,0,,piece--15-9,San Sebastián de los Reyes,1,-3.59826,40.5843,-3.5932,40.5791,-3.59573,40.5817
San Sebastián de los Reyes--piece--16-0--gCloud,"scraping-fotocasa-gCloud--12_3_2018,_2_46_43_PM",fotocasa,gCloud,1543908250000,381.551,17,8.45528,3,,piece--16-0,San Sebastián de los Reyes,1,-3.5932,40.6311,-3.58814,40.6259,-3.59067,40.6285
San Sebastián de los Reyes--piece--16-1--gCloud,"scraping-fotocasa-gCloud--12_3_2018,_2_46_43_PM",fotocasa,gCloud,1543908260000,1160.82,10,11.3591,2,,piece--16-1,San Sebastián de los Reyes,1,-3.5932,40.6259,-3.58814,40.6207,-3.59067,40.6233
San Sebastián de los Reyes--piece--16-10--gCloud,"scraping-fotocasa-gCloud--12_3_2018,_2_46_43_PM",fotocasa,gCloud,1543908268000,3777.78,1,0,0,,piece--16-10,San Sebastián de los Reyes,1,-3.5932,40.5791,-3.58814,40.5739,-3.59067,40.5765
San Sebastián de los Reyes--piece--16-11--gCloud,"scraping-fotocasa-gCloud--12_3_2018,_2_46_43_PM",fotocasa,gCloud,1543908276000,0,0,0,0,,piece--16-11,San Sebastián de los Reyes,1,-3.5932,40.5739,-3.58814,40.5687,-3.59067,40.5713
San Sebastián de los Reyes--piece--16-12--gCloud,"scraping-fotocasa-gCloud--12_3_2018,_2_46_43_PM",fotocasa,gCloud,1543908282000,0,0,0,0,,piece--16-12,San Sebastián de los Reyes,1,-3.5932,40.5687,-3.58814,40.5635,-3.59067,40.5661
San Sebastián de los Reyes--piece--16-13--gCloud,"scraping-fotocasa-gCloud--12_3_2018,_2_46_43_PM",fotocasa,gCloud,1543908291000,0,0,0,0,,piece--16-13,San Sebastián de los Reyes,1,-3.5932,40.5635,-3.58814,40.5583,-3.59067,40.5609
San Sebastián de los Reyes--piece--16-14--gCloud,"scraping-fotocasa-gCloud--12_3_2018,_2_46_43_PM",fotocasa,gCloud,1543908300000,0,0,0,0,,piece--16-14,San Sebastián de los Reyes,1,-3.5932,40.5583,-3.58814,40.5531,-3.59067,40.5557
San Sebastián de los Reyes--piece--16-15--gCloud,"scraping-fotocasa-gCloud--12_3_2018,_2_46_43_PM",fotocasa,gCloud,1543908311000,0,0,0,0,,piece--16-15,San Sebastián de los Reyes,1,-3.5932,40.5531,-3.58814,40.5479,-3.59067,40.5505
San Sebastián de los Reyes--piece--16-16--gCloud,"scraping-fotocasa-gCloud--12_3_2018,_2_46_43_PM",fotocasa,gCloud,1543908316000,0,0,0,0,,piece--16-16,San Sebastián de los Reyes,1,-3.5932,40.5479,-3.58814,40.5427,-3.59067,40.5453
San Sebastián de los Reyes--piece--16-17--gCloud,"scraping-fotocasa-gCloud--12_3_2018,_2_46_43_PM",fotocasa,gCloud,1543908328000,0,0,0,0,,piece--16-17,San Sebastián de los Reyes,1,-3.5932,40.5427,-3.58814,40.5375,-3.59067,40.5401
San Sebastián de los Reyes--piece--16-18--gCloud,"scraping-fotocasa-gCloud--12_3_2018,_2_46_43_PM",fotocasa,gCloud,1543908336000,0,0,0,0,,piece--16-18,San Sebastián de los Reyes,1,-3.5932,40.5375,-3.58814,40.5322,-3.59067,40.5349
San Sebastián de los Reyes--piece--16-2--gCloud,"scraping-fotocasa-gCloud--12_3_2018,_2_46_43_PM",fotocasa,gCloud,1543908341000,1251.12,2,0,0,,piece--16-2,San Sebastián de los Reyes,1,-3.5932,40.6207,-3.58814,40.6155,-3.59067,40.6181
San Sebastián de los Reyes--piece--16-3--gCloud,"scraping-fotocasa-gCloud--12_3_2018,_2_46_43_PM",fotocasa,gCloud,1543908352000,0,0,0,0,,piece--16-3,San Sebastián de los Reyes,1,-3.5932,40.6155,-3.58814,40.6103,-3.59067,40.6129
San Sebastián de los Reyes--piece--16-4--gCloud,"scraping-fotocasa-gCloud--12_3_2018,_2_46_43_PM",fotocasa,gCloud,1543908358000,0,0,0,0,,piece--16-4,San Sebastián de los Reyes,1,-3.5932,40.6103,-3.58814,40.6051,-3.59067,40.6077
San Sebastián de los Reyes--piece--16-5--gCloud,"scraping-fotocasa-gCloud--12_3_2018,_2_46_43_PM",fotocasa,gCloud,1543908363000,0,0,0,0,,piece--16-5,San Sebastián de los Reyes,1,-3.5932,40.6051,-3.58814,40.5999,-3.59067,40.6025
San Sebastián de los Reyes--piece--16-6--gCloud,"scraping-fotocasa-gCloud--12_3_2018,_2_46_43_PM",fotocasa,gCloud,1543908368000,292.996,5,0,0,,piece--16-6,San Sebastián de los Reyes,1,-3.5932,40.5999,-3.58814,40.5947,-3.59067,40.5973
San Sebastián de los Reyes--piece--16-7--gCloud,"scraping-fotocasa-gCloud--12_3_2018,_2_46_43_PM",fotocasa,gCloud,1543908374000,881.087,14,9.08132,2,,piece--16-7,San Sebastián de los Reyes,1,-3.5932,40.5947,-3.58814,40.5895,-3.59067,40.5921
San Sebastián de los Reyes--piece--16-8--gCloud,"scraping-fotocasa-gCloud--12_3_2018,_2_46_43_PM",fotocasa,gCloud,1543908380000,753.685,8,5.53846,1,,piece--16-8,San Sebastián de los Reyes,1,-3.5932,40.5895,-3.58814,40.5843,-3.59067,40.5869
San Sebastián de los Reyes--piece--16-9--gCloud,"scraping-fotocasa-gCloud--12_3_2018,_2_46_43_PM",fotocasa,gCloud,1543908386000,799.621,6,0,0,,piece--16-9,San Sebastián de los Reyes,1,-3.5932,40.5843,-3.58814,40.5791,-3.59067,40.5817
San Sebastián de los Reyes--piece--17-0--gCloud,"scraping-fotocasa-gCloud--12_3_2018,_2_46_43_PM",fotocasa,gCloud,1543908397000,0,0,0,0,,piece--17-0,San Sebastián de los Reyes,1,-3.58814,40.6311,-3.58308,40.6259,-3.58561,40.6285
