piece_id,scraping_id,app_id,device_id,date_scraped,average_prize_buy,number_of_ads_buy,average_prize_rent,number_of_ads_rent,extra_data,piece_name,city_name,scraped,bounding_box1_x,bounding_box1_y,bounding_box2_x,bounding_box2_y,center_point_x,center_point_y
San Fernando de Henares--piece--0-0--gCloud,"scraping-fotocasa-gCloud--12_3_2018,_2_46_43_PM",fotocasa,gCloud,1543904318000,0,0,0,0,,piece--0-0,San Fernando de Henares,1,-3.538,40.4729,-3.53291,40.4678,-3.53546,40.4703
San Fernando de Henares--piece--0-1--gCloud,"scraping-fotocasa-gCloud--12_3_2018,_2_46_43_PM",fotocasa,gCloud,1543904323000,0,0,0,0,,piece--0-1,San Fernando de Henares,1,-3.538,40.4678,-3.53291,40.4627,-3.53546,40.4652
San Fernando de Henares--piece--0-10--gCloud,"scraping-fotocasa-gCloud--12_3_2018,_2_46_43_PM",fotocasa,gCloud,1543904332000,1920.28,4,0,0,,piece--0-10,San Fernando de Henares,1,-3.538,40.4218,-3.53291,40.4167,-3.53546,40.4193
San Fernando de Henares--piece--0-11--gCloud,"scraping-fotocasa-gCloud--12_3_2018,_2_46_43_PM",fotocasa,gCloud,1543904344000,0,0,0,0,,piece--0-11,San Fernando de Henares,1,-3.538,40.4167,-3.53291,40.4116,-3.53546,40.4142
San Fernando de Henares--piece--0-12--gCloud,"scraping-fotocasa-gCloud--12_3_2018,_2_46_43_PM",fotocasa,gCloud,1543904352000,0,0,0,0,,piece--0-12,San Fernando de Henares,1,-3.538,40.4116,-3.53291,40.4065,-3.53546,40.4091
San Fernando de Henares--piece--0-2--gCloud,"scraping-fotocasa-gCloud--12_3_2018,_2_46_43_PM",fotocasa,gCloud,1543904363000,0,0,0,0,,piece--0-2,San Fernando de Henares,1,-3.538,40.4627,-3.53291,40.4576,-3.53546,40.4601
San Fernando de Henares--piece--0-3--gCloud,"scraping-fotocasa-gCloud--12_3_2018,_2_46_43_PM",fotocasa,gCloud,1543904368000,0,0,0,0,,piece--0-3,San Fernando de Henares,1,-3.538,40.4576,-3.53291,40.4525,-3.53546,40.455
San Fernando de Henares--piece--0-4--gCloud,"scraping-fotocasa-gCloud--12_3_2018,_2_46_43_PM",fotocasa,gCloud,1543904374000,0,0,0,0,,piece--0-4,San Fernando de Henares,1,-3.538,40.4525,-3.53291,40.4474,-3.53546,40.4499
San Fernando de Henares--piece--0-5--gCloud,"scraping-fotocasa-gCloud--12_3_2018,_2_46_43_PM",fotocasa,gCloud,1543904379000,0,0,0,0,,piece--0-5,San Fernando de Henares,1,-3.538,40.4474,-3.53291,40.4423,-3.53546,40.4448
San Fernando de Henares--piece--0-6--gCloud,"scraping-fotocasa-gCloud--12_3_2018,_2_46_43_PM",fotocasa,gCloud,1543904390000,1627.76,3,0,0,,piece--0-6,San Fernando de Henares,1,-3.538,40.4423,-3.53291,40.4372,-3.53546,40.4397
San Fernando de Henares--piece--0-7--gCloud,"scraping-fotocasa-gCloud--12_3_2018,_2_46_43_PM",fotocasa,gCloud,1543904396000,1662.77,3,0,0,,piece--0-7,San Fernando de Henares,1,-3.538,40.4372,-3.53291,40.4321,-3.53546,40.4346
San Fernando de Henares--piece--0-8--gCloud,"scraping-fotocasa-gCloud--12_3_2018,_2_46_43_PM",fotocasa,gCloud,1543904401000,1977.28,5,0,0,,piece--0-8,San Fernando de Henares,1,-3.538,40.4321,-3.53291,40.427,-3.53546,40.4295
San Fernando de Henares--piece--0-9--gCloud,"scraping-fotocasa-gCloud--12_3_2018,_2_46_43_PM",fotocasa,gCloud,1543904408000,1925.25,28,12.2807,1,,piece--0-9,San Fernando de Henares,1,-3.538,40.427,-3.53291,40.4218,-3.53546,40.4244
San Fernando de Henares--piece--1-0--gCloud,"scraping-fotocasa-gCloud--12_3_2018,_2_46_43_PM",fotocasa,gCloud,1543904416000,0,0,0,0,,piece--1-0,San Fernando de Henares,1,-3.53291,40.4729,-3.52781,40.4678,-3.53036,40.4703
San Fernando de Henares--piece--1-1--gCloud,"scraping-fotocasa-gCloud--12_3_2018,_2_46_43_PM",fotocasa,gCloud,1543904425000,0,0,0,0,,piece--1-1,San Fernando de Henares,1,-3.53291,40.4678,-3.52781,40.4627,-3.53036,40.4652
San Fernando de Henares--piece--1-10--gCloud,"scraping-fotocasa-gCloud--12_3_2018,_2_46_43_PM",fotocasa,gCloud,1543904436000,1964.71,1,0,0,,piece--1-10,San Fernando de Henares,1,-3.53291,40.4218,-3.52781,40.4167,-3.53036,40.4193
San Fernando de Henares--piece--1-11--gCloud,"scraping-fotocasa-gCloud--12_3_2018,_2_46_43_PM",fotocasa,gCloud,1543904445000,0,0,0,0,,piece--1-11,San Fernando de Henares,1,-3.53291,40.4167,-3.52781,40.4116,-3.53036,40.4142
San Fernando de Henares--piece--1-12--gCloud,"scraping-fotocasa-gCloud--12_3_2018,_2_46_43_PM",fotocasa,gCloud,1543904450000,0,0,0,0,,piece--1-12,San Fernando de Henares,1,-3.53291,40.4116,-3.52781,40.4065,-3.53036,40.4091
San Fernando de Henares--piece--1-2--gCloud,"scraping-fotocasa-gCloud--12_3_2018,_2_46_43_PM",fotocasa,gCloud,1543904459000,0,0,0,0,,piece--1-2,San Fernando de Henares,1,-3.53291,40.4627,-3.52781,40.4576,-3.53036,40.4601
San Fernando de Henares--piece--1-3--gCloud,"scraping-fotocasa-gCloud--12_3_2018,_2_46_43_PM",fotocasa,gCloud,1543904467000,0,0,0,0,,piece--1-3,San Fernando de Henares,1,-3.53291,40.4576,-3.52781,40.4525,-3.53036,40.455
San Fernando de Henares--piece--1-4--gCloud,"scraping-fotocasa-gCloud--12_3_2018,_2_46_43_PM",fotocasa,gCloud,1543904475000,0,0,0,0,,piece--1-4,San Fernando de Henares,1,-3.53291,40.4525,-3.52781,40.4474,-3.53036,40.4499
San Fernando de Henares--piece--1-5--gCloud,"scraping-fotocasa-gCloud--12_3_2018,_2_46_43_PM",fotocasa,gCloud,1543904480000,0,0,0,0,,piece--1-5,San Fernando de Henares,1,-3.53291,40.4474,-3.52781,40.4423,-3.53036,40.4448
San Fernando de Henares--piece--1-6--gCloud,"scraping-fotocasa-gCloud--12_3_2018,_2_46_43_PM",fotocasa,gCloud,1543904492000,1673.96,9,0,0,,piece--1-6,San Fernando de Henares,1,-3.53291,40.4423,-3.52781,40.4372,-3.53036,40.4397
San Fernando de Henares--piece--1-7--gCloud,"scraping-fotocasa-gCloud--12_3_2018,_2_46_43_PM",fotocasa,gCloud,1543904497000,0,0,0,0,,piece--1-7,San Fernando de Henares,1,-3.53291,40.4372,-3.52781,40.4321,-3.53036,40.4346
San Fernando de Henares--piece--1-8--gCloud,"scraping-fotocasa-gCloud--12_3_2018,_2_46_43_PM",fotocasa,gCloud,1543904504000,2374.31,22,7.73203,3,,piece--1-8,San Fernando de Henares,1,-3.53291,40.4321,-3.52781,40.427,-3.53036,40.4295
San Fernando de Henares--piece--1-9--gCloud,"scraping-fotocasa-gCloud--12_3_2018,_2_46_43_PM",fotocasa,gCloud,1543904514000,1750.06,18,11.7222,2,,piece--1-9,San Fernando de Henares,1,-3.53291,40.427,-3.52781,40.4218,-3.53036,40.4244
San Fernando de Henares--piece--10-0--gCloud,"scraping-fotocasa-gCloud--12_3_2018,_2_46_43_PM",fotocasa,gCloud,1543904527000,0,0,0,0,,piece--10-0,San Fernando de Henares,1,-3.48706,40.4729,-3.48196,40.4678,-3.48451,40.4703
San Fernando de Henares--piece--10-1--gCloud,"scraping-fotocasa-gCloud--12_3_2018,_2_46_43_PM",fotocasa,gCloud,1543904533000,1542.86,1,8.16901,1,,piece--10-1,San Fernando de Henares,1,-3.48706,40.4678,-3.48196,40.4627,-3.48451,40.4652
San Fernando de Henares--piece--10-10--gCloud,"scraping-fotocasa-gCloud--12_3_2018,_2_46_43_PM",fotocasa,gCloud,1543904544000,0,0,0,0,,piece--10-10,San Fernando de Henares,1,-3.48706,40.4218,-3.48196,40.4167,-3.48451,40.4193
San Fernando de Henares--piece--10-11--gCloud,"scraping-fotocasa-gCloud--12_3_2018,_2_46_43_PM",fotocasa,gCloud,1543904552000,0,0,0,0,,piece--10-11,San Fernando de Henares,1,-3.48706,40.4167,-3.48196,40.4116,-3.48451,40.4142
San Fernando de Henares--piece--10-12--gCloud,"scraping-fotocasa-gCloud--12_3_2018,_2_46_43_PM",fotocasa,gCloud,1543904564000,1125,1,0,0,,piece--10-12,San Fernando de Henares,1,-3.48706,40.4116,-3.48196,40.4065,-3.48451,40.4091
San Fernando de Henares--piece--10-2--gCloud,"scraping-fotocasa-gCloud--12_3_2018,_2_46_43_PM",fotocasa,gCloud,1543904571000,1867.86,30,0,0,,piece--10-2,San Fernando de Henares,1,-3.48706,40.4627,-3.48196,40.4576,-3.48451,40.4601
San Fernando de Henares--piece--10-3--gCloud,"scraping-fotocasa-gCloud--12_3_2018,_2_46_43_PM",fotocasa,gCloud,1543904577000,1799.2,21,8.5,1,,piece--10-3,San Fernando de Henares,1,-3.48706,40.4576,-3.48196,40.4525,-3.48451,40.455
San Fernando de Henares--piece--10-4--gCloud,"scraping-fotocasa-gCloud--12_3_2018,_2_46_43_PM",fotocasa,gCloud,1543904585000,0,0,0,0,,piece--10-4,San Fernando de Henares,1,-3.48706,40.4525,-3.48196,40.4474,-3.48451,40.4499
San Fernando de Henares--piece--10-5--gCloud,"scraping-fotocasa-gCloud--12_3_2018,_2_46_43_PM",fotocasa,gCloud,1543904596000,0,0,0,0,,piece--10-5,San Fernando de Henares,1,-3.48706,40.4474,-3.48196,40.4423,-3.48451,40.4448
San Fernando de Henares--piece--10-6--gCloud,"scraping-fotocasa-gCloud--12_3_2018,_2_46_43_PM",fotocasa,gCloud,1543904605000,0,0,0,0,,piece--10-6,San Fernando de Henares,1,-3.48706,40.4423,-3.48196,40.4372,-3.48451,40.4397
San Fernando de Henares--piece--10-7--gCloud,"scraping-fotocasa-gCloud--12_3_2018,_2_46_43_PM",fotocasa,gCloud,1543904610000,0,0,0,0,,piece--10-7,San Fernando de Henares,1,-3.48706,40.4372,-3.48196,40.4321,-3.48451,40.4346
San Fernando de Henares--piece--10-8--gCloud,"scraping-fotocasa-gCloud--12_3_2018,_2_46_43_PM",fotocasa,gCloud,1543904621000,0,0,0,0,,piece--10-8,San Fernando de Henares,1,-3.48706,40.4321,-3.48196,40.427,-3.48451,40.4295
San Fernando de Henares--piece--10-9--gCloud,"scraping-fotocasa-gCloud--12_3_2018,_2_46_43_PM",fotocasa,gCloud,1543904630000,0,0,0,0,,piece--10-9,San Fernando de Henares,1,-3.48706,40.427,-3.48196,40.4218,-3.48451,40.4244
San Fernando de Henares--piece--11-0--gCloud,"scraping-fotocasa-gCloud--12_3_2018,_2_46_43_PM",fotocasa,gCloud,1543904638000,0,0,0,0,,piece--11-0,San Fernando de Henares,1,-3.48196,40.4729,-3.47687,40.4678,-3.47941,40.4703
San Fernando de Henares--piece--11-1--gCloud,"scraping-fotocasa-gCloud--12_3_2018,_2_46_43_PM",fotocasa,gCloud,1543904649000,1794.22,13,7.22222,1,,piece--11-1,San Fernando de Henares,1,-3.48196,40.4678,-3.47687,40.4627,-3.47941,40.4652
San Fernando de Henares--piece--11-10--gCloud,"scraping-fotocasa-gCloud--12_3_2018,_2_46_43_PM",fotocasa,gCloud,1543904654000,0,0,0,0,,piece--11-10,San Fernando de Henares,1,-3.48196,40.4218,-3.47687,40.4167,-3.47941,40.4193
San Fernando de Henares--piece--11-11--gCloud,"scraping-fotocasa-gCloud--12_3_2018,_2_46_43_PM",fotocasa,gCloud,1543904663000,0,0,0,0,,piece--11-11,San Fernando de Henares,1,-3.48196,40.4167,-3.47687,40.4116,-3.47941,40.4142
San Fernando de Henares--piece--11-12--gCloud,"scraping-fotocasa-gCloud--12_3_2018,_2_46_43_PM",fotocasa,gCloud,1543904671000,0,0,0,0,,piece--11-12,San Fernando de Henares,1,-3.48196,40.4116,-3.47687,40.4065,-3.47941,40.4091
San Fernando de Henares--piece--11-2--gCloud,"scraping-fotocasa-gCloud--12_3_2018,_2_46_43_PM",fotocasa,gCloud,1543904680000,1744.27,29,10.4683,4,,piece--11-2,San Fernando de Henares,1,-3.48196,40.4627,-3.47687,40.4576,-3.47941,40.4601
San Fernando de Henares--piece--11-3--gCloud,"scraping-fotocasa-gCloud--12_3_2018,_2_46_43_PM",fotocasa,gCloud,1543904695000,1877.91,28,8.70816,3,,piece--11-3,San Fernando de Henares,1,-3.48196,40.4576,-3.47687,40.4525,-3.47941,40.455
San Fernando de Henares--piece--11-4--gCloud,"scraping-fotocasa-gCloud--12_3_2018,_2_46_43_PM",fotocasa,gCloud,1543904703000,2735.28,1,0,0,,piece--11-4,San Fernando de Henares,1,-3.48196,40.4525,-3.47687,40.4474,-3.47941,40.4499
San Fernando de Henares--piece--11-5--gCloud,"scraping-fotocasa-gCloud--12_3_2018,_2_46_43_PM",fotocasa,gCloud,1543904709000,0,0,0,0,,piece--11-5,San Fernando de Henares,1,-3.48196,40.4474,-3.47687,40.4423,-3.47941,40.4448
San Fernando de Henares--piece--11-6--gCloud,"scraping-fotocasa-gCloud--12_3_2018,_2_46_43_PM",fotocasa,gCloud,1543904714000,0,0,0,0,,piece--11-6,San Fernando de Henares,1,-3.48196,40.4423,-3.47687,40.4372,-3.47941,40.4397
San Fernando de Henares--piece--11-7--gCloud,"scraping-fotocasa-gCloud--12_3_2018,_2_46_43_PM",fotocasa,gCloud,1543904722000,0,0,0,0,,piece--11-7,San Fernando de Henares,1,-3.48196,40.4372,-3.47687,40.4321,-3.47941,40.4346
San Fernando de Henares--piece--11-8--gCloud,"scraping-fotocasa-gCloud--12_3_2018,_2_46_43_PM",fotocasa,gCloud,1543904733000,0,0,0,0,,piece--11-8,San Fernando de Henares,1,-3.48196,40.4321,-3.47687,40.427,-3.47941,40.4295
San Fernando de Henares--piece--11-9--gCloud,"scraping-fotocasa-gCloud--12_3_2018,_2_46_43_PM",fotocasa,gCloud,1543904741000,0,0,0,0,,piece--11-9,San Fernando de Henares,1,-3.48196,40.427,-3.47687,40.4218,-3.47941,40.4244
San Fernando de Henares--piece--12-0--gCloud,"scraping-fotocasa-gCloud--12_3_2018,_2_46_43_PM",fotocasa,gCloud,1543904750000,0,0,0,0,,piece--12-0,San Fernando de Henares,1,-3.47687,40.4729,-3.47177,40.4678,-3.47432,40.4703
San Fernando de Henares--piece--12-1--gCloud,"scraping-fotocasa-gCloud--12_3_2018,_2_46_43_PM",fotocasa,gCloud,1543904755000,1874.12,5,0,0,,piece--12-1,San Fernando de Henares,1,-3.47687,40.4678,-3.47177,40.4627,-3.47432,40.4652
San Fernando de Henares--piece--12-10--gCloud,"scraping-fotocasa-gCloud--12_3_2018,_2_46_43_PM",fotocasa,gCloud,1543904761000,0,0,0,0,,piece--12-10,San Fernando de Henares,1,-3.47687,40.4218,-3.47177,40.4167,-3.47432,40.4193
San Fernando de Henares--piece--12-11--gCloud,"scraping-fotocasa-gCloud--12_3_2018,_2_46_43_PM",fotocasa,gCloud,1543904768000,1005.97,1,0,0,,piece--12-11,San Fernando de Henares,1,-3.47687,40.4167,-3.47177,40.4116,-3.47432,40.4142
San Fernando de Henares--piece--12-12--gCloud,"scraping-fotocasa-gCloud--12_3_2018,_2_46_43_PM",fotocasa,gCloud,1543904774000,400,1,0,0,,piece--12-12,San Fernando de Henares,1,-3.47687,40.4116,-3.47177,40.4065,-3.47432,40.4091
San Fernando de Henares--piece--12-2--gCloud,"scraping-fotocasa-gCloud--12_3_2018,_2_46_43_PM",fotocasa,gCloud,1543904781000,1912.59,24,10.7202,3,,piece--12-2,San Fernando de Henares,1,-3.47687,40.4627,-3.47177,40.4576,-3.47432,40.4601
San Fernando de Henares--piece--12-3--gCloud,"scraping-fotocasa-gCloud--12_3_2018,_2_46_43_PM",fotocasa,gCloud,1543904787000,2131.5,28,8.77179,2,,piece--12-3,San Fernando de Henares,1,-3.47687,40.4576,-3.47177,40.4525,-3.47432,40.455
San Fernando de Henares--piece--12-4--gCloud,"scraping-fotocasa-gCloud--12_3_2018,_2_46_43_PM",fotocasa,gCloud,1543904793000,1720.89,4,6.87522,2,,piece--12-4,San Fernando de Henares,1,-3.47687,40.4525,-3.47177,40.4474,-3.47432,40.4499
San Fernando de Henares--piece--12-5--gCloud,"scraping-fotocasa-gCloud--12_3_2018,_2_46_43_PM",fotocasa,gCloud,1543904802000,2057.12,22,10.4706,1,,piece--12-5,San Fernando de Henares,1,-3.47687,40.4474,-3.47177,40.4423,-3.47432,40.4448
San Fernando de Henares--piece--12-6--gCloud,"scraping-fotocasa-gCloud--12_3_2018,_2_46_43_PM",fotocasa,gCloud,1543904813000,1599.54,8,7.3913,1,,piece--12-6,San Fernando de Henares,1,-3.47687,40.4423,-3.47177,40.4372,-3.47432,40.4397
San Fernando de Henares--piece--12-7--gCloud,"scraping-fotocasa-gCloud--12_3_2018,_2_46_43_PM",fotocasa,gCloud,1543904823000,1781.57,6,0,0,,piece--12-7,San Fernando de Henares,1,-3.47687,40.4372,-3.47177,40.4321,-3.47432,40.4346
San Fernando de Henares--piece--12-8--gCloud,"scraping-fotocasa-gCloud--12_3_2018,_2_46_43_PM",fotocasa,gCloud,1543904829000,0,0,0,0,,piece--12-8,San Fernando de Henares,1,-3.47687,40.4321,-3.47177,40.427,-3.47432,40.4295
San Fernando de Henares--piece--12-9--gCloud,"scraping-fotocasa-gCloud--12_3_2018,_2_46_43_PM",fotocasa,gCloud,1543904837000,0,0,0,0,,piece--12-9,San Fernando de Henares,1,-3.47687,40.427,-3.47177,40.4218,-3.47432,40.4244
San Fernando de Henares--piece--13-0--gCloud,"scraping-fotocasa-gCloud--12_3_2018,_2_46_43_PM",fotocasa,gCloud,1543904843000,0,0,0,0,,piece--13-0,San Fernando de Henares,1,-3.47177,40.4729,-3.46668,40.4678,-3.46922,40.4703
San Fernando de Henares--piece--13-1--gCloud,"scraping-fotocasa-gCloud--12_3_2018,_2_46_43_PM",fotocasa,gCloud,1543904850000,1868.99,6,8.04598,1,,piece--13-1,San Fernando de Henares,1,-3.47177,40.4678,-3.46668,40.4627,-3.46922,40.4652
San Fernando de Henares--piece--13-10--gCloud,"scraping-fotocasa-gCloud--12_3_2018,_2_46_43_PM",fotocasa,gCloud,1543904859000,0,0,0,0,,piece--13-10,San Fernando de Henares,1,-3.47177,40.4218,-3.46668,40.4167,-3.46922,40.4193
San Fernando de Henares--piece--13-11--gCloud,"scraping-fotocasa-gCloud--12_3_2018,_2_46_43_PM",fotocasa,gCloud,1543904865000,0,0,0,0,,piece--13-11,San Fernando de Henares,1,-3.47177,40.4167,-3.46668,40.4116,-3.46922,40.4142
San Fernando de Henares--piece--13-12--gCloud,"scraping-fotocasa-gCloud--12_3_2018,_2_46_43_PM",fotocasa,gCloud,1543904873000,1964.21,6,0,0,,piece--13-12,San Fernando de Henares,1,-3.47177,40.4116,-3.46668,40.4065,-3.46922,40.4091
San Fernando de Henares--piece--13-2--gCloud,"scraping-fotocasa-gCloud--12_3_2018,_2_46_43_PM",fotocasa,gCloud,1543904880000,2225.21,23,0,0,,piece--13-2,San Fernando de Henares,1,-3.47177,40.4627,-3.46668,40.4576,-3.46922,40.4601
San Fernando de Henares--piece--13-3--gCloud,"scraping-fotocasa-gCloud--12_3_2018,_2_46_43_PM",fotocasa,gCloud,1543904885000,1747.94,3,0,0,,piece--13-3,San Fernando de Henares,1,-3.47177,40.4576,-3.46668,40.4525,-3.46922,40.455
San Fernando de Henares--piece--13-4--gCloud,"scraping-fotocasa-gCloud--12_3_2018,_2_46_43_PM",fotocasa,gCloud,1543904898000,1855.65,29,0,0,,piece--13-4,San Fernando de Henares,1,-3.47177,40.4525,-3.46668,40.4474,-3.46922,40.4499
San Fernando de Henares--piece--13-5--gCloud,"scraping-fotocasa-gCloud--12_3_2018,_2_46_43_PM",fotocasa,gCloud,1543904911000,2224.89,29,9.23913,1,,piece--13-5,San Fernando de Henares,1,-3.47177,40.4474,-3.46668,40.4423,-3.46922,40.4448
San Fernando de Henares--piece--13-6--gCloud,"scraping-fotocasa-gCloud--12_3_2018,_2_46_43_PM",fotocasa,gCloud,1543904916000,1619.01,6,0,0,,piece--13-6,San Fernando de Henares,1,-3.47177,40.4423,-3.46668,40.4372,-3.46922,40.4397
San Fernando de Henares--piece--13-7--gCloud,"scraping-fotocasa-gCloud--12_3_2018,_2_46_43_PM",fotocasa,gCloud,1543904925000,1395.35,1,0,0,,piece--13-7,San Fernando de Henares,1,-3.47177,40.4372,-3.46668,40.4321,-3.46922,40.4346
San Fernando de Henares--piece--13-8--gCloud,"scraping-fotocasa-gCloud--12_3_2018,_2_46_43_PM",fotocasa,gCloud,1543904944000,0,0,0,0,,piece--13-8,San Fernando de Henares,1,-3.47177,40.4321,-3.46668,40.427,-3.46922,40.4295
San Fernando de Henares--piece--13-9--gCloud,"scraping-fotocasa-gCloud--12_3_2018,_2_46_43_PM",fotocasa,gCloud,1543904953000,0,0,0,0,,piece--13-9,San Fernando de Henares,1,-3.47177,40.427,-3.46668,40.4218,-3.46922,40.4244
San Fernando de Henares--piece--14-0--gCloud,"scraping-fotocasa-gCloud--12_3_2018,_2_46_43_PM",fotocasa,gCloud,1543904965000,0,0,0,0,,piece--14-0,San Fernando de Henares,1,-3.46668,40.4729,-3.46158,40.4678,-3.46413,40.4703
San Fernando de Henares--piece--14-1--gCloud,"scraping-fotocasa-gCloud--12_3_2018,_2_46_43_PM",fotocasa,gCloud,1543904973000,1746.61,11,0,0,,piece--14-1,San Fernando de Henares,1,-3.46668,40.4678,-3.46158,40.4627,-3.46413,40.4652
San Fernando de Henares--piece--14-10--gCloud,"scraping-fotocasa-gCloud--12_3_2018,_2_46_43_PM",fotocasa,gCloud,1543904986000,0,0,0,0,,piece--14-10,San Fernando de Henares,1,-3.46668,40.4218,-3.46158,40.4167,-3.46413,40.4193
San Fernando de Henares--piece--14-11--gCloud,"scraping-fotocasa-gCloud--12_3_2018,_2_46_43_PM",fotocasa,gCloud,1543904991000,0,0,0,0,,piece--14-11,San Fernando de Henares,1,-3.46668,40.4167,-3.46158,40.4116,-3.46413,40.4142
San Fernando de Henares--piece--14-12--gCloud,"scraping-fotocasa-gCloud--12_3_2018,_2_46_43_PM",fotocasa,gCloud,1543905014000,297.124,2,0,0,,piece--14-12,San Fernando de Henares,1,-3.46668,40.4116,-3.46158,40.4065,-3.46413,40.4091
San Fernando de Henares--piece--14-2--gCloud,"scraping-fotocasa-gCloud--12_3_2018,_2_46_43_PM",fotocasa,gCloud,1543905021000,2435.09,29,9.48276,1,,piece--14-2,San Fernando de Henares,1,-3.46668,40.4627,-3.46158,40.4576,-3.46413,40.4601
San Fernando de Henares--piece--14-3--gCloud,"scraping-fotocasa-gCloud--12_3_2018,_2_46_43_PM",fotocasa,gCloud,1543905029000,1758.7,4,0,0,,piece--14-3,San Fernando de Henares,1,-3.46668,40.4576,-3.46158,40.4525,-3.46413,40.455
San Fernando de Henares--piece--14-4--gCloud,"scraping-fotocasa-gCloud--12_3_2018,_2_46_43_PM",fotocasa,gCloud,1543905039000,2084.31,21,0,0,,piece--14-4,San Fernando de Henares,1,-3.46668,40.4525,-3.46158,40.4474,-3.46413,40.4499
San Fernando de Henares--piece--14-5--gCloud,"scraping-fotocasa-gCloud--12_3_2018,_2_46_43_PM",fotocasa,gCloud,1543905045000,1495.58,14,8.40708,1,,piece--14-5,San Fernando de Henares,1,-3.46668,40.4474,-3.46158,40.4423,-3.46413,40.4448
San Fernando de Henares--piece--14-6--gCloud,"scraping-fotocasa-gCloud--12_3_2018,_2_46_43_PM",fotocasa,gCloud,1543905051000,2176.57,2,0,0,,piece--14-6,San Fernando de Henares,1,-3.46668,40.4423,-3.46158,40.4372,-3.46413,40.4397
San Fernando de Henares--piece--14-7--gCloud,"scraping-fotocasa-gCloud--12_3_2018,_2_46_43_PM",fotocasa,gCloud,1543905056000,0,0,0,0,,piece--14-7,San Fernando de Henares,1,-3.46668,40.4372,-3.46158,40.4321,-3.46413,40.4346
San Fernando de Henares--piece--14-8--gCloud,"scraping-fotocasa-gCloud--12_3_2018,_2_46_43_PM",fotocasa,gCloud,1543905064000,0,0,0,0,,piece--14-8,San Fernando de Henares,1,-3.46668,40.4321,-3.46158,40.427,-3.46413,40.4295
San Fernando de Henares--piece--14-9--gCloud,"scraping-fotocasa-gCloud--12_3_2018,_2_46_43_PM",fotocasa,gCloud,1543905073000,0,0,0,0,,piece--14-9,San Fernando de Henares,1,-3.46668,40.427,-3.46158,40.4218,-3.46413,40.4244
San Fernando de Henares--piece--15-0--gCloud,"scraping-fotocasa-gCloud--12_3_2018,_2_46_43_PM",fotocasa,gCloud,1543905078000,0,0,0,0,,piece--15-0,San Fernando de Henares,1,-3.46158,40.4729,-3.45649,40.4678,-3.45903,40.4703
San Fernando de Henares--piece--15-1--gCloud,"scraping-fotocasa-gCloud--12_3_2018,_2_46_43_PM",fotocasa,gCloud,1543905089000,1480.66,5,0,0,,piece--15-1,San Fernando de Henares,1,-3.46158,40.4678,-3.45649,40.4627,-3.45903,40.4652
San Fernando de Henares--piece--15-10--gCloud,"scraping-fotocasa-gCloud--12_3_2018,_2_46_43_PM",fotocasa,gCloud,1543905100000,0,0,0,0,,piece--15-10,San Fernando de Henares,1,-3.46158,40.4218,-3.45649,40.4167,-3.45903,40.4193
San Fernando de Henares--piece--15-11--gCloud,"scraping-fotocasa-gCloud--12_3_2018,_2_46_43_PM",fotocasa,gCloud,1543905108000,609.831,1,0,0,,piece--15-11,San Fernando de Henares,1,-3.46158,40.4167,-3.45649,40.4116,-3.45903,40.4142
San Fernando de Henares--piece--15-12--gCloud,"scraping-fotocasa-gCloud--12_3_2018,_2_46_43_PM",fotocasa,gCloud,1543905119000,1222.22,1,0,0,,piece--15-12,San Fernando de Henares,1,-3.46158,40.4116,-3.45649,40.4065,-3.45903,40.4091
San Fernando de Henares--piece--15-2--gCloud,"scraping-fotocasa-gCloud--12_3_2018,_2_46_43_PM",fotocasa,gCloud,1543905127000,2051.71,15,0,0,,piece--15-2,San Fernando de Henares,1,-3.46158,40.4627,-3.45649,40.4576,-3.45903,40.4601
San Fernando de Henares--piece--15-3--gCloud,"scraping-fotocasa-gCloud--12_3_2018,_2_46_43_PM",fotocasa,gCloud,1543905139000,2060.59,14,7.82143,2,,piece--15-3,San Fernando de Henares,1,-3.46158,40.4576,-3.45649,40.4525,-3.45903,40.455
San Fernando de Henares--piece--15-4--gCloud,"scraping-fotocasa-gCloud--12_3_2018,_2_46_43_PM",fotocasa,gCloud,1543905148000,1619.36,6,0,0,,piece--15-4,San Fernando de Henares,1,-3.46158,40.4525,-3.45649,40.4474,-3.45903,40.4499
San Fernando de Henares--piece--15-5--gCloud,"scraping-fotocasa-gCloud--12_3_2018,_2_46_43_PM",fotocasa,gCloud,1543905156000,2034.09,5,7.0354,2,,piece--15-5,San Fernando de Henares,1,-3.46158,40.4474,-3.45649,40.4423,-3.45903,40.4448
San Fernando de Henares--piece--15-6--gCloud,"scraping-fotocasa-gCloud--12_3_2018,_2_46_43_PM",fotocasa,gCloud,1543905168000,1640.86,4,0,0,,piece--15-6,San Fernando de Henares,1,-3.46158,40.4423,-3.45649,40.4372,-3.45903,40.4397
San Fernando de Henares--piece--15-7--gCloud,"scraping-fotocasa-gCloud--12_3_2018,_2_46_43_PM",fotocasa,gCloud,1543905176000,0,0,0,0,,piece--15-7,San Fernando de Henares,1,-3.46158,40.4372,-3.45649,40.4321,-3.45903,40.4346
San Fernando de Henares--piece--15-8--gCloud,"scraping-fotocasa-gCloud--12_3_2018,_2_46_43_PM",fotocasa,gCloud,1543905183000,0,0,0,0,,piece--15-8,San Fernando de Henares,1,-3.46158,40.4321,-3.45649,40.427,-3.45903,40.4295
San Fernando de Henares--piece--15-9--gCloud,"scraping-fotocasa-gCloud--12_3_2018,_2_46_43_PM",fotocasa,gCloud,1543905191000,0,0,0,0,,piece--15-9,San Fernando de Henares,1,-3.46158,40.427,-3.45649,40.4218,-3.45903,40.4244
San Fernando de Henares--piece--16-0--gCloud,"scraping-fotocasa-gCloud--12_3_2018,_2_46_43_PM",fotocasa,gCloud,1543905197000,0,0,0,0,,piece--16-0,San Fernando de Henares,1,-3.45649,40.4729,-3.45139,40.4678,-3.45394,40.4703
San Fernando de Henares--piece--16-1--gCloud,"scraping-fotocasa-gCloud--12_3_2018,_2_46_43_PM",fotocasa,gCloud,1543905203000,2002.48,9,7.8,1,,piece--16-1,San Fernando de Henares,1,-3.45649,40.4678,-3.45139,40.4627,-3.45394,40.4652
San Fernando de Henares--piece--16-10--gCloud,"scraping-fotocasa-gCloud--12_3_2018,_2_46_43_PM",fotocasa,gCloud,1543905208000,0,0,0,0,,piece--16-10,San Fernando de Henares,1,-3.45649,40.4218,-3.45139,40.4167,-3.45394,40.4193
San Fernando de Henares--piece--16-11--gCloud,"scraping-fotocasa-gCloud--12_3_2018,_2_46_43_PM",fotocasa,gCloud,1543905217000,922.083,2,0,0,,piece--16-11,San Fernando de Henares,1,-3.45649,40.4167,-3.45139,40.4116,-3.45394,40.4142
San Fernando de Henares--piece--16-12--gCloud,"scraping-fotocasa-gCloud--12_3_2018,_2_46_43_PM",fotocasa,gCloud,1543905228000,0,1,0,0,,piece--16-12,San Fernando de Henares,1,-3.45649,40.4116,-3.45139,40.4065,-3.45394,40.4091
San Fernando de Henares--piece--16-2--gCloud,"scraping-fotocasa-gCloud--12_3_2018,_2_46_43_PM",fotocasa,gCloud,1543905235000,1703.03,26,12.9032,1,,piece--16-2,San Fernando de Henares,1,-3.45649,40.4627,-3.45139,40.4576,-3.45394,40.4601
San Fernando de Henares--piece--16-3--gCloud,"scraping-fotocasa-gCloud--12_3_2018,_2_46_43_PM",fotocasa,gCloud,1543905241000,1767.45,21,0,0,,piece--16-3,San Fernando de Henares,1,-3.45649,40.4576,-3.45139,40.4525,-3.45394,40.455
San Fernando de Henares--piece--16-4--gCloud,"scraping-fotocasa-gCloud--12_3_2018,_2_46_43_PM",fotocasa,gCloud,1543905246000,1438.38,3,0,0,,piece--16-4,San Fernando de Henares,1,-3.45649,40.4525,-3.45139,40.4474,-3.45394,40.4499
San Fernando de Henares--piece--16-5--gCloud,"scraping-fotocasa-gCloud--12_3_2018,_2_46_43_PM",fotocasa,gCloud,1543905257000,0,0,0,0,,piece--16-5,San Fernando de Henares,1,-3.45649,40.4474,-3.45139,40.4423,-3.45394,40.4448
San Fernando de Henares--piece--16-6--gCloud,"scraping-fotocasa-gCloud--12_3_2018,_2_46_43_PM",fotocasa,gCloud,1543905266000,0,0,0,0,,piece--16-6,San Fernando de Henares,1,-3.45649,40.4423,-3.45139,40.4372,-3.45394,40.4397
San Fernando de Henares--piece--16-7--gCloud,"scraping-fotocasa-gCloud--12_3_2018,_2_46_43_PM",fotocasa,gCloud,1543905271000,0,0,0,0,,piece--16-7,San Fernando de Henares,1,-3.45649,40.4372,-3.45139,40.4321,-3.45394,40.4346
San Fernando de Henares--piece--16-8--gCloud,"scraping-fotocasa-gCloud--12_3_2018,_2_46_43_PM",fotocasa,gCloud,1543905282000,0,0,0,0,,piece--16-8,San Fernando de Henares,1,-3.45649,40.4321,-3.45139,40.427,-3.45394,40.4295
San Fernando de Henares--piece--16-9--gCloud,"scraping-fotocasa-gCloud--12_3_2018,_2_46_43_PM",fotocasa,gCloud,1543905288000,0,0,0,0,,piece--16-9,San Fernando de Henares,1,-3.45649,40.427,-3.45139,40.4218,-3.45394,40.4244
San Fernando de Henares--piece--17-0--gCloud,"scraping-fotocasa-gCloud--12_3_2018,_2_46_43_PM",fotocasa,gCloud,1543905299000,0,0,0,0,,piece--17-0,San Fernando de Henares,1,-3.45139,40.4729,-3.4463,40.4678,-3.44884,40.4703
San Fernando de Henares--piece--17-1--gCloud,"scraping-fotocasa-gCloud--12_3_2018,_2_46_43_PM",fotocasa,gCloud,1543905305000,1951.41,16,8.4375,2,,piece--17-1,San Fernando de Henares,1,-3.45139,40.4678,-3.4463,40.4627,-3.44884,40.4652
San Fernando de Henares--piece--17-10--gCloud,"scraping-fotocasa-gCloud--12_3_2018,_2_46_43_PM",fotocasa,gCloud,1543905313000,0,0,0,0,,piece--17-10,San Fernando de Henares,1,-3.45139,40.4218,-3.4463,40.4167,-3.44884,40.4193
San Fernando de Henares--piece--17-11--gCloud,"scraping-fotocasa-gCloud--12_3_2018,_2_46_43_PM",fotocasa,gCloud,1543905324000,0,0,0,0,,piece--17-11,San Fernando de Henares,1,-3.45139,40.4167,-3.4463,40.4116,-3.44884,40.4142
San Fernando de Henares--piece--17-12--gCloud,"scraping-fotocasa-gCloud--12_3_2018,_2_46_43_PM",fotocasa,gCloud,1543905329000,0,0,0,0,,piece--17-12,San Fernando de Henares,1,-3.45139,40.4116,-3.4463,40.4065,-3.44884,40.4091
San Fernando de Henares--piece--17-2--gCloud,"scraping-fotocasa-gCloud--12_3_2018,_2_46_43_PM",fotocasa,gCloud,1543905338000,2198.54,5,10.8919,3,,piece--17-2,San Fernando de Henares,1,-3.45139,40.4627,-3.4463,40.4576,-3.44884,40.4601
San Fernando de Henares--piece--17-3--gCloud,"scraping-fotocasa-gCloud--12_3_2018,_2_46_43_PM",fotocasa,gCloud,1543905346000,2081.66,9,10.1679,5,,piece--17-3,San Fernando de Henares,1,-3.45139,40.4576,-3.4463,40.4525,-3.44884,40.455
San Fernando de Henares--piece--17-4--gCloud,"scraping-fotocasa-gCloud--12_3_2018,_2_46_43_PM",fotocasa,gCloud,1543905355000,1544.44,1,0,0,,piece--17-4,San Fernando de Henares,1,-3.45139,40.4525,-3.4463,40.4474,-3.44884,40.4499
San Fernando de Henares--piece--17-5--gCloud,"scraping-fotocasa-gCloud--12_3_2018,_2_46_43_PM",fotocasa,gCloud,1543905363000,0,0,0,0,,piece--17-5,San Fernando de Henares,1,-3.45139,40.4474,-3.4463,40.4423,-3.44884,40.4448
San Fernando de Henares--piece--17-6--gCloud,"scraping-fotocasa-gCloud--12_3_2018,_2_46_43_PM",fotocasa,gCloud,1543905371000,0,0,0,0,,piece--17-6,San Fernando de Henares,1,-3.45139,40.4423,-3.4463,40.4372,-3.44884,40.4397
San Fernando de Henares--piece--17-7--gCloud,"scraping-fotocasa-gCloud--12_3_2018,_2_46_43_PM",fotocasa,gCloud,1543905377000,0,0,0,0,,piece--17-7,San Fernando de Henares,1,-3.45139,40.4372,-3.4463,40.4321,-3.44884,40.4346
San Fernando de Henares--piece--17-8--gCloud,"scraping-fotocasa-gCloud--12_3_2018,_2_46_43_PM",fotocasa,gCloud,1543905386000,0,1,0,0,,piece--17-8,San Fernando de Henares,1,-3.45139,40.4321,-3.4463,40.427,-3.44884,40.4295
San Fernando de Henares--piece--17-9--gCloud,"scraping-fotocasa-gCloud--12_3_2018,_2_46_43_PM",fotocasa,gCloud,1543905394000,0,0,0,0,,piece--17-9,San Fernando de Henares,1,-3.45139,40.427,-3.4463,40.4218,-3.44884,40.4244
San Fernando de Henares--piece--18-0--gCloud,"scraping-fotocasa-gCloud--12_3_2018,_2_46_43_PM",fotocasa,gCloud,1543905406000,0,0,0,0,,piece--18-0,San Fernando de Henares,1,-3.4463,40.4729,-3.4412,40.4678,-3.44375,40.4703
San Fernando de Henares--piece--18-1--gCloud,"scraping-fotocasa-gCloud--12_3_2018,_2_46_43_PM",fotocasa,gCloud,1543905414000,2190.47,1,8.92857,1,,piece--18-1,San Fernando de Henares,1,-3.4463,40.4678,-3.4412,40.4627,-3.44375,40.4652
San Fernando de Henares--piece--18-10--gCloud,"scraping-fotocasa-gCloud--12_3_2018,_2_46_43_PM",fotocasa,gCloud,1543905420000,0,0,0,0,,piece--18-10,San Fernando de Henares,1,-3.4463,40.4218,-3.4412,40.4167,-3.44375,40.4193
San Fernando de Henares--piece--18-11--gCloud,"scraping-fotocasa-gCloud--12_3_2018,_2_46_43_PM",fotocasa,gCloud,1543905428000,750,1,0,0,,piece--18-11,San Fernando de Henares,1,-3.4463,40.4167,-3.4412,40.4116,-3.44375,40.4142
San Fernando de Henares--piece--18-12--gCloud,"scraping-fotocasa-gCloud--12_3_2018,_2_46_43_PM",fotocasa,gCloud,1543905439000,1068.75,2,0,0,,piece--18-12,San Fernando de Henares,1,-3.4463,40.4116,-3.4412,40.4065,-3.44375,40.4091
San Fernando de Henares--piece--18-2--gCloud,"scraping-fotocasa-gCloud--12_3_2018,_2_46_43_PM",fotocasa,gCloud,1543905449000,2307.41,5,9.18125,2,,piece--18-2,San Fernando de Henares,1,-3.4463,40.4627,-3.4412,40.4576,-3.44375,40.4601
San Fernando de Henares--piece--18-3--gCloud,"scraping-fotocasa-gCloud--12_3_2018,_2_46_43_PM",fotocasa,gCloud,1543905457000,1796.84,10,12.029,1,,piece--18-3,San Fernando de Henares,1,-3.4463,40.4576,-3.4412,40.4525,-3.44375,40.455
San Fernando de Henares--piece--18-4--gCloud,"scraping-fotocasa-gCloud--12_3_2018,_2_46_43_PM",fotocasa,gCloud,1543905464000,0,0,0,0,,piece--18-4,San Fernando de Henares,1,-3.4463,40.4525,-3.4412,40.4474,-3.44375,40.4499
San Fernando de Henares--piece--18-5--gCloud,"scraping-fotocasa-gCloud--12_3_2018,_2_46_43_PM",fotocasa,gCloud,1543905472000,0,0,0,0,,piece--18-5,San Fernando de Henares,1,-3.4463,40.4474,-3.4412,40.4423,-3.44375,40.4448
San Fernando de Henares--piece--18-6--gCloud,"scraping-fotocasa-gCloud--12_3_2018,_2_46_43_PM",fotocasa,gCloud,1543905480000,0,0,0,0,,piece--18-6,San Fernando de Henares,1,-3.4463,40.4423,-3.4412,40.4372,-3.44375,40.4397
San Fernando de Henares--piece--18-7--gCloud,"scraping-fotocasa-gCloud--12_3_2018,_2_46_43_PM",fotocasa,gCloud,1543905495000,0,0,0,0,,piece--18-7,San Fernando de Henares,1,-3.4463,40.4372,-3.4412,40.4321,-3.44375,40.4346
San Fernando de Henares--piece--18-8--gCloud,"scraping-fotocasa-gCloud--12_3_2018,_2_46_43_PM",fotocasa,gCloud,1543905500000,0,0,0,0,,piece--18-8,San Fernando de Henares,1,-3.4463,40.4321,-3.4412,40.427,-3.44375,40.4295
San Fernando de Henares--piece--18-9--gCloud,"scraping-fotocasa-gCloud--12_3_2018,_2_46_43_PM",fotocasa,gCloud,1543905506000,0,0,0,0,,piece--18-9,San Fernando de Henares,1,-3.4463,40.427,-3.4412,40.4218,-3.44375,40.4244
San Fernando de Henares--piece--19-0--gCloud,"scraping-fotocasa-gCloud--12_3_2018,_2_46_43_PM",fotocasa,gCloud,1543905514000,0,0,0,0,,piece--19-0,San Fernando de Henares,1,-3.4412,40.4729,-3.43611,40.4678,-3.43866,40.4703
San Fernando de Henares--piece--19-1--gCloud,"scraping-fotocasa-gCloud--12_3_2018,_2_46_43_PM",fotocasa,gCloud,1543905520000,2049.28,5,0,0,,piece--19-1,San Fernando de Henares,1,-3.4412,40.4678,-3.43611,40.4627,-3.43866,40.4652
San Fernando de Henares--piece--19-10--gCloud,"scraping-fotocasa-gCloud--12_3_2018,_2_46_43_PM",fotocasa,gCloud,1543905525000,0,0,0,0,,piece--19-10,San Fernando de Henares,1,-3.4412,40.4218,-3.43611,40.4167,-3.43866,40.4193
San Fernando de Henares--piece--19-11--gCloud,"scraping-fotocasa-gCloud--12_3_2018,_2_46_43_PM",fotocasa,gCloud,1543905534000,0,0,0,0,,piece--19-11,San Fernando de Henares,1,-3.4412,40.4167,-3.43611,40.4116,-3.43866,40.4142
San Fernando de Henares--piece--19-12--gCloud,"scraping-fotocasa-gCloud--12_3_2018,_2_46_43_PM",fotocasa,gCloud,1543905539000,0,0,0,0,,piece--19-12,San Fernando de Henares,1,-3.4412,40.4116,-3.43611,40.4065,-3.43866,40.4091
San Fernando de Henares--piece--19-2--gCloud,"scraping-fotocasa-gCloud--12_3_2018,_2_46_43_PM",fotocasa,gCloud,1543905551000,2058.04,9,8.37396,3,,piece--19-2,San Fernando de Henares,1,-3.4412,40.4627,-3.43611,40.4576,-3.43866,40.4601
San Fernando de Henares--piece--19-3--gCloud,"scraping-fotocasa-gCloud--12_3_2018,_2_46_43_PM",fotocasa,gCloud,1543905556000,3125.6,6,6.46617,1,,piece--19-3,San Fernando de Henares,1,-3.4412,40.4576,-3.43611,40.4525,-3.43866,40.455
San Fernando de Henares--piece--19-4--gCloud,"scraping-fotocasa-gCloud--12_3_2018,_2_46_43_PM",fotocasa,gCloud,1543905568000,0,0,0,0,,piece--19-4,San Fernando de Henares,1,-3.4412,40.4525,-3.43611,40.4474,-3.43866,40.4499
San Fernando de Henares--piece--19-5--gCloud,"scraping-fotocasa-gCloud--12_3_2018,_2_46_43_PM",fotocasa,gCloud,1543905576000,0,0,0,0,,piece--19-5,San Fernando de Henares,1,-3.4412,40.4474,-3.43611,40.4423,-3.43866,40.4448
San Fernando de Henares--piece--19-6--gCloud,"scraping-fotocasa-gCloud--12_3_2018,_2_46_43_PM",fotocasa,gCloud,1543905585000,0,0,0,0,,piece--19-6,San Fernando de Henares,1,-3.4412,40.4423,-3.43611,40.4372,-3.43866,40.4397
San Fernando de Henares--piece--19-7--gCloud,"scraping-fotocasa-gCloud--12_3_2018,_2_46_43_PM",fotocasa,gCloud,1543905593000,0,0,0,0,,piece--19-7,San Fernando de Henares,1,-3.4412,40.4372,-3.43611,40.4321,-3.43866,40.4346
San Fernando de Henares--piece--19-8--gCloud,"scraping-fotocasa-gCloud--12_3_2018,_2_46_43_PM",fotocasa,gCloud,1543905601000,0,0,0,0,,piece--19-8,San Fernando de Henares,1,-3.4412,40.4321,-3.43611,40.427,-3.43866,40.4295
San Fernando de Henares--piece--19-9--gCloud,"scraping-fotocasa-gCloud--12_3_2018,_2_46_43_PM",fotocasa,gCloud,1543905607000,0,0,0,0,,piece--19-9,San Fernando de Henares,1,-3.4412,40.427,-3.43611,40.4218,-3.43866,40.4244
San Fernando de Henares--piece--2-0--gCloud,"scraping-fotocasa-gCloud--12_3_2018,_2_46_43_PM",fotocasa,gCloud,1543905615000,0,0,0,0,,piece--2-0,San Fernando de Henares,1,-3.52781,40.4729,-3.52272,40.4678,-3.52527,40.4703
San Fernando de Henares--piece--2-1--gCloud,"scraping-fotocasa-gCloud--12_3_2018,_2_46_43_PM",fotocasa,gCloud,1543905621000,0,0,0,0,,piece--2-1,San Fernando de Henares,1,-3.52781,40.4678,-3.52272,40.4627,-3.52527,40.4652
San Fernando de Henares--piece--2-10--gCloud,"scraping-fotocasa-gCloud--12_3_2018,_2_46_43_PM",fotocasa,gCloud,1543905628000,2323.09,15,10.1825,3,,piece--2-10,San Fernando de Henares,1,-3.52781,40.4218,-3.52272,40.4167,-3.52527,40.4193
San Fernando de Henares--piece--2-11--gCloud,"scraping-fotocasa-gCloud--12_3_2018,_2_46_43_PM",fotocasa,gCloud,1543905636000,2157.75,6,0,0,,piece--2-11,San Fernando de Henares,1,-3.52781,40.4167,-3.52272,40.4116,-3.52527,40.4142
San Fernando de Henares--piece--2-12--gCloud,"scraping-fotocasa-gCloud--12_3_2018,_2_46_43_PM",fotocasa,gCloud,1543905642000,0,0,0,0,,piece--2-12,San Fernando de Henares,1,-3.52781,40.4116,-3.52272,40.4065,-3.52527,40.4091
San Fernando de Henares--piece--2-2--gCloud,"scraping-fotocasa-gCloud--12_3_2018,_2_46_43_PM",fotocasa,gCloud,1543905650000,0,0,0,0,,piece--2-2,San Fernando de Henares,1,-3.52781,40.4627,-3.52272,40.4576,-3.52527,40.4601
San Fernando de Henares--piece--2-3--gCloud,"scraping-fotocasa-gCloud--12_3_2018,_2_46_43_PM",fotocasa,gCloud,1543905656000,0,0,0,0,,piece--2-3,San Fernando de Henares,1,-3.52781,40.4576,-3.52272,40.4525,-3.52527,40.455
San Fernando de Henares--piece--2-4--gCloud,"scraping-fotocasa-gCloud--12_3_2018,_2_46_43_PM",fotocasa,gCloud,1543905661000,0,0,0,0,,piece--2-4,San Fernando de Henares,1,-3.52781,40.4525,-3.52272,40.4474,-3.52527,40.4499
San Fernando de Henares--piece--2-5--gCloud,"scraping-fotocasa-gCloud--12_3_2018,_2_46_43_PM",fotocasa,gCloud,1543905669000,0,0,0,0,,piece--2-5,San Fernando de Henares,1,-3.52781,40.4474,-3.52272,40.4423,-3.52527,40.4448
San Fernando de Henares--piece--2-6--gCloud,"scraping-fotocasa-gCloud--12_3_2018,_2_46_43_PM",fotocasa,gCloud,1543905675000,0,0,0,0,,piece--2-6,San Fernando de Henares,1,-3.52781,40.4423,-3.52272,40.4372,-3.52527,40.4397
San Fernando de Henares--piece--2-7--gCloud,"scraping-fotocasa-gCloud--12_3_2018,_2_46_43_PM",fotocasa,gCloud,1543905680000,0,0,0,0,,piece--2-7,San Fernando de Henares,1,-3.52781,40.4372,-3.52272,40.4321,-3.52527,40.4346
San Fernando de Henares--piece--2-8--gCloud,"scraping-fotocasa-gCloud--12_3_2018,_2_46_43_PM",fotocasa,gCloud,1543905686000,1927.74,5,9.66667,1,,piece--2-8,San Fernando de Henares,1,-3.52781,40.4321,-3.52272,40.427,-3.52527,40.4295
San Fernando de Henares--piece--2-9--gCloud,"scraping-fotocasa-gCloud--12_3_2018,_2_46_43_PM",fotocasa,gCloud,1543905694000,1747.34,6,0,0,,piece--2-9,San Fernando de Henares,1,-3.52781,40.427,-3.52272,40.4218,-3.52527,40.4244
San Fernando de Henares--piece--20-0--gCloud,"scraping-fotocasa-gCloud--12_3_2018,_2_46_43_PM",fotocasa,gCloud,1543905700000,0,0,0,0,,piece--20-0,San Fernando de Henares,1,-3.43611,40.4729,-3.43101,40.4678,-3.43356,40.4703
San Fernando de Henares--piece--20-1--gCloud,"scraping-fotocasa-gCloud--12_3_2018,_2_46_43_PM",fotocasa,gCloud,1543905705000,0,0,0,0,,piece--20-1,San Fernando de Henares,1,-3.43611,40.4678,-3.43101,40.4627,-3.43356,40.4652
San Fernando de Henares--piece--20-10--gCloud,"scraping-fotocasa-gCloud--12_3_2018,_2_46_43_PM",fotocasa,gCloud,1543905711000,0,0,0,0,,piece--20-10,San Fernando de Henares,1,-3.43611,40.4218,-3.43101,40.4167,-3.43356,40.4193
San Fernando de Henares--piece--20-11--gCloud,"scraping-fotocasa-gCloud--12_3_2018,_2_46_43_PM",fotocasa,gCloud,1543905719000,0,0,0,0,,piece--20-11,San Fernando de Henares,1,-3.43611,40.4167,-3.43101,40.4116,-3.43356,40.4142
San Fernando de Henares--piece--20-12--gCloud,"scraping-fotocasa-gCloud--12_3_2018,_2_46_43_PM",fotocasa,gCloud,1543905727000,0,0,0,0,,piece--20-12,San Fernando de Henares,1,-3.43611,40.4116,-3.43101,40.4065,-3.43356,40.4091
San Fernando de Henares--piece--20-2--gCloud,"scraping-fotocasa-gCloud--12_3_2018,_2_46_43_PM",fotocasa,gCloud,1543905738000,1823.53,1,0,0,,piece--20-2,San Fernando de Henares,1,-3.43611,40.4627,-3.43101,40.4576,-3.43356,40.4601
San Fernando de Henares--piece--20-3--gCloud,"scraping-fotocasa-gCloud--12_3_2018,_2_46_43_PM",fotocasa,gCloud,1543905749000,0,0,0,0,,piece--20-3,San Fernando de Henares,1,-3.43611,40.4576,-3.43101,40.4525,-3.43356,40.455
San Fernando de Henares--piece--20-4--gCloud,"scraping-fotocasa-gCloud--12_3_2018,_2_46_43_PM",fotocasa,gCloud,1543905758000,0,0,0,0,,piece--20-4,San Fernando de Henares,1,-3.43611,40.4525,-3.43101,40.4474,-3.43356,40.4499
San Fernando de Henares--piece--20-5--gCloud,"scraping-fotocasa-gCloud--12_3_2018,_2_46_43_PM",fotocasa,gCloud,1543905763000,0,0,0,0,,piece--20-5,San Fernando de Henares,1,-3.43611,40.4474,-3.43101,40.4423,-3.43356,40.4448
San Fernando de Henares--piece--20-6--gCloud,"scraping-fotocasa-gCloud--12_3_2018,_2_46_43_PM",fotocasa,gCloud,1543905774000,0,0,0,0,,piece--20-6,San Fernando de Henares,1,-3.43611,40.4423,-3.43101,40.4372,-3.43356,40.4397
San Fernando de Henares--piece--20-7--gCloud,"scraping-fotocasa-gCloud--12_3_2018,_2_46_43_PM",fotocasa,gCloud,1543905785000,0,0,0,0,,piece--20-7,San Fernando de Henares,1,-3.43611,40.4372,-3.43101,40.4321,-3.43356,40.4346
San Fernando de Henares--piece--20-8--gCloud,"scraping-fotocasa-gCloud--12_3_2018,_2_46_43_PM",fotocasa,gCloud,1543905791000,0,0,0,0,,piece--20-8,San Fernando de Henares,1,-3.43611,40.4321,-3.43101,40.427,-3.43356,40.4295
San Fernando de Henares--piece--20-9--gCloud,"scraping-fotocasa-gCloud--12_3_2018,_2_46_43_PM",fotocasa,gCloud,1543905796000,0,0,0,0,,piece--20-9,San Fernando de Henares,1,-3.43611,40.427,-3.43101,40.4218,-3.43356,40.4244
San Fernando de Henares--piece--21-0--gCloud,"scraping-fotocasa-gCloud--12_3_2018,_2_46_43_PM",fotocasa,gCloud,1543905804000,0,0,0,0,,piece--21-0,San Fernando de Henares,1,-3.43101,40.4729,-3.42592,40.4678,-3.42847,40.4703
San Fernando de Henares--piece--21-1--gCloud,"scraping-fotocasa-gCloud--12_3_2018,_2_46_43_PM",fotocasa,gCloud,1543905813000,0,0,0,0,,piece--21-1,San Fernando de Henares,1,-3.43101,40.4678,-3.42592,40.4627,-3.42847,40.4652
San Fernando de Henares--piece--21-10--gCloud,"scraping-fotocasa-gCloud--12_3_2018,_2_46_43_PM",fotocasa,gCloud,1543905822000,0,0,0,0,,piece--21-10,San Fernando de Henares,1,-3.43101,40.4218,-3.42592,40.4167,-3.42847,40.4193
San Fernando de Henares--piece--21-11--gCloud,"scraping-fotocasa-gCloud--12_3_2018,_2_46_43_PM",fotocasa,gCloud,1543905830000,0,0,0,0,,piece--21-11,San Fernando de Henares,1,-3.43101,40.4167,-3.42592,40.4116,-3.42847,40.4142
San Fernando de Henares--piece--21-12--gCloud,"scraping-fotocasa-gCloud--12_3_2018,_2_46_43_PM",fotocasa,gCloud,1543905839000,0,0,0,0,,piece--21-12,San Fernando de Henares,1,-3.43101,40.4116,-3.42592,40.4065,-3.42847,40.4091
San Fernando de Henares--piece--21-2--gCloud,"scraping-fotocasa-gCloud--12_3_2018,_2_46_43_PM",fotocasa,gCloud,1543905850000,0,0,0,0,,piece--21-2,San Fernando de Henares,1,-3.43101,40.4627,-3.42592,40.4576,-3.42847,40.4601
San Fernando de Henares--piece--21-3--gCloud,"scraping-fotocasa-gCloud--12_3_2018,_2_46_43_PM",fotocasa,gCloud,1543905858000,0,0,0,0,,piece--21-3,San Fernando de Henares,1,-3.43101,40.4576,-3.42592,40.4525,-3.42847,40.455
San Fernando de Henares--piece--21-4--gCloud,"scraping-fotocasa-gCloud--12_3_2018,_2_46_43_PM",fotocasa,gCloud,1543905866000,0,0,0,0,,piece--21-4,San Fernando de Henares,1,-3.43101,40.4525,-3.42592,40.4474,-3.42847,40.4499
San Fernando de Henares--piece--21-5--gCloud,"scraping-fotocasa-gCloud--12_3_2018,_2_46_43_PM",fotocasa,gCloud,1543905876000,0,0,0,0,,piece--21-5,San Fernando de Henares,1,-3.43101,40.4474,-3.42592,40.4423,-3.42847,40.4448
San Fernando de Henares--piece--21-6--gCloud,"scraping-fotocasa-gCloud--12_3_2018,_2_46_43_PM",fotocasa,gCloud,1543905886000,0,0,0,0,,piece--21-6,San Fernando de Henares,1,-3.43101,40.4423,-3.42592,40.4372,-3.42847,40.4397
San Fernando de Henares--piece--21-7--gCloud,"scraping-fotocasa-gCloud--12_3_2018,_2_46_43_PM",fotocasa,gCloud,1543905894000,0,0,0,0,,piece--21-7,San Fernando de Henares,1,-3.43101,40.4372,-3.42592,40.4321,-3.42847,40.4346
San Fernando de Henares--piece--21-8--gCloud,"scraping-fotocasa-gCloud--12_3_2018,_2_46_43_PM",fotocasa,gCloud,1543905903000,0,0,0,0,,piece--21-8,San Fernando de Henares,1,-3.43101,40.4321,-3.42592,40.427,-3.42847,40.4295
San Fernando de Henares--piece--21-9--gCloud,"scraping-fotocasa-gCloud--12_3_2018,_2_46_43_PM",fotocasa,gCloud,1543905911000,0,0,0,0,,piece--21-9,San Fernando de Henares,1,-3.43101,40.427,-3.42592,40.4218,-3.42847,40.4244
San Fernando de Henares--piece--22-0--gCloud,"scraping-fotocasa-gCloud--12_3_2018,_2_46_43_PM",fotocasa,gCloud,1543905917000,0,0,0,0,,piece--22-0,San Fernando de Henares,1,-3.42592,40.4729,-3.42082,40.4678,-3.42337,40.4703
San Fernando de Henares--piece--22-1--gCloud,"scraping-fotocasa-gCloud--12_3_2018,_2_46_43_PM",fotocasa,gCloud,1543905928000,0,0,0,0,,piece--22-1,San Fernando de Henares,1,-3.42592,40.4678,-3.42082,40.4627,-3.42337,40.4652
San Fernando de Henares--piece--22-10--gCloud,"scraping-fotocasa-gCloud--12_3_2018,_2_46_43_PM",fotocasa,gCloud,1543905939000,0,0,0,0,,piece--22-10,San Fernando de Henares,1,-3.42592,40.4218,-3.42082,40.4167,-3.42337,40.4193
San Fernando de Henares--piece--22-11--gCloud,"scraping-fotocasa-gCloud--12_3_2018,_2_46_43_PM",fotocasa,gCloud,1543905945000,0,0,0,0,,piece--22-11,San Fernando de Henares,1,-3.42592,40.4167,-3.42082,40.4116,-3.42337,40.4142
San Fernando de Henares--piece--22-12--gCloud,"scraping-fotocasa-gCloud--12_3_2018,_2_46_43_PM",fotocasa,gCloud,1543905953000,0,0,0,0,,piece--22-12,San Fernando de Henares,1,-3.42592,40.4116,-3.42082,40.4065,-3.42337,40.4091
San Fernando de Henares--piece--22-2--gCloud,"scraping-fotocasa-gCloud--12_3_2018,_2_46_43_PM",fotocasa,gCloud,1543905962000,0,0,0,0,,piece--22-2,San Fernando de Henares,1,-3.42592,40.4627,-3.42082,40.4576,-3.42337,40.4601
San Fernando de Henares--piece--22-3--gCloud,"scraping-fotocasa-gCloud--12_3_2018,_2_46_43_PM",fotocasa,gCloud,1543905974000,0,0,0,0,,piece--22-3,San Fernando de Henares,1,-3.42592,40.4576,-3.42082,40.4525,-3.42337,40.455
San Fernando de Henares--piece--22-4--gCloud,"scraping-fotocasa-gCloud--12_3_2018,_2_46_43_PM",fotocasa,gCloud,1543905983000,0,0,0,0,,piece--22-4,San Fernando de Henares,1,-3.42592,40.4525,-3.42082,40.4474,-3.42337,40.4499
San Fernando de Henares--piece--22-5--gCloud,"scraping-fotocasa-gCloud--12_3_2018,_2_46_43_PM",fotocasa,gCloud,1543905988000,0,0,0,0,,piece--22-5,San Fernando de Henares,1,-3.42592,40.4474,-3.42082,40.4423,-3.42337,40.4448
San Fernando de Henares--piece--22-6--gCloud,"scraping-fotocasa-gCloud--12_3_2018,_2_46_43_PM",fotocasa,gCloud,1543906000000,0,0,0,0,,piece--22-6,San Fernando de Henares,1,-3.42592,40.4423,-3.42082,40.4372,-3.42337,40.4397
San Fernando de Henares--piece--22-7--gCloud,"scraping-fotocasa-gCloud--12_3_2018,_2_46_43_PM",fotocasa,gCloud,1543906005000,0,0,0,0,,piece--22-7,San Fernando de Henares,1,-3.42592,40.4372,-3.42082,40.4321,-3.42337,40.4346
San Fernando de Henares--piece--22-8--gCloud,"scraping-fotocasa-gCloud--12_3_2018,_2_46_43_PM",fotocasa,gCloud,1543906013000,0,0,0,0,,piece--22-8,San Fernando de Henares,1,-3.42592,40.4321,-3.42082,40.427,-3.42337,40.4295
San Fernando de Henares--piece--22-9--gCloud,"scraping-fotocasa-gCloud--12_3_2018,_2_46_43_PM",fotocasa,gCloud,1543906021000,0,0,0,0,,piece--22-9,San Fernando de Henares,1,-3.42592,40.427,-3.42082,40.4218,-3.42337,40.4244
San Fernando de Henares--piece--23-0--gCloud,"scraping-fotocasa-gCloud--12_3_2018,_2_46_43_PM",fotocasa,gCloud,1543906030000,0,0,0,0,,piece--23-0,San Fernando de Henares,1,-3.42082,40.4729,-3.41573,40.4678,-3.41828,40.4703
San Fernando de Henares--piece--23-1--gCloud,"scraping-fotocasa-gCloud--12_3_2018,_2_46_43_PM",fotocasa,gCloud,1543906035000,0,0,0,0,,piece--23-1,San Fernando de Henares,1,-3.42082,40.4678,-3.41573,40.4627,-3.41828,40.4652
San Fernando de Henares--piece--23-10--gCloud,"scraping-fotocasa-gCloud--12_3_2018,_2_46_43_PM",fotocasa,gCloud,1543906046000,0,0,0,0,,piece--23-10,San Fernando de Henares,1,-3.42082,40.4218,-3.41573,40.4167,-3.41828,40.4193
San Fernando de Henares--piece--23-11--gCloud,"scraping-fotocasa-gCloud--12_3_2018,_2_46_43_PM",fotocasa,gCloud,1543906051000,0,0,0,0,,piece--23-11,San Fernando de Henares,1,-3.42082,40.4167,-3.41573,40.4116,-3.41828,40.4142
San Fernando de Henares--piece--23-12--gCloud,"scraping-fotocasa-gCloud--12_3_2018,_2_46_43_PM",fotocasa,gCloud,1543906063000,0,0,0,0,,piece--23-12,San Fernando de Henares,1,-3.42082,40.4116,-3.41573,40.4065,-3.41828,40.4091
San Fernando de Henares--piece--23-2--gCloud,"scraping-fotocasa-gCloud--12_3_2018,_2_46_43_PM",fotocasa,gCloud,1543906071000,0,0,0,0,,piece--23-2,San Fernando de Henares,1,-3.42082,40.4627,-3.41573,40.4576,-3.41828,40.4601
San Fernando de Henares--piece--23-3--gCloud,"scraping-fotocasa-gCloud--12_3_2018,_2_46_43_PM",fotocasa,gCloud,1543906082000,0,0,0,0,,piece--23-3,San Fernando de Henares,1,-3.42082,40.4576,-3.41573,40.4525,-3.41828,40.455
San Fernando de Henares--piece--23-4--gCloud,"scraping-fotocasa-gCloud--12_3_2018,_2_46_43_PM",fotocasa,gCloud,1543906090000,0,0,0,0,,piece--23-4,San Fernando de Henares,1,-3.42082,40.4525,-3.41573,40.4474,-3.41828,40.4499
San Fernando de Henares--piece--23-5--gCloud,"scraping-fotocasa-gCloud--12_3_2018,_2_46_43_PM",fotocasa,gCloud,1543906101000,0,0,0,0,,piece--23-5,San Fernando de Henares,1,-3.42082,40.4474,-3.41573,40.4423,-3.41828,40.4448
San Fernando de Henares--piece--23-6--gCloud,"scraping-fotocasa-gCloud--12_3_2018,_2_46_43_PM",fotocasa,gCloud,1543906109000,0,0,0,0,,piece--23-6,San Fernando de Henares,1,-3.42082,40.4423,-3.41573,40.4372,-3.41828,40.4397
San Fernando de Henares--piece--23-7--gCloud,"scraping-fotocasa-gCloud--12_3_2018,_2_46_43_PM",fotocasa,gCloud,1543906118000,0,0,0,0,,piece--23-7,San Fernando de Henares,1,-3.42082,40.4372,-3.41573,40.4321,-3.41828,40.4346
San Fernando de Henares--piece--23-8--gCloud,"scraping-fotocasa-gCloud--12_3_2018,_2_46_43_PM",fotocasa,gCloud,1543906124000,0,0,0,0,,piece--23-8,San Fernando de Henares,1,-3.42082,40.4321,-3.41573,40.427,-3.41828,40.4295
San Fernando de Henares--piece--23-9--gCloud,"scraping-fotocasa-gCloud--12_3_2018,_2_46_43_PM",fotocasa,gCloud,1543906129000,0,0,0,0,,piece--23-9,San Fernando de Henares,1,-3.42082,40.427,-3.41573,40.4218,-3.41828,40.4244
San Fernando de Henares--piece--24-0--gCloud,"scraping-fotocasa-gCloud--12_3_2018,_2_46_43_PM",fotocasa,gCloud,1543906138000,1764.71,1,0,0,,piece--24-0,San Fernando de Henares,1,-3.41573,40.4729,-3.41063,40.4678,-3.41318,40.4703
San Fernando de Henares--piece--24-1--gCloud,"scraping-fotocasa-gCloud--12_3_2018,_2_46_43_PM",fotocasa,gCloud,1543906143000,0,0,0,0,,piece--24-1,San Fernando de Henares,1,-3.41573,40.4678,-3.41063,40.4627,-3.41318,40.4652
San Fernando de Henares--piece--24-10--gCloud,"scraping-fotocasa-gCloud--12_3_2018,_2_46_43_PM",fotocasa,gCloud,1543906148000,0,0,0,0,,piece--24-10,San Fernando de Henares,1,-3.41573,40.4218,-3.41063,40.4167,-3.41318,40.4193
San Fernando de Henares--piece--24-11--gCloud,"scraping-fotocasa-gCloud--12_3_2018,_2_46_43_PM",fotocasa,gCloud,1543906154000,0,0,0,0,,piece--24-11,San Fernando de Henares,1,-3.41573,40.4167,-3.41063,40.4116,-3.41318,40.4142
San Fernando de Henares--piece--24-12--gCloud,"scraping-fotocasa-gCloud--12_3_2018,_2_46_43_PM",fotocasa,gCloud,1543906162000,0,0,0,0,,piece--24-12,San Fernando de Henares,1,-3.41573,40.4116,-3.41063,40.4065,-3.41318,40.4091
San Fernando de Henares--piece--24-2--gCloud,"scraping-fotocasa-gCloud--12_3_2018,_2_46_43_PM",fotocasa,gCloud,1543906167000,0,0,0,0,,piece--24-2,San Fernando de Henares,1,-3.41573,40.4627,-3.41063,40.4576,-3.41318,40.4601
San Fernando de Henares--piece--24-3--gCloud,"scraping-fotocasa-gCloud--12_3_2018,_2_46_43_PM",fotocasa,gCloud,1543906173000,0,0,0,0,,piece--24-3,San Fernando de Henares,1,-3.41573,40.4576,-3.41063,40.4525,-3.41318,40.455
San Fernando de Henares--piece--24-4--gCloud,"scraping-fotocasa-gCloud--12_3_2018,_2_46_43_PM",fotocasa,gCloud,1543906178000,0,0,0,0,,piece--24-4,San Fernando de Henares,1,-3.41573,40.4525,-3.41063,40.4474,-3.41318,40.4499
San Fernando de Henares--piece--24-5--gCloud,"scraping-fotocasa-gCloud--12_3_2018,_2_46_43_PM",fotocasa,gCloud,1543906184000,0,0,0,0,,piece--24-5,San Fernando de Henares,1,-3.41573,40.4474,-3.41063,40.4423,-3.41318,40.4448
San Fernando de Henares--piece--24-6--gCloud,"scraping-fotocasa-gCloud--12_3_2018,_2_46_43_PM",fotocasa,gCloud,1543906189000,0,0,0,0,,piece--24-6,San Fernando de Henares,1,-3.41573,40.4423,-3.41063,40.4372,-3.41318,40.4397
San Fernando de Henares--piece--24-7--gCloud,"scraping-fotocasa-gCloud--12_3_2018,_2_46_43_PM",fotocasa,gCloud,1543906195000,0,0,0,0,,piece--24-7,San Fernando de Henares,1,-3.41573,40.4372,-3.41063,40.4321,-3.41318,40.4346
San Fernando de Henares--piece--24-8--gCloud,"scraping-fotocasa-gCloud--12_3_2018,_2_46_43_PM",fotocasa,gCloud,1543906200000,0,0,0,0,,piece--24-8,San Fernando de Henares,1,-3.41573,40.4321,-3.41063,40.427,-3.41318,40.4295
San Fernando de Henares--piece--24-9--gCloud,"scraping-fotocasa-gCloud--12_3_2018,_2_46_43_PM",fotocasa,gCloud,1543906209000,0,0,0,0,,piece--24-9,San Fernando de Henares,1,-3.41573,40.427,-3.41063,40.4218,-3.41318,40.4244
San Fernando de Henares--piece--3-0--gCloud,"scraping-fotocasa-gCloud--12_3_2018,_2_46_43_PM",fotocasa,gCloud,1543906214000,0,0,0,0,,piece--3-0,San Fernando de Henares,1,-3.52272,40.4729,-3.51762,40.4678,-3.52017,40.4703
San Fernando de Henares--piece--3-1--gCloud,"scraping-fotocasa-gCloud--12_3_2018,_2_46_43_PM",fotocasa,gCloud,1543906220000,0,0,0,0,,piece--3-1,San Fernando de Henares,1,-3.52272,40.4678,-3.51762,40.4627,-3.52017,40.4652
San Fernando de Henares--piece--3-10--gCloud,"scraping-fotocasa-gCloud--12_3_2018,_2_46_43_PM",fotocasa,gCloud,1543906228000,1456.06,2,0,0,,piece--3-10,San Fernando de Henares,1,-3.52272,40.4218,-3.51762,40.4167,-3.52017,40.4193
San Fernando de Henares--piece--3-11--gCloud,"scraping-fotocasa-gCloud--12_3_2018,_2_46_43_PM",fotocasa,gCloud,1543906236000,0,0,0,0,,piece--3-11,San Fernando de Henares,1,-3.52272,40.4167,-3.51762,40.4116,-3.52017,40.4142
San Fernando de Henares--piece--3-12--gCloud,"scraping-fotocasa-gCloud--12_3_2018,_2_46_43_PM",fotocasa,gCloud,1543906246000,0,0,0,0,,piece--3-12,San Fernando de Henares,1,-3.52272,40.4116,-3.51762,40.4065,-3.52017,40.4091
San Fernando de Henares--piece--3-2--gCloud,"scraping-fotocasa-gCloud--12_3_2018,_2_46_43_PM",fotocasa,gCloud,1543906257000,0,0,0,0,,piece--3-2,San Fernando de Henares,1,-3.52272,40.4627,-3.51762,40.4576,-3.52017,40.4601
San Fernando de Henares--piece--3-3--gCloud,"scraping-fotocasa-gCloud--12_3_2018,_2_46_43_PM",fotocasa,gCloud,1543906265000,0,0,0,0,,piece--3-3,San Fernando de Henares,1,-3.52272,40.4576,-3.51762,40.4525,-3.52017,40.455
San Fernando de Henares--piece--3-4--gCloud,"scraping-fotocasa-gCloud--12_3_2018,_2_46_43_PM",fotocasa,gCloud,1543906274000,0,0,0,0,,piece--3-4,San Fernando de Henares,1,-3.52272,40.4525,-3.51762,40.4474,-3.52017,40.4499
San Fernando de Henares--piece--3-5--gCloud,"scraping-fotocasa-gCloud--12_3_2018,_2_46_43_PM",fotocasa,gCloud,1543906285000,0,0,0,0,,piece--3-5,San Fernando de Henares,1,-3.52272,40.4474,-3.51762,40.4423,-3.52017,40.4448
San Fernando de Henares--piece--3-6--gCloud,"scraping-fotocasa-gCloud--12_3_2018,_2_46_43_PM",fotocasa,gCloud,1543906290000,0,0,0,0,,piece--3-6,San Fernando de Henares,1,-3.52272,40.4423,-3.51762,40.4372,-3.52017,40.4397
San Fernando de Henares--piece--3-7--gCloud,"scraping-fotocasa-gCloud--12_3_2018,_2_46_43_PM",fotocasa,gCloud,1543906296000,0,0,0,0,,piece--3-7,San Fernando de Henares,1,-3.52272,40.4372,-3.51762,40.4321,-3.52017,40.4346
San Fernando de Henares--piece--3-8--gCloud,"scraping-fotocasa-gCloud--12_3_2018,_2_46_43_PM",fotocasa,gCloud,1543906310000,0,0,0,0,,piece--3-8,San Fernando de Henares,1,-3.52272,40.4321,-3.51762,40.427,-3.52017,40.4295
San Fernando de Henares--piece--3-9--gCloud,"scraping-fotocasa-gCloud--12_3_2018,_2_46_43_PM",fotocasa,gCloud,1543906318000,0,0,0,0,,piece--3-9,San Fernando de Henares,1,-3.52272,40.427,-3.51762,40.4218,-3.52017,40.4244
San Fernando de Henares--piece--4-0--gCloud,"scraping-fotocasa-gCloud--12_3_2018,_2_46_43_PM",fotocasa,gCloud,1543906324000,1167.83,6,0,0,,piece--4-0,San Fernando de Henares,1,-3.51762,40.4729,-3.51253,40.4678,-3.51508,40.4703
San Fernando de Henares--piece--4-1--gCloud,"scraping-fotocasa-gCloud--12_3_2018,_2_46_43_PM",fotocasa,gCloud,1543906329000,0,0,0,0,,piece--4-1,San Fernando de Henares,1,-3.51762,40.4678,-3.51253,40.4627,-3.51508,40.4652
San Fernando de Henares--piece--4-10--gCloud,"scraping-fotocasa-gCloud--12_3_2018,_2_46_43_PM",fotocasa,gCloud,1543906336000,0,0,0,0,,piece--4-10,San Fernando de Henares,1,-3.51762,40.4218,-3.51253,40.4167,-3.51508,40.4193
San Fernando de Henares--piece--4-11--gCloud,"scraping-fotocasa-gCloud--12_3_2018,_2_46_43_PM",fotocasa,gCloud,1543906344000,0,0,0,0,,piece--4-11,San Fernando de Henares,1,-3.51762,40.4167,-3.51253,40.4116,-3.51508,40.4142
San Fernando de Henares--piece--4-12--gCloud,"scraping-fotocasa-gCloud--12_3_2018,_2_46_43_PM",fotocasa,gCloud,1543906349000,0,0,0,0,,piece--4-12,San Fernando de Henares,1,-3.51762,40.4116,-3.51253,40.4065,-3.51508,40.4091
San Fernando de Henares--piece--4-2--gCloud,"scraping-fotocasa-gCloud--12_3_2018,_2_46_43_PM",fotocasa,gCloud,1543906358000,0,0,0,0,,piece--4-2,San Fernando de Henares,1,-3.51762,40.4627,-3.51253,40.4576,-3.51508,40.4601
San Fernando de Henares--piece--4-3--gCloud,"scraping-fotocasa-gCloud--12_3_2018,_2_46_43_PM",fotocasa,gCloud,1543906366000,0,0,0,0,,piece--4-3,San Fernando de Henares,1,-3.51762,40.4576,-3.51253,40.4525,-3.51508,40.455
San Fernando de Henares--piece--4-4--gCloud,"scraping-fotocasa-gCloud--12_3_2018,_2_46_43_PM",fotocasa,gCloud,1543906372000,0,0,0,0,,piece--4-4,San Fernando de Henares,1,-3.51762,40.4525,-3.51253,40.4474,-3.51508,40.4499
San Fernando de Henares--piece--4-5--gCloud,"scraping-fotocasa-gCloud--12_3_2018,_2_46_43_PM",fotocasa,gCloud,1543906380000,0,0,0,0,,piece--4-5,San Fernando de Henares,1,-3.51762,40.4474,-3.51253,40.4423,-3.51508,40.4448
San Fernando de Henares--piece--4-6--gCloud,"scraping-fotocasa-gCloud--12_3_2018,_2_46_43_PM",fotocasa,gCloud,1543906391000,0,0,0,0,,piece--4-6,San Fernando de Henares,1,-3.51762,40.4423,-3.51253,40.4372,-3.51508,40.4397
San Fernando de Henares--piece--4-7--gCloud,"scraping-fotocasa-gCloud--12_3_2018,_2_46_43_PM",fotocasa,gCloud,1543906396000,0,0,0,0,,piece--4-7,San Fernando de Henares,1,-3.51762,40.4372,-3.51253,40.4321,-3.51508,40.4346
San Fernando de Henares--piece--4-8--gCloud,"scraping-fotocasa-gCloud--12_3_2018,_2_46_43_PM",fotocasa,gCloud,1543906405000,0,0,0,0,,piece--4-8,San Fernando de Henares,1,-3.51762,40.4321,-3.51253,40.427,-3.51508,40.4295
San Fernando de Henares--piece--4-9--gCloud,"scraping-fotocasa-gCloud--12_3_2018,_2_46_43_PM",fotocasa,gCloud,1543906416000,0,0,0,0,,piece--4-9,San Fernando de Henares,1,-3.51762,40.427,-3.51253,40.4218,-3.51508,40.4244
San Fernando de Henares--piece--5-0--gCloud,"scraping-fotocasa-gCloud--12_3_2018,_2_46_43_PM",fotocasa,gCloud,1543906422000,1501.38,7,0,0,,piece--5-0,San Fernando de Henares,1,-3.51253,40.4729,-3.50744,40.4678,-3.50998,40.4703
San Fernando de Henares--piece--5-1--gCloud,"scraping-fotocasa-gCloud--12_3_2018,_2_46_43_PM",fotocasa,gCloud,1543906430000,0,0,0,0,,piece--5-1,San Fernando de Henares,1,-3.51253,40.4678,-3.50744,40.4627,-3.50998,40.4652
San Fernando de Henares--piece--5-10--gCloud,"scraping-fotocasa-gCloud--12_3_2018,_2_46_43_PM",fotocasa,gCloud,1543906442000,0,0,0,0,,piece--5-10,San Fernando de Henares,1,-3.51253,40.4218,-3.50744,40.4167,-3.50998,40.4193
San Fernando de Henares--piece--5-11--gCloud,"scraping-fotocasa-gCloud--12_3_2018,_2_46_43_PM",fotocasa,gCloud,1543906450000,0,0,0,0,,piece--5-11,San Fernando de Henares,1,-3.51253,40.4167,-3.50744,40.4116,-3.50998,40.4142
San Fernando de Henares--piece--5-12--gCloud,"scraping-fotocasa-gCloud--12_3_2018,_2_46_43_PM",fotocasa,gCloud,1543906459000,0,0,0,0,,piece--5-12,San Fernando de Henares,1,-3.51253,40.4116,-3.50744,40.4065,-3.50998,40.4091
San Fernando de Henares--piece--5-2--gCloud,"scraping-fotocasa-gCloud--12_3_2018,_2_46_43_PM",fotocasa,gCloud,1543906470000,0,0,0,0,,piece--5-2,San Fernando de Henares,1,-3.51253,40.4627,-3.50744,40.4576,-3.50998,40.4601
San Fernando de Henares--piece--5-3--gCloud,"scraping-fotocasa-gCloud--12_3_2018,_2_46_43_PM",fotocasa,gCloud,1543906475000,0,0,0,0,,piece--5-3,San Fernando de Henares,1,-3.51253,40.4576,-3.50744,40.4525,-3.50998,40.455
San Fernando de Henares--piece--5-4--gCloud,"scraping-fotocasa-gCloud--12_3_2018,_2_46_43_PM",fotocasa,gCloud,1543906484000,0,0,0,0,,piece--5-4,San Fernando de Henares,1,-3.51253,40.4525,-3.50744,40.4474,-3.50998,40.4499
San Fernando de Henares--piece--5-5--gCloud,"scraping-fotocasa-gCloud--12_3_2018,_2_46_43_PM",fotocasa,gCloud,1543906495000,0,0,0,0,,piece--5-5,San Fernando de Henares,1,-3.51253,40.4474,-3.50744,40.4423,-3.50998,40.4448
San Fernando de Henares--piece--5-6--gCloud,"scraping-fotocasa-gCloud--12_3_2018,_2_46_43_PM",fotocasa,gCloud,1543906500000,0,0,0,0,,piece--5-6,San Fernando de Henares,1,-3.51253,40.4423,-3.50744,40.4372,-3.50998,40.4397
San Fernando de Henares--piece--5-7--gCloud,"scraping-fotocasa-gCloud--12_3_2018,_2_46_43_PM",fotocasa,gCloud,1543906509000,0,0,0,0,,piece--5-7,San Fernando de Henares,1,-3.51253,40.4372,-3.50744,40.4321,-3.50998,40.4346
San Fernando de Henares--piece--5-8--gCloud,"scraping-fotocasa-gCloud--12_3_2018,_2_46_43_PM",fotocasa,gCloud,1543906517000,0,0,0,0,,piece--5-8,San Fernando de Henares,1,-3.51253,40.4321,-3.50744,40.427,-3.50998,40.4295
San Fernando de Henares--piece--5-9--gCloud,"scraping-fotocasa-gCloud--12_3_2018,_2_46_43_PM",fotocasa,gCloud,1543906526000,0,0,0,0,,piece--5-9,San Fernando de Henares,1,-3.51253,40.427,-3.50744,40.4218,-3.50998,40.4244
San Fernando de Henares--piece--6-0--gCloud,"scraping-fotocasa-gCloud--12_3_2018,_2_46_43_PM",fotocasa,gCloud,1543906538000,1528.64,2,0,0,,piece--6-0,San Fernando de Henares,1,-3.50744,40.4729,-3.50234,40.4678,-3.50489,40.4703
San Fernando de Henares--piece--6-1--gCloud,"scraping-fotocasa-gCloud--12_3_2018,_2_46_43_PM",fotocasa,gCloud,1543906546000,0,0,0,0,,piece--6-1,San Fernando de Henares,1,-3.50744,40.4678,-3.50234,40.4627,-3.50489,40.4652
San Fernando de Henares--piece--6-10--gCloud,"scraping-fotocasa-gCloud--12_3_2018,_2_46_43_PM",fotocasa,gCloud,1543906552000,0,0,0,0,,piece--6-10,San Fernando de Henares,1,-3.50744,40.4218,-3.50234,40.4167,-3.50489,40.4193
San Fernando de Henares--piece--6-11--gCloud,"scraping-fotocasa-gCloud--12_3_2018,_2_46_43_PM",fotocasa,gCloud,1543906557000,0,0,0,0,,piece--6-11,San Fernando de Henares,1,-3.50744,40.4167,-3.50234,40.4116,-3.50489,40.4142
San Fernando de Henares--piece--6-12--gCloud,"scraping-fotocasa-gCloud--12_3_2018,_2_46_43_PM",fotocasa,gCloud,1543906565000,0,0,0,0,,piece--6-12,San Fernando de Henares,1,-3.50744,40.4116,-3.50234,40.4065,-3.50489,40.4091
San Fernando de Henares--piece--6-2--gCloud,"scraping-fotocasa-gCloud--12_3_2018,_2_46_43_PM",fotocasa,gCloud,1543906570000,0,0,0,0,,piece--6-2,San Fernando de Henares,1,-3.50744,40.4627,-3.50234,40.4576,-3.50489,40.4601
San Fernando de Henares--piece--6-3--gCloud,"scraping-fotocasa-gCloud--12_3_2018,_2_46_43_PM",fotocasa,gCloud,1543906579000,0,0,0,0,,piece--6-3,San Fernando de Henares,1,-3.50744,40.4576,-3.50234,40.4525,-3.50489,40.455
San Fernando de Henares--piece--6-4--gCloud,"scraping-fotocasa-gCloud--12_3_2018,_2_46_43_PM",fotocasa,gCloud,1543906587000,0,0,0,0,,piece--6-4,San Fernando de Henares,1,-3.50744,40.4525,-3.50234,40.4474,-3.50489,40.4499
San Fernando de Henares--piece--6-5--gCloud,"scraping-fotocasa-gCloud--12_3_2018,_2_46_43_PM",fotocasa,gCloud,1543906599000,90.172,1,0,0,,piece--6-5,San Fernando de Henares,1,-3.50744,40.4474,-3.50234,40.4423,-3.50489,40.4448
San Fernando de Henares--piece--6-6--gCloud,"scraping-fotocasa-gCloud--12_3_2018,_2_46_43_PM",fotocasa,gCloud,1543906607000,0,0,0,0,,piece--6-6,San Fernando de Henares,1,-3.50744,40.4423,-3.50234,40.4372,-3.50489,40.4397
San Fernando de Henares--piece--6-7--gCloud,"scraping-fotocasa-gCloud--12_3_2018,_2_46_43_PM",fotocasa,gCloud,1543906612000,0,0,0,0,,piece--6-7,San Fernando de Henares,1,-3.50744,40.4372,-3.50234,40.4321,-3.50489,40.4346
San Fernando de Henares--piece--6-8--gCloud,"scraping-fotocasa-gCloud--12_3_2018,_2_46_43_PM",fotocasa,gCloud,1543906624000,0,0,0,0,,piece--6-8,San Fernando de Henares,1,-3.50744,40.4321,-3.50234,40.427,-3.50489,40.4295
San Fernando de Henares--piece--6-9--gCloud,"scraping-fotocasa-gCloud--12_3_2018,_2_46_43_PM",fotocasa,gCloud,1543906630000,0,0,0,0,,piece--6-9,San Fernando de Henares,1,-3.50744,40.427,-3.50234,40.4218,-3.50489,40.4244
San Fernando de Henares--piece--7-0--gCloud,"scraping-fotocasa-gCloud--12_3_2018,_2_46_43_PM",fotocasa,gCloud,1543906635000,0,0,0,0,,piece--7-0,San Fernando de Henares,1,-3.50234,40.4729,-3.49725,40.4678,-3.49979,40.4703
San Fernando de Henares--piece--7-1--gCloud,"scraping-fotocasa-gCloud--12_3_2018,_2_46_43_PM",fotocasa,gCloud,1543906646000,0,0,0,0,,piece--7-1,San Fernando de Henares,1,-3.50234,40.4678,-3.49725,40.4627,-3.49979,40.4652
San Fernando de Henares--piece--7-10--gCloud,"scraping-fotocasa-gCloud--12_3_2018,_2_46_43_PM",fotocasa,gCloud,1543906652000,0,0,0,0,,piece--7-10,San Fernando de Henares,1,-3.50234,40.4218,-3.49725,40.4167,-3.49979,40.4193
San Fernando de Henares--piece--7-11--gCloud,"scraping-fotocasa-gCloud--12_3_2018,_2_46_43_PM",fotocasa,gCloud,1543906657000,0,0,0,0,,piece--7-11,San Fernando de Henares,1,-3.50234,40.4167,-3.49725,40.4116,-3.49979,40.4142
San Fernando de Henares--piece--7-12--gCloud,"scraping-fotocasa-gCloud--12_3_2018,_2_46_43_PM",fotocasa,gCloud,1543906663000,0,0,0,0,,piece--7-12,San Fernando de Henares,1,-3.50234,40.4116,-3.49725,40.4065,-3.49979,40.4091
San Fernando de Henares--piece--7-2--gCloud,"scraping-fotocasa-gCloud--12_3_2018,_2_46_43_PM",fotocasa,gCloud,1543906668000,0,0,0,0,,piece--7-2,San Fernando de Henares,1,-3.50234,40.4627,-3.49725,40.4576,-3.49979,40.4601
San Fernando de Henares--piece--7-3--gCloud,"scraping-fotocasa-gCloud--12_3_2018,_2_46_43_PM",fotocasa,gCloud,1543906677000,0,0,9.12162,1,,piece--7-3,San Fernando de Henares,1,-3.50234,40.4576,-3.49725,40.4525,-3.49979,40.455
San Fernando de Henares--piece--7-4--gCloud,"scraping-fotocasa-gCloud--12_3_2018,_2_46_43_PM",fotocasa,gCloud,1543906682000,0,0,0,0,,piece--7-4,San Fernando de Henares,1,-3.50234,40.4525,-3.49725,40.4474,-3.49979,40.4499
San Fernando de Henares--piece--7-5--gCloud,"scraping-fotocasa-gCloud--12_3_2018,_2_46_43_PM",fotocasa,gCloud,1543906688000,0,0,0,0,,piece--7-5,San Fernando de Henares,1,-3.50234,40.4474,-3.49725,40.4423,-3.49979,40.4448
San Fernando de Henares--piece--7-6--gCloud,"scraping-fotocasa-gCloud--12_3_2018,_2_46_43_PM",fotocasa,gCloud,1543906693000,0,0,0,0,,piece--7-6,San Fernando de Henares,1,-3.50234,40.4423,-3.49725,40.4372,-3.49979,40.4397
San Fernando de Henares--piece--7-7--gCloud,"scraping-fotocasa-gCloud--12_3_2018,_2_46_43_PM",fotocasa,gCloud,1543906699000,0,0,0,0,,piece--7-7,San Fernando de Henares,1,-3.50234,40.4372,-3.49725,40.4321,-3.49979,40.4346
San Fernando de Henares--piece--7-8--gCloud,"scraping-fotocasa-gCloud--12_3_2018,_2_46_43_PM",fotocasa,gCloud,1543906704000,0,0,0,0,,piece--7-8,San Fernando de Henares,1,-3.50234,40.4321,-3.49725,40.427,-3.49979,40.4295
San Fernando de Henares--piece--7-9--gCloud,"scraping-fotocasa-gCloud--12_3_2018,_2_46_43_PM",fotocasa,gCloud,1543906713000,0,0,0,0,,piece--7-9,San Fernando de Henares,1,-3.50234,40.427,-3.49725,40.4218,-3.49979,40.4244
San Fernando de Henares--piece--8-0--gCloud,"scraping-fotocasa-gCloud--12_3_2018,_2_46_43_PM",fotocasa,gCloud,1543906724000,0,0,0,0,,piece--8-0,San Fernando de Henares,1,-3.49725,40.4729,-3.49215,40.4678,-3.4947,40.4703
San Fernando de Henares--piece--8-1--gCloud,"scraping-fotocasa-gCloud--12_3_2018,_2_46_43_PM",fotocasa,gCloud,1543906735000,0,0,0,0,,piece--8-1,San Fernando de Henares,1,-3.49725,40.4678,-3.49215,40.4627,-3.4947,40.4652
San Fernando de Henares--piece--8-10--gCloud,"scraping-fotocasa-gCloud--12_3_2018,_2_46_43_PM",fotocasa,gCloud,1543906743000,0,0,0,0,,piece--8-10,San Fernando de Henares,1,-3.49725,40.4218,-3.49215,40.4167,-3.4947,40.4193
San Fernando de Henares--piece--8-11--gCloud,"scraping-fotocasa-gCloud--12_3_2018,_2_46_43_PM",fotocasa,gCloud,1543906752000,0,0,0,0,,piece--8-11,San Fernando de Henares,1,-3.49725,40.4167,-3.49215,40.4116,-3.4947,40.4142
San Fernando de Henares--piece--8-12--gCloud,"scraping-fotocasa-gCloud--12_3_2018,_2_46_43_PM",fotocasa,gCloud,1543906757000,0,0,0,0,,piece--8-12,San Fernando de Henares,1,-3.49725,40.4116,-3.49215,40.4065,-3.4947,40.4091
San Fernando de Henares--piece--8-2--gCloud,"scraping-fotocasa-gCloud--12_3_2018,_2_46_43_PM",fotocasa,gCloud,1543906768000,0,0,0,0,,piece--8-2,San Fernando de Henares,1,-3.49725,40.4627,-3.49215,40.4576,-3.4947,40.4601
San Fernando de Henares--piece--8-3--gCloud,"scraping-fotocasa-gCloud--12_3_2018,_2_46_43_PM",fotocasa,gCloud,1543906777000,0,0,0,0,,piece--8-3,San Fernando de Henares,1,-3.49725,40.4576,-3.49215,40.4525,-3.4947,40.455
San Fernando de Henares--piece--8-4--gCloud,"scraping-fotocasa-gCloud--12_3_2018,_2_46_43_PM",fotocasa,gCloud,1543906786000,2256,1,0,0,,piece--8-4,San Fernando de Henares,1,-3.49725,40.4525,-3.49215,40.4474,-3.4947,40.4499
San Fernando de Henares--piece--8-5--gCloud,"scraping-fotocasa-gCloud--12_3_2018,_2_46_43_PM",fotocasa,gCloud,1543906795000,0,0,0,0,,piece--8-5,San Fernando de Henares,1,-3.49725,40.4474,-3.49215,40.4423,-3.4947,40.4448
San Fernando de Henares--piece--8-6--gCloud,"scraping-fotocasa-gCloud--12_3_2018,_2_46_43_PM",fotocasa,gCloud,1543906800000,0,0,0,0,,piece--8-6,San Fernando de Henares,1,-3.49725,40.4423,-3.49215,40.4372,-3.4947,40.4397
San Fernando de Henares--piece--8-7--gCloud,"scraping-fotocasa-gCloud--12_3_2018,_2_46_43_PM",fotocasa,gCloud,1543906813000,0,0,0,0,,piece--8-7,San Fernando de Henares,1,-3.49725,40.4372,-3.49215,40.4321,-3.4947,40.4346
San Fernando de Henares--piece--8-8--gCloud,"scraping-fotocasa-gCloud--12_3_2018,_2_46_43_PM",fotocasa,gCloud,1543906821000,0,0,0,0,,piece--8-8,San Fernando de Henares,1,-3.49725,40.4321,-3.49215,40.427,-3.4947,40.4295
San Fernando de Henares--piece--8-9--gCloud,"scraping-fotocasa-gCloud--12_3_2018,_2_46_43_PM",fotocasa,gCloud,1543906830000,0,0,0,0,,piece--8-9,San Fernando de Henares,1,-3.49725,40.427,-3.49215,40.4218,-3.4947,40.4244
San Fernando de Henares--piece--9-0--gCloud,"scraping-fotocasa-gCloud--12_3_2018,_2_46_43_PM",fotocasa,gCloud,1543906838000,0,0,0,0,,piece--9-0,San Fernando de Henares,1,-3.49215,40.4729,-3.48706,40.4678,-3.4896,40.4703
San Fernando de Henares--piece--9-1--gCloud,"scraping-fotocasa-gCloud--12_3_2018,_2_46_43_PM",fotocasa,gCloud,1543906852000,0,0,0,0,,piece--9-1,San Fernando de Henares,1,-3.49215,40.4678,-3.48706,40.4627,-3.4896,40.4652
San Fernando de Henares--piece--9-10--gCloud,"scraping-fotocasa-gCloud--12_3_2018,_2_46_43_PM",fotocasa,gCloud,1543906862000,0,0,0,0,,piece--9-10,San Fernando de Henares,1,-3.49215,40.4218,-3.48706,40.4167,-3.4896,40.4193
San Fernando de Henares--piece--9-11--gCloud,"scraping-fotocasa-gCloud--12_3_2018,_2_46_43_PM",fotocasa,gCloud,1543906871000,0,0,0,0,,piece--9-11,San Fernando de Henares,1,-3.49215,40.4167,-3.48706,40.4116,-3.4896,40.4142
San Fernando de Henares--piece--9-12--gCloud,"scraping-fotocasa-gCloud--12_3_2018,_2_46_43_PM",fotocasa,gCloud,1543906880000,0,0,0,0,,piece--9-12,San Fernando de Henares,1,-3.49215,40.4116,-3.48706,40.4065,-3.4896,40.4091
San Fernando de Henares--piece--9-2--gCloud,"scraping-fotocasa-gCloud--12_3_2018,_2_46_43_PM",fotocasa,gCloud,1543906885000,1176.66,2,0,0,,piece--9-2,San Fernando de Henares,1,-3.49215,40.4627,-3.48706,40.4576,-3.4896,40.4601
San Fernando de Henares--piece--9-3--gCloud,"scraping-fotocasa-gCloud--12_3_2018,_2_46_43_PM",fotocasa,gCloud,1543906891000,1272.27,1,0,0,,piece--9-3,San Fernando de Henares,1,-3.49215,40.4576,-3.48706,40.4525,-3.4896,40.455
San Fernando de Henares--piece--9-4--gCloud,"scraping-fotocasa-gCloud--12_3_2018,_2_46_43_PM",fotocasa,gCloud,1543906899000,0,0,0,0,,piece--9-4,San Fernando de Henares,1,-3.49215,40.4525,-3.48706,40.4474,-3.4896,40.4499
San Fernando de Henares--piece--9-5--gCloud,"scraping-fotocasa-gCloud--12_3_2018,_2_46_43_PM",fotocasa,gCloud,1543906911000,0,0,0,0,,piece--9-5,San Fernando de Henares,1,-3.49215,40.4474,-3.48706,40.4423,-3.4896,40.4448
San Fernando de Henares--piece--9-6--gCloud,"scraping-fotocasa-gCloud--12_3_2018,_2_46_43_PM",fotocasa,gCloud,1543906916000,0,0,0,0,,piece--9-6,San Fernando de Henares,1,-3.49215,40.4423,-3.48706,40.4372,-3.4896,40.4397
San Fernando de Henares--piece--9-7--gCloud,"scraping-fotocasa-gCloud--12_3_2018,_2_46_43_PM",fotocasa,gCloud,1543906927000,0,0,0,0,,piece--9-7,San Fernando de Henares,1,-3.49215,40.4372,-3.48706,40.4321,-3.4896,40.4346
San Fernando de Henares--piece--9-8--gCloud,"scraping-fotocasa-gCloud--12_3_2018,_2_46_43_PM",fotocasa,gCloud,1543906936000,0,0,0,0,,piece--9-8,San Fernando de Henares,1,-3.49215,40.4321,-3.48706,40.427,-3.4896,40.4295
San Fernando de Henares--piece--9-9--gCloud,"scraping-fotocasa-gCloud--12_3_2018,_2_46_43_PM",fotocasa,gCloud,1543906944000,0,0,0,0,,piece--9-9,San Fernando de Henares,1,-3.49215,40.427,-3.48706,40.4218,-3.4896,40.4244
